experiment,method,label,oracle_label_group,seed,update,source_steps_total,source_steps_training,source_steps_critic,source_steps_direction_check,source_steps_return_check,source_steps_monitor,source_complete_episodes,agent_decisions,budget,training_return,monitor_return,exact_source_return_diagnostic,actual_return_gain_diagnostic,old_new_kl,baseline_kind,baseline_missing_states,entropy,seconds,accepted,reason,eta,attempts,forward_kl_training,direction_loss,direction_steps,q_bound,direction_check_score,direction_check_mode,critic_validation_mse,label_mse_against_exact_joint_advantage,critic_explained_variance,direction_error,direction_norm,exact_direction_score_diagnostic
T-L,AN,mc_learned_baseline,False,49,1,1736,256,256,1024,0,200,868,3472,262144,0.433828125,0.2625,0.35285697099391156,0.033842970993911536,0.0004528854231981421,public_state_tabular_independent_mc,0,0.6153734937278829,0.04025219997856766,True,accepted_return_check_disabled,0.1,1,3.770786625537749e-09,-0.09208624338327168,100,5.0,0.08026809173944718,empirical,0.40863070869904594,0.16894633784939544,0.02069771257709152,0.0010477540764313104,0.09166733695827468,0.08769980666251607
T-L,AN,mc_learned_baseline,False,49,2,3472,512,512,2048,0,400,1736,6944,262144,0.461015625,0.38610000000000005,0.3856705163998405,0.03281354540592896,0.0004276763882797549,public_state_tabular_independent_mc,0,0.6049929492459621,0.09116710000671446,True,accepted_return_check_disabled,0.1,1,4.758081632052687e-09,-0.08602044873238035,100,5.0,0.09285550874020873,empirical,0.39933147406999564,0.16504953730414726,0.014547823050410802,0.0018288050528627161,0.08711750505761721,0.08764289410408156
T-L,AN,mc_learned_baseline,False,49,3,5208,768,768,3072,0,600,2604,10416,262144,0.39140625,0.42059999999999986,0.4201821358155615,0.03451161941572101,0.00046580806228761496,public_state_tabular_independent_mc,0,0.5938203732206409,0.13193939998745918,True,accepted_return_check_disabled,0.1,1,3.641594509044831e-09,-0.09341220850686013,100,5.0,0.08121753116725547,empirical,0.4046294921875,0.17659851154904133,0.0013167134077525233,0.00036770222103732876,0.09409923801226205,0.08934810897470377
T-L,AN,mc_learned_baseline,False,49,4,6944,1024,1024,4096,0,800,3472,13888,262144,0.398671875,0.3554999999999999,0.4479340756566969,0.027751939841135387,0.000302455718836929,public_state_tabular_independent_mc,0,0.5845410043007108,0.172105300007388,True,accepted_return_check_disabled,0.1,1,2.472723612235172e-09,-0.06207360079978047,100,5.0,0.08424578171739931,empirical,0.39582774006180466,0.16282148889484513,0.024519172453413507,0.0026692574365493353,0.06144942028904925,0.08663383971627882
T-L,AN,mc_learned_baseline,False,49,5,8680,1280,1280,5120,0,1000,4340,17360,262144,0.45046875,0.5087999999999999,0.4836046511277826,0.03567057547108571,0.000512029240090932,public_state_tabular_independent_mc,0,0.5711743230893576,0.21256529993843287,True,accepted_return_check_disabled,0.1,1,6.2619940544446605e-09,-0.10672654281315963,100,5.0,0.08915385409018982,empirical,0.40319135487528346,0.17535309212993389,-0.029925304477817383,0.0015717926567798534,0.10492463095749421,0.08690285654291552
T-L,AN,mc_learned_baseline,False,49,6,10416,1536,1536,6144,0,1200,5208,20832,262144,0.42421875,0.5591999999999999,0.5193476028488206,0.03574295172103803,0.0005230420193364272,public_state_tabular_independent_mc,0,0.5575100123213982,0.251087199896574,True,accepted_return_check_disabled,0.1,1,8.321524091432843e-09,-0.10734386650109168,100,5.0,0.09813796576634892,empirical,0.4056318572258867,0.17176284529255248,-0.001583776983226981,0.0012179921576718474,0.10712284500304801,0.0856096938834623
T-L,AN,mc_learned_baseline,False,49,7,12152,1792,1792,7168,0,1400,6076,24304,262144,0.446015625,0.6183,0.5542467722914608,0.034899169442640154,0.00051797038059859,public_state_tabular_independent_mc,0,0.5428258699320321,0.3042386999586597,True,accepted_return_check_disabled,0.1,1,6.549460677481921e-09,-0.10659520657451516,100,5.0,0.0798817313103435,empirical,0.4005127753225049,0.17400370607543564,-0.005515541850663164,0.0019793817285827763,0.1063013702645993,0.08245781513560856
T-L,AN,mc_learned_baseline,False,49,8,13888,2048,2048,8192,0,1600,6944,27776,262144,0.5465625000000001,0.5337,0.5862797758129826,0.03203300352152183,0.0004504313759292859,public_state_tabular_independent_mc,0,0.5290378843823892,0.3475756999105215,True,accepted_return_check_disabled,0.1,1,5.7103080567301575e-09,-0.09278475095330153,100,5.0,0.09376932882609165,empirical,0.3546368939447968,0.14941462697338473,0.007406331481841333,0.00036103825789685485,0.09247829164122971,0.08116996670263625
T-L,AN,mc_learned_baseline,False,49,9,15624,2304,2304,9216,0,1800,7812,31248,262144,0.5964843750000001,0.6608999999999999,0.6138710144016034,0.02759123858862078,0.0003497084689872274,public_state_tabular_independent_mc,0,0.516816243023068,0.3870231999317184,True,accepted_return_check_disabled,0.1,1,1.1160402862504652e-09,-0.0718474747724481,100,5.0,0.07859719716456896,empirical,0.32609863077389706,0.13706219735209277,0.0030472965317585032,0.0003659035709407069,0.07165833183420661,0.07784614686326718
T-L,AN,mc_learned_baseline,False,49,10,17360,2560,2560,10240,0,2000,8680,34720,262144,0.5006249999999999,0.6453,0.6473224449365489,0.03345143053494548,0.0005652485134805517,public_state_tabular_independent_mc,0,0.5016038772301589,0.4260329999960959,True,accepted_return_check_disabled,0.1,1,6.721119443912945e-09,-0.1179917803104128,100,5.0,0.06867065360288166,empirical,0.3993881089691891,0.17740790611678103,-0.0053511393053538026,0.008262831747597635,0.11805261817066943,0.06655573717757647
T-L,AN,mc_learned_baseline,False,49,11,19096,2816,2816,11264,0,2200,9548,38192,262144,0.5524218750000001,0.7173,0.681477315659699,0.034154870723150155,0.0006777123625943615,public_state_tabular_independent_mc,0,0.48450485985415903,0.4619682999327779,True,accepted_return_check_disabled,0.1,1,1.2132267259390873e-08,-0.13611504004305786,100,5.0,0.06452060539593232,empirical,0.37324100803220417,0.1625680960858411,-0.031689935129209035,0.021393316337223203,0.14109085261173201,0.04855559137730789
T-L,AN,mc_learned_baseline,False,49,12,20832,3072,3072,12288,0,2400,10416,41664,262144,0.675,0.7463999999999998,0.7042742529852518,0.02279693732555277,0.00029517914634939984,public_state_tabular_independent_mc,0,0.47283761353799486,0.4991250999737531,True,accepted_return_check_disabled,0.1,1,9.973016456283324e-10,-0.06197165854612812,100,5.0,0.06421259642701002,empirical,0.2733180561281479,0.1127273932068264,0.015230050881000712,0.0005008315174824052,0.06081231534457352,0.0637756616561774
T-L,AN,mc_learned_baseline,False,49,13,22568,3328,3328,13312,0,2600,11284,45136,262144,0.7253906250000001,0.7418999999999998,0.7247495108177899,0.02047525783253812,0.00027096534149306496,public_state_tabular_independent_mc,0,0.4610678391133798,0.5636217999272048,True,accepted_return_check_disabled,0.1,1,3.6335217546004893e-09,-0.05699313868475322,100,5.0,0.06222203874992614,empirical,0.24234476555718318,0.09782872263244097,0.031947204274672014,0.004227614532631749,0.05580583175079237,0.056052346647211385
T-L,AN,mc_learned_baseline,False,49,14,24304,3584,3584,14336,0,2800,12152,48608,262144,0.7989843750000001,0.7151999999999998,0.7415615812375635,0.016812070419773617,0.000183631030692453,public_state_tabular_independent_mc,0,0.4518303316250255,0.6306781999301165,True,accepted_return_check_disabled,0.1,1,3.6437901401182576e-09,-0.03607612068024178,100,5.0,0.05654286623593829,empirical,0.1796353025963764,0.07163802442444407,0.01627533365679157,0.002746463052094342,0.03759324468241265,0.053939672445140696
T-L,AN,mc_learned_baseline,False,49,15,26040,3840,3840,15360,0,3000,13020,52080,262144,0.7619531250000002,0.7812,0.7611131355893886,0.019551554351825096,0.0002784027121784651,public_state_tabular_independent_mc,0,0.4404864933900566,0.6665514999767765,True,accepted_return_check_disabled,0.1,1,5.599502443500079e-10,-0.059539736770878045,100,5.0,0.04776040269328782,empirical,0.22790089290364582,0.09810321492898733,-0.02042979282648405,0.003037148068076878,0.057703655969714746,0.050273787172975704
T-L,AN,mc_learned_baseline,False,49,16,27776,4096,4096,16384,0,3200,13888,55552,262144,0.721875,0.7391999999999999,0.7796218006966985,0.018508665107309863,0.0002769938151475626,public_state_tabular_independent_mc,0,0.42887895100159623,0.7015385999111459,True,accepted_return_check_disabled,0.1,1,3.6343262495789893e-09,-0.05646425300750541,100,5.0,0.03540343881687367,empirical,0.21988731030006534,0.09721755167816205,0.00587756948943019,0.004221794207820284,0.05817295174075698,0.04486354507177349
T-L,AN,mc_learned_baseline,False,49,17,29512,4352,4352,17408,0,3400,14756,59024,262144,0.7150781250000001,0.7956,0.8025404607731569,0.022918660076458375,0.0004477131849536198,public_state_tabular_independent_mc,0,0.4143378699361724,0.7407480999827385,True,accepted_return_check_disabled,0.1,1,1.0051591078130226e-09,-0.09119326651115722,100,5.0,0.01256204842549412,empirical,0.26701288849555127,0.10710421412757408,0.022693710350911056,0.009901124531856056,0.09404467781330679,0.0350608296745412
T-L,AN,mc_learned_baseline,False,49,18,31248,4608,4608,18432,0,3600,15624,62496,262144,0.8416406250000001,0.7667999999999999,0.8146481505452511,0.012107689772094199,0.00013886890482429947,public_state_tabular_independent_mc,0,0.4060630974317284,0.7788016999838874,True,accepted_return_check_disabled,0.1,1,5.439241591018737e-10,-0.02706153126106211,100,5.0,0.03996319684601454,empirical,0.1423178119175404,0.05588117344968652,0.014872257103506148,0.001820193326407203,0.02866922747690247,0.0378015787840051
T-L,AN,mc_learned_baseline,False,49,19,32984,4864,4864,19456,0,3800,16492,65968,262144,0.8320312500000002,0.801,0.8252326009129413,0.010584450367690179,0.0001289839909477004,public_state_tabular_independent_mc,0,0.3982926737142336,0.8237217999994755,True,accepted_return_check_disabled,0.1,1,2.552156302999593e-09,-0.02766986833272134,100,5.0,0.021087406614021503,empirical,0.12914800583930625,0.04741067548304266,0.027834707331393038,0.00521318453713958,0.026754827873189568,0.0315223447592122
T-L,AN,mc_learned_baseline,False,49,20,34720,5120,5120,20480,0,4000,17360,69440,262144,0.7382812500000001,0.8541,0.8252326009129413,0.0,0.0,public_state_tabular_independent_mc,0,0.3982926737142336,0.8480055999243632,False,direction_rejected,0.0,0,,-0.09566907988017323,100,5.0,-0.01466183166893144,empirical,0.2278156475246748,0.09721157518422269,-0.002551788209250505,0.02214062420533781,0.09704585497454118,0.012098140860653417
T-L,AN,mc_learned_baseline,False,49,21,36456,5376,5376,21504,0,4200,18228,72912,262144,0.7586718750000001,0.8481000000000001,0.8413339039693215,0.016101303056380245,0.00031233697065915014,public_state_tabular_independent_mc,0,0.3864110676964363,0.9006672999821603,True,accepted_return_check_disabled,0.1,1,4.395700913384797e-09,-0.06986605058884288,100,5.0,0.03689995887037317,empirical,0.20354797496501587,0.07675080792381817,0.008797111963531501,0.008838644585637174,0.06525907336650852,0.02540012048035402
T-L,AN,mc_learned_baseline,False,49,22,38192,5632,5632,22528,0,4400,19096,76384,262144,0.8367187500000002,0.8652,0.8522151822797969,0.010881278310475362,0.00015846167699565933,public_state_tabular_independent_mc,0,0.37785851810091414,0.9405618999153376,True,accepted_return_check_disabled,0.1,1,3.259035673605205e-10,-0.03317973803373578,100,5.0,0.03131275053691339,empirical,0.12994685747986984,0.049749188694397796,0.012626705825324103,0.002609928109553462,0.032866623353811485,0.027554436690462182
T-L,AN,mc_learned_baseline,False,49,23,39928,5888,5888,23552,0,4600,19964,79856,262144,0.8646093750000002,0.8778,0.8631451999847077,0.010930017704910866,0.00021044039255824863,public_state_tabular_independent_mc,0,0.3690093399589369,0.9774528999114409,True,accepted_return_check_disabled,0.1,1,3.6112948146142066e-09,-0.03945031463826,100,5.0,0.023895083565709026,empirical,0.12510153808593746,0.045754742730641076,-0.021234286547086034,0.009742252994807205,0.044163899761100585,0.01762052399329571
T-L,AN,mc_learned_baseline,False,49,24,41664,6144,6144,24576,0,4800,20832,83328,262144,0.8625000000000003,0.8892,0.8631451999847077,0.0,0.0,public_state_tabular_independent_mc,0,0.3690093399589369,1.002016199985519,False,direction_rejected,0.0,0,,-0.04157731152607872,100,5.0,-0.0038356194041596287,empirical,0.12148717982173121,0.05021390369747411,-0.014021299808184562,0.003301061599258909,0.04017783572009943,0.02113243182135486
T-L,AN,mc_learned_baseline,False,49,25,43400,6400,6400,25600,0,5000,21700,86800,262144,0.8685937500000002,0.8952,0.8706373372521016,0.007492137267393839,0.0001136933527046766,public_state_tabular_independent_mc,0,0.36213005145534616,1.047047199914232,True,accepted_return_check_disabled,0.1,1,2.9569821347117903e-10,-0.0228448181414223,100,5.0,0.02310425337381851,empirical,0.07466350168185763,0.03203712162194368,0.022499762686059244,0.006621350651486326,0.02373648993950775,0.01781214276912743
T-L,AN,mc_learned_baseline,False,49,26,45136,6656,6656,26624,0,5200,22568,90272,262144,0.8922656250000003,0.8745,0.878456208777415,0.007818871525313464,0.0001084619830057492,public_state_tabular_independent_mc,0,0.355503021051513,1.0963324999902397,True,accepted_return_check_disabled,0.1,1,7.978810336395878e-10,-0.023813107513603923,100,5.0,0.019810041597827753,empirical,0.08894318565888647,0.03566660506430293,-0.00377809892550518,0.0017144027178735703,0.02274316352034502,0.02093644142353663
T-L,AN,mc_learned_baseline,False,49,27,46872,6912,6912,27648,0,5400,23436,93744,262144,0.8643750000000001,0.9273,0.8875618849703681,0.009105676192953105,0.00016179091295345262,public_state_tabular_independent_mc,0,0.3474848996582579,1.1360272999154404,True,accepted_return_check_disabled,0.1,1,1.5653994134986188e-09,-0.033563018266534156,100,5.0,0.030750133982530195,empirical,0.10657089532656684,0.04039500268273236,0.009231898426680707,0.003032745461984461,0.03403647890255873,0.017479175170768024
T-L,AN,mc_learned_baseline,False,49,28,48608,7168,7168,28672,0,5600,24304,97216,262144,0.8479687500000002,0.8859,0.8964785546205888,0.008916669650220643,0.00017462051182097303,public_state_tabular_independent_mc,0,0.3391847316615885,1.1741485999664292,True,accepted_return_check_disabled,0.1,1,2.5283011987756606e-09,-0.03813525524258333,100,5.0,0.03528405830880414,empirical,0.10959818462444434,0.042384752190615674,0.01277557550855457,0.003996888239833197,0.036655134718866056,0.013968375726326199
T-L,AN,mc_learned_baseline,False,49,29,50344,7424,7424,29696,0,5800,25172,100688,262144,0.9426562500000002,0.8919,0.8997763923463445,0.003297837725755759,2.7732423218167906e-05,public_state_tabular_independent_mc,0,0.3355838408357015,1.2123381999554113,True,accepted_return_check_disabled,0.1,1,2.397136143457723e-10,-0.005211409684813732,100,5.0,0.01546877713662012,empirical,0.03745610844538927,0.01189183693914346,-0.006318190365514731,0.0032984507782826593,0.00562261399346817,0.012180500219378318
T-L,AN,mc_learned_baseline,False,49,30,52080,7680,7680,30720,0,6000,26040,104160,262144,0.9285937500000002,0.9036,0.90255331635847,0.0027769240121254812,3.029855696205568e-05,public_state_tabular_independent_mc,0,0.33247042501741975,1.2520317999878898,True,accepted_return_check_disabled,0.1,1,1.2253087089938569e-10,-0.006505903834740758,100,5.0,0.01104256836868037,empirical,0.03190520300362818,0.01089225952065801,0.016615699866893263,0.005756164921462675,0.006248244764847079,0.008942381867764429
T-L,AN,mc_learned_baseline,False,49,31,53816,7936,7936,31744,0,6200,26908,107632,262144,0.9121875000000002,0.9213,0.9055911963682705,0.003037880009800431,4.179209993622174e-05,public_state_tabular_independent_mc,0,0.3288525018312881,1.2907666999381036,True,accepted_return_check_disabled,0.1,1,5.75885026772196e-10,-0.008987049846016422,100,5.0,0.004577064491567276,empirical,0.03892690203631366,0.012582627782255985,0.02144152914630737,0.005967364383946972,0.008601053026927454,0.008119203392276411
T-L,AN,mc_learned_baseline,False,49,32,55552,8192,8192,32768,0,6400,27776,111104,262144,0.9189843750000002,0.8835,0.9076034796420209,0.0020122832737504703,1.9576963737736164e-05,public_state_tabular_independent_mc,0,0.326205574282301,1.3409210999961942,True,accepted_return_check_disabled,0.1,1,7.981242641361356e-11,-0.004124341329332238,100,5.0,0.007311333157085644,empirical,0.025724834603790568,0.006475873071383642,0.05007077102640822,0.006567024634723754,0.003963340749530801,0.006851676721746034
T-L,AN,mc_learned_baseline,False,49,33,57288,8448,8448,33792,0,6600,28644,114576,262144,0.8964843750000001,0.948,0.9135830280223772,0.005979548380356303,0.00011769406102396922,public_state_tabular_independent_mc,0,0.32004038267611157,1.379531699931249,True,accepted_return_check_disabled,0.1,1,8.489256006459089e-10,-0.025039282834642955,100,5.0,0.014171333005623185,empirical,0.07104000432656414,0.02569392102298851,0.012469379409366987,0.003992086449570367,0.02519248760987798,0.009060522897416087
T-L,AN,mc_learned_baseline,False,49,34,59024,8704,8704,34816,0,6800,29512,118048,262144,0.8756250000000001,0.9693,0.9135830280223772,0.0,0.0,public_state_tabular_independent_mc,0,0.32004038267611157,1.4012251999229193,False,direction_rejected,0.0,0,,-0.04500770904574776,100,5.0,-0.0033352248405843317,empirical,0.08448565538072673,0.03134783675589126,0.01672718186025768,0.0137125397325943,0.04232860671823998,-0.0023532889324468995
T-L,AN,mc_learned_baseline,False,49,35,60760,8960,8960,35840,0,7000,30380,121520,262144,0.9311718750000002,0.8804999999999998,0.9180204844460517,0.004437456423674435,8.580074702089203e-05,public_state_tabular_independent_mc,0,0.3149226955608703,1.4407881000079215,True,accepted_return_check_disabled,0.1,1,7.681516991967177e-10,-0.016329346185353026,100,5.0,0.00331779846727427,empirical,0.04756544442294066,0.01566320459962699,0.007142124277729978,0.004459952522743247,0.018355277388033633,0.006899298277404153
T-L,AN,mc_learned_baseline,False,49,36,62496,9216,9216,36864,0,7200,31248,124992,262144,0.9424218750000002,0.9155999999999999,0.9202420707452491,0.002221586299197442,2.584330564008659e-05,public_state_tabular_independent_mc,0,0.31171975260219914,1.479549799929373,True,accepted_return_check_disabled,0.1,1,5.403409450988451e-10,-0.0052159549540300885,100,5.0,0.004473542290803403,empirical,0.021803522190179288,0.005676833113036708,0.010722474355512546,0.0035692758294452545,0.0051749031065982465,0.006641310644882788
T-L,AN,mc_learned_baseline,False,49,37,64232,9472,9472,37888,0,7400,32116,128464,262144,0.8707031250000001,0.9246,0.9264157506659797,0.00617367992073059,0.0001617887049839388,public_state_tabular_independent_mc,0,0.3046870285975206,1.5185759000014514,True,accepted_return_check_disabled,0.1,1,8.127300296888521e-10,-0.033627194621389044,100,5.0,0.007603654519067213,empirical,0.06920425907967265,0.026022919127157276,0.01599249724994478,0.008779600510502965,0.0349844722328342,0.001126368652183754
T-L,AN,mc_learned_baseline,False,49,38,65968,9728,9728,38912,0,7600,32984,131936,262144,0.9121875000000003,0.9066,0.9295627553867526,0.0031470047207728946,4.460636473811165e-05,public_state_tabular_independent_mc,0,0.30054347115860597,1.5594395999796689,True,accepted_return_check_disabled,0.1,1,2.52047801434013e-10,-0.00945388508873304,100,5.0,0.0044998617031573925,empirical,0.036465596191406255,0.011455214176794331,0.0110649238682623,0.00013726521103147132,0.009233212107465083,0.008131414839534386
T-L,AN,mc_learned_baseline,False,49,39,67704,9984,9984,39936,0,7800,33852,135408,262144,0.9283593750000001,0.972,0.9315883384802452,0.0020255830934926555,2.6095124009670622e-05,public_state_tabular_independent_mc,0,0.29760850728169447,1.602640299941413,True,accepted_return_check_disabled,0.1,1,7.34590738704699e-11,-0.005277667540884463,100,5.0,0.0045545991601091745,empirical,0.021478204500931932,0.005414829048820899,0.040999463563129,0.0019188988910237026,0.00537502086357886,0.00566180350208242
T-L,AN,mc_learned_baseline,False,49,40,69440,10240,10240,40960,0,8000,34720,138880,262144,0.9353906250000001,0.9510000000000001,0.9337858229391459,0.002197484458900667,4.0248940775306634e-05,public_state_tabular_independent_mc,0,0.29427604599186624,1.6402046999428421,True,accepted_return_check_disabled,0.1,1,4.4309493629173944e-10,-0.008306572453082755,100,5.0,0.0024804451562264523,empirical,0.024282221958308495,0.005589104308878721,0.029372014431787274,0.0034201884901552035,0.008322498274015912,0.0038379706034348485
T-L,AN,mc_learned_baseline,False,49,41,71176,10496,10496,41984,0,8200,35588,142352,262144,0.9332812500000002,0.9246,0.9365944693392841,0.002808646400138226,6.64509048989743e-05,public_state_tabular_independent_mc,0,0.29048937679482806,1.6933988999808207,True,accepted_return_check_disabled,0.1,1,8.765960094342775e-10,-0.014802039735899677,100,5.0,0.00033334590602043346,empirical,0.03175738786491025,0.01078765527816992,0.01877267450508724,0.005093528994436344,0.014438858864414305,0.0017938881387700254
T-L,AN,mc_learned_baseline,False,49,42,72912,10752,10752,43008,0,8400,36456,145824,262144,0.9304687500000002,0.9303,0.9377187496430875,0.0011242803038034044,1.6375357237474487e-05,public_state_tabular_independent_mc,0,0.28827267181352917,1.7395459999097511,True,accepted_return_check_disabled,0.1,1,4.026264947048879e-10,-0.003219540901276779,100,5.0,0.002772881175139309,empirical,0.010902353433259224,7.889553105480045e-05,0.09105563910131864,0.0036645839242854354,0.0032545580021989323,0.002635089751841846
T-L,AN,mc_learned_baseline,False,49,43,74648,11008,11008,44032,0,8600,37324,149296,262144,0.9307031250000002,0.9333,0.9399478497456235,0.0022291001025359636,3.815516476939814e-05,public_state_tabular_independent_mc,0,0.28481762815839246,1.779856099979952,True,accepted_return_check_disabled,0.1,1,4.553892973857934e-10,-0.007651230546982957,100,5.0,0.005063190286370334,empirical,0.02149685220921294,0.005425400150374842,0.030766178111690246,0.0019745528894678783,0.007896866852311227,0.004350275962669327
T-L,AN,mc_learned_baseline,False,49,44,76384,11264,11264,45056,0,8800,38192,152768,262144,0.9424218750000002,0.945,0.9399478497456235,0.0,0.0,public_state_tabular_independent_mc,0,0.28481762815839246,1.8011509999632835,False,direction_rejected,0.0,0,,-0.007254545453533465,100,5.0,-0.0031493833165089523,empirical,0.021197119140625005,0.005701202075784996,0.024239189037702613,0.0024326985838066624,0.007243632724759709,0.003565754613889449
T-L,AN,mc_learned_baseline,False,49,45,78120,11520,11520,46080,0,9000,39060,156240,262144,0.9353906250000003,0.9690000000000001,0.9399478497456235,0.0,0.0,public_state_tabular_independent_mc,0,0.28481762815839246,1.8260780998971313,False,direction_rejected,0.0,0,,-0.009450605519815851,100,5.0,-0.0028345788517445875,empirical,0.02416123046875001,0.005463462743781511,0.028930108181285275,0.0032266508650430612,0.009115630963936219,0.0027718023326530495
T-L,AN,mc_learned_baseline,False,49,46,79856,11776,11776,47104,0,9200,39928,159712,262144,0.9377343750000002,0.9633000000000002,0.9421426677235779,0.0021948179779543997,4.549442996000797e-05,public_state_tabular_independent_mc,0,0.28134971689161126,1.8639731999719515,True,accepted_return_check_disabled,0.1,1,1.082840921309876e-09,-0.009934570709898833,100,5.0,0.012577271319617837,empirical,0.024610204592592763,0.00621894663549083,0.01972163692479223,0.0033090786559473928,0.009673928404587865,0.0026893745417487184
T-L,AN,mc_learned_baseline,False,49,47,81592,12032,12032,48128,0,9400,40796,163184,262144,0.9421875000000002,0.9329999999999999,0.9432835125469977,0.0011408448234198065,1.6472622612590798e-05,public_state_tabular_independent_mc,0,0.27907021506857627,1.902006599935703,True,accepted_return_check_disabled,0.1,1,1.0052238447020562e-10,-0.0032680926647294804,100,5.0,0.002068572744301149,empirical,0.010446741421584912,0.00012424936972144248,0.07150472978811517,0.0029395860838172055,0.003291254309272448,0.002703141491870275
T-L,AN,mc_learned_baseline,False,49,48,83328,12288,12288,49152,0,9600,41664,166656,262144,0.9468750000000001,0.948,0.9442817780844233,0.0009982655374255467,1.246911445196569e-05,public_state_tabular_independent_mc,0,0.2770696054003279,1.9556208999129012,True,accepted_return_check_disabled,0.1,1,2.2057860004060771e-10,-0.002544787506539456,100,5.0,0.0036257405375953143,empirical,0.010236259532245578,8.128813393074112e-05,0.061925510927147265,0.002908751490943916,0.002523078385475387,0.002757334835221201
T-L,AN,mc_learned_baseline,False,49,49,85064,12544,12544,50176,0,9800,42532,170128,262144,0.9421875000000002,0.945,0.9453775121090049,0.0010957340245816294,1.510598352587578e-05,public_state_tabular_independent_mc,0,0.27485962179564855,2.0123078000033274,True,accepted_return_check_disabled,0.1,1,4.4642253229626723e-10,-0.002967808102506117,100,5.0,0.002729927370113465,empirical,0.01082427978515626,0.00024105627792623643,0.05390339639099373,0.002946104686692077,0.002999525328102461,0.0027390390141181858
T-L,AN,mc_learned_baseline,False,49,50,86800,12800,12800,51200,0,10000,43400,173600,262144,0.9353906250000001,0.9183,0.9475496574107758,0.0021721453017709003,4.079482809808351e-05,public_state_tabular_independent_mc,0,0.27140741964484083,2.0647342999000102,True,accepted_return_check_disabled,0.1,1,2.665702925563811e-10,-0.008248492097904429,100,5.0,0.008173756517194033,empirical,0.021211401367187504,0.0053740715441741565,0.03349082693025485,0.0021892611982370653,0.008543403297158497,0.0035181769184338633
T-L,AN,mc_learned_baseline,False,49,51,88536,13056,13056,52224,0,10200,44268,177072,262144,0.9330468750000003,0.9480000000000001,0.9475496574107758,0.0,0.0,public_state_tabular_independent_mc,0,0.27140741964484083,2.089744500000961,False,direction_rejected,0.0,0,,-0.009645401482368433,100,5.0,-0.0007075272571478834,empirical,0.021267432498880315,0.005597477030593025,0.03581760224944763,0.003291508520636903,0.010145668903056076,0.0020914406419258492
T-L,AN,mc_learned_baseline,False,49,52,90272,13312,13312,53248,0,10400,45136,180544,262144,0.9517968750000001,0.963,0.9475496574107758,0.0,0.0,public_state_tabular_independent_mc,0,0.27140741964484083,2.118573799962178,False,direction_rejected,0.0,0,,-0.012443868851519947,100,5.0,-0.0015620177130855424,empirical,0.023270239257812502,0.005432096531537487,0.015363298247319523,0.005863298493274618,0.012981571681957734,-0.0004803493307118656
T-L,AN,mc_learned_baseline,False,49,53,92008,13568,13568,54272,0,10600,46004,184016,262144,0.9515625000000002,0.936,0.9486375834314388,0.0010879260206629882,1.4488002979421306e-05,public_state_tabular_independent_mc,0,0.26920282356343306,2.159746899968013,True,accepted_return_check_disabled,0.1,1,4.1208630593563304e-10,-0.0028500237543988925,100,5.0,0.003195547713257179,empirical,0.009945373535156253,4.5147718107812004e-05,0.05464711007842016,0.002560422490868947,0.002877520597034153,0.002822526671693805
T-L,AN,mc_learned_baseline,False,49,54,93744,13824,13824,55296,0,10800,46872,187488,262144,0.9353906250000001,0.9393,0.9486375834314388,0.0,0.0,public_state_tabular_independent_mc,0,0.26920282356343306,2.182021899963729,False,direction_rejected,0.0,0,,-0.009382603242477564,100,5.0,-6.324720885293907e-05,empirical,0.02198593750000001,0.005745033101797185,0.023955476605456938,0.003312056732520249,0.009796809786489228,0.0020887377918486633
T-L,AN,mc_learned_baseline,False,49,55,95480,14080,14080,56320,0,11000,47740,190960,262144,0.9539062500000002,0.9540000000000001,0.9496409522338665,0.0010033688024276843,1.2104480362762106e-05,public_state_tabular_independent_mc,0,0.26716701455102754,2.2295198999345303,True,accepted_return_check_disabled,0.1,1,1.486196090400079e-10,-0.0024645225946430013,100,5.0,0.002755711182546381,empirical,0.009960299547041175,0.00010788101958904392,0.03627392596359458,0.002541098779734576,0.002446304098561467,0.0028596957446343357
T-L,AN,mc_learned_baseline,False,49,56,97216,14336,14336,57344,0,11200,48608,194432,262144,0.9213281250000002,0.9390000000000001,0.9496409522338665,0.0,0.0,public_state_tabular_independent_mc,0,0.26716701455102754,2.255032999906689,False,direction_rejected,0.0,0,,-0.01035834465073769,100,5.0,-0.00479776204153365,empirical,0.022407525812291718,0.005474923491820433,0.03526272923886764,0.00395875814472236,0.01155246173134717,0.0014556874069341676
T-L,AN,mc_learned_baseline,False,49,57,98952,14592,14592,58368,0,11400,49476,197904,262144,0.9520312500000001,0.9336,0.9496409522338665,0.0,0.0,public_state_tabular_independent_mc,0,0.26716701455102754,2.2849159999750555,False,direction_rejected,0.0,0,,-0.02599412887328495,100,5.0,-0.00847104742486773,empirical,0.031311023112895846,0.011524760829830793,0.004888010314709534,0.013755721151158288,0.02469088101723935,-0.00834127559950176
T-L,AN,mc_learned_baseline,False,49,58,100688,14848,14848,59392,0,11600,50344,201376,262144,0.9262500000000002,0.9366000000000001,0.9496409522338665,0.0,0.0,public_state_tabular_independent_mc,0,0.26716701455102754,2.309043199988082,False,direction_rejected,0.0,0,,-0.02033271831017327,100,5.0,-0.0016967779183955447,empirical,0.03506690673828125,0.01060898177800527,0.020167465586965805,0.005260827853386227,0.01985797683545869,0.00015361769827030441
T-L,AN,mc_learned_baseline,False,49,59,102424,15104,15104,60416,0,11800,51212,204848,262144,0.9194531250000002,0.9125999999999999,0.9496409522338665,0.0,0.0,public_state_tabular_independent_mc,0,0.26716701455102754,2.338113399920985,False,direction_rejected,0.0,0,,-0.06178376653670827,100,5.0,-0.04260826864586856,empirical,0.042112241094092555,0.016200206112799657,0.02004018173795441,0.04133103428420862,0.06110480865740753,-0.035916588732552074
T-L,AN,mc_learned_baseline,False,49,60,104160,15360,15360,61440,0,12000,52080,208320,262144,0.9517968750000003,0.9093000000000001,0.9516528929727917,0.0020119407389251887,4.021051038619758e-05,public_state_tabular_independent_mc,0,0.26388987397720626,2.382943999953568,True,accepted_return_check_disabled,0.1,1,7.02683176577709e-10,-0.008811939685083467,100,5.0,0.006219089804083087,empirical,0.020509375000000007,0.005410241542331566,0.017265800661884656,0.002702807157806018,0.008630826409236653,0.00271163839385051
T-L,AN,mc_learned_baseline,False,49,61,105896,15616,15616,62464,0,12200,52948,211792,262144,0.9609375000000002,0.9516,0.952809513155819,0.0011566201830273126,1.5767432796090988e-05,public_state_tabular_independent_mc,0,0.26153002935203484,2.4276828999863937,True,accepted_return_check_disabled,0.1,1,1.634107169647753e-11,-0.0031720966628719835,100,5.0,0.003424331016798907,empirical,0.009645057428173275,0.00017779138801985662,0.034995139511413864,0.0021824732121265415,0.0031719384908021307,0.0029309257800190598
T-L,AN,mc_learned_baseline,False,49,62,107632,15872,15872,63488,0,12400,53816,215264,262144,0.9330468750000002,0.96,0.952809513155819,0.0,0.0,public_state_tabular_independent_mc,0,0.26153002935203484,2.4543725999537855,False,direction_rejected,0.0,0,,-0.012180759471091356,100,5.0,-0.0003006111412653021,empirical,0.02429306640625,0.005326807624904453,0.030829456096936658,0.0036855876229447042,0.011048357111899467,0.0014397921084371903
T-L,AN,mc_learned_baseline,False,49,63,109368,16128,16128,64512,0,12600,54684,218736,262144,0.9567187500000002,0.966,0.955999612577832,0.003190099422012982,0.00010584085112269224,public_state_tabular_independent_mc,0,0.25673487499205316,2.4960857999976724,True,accepted_return_check_disabled,0.1,1,1.2769915863234922e-09,-0.021749303020222377,100,5.0,0.0018236275283410306,empirical,0.033644726562500005,0.010533755075253472,-0.0051287073924697335,0.009722609197882197,0.02375096109167297,-0.0045972294665003015
T-L,AN,mc_learned_baseline,False,49,64,111104,16384,16384,65536,0,12800,55552,222208,262144,0.9679687500000003,0.9630000000000001,0.9571043948548945,0.001104782277062566,1.4386857835862235e-05,public_state_tabular_independent_mc,0,0.25445704778006945,2.5385865999851376,True,accepted_return_check_disabled,0.1,1,3.092937521635656e-10,-0.002831936885794861,100,5.0,0.0031849363934432565,empirical,0.009302090454101563,0.00018135933908961543,0.012585250369166134,0.00145432749716281,0.0028622345296433647,0.0029349459808620066
T-L,AN,mc_learned_baseline,False,49,65,112840,16640,16640,66560,0,13000,56420,225680,262144,0.9679687500000003,0.9392999999999999,0.9582582451634216,0.0011538503085271046,1.5433019572872338e-05,public_state_tabular_independent_mc,0,0.2520737702974119,2.5793468999909237,True,accepted_return_check_disabled,0.1,1,8.35123527844489e-11,-0.003125473971663814,100,5.0,0.0027157627187567096,empirical,0.01016764846675651,0.0008584328132332085,0.025697364099012354,0.0014153330340339262,0.003114236742024572,0.0029843634307396834
T-L,AN,mc_learned_baseline,False,49,66,114576,16896,16896,67584,0,13200,57288,229152,262144,0.9541406250000002,0.972,0.9582582451634216,0.0,0.0,public_state_tabular_independent_mc,0,0.2520737702974119,2.5994145999429747,False,direction_rejected,0.0,0,,-0.013915710820089232,100,5.0,-0.004660847655318464,empirical,0.02144980468750001,0.006447252284693637,-0.000683453436961301,0.006798442266961047,0.014001836824576576,-0.0023912964758940683
T-L,AN,mc_learned_baseline,False,49,67,116312,17152,17152,68608,0,13400,58156,232624,262144,0.9632812500000002,0.9483000000000001,0.959234215708539,0.0009759705451173328,1.123275623257349e-05,public_state_tabular_independent_mc,0,0.25004156415676365,2.6395261998986825,True,accepted_return_check_disabled,0.1,1,1.4636468170443583e-10,-0.002288824735876859,100,5.0,0.003081435820735073,empirical,0.009316406250000006,9.056874722772519e-05,0.03158481254477419,0.0015149311986688448,0.00227119105671749,0.0028922145923981324
T-L,AN,mc_learned_baseline,False,49,68,118048,17408,17408,69632,0,13600,59024,236096,262144,0.9377343750000002,0.972,0.9613537346800225,0.002119518971483547,6.77850908224627e-05,public_state_tabular_independent_mc,0,0.24624780123051795,2.678326499997638,True,accepted_return_check_disabled,0.1,1,9.710721460746914e-10,-0.017319551226177503,100,5.0,0.006591298914172952,empirical,0.024059527151925234,0.005333434214472193,0.020403210869447963,0.007217638373514003,0.015191222914129134,-0.0028012951444541297
T-L,AN,mc_learned_baseline,False,49,69,119784,17664,17664,70656,0,13800,59892,239568,262144,0.9632812500000002,0.987,0.9624989117856484,0.0011451771056258941,1.5600885454264736e-05,public_state_tabular_independent_mc,0,0.2438339833879672,2.7192438999190927,True,accepted_return_check_disabled,0.1,1,4.2767960691284076e-10,-0.0032004056469683525,100,5.0,0.0031676519694649723,empirical,0.009291687011718754,3.785102889850387e-05,0.03287431346016034,0.001214030997148625,0.003167264357896329,0.0029055489840349087
T-L,AN,mc_learned_baseline,False,49,70,121520,17920,17920,71680,0,14000,60760,243040,262144,0.9375000000000001,0.9840000000000001,0.9638784980957107,0.0013795863100622974,2.246227355189384e-05,public_state_tabular_independent_mc,0,0.24091505834234664,2.7620723999571055,True,accepted_return_check_disabled,0.1,1,3.368932248324184e-10,-0.004586246756191267,100,5.0,0.002474695756134567,empirical,0.010886823525176222,4.611942796696211e-05,0.0601449098233533,0.0013706444460329123,0.00455216356814509,0.0027601151314041927
T-L,AN,mc_learned_baseline,False,49,71,123256,18176,18176,72704,0,14200,61628,246512,262144,0.9750000000000002,0.9690000000000002,0.9649910471755793,0.0011125490798685744,1.444161201023064e-05,public_state_tabular_independent_mc,0,0.2385537167693711,2.805129799991846,True,accepted_return_check_disabled,0.1,1,1.0539625272164952e-10,-0.0029298997036339407,100,5.0,0.0029910889827358964,empirical,0.009193622448979588,0.0004821494689868575,0.007139146567717969,0.001170740980823225,0.0029169597172016607,0.002970678116429154
T-L,AN,mc_learned_baseline,False,49,72,124992,18432,18432,73728,0,14400,62496,249984,262144,0.9773437500000002,0.9513000000000001,0.965999209468786,0.0010081622932067713,1.1971688838091454e-05,public_state_tabular_independent_mc,0,0.2364004437016197,2.862109399982728,True,accepted_return_check_disabled,0.1,1,2.1184210358611937e-10,-0.002368994540405089,100,5.0,0.0026327239957784337,empirical,0.0083935546875,3.641547078224546e-05,0.007277093528844758,0.0012337426940999241,0.0023840030253310996,0.002913478588989562
T-L,AN,mc_learned_baseline,False,49,73,126728,18688,18688,74752,0,14600,63364,253456,262144,0.9609375000000002,0.993,0.9672300936982006,0.0012308842294145306,1.7811066988635572e-05,public_state_tabular_independent_mc,0,0.23376041923990015,2.9130992999998853,True,accepted_return_check_disabled,0.1,1,2.8457673464120234e-10,-0.0035302675730372645,100,5.0,0.0023278404925571056,empirical,0.009527893066406258,3.82067241180766e-05,0.03214174211676579,0.0012320934835420203,0.0035518339189929437,0.00292123411731699
T-L,AN,mc_learned_baseline,False,49,74,128464,18944,18944,75776,0,14800,64232,256928,262144,0.9679687500000003,0.981,0.96836869271403,0.0011385990158294668,1.5031307292493264e-05,public_state_tabular_independent_mc,0,0.23131294533234076,2.955742699909024,True,accepted_return_check_disabled,0.1,1,3.989596914997273e-10,-0.0030830672922702133,100,5.0,0.002943582497130006,empirical,0.009366827176939319,0.00040851781196991606,0.021982734867688203,0.0011674099670975504,0.003051799530157844,0.002991853226458516
T-L,AN,mc_learned_baseline,False,49,75,130200,19200,19200,76800,0,15000,65100,260400,262144,0.9679687500000003,0.9630000000000001,0.9694699959186568,0.001101303204626758,1.4217455494640517e-05,public_state_tabular_independent_mc,0,0.22892961388146846,2.9983159999828786,True,accepted_return_check_disabled,0.1,1,3.66705925011814e-10,-0.0029152882860483268,100,5.0,0.002929439610489234,empirical,0.009008789062500005,3.804713568809088e-05,0.02415755504305539,0.0012015881863765335,0.0028861398443852143,0.0029592244991429226
T-L,AN,mc_learned_baseline,False,49,76,131936,19456,19456,77824,0,15200,65968,263872,262144,0.9403125000000002,0.9660000000000001,0.9694699959186568,0.0,0.0,public_state_tabular_independent_mc,0,0.22892961388146846,3.0249853999121115,False,direction_rejected,0.0,0,,-0.04022003768791273,100,5.0,-0.0028179826548493173,empirical,0.034356576911770575,0.010567225171358852,0.008874944302345589,0.017490382144494346,0.031211151253022106,-0.013326840891031654
T-L,AN,mc_learned_baseline,False,49,77,133672,19712,19712,78848,0,15400,66836,267344,262144,0.9705468750000001,0.9540000000000002,0.9694699959186568,0.0,0.0,public_state_tabular_independent_mc,0,0.22892961388146846,3.0579986999509856,False,direction_rejected,0.0,0,,-0.032528762648346185,100,5.0,-0.012253064842761657,empirical,0.02218369140625,0.0053404917161418404,-0.002549223076676377,0.012473353397056927,0.019164767649397212,-0.008309812143594237
T-L,AN,mc_learned_baseline,False,49,78,135408,19968,19968,79872,0,15600,67704,270816,262144,0.9726562500000002,0.981,0.9705798726412771,0.0011098767226203066,1.4428018040343579e-05,public_state_tabular_independent_mc,0,0.2265172865765158,3.106025099987164,True,accepted_return_check_disabled,0.1,1,4.102486993971903e-10,-0.0029619369487914105,100,5.0,0.002120765256813967,empirical,0.008679199218750001,8.034155279907199e-05,0.017344549475327375,0.0012009682280740696,0.00293070083319613,0.0029625730253886244
T-L,AN,mc_learned_baseline,False,49,79,137144,20224,20224,80896,0,15800,68572,274288,262144,0.9843750000000002,0.9810000000000001,0.9715580974087777,0.0009782247675006461,1.1200923913395686e-05,public_state_tabular_independent_mc,0,0.22438226212796475,3.149167799972929,True,accepted_return_check_disabled,0.1,1,2.1897552948734385e-10,-0.0022148934622683385,100,5.0,0.002837969311504771,empirical,0.007734375,8.04440802112472e-06,0.005039370078740113,0.0012528065353518756,0.0022299226860781575,0.0029121759908519373
T-L,AN,mc_learned_baseline,False,49,80,138880,20480,20480,81920,0,16000,69440,277760,262144,0.9377343750000002,0.987,0.9739916393407445,0.002433541931966765,8.294955015644934e-05,public_state_tabular_independent_mc,0,0.2199243584952371,3.191783299902454,True,accepted_return_check_disabled,0.1,1,8.759284302126124e-10,-0.01698554015331246,100,5.0,0.001381456282463821,empirical,0.02181015625000001,0.005354790824443324,0.022771269378263792,0.008537085343683772,0.018762703790074633,-0.004371915571198804
T-L,AN,mc_learned_baseline,False,49,81,140616,20736,20736,82944,0,16200,70308,281232,262144,0.9682031250000003,0.996,0.9739916393407445,0.0,0.0,public_state_tabular_independent_mc,0,0.2199243584952371,3.212998199975118,False,direction_rejected,0.0,0,,-0.021000876537764935,100,5.0,-0.005796051886744154,empirical,0.019501928710937505,0.0053135624712904676,0.004603977246807944,0.01274849484299236,0.020785881506802387,-0.008919232916456054
T-L,AN,mc_learned_baseline,False,49,82,142352,20992,20992,83968,0,16400,71176,284704,262144,0.9890625000000002,0.996,0.9749348927310684,0.0009432533903238616,1.0323018746756986e-05,public_state_tabular_independent_mc,0,0.21784981625227845,3.2553009999683127,True,accepted_return_check_disabled,0.1,1,3.222429514435635e-11,-0.0020633040472117213,100,5.0,0.0027361379863103334,empirical,0.007327880859375001,9.469998566044584e-06,0.001084870232829882,0.00092306121390235,0.0020660829174814384,0.0029062007126339573
T-L,AN,mc_learned_baseline,False,49,83,144088,21248,21248,84992,0,16600,72044,288176,262144,0.9796875000000003,0.9690000000000001,0.9759878315952009,0.001052938864132491,1.2878099870042274e-05,public_state_tabular_independent_mc,0,0.21552451960891697,3.3028708999045193,True,accepted_return_check_disabled,0.1,1,1.9082529043302927e-10,-0.002626848978679005,100,5.0,0.002174603588896529,empirical,0.008250732421875,0.00013925282087729135,0.0018658108814092467,0.0008489440595886166,0.002608146928415119,0.002976672518915427
T-L,AN,mc_learned_baseline,False,49,84,145824,21504,21504,86016,0,16800,72912,291648,262144,0.9705468750000001,0.9783000000000002,0.9759878315952009,0.0,0.0,public_state_tabular_independent_mc,0,0.21552451960891697,3.3246389999985695,False,direction_rejected,0.0,0,,-0.020546252753114176,100,5.0,-0.005423221113214621,empirical,0.01951071777343751,0.005508751619580467,0.003901927462412025,0.012622267594596913,0.020409043034598395,-0.008801825777792522
T-L,AN,mc_learned_baseline,False,49,85,147560,21760,21760,87040,0,17000,73780,295120,262144,0.9656250000000002,0.9840000000000001,0.9772093134155289,0.0012214818203279965,1.7222754749081655e-05,public_state_tabular_independent_mc,0,0.21281854675243192,3.3648840999230742,True,accepted_return_check_disabled,0.1,1,3.26115740177299e-10,-0.003399649109238131,100,5.0,0.003305116832005503,empirical,0.00960002402623951,0.0008234135211724103,0.027014511037933175,0.0008226275012559453,0.0034340363169465516,0.0029978143155484486
T-L,AN,mc_learned_baseline,False,49,86,149296,22016,22016,88064,0,17200,74648,298592,262144,0.9750000000000001,1.0020000000000002,0.9783784710444879,0.0011691576289590833,1.5826264167355495e-05,public_state_tabular_independent_mc,0,0.2102151231833917,3.40252739994321,True,accepted_return_check_disabled,0.1,1,3.471571967437788e-10,-0.0031285996791232265,100,5.0,0.0028349201738087897,empirical,0.008730603885519819,0.00024715433491165746,-0.013322022549959733,0.0008106178840171447,0.003152858669773564,0.003000497627352511
T-L,AN,mc_learned_baseline,False,49,87,151032,22272,22272,89088,0,17400,75516,302064,262144,0.9820312500000002,1.0110000000000001,0.9795583616345265,0.0011798905900385348,1.622376514580823e-05,public_state_tabular_independent_mc,0,0.20757213273929123,3.440096899983473,True,accepted_return_check_disabled,0.1,1,4.310132401661117e-10,-0.0031962920870101854,100,5.0,0.002976891320924882,empirical,0.007993894973909014,7.884280914320891e-05,0.008203878770852713,0.0008212308006128306,0.0032296027105427074,0.0029795446612120853
T-L,AN,mc_learned_baseline,False,49,88,152768,22528,22528,90112,0,17600,76384,305536,262144,0.9796875000000003,0.978,0.9807141029789452,0.0011557413444187592,1.565992849614466e-05,public_state_tabular_independent_mc,0,0.20496861433921187,3.4792037999723107,True,accepted_return_check_disabled,0.1,1,4.2088457113485637e-10,-0.003087341164869575,100,5.0,0.003043285951679727,empirical,0.008143615722656249,0.0001023741409142355,0.008414807075155073,0.0008256377163819073,0.0031170155427680804,0.002964464875200519
T-L,AN,mc_learned_baseline,False,49,89,154504,22784,22784,91136,0,17800,77252,309008,262144,0.9567187500000003,0.9840000000000001,0.9807141029789452,0.0,0.0,public_state_tabular_independent_mc,0,0.20496861433921187,3.5031398999271914,False,direction_rejected,0.0,0,,-0.05096811312476453,100,5.0,-0.018181685625886478,empirical,0.033859509277343755,0.010671369838731798,0.0037544253795878113,0.023025264250160698,0.03656330521172042,-0.019246483081853928
T-L,AN,mc_learned_baseline,False,49,90,156240,23040,23040,92160,0,18000,78120,312480,262144,0.9703125000000001,0.9900000000000001,0.9819788761495232,0.0012647731705779375,1.8773554286564907e-05,public_state_tabular_independent_mc,0,0.20210573812680735,3.5418901999946684,True,accepted_return_check_disabled,0.1,1,5.010365686055989e-10,-0.0038570265841616808,100,5.0,0.0027934575056129734,empirical,0.008855324978298613,0.00019919570303202574,0.021660727230719212,0.0008656404027887026,0.003817686999320294,0.002913140765518062
T-L,AN,mc_learned_baseline,False,49,91,157976,23296,23296,93184,0,18200,78988,315952,262144,1.0031250000000003,0.9810000000000001,0.9828365168256618,0.0008576406761385824,8.677162071767487e-06,public_state_tabular_independent_mc,0,0.20015426750020607,3.5877767999190837,True,accepted_return_check_disabled,0.1,1,3.135882015559659e-11,-0.0017585149669577897,100,5.0,0.003141310560031352,empirical,0.006108398437499997,3.647255442453003e-06,-0.01439736733854291,0.0009736393664043634,0.001749603455389276,0.0027906096877657652
T-L,AN,mc_learned_baseline,False,49,92,159712,23552,23552,94208,0,18400,79856,319424,262144,0.9843750000000002,0.9990000000000001,0.983987252507507,0.0011507356818452052,1.5584614041858056e-05,public_state_tabular_independent_mc,0,0.19752789786365016,3.6262336999643594,True,accepted_return_check_disabled,0.1,1,2.8846399162040763e-10,-0.003077183645445845,100,5.0,0.0028821562381400575,empirical,0.00801136644151476,0.0002770746244127142,-0.029178608923884575,0.0007976860208049165,0.003108319059073271,0.002956081520013845
T-L,AN,mc_learned_baseline,False,49,93,161448,23808,23808,95232,0,18600,80724,322896,262144,0.9867187500000003,0.9633000000000002,0.9851124536948367,0.0011252011873297274,1.5077369712557288e-05,public_state_tabular_independent_mc,0,0.1949423624832958,3.667672299896367,True,accepted_return_check_disabled,0.1,1,3.610802584078488e-10,-0.002972204314376009,100,5.0,0.001988139469313317,empirical,0.007489929199218753,4.032190775919024e-06,0.005853164556962165,0.0008142854839301133,0.0030035256863182548,0.0029225221823616027
T-L,AN,mc_learned_baseline,False,49,94,163184,24064,24064,96256,0,18800,81592,326368,262144,0.9820312500000001,1.002,0.9862561212919002,0.0011436675970635246,1.5613175632585e-05,public_state_tabular_independent_mc,0,0.19230190929005267,3.705047699972056,True,accepted_return_check_disabled,0.1,1,4.4606457823316017e-11,-0.003113877749553843,100,5.0,0.0034624963334007395,empirical,0.007969997799562029,4.221722763322597e-05,-0.0003276074730669265,0.0008055753975456666,0.0031314526567879043,0.0029150030527383243
T-L,AN,mc_learned_baseline,False,49,95,164920,24320,24320,97280,0,19000,82460,329840,262144,0.9914062500000003,0.9930000000000001,0.9873645161409919,0.0011083948490916429,1.4739868306378771e-05,public_state_tabular_independent_mc,0,0.18972947928094339,3.7428283999906853,True,accepted_return_check_disabled,0.1,1,2.845719617875702e-10,-0.0029100747817427533,100,5.0,0.003479253308453404,empirical,0.007203749887597694,8.366501939827996e-05,0.0007503984141910003,0.0007986819447511908,0.002939758529838102,0.0029035483755060496
T-L,AN,mc_learned_baseline,False,49,96,166656,24576,24576,98304,0,19200,83328,333312,262144,0.9892968750000002,0.9960000000000001,0.9891163646882623,0.001751848547270396,7.572806103332719e-05,public_state_tabular_independent_mc,0,0.18633957599244633,3.7831013998948038,True,accepted_return_check_disabled,0.1,1,5.757755661676689e-10,-0.018916718809761996,100,5.0,0.004046323887815857,empirical,0.017863867187500007,0.005432638876864855,-0.00015439544533446536,0.011238087869278894,0.018506878515565272,-0.007555042304306779
T-L,AN,mc_learned_baseline,False,49,97,168392,24832,24832,99328,0,19400,84196,336784,262144,0.9843750000000002,0.9662999999999999,0.9902787654128367,0.0011624007245744084,1.634898232824545e-05,public_state_tabular_independent_mc,0,0.1836163071220953,3.8228606999618933,True,accepted_return_check_disabled,0.1,1,4.1387834795768033e-10,-0.0033578609388536865,100,5.0,0.002824436069460974,empirical,0.007690429687500001,2.2882889319966036e-05,0.00787401574803126,0.0005386509696465877,0.0033245627350975988,0.002865441033375914
T-L,AN,mc_learned_baseline,False,49,98,170128,25088,25088,100352,0,19600,85064,340256,262144,0.9984375000000003,0.9900000000000001,0.9912389201822015,0.0009601547693648405,1.1219811152004891e-05,public_state_tabular_independent_mc,0,0.18135519805165948,3.871807799907401,True,accepted_return_check_disabled,0.1,1,2.2694516595337934e-10,-0.0022977335515596666,100,5.0,0.0026522614996436766,empirical,0.006416015625,4.427928598377612e-06,-0.0007622677465457528,0.0005527576543268026,0.0022767221205708347,0.002827911931850737
T-L,AN,mc_learned_baseline,False,49,99,171864,25344,25344,101376,0,19800,85932,343728,262144,0.9984375000000002,0.9810000000000001,0.9922428432039819,0.0010039230217804285,1.2351179039121074e-05,public_state_tabular_independent_mc,0,0.17897925754477992,3.91422109992709,True,accepted_return_check_disabled,0.1,1,9.178491754557259e-11,-0.0024631064019901214,100,5.0,0.002764468519931915,empirical,0.006503906249999999,3.7087143314039116e-05,-0.0076226774654597484,0.0005296197997722868,0.002471088199770993,0.0028305789167994335
T-L,AN,mc_learned_baseline,False,49,100,173600,25600,25600,102400,0,20000,86800,347200,262144,0.9984375000000003,0.981,0.9932473122275182,0.0010044690235362363,1.2452102507174226e-05,public_state_tabular_independent_mc,0,0.17658992217849978,3.961510599940084,True,accepted_return_check_disabled,0.1,1,2.1061365465888259e-10,-0.0024692892874728393,100,5.0,0.003020821442295202,empirical,0.006407775878906251,5.26208103606282e-06,-0.00011910433539807919,0.0005244773338121522,0.0024845633023530323,0.002813326965088316
T-L,AN,mc_learned_baseline,False,49,101,175336,25856,25856,103424,0,20200,87668,350672,262144,1.0078125000000002,1.005,0.9941102180368853,0.0008629058093670983,9.250317141589472e-06,public_state_tabular_independent_mc,0,0.17452743301067827,4.006642099935561,True,accepted_return_check_disabled,0.1,1,1.3183076971558588e-11,-0.0018454914362338681,100,5.0,0.0027222104201396332,empirical,0.00546295166015625,2.1028206143732105e-05,0.0005316172355908089,0.000608205818966976,0.001855226149408001,0.0027061128831762835
T-L,AN,mc_learned_baseline,False,49,102,177072,26112,26112,104448,0,20400,88536,354144,262144,0.9731250000000002,0.987,0.9941102180368853,0.0,0.0,public_state_tabular_independent_mc,0,0.17452743301067827,4.0498833999736235,False,direction_rejected,0.0,0,,-0.06556016734247544,100,5.0,-0.011298899196525151,empirical,0.03292402343750001,0.010847554916352364,-0.0003933056355398534,0.018639517488024022,0.02872111889783673,-0.015346222566847968
T-L,AN,mc_learned_baseline,False,49,103,178808,26368,26368,105472,0,20600,89404,357616,262144,0.9937500000000001,0.99,0.9951983864573164,0.0010881684204311348,1.4834901510862196e-05,public_state_tabular_independent_mc,0,0.17191323022848798,4.112267599906772,True,accepted_return_check_disabled,0.1,1,3.4274393024406386e-10,-0.00304440665881074,100,5.0,0.0026762444320153752,empirical,0.0068801879882812505,4.2134843589484644e-05,-0.000377844950213424,0.0005126846258783724,0.0030157701809640633,0.002780610295297684
T-L,AN,mc_learned_baseline,False,49,104,180544,26624,26624,106496,0,20800,90272,361088,262144,1.0007812500000002,0.9780000000000001,0.9961602724157308,0.0009618859584143991,1.1686894999229987e-05,public_state_tabular_independent_mc,0,0.1695898025181386,4.163976199924946,True,accepted_return_check_disabled,0.1,1,1.5498369704796355e-10,-0.0023224152572911016,100,5.0,0.0024478673795431307,empirical,0.00617156982421875,1.0904420845734098e-05,2.4723712512275675e-05,0.0005227792590023442,0.0023342443398497487,0.0027428861779497465
T-L,AN,mc_learned_baseline,False,49,105,182280,26880,26880,107520,0,21000,91140,364560,262144,0.9937500000000001,0.99,0.9972593635996211,0.0010990911838902884,1.5405410971085558e-05,public_state_tabular_independent_mc,0,0.1669201509803477,4.205504099954851,True,accepted_return_check_disabled,0.1,1,2.3318244224569075e-10,-0.00315252790333617,100,5.0,0.0029237197032441907,empirical,0.006866455078125002,3.9565222409429515e-05,0.0006223328591749011,0.0005149684939078493,0.003127044118002071,0.0027252360217339413
T-L,AN,mc_learned_baseline,False,49,106,184016,27136,27136,108544,0,21200,92008,368032,262144,0.9750000000000003,1.002,0.9985725821355578,0.0013132185359366888,2.2229644956082878e-05,public_state_tabular_independent_mc,0,0.16370994016022428,4.247247799998149,True,accepted_return_check_disabled,0.1,1,5.227064173248475e-10,-0.004571444248235369,100,5.0,0.0023716889231473063,empirical,0.008770054866065672,4.557948580017959e-05,-0.014136306407307009,0.0007253683353990181,0.004527938386257805,0.0024845512536662423
T-L,AN,mc_learned_baseline,False,49,107,185752,27392,27392,109568,0,21400,92876,371504,262144,1.0148437500000003,1.002,0.9993727945260177,0.000800212390459909,8.337710866092283e-06,public_state_tabular_independent_mc,0,0.16174173913110484,4.2942659999243915,True,accepted_return_check_disabled,0.1,1,1.807822891657173e-11,-0.0016616356503356207,100,5.0,0.0021242237367369698,empirical,0.004877929687499999,2.0731392492123328e-05,-0.011920572705775179,0.0006125471526299585,0.0016714788735200101,0.002559268855609468
T-L,AN,mc_learned_baseline,False,49,108,187488,27648,27648,110592,0,21600,93744,374976,262144,0.9892968750000002,1.0110000000000001,0.9993727945260177,0.0,0.0,public_state_tabular_independent_mc,0,0.16174173913110484,4.321660899906419,False,direction_rejected,0.0,0,,-0.03748022875601806,100,5.0,-0.007651581350466889,empirical,0.020585180664062504,0.005288116351110512,-0.0007848094774667302,0.00803798142113165,0.014232653693825734,-0.004890121232556718
T-L,AN,mc_learned_baseline,False,49,109,189224,27904,27904,111616,0,21800,94612,378448,262144,1.0101562500000003,1.0140000000000002,1.0001767355285336,0.0008039410025159066,8.486041396148302e-06,public_state_tabular_independent_mc,0,0.159755327445283,4.366430399939418,True,accepted_return_check_disabled,0.1,1,2.8008676605548828e-11,-0.0017156550503876337,100,5.0,0.001970037508541628,empirical,0.00535858154296875,4.552296793265059e-05,-0.011923245935256954,0.0005952730089272618,0.0017126938658403752,0.0025525871796476694
T-L,AN,mc_learned_baseline,False,49,110,190960,28160,28160,112640,0,22000,95480,381920,262144,1.0101562500000003,0.9690000000000001,1.0009791562452313,0.0008024207166976716,8.527503074564069e-06,public_state_tabular_independent_mc,0,0.1577634693553186,4.405672599910758,True,accepted_return_check_disabled,0.1,1,1.0997121479211381e-10,-0.001738117746239434,100,5.0,0.0025793018456037892,empirical,0.005317382812499999,3.234651968945501e-05,-0.007968360919876405,0.0005850608380009847,0.0017273358272843601,0.0025380531477349096
T-L,AN,mc_learned_baseline,False,49,111,192696,28416,28416,113664,0,22200,96348,385392,262144,1.0125000000000002,1.002,1.0017674811680686,0.0007883249228373135,8.303811872782778e-06,public_state_tabular_independent_mc,0,0.15579748022374587,4.44394469994586,True,accepted_return_check_disabled,0.1,1,6.614819077290231e-11,-0.0016865897272304489,100,5.0,0.0021941787517816393,empirical,0.005020751953124996,9.480984583920586e-06,-0.0020915354330701685,0.0005897614887077269,0.001679424272189109,0.002507974680853613
T-L,AN,mc_learned_baseline,False,49,112,194432,28672,28672,114688,0,22400,97216,388864,262144,1.0078125000000004,1.0110000000000001,1.0026634209538579,0.0008959397857892792,1.0835588545151322e-05,public_state_tabular_independent_mc,0,0.15355191911377628,4.488000499899499,True,accepted_return_check_disabled,0.1,1,2.9457891684958537e-10,-0.0021368450408965423,100,5.0,0.00258570592919465,empirical,0.005438232421875002,1.2980146583541201e-05,0.002797985450475826,0.0005046574197038645,0.002158134379835339,0.002567486722455626
T-L,AN,mc_learned_baseline,False,49,113,196168,28928,28928,115712,0,22600,98084,392336,262144,1.0078125000000002,1.014,1.0035639191945844,0.0009004982407265771,1.1066268487073742e-05,public_state_tabular_independent_mc,0,0.15128268181065657,4.531478899996728,True,accepted_return_check_disabled,0.1,1,1.8780677412487034e-10,-0.0021874550200053364,100,5.0,0.0025967140459634305,empirical,0.00546295166015625,7.427914664328815e-06,0.0005316172355910309,0.0004954922408985096,0.0022093076137163787,0.0025467720754186315
T-L,AN,mc_learned_baseline,False,49,114,197904,29184,29184,116736,0,22800,98952,395808,262144,0.9843750000000002,1.0020000000000002,1.004843525073266,0.001279605878681478,2.2689477322472698e-05,public_state_tabular_independent_mc,0,0.14803643520994514,4.579725099960342,True,accepted_return_check_disabled,0.1,1,1.7520102533587387e-11,-0.004573545937964781,100,5.0,0.0024057015922827316,empirical,0.007759094238281254,4.386613415963367e-05,0.0034448818897635514,0.0007796183134124272,0.0045730315042067995,0.0022317627359878887
T-L,AN,mc_learned_baseline,False,49,115,199640,29440,29440,117760,0,23000,99820,399280,262144,0.9989062500000002,1.011,1.0065576769621871,0.0017141518889212115,0.00010010322540638357,public_state_tabular_independent_mc,0,0.14449366257462806,4.628965199925005,True,accepted_return_check_disabled,0.1,1,7.773257925745606e-11,-0.06532931924950783,100,5.0,0.00034464424787251924,empirical,0.029731831335153613,0.010968285569017982,0.013648992039172914,0.017441889272474486,0.025867601287570156,-0.014475861522106875
T-L,AN,mc_learned_baseline,False,49,116,201376,29696,29696,118784,0,23200,100688,402752,262144,1.0195312500000002,1.026,1.0072488425316857,0.000691165569498553,6.847146520416978e-06,public_state_tabular_independent_mc,0,0.14271473699081785,4.6696317999158055,True,accepted_return_check_disabled,0.1,1,1.4680369076482254e-10,-0.001349431155014033,100,5.0,0.002262209690317871,empirical,0.004117126464843749,3.0471360536867e-05,0.021390956963864505,0.0003438967034585812,0.001364035422822558,0.002280274006522802
T-L,AN,mc_learned_baseline,False,49,117,203112,29952,29952,119808,0,23400,101556,406224,262144,1.0101562500000003,1.0050000000000001,1.0081283037963795,0.0008794612646938482,1.1221294766539385e-05,public_state_tabular_independent_mc,0,0.1404395312298145,4.716474799904972,True,accepted_return_check_disabled,0.1,1,1.580544199421495e-10,-0.0022928101591553843,100,5.0,0.0019031382419143108,empirical,0.005457458496093748,0.00022240951572369814,-0.02141496997216885,0.00019113612033897566,0.002277088196280053,0.0024085443485257693
T-L,AN,mc_learned_baseline,False,49,118,204848,30208,30208,120832,0,23600,102424,409696,262144,0.9960937500000002,0.9810000000000001,1.0092435463108995,0.0011152425145199985,1.833594054079929e-05,public_state_tabular_independent_mc,0,0.1375351400515573,4.764990299940109,True,accepted_return_check_disabled,0.1,1,4.2061186053510487e-10,-0.003772655857760961,100,5.0,0.0023346102878610215,empirical,0.0066577148437500025,1.604749738930798e-05,-0.0012875043108406814,0.00034063528576012985,0.0037364118649282157,0.002227155737810386
T-L,AN,mc_learned_baseline,False,49,119,206584,30464,30464,121856,0,23800,103292,413168,262144,0.9916406250000003,1.002,1.0092435463108995,0.0,0.0,public_state_tabular_independent_mc,0,0.1375351400515573,4.785885999910533,False,direction_rejected,0.0,0,,-0.04567227053077838,100,5.0,-0.0011490917655264982,empirical,0.020501684570312505,0.005323531082347284,-0.0004054962767554571,0.003066180020607832,0.008084000963769815,-0.0005399987494315098
T-L,AN,mc_learned_baseline,False,49,120,208320,30720,30720,122880,0,24000,104160,416640,262144,1.0125000000000002,1.0200000000000002,1.0100770174416736,0.0008334711307740328,1.03872704279851e-05,public_state_tabular_independent_mc,0,0.13535016670404856,4.8273592999903485,True,accepted_return_check_disabled,0.1,1,2.748368195485863e-11,-0.002102168412557695,100,5.0,0.0027263679589161634,empirical,0.004932861328125003,2.7730689910793005e-05,0.006766732283464583,0.00019346083967548605,0.0020987796635110953,0.002332720431500835
T-L,AN,mc_learned_baseline,False,49,121,210056,30976,30976,123904,0,24200,105028,420112,262144,1.0171875000000004,1.008,1.0108149188593254,0.0007379014176518428,8.243742595082166e-06,public_state_tabular_independent_mc,0,0.1334051994380027,4.867007999913767,True,accepted_return_check_disabled,0.1,1,5.77080664488945e-12,-0.0016569869817580607,100,5.0,0.0017173496193847294,empirical,0.0043862915039062506,9.289818263942596e-06,0.01626044091469292,0.0002399495293905618,0.001656324197314687,0.002254280053109679
T-L,AN,mc_learned_baseline,False,49,122,211792,31232,31232,124928,0,24400,105896,423584,262144,1.01015625,1.0050000000000001,1.0116845790545503,0.0008696601952249416,1.1614382302117275e-05,public_state_tabular_independent_mc,0,0.13109994319738932,4.905625299899839,True,accepted_return_check_disabled,0.1,1,8.72497465751297e-11,-0.002368209689385485,100,5.0,0.0026010989552010923,empirical,0.005251464843750003,5.5593194503659484e-05,-0.0016405448952689916,0.00018571045947630982,0.0023534019116582265,0.0022796208923412885
T-L,AN,mc_learned_baseline,False,49,123,213528,31488,31488,125952,0,24600,106764,427056,262144,1.01015625,1.008,1.0125541799975888,0.000869600943038451,1.1760713293880266e-05,public_state_tabular_independent_mc,0,0.1287818230171324,4.951029099989682,True,accepted_return_check_disabled,0.1,1,4.628437384106158e-12,-0.00237981210525142,100,5.0,0.0018750972116222467,empirical,0.005589285717908694,0.0004232335084581872,-0.04788637343901336,0.0001796464630691614,0.0023733234375585034,0.002250890818726499
T-L,AN,mc_learned_baseline,False,49,124,215264,31744,31744,126976,0,24800,107632,430528,262144,1.0265625000000003,1.0170000000000001,1.013116311654988,0.0005621316573991564,4.985240889481993e-06,public_state_tabular_independent_mc,0,0.12727459612998218,4.9898541999282315,True,accepted_return_check_disabled,0.1,1,7.365266809354741e-13,-0.0010057738229639877,100,5.0,0.0018745808166476547,empirical,0.003309631347656248,1.8495658652106433e-06,0.041569923200571623,0.00041867013102236657,0.0010029028130994044,0.001975786403345451
T-L,AN,mc_learned_baseline,False,49,125,217000,32000,32000,128000,0,25000,108500,434000,262144,1.0007812500000002,1.005,1.0141865718900784,0.0010702602350904922,1.8395058427620753e-05,public_state_tabular_independent_mc,0,0.12438748523734397,5.040637800004333,True,accepted_return_check_disabled,0.1,1,2.5765608293110028e-11,-0.003705415166303916,100,5.0,0.001852255943532406,empirical,0.006182556152343751,3.4171283963282686e-05,-0.0008653299379437485,0.0003808044716396837,0.003706731277870988,0.0019902288096664772
T-L,AN,mc_learned_baseline,False,49,126,218736,32256,32256,129024,0,25200,109368,437472,262144,1.0195312500000002,1.0200000000000002,1.0149112531522677,0.0007246812621892751,8.56918206346765e-06,public_state_tabular_independent_mc,0,0.1224192837112372,5.093969699926674,True,accepted_return_check_disabled,0.1,1,1.1090471010759555e-10,-0.0016972759276375627,100,5.0,0.002730497076293647,empirical,0.004130859375,2.6843550152140986e-06,0.01975667332485942,0.0002050650076682826,0.0017131859344723765,0.0021204514675917025
T-L,AN,mc_learned_baseline,False,49,127,220472,32512,32512,130048,0,25400,110236,440944,262144,1.0171875000000001,1.014,1.0156735085761974,0.0007622554239297141,9.627269655737548e-06,public_state_tabular_independent_mc,0,0.12033709345695905,5.135128499940038,True,accepted_return_check_disabled,0.1,1,2.554679541683158e-10,-0.0019800993218215763,100,5.0,0.0022641723066243206,empirical,0.004518127441406248,0.00010759997590742589,0.0014719978091197738,0.00018294510013483549,0.0019599193686844043,0.0021110669132298684
T-L,AN,mc_learned_baseline,False,49,128,222208,32768,32768,131072,0,25600,111104,444416,262144,1.01015625,1.011,1.0165719650163887,0.0008984564401912642,1.3620312002952395e-05,public_state_tabular_independent_mc,0,0.1178667536088116,5.1745278999442235,True,accepted_return_check_disabled,0.1,1,4.37742238129324e-11,-0.0027638297851182215,100,5.0,0.0030303094241280713,empirical,0.0052514648437499995,0.00015838334237398046,-0.0016405448952685475,0.00022679241859661158,0.002758423037719432,0.0020334913168240463
T-L,AN,mc_learned_baseline,False,49,129,223944,33024,33024,132096,0,25800,111972,447888,262144,1.0289062500000004,1.002,1.0171154818647867,0.0005435168483980402,5.054287280214142e-06,public_state_tabular_independent_mc,0,0.11636366490994719,5.218747799983248,True,accepted_return_check_disabled,0.1,1,1.5033500664213245e-10,-0.0009952498837021055,100,5.0,0.0017229959540261595,empirical,0.0030761718749999973,1.0583976108027238e-05,0.044945996997142856,0.00035977050454097327,0.0010053375008443894,0.0018599723200370714
T-L,AN,mc_learned_baseline,False,49,130,225680,33280,33280,133120,0,26000,112840,451360,262144,1.0148437500000003,1.0230000000000001,1.01794168043414,0.0008261985693531759,1.1877654695150777e-05,public_state_tabular_independent_mc,0,0.11406599653098874,5.260152200004086,True,accepted_return_check_disabled,0.1,1,2.2760021584894347e-10,-0.002351537125567845,100,5.0,0.001792116368871208,empirical,0.004666442871093754,2.069999672620314e-06,0.010527679699394388,0.00019210064772810721,0.002374853462056376,0.002002705584515065
T-L,AN,mc_learned_baseline,False,49,131,227416,33536,33536,134144,0,26200,113708,454832,262144,1.0335937500000003,1.0173,1.0183733693321813,0.00043168889804134913,3.283399214068633e-06,public_state_tabular_independent_mc,0,0.11285917641683506,5.298094099969603,True,accepted_return_check_disabled,0.1,1,2.2839091566680804e-11,-0.000665468217960258,100,5.0,0.0017455867781859858,empirical,0.002425231933593749,8.237619025088751e-07,0.08920737057619232,0.0005278274548186977,0.0006631886719469071,0.0016284741008152053
T-L,AN,mc_learned_baseline,False,49,132,229152,33792,33792,135168,0,26400,114576,458304,262144,1.0289062500000004,1.0170000000000001,1.0189065892853055,0.0005332199531242754,5.070050919697229e-06,public_state_tabular_independent_mc,0,0.11136243454523927,5.3420196999795735,True,accepted_return_check_disabled,0.1,1,5.5680922635124226e-11,-0.001003636151711982,100,5.0,0.0020698650572457573,empirical,0.002966308593750001,4.777537863026497e-06,0.06238194410810349,0.00033087179786915345,0.0010130519142297328,0.0018050252595293846
T-L,AN,mc_learned_baseline,False,49,133,230888,34048,34048,136192,0,26600,115444,461776,262144,1.01953125,1.02,1.0196360698781113,0.0007294805928057535,9.635796113337417e-06,public_state_tabular_independent_mc,0,0.10930413495236982,5.383794399909675,True,accepted_return_check_disabled,0.1,1,3.2732305929936504e-13,-0.0019446112495013366,100,5.0,0.0020620707264235373,empirical,0.004230501983069609,0.00011867388165711871,0.02119494285875745,0.00017328867389856782,0.0019419079267628074,0.0019371340559973759
T-L,AN,mc_learned_baseline,False,49,134,232624,34304,34304,137216,0,26800,116312,465248,262144,1.0265625000000003,1.0170000000000001,1.0202140799002581,0.0005780100221468576,6.151834289821525e-06,public_state_tabular_independent_mc,0,0.10766354456462329,5.421859099995345,True,accepted_return_check_disabled,0.1,1,2.923433887649447e-13,-0.0012417656319047442,100,5.0,0.0021813680489886403,empirical,0.0032437133789062506,8.608403222171333e-06,0.0512145025897488,0.0002449981646388585,0.0012389099014265847,0.001829971083231578
T-L,AN,mc_learned_baseline,False,49,135,234360,34560,34560,138240,0,27000,117180,468720,262144,1.0195312500000002,1.0350000000000001,1.02094549201861,0.0007314121183519262,1.002826021255626e-05,public_state_tabular_independent_mc,0,0.10557542843481507,5.460680699907243,True,accepted_return_check_disabled,0.1,1,1.9772000147933479e-10,-0.001990045706872319,100,5.0,0.001862386503095005,empirical,0.004281921386718757,0.00015434845882373823,0.0017795532958047033,0.00017608083908975393,0.002004459482206107,0.001870492271430167
T-L,AN,mc_learned_baseline,False,49,136,236096,34816,34816,139264,0,27200,118048,472192,262144,1.0312500000000004,1.0230000000000001,1.0214347380305802,0.0004892460119700903,4.55435383641828e-06,public_state_tabular_independent_mc,0,0.10417094492281902,5.498100399971008,True,accepted_return_check_disabled,0.1,1,9.643932768107236e-11,-0.0008979182766920445,100,5.0,0.0017884545669319735,empirical,0.002705383300781246,1.985710128604971e-06,0.07282838983050988,0.0003351770489891752,0.0009076464029704642,0.0016749596090133395
T-L,AN,mc_learned_baseline,False,49,137,237832,35072,35072,140288,0,27400,118916,475664,262144,1.0148437500000003,1.0320000000000003,1.0222467692735597,0.0008120312429795717,1.2798581389987087e-05,public_state_tabular_independent_mc,0,0.10182579764154678,5.537148599978536,True,accepted_return_check_disabled,0.1,1,2.1509674901577404e-10,-0.002628794368992996,100,5.0,0.002456148513320138,empirical,0.004658203125000003,1.1691717313673277e-05,0.011402286935959571,0.00024421307152449885,0.002606172471183364,0.001741236704997926
T-L,AN,mc_learned_baseline,False,49,138,239568,35328,35328,141312,0,27600,119784,479136,262144,1.0312500000000002,1.0290000000000001,1.0227244902427401,0.0004777209691804174,4.5023986145136e-06,public_state_tabular_independent_mc,0,0.1004377573764713,5.57656929991208,True,accepted_return_check_disabled,0.1,1,2.095391350479637e-11,-0.000895129836288621,100,5.0,0.0021057358812971807,empirical,0.002636718750000001,3.658511877771743e-05,0.08474576271186451,0.0003171845658605362,0.0009018487076748582,0.0016267347518158014
T-L,AN,mc_learned_baseline,False,49,139,241304,35584,35584,142336,0,27800,120652,482608,262144,1.0265625000000003,1.005,1.023306760110202,0.0005822698674617932,6.797887345682036e-06,public_state_tabular_independent_mc,0,0.09873733550222073,5.614639799925499,True,accepted_return_check_disabled,0.1,1,2.154916190507841e-13,-0.0013672262892573004,100,5.0,0.002489247348839623,empirical,0.0032519531250000027,3.252232925312265e-05,0.050008930166101195,0.00019399486716684645,0.001370011401327154,0.0017251676436114128
T-L,AN,mc_learned_baseline,False,49,140,243040,35840,35840,143360,0,28000,121520,486080,262144,1.0195312500000002,1.0320000000000003,1.0240410427486268,0.000734282638424899,1.1038714841822903e-05,public_state_tabular_independent_mc,0,0.09657916212128163,5.653275799937546,True,accepted_return_check_disabled,0.1,1,2.0343619792783476e-10,-0.0022661622060574987,100,5.0,0.0022905564174556226,empirical,0.004117126464843751,3.451013704459444e-07,0.021390956963863506,0.00020583432454268118,0.002247988260042517,0.0016828285270648704
T-L,AN,mc_learned_baseline,False,49,141,244776,36096,36096,144384,0,28200,122388,489552,262144,1.0312500000000004,1.02,1.0245173165790618,0.00047627383043491456,4.724576777802994e-06,public_state_tabular_independent_mc,0,0.09517086273876117,5.690029799938202,True,accepted_return_check_disabled,0.1,1,1.3615605899951835e-10,-0.0009714764174284428,100,5.0,0.0013878162902582593,empirical,0.0026477050781249993,2.3021383031380876e-06,0.08283898305084791,0.0002692357468311249,0.0009611501734508133,0.0015804561208934012
T-L,AN,mc_learned_baseline,False,49,142,246512,36352,36352,145408,0,28400,123256,493024,262144,1.0289062500000004,1.038,1.0250539791877595,0.0005366626086977799,6.099362103008463e-06,public_state_tabular_independent_mc,0,0.09357582484577125,5.73578769993037,True,accepted_return_check_disabled,0.1,1,6.20198060849142e-11,-0.0012101147580137145,100,5.0,0.0015195728629875801,empirical,0.002944335937500002,1.975811785021097e-05,0.06586913353029478,0.00020192420632079067,0.0012208017565161872,0.001622186669314953
T-L,AN,mc_learned_baseline,False,49,143,248248,36608,36608,146432,0,28600,124124,496496,262144,1.0148437500000003,1.026,1.025903207767998,0.0008492285802383925,1.5662238174548325e-05,public_state_tabular_independent_mc,0,0.09103360548519636,5.77404829999432,True,accepted_return_check_disabled,0.1,1,4.711740635565285e-11,-0.003185543523654637,100,5.0,0.0006021854374696818,empirical,0.0047241210937500056,7.696994261922035e-07,0.004405429043438547,0.00042634689146650183,0.003180438594396782,0.0013686533616818213
T-L,AN,mc_learned_baseline,False,49,144,249984,36864,36864,147456,0,28800,124992,499968,262144,1.0359375000000002,1.0320000000000003,1.026262195693586,0.00035898792558808346,2.847353078879151e-06,public_state_tabular_independent_mc,0,0.08995207029849078,5.81459919991903,True,accepted_return_check_disabled,0.1,1,8.674998586714501e-11,-0.0005852752064482895,100,5.0,0.0019874831255647938,empirical,0.00201324462890625,2.6338235047773336e-05,0.13778446246403353,0.00041397569650461914,0.0005787409261830599,0.0013343397249358127
T-L,AN,mc_learned_baseline,False,49,145,251720,37120,37120,148480,0,29000,125860,503440,262144,1.0242187500000002,1.0290000000000001,1.0269043553173998,0.0006421596238137539,9.292604531734334e-06,public_state_tabular_independent_mc,0,0.0880069180030756,5.854191599995829,True,accepted_return_check_disabled,0.1,1,1.529607348604289e-11,-0.0018818650380528178,100,5.0,0.000809817775292264,empirical,0.0035458374023437504,2.6361209815129955e-05,0.03833879056658607,0.0001817811843862846,0.0018807046420217849,0.0015465712322893412
T-L,AN,mc_learned_baseline,False,49,146,253456,37376,37376,149504,0,29200,126728,506912,262144,1.0312500000000004,1.038,1.027399864750008,0.0004955094326082321,5.632634532232911e-06,public_state_tabular_independent_mc,0,0.08649711689850823,5.893156999954954,True,accepted_return_check_disabled,0.1,1,1.2970245847402011e-11,-0.0011248122871140554,100,5.0,0.0016915933409880645,empirical,0.002966867510653815,0.00024312426381833501,0.0698372248501502,0.00019343147243778793,0.0011313573109415203,0.001498872642247206
T-L,AN,mc_learned_baseline,False,49,147,255192,37632,37632,150528,0,29400,127596,510384,262144,1.0265625000000003,1.0350000000000001,1.0279968944884057,0.000597029738397703,8.367255494327983e-06,public_state_tabular_independent_mc,0,0.08466610815962537,5.93189689994324,True,accepted_return_check_disabled,0.1,1,6.586152830540182e-11,-0.0016659094393650332,100,5.0,0.00040757921385286075,empirical,0.0032437133789062506,6.961845550665993e-06,0.05121450258974802,0.00017063000426210164,0.0016791419622159318,0.0014934439011493228
T-L,AN,mc_learned_baseline,False,49,148,256928,37888,37888,151552,0,29600,128464,513856,262144,1.0195312500000002,1.038,1.028743093364465,0.0007461988760593119,1.3432468465092686e-05,public_state_tabular_independent_mc,0,0.0823598522390586,5.972719799960032,True,accepted_return_check_disabled,0.1,1,3.066874944988932e-14,-0.0027108338435300272,100,5.0,0.0015868441310656933,empirical,0.004130859375,0.0001284088966260179,0.01975667332485931,0.0003568186307819172,0.00271779311471772,0.0012730395014909027
T-L,AN,mc_learned_baseline,False,49,149,258664,38144,38144,152576,0,29800,129332,517328,262144,1.0265625000000003,1.0350000000000001,1.0293367933586781,0.0005936999942131038,8.72575422973091e-06,public_state_tabular_independent_mc,0,0.08051034694204351,6.013891499955207,True,accepted_return_check_disabled,0.1,1,1.533806742744659e-10,-0.0017907895834269136,100,5.0,0.0006537422770464458,empirical,0.0033755493164062574,9.458355387441912e-05,0.03192534381139378,0.00018364331341516406,0.0017769386891010974,0.0014029226281620523
T-L,AN,mc_learned_baseline,False,49,150,260400,38400,38400,153600,0,30000,130200,520800,262144,1.0242187500000002,1.0290000000000001,1.0299940811729147,0.0006572878142365735,1.0985572892674086e-05,public_state_tabular_independent_mc,0,0.07844715043661254,6.069027899997309,True,accepted_return_check_disabled,0.1,1,2.097771819005264e-10,-0.0021859890096105157,100,5.0,0.00039384839622339673,empirical,0.003545837402343752,6.705591783246971e-07,0.0383387905665854,0.00025662421708567935,0.002201743095849348,0.001295078372263457
T-L,AN,mc_learned_baseline,False,49,151,262136,38656,38656,154624,0,30200,131068,524272,262144,1.0359375000000002,1.038,1.0303740975645186,0.000380016391603899,3.746787431285245e-06,public_state_tabular_independent_mc,0,0.07724659361564688,6.122269399929792,True,accepted_return_check_disabled,0.1,1,7.729492249007936e-11,-0.0007684096909282819,100,5.0,0.001218736536513107,empirical,0.002186279296874995,8.81414435455065e-05,0.10070625163484337,0.0002463473095859046,0.0007611677560240844,0.0012663251448152225
T-L,SA,mc_learned_baseline,False,49,1,1736,256,256,1024,0,200,868,3472,262144,0.433828125,0.2625,0.35553788396963726,0.03652388396963724,0.0005283712951607227,public_state_tabular_independent_mc,0,0.6144963896408345,0.03989540005568415,True,accepted_return_check_disabled,0.1,1,4.356382243106582e-09,-0.1002999925059829,100,5.0,0.07831518514716404,empirical,0.40863070869904594,0.16894633784939544,0.02069771257709152,0.0021417185733265394,0.10744550595970949,0.08660584216562082
T-L,SA,mc_learned_baseline,False,49,2,3472,512,512,2048,0,400,1736,6944,262144,0.461015625,0.38610000000000005,0.3920838347085134,0.03654595073887612,0.0005239841611359051,public_state_tabular_independent_mc,0,0.6029175378663958,0.07888549997005612,True,accepted_return_check_disabled,0.1,1,4.361300709036059e-09,-0.09493771094042858,100,5.0,0.09484049722147743,empirical,0.39933147406999564,0.16492345615067078,0.014547823050410802,0.0013722704693208397,0.10586533059094826,0.08809566384490393
T-L,SA,mc_learned_baseline,False,49,3,5208,768,768,3072,0,600,2604,10416,262144,0.400546875,0.4322999999999999,0.42662092033242877,0.03453708562391539,0.00046861561242691595,public_state_tabular_independent_mc,0,0.5915254630379728,0.11806030001025647,True,accepted_return_check_disabled,0.1,1,4.170565472148913e-09,-0.0940333090833094,100,5.0,0.07967718478993335,empirical,0.4040593139648438,0.17504782031260005,0.0025471671816523767,0.0005997277838788876,0.09462855872727965,0.08897639671314056
T-L,SA,mc_learned_baseline,False,49,4,6944,1024,1024,4096,0,800,3472,13888,262144,0.398671875,0.36719999999999986,0.4575173684678085,0.030896448135379728,0.0003784944731426446,public_state_tabular_independent_mc,0,0.5810707264596213,0.1569177999626845,True,accepted_return_check_disabled,0.1,1,4.436537430753673e-09,-0.06861012960639165,100,5.0,0.08678740549045191,empirical,0.3964572923155913,0.16314170589799526,0.02484335205934085,0.0008406774352309571,0.07673258497666172,0.08823092678471908
T-L,SA,mc_learned_baseline,False,49,5,8680,1280,1280,5120,0,1000,4340,17360,262144,0.477890625,0.5087999999999999,0.49194069755780423,0.034423329089995736,0.00048129490746010094,public_state_tabular_independent_mc,0,0.5679531340060198,0.19724580005276948,True,accepted_return_check_disabled,0.1,1,7.9756695197881e-09,-0.09881642564556797,100,5.0,0.09009910742625624,empirical,0.3976410700445543,0.17153619640827472,-0.020278342577252584,0.0014245618308806498,0.09735844855198411,0.08652513856562166
T-L,SA,mc_learned_baseline,False,49,6,10416,1536,1536,6144,0,1200,5208,20832,262144,0.44320312500000003,0.5591999999999999,0.5233585787508316,0.03141788119302735,0.00040526398485559145,public_state_tabular_independent_mc,0,0.5559339368359796,0.24213520006742328,True,accepted_return_check_disabled,0.1,1,4.493059987471229e-09,-0.09056756587828171,100,5.0,0.09774067396871938,empirical,0.3988083534847907,0.16871007355553225,-0.00043012688196331084,8.722372805847027e-05,0.08215157692777557,0.08620699136375824
T-L,SA,mc_learned_baseline,False,49,7,12152,1792,1792,7168,0,1400,6076,24304,262144,0.446015625,0.6183,0.5544261530688169,0.031067574317985347,0.0004174130869289375,public_state_tabular_independent_mc,0,0.542503329025496,0.31606920005287975,True,accepted_return_check_disabled,0.1,1,7.111864435913117e-09,-0.09475030863666553,100,5.0,0.0784247311624621,empirical,0.403085994836201,0.17597608420056002,-0.008621504590501816,0.0019890789824815627,0.0844066945789984,0.08212702639277829
T-L,SA,mc_learned_baseline,False,49,8,13888,2048,2048,8192,0,1600,6944,27776,262144,0.5465625000000001,0.5337,0.5854104433726403,0.030984290303823325,0.0004210294298930545,public_state_tabular_independent_mc,0,0.5291265094887136,0.3698655000189319,True,accepted_return_check_disabled,0.1,1,2.4022430088373775e-09,-0.08918935348566859,100,5.0,0.09202726898754404,empirical,0.3546368939447968,0.14938301765207035,0.007406331481841333,0.00015569642462118065,0.085916349634168,0.0814259269714174
T-L,SA,mc_learned_baseline,False,49,9,15624,2304,2304,9216,0,1800,7812,31248,262144,0.58734375,0.6725999999999999,0.6144291965667662,0.029018753194125946,0.00038751828793656386,public_state_tabular_independent_mc,0,0.5165049526454717,0.4089891000185162,True,accepted_return_check_disabled,0.1,1,4.727426551687668e-09,-0.07707716370357333,100,5.0,0.07829340035901401,empirical,0.33116510329063814,0.13986239486508226,-0.0017094269006372453,0.0004103835455256436,0.07952499318167477,0.07799219167212457
T-L,SA,mc_learned_baseline,False,49,10,17360,2560,2560,10240,0,2000,8680,34720,262144,0.49382812499999995,0.6453,0.6407837151460553,0.026354518579289055,0.0003394998203279166,public_state_tabular_independent_mc,0,0.5048112030451013,0.44872069999109954,True,accepted_return_check_disabled,0.1,1,2.1806265026455824e-09,-0.09071758085490893,100,5.0,0.07440633084666107,empirical,0.40606640341928535,0.1804409594169418,-0.005927409528539318,0.0012604196187325396,0.06940027900405155,0.07355586582791918
T-L,SA,mc_learned_baseline,False,49,11,19096,2816,2816,11264,0,2200,9548,38192,262144,0.536484375,0.7173,0.6666608082812633,0.02587709313520803,0.000340796723235116,public_state_tabular_independent_mc,0,0.4923029735766125,0.48831929999869317,True,accepted_return_check_disabled,0.1,1,2.6873976203459792e-09,-0.0956368691786689,100,5.0,0.08159493739112805,empirical,0.37524018564767436,0.16469221244118906,-0.03226918990500249,0.00011258996218558796,0.07012699149582483,0.07097427579252594
T-L,SA,mc_learned_baseline,False,49,12,20832,3072,3072,12288,0,2400,10416,41664,262144,0.675,0.7463999999999998,0.6912051798457052,0.02454437156444189,0.00032715471897278524,public_state_tabular_independent_mc,0,0.48002876623124663,0.5270682000555098,True,accepted_return_check_disabled,0.1,1,2.9799371020414113e-09,-0.06355744401017789,100,5.0,0.06728316145615984,empirical,0.2733180561281479,0.11176028773758026,0.015230050881000712,0.00029362155002618176,0.06769642260625883,0.06679722723786133
T-L,SA,mc_learned_baseline,False,49,13,22568,3328,3328,13312,0,2600,11284,45136,262144,0.69796875,0.7418999999999998,0.7148862822109939,0.023681102365288753,0.0003271361471172715,public_state_tabular_independent_mc,0,0.46680754051994566,0.5665200999937952,True,accepted_return_check_disabled,0.1,1,3.0679987292834516e-09,-0.0644439545878221,100,5.0,0.0675921234324503,empirical,0.26443306206597217,0.11095636660030656,0.018416862118420863,0.0006361702973194579,0.06754165109373318,0.06226445013438546
T-L,SA,mc_learned_baseline,False,49,14,24304,3584,3584,14336,0,2800,12152,48608,262144,0.7783593750000001,0.7142999999999999,0.7362327906399428,0.021346508428948918,0.0002867988674300836,public_state_tabular_independent_mc,0,0.45531357818481216,0.6047197000589222,True,accepted_return_check_disabled,0.1,1,3.9437353905575195e-09,-0.048598320304868076,100,5.0,0.06252952963264258,empirical,0.19716424830547977,0.08020665736665696,0.01573739680538644,0.0006711115862057823,0.05964812567593739,0.05802012010780846
T-L,SA,mc_learned_baseline,False,49,15,26040,3840,3840,15360,0,3000,13020,52080,262144,0.7596093750000001,0.7899,0.7557006010121017,0.019467810372158834,0.00025785654257336947,public_state_tabular_independent_mc,0,0.4443846455733527,0.6423630999634042,True,accepted_return_check_disabled,0.1,1,3.725789825136549e-09,-0.05265863229772661,100,5.0,0.05383741442380819,empirical,0.22833477185058595,0.09867230570969729,-0.018488706577550973,0.0006203014087090668,0.05369226629788371,0.053789143523935316
T-L,SA,mc_learned_baseline,False,49,16,27776,4096,4096,16384,0,3200,13888,55552,262144,0.712734375,0.7157999999999999,0.7735630715306985,0.017862470518596796,0.0002325587113324493,public_state_tabular_independent_mc,0,0.4333489420263629,0.6795194000005722,True,accepted_return_check_disabled,0.1,1,1.890749468805368e-09,-0.052998234634578305,100,5.0,0.04667614759764771,empirical,0.22675772487679438,0.10049240897027575,0.005565335486560907,6.574766945235413e-05,0.04822686642118963,0.05020175283199052
T-L,SA,mc_learned_baseline,False,49,17,29512,4352,4352,17408,0,3400,14756,59024,262144,0.7235156250000001,0.7868999999999999,0.7903823762652319,0.016819304734533413,0.00022460138117888994,public_state_tabular_independent_mc,0,0.4223819556925453,0.7139376000268385,True,accepted_return_check_disabled,0.1,1,2.2874135790007235e-09,-0.06379403837584467,100,5.0,0.032860631448853705,empirical,0.2557672301296659,0.10279417711638572,0.016717154364878306,0.0001536901343507533,0.04658434809806744,0.04624221211300322
T-L,SA,mc_learned_baseline,False,49,18,31248,4608,4608,18432,0,3600,15624,62496,262144,0.8301562500000002,0.7667999999999999,0.806053653397385,0.015671277132153105,0.00021249600782831022,public_state_tabular_independent_mc,0,0.4118297898176782,0.7555352000053972,True,accepted_return_check_disabled,0.1,1,2.65594521234662e-09,-0.03581450386719551,100,5.0,0.04555460073631457,empirical,0.15477792002635976,0.06311091244198967,0.00918507318488837,5.726561693615147e-05,0.04421038323551144,0.04256095009528866
T-L,SA,mc_learned_baseline,False,49,19,32984,4864,4864,19456,0,3800,16492,65968,262144,0.8320312500000002,0.7776000000000001,0.8206665854868538,0.014612932089468789,0.00020347814594512365,public_state_tabular_independent_mc,0,0.4014438789988428,0.7960572000592947,True,accepted_return_check_disabled,0.1,1,1.439509818447919e-09,-0.03093205248602283,100,5.0,0.02275323339670359,empirical,0.1297765377538765,0.04772037185754138,0.02592528997535215,0.0002521162764802838,0.04222746188220462,0.03868682980265882
T-L,SA,mc_learned_baseline,False,49,20,34720,5120,5120,20480,0,4000,17360,69440,262144,0.7382812500000001,0.8775,0.8328242706568159,0.012157685169962074,0.00015548472718029764,public_state_tabular_independent_mc,0,0.392986420641831,0.8353731000097468,True,accepted_return_check_disabled,0.1,1,2.816402911205339e-09,-0.05288759253846188,100,5.0,0.022502626601065424,empirical,0.2278156475246748,0.09733229972958786,-0.002551788209250505,0.00037723555264137875,0.03247212504863426,0.03504875726543171
T-L,SA,mc_learned_baseline,False,49,21,36456,5376,5376,21504,0,4200,18228,72912,262144,0.7701562500000001,0.8481000000000001,0.8448270026576818,0.01200273200086599,0.0001679901033597964,public_state_tabular_independent_mc,0,0.3834557159329372,0.8766592000611126,True,accepted_return_check_disabled,0.1,1,2.3018331444697164e-09,-0.047253765960825214,100,5.0,0.03511307869876749,empirical,0.19445701512251495,0.07367978288595198,-0.0008041039322901344,0.0006649421598741457,0.034854984802263685,0.03161365628593273
T-L,SA,mc_learned_baseline,False,49,22,38192,5632,5632,22528,0,4400,19096,76384,262144,0.8343750000000001,0.8894999999999998,0.855544683114289,0.010717680456607148,0.00014550031627949005,public_state_tabular_independent_mc,0,0.37481388762730206,0.9196145000169054,True,accepted_return_check_disabled,0.1,1,2.0066060804882134e-09,-0.03127306656199308,100,5.0,0.036169873220208336,empirical,0.12990255042574425,0.049626942585645005,0.013042532719221511,0.00014612371764168965,0.03028267013823091,0.02919261769429192
T-L,SA,mc_learned_baseline,False,49,23,39928,5888,5888,23552,0,4600,19964,79856,262144,0.8622656250000003,0.9072,0.8659865113685308,0.01044182825424178,0.00015506259429745137,public_state_tabular_independent_mc,0,0.36580355618541077,0.9625937000382692,True,accepted_return_check_disabled,0.1,1,2.0835618609148103e-09,-0.030968254388298457,100,5.0,0.02383069415769369,empirical,0.12618611201546345,0.04690428016421274,-0.026121104568470388,0.000810202646479634,0.032064496845090704,0.025799095221888176
T-L,SA,mc_learned_baseline,False,49,24,41664,6144,6144,24576,0,4800,20832,83328,262144,0.8625000000000003,0.8892,0.8745692279469264,0.0085827165783956,0.00011379997876601766,public_state_tabular_independent_mc,0,0.3584876793793149,1.0036672999849543,True,accepted_return_check_disabled,0.1,1,1.5527653941975704e-09,-0.031221382633596022,100,5.0,0.005267285731037703,empirical,0.12152780085141834,0.05012396829481355,-0.014210251395443851,1.2765107424079685e-06,0.023748440419330677,0.023986577034533718
T-L,SA,mc_learned_baseline,False,49,25,43400,6400,6400,25600,0,5000,21700,86800,262144,0.8960156250000002,0.9098999999999999,0.8823883988953811,0.007819170948454746,0.0001046789172092653,public_state_tabular_independent_mc,0,0.35136558786306005,1.04032939998433,True,accepted_return_check_disabled,0.1,1,1.4484489389959693e-09,-0.012459657854732704,100,5.0,0.017765688139588252,empirical,0.0455662004530165,0.01719995306751793,0.02646720088393384,8.393073313846792e-05,0.021712285440246545,0.02161341569960945
T-L,SA,mc_learned_baseline,False,49,26,45136,6656,6656,26624,0,5200,22568,90272,262144,0.9014062500000002,0.9038999999999998,0.8892769100332854,0.00688851113790423,9.00989168112634e-05,public_state_tabular_independent_mc,0,0.3451834062392367,1.075770499999635,True,accepted_return_check_disabled,0.1,1,7.730484737518726e-10,-0.01927355210549549,100,5.0,0.018739012280197895,empirical,0.07939034647183114,0.03132773677570404,-0.008383946176593549,0.00012288982173295875,0.018781840776813632,0.019537177476878293
T-L,SA,mc_learned_baseline,False,49,27,46872,6912,6912,27648,0,5400,23436,93744,262144,0.8735156250000001,0.9303,0.8957774416374763,0.006500531604190951,8.840051452952107e-05,public_state_tabular_independent_mc,0,0.3387804334862046,1.110772900050506,True,accepted_return_check_disabled,0.1,1,1.3587321219430434e-09,-0.023351492948011202,100,5.0,0.021477285882129774,empirical,0.09673501553604742,0.03554696763327078,0.014633363526583953,6.111593031291792e-05,0.01833214521568756,0.0176947198794593
T-L,SA,mc_learned_baseline,False,49,28,48608,7168,7168,28672,0,5600,24304,97216,262144,0.8479687500000002,0.8919,0.9017265260710821,0.005949084433605756,8.18688049319603e-05,public_state_tabular_independent_mc,0,0.33265894963586146,1.1493857000023127,True,accepted_return_check_disabled,0.1,1,9.82255130275016e-10,-0.026923158610801322,100,5.0,0.027264916816783034,empirical,0.10993292373244634,0.04231474565583664,0.01247825218625176,8.410419278304566e-05,0.01696130321888912,0.01598695424795324
T-L,SA,mc_learned_baseline,False,49,29,50344,7424,7424,29696,0,5800,25172,100688,262144,0.9426562500000002,0.9105000000000001,0.9069977605558366,0.005271234484754528,7.099752690153721e-05,public_state_tabular_independent_mc,0,0.3272495006050102,1.1940723999869078,True,accepted_return_check_disabled,0.1,1,6.257549962344966e-11,-0.008434089250401629,100,5.0,0.015775859285533274,empirical,0.037177077799028305,0.01176479857121751,-0.004668881367560607,2.8575763032386698e-05,0.014737839083768238,0.014523119505014663
T-L,SA,mc_learned_baseline,False,49,30,52080,7680,7680,30720,0,6000,26040,104160,262144,0.9424218750000002,0.9242999999999999,0.9117635004532475,0.004765739897410914,6.545268933791797e-05,public_state_tabular_independent_mc,0,0.32230887404179903,1.2309875000501052,True,accepted_return_check_disabled,0.1,1,7.960642939448304e-10,-0.004735706511784759,100,5.0,0.014467822373541467,empirical,0.021153794028511218,0.005557987495131549,0.02261181379600763,0.0002223920816176364,0.013561378665166034,0.012920772143140751
T-L,SA,mc_learned_baseline,False,49,31,53816,7936,7936,31744,0,6200,26908,107632,262144,0.9213281250000003,0.9213000000000001,0.9145331436493539,0.002769643196106397,3.823196775713293e-05,public_state_tabular_independent_mc,0,0.3189446851796178,1.2680416000075638,True,accepted_return_check_disabled,0.1,1,4.4833035611315517e-10,-0.00604502899655377,100,5.0,0.005513891386725074,empirical,0.025836673217773436,0.006799356000318881,0.01825105619676881,0.0044425157884211645,0.007895367071182213,0.007390754075298307
T-L,SA,mc_learned_baseline,False,49,32,55552,8192,8192,32768,0,6400,27776,111104,262144,0.9304687500000002,0.8835,0.9145331436493539,0.0,0.0,public_state_tabular_independent_mc,0,0.3189446851796178,1.291567699983716,False,direction_rejected,0.0,0,,-0.003255308948267757,100,5.0,-0.04018455203236305,empirical,0.013338135383436932,0.0019224455396998285,0.08200854823498815,0.053594398614611474,0.10585582455559317,-0.042384725589810074
T-L,SA,mc_learned_baseline,False,49,33,57288,8448,8448,33792,0,6600,28644,114576,262144,0.9103125000000002,0.9510000000000001,0.9184796633598283,0.003946519710474439,5.125610589927393e-05,public_state_tabular_independent_mc,0,0.3144118852263682,1.3299384999554604,True,accepted_return_check_disabled,0.1,1,4.0977405274083227e-10,-0.014019848787140103,100,5.0,0.016367707882986637,empirical,0.060640686035156266,0.020753822824149528,0.01629170938369573,1.2825953278100761e-05,0.01065064120483021,0.011196847071523304
T-L,SA,mc_learned_baseline,False,49,34,59024,8704,8704,34816,0,6800,29512,118048,262144,0.8664843750000002,0.9693,0.92242347266498,0.003943809305151702,5.679305767101565e-05,public_state_tabular_independent_mc,0,0.3094473514054319,1.3674244000576437,True,accepted_return_check_disabled,0.1,1,6.340963095771086e-10,-0.024592012287949435,100,5.0,0.005151445858113446,empirical,0.0973907154790643,0.036260604915145045,0.017207535618567804,0.00023877757608962378,0.01174547641987254,0.009982036626373956
T-L,SA,mc_learned_baseline,False,49,35,60760,8960,8960,35840,0,7000,30380,121520,262144,0.9426562500000002,0.9246000000000001,0.9269129278463138,0.004489455181333812,8.482831890244305e-05,public_state_tabular_independent_mc,0,0.3037749003099613,1.4041384999873117,True,accepted_return_check_disabled,0.1,1,9.964380975858894e-10,-0.009921299882847824,100,5.0,0.007165644660205294,empirical,0.03661783421914683,0.010447319102918275,0.013968829152931739,0.0019272734345695862,0.01771771118930976,0.007428038312485709
T-L,SA,mc_learned_baseline,False,49,36,62496,9216,9216,36864,0,7200,31248,124992,262144,0.9447656250000002,0.9272999999999999,0.9269129278463138,0.0,0.0,public_state_tabular_independent_mc,0,0.3037749003099613,1.4269210000056773,False,direction_rejected,0.0,0,,-0.005430696599743033,100,5.0,-0.02698271205789472,empirical,0.021711808171347262,0.005685801253334374,0.007700567458042706,0.029701392080213454,0.05562355753966135,-0.02136317652125032
T-L,SA,mc_learned_baseline,False,49,37,64232,9472,9472,37888,0,7400,32116,128464,262144,0.8707031250000001,0.9246,0.9299508917144258,0.003037963868111948,4.054752666571548e-05,public_state_tabular_independent_mc,0,0.2997584445139395,1.474510799976997,True,accepted_return_check_disabled,0.1,1,3.15914386324503e-10,-0.0179575210029364,100,5.0,0.008764725897591594,empirical,0.06920425907967265,0.025998812446036614,0.01599249724994478,4.796242142948505e-06,0.008386525687736493,0.008333419316820188
T-L,SA,mc_learned_baseline,False,49,38,65968,9728,9728,38912,0,7600,32984,131936,262144,0.9121875000000003,0.9066,0.9327376301920475,0.0027867384776216753,3.698065092270013e-05,public_state_tabular_independent_mc,0,0.29596947255865597,1.5217501999577507,True,accepted_return_check_disabled,0.1,1,4.3276519125326034e-10,-0.008967572160573888,100,5.0,0.0022179422720026115,empirical,0.03728677720975897,0.012027607874349162,0.009293058880684435,9.314210666222536e-08,0.007656569413048552,0.007679010706420478
T-L,SA,mc_learned_baseline,False,49,39,67704,9984,9984,39936,0,7800,33852,135408,262144,0.9307031250000002,0.9810000000000001,0.936533340506312,0.003795710314264511,0.0001134203079450551,public_state_tabular_independent_mc,0,0.2912034580417408,1.5664565999759361,True,accepted_return_check_disabled,0.1,1,1.2899775973987424e-09,-0.005368959594117531,100,5.0,0.002869363012572533,empirical,0.021684896850585944,0.0054601872032490955,0.024699986240464655,0.009840222791291925,0.02547652662439076,-0.0027495874679629544
T-L,SA,mc_learned_baseline,False,49,40,69440,10240,10240,40960,0,8000,34720,138880,262144,0.9353906250000001,0.9540000000000001,0.936533340506312,0.0,0.0,public_state_tabular_independent_mc,0,0.2912034580417408,1.5866469000466168,False,direction_rejected,0.0,0,,-0.007009569487514309,100,5.0,-0.05906937154888269,empirical,0.02427739019761551,0.005503850388080602,0.01728595069581096,0.05207392641465785,0.07950218646578407,-0.04601847643793513
T-L,SA,mc_learned_baseline,False,49,41,71176,10496,10496,41984,0,8200,35588,142352,262144,0.9309375000000002,0.9363000000000001,0.938139629006988,0.001606288500676012,2.008940462258941e-05,public_state_tabular_independent_mc,0,0.2886199229147958,1.6345062999753281,True,accepted_return_check_disabled,0.1,1,1.1057557770794897e-10,-0.008183678816975586,100,5.0,0.003909379344150094,empirical,0.03187246020124079,0.010813029371993795,0.020250843853060196,0.001486727983284588,0.004123033460496246,0.004568721993438124
T-L,SA,mc_learned_baseline,False,49,42,72912,10752,10752,43008,0,8400,36456,145824,262144,0.9304687500000002,0.9303,0.9392204322534147,0.001080803246426676,1.5197315889646205e-05,public_state_tabular_independent_mc,0,0.28648513738288833,1.6766006000107154,True,accepted_return_check_disabled,0.1,1,3.159759029295659e-10,-0.003121524705748793,100,5.0,0.0027341613397145617,empirical,0.010961608886718759,6.569840354818785e-05,0.09343951556477115,0.0032243240424847585,0.003022488098305559,0.00263573062729119
T-L,SA,mc_learned_baseline,False,49,43,74648,11008,11008,44032,0,8600,37324,149296,262144,0.9307031250000002,0.9333,0.9410016023670462,0.0017811701136315472,2.5404728728884385e-05,public_state_tabular_independent_mc,0,0.2834691952277127,1.7135036999825388,True,accepted_return_check_disabled,0.1,1,7.285730424630557e-11,-0.006299782753337785,100,5.0,0.004193621612255979,empirical,0.02139816894531251,0.005384309552155251,0.03941281184695944,0.001481673512034834,0.005162291304956214,0.00440355098038212
T-L,SA,mc_learned_baseline,False,49,44,76384,11264,11264,45056,0,8800,38192,152768,262144,0.9424218750000002,0.945,0.9424097293822857,0.0014081270152395131,1.6578157536782914e-05,public_state_tabular_independent_mc,0,0.28111560310350836,1.7524203000357375,True,accepted_return_check_disabled,0.1,1,8.017873272849566e-11,-0.005006867578256696,100,5.0,0.0007816711776056598,empirical,0.021197119140625005,0.0056902131201696845,0.024239189037702613,0.0015137259684939591,0.00338236800919836,0.004200910224187925
T-L,SA,mc_learned_baseline,False,49,45,78120,11520,11520,46080,0,9000,39060,156240,262144,0.9353906250000003,0.9690000000000001,0.944058699753712,0.001648970371426306,2.330527312690173e-05,public_state_tabular_independent_mc,0,0.27828948293051997,1.7911923000356182,True,accepted_return_check_disabled,0.1,1,9.286325288855401e-11,-0.006439955428185141,100,5.0,0.0016688731680983481,empirical,0.02416123046875001,0.0054275921097783515,0.028930108181285275,0.001407141332672002,0.004723593482933578,0.004151038250716593
T-L,SA,mc_learned_baseline,False,49,46,79856,11776,11776,47104,0,9200,39928,159712,262144,0.9400781250000002,0.9633000000000002,0.944058699753712,0.0,0.0,public_state_tabular_independent_mc,0,0.27828948293051997,1.8127663000486791,False,direction_rejected,0.0,0,,-0.007159919151319288,100,5.0,-0.013344294255599274,empirical,0.024420238757876418,0.006134702168829154,0.01904559097786085,0.02594351143127248,0.044623755090646,-0.020557474864167133
T-L,SA,mc_learned_baseline,False,49,47,81592,12032,12032,48128,0,9400,40796,163184,262144,0.9421875000000002,0.9329999999999999,0.944058699753712,0.0,0.0,public_state_tabular_independent_mc,0,0.27828948293051997,1.8324804999865592,False,direction_rejected,0.0,0,,-0.0034096641496482363,100,5.0,-0.0148556981013487,empirical,0.010461784798473593,0.00019259058691806577,0.07187706599553523,0.01948967158251007,0.033064825564973,-0.014103635015404715
T-L,SA,mc_learned_baseline,False,49,48,83328,12288,12288,49152,0,9600,41664,166656,262144,0.9468750000000001,0.948,0.9449951668578979,0.000936467104185823,1.0935922892477752e-05,public_state_tabular_independent_mc,0,0.2764161474271528,1.875996800023131,True,accepted_return_check_disabled,0.1,1,2.5652194185133993e-10,-0.0023986979557918797,100,5.0,0.0035367515707679983,empirical,0.010162353515625002,4.398386938105049e-05,0.064481673038003,0.0026496395343171813,0.0022151750165334424,0.0027363970327881674
T-L,SA,mc_learned_baseline,False,49,49,85064,12544,12544,50176,0,9800,42532,170128,262144,0.9421875000000002,0.9420000000000001,0.945993200243793,0.000998033385895103,1.232129045366229e-05,public_state_tabular_independent_mc,0,0.27441354158878045,1.9190977000398561,True,accepted_return_check_disabled,0.1,1,2.36194885845815e-10,-0.002727247104091041,100,5.0,0.0026756782195729513,empirical,0.01082427978515626,0.0002404302316696654,0.05390339639099373,0.002621943070700658,0.0024940693256644397,0.002781548622730532
T-L,SA,mc_learned_baseline,False,49,50,86800,12800,12800,51200,0,10000,43400,173600,262144,0.9377343750000002,0.9183,0.945993200243793,0.0,0.0,public_state_tabular_independent_mc,0,0.27441354158878045,1.9446738000260666,False,direction_rejected,0.0,0,,-0.005675949092629988,100,5.0,-0.01200893455513908,empirical,0.02127200540773142,0.005476796696292717,0.02213326776299962,0.014553427201073207,0.02783240359476005,-0.009132333980048476
T-L,SA,mc_learned_baseline,False,49,51,88536,13056,13056,52224,0,10200,44268,177072,262144,0.9330468750000003,0.9450000000000002,0.9475114456780229,0.001518245434229959,1.9373950820709922e-05,public_state_tabular_independent_mc,0,0.27174862083399787,1.9835728000616655,True,accepted_return_check_disabled,0.1,1,7.729793387209366e-11,-0.005726226635457574,100,5.0,0.0030426504270958826,empirical,0.021267432498880315,0.005594307033964,0.03581760224944763,0.0012095445738613925,0.003954313625585251,0.004211548647163336
T-L,SA,mc_learned_baseline,False,49,52,90272,13312,13312,53248,0,10400,45136,180544,262144,0.9517968750000001,0.963,0.9491019768975981,0.0015905312195751975,2.2319437486231186e-05,public_state_tabular_independent_mc,0,0.26892373712714907,2.0260811999905854,True,accepted_return_check_disabled,0.1,1,1.0678749010815457e-10,-0.0063227396826083275,100,5.0,0.0025238215291424476,empirical,0.023270239257812502,0.005427283966119032,0.015363298247319523,0.0012635974441289296,0.004546473686956574,0.004021187444973496
T-L,SA,mc_learned_baseline,False,49,53,92008,13568,13568,54272,0,10600,46004,184016,262144,0.9515625000000002,0.936,0.9501615528861874,0.0010595759885893008,1.3626841831751906e-05,public_state_tabular_independent_mc,0,0.2667725961078512,2.061947099980898,True,accepted_return_check_disabled,0.1,1,1.586689494197169e-10,-0.0027903462513437396,100,5.0,0.0031723342977545144,empirical,0.009964599609375006,4.599794073126242e-05,0.05373221028173103,0.002289053736367338,0.0027169811955223924,0.0028475665353132995
T-L,SA,mc_learned_baseline,False,49,54,93744,13824,13824,55296,0,10800,46872,187488,262144,0.9353906250000001,0.9393,0.951474664341231,0.0013131114550435363,1.4990729059112911e-05,public_state_tabular_independent_mc,0,0.2644534510576304,2.0991165000014007,True,accepted_return_check_disabled,0.1,1,2.040462387589061e-11,-0.005238933483323809,100,5.0,0.0020888991140388417,empirical,0.02198593750000001,0.005720553324390975,0.023955476605456938,0.001149210488600481,0.0030576878849903804,0.004003466382497667
T-L,SA,mc_learned_baseline,False,49,55,95480,14080,14080,56320,0,11000,47740,190960,262144,0.9562500000000003,0.9540000000000001,0.951474664341231,0.0,0.0,public_state_tabular_independent_mc,0,0.2644534510576304,2.1203128000488505,False,direction_rejected,0.0,0,,-0.0022454260298503037,100,5.0,-0.019370066836627887,empirical,0.009801150094939547,9.859693104855538e-05,0.03421974366931113,0.020197462539702466,0.031351942725023015,-0.01517223997923818
T-L,SA,mc_learned_baseline,False,49,56,97216,14336,14336,57344,0,11200,48608,194432,262144,0.9213281250000002,0.9420000000000002,0.9527604090386481,0.0012857446974171571,1.4706818166205627e-05,public_state_tabular_independent_mc,0,0.2621322605000499,2.1653324000071734,True,accepted_return_check_disabled,0.1,1,5.305344993422099e-11,-0.005482051869975878,100,5.0,0.0021291565558421086,empirical,0.022407525812291718,0.005476443732146713,0.03526272923886764,0.001118545756385381,0.003004116263177239,0.003906676804078898
T-L,SA,mc_learned_baseline,False,49,57,98952,14592,14592,58368,0,11400,49476,197904,262144,0.9726562500000002,0.9336,0.9539855296947924,0.0012251206561443295,1.7738791093136777e-05,public_state_tabular_independent_mc,0,0.25962531861285626,2.206438499968499,True,accepted_return_check_disabled,0.1,1,3.3639253961655775e-10,-0.0029874616098591227,100,5.0,0.002794264235628145,empirical,0.008786315917968756,0.0005723797386565693,0.011256612609487071,0.0020224818608902124,0.003594642762171441,0.0028913809923117595
T-L,SA,mc_learned_baseline,False,49,58,100688,14848,14848,59392,0,11600,50344,201376,262144,0.9400781250000002,0.9366000000000001,0.9554793184203786,0.0014937887255861426,2.0119418101263153e-05,public_state_tabular_independent_mc,0,0.2568812424433693,2.249471200047992,True,accepted_return_check_disabled,0.1,1,1.7285385684094068e-11,-0.006475676850242602,100,5.0,0.0018499277956516818,empirical,0.023862402343750005,0.005306290692561966,0.025305097419545786,0.0009884501234830416,0.004082626651671929,0.003938555193421674
T-L,SA,mc_learned_baseline,False,49,59,102424,15104,15104,60416,0,11800,51212,204848,262144,0.9194531250000002,0.9156,0.9570458706065044,0.0015665521861257803,2.2008793189965972e-05,public_state_tabular_independent_mc,0,0.2539114718854522,2.28739139996469,True,accepted_return_check_disabled,0.1,1,2.886354959098664e-10,-0.012876277969929576,100,5.0,0.0036518506316516354,empirical,0.04245681785300926,0.01595896118812757,0.01865161077613453,0.0008922290263448873,0.004488696901730932,0.00390553985008385
T-L,SA,mc_learned_baseline,False,49,60,104160,15360,15360,61440,0,12000,52080,208320,262144,0.9517968750000003,0.9122999999999999,0.958415828861219,0.0013699582547146427,1.7183328350845253e-05,public_state_tabular_independent_mc,0,0.2513073114648299,2.327798799960874,True,accepted_return_check_disabled,0.1,1,2.680792522835058e-10,-0.005700797318163019,100,5.0,0.004913075794819834,empirical,0.020581884765625003,0.0054201386038486895,0.017239386892386688,0.0008656229295435562,0.0034631985895467792,0.003835397918041274
T-L,SA,mc_learned_baseline,False,49,61,105896,15616,15616,62464,0,12200,52948,211792,262144,0.9609375000000002,0.9632999999999999,0.958415828861219,0.0,0.0,public_state_tabular_independent_mc,0,0.2513073114648299,2.3486666000681,False,direction_rejected,0.0,0,,-0.00384180619926136,100,5.0,-0.018771781365914772,empirical,0.009508436754014754,0.00012336784427129772,0.03677175911471908,0.026556242657998243,0.03949080305168547,-0.021945158609946648
T-L,SA,mc_learned_baseline,False,49,62,107632,15872,15872,63488,0,12400,53816,215264,262144,0.9400781250000002,0.9660000000000001,0.9600575673787849,0.0016417385175658827,2.500278110646669e-05,public_state_tabular_independent_mc,0,0.24816601699598934,2.3907058000331745,True,accepted_return_check_disabled,0.1,1,3.839669681490247e-10,-0.007392010392100273,100,5.0,0.0038728682814142025,empirical,0.02403598632812501,0.005336014542927871,0.02369484144339895,0.0008769644564291595,0.0050243029206009145,0.0037341195916224326
T-L,SA,mc_learned_baseline,False,49,63,109368,16128,16128,64512,0,12600,54684,218736,262144,0.9567187500000002,0.978,0.9618805349722173,0.0018229675934323675,2.6422375439412888e-05,public_state_tabular_independent_mc,0,0.2447927999310335,2.431195000070147,True,accepted_return_check_disabled,0.1,1,4.245511953653049e-10,-0.009605203308589428,100,5.0,0.0060934524025211805,empirical,0.033644726562500005,0.010530455007751089,-0.0051287073924697335,5.1841937009023344e-05,0.005335870525718867,0.004447603400758209
T-L,SA,mc_learned_baseline,False,49,64,111104,16384,16384,65536,0,12800,55552,222208,262144,0.9796875000000003,0.9630000000000001,0.9618805349722173,0.0,0.0,public_state_tabular_independent_mc,0,0.2447927999310335,2.454683699994348,False,direction_rejected,0.0,0,,-0.003068829196665,100,5.0,-0.02921981182493114,empirical,0.008662218221028643,0.00021431589081234712,-0.014945580515958845,0.02258675547792196,0.033344221657368965,-0.01827168415505626
T-L,SA,mc_learned_baseline,False,49,65,112840,16640,16640,66560,0,13000,56420,225680,262144,0.9679687500000003,0.9363000000000001,0.9618805349722173,0.0,0.0,public_state_tabular_independent_mc,0,0.2447927999310335,2.4772582000587136,False,direction_rejected,0.0,0,,-0.0037577203450696465,100,5.0,-0.05265782317426954,empirical,0.009920962866526113,0.00078843991460136,0.02734274982996554,0.04868272839190685,0.06976515020007613,-0.044367657069041146
T-L,SA,mc_learned_baseline,False,49,66,114576,16896,16896,67584,0,13200,57288,229152,262144,0.9541406250000002,0.978,0.9631164711196402,0.0012359361474229003,1.4625641084070788e-05,public_state_tabular_independent_mc,0,0.24237261513364353,2.516833300003782,True,accepted_return_check_disabled,0.1,1,2.0190718149512e-11,-0.00556441363925235,100,5.0,0.0015229951665778397,empirical,0.02134323730468752,0.006200992665979853,0.0013225267806118435,0.0006810850241737147,0.002969422385209799,0.003633986298691984
T-L,SA,mc_learned_baseline,False,49,67,116312,17152,17152,68608,0,13400,58156,232624,262144,0.9726562500000002,0.9483,0.964026574519376,0.000910103399735851,9.543800954090295e-06,public_state_tabular_independent_mc,0,0.2404521440582106,2.5593766999663785,True,accepted_return_check_disabled,0.1,1,2.954462840023249e-10,-0.002119459565820427,100,5.0,0.002973163767146489,empirical,0.008635253906250005,9.625124640430406e-05,0.01984216459977417,0.0013535552422031488,0.0019370994620788382,0.0028892914540741216
T-L,SA,mc_learned_baseline,False,49,68,118048,17408,17408,69632,0,13600,59024,236096,262144,0.9424218750000002,0.972,0.964026574519376,0.0,0.0,public_state_tabular_independent_mc,0,0.2404521440582106,2.5850646999897435,False,direction_rejected,0.0,0,,-0.007142766820707375,100,5.0,-0.023881167725903464,empirical,0.023870338275691995,0.005333117706608926,0.01588527930416972,0.021851848813634018,0.0339655801509902,-0.01760566394481293
T-L,SA,mc_learned_baseline,False,49,69,119784,17664,17664,70656,0,13800,59892,239568,262144,0.9656250000000002,0.99,0.9653425642970467,0.0013159897776706675,1.9918758160952016e-05,public_state_tabular_independent_mc,0,0.23766377013524742,2.6370786000043154,True,accepted_return_check_disabled,0.1,1,3.395173235280759e-10,-0.0036290699973274823,100,5.0,0.0033997524094363392,empirical,0.009121398925781255,2.4526805117100114e-05,0.030137119833636872,0.0012982766211867224,0.003971657130483014,0.002947908247634367
T-L,SA,mc_learned_baseline,False,49,70,121520,17920,17920,71680,0,14000,60760,243040,262144,0.9398437500000001,0.9840000000000001,0.9653425642970467,0.0,0.0,public_state_tabular_independent_mc,0,0.23766377013524742,2.658317400026135,False,direction_rejected,0.0,0,,-0.004092794834577847,100,5.0,-0.0274156921676204,empirical,0.010698266287177467,0.00010717781929507545,0.060590362950307175,0.022584855395406216,0.03345541153306204,-0.01833533084532539
T-L,SA,mc_learned_baseline,False,49,71,123256,18176,18176,72704,0,14200,61628,246512,262144,0.9750000000000002,0.9690000000000002,0.9653425642970467,0.0,0.0,public_state_tabular_independent_mc,0,0.23766377013524742,2.6804697000188753,False,direction_rejected,0.0,0,,-0.003318008150112917,100,5.0,-0.016266079739001824,empirical,0.00873158737494021,0.000166614294895954,0.012961354214981013,0.022703463355385655,0.03371588556539942,-0.018453938805304833
T-L,SA,mc_learned_baseline,False,49,72,124992,18432,18432,73728,0,14400,62496,249984,262144,0.9773437500000002,0.9513000000000001,0.9653425642970467,0.0,0.0,public_state_tabular_independent_mc,0,0.23766377013524742,2.7030216000275686,False,direction_rejected,0.0,0,,-0.0027265991094211693,100,5.0,-0.013247913325818985,empirical,0.00942747667476411,0.000798228503204972,-0.04570323962193967,0.023999452314402647,0.03392313429687774,-0.019749927764321815
T-L,SA,mc_learned_baseline,False,49,73,126728,18688,18688,74752,0,14600,63364,253456,262144,0.9609375000000002,0.993,0.966555562590802,0.0012129982937553185,1.6875239546492218e-05,public_state_tabular_independent_mc,0,0.23508156617313472,2.740627199993469,True,accepted_return_check_disabled,0.1,1,7.475901143451673e-13,-0.0034465728286322554,100,5.0,0.0023928324978926335,empirical,0.009527893066406258,4.6891534167378836e-05,0.03214174211676579,0.0012367599738273992,0.0033907872687694318,0.003012764576253432
T-L,SA,mc_learned_baseline,False,49,74,128464,18944,18944,75776,0,14800,64232,256928,262144,0.9679687500000003,0.981,0.966555562590802,0.0,0.0,public_state_tabular_independent_mc,0,0.23508156617313472,2.7611859999597073,False,direction_rejected,0.0,0,,-0.0031983591359638227,100,5.0,-0.0034636839115036056,empirical,0.009170516095842633,0.0001899615325653742,0.012961386309928602,0.02201633454208291,0.032136457375460704,-0.017765330709422426
T-L,SA,mc_learned_baseline,False,49,75,130200,19200,19200,76800,0,15000,65100,260400,262144,0.9656250000000002,0.9630000000000001,0.966555562590802,0.0,0.0,public_state_tabular_independent_mc,0,0.23508156617313472,2.7814878000644967,False,direction_rejected,0.0,0,,-0.0028107183170969392,100,5.0,-0.014626534347880808,empirical,0.009347304040311404,0.00017446020578147937,0.0070293755326996665,0.02258248389329163,0.032143926157308225,-0.01833148006063114
T-L,SA,mc_learned_baseline,False,49,76,131936,19456,19456,77824,0,15200,65968,263872,262144,0.9471093750000001,0.9660000000000001,0.966555562590802,0.0,0.0,public_state_tabular_independent_mc,0,0.23508156617313472,2.800411600037478,False,direction_rejected,0.0,0,,-0.007046642600468129,100,5.0,-0.02478883232148318,empirical,0.023536363284748292,0.005406913206467926,0.01384457121447813,0.02230638109119983,0.03445663957085129,-0.01805537725853934
T-L,SA,mc_learned_baseline,False,49,77,133672,19712,19712,78848,0,15400,66836,267344,262144,0.9658593750000002,0.9540000000000002,0.9680736606684397,0.0015180980776376973,2.2445016671610184e-05,public_state_tabular_independent_mc,0,0.23203150872550576,2.838083100039512,True,accepted_return_check_disabled,0.1,1,2.1572287297528855e-10,-0.006793543761926937,100,5.0,0.0033531551636390936,empirical,0.022581396484375002,0.005387046903355874,-0.0030445086405233024,0.0006766009572249728,0.0045113663886867245,0.0035744028754355166
T-L,SA,mc_learned_baseline,False,49,78,135408,19968,19968,79872,0,15600,67704,270816,262144,0.9726562500000002,0.978,0.969200606703638,0.0011269460351982508,1.4585963282113936e-05,public_state_tabular_independent_mc,0,0.22960724084508405,2.8795247999951243,True,accepted_return_check_disabled,0.1,1,4.2135827311834205e-10,-0.0029533039386878826,100,5.0,0.002437039148939223,empirical,0.008679199218750001,6.420820470340675e-05,0.017344549475327375,0.0011438647970077808,0.002962818191992564,0.0030199810120285523
T-L,SA,mc_learned_baseline,False,49,79,137144,20224,20224,80896,0,15800,68572,274288,262144,0.9843750000000002,0.9780000000000001,0.9702013380985746,0.001000731394936616,1.1490077336184084e-05,public_state_tabular_independent_mc,0,0.22744557257104944,2.92757000005804,True,accepted_return_check_disabled,0.1,1,2.4548240378022326e-10,-0.0022229482088658393,100,5.0,0.0030845163081157415,empirical,0.007734375,1.1864814667485642e-05,0.005039370078740113,0.001190808161704911,0.002286505590915047,0.002972429369408654
T-L,SA,mc_learned_baseline,False,49,80,138880,20480,20480,81920,0,16000,69440,277760,262144,0.9445312500000002,0.9810000000000001,0.971361563384508,0.0011602252859334028,1.544230479578882e-05,public_state_tabular_independent_mc,0,0.22492879433682794,2.973216600017622,True,accepted_return_check_disabled,0.1,1,6.03317056690573e-11,-0.0038447883189662727,100,5.0,0.002931415245867629,empirical,0.010722656250000007,1.1776346764094517e-05,0.04870556654813096,0.0011363052988313054,0.0031162178960633257,0.0030253041021360513
T-L,SA,mc_learned_baseline,False,49,81,140616,20736,20736,82944,0,16200,70308,281232,262144,0.9635156250000002,0.996,0.9727097043882539,0.0013481410037459174,1.7447323459896076e-05,public_state_tabular_independent_mc,0,0.22216745540788405,3.0114698000252247,True,accepted_return_check_disabled,0.1,1,3.412143564960617e-10,-0.006032683789343332,100,5.0,0.003963942431665735,empirical,0.019820532226562507,0.005325596515311278,0.008286090598111806,0.0004988887393211267,0.003560148010315694,0.0036595184841664856
T-L,SA,mc_learned_baseline,False,49,82,142352,20992,20992,83968,0,16400,71176,284704,262144,0.9890625000000002,0.996,0.9736818171449383,0.0009721127566844068,1.0818305435934256e-05,public_state_tabular_independent_mc,0,0.22004105135861146,3.050703600049019,True,accepted_return_check_disabled,0.1,1,1.6457118634062399e-10,-0.0020954539106272582,100,5.0,0.002780550813493198,empirical,0.007327880859375001,1.5913191379365932e-05,0.001084870232829882,0.0011246746522293421,0.0021561349867135985,0.002958194086377787
T-L,SA,mc_learned_baseline,False,49,83,144088,21248,21248,84992,0,16600,72044,288176,262144,0.9705468750000001,0.9690000000000001,0.9750197346033518,0.0013379174584134956,1.794912547447973e-05,public_state_tabular_independent_mc,0,0.21726633794693354,3.0875398999778554,True,accepted_return_check_disabled,0.1,1,6.500715052690483e-11,-0.006347737175535747,100,5.0,0.0017115442812217843,empirical,0.0221078857421875,0.0052974854617765296,0.000778009640284183,0.0005625847528596106,0.003615797375270541,0.003515059826818469
T-L,SA,mc_learned_baseline,False,49,84,145824,21504,21504,86016,0,16800,72912,291648,262144,0.9705468750000001,0.9783000000000002,0.976203934418881,0.0011841998155291966,1.3810352019166381e-05,public_state_tabular_independent_mc,0,0.21480843933184215,3.1235234000487253,True,accepted_return_check_disabled,0.1,1,3.379393061816513e-10,-0.005423539137779048,100,5.0,0.004136515767089423,empirical,0.01951071777343751,0.005524976413427449,0.003901927462412025,0.00048164192796020514,0.0027730353164387494,0.003516875700181144
T-L,SA,mc_learned_baseline,False,49,85,147560,21760,21760,87040,0,17000,73780,295120,262144,0.9656250000000002,0.987,0.976203934418881,0.0,0.0,public_state_tabular_independent_mc,0,0.21480843933184215,3.1487918000202626,False,direction_rejected,0.0,0,,-0.0032582763958296447,100,5.0,-0.011339469451887295,empirical,0.010345493941148719,0.0016442152834785576,-6.490050122320845e-05,0.03461138098889127,0.04920567535184975,-0.030683068284503578
T-L,SA,mc_learned_baseline,False,49,86,149296,22016,22016,88064,0,17200,74648,298592,262144,0.9750000000000001,1.0020000000000002,0.976203934418881,0.0,0.0,public_state_tabular_independent_mc,0,0.21480843933184215,3.175401799962856,False,direction_rejected,0.0,0,,-0.0030815052560238575,100,5.0,-0.006516281015257089,empirical,0.008730603885519819,0.0002288232507311745,-0.013322022549959733,0.01625235332486455,0.023948594882255318,-0.012324040620476859
T-L,SA,mc_learned_baseline,False,49,87,151032,22272,22272,89088,0,17400,75516,302064,262144,0.9773437500000002,1.008,0.976203934418881,0.0,0.0,public_state_tabular_independent_mc,0,0.21480843933184215,3.1967257000505924,False,direction_rejected,0.0,0,,-0.0034711010251508414,100,5.0,-0.022065796678213092,empirical,0.008348746429151024,8.674755664995907e-05,0.013058850872220917,0.018818623286857142,0.02854749290606743,-0.014890310582469453
T-L,SA,mc_learned_baseline,False,49,88,152768,22528,22528,90112,0,17600,76384,305536,262144,0.9703125000000002,0.972,0.9773564201817196,0.001152485762838662,1.5302359634321797e-05,public_state_tabular_independent_mc,0,0.21225244710879276,3.2451363999862224,True,accepted_return_check_disabled,0.1,1,9.28030554823824e-11,-0.0032587629890471247,100,5.0,0.003041007081079645,empirical,0.00878082275390625,6.750356759818474e-05,0.024333582038933765,0.0009122669483954728,0.003061735131590298,0.003016045755992217
T-L,SA,mc_learned_baseline,False,49,89,154504,22784,22784,91136,0,17800,77252,309008,262144,0.9520312500000002,0.9810000000000001,0.9789735170129297,0.0016170968312100298,2.372589741074848e-05,public_state_tabular_independent_mc,0,0.20892510244777363,3.2870589999947697,True,accepted_return_check_disabled,0.1,1,5.165949732415426e-10,-0.0103635070995399,100,5.0,0.0035563115862410743,empirical,0.03417646484375001,0.010679861026711123,0.0052616905023774585,6.293524575486521e-05,0.004849932602062837,0.0038557722207205707
T-L,SA,mc_learned_baseline,False,49,90,156240,23040,23040,92160,0,18000,78120,312480,262144,0.9656250000000002,0.9840000000000002,0.9801780330333285,0.001204516020398838,1.684553127830628e-05,public_state_tabular_independent_mc,0,0.20622383993021765,3.3748889999696985,True,accepted_return_check_disabled,0.1,1,1.6879452766763947e-10,-0.003694040525390847,100,5.0,0.002697260658327265,empirical,0.009140625000000003,2.6385159115735675e-05,0.029113595009097937,0.0008050174442583474,0.003367232069938682,0.0029843793500108568
T-L,SA,mc_learned_baseline,False,49,91,157976,23296,23296,93184,0,18200,78988,315952,262144,0.9984375000000003,0.9780000000000001,0.9812194908172922,0.0010414577839636951,1.2626423969564684e-05,public_state_tabular_independent_mc,0,0.20387684432515152,3.4256667000008747,True,accepted_return_check_disabled,0.1,1,3.5982302469026944e-10,-0.0022541110261249534,100,5.0,0.003436913347236392,empirical,0.006539611816406249,4.2173014290300276e-06,-0.01040971891376885,0.0008062894124007765,0.002565559370621277,0.0029704575858818328
T-L,SA,mc_learned_baseline,False,49,92,159712,23552,23552,94208,0,18400,79856,319424,262144,0.9843750000000002,0.996,0.9812194908172922,0.0,0.0,public_state_tabular_independent_mc,0,0.20387684432515152,3.447967699961737,False,direction_rejected,0.0,0,,-0.0033759856803736235,100,5.0,-0.014496697275869094,empirical,0.00801136644151476,0.00026695656370278166,-0.029178608923884575,0.013570871344575977,0.021103067079759057,-0.009806292807281626
T-L,SA,mc_learned_baseline,False,49,93,161448,23808,23808,95232,0,18600,80724,322896,262144,0.9843750000000002,0.9720000000000002,0.9824269544440075,0.0012074636267153105,1.7038876827459427e-05,public_state_tabular_independent_mc,0,0.2011422365832895,3.4935500000137836,True,accepted_return_check_disabled,0.1,1,8.311686920388223e-12,-0.0032078385489003884,100,5.0,0.0019043001557590448,empirical,0.007690429687500002,5.154615435218386e-06,0.007874015748031371,0.0008032237130858149,0.0034332168491302824,0.002961354824208532
T-L,SA,mc_learned_baseline,False,49,94,163184,24064,24064,96256,0,18800,81592,326368,262144,0.9820312500000001,1.002,0.9824269544440075,0.0,0.0,public_state_tabular_independent_mc,0,0.2011422365832895,3.5125461999559775,False,direction_rejected,0.0,0,,-0.002766785425250941,100,5.0,-0.018076567048137922,empirical,0.007949185180664065,4.726427191637478e-05,0.003707848085505616,0.017057146711595035,0.025108356871111258,-0.013308105464118668
T-L,SA,mc_learned_baseline,False,49,95,164920,24320,24320,97280,0,19000,82460,329840,262144,0.9890625000000002,0.9930000000000001,0.9824269544440075,0.0,0.0,public_state_tabular_independent_mc,0,0.2011422365832895,3.531606400036253,False,direction_rejected,0.0,0,,-0.0034863936252810543,100,5.0,-0.018945455722950928,empirical,0.007390432260550706,6.166258443807714e-05,0.0022563869075963305,0.017156679979448353,0.02673187748901315,-0.013407638731971986
T-L,SA,mc_learned_baseline,False,49,96,166656,24576,24576,98304,0,19200,83328,333312,262144,0.9846093750000002,0.9840000000000002,0.9837405306150401,0.00131357617103256,1.7742334276639623e-05,public_state_tabular_independent_mc,0,0.1982795398000751,3.569752100040205,True,accepted_return_check_disabled,0.1,1,3.345765760595384e-10,-0.005718655608293757,100,5.0,0.0030822282914365236,empirical,0.018290136718750006,0.005481289155409933,0.00036211429483901103,0.00033566748858608023,0.003558017628511296,0.0034133737588902865
T-L,SA,mc_learned_baseline,False,49,97,168392,24832,24832,99328,0,19400,84196,336784,262144,0.9820312500000001,0.9633000000000002,0.9849199960143984,0.0011794653993583148,1.6377888390291964e-05,public_state_tabular_independent_mc,0,0.19558061953778555,3.607281900011003,True,accepted_return_check_disabled,0.1,1,2.338692798589883e-12,-0.0032802782404419764,100,5.0,0.003028168968092701,empirical,0.007888183593750002,2.401035036037328e-05,0.00996035014461627,0.0007341351500714055,0.0032981431061613713,0.002947929675540779
T-L,SA,mc_learned_baseline,False,49,98,170128,25088,25088,100352,0,19600,85064,340256,262144,0.9937500000000002,0.987,0.9860204926201012,0.001100496605702772,1.4326694469840228e-05,public_state_tabular_independent_mc,0,0.19304915783762103,3.645746099995449,True,accepted_return_check_disabled,0.1,1,3.6089819332235187e-10,-0.002627703689243988,100,5.0,0.0026242812106780627,empirical,0.0068994140624999995,7.499419027763713e-06,-0.0017780938833569238,0.0007215257781326629,0.0028529831958428627,0.002942171157380195
T-L,SA,mc_learned_baseline,False,49,99,171864,25344,25344,101376,0,19800,85932,343728,262144,0.9890625000000002,0.9663,0.9871823524887017,0.0011618598686005122,1.6058912978272194e-05,public_state_tabular_independent_mc,0,0.19036237855446247,3.6823388000484556,True,accepted_return_check_disabled,0.1,1,5.421204437943025e-11,-0.0030730684536274143,100,5.0,0.002920799288681568,empirical,0.007308654785156251,2.285781774757184e-05,0.002399232245681171,0.000725166079415486,0.003243831797837238,0.002920072178152415
T-L,SA,mc_learned_baseline,False,49,100,173600,25600,25600,102400,0,20000,86800,347200,262144,0.9914062500000003,0.975,0.9871823524887017,0.0,0.0,public_state_tabular_independent_mc,0,0.19036237855446247,3.7045437999768183,False,direction_rejected,0.0,0,,-0.003036912102236244,100,5.0,-0.017078873094461877,empirical,0.0071584136962890635,6.138417910895317e-05,0.0004970976522993276,0.01546475756274704,0.023687009705274945,-0.011840390674564914
T-L,SA,mc_learned_baseline,False,49,101,175336,25856,25856,103424,0,20200,87668,350672,262144,1.0054687500000001,1.005,0.9883333762316933,0.001151023742991586,1.585652176532182e-05,public_state_tabular_independent_mc,0,0.18768600782928435,3.74930210004095,True,accepted_return_check_disabled,0.1,1,8.738190810454638e-11,-0.0024273126875609817,100,5.0,0.003314372664823264,empirical,0.00569915771484375,7.170544698622247e-05,0.0003482733678032979,0.0007202641639747889,0.0032064249007119267,0.002904102724207339
T-L,SA,mc_learned_baseline,False,49,102,177072,26112,26112,104448,0,20400,88536,354144,262144,0.9731250000000002,0.978,0.9895180795983695,0.0011847033666761986,1.3868724008362823e-05,public_state_tabular_independent_mc,0,0.18515024807959615,3.7880959999747574,True,accepted_return_check_disabled,0.1,1,1.323755498268758e-10,-0.00878963422130143,100,5.0,0.003745536334580238,empirical,0.03279438476562501,0.010861084485707304,0.0001399260434137295,5.9337435624520775e-05,0.0028310074765364097,0.003542951591260506
T-L,SA,mc_learned_baseline,False,49,103,178808,26368,26368,105472,0,20600,89404,357616,262144,0.9914062500000003,0.9869999999999999,0.9907524926736422,0.0012344130752727223,1.8516051116401886e-05,public_state_tabular_independent_mc,0,0.18224845387885288,3.826481300056912,True,accepted_return_check_disabled,0.1,1,5.233681414251613e-13,-0.003370326622733535,100,5.0,0.002797759110455015,empirical,0.007207031250000001,0.00013672134076902654,-0.006886014934044837,0.0006766855238248904,0.003728432332088984,0.0028143149087651613
T-L,SA,mc_learned_baseline,False,49,104,180544,26624,26624,106496,0,20800,90272,361088,262144,0.9960937500000002,0.972,0.9917808756942922,0.0010283830206500033,1.2940327829583453e-05,public_state_tabular_independent_mc,0,0.1798172821905941,3.862872499972582,True,accepted_return_check_disabled,0.1,1,2.955104594009869e-10,-0.0025212129771165206,100,5.0,0.0024304200483260792,empirical,0.006643981933593751,3.716589371148329e-05,-0.00025290263248711753,0.0006236441276497222,0.002578542888459361,0.002841422463471874
T-L,SA,mc_learned_baseline,False,49,105,182280,26880,26880,107520,0,21000,91140,364560,262144,0.9822656250000001,0.981,0.9931449183157086,0.001364042621416428,2.130362054424579e-05,public_state_tabular_independent_mc,0,0.17666827906661972,3.906933099962771,True,accepted_return_check_disabled,0.1,1,4.987812807195187e-10,-0.007099491800289728,100,5.0,0.003233720323917869,empirical,0.021189428710937507,0.005300570480801462,-0.001238083178843219,0.0004627131853307995,0.004262007716107416,0.002979540293286562
T-L,SA,mc_learned_baseline,False,49,106,184016,27136,27136,108544,0,21200,92008,368032,262144,0.9726562500000002,0.9960000000000002,0.9931449183157086,0.0,0.0,public_state_tabular_independent_mc,0,0.17666827906661972,3.936844400013797,False,direction_rejected,0.0,0,,-0.0029534100160466736,100,5.0,-0.015876776754276654,empirical,0.008943499330241784,4.404995252887639e-05,-0.010359322743884292,0.014001030463594577,0.020461537402383313,-0.010627463033895697
T-L,SA,mc_learned_baseline,False,49,107,185752,27392,27392,109568,0,21400,92876,371504,262144,1.0078125000000002,0.9960000000000001,0.9942322370522937,0.0010873187365850745,1.4762858341116076e-05,public_state_tabular_independent_mc,0,0.17406510785281484,3.9796006999677047,True,accepted_return_check_disabled,0.1,1,2.4178718224738257e-10,-0.0023849647472263874,100,5.0,0.0022039085232686572,empirical,0.005537109375000001,2.73327641940892e-06,-0.006267487409064687,0.0005836419098968492,0.0029962684855491624,0.00278992551980203
T-L,SA,mc_learned_baseline,False,49,108,187488,27648,27648,110592,0,21600,93744,374976,262144,0.9916406250000003,0.9933000000000001,0.995455940202266,0.0012237031499723328,1.766696638942233e-05,public_state_tabular_independent_mc,0,0.17119816813351402,4.015250200056471,True,accepted_return_check_disabled,0.1,1,3.583889200483653e-11,-0.006418575977230249,100,5.0,0.0018940231354068427,empirical,0.0204423583984375,0.0053161596710418904,-0.00597431181086705,0.00039225119053714355,0.0035762256303518373,0.002955116720088161
T-L,SA,mc_learned_baseline,False,49,109,189224,27904,27904,111616,0,21800,94612,378448,262144,1.0054687500000001,1.0110000000000001,0.9963150269750757,0.0008590867728096585,9.40019664529814e-06,public_state_tabular_independent_mc,0,0.16911676643359944,4.051651500049047,True,accepted_return_check_disabled,0.1,1,1.555667998611487e-10,-0.0019177078190565858,100,5.0,0.002249217507402179,empirical,0.005787048339843752,1.766931295647057e-05,-0.007367321241996017,0.0006241516245763812,0.0019057303552713583,0.00266124559620811
T-L,SA,mc_learned_baseline,False,49,110,190960,28160,28160,112640,0,22000,95480,381920,262144,0.9939843750000003,0.9660000000000001,0.9972677417117273,0.0009527147366515942,1.0416127887595677e-05,public_state_tabular_independent_mc,0,0.16691585937390555,4.095736599992961,True,accepted_return_check_disabled,0.1,1,2.844326227379716e-11,-0.0049394212045014525,100,5.0,0.0024111032737406386,empirical,0.017411230468750004,0.005322501280482813,-0.0013076013555812782,0.0002897558079249651,0.002102939780684054,0.0029734757115933885
T-L,SA,mc_learned_baseline,False,49,111,192696,28416,28416,113664,0,22200,96348,385392,262144,1.0125000000000002,1.002,0.9982039606681536,0.0009362189564263712,1.1332865269037956e-05,public_state_tabular_independent_mc,0,0.1646265499289736,4.134799399995245,True,accepted_return_check_disabled,0.1,1,1.8817215119185484e-10,-0.0019019834934910571,100,5.0,0.0022385375768439394,empirical,0.005144348144531247,2.7846966906307242e-05,-0.014548474409447953,0.00052060043694788,0.0022617543316859837,0.002678938403676663
T-L,SA,mc_learned_baseline,False,49,112,194432,28672,28672,114688,0,22400,97216,388864,262144,1.0054687500000004,1.0110000000000001,0.9991257575069149,0.0009217968387612574,1.10866651841609e-05,public_state_tabular_independent_mc,0,0.16236075713669335,4.169659000006504,True,accepted_return_check_disabled,0.1,1,1.6917921648442798e-10,-0.002145572720715372,100,5.0,0.002618393243657317,empirical,0.005690917968750003,3.525693055210476e-05,0.001071610362472608,0.000521103840037317,0.002213410113489991,0.002652406360244433
T-L,SA,mc_learned_baseline,False,49,113,196168,28928,28928,115712,0,22600,98084,392336,262144,1.0031250000000003,1.008,1.0001194901520012,0.0009937326450862871,1.3015520142888503e-05,public_state_tabular_independent_mc,0,0.15990480411109842,4.206882199971005,True,accepted_return_check_disabled,0.1,1,1.2384253781889657e-10,-0.0025290120259978343,100,5.0,0.002781393494994047,empirical,0.005943603515624999,4.087404466727016e-06,-0.0005141916906621358,0.0004973571829917091,0.002636927331855254,0.0026496239108879313
T-L,SA,mc_learned_baseline,False,49,114,197904,29184,29184,116736,0,22800,98952,395808,262144,0.9843750000000002,0.9990000000000002,1.0010285447605858,0.0009090546085845919,1.1001035998404158e-05,public_state_tabular_independent_mc,0,0.15764574079193674,4.243086199974641,True,accepted_return_check_disabled,0.1,1,2.766552270742895e-10,-0.002980048530631719,100,5.0,0.0026586271400018866,empirical,0.007759094238281255,1.7805494606084682e-05,0.0034448818897635514,0.0005144754087935549,0.0021917327976042145,0.002602904427470137
T-L,SA,mc_learned_baseline,False,49,115,199640,29440,29440,117760,0,23000,99820,399280,262144,1.0033593750000003,1.008,1.0022563662297659,0.0012278214691801015,4.326667718195857e-05,public_state_tabular_independent_mc,0,0.15499964730963486,4.283286600024439,True,accepted_return_check_disabled,0.1,1,2.5492401158841225e-10,-0.00486203498777649,100,5.0,0.0060278528504134135,empirical,0.01684884274454217,0.0056596136498721795,-0.014312793191505246,0.0065401087376255485,0.010871498183296658,-0.003450718162092063
T-L,SA,mc_learned_baseline,False,49,116,201376,29696,29696,118784,0,23200,100688,402752,262144,1.0171875000000001,1.0230000000000001,1.0032001073280652,0.0009437410982993111,1.2239413770584484e-05,public_state_tabular_independent_mc,0,0.1526239986044633,4.320854400051758,True,accepted_return_check_disabled,0.1,1,9.112451448920243e-11,-0.0018896558427989208,100,5.0,0.0024406890586130196,empirical,0.004427490234375001,1.0921772287698506e-05,0.011639052444201159,0.00035327917934589584,0.002478095883919911,0.0025421057973864652
T-L,SA,mc_learned_baseline,False,49,117,203112,29952,29952,119808,0,23400,101556,406224,262144,1.01015625,0.9990000000000001,1.0041400727030434,0.0009399653749782022,1.2283255523453632e-05,public_state_tabular_independent_mc,0,0.15024417605014248,4.358099200064316,True,accepted_return_check_disabled,0.1,1,2.1938193071144257e-10,-0.002267995693223808,100,5.0,0.001984352325221811,empirical,0.005578308105468747,0.00024701278998945375,-0.033015966017284404,0.00035270084026258657,0.0024947421101495022,0.0025138934835321485
T-L,SA,mc_learned_baseline,False,49,118,204848,30208,30208,120832,0,23600,102424,409696,262144,0.9890625000000002,0.978,1.0051309023672605,0.0009908296642171521,1.3822021595348593e-05,public_state_tabular_independent_mc,0,0.14772043984541977,4.39872459997423,True,accepted_return_check_disabled,0.1,1,2.224401027412965e-11,-0.003438181342720612,100,5.0,0.0023486089419984544,empirical,0.007327880859375004,2.341691280477658e-05,0.00108487023282966,0.00036143650402500384,0.0027921241435876513,0.002475550447932473
T-L,SA,mc_learned_baseline,False,49,119,206584,30464,30464,121856,0,23800,103292,413168,262144,0.9916406250000003,1.002,1.006231039769038,0.0011001374017773902,1.6926894764285285e-05,public_state_tabular_independent_mc,0,0.1449207404444829,4.4411820999812335,True,accepted_return_check_disabled,0.1,1,1.2466825823946784e-10,-0.006836116902043236,100,5.0,0.003103650173212997,empirical,0.020412695312500003,0.005311776131670746,2.7033085117089684e-05,0.0003608656137506139,0.0033971913843290438,0.002443904935508292
T-L,SA,mc_learned_baseline,False,49,120,208320,30720,30720,122880,0,24000,104160,416640,262144,1.0101562500000003,1.014,1.007229962888457,0.0009989231194189596,1.4471471838893673e-05,public_state_tabular_independent_mc,0,0.14234180704158783,4.48408580000978,True,accepted_return_check_disabled,0.1,1,2.295869776720585e-10,-0.0025067268443130803,100,5.0,0.0026907291770209914,empirical,0.005207519531250004,5.0104398517653705e-05,0.0025779991211366537,0.00036669509380934435,0.0028937405601944344,0.002392433981483234
T-L,SA,mc_learned_baseline,False,49,121,210056,30976,30976,123904,0,24200,105028,420112,262144,1.0171875000000004,1.0020000000000002,1.0079872691541871,0.0007573062657302287,8.417873907149937e-06,public_state_tabular_independent_mc,0,0.14037527643978948,4.525335700018331,True,accepted_return_check_disabled,0.1,1,2.8519487056541886e-11,-0.001605183497338145,100,5.0,0.0018684424605809726,empirical,0.004394531250000001,9.709842437829728e-06,0.015336163220594279,0.0004019324436570652,0.0017001261502137624,0.0023227159337076793
T-L,SA,mc_learned_baseline,False,49,122,211792,31232,31232,124928,0,24400,105896,423584,262144,1.0054687500000001,1.0050000000000001,1.0088426184497252,0.0008553492955380992,1.0876130052336934e-05,public_state_tabular_independent_mc,0,0.13814208575074693,4.570582599961199,True,accepted_return_check_disabled,0.1,1,1.4151171996389535e-10,-0.0024493777892115416,100,5.0,0.0026082252568244476,empirical,0.005787048339843757,5.61149740916973e-05,-0.007367321241996461,0.00034725188166027346,0.0022064646708226474,0.0023505595703490626
T-L,SA,mc_learned_baseline,False,49,123,213528,31488,31488,125952,0,24600,106764,427056,262144,1.0078125000000002,1.0050000000000001,1.0096784691179288,0.0008358506682035749,1.0525667048976903e-05,public_state_tabular_independent_mc,0,0.1359471396885384,4.624889399972744,True,accepted_return_check_disabled,0.1,1,8.36009833304235e-11,-0.002306339880278498,100,5.0,0.0019916221729792175,empirical,0.005449218749999998,2.3255400878533473e-05,0.0017907106883051638,0.0003489098497123826,0.002131954925118838,0.0023178605915729522
T-L,SA,mc_learned_baseline,False,49,124,215264,31744,31744,126976,0,24800,107632,430528,262144,1.0265625000000003,1.0170000000000001,1.0104891670183709,0.0008106979004420811,1.0035679890481318e-05,public_state_tabular_independent_mc,0,0.13380602023005614,4.664889300009236,True,accepted_return_check_disabled,0.1,1,3.3178627650051796e-12,-0.0013956311404233802,100,5.0,0.00221348463874021,empirical,0.003339843749999999,2.2725594702482592e-06,0.03714949098053222,0.0003531157956581367,0.002023423551276826,0.0022825795516966977
T-L,SA,mc_learned_baseline,False,49,125,217000,32000,32000,128000,0,25000,108500,434000,262144,1.0007812500000002,1.005,1.011389819689815,0.0009006526714441243,1.2574221928095608e-05,public_state_tabular_independent_mc,0,0.13141284090186794,4.7026047999970615,True,accepted_return_check_disabled,0.1,1,6.600415475298388e-11,-0.0029600118995544177,100,5.0,0.0021881186240902684,empirical,0.0061743164062500015,3.569711452617724e-05,-0.00019778970010153607,0.000352008609914049,0.002523009938637569,0.0022528398118667847
T-L,SA,mc_learned_baseline,False,49,126,218736,32256,32256,129024,0,25200,109368,437472,262144,1.0195312500000002,1.0200000000000002,1.0123188248092976,0.0009290051194825732,1.360007263706511e-05,public_state_tabular_independent_mc,0,0.1289279350556033,4.748613200034015,True,accepted_return_check_disabled,0.1,1,3.114241924795439e-10,-0.002080067328394689,100,5.0,0.0028266232206148206,empirical,0.00415008544921875,3.1385974216378994e-06,0.017468676230252833,0.00036921348612928057,0.002716313681957529,0.002200556033523654
T-L,SA,mc_learned_baseline,False,49,127,220472,32512,32512,130048,0,25400,110236,440944,262144,1.0171875000000001,1.014,1.0132310342268953,0.0009122094175977313,1.3337581482534098e-05,public_state_tabular_independent_mc,0,0.1264713197194726,4.787148699979298,True,accepted_return_check_disabled,0.1,1,2.8972784050886294e-10,-0.0022363763139517656,100,5.0,0.0022563105334403367,empirical,0.004606018066406248,0.0001491173053138012,-0.008386964261261731,0.0003681583038280617,0.002664709611127611,0.0021645362017227083
T-L,SA,mc_learned_baseline,False,49,128,222208,32768,32768,131072,0,25600,111104,444416,262144,1.01015625,0.9933,1.014096979237093,0.0008659450101977662,1.2224409219103834e-05,public_state_tabular_independent_mc,0,0.124123620275314,4.825128800002858,True,accepted_return_check_disabled,0.1,1,2.3230937121945715e-10,-0.0025239658067960774,100,5.0,0.0031050173734298967,empirical,0.0052514648437499995,0.00012548954222969144,-0.0016405448952685475,0.0003539644400022801,0.002443259305474453,0.0021414403938162237
T-L,SA,mc_learned_baseline,False,49,129,223944,33024,33024,132096,0,25800,111972,447888,262144,1.0265625000000003,1.002,1.0149873336597117,0.0008903544226186444,1.3154909243496075e-05,public_state_tabular_independent_mc,0,0.1216933691868093,4.863020100048743,True,accepted_return_check_disabled,0.1,1,1.271794371792551e-10,-0.0017115947894087683,100,5.0,0.0021373549724386046,empirical,0.003339843749999998,4.015190116197451e-06,0.03714949098053211,0.00037341087032365783,0.002637054033502339,0.002085783401989699
T-L,SA,mc_learned_baseline,False,49,130,225680,33280,33280,133120,0,26000,112840,451360,262144,1.0125000000000002,1.0230000000000001,1.015824103938352,0.0008367702786402642,1.1827819095592477e-05,public_state_tabular_independent_mc,0,0.11939380703593899,4.912007100065239,True,accepted_return_check_disabled,0.1,1,2.7173434151553333e-10,-0.0024220599536549365,100,5.0,0.0020972574069591625,empirical,0.0049465942382812544,6.877167672941265e-06,0.005382627952755903,0.0003537563249146311,0.002362232157058576,0.0020673831604292644
T-L,SA,mc_learned_baseline,False,49,131,227416,33536,33536,134144,0,26200,113708,454832,262144,1.0312500000000002,1.0173,1.0166844041428102,0.0008603002044582642,1.2736358038408164e-05,public_state_tabular_independent_mc,0,0.11701341384744622,4.963994699995965,True,accepted_return_check_disabled,0.1,1,4.471276976901413e-11,-0.0014280355874326405,100,5.0,0.00219459013636692,empirical,0.002735595703124999,6.88696835312763e-07,0.06758474576271278,0.0003739799699999501,0.0025599060339777844,0.0020106376358528613
T-L,SA,mc_learned_baseline,False,49,132,229152,33792,33792,135168,0,26400,114576,458304,262144,1.0265625000000003,1.0140000000000002,1.0175060779906884,0.0008216738478781238,1.1838559634459058e-05,public_state_tabular_independent_mc,0,0.11472415143789828,5.006957200006582,True,accepted_return_check_disabled,0.1,1,2.3220412439354597e-10,-0.0016478223105354803,100,5.0,0.0024480310779103434,empirical,0.0032519531250000014,9.378307466031548e-06,0.05000893016610142,0.00035974517128522956,0.002366780424812369,0.001986552808739506
T-L,SA,mc_learned_baseline,False,49,133,230888,34048,34048,136192,0,26600,115444,461776,262144,1.01953125,1.02,1.0175060779906884,0.0,0.0,public_state_tabular_independent_mc,0,0.11472415143789828,5.026993100065738,False,direction_rejected,0.0,0,,-0.002092992112018223,100,5.0,-0.0026627299993940996,empirical,0.004230501983069609,0.00010240037124836955,0.02119494285875745,0.01180909973913987,0.018132384427541663,-0.009500130042926418
T-L,SA,mc_learned_baseline,False,49,134,232624,34304,34304,137216,0,26800,116312,465248,262144,1.0218750000000003,1.0170000000000001,1.018303424350539,0.0007973463598507369,1.1360239455821097e-05,public_state_tabular_independent_mc,0,0.11248752220231509,5.066071799956262,True,accepted_return_check_disabled,0.1,1,2.637249230473525e-10,-0.0019161045284887982,100,5.0,0.0024453081108650283,empirical,0.003825988769531251,1.1445517110729442e-06,0.029992260061919462,0.00035541389244174947,0.0022692797116018967,0.0019535558037717033
T-L,SA,mc_learned_baseline,False,49,135,234360,34560,34560,138240,0,27000,117180,468720,262144,1.0195312500000002,1.0290000000000001,1.0189655910700979,0.0006621667195587655,7.969049734433071e-06,public_state_tabular_independent_mc,0,0.1106184376219193,5.152721300022677,True,accepted_return_check_disabled,0.1,1,3.648241389905844e-11,-0.0017442975611343268,100,5.0,0.001892652328367174,empirical,0.004240722656250005,0.0001388453383479931,0.006682404212819737,0.0003584663054579296,0.0016123364196207618,0.001913602923273532
T-L,SA,mc_learned_baseline,False,49,136,236096,34816,34816,139264,0,27200,118048,472192,262144,1.0312500000000004,1.0230000000000001,1.0197512727212257,0.0007856816511278009,1.1433201403884192e-05,public_state_tabular_independent_mc,0,0.10838663226405723,5.218257499975152,True,accepted_return_check_disabled,0.1,1,6.811120414800672e-11,-0.0013998349694534572,100,5.0,0.002171984922042215,empirical,0.002705383300781246,7.217777858349917e-07,0.07282838983050988,0.0003633906272186234,0.0022955280025097114,0.0018775263949259327
T-L,SA,mc_learned_baseline,False,49,137,237832,35072,35072,140288,0,27400,118916,475664,262144,1.0057031250000001,1.0290000000000001,1.0204776836491503,0.0007264109279245812,8.624111912355286e-06,public_state_tabular_independent_mc,0,0.10644954686669404,5.255403300048783,True,accepted_return_check_disabled,0.1,1,6.272485599909292e-11,-0.004895651805669864,100,5.0,0.002105813199404751,empirical,0.016185489227867896,0.005358722889364527,0.004211960896221889,6.192984601785147e-05,0.001740775429786338,0.002141423689557894
T-L,SA,mc_learned_baseline,False,49,138,239568,35328,35328,141312,0,27600,119784,479136,262144,1.0312500000000002,1.0290000000000001,1.0212154158716638,0.0007377322225134986,1.0443198967869603e-05,public_state_tabular_independent_mc,0,0.10432814595830342,5.290751600055955,True,accepted_return_check_disabled,0.1,1,2.164248185827168e-10,-0.001327154975916798,100,5.0,0.0024408218319137017,empirical,0.002636718750000001,4.929616977077015e-05,0.08474576271186451,0.0003154370416658816,0.002087529374413786,0.0018221350922337596
T-L,SA,mc_learned_baseline,False,49,139,241304,35584,35584,142336,0,27800,120652,482608,262144,1.0242187500000002,1.005,1.0219324039127082,0.0007169880410444751,1.0064452846149989e-05,public_state_tabular_independent_mc,0,0.10225242523537591,5.334774999995716,True,accepted_return_check_disabled,0.1,1,2.3250389335646864e-10,-0.0017628990576646095,100,5.0,0.002783887124237508,empirical,0.0035595703125000026,4.224951886580402e-05,0.036473660214697334,0.0003130277174880298,0.002010742939863405,0.0017880864177829176
T-L,SA,mc_learned_baseline,False,49,140,243040,35840,35840,143360,0,28000,121520,486080,262144,1.0103906250000003,1.0320000000000003,1.0227033973577395,0.0007709934450312872,1.0357608024817173e-05,public_state_tabular_independent_mc,0,0.10013307593240511,5.376184300053865,True,accepted_return_check_disabled,0.1,1,1.0667331490555969e-10,-0.005046221010468806,100,5.0,0.0016142136940079602,empirical,0.015830297851562505,0.005361561280486842,0.006471281513792726,3.282377272614951e-05,0.0020864974159012064,0.0020323087991799098
T-L,SA,mc_learned_baseline,False,49,141,244776,36096,36096,144384,0,28200,122388,489552,262144,1.0312500000000004,1.02,1.0233999178059052,0.000696520448165705,9.881582385222637e-06,public_state_tabular_independent_mc,0,0.09809007438390381,5.416413499973714,True,accepted_return_check_disabled,0.1,1,1.3236068066086308e-10,-0.0013544646842661026,100,5.0,0.0013997526809677923,empirical,0.0026477050781249993,5.094815418327427e-06,0.08283898305084791,0.00028194295066119097,0.0019791780798703983,0.0017167790038550815
T-L,SA,mc_learned_baseline,False,49,142,246512,36352,36352,145408,0,28400,123256,493024,262144,1.0289062500000004,1.038,1.0240740080487591,0.0006740902428539197,9.451782359514866e-06,public_state_tabular_independent_mc,0,0.09609939600897027,5.455077099963091,True,accepted_return_check_disabled,0.1,1,1.8425403297975117e-10,-0.0014804680068324703,100,5.0,0.0016897555017182373,empirical,0.002944335937500002,2.5285725802542216e-05,0.06586913353029478,0.00027864853505421924,0.0018900973087655015,0.001684009768751431
T-L,SA,mc_learned_baseline,False,49,143,248248,36608,36608,146432,0,28600,124124,496496,262144,1.0125000000000002,1.026,1.0247216900101224,0.0006476819613632223,8.910155246880975e-06,public_state_tabular_independent_mc,0,0.0941738651684,5.498917300021276,True,accepted_return_check_disabled,0.1,1,2.1988175832611398e-10,-0.0024810330969220937,100,5.0,0.0011591979976637635,empirical,0.0050207519531250055,1.8231240592112815e-06,-0.0020915354330708347,0.00027510414995224455,0.0017795825064318657,0.0016521663484008907
T-L,SA,mc_learned_baseline,False,49,144,249984,36864,36864,147456,0,28800,124992,499968,262144,1.0289062500000004,1.0320000000000003,1.025246330697367,0.0005246406872445597,5.955358537898614e-06,public_state_tabular_independent_mc,0,0.09260465154027184,5.538929800037295,True,accepted_return_check_disabled,0.1,1,6.965072604381378e-11,-0.0011898847535306775,100,5.0,0.0024180781763593435,empirical,0.0029525756835937517,3.301859581655518e-05,0.06456143749697274,0.0003055092200304307,0.0011914253298386656,0.001587308451852416
T-L,SA,mc_learned_baseline,False,49,145,251720,37120,37120,148480,0,29000,125860,503440,262144,1.0242187500000002,1.0290000000000001,1.0258743230338287,0.0006279923364618245,8.708031714942621e-06,public_state_tabular_independent_mc,0,0.09071484898690495,5.576713599963114,True,accepted_return_check_disabled,0.1,1,1.875261312024428e-10,-0.001774954859772043,100,5.0,0.0008866342571187407,empirical,0.0035458374023437504,2.161513887506668e-05,0.03833879056658607,0.00027577162610529414,0.0017406244161875487,0.0015888145734052255
T-L,SA,mc_learned_baseline,False,49,146,253456,37376,37376,149504,0,29200,126728,506912,262144,1.0312500000000004,1.038,1.0269421102092495,0.0010677871754207757,5.68143015714698e-05,public_state_tabular_independent_mc,0,0.08805906846468295,5.622834000037983,True,accepted_return_check_disabled,0.1,1,6.042660756045678e-11,-0.001432746646693903,100,5.0,0.00021959420007642855,empirical,0.002966867510653815,0.00022548666309056081,0.0698372248501502,0.009495557868718248,0.014553916266191923,-0.007665145574446779
T-L,SA,mc_learned_baseline,False,49,147,255192,37632,37632,150528,0,29400,127596,510384,262144,1.0265625000000003,1.0350000000000001,1.0275437341889921,0.0006016239797426159,8.328024486165991e-06,public_state_tabular_independent_mc,0,0.08622513877572553,5.663146200007759,True,accepted_return_check_disabled,0.1,1,1.5760744658377662e-10,-0.0016366141152160413,100,5.0,0.0004633121424991636,empirical,0.0032437133789062506,4.882387678040903e-06,0.05121450258974802,0.00012584931184094243,0.0016657862629077843,0.0015254094642669692
T-L,SA,mc_learned_baseline,False,49,148,256928,37888,37888,151552,0,29600,128464,513856,262144,1.0195312500000002,1.038,1.0281175267606397,0.00057379257164758,7.742631880505842e-06,public_state_tabular_independent_mc,0,0.08446444671167343,5.7088990999618545,True,accepted_return_check_disabled,0.1,1,1.8676276552519227e-10,-0.002012810690458864,100,5.0,0.0018014155840598335,empirical,0.004130859375,0.00011906995843164302,0.01975667332485931,0.0001228227403393118,0.0015466541124620214,0.0014945332194698884
T-L,SA,mc_learned_baseline,False,49,149,258664,38144,38144,152576,0,29800,129332,517328,262144,1.0265625000000003,1.0350000000000001,1.0286919383162743,0.0005744115556345353,7.934115038875206e-06,public_state_tabular_independent_mc,0,0.08269017729369973,5.748011099989526,True,accepted_return_check_disabled,0.1,1,1.3808864586035347e-10,-0.0016451958237569415,100,5.0,0.0006659982741173413,empirical,0.0033755493164062574,0.00010510506979138655,0.03192534381139378,0.00012445690524491291,0.0015876662236213861,0.001460209627280483
T-L,SA,mc_learned_baseline,False,49,150,260400,38400,38400,153600,0,30000,130200,520800,262144,1.0242187500000002,1.0290000000000001,1.0292494952313418,0.0005575569150675364,7.645843185805804e-06,public_state_tabular_independent_mc,0,0.08095646564797532,5.786096099996939,True,accepted_return_check_disabled,0.1,1,1.564259116841323e-10,-0.0017844389577047915,100,5.0,0.0008254916307971045,empirical,0.003545837402343752,1.433631933486778e-07,0.0383387905665854,0.00012305924364632205,0.0015288540432641328,0.0014285354703559502
T-L,SA,mc_learned_baseline,False,49,151,262136,38656,38656,154624,0,30200,131068,524272,262144,1.0359375000000002,1.038,1.0298158020650132,0.0005663068336714261,8.07415428005796e-06,public_state_tabular_independent_mc,0,0.07918359716320814,5.824088099994697,True,accepted_return_check_disabled,0.1,1,2.612596878630544e-12,-0.00110417692126592,100,5.0,0.0012111967424510196,empirical,0.002232971191406246,0.00010878690894875475,0.09070102014125148,0.00012996288066712897,0.0016318486458491283,0.0013891982456021052
T-L,DA,mc_learned_baseline,False,49,1,712,256,256,0,0,200,356,1424,262144,0.433828125,0.4311,0.40933609535255494,0.09032209535255492,0.0051897206101815686,public_state_tabular_independent_mc,0,0.5856048386842686,0.008174599963240325,True,accepted_return_check_disabled,0.1,1,,,,,,,0.40863070869904594,0.16894633784939544,0.02069771257709152,,,
T-L,DA,mc_learned_baseline,False,49,2,1424,512,512,0,0,400,712,2848,262144,0.36,0.5810999999999998,0.49555595387251383,0.08621985851995889,0.004522904156930506,public_state_tabular_independent_mc,0,0.5405994889882981,0.017983500030823052,True,accepted_return_check_disabled,0.1,1,,,,,,,0.41754959473127334,0.17724505044519667,0.004264840592799524,,,
T-L,DA,mc_learned_baseline,False,49,3,2136,768,768,0,0,600,1068,4272,262144,0.46828125,0.6530999999999999,0.5752967180872555,0.07974076421474163,0.0038960607085463594,public_state_tabular_independent_mc,0,0.4929977045631383,0.02804080001078546,True,accepted_return_check_disabled,0.1,1,,,,,,,0.40135143409049023,0.17902115846867564,0.007778110450138542,,,
T-L,DA,mc_learned_baseline,False,49,4,2848,1024,1024,0,0,800,1424,5696,262144,0.602109375,0.6338999999999999,0.6471555080765548,0.07185878998929929,0.0033241176171218334,public_state_tabular_independent_mc,0,0.44491031765921407,0.04085109999869019,True,accepted_return_check_disabled,0.1,1,,,,,,,0.34877261627449474,0.14261209395654953,0.008585041593389242,,,
T-L,DA,mc_learned_baseline,False,49,5,3560,1280,1280,0,0,1000,1780,7120,262144,0.6663281250000002,0.7142999999999999,0.7105716927213646,0.0634161846448098,0.0028142758378509143,public_state_tabular_independent_mc,0,0.3979564463079237,0.05133489996660501,True,accepted_return_check_disabled,0.1,1,,,,,,,0.31937090176205785,0.14026442217152624,0.0009583021311888595,,,
T-L,DA,mc_learned_baseline,False,49,6,4272,1536,1536,0,0,1200,2136,8544,262144,0.627890625,0.8118,0.7656177266951096,0.05504603397374508,0.0023679626654379607,public_state_tabular_independent_mc,0,0.35328142881566954,0.0631145000224933,True,accepted_return_check_disabled,0.1,1,,,,,,,0.3625583969635001,0.15310494794115032,0.00601331397863103,,,
T-L,DA,mc_learned_baseline,False,49,7,4984,1792,1792,0,0,1400,2492,9968,262144,0.6970312500000002,0.8109000000000001,0.8127839883258774,0.04716626163076776,0.001982723010849075,public_state_tabular_independent_mc,0,0.311620598174649,0.07809149997774512,True,accepted_return_check_disabled,0.1,1,,,,,,,0.30007935341068825,0.1212504371324977,0.02233633321934314,,,
T-L,DA,mc_learned_baseline,False,49,8,5696,2048,2048,0,0,1600,2848,11392,262144,0.8367187500000002,0.882,0.852796842224387,0.040012853898509615,0.0016538024774113234,public_state_tabular_independent_mc,0,0.2733806988575473,0.089164900011383,True,accepted_return_check_disabled,0.1,1,,,,,,,0.1899017035590278,0.07598205827457888,-0.0070528741932658345,,,
T-L,DA,mc_learned_baseline,False,49,9,6408,2304,2304,0,0,1800,3204,12816,262144,0.8636718750000002,0.8789999999999999,0.8864832741653927,0.033686431941005734,0.0013753175029900015,public_state_tabular_independent_mc,0,0.23872092694419655,0.10285539994947612,True,accepted_return_check_disabled,0.1,1,,,,,,,0.1673755488180915,0.07329266712145496,-0.008573563019931507,,,
T-L,DA,mc_learned_baseline,False,49,10,7120,2560,2560,0,0,2000,3560,14240,262144,0.9335156250000003,0.8763,0.9146802029839507,0.028196928818557954,0.001141054930873545,public_state_tabular_independent_mc,0,0.20762410847229937,0.11833129997830838,True,accepted_return_check_disabled,0.1,1,,,,,,,0.11421650357753935,0.04968648974938486,-0.009435405815106934,,,
T-L,DA,mc_learned_baseline,False,49,11,7832,2816,2816,0,0,2200,3916,15664,262144,0.9304687500000002,0.9495,0.9381798422239244,0.02349963923997367,0.0009449703068227682,public_state_tabular_independent_mc,0,0.1799545398890968,0.1334523999830708,True,accepted_return_check_disabled,0.1,1,,,,,,,0.11709797603648905,0.04963223775321982,0.002560231385071443,,,
T-L,DA,mc_learned_baseline,False,49,12,8544,3072,3072,0,0,2400,4272,17088,262144,0.9185156250000002,0.9675,0.9577010491862276,0.019521206962303195,0.0007814681383114427,public_state_tabular_independent_mc,0,0.15550247152332874,0.14925520005635917,True,accepted_return_check_disabled,0.1,1,,,,,,,0.11055274152261563,0.044481482708323,0.0006570911175902694,,,
T-L,DA,mc_learned_baseline,False,49,13,9256,3328,3328,0,0,2600,4628,18512,262144,0.9742968750000003,1.0086000000000002,0.9738779550059378,0.016176905819710208,0.0006455334233848724,public_state_tabular_independent_mc,0,0.13401690528454469,0.16439090005587786,True,accepted_return_check_disabled,0.1,1,,,,,,,0.08242604997564201,0.03521669483610017,0.010321917706688,,,
T-L,DA,mc_learned_baseline,False,49,14,9968,3584,3584,0,0,2800,4984,19936,262144,0.9764062500000004,0.9879000000000001,0.9864698975675537,0.012591942561615888,0.0005125814222472101,public_state_tabular_independent_mc,0,0.1157893712273972,0.1761185999494046,True,accepted_return_check_disabled,0.1,1,,,,,,,0.06987297901656567,0.030980033079784346,0.006596666219958469,,,
T-L,DA,mc_learned_baseline,False,49,15,10680,3840,3840,0,0,3000,5340,21360,262144,0.9855468750000003,0.9705000000000001,0.9971127323444722,0.01064283477691852,0.0004255320144998094,public_state_tabular_independent_mc,0,0.09973961051544254,0.1879402999766171,True,accepted_return_check_disabled,0.1,1,,,,,,,0.059392132106618,0.02650914234480712,0.006652558921653506,,,
T-L,DA,mc_learned_baseline,False,49,16,11392,4096,4096,0,0,3200,5696,22784,262144,0.9651562500000003,1.0086000000000002,1.0066073884577393,0.009494656113267164,0.00036662211843212976,public_state_tabular_independent_mc,0,0.08530085437060854,0.19705850002355874,True,accepted_return_check_disabled,0.1,1,,,,,,,0.0940822765815549,0.04048702324153429,0.00020367875889704123,,,
T-L,DA,mc_learned_baseline,False,49,17,12104,4352,4352,0,0,3400,6052,24208,262144,1.0108593750000003,0.9795000000000001,1.0140142830888652,0.007406894631125871,0.000291939314718587,public_state_tabular_independent_mc,0,0.07312062177692075,0.20843160001095384,True,accepted_return_check_disabled,0.1,1,,,,,,,0.036851837291812635,0.016298665636851912,0.011846197054432017,,,
T-L,DA,mc_learned_baseline,False,49,18,12816,4608,4608,0,0,3600,6408,25632,262144,1.0110937500000001,1.0089000000000001,1.0202001006466928,0.006185817557827544,0.00024137456516119365,public_state_tabular_independent_mc,0,0.06254784056195321,0.21941280004102737,True,accepted_return_check_disabled,0.1,1,,,,,,,0.046561132910919005,0.020869973094218928,0.01427339642063763,,,
T-L,DA,mc_learned_baseline,False,49,19,13528,4864,4864,0,0,3800,6764,27056,262144,1.0293750000000004,1.0119,1.0253522018924486,0.005152101245755825,0.00019938755596063913,public_state_tabular_independent_mc,0,0.05340334620432992,0.22882730001583695,True,accepted_return_check_disabled,0.1,1,,,,,,,0.023902857953122303,0.010731032859242675,0.0251866510083133,,,
T-L,DA,mc_learned_baseline,False,49,20,14240,5120,5120,0,0,4000,7120,28480,262144,1.0246875000000002,1.0266000000000002,1.029633792681801,0.00428159078935253,0.00016458133433281508,public_state_tabular_independent_mc,0,0.045518961991484794,0.24029190000146627,True,accepted_return_check_disabled,0.1,1,,,,,,,0.024515320434570304,0.010715312256385931,0.02044388187761126,,,
T-L,DA,mc_learned_baseline,False,49,21,14952,5376,5376,0,0,4200,7476,29904,262144,1.0223437500000003,1.0293,1.0331854105386262,0.0035516178568251178,0.0001357630815513346,public_state_tabular_independent_mc,0,0.038739804691819,0.24989790003746748,True,accepted_return_check_disabled,0.1,1,,,,,,,0.02478399355488277,0.01070228880777798,0.01816533440520418,,,
T-L,DA,mc_learned_baseline,False,49,22,15664,5632,5632,0,0,4400,7832,31328,262144,1.0270312500000003,1.0176,1.0362700702858851,0.003084659747258911,0.00011559604978786365,public_state_tabular_independent_mc,0,0.03281817006210377,0.25923049997072667,True,accepted_return_check_disabled,0.1,1,,,,,,,0.02709274234150886,0.01016762511116186,0.016711459428939812,,,
T-L,DA,mc_learned_baseline,False,49,23,16376,5888,5888,0,0,4600,8188,32752,262144,1.0453125000000003,1.0410000000000001,1.0386780145256194,0.0024079442397342277,9.223242117269151e-05,public_state_tabular_independent_mc,0,0.027860513350568706,0.2697457999456674,True,accepted_return_check_disabled,0.1,1,,,,,,,0.001539658464704238,0.0006598120148310687,0.4177853526220616,,,
T-L,DA,mc_learned_baseline,False,49,24,17088,6144,6144,0,0,4800,8544,34176,262144,1.0500000000000003,1.0470000000000002,1.0392994958767923,0.0006214813511729034,4.7934589137925726e-05,public_state_tabular_independent_mc,0,0.025235345520291684,0.2808173999655992,True,accepted_return_check_disabled,0.1,1,,,,,,,2.4719238281248755e-05,4.36545620717417e-05,0.980224609375001,,,
T-L,DA,mc_learned_baseline,False,49,25,17800,6400,6400,0,0,5000,8900,35600,262144,1.0385156250000003,1.0383000000000002,1.0411827377115208,0.001883241834728544,6.755953968614298e-05,public_state_tabular_independent_mc,0,0.021384187129276234,0.295259700040333,True,accepted_return_check_disabled,0.1,1,,,,,,,0.012276220703125005,0.005413423887035611,0.04633854874917842,,,
T-L,DA,mc_learned_baseline,False,49,26,18512,6656,6656,0,0,5200,9256,37024,262144,1.0500000000000003,1.0353,1.0416066715773948,0.0004239338658740266,3.2432493771747045e-05,public_state_tabular_independent_mc,0,0.019478003756357238,0.30593569995835423,True,accepted_return_check_disabled,0.1,1,,,,,,,1.0986328124998754e-05,2.802044988304646e-05,0.991210937500001,,,
T-L,DA,mc_learned_baseline,False,49,27,19224,6912,6912,0,0,5400,9612,38448,262144,1.0317187500000002,1.05,1.042736488264211,0.0011298166868161097,2.3151146377861166e-05,public_state_tabular_independent_mc,1,0.01810491926226673,0.3202214000048116,True,accepted_return_check_disabled,0.1,1,,,,,,,0.023524255371093754,0.010616293647759074,0.027966234420644387,,,
T-L,DA,mc_learned_baseline,False,49,28,19936,7168,7168,0,0,5600,9968,39872,262144,1.0293750000000004,1.0383000000000002,1.0440635098913484,0.0013270216271374924,4.6956873833569315e-05,public_state_tabular_independent_mc,0,0.015277297451672915,0.3304078000364825,True,accepted_return_check_disabled,0.1,1,,,,,,,0.02676850564310871,0.010143795972713684,0.018912020485350234,,,
T-L,DA,mc_learned_baseline,False,49,29,20648,7424,7424,0,0,5800,10324,41296,262144,1.0408593750000001,1.0470000000000002,1.0448298845841135,0.0007663746927650816,1.5688155213744e-05,public_state_tabular_independent_mc,1,0.014285818963269808,0.34029439999721944,True,accepted_return_check_disabled,0.1,1,,,,,,,0.01185547790527344,0.0053209605259040465,0.05202638111326052,,,
T-L,DA,mc_learned_baseline,False,49,30,21360,7680,7680,0,0,6000,10680,42720,262144,1.0500000000000003,1.05,1.0457425582996156,0.000912673715502077,3.484877627276792e-05,public_state_tabular_independent_mc,1,0.01207178027415415,0.35094769997522235,True,accepted_return_check_disabled,0.1,1,,,,,,,9.335021972656141e-05,4.7587792817415956e-05,0.99958740234375,,,
T-L,DA,mc_learned_baseline,False,49,31,22072,7936,7936,0,0,6200,11036,44144,262144,1.0385156250000003,1.05,1.046424236146851,0.0006816778472353846,3.222867441989499e-05,public_state_tabular_independent_mc,1,0.01024548809357086,0.3616867000237107,True,accepted_return_check_disabled,0.1,1,,,,,,,0.012302832031250006,0.005394858442887192,0.04629928233536895,,,
T-L,DA,mc_learned_baseline,False,49,32,22784,8192,8192,0,0,6400,11392,45568,262144,1.0385156250000003,1.044,1.0470571460555944,0.0006329099087434287,2.365598916065398e-05,public_state_tabular_independent_mc,0,0.008641946356194778,0.371475400053896,True,accepted_return_check_disabled,0.1,1,,,,,,,0.012257543945312503,0.005366400573927079,0.04613788692347798,,,
T-L,DA,mc_learned_baseline,False,49,33,23496,8448,8448,0,0,6600,11748,46992,262144,1.0385156250000003,1.0383000000000002,1.0476036341161838,0.000546488060589434,2.0114301079903004e-05,public_state_tabular_independent_mc,0,0.007265670910022189,0.3820460999850184,True,accepted_return_check_disabled,0.1,1,,,,,,,0.013887582397460942,0.006625074872342365,-0.08693506380269644,,,
T-L,DA,mc_learned_baseline,False,49,34,24208,8704,8704,0,0,6800,12104,48416,262144,1.0500000000000003,1.05,1.048027137621519,0.00042350350533504333,1.5938156419000022e-05,public_state_tabular_independent_mc,1,0.006123503547923717,0.392582600004971,True,accepted_return_check_disabled,0.1,1,,,,,,,9.335021972656141e-05,6.987831693178137e-05,0.99958740234375,,,
T-L,DA,mc_learned_baseline,False,49,35,24920,8960,8960,0,0,7000,12460,49840,262144,1.0500000000000003,1.05,1.048027137621517,-1.9984014443252818e-15,5.711938399695944e-17,public_state_tabular_independent_mc,1,0.006123503547934282,0.40185849997214973,True,accepted_return_check_disabled,0.1,1,,,,,,,2.465190328815662e-32,1.3164593124774579e-06,1.0,,,
T-L,DA,mc_learned_baseline,False,49,36,25632,9216,9216,0,0,7200,12816,51264,262144,1.0500000000000003,1.05,1.048027137621515,-1.9984014443252818e-15,-1.2464642394325826e-18,public_state_tabular_independent_mc,1,0.006123503547944425,0.4121104000369087,True,accepted_return_check_disabled,0.1,1,,,,,,,2.465190328815662e-32,1.3164593124787073e-06,1.0,,,
T-L,DA,mc_learned_baseline,False,49,37,26344,9472,9472,0,0,7400,13172,52688,262144,1.0500000000000003,1.05,1.0480271376215131,-1.7763568394002505e-15,5.711938398792595e-17,public_state_tabular_independent_mc,1,0.006123503547954986,0.4215362999821082,True,accepted_return_check_disabled,0.1,1,,,,,,,2.465190328815662e-32,1.316459312479957e-06,1.0,,,
T-L,DA,mc_learned_baseline,False,49,38,27056,9728,9728,0,0,7600,13528,54112,262144,1.0408593750000001,1.0353,1.0479167952551305,-0.00011034236638263195,5.8155545894666745e-05,public_state_tabular_independent_mc,1,0.0075692424342439085,0.4308722000569105,True,accepted_return_check_disabled,0.1,1,,,,,,,0.011948828125000005,0.005354297556015236,0.052005761336454404,,,
T-L,DA,mc_learned_baseline,False,49,39,27768,9984,9984,0,0,7800,13884,55536,262144,1.0476562500000002,1.05,1.048284989081105,0.00036819382597452766,1.691080968266909e-05,public_state_tabular_independent_mc,0,0.006380390881272317,0.4412148999981582,True,accepted_return_check_disabled,0.1,1,,,,,,,0.000442572237750674,0.0001276195547477505,0.6187195909234504,,,
T-L,DA,mc_learned_baseline,False,49,40,28480,10240,10240,0,0,8000,14240,56960,262144,1.0500000000000003,1.05,1.0484262730926024,0.0001412840114973779,1.0487620735749358e-05,public_state_tabular_independent_mc,0,0.005639066074177862,0.4499538999516517,True,accepted_return_check_disabled,0.1,1,,,,,,,2.7465820312496886e-06,1.7018361306712528e-06,0.9978027343750002,,,
T-L,DA,mc_learned_baseline,False,49,41,29192,10496,10496,0,0,8200,14596,58384,262144,1.0385156250000003,1.0383000000000002,1.048663765819906,0.00023749272730366755,1.407958271177858e-05,public_state_tabular_independent_mc,1,0.0047770117316318465,0.4680383000522852,True,accepted_return_check_disabled,0.1,1,,,,,,,0.012302832031250006,0.005396188751574054,0.04629928233536862,,,
T-L,DA,mc_learned_baseline,False,49,42,29904,10752,10752,0,0,8400,14952,59808,262144,1.0500000000000003,1.0383000000000002,1.0486637658199045,-1.5543122344752192e-15,5.752695025593585e-17,public_state_tabular_independent_mc,1,0.0047770117316401186,0.4766797999618575,True,accepted_return_check_disabled,0.1,1,,,,,,,2.465190328815662e-32,5.192578540644186e-07,1.0,,,
T-L,DA,mc_learned_baseline,False,49,43,30616,11008,11008,0,0,8600,15308,61232,262144,1.0500000000000003,1.05,1.0486637658199027,-1.7763568394002505e-15,5.752695025287174e-17,public_state_tabular_independent_mc,1,0.004777011731648392,0.4905750999459997,True,accepted_return_check_disabled,0.1,1,,,,,,,2.465190328815662e-32,5.19257854065329e-07,1.0,,,
T-L,DA,mc_learned_baseline,False,49,44,31328,11264,11264,0,0,8800,15664,62656,262144,1.0500000000000003,1.05,1.0486637658199012,-1.5543122344752192e-15,-7.85237615682193e-19,public_state_tabular_independent_mc,1,0.004777011731656229,0.506543800001964,True,accepted_return_check_disabled,0.1,1,,,,,,,2.465190328815662e-32,5.192578540663692e-07,1.0,,,
T-L,DA,mc_learned_baseline,False,49,45,32040,11520,11520,0,0,9000,16020,64080,262144,1.0385156250000003,1.05,1.0489179676264666,0.000254201806565435,1.0362805942699495e-05,public_state_tabular_independent_mc,1,0.004007229767830703,0.5218875999562442,True,accepted_return_check_disabled,0.1,1,,,,,,,0.015187385946512227,0.004667713581365784,0.021364975217722626,,,
T-L,DA,mc_learned_baseline,False,49,46,32752,11776,11776,0,0,9200,16376,65504,262144,1.0476562500000002,1.05,1.048966973945647,4.900631918047793e-05,7.531212596927777e-06,public_state_tabular_independent_mc,1,0.003577197055324483,0.5321855000220239,True,accepted_return_check_disabled,0.1,1,,,,,,,0.00035400390625000064,5.938614192372326e-05,0.6155422840019975,,,
T-L,DA,mc_learned_baseline,False,49,47,33464,12032,12032,0,0,9400,16732,66928,262144,1.0500000000000003,1.0383000000000002,1.0489669739456464,-6.661338147750939e-16,-2.493035717903502e-19,public_state_tabular_independent_mc,1,0.0035771970553281703,0.5422736000036821,True,accepted_return_check_disabled,0.1,1,,,,,,,2.465190328815662e-32,3.219456890931412e-07,1.0,,,
T-L,DA,mc_learned_baseline,False,49,48,34176,12288,12288,0,0,9600,17088,68352,262144,1.0500000000000003,1.05,1.0489669739456455,-8.881784197001252e-16,5.81334246728023e-17,public_state_tabular_independent_mc,1,0.0035771970553323197,0.5549767999909818,True,accepted_return_check_disabled,0.1,1,,,,,,,2.465190328815662e-32,3.2194568909341754e-07,1.0,,,
T-L,DA,mc_learned_baseline,False,49,49,34888,12544,12544,0,0,9800,17444,69776,262144,1.0476562500000002,1.05,1.0490034672115938,3.649326594823421e-05,6.632731154097326e-06,public_state_tabular_independent_mc,1,0.00321394024773096,0.568386200000532,True,accepted_return_check_disabled,0.1,1,,,,,,,0.00035400390625000064,0.00011415040829307803,0.6155422840019976,,,
T-L,DA,mc_learned_baseline,False,49,50,35600,12800,12800,0,0,10000,17800,71200,262144,1.0500000000000003,1.05,1.049003467211593,-6.661338147750939e-16,-1.47183658614388e-19,public_state_tabular_independent_mc,1,0.0032139402477338293,0.5800939999753609,True,accepted_return_check_disabled,0.1,1,,,,,,,2.465190328815662e-32,3.074729162942003e-07,1.0,,,
T-L,DA,mc_learned_baseline,False,49,51,36312,13056,13056,0,0,10200,18156,72624,262144,1.0476562500000002,1.05,1.0490309491055143,2.7481893921210698e-05,5.8556936242585994e-06,public_state_tabular_independent_mc,1,0.002906215595159081,0.5956162000074983,True,accepted_return_check_disabled,0.1,1,,,,,,,0.00035400390625000064,0.00021725406686820773,0.6155422840019977,,,
T-L,DA,mc_learned_baseline,False,49,52,37024,13312,13312,0,0,10400,18512,74048,262144,1.0500000000000003,1.05,1.0490309491055139,-4.440892098500626e-16,-7.207169818474142e-20,public_state_tabular_independent_mc,1,0.002906215595161067,0.605502099962905,True,accepted_return_check_disabled,0.1,1,,,,,,,2.465190328815662e-32,2.9745302020071267e-07,1.0,,,
T-L,DA,mc_learned_baseline,False,49,53,37736,13568,13568,0,0,10600,18868,75472,262144,1.0500000000000003,1.0383000000000002,1.0490309491055134,-4.440892098500626e-16,-7.20716984813168e-20,public_state_tabular_independent_mc,1,0.0029062155951630536,0.6165710999630392,True,accepted_return_check_disabled,0.1,1,,,,,,,2.465190328815662e-32,2.974530202008685e-07,1.0,,,
T-L,DA,mc_learned_baseline,False,49,54,38448,13824,13824,0,0,10800,19224,76896,262144,1.0500000000000003,1.05,1.049030949105513,-4.440892098500626e-16,-7.207169877789217e-20,public_state_tabular_independent_mc,1,0.002906215595165039,0.6275448000524193,True,accepted_return_check_disabled,0.1,1,,,,,,,2.465190328815662e-32,2.9745302020102427e-07,1.0,,,
T-L,DA,mc_learned_baseline,False,49,55,39160,14080,14080,0,0,11000,19580,78320,262144,1.0500000000000003,1.05,1.0490309491055125,-4.440892098500626e-16,-7.207169907446754e-20,public_state_tabular_independent_mc,1,0.0029062155951670252,0.6364347999915481,True,accepted_return_check_disabled,0.1,1,,,,,,,2.465190328815662e-32,2.974530202011801e-07,1.0,,,
T-L,DA,mc_learned_baseline,False,49,56,39872,14336,14336,0,0,11200,19936,79744,262144,1.0500000000000003,1.05,1.0490918698677034,6.0920762190885824e-05,3.1507019836658685e-06,public_state_tabular_independent_mc,0,0.0026313343501538763,0.6463053999468684,True,accepted_return_check_disabled,0.1,1,,,,,,,2.7465820312496886e-06,2.221709353119344e-06,0.9978027343750002,,,
T-L,DA,mc_learned_baseline,False,49,57,40584,14592,14592,0,0,11400,20292,81168,262144,1.0500000000000003,1.05,1.0490918698677032,-2.220446049250313e-16,5.836937099158482e-17,public_state_tabular_independent_mc,1,0.002631334350155399,0.6569413000252098,True,accepted_return_check_disabled,0.1,1,,,,,,,2.465190328815662e-32,2.7793409428803464e-07,1.0,,,
T-L,DA,mc_learned_baseline,False,49,58,41296,14848,14848,0,0,11600,20648,82592,262144,1.0500000000000003,1.05,1.0490918698677028,-4.440892098500626e-16,5.836937099138294e-17,public_state_tabular_independent_mc,1,0.002631334350156922,0.6670739999972284,True,accepted_return_check_disabled,0.1,1,,,,,,,2.465190328815662e-32,2.77934094288099e-07,1.0,,,
T-L,DA,mc_learned_baseline,False,49,59,42008,15104,15104,0,0,11800,21004,84016,262144,1.0500000000000003,1.05,1.0490918698677023,-4.440892098500626e-16,5.836937099118103e-17,public_state_tabular_independent_mc,1,0.002631334350158445,0.6771643999963999,True,accepted_return_check_disabled,0.1,1,,,,,,,2.465190328815662e-32,2.7793409428822777e-07,1.0,,,
T-L,DA,mc_learned_baseline,False,49,60,42720,15360,15360,0,0,12000,21360,85440,262144,1.0500000000000003,1.05,1.049091869867702,-2.220446049250313e-16,5.836937099097914e-17,public_state_tabular_independent_mc,1,0.0026313343501599682,0.6870370999677107,True,accepted_return_check_disabled,0.1,1,,,,,,,2.465190328815662e-32,2.779340942883565e-07,1.0,,,
T-L,DA,mc_learned_baseline,False,49,61,43432,15616,15616,0,0,12200,21716,86864,262144,1.0500000000000003,1.0470000000000002,1.0490918698677019,-2.220446049250313e-16,5.836937099077723e-17,public_state_tabular_independent_mc,1,0.002631334350161491,0.6966138000134379,True,accepted_return_check_disabled,0.1,1,,,,,,,2.465190328815662e-32,2.779340942884209e-07,1.0,,,
T-L,DA,mc_learned_baseline,False,49,62,44144,15872,15872,0,0,12400,22072,88288,262144,1.0500000000000003,1.05,1.0490918698677014,-4.440892098500626e-16,5.836937099057534e-17,public_state_tabular_independent_mc,1,0.0026313343501630144,0.7312817999627441,True,accepted_return_check_disabled,0.1,1,,,,,,,2.465190328815662e-32,2.7793409428848526e-07,1.0,,,
T-L,DA,mc_learned_baseline,False,49,63,44856,16128,16128,0,0,12600,22428,89712,262144,1.0500000000000003,1.05,1.0490918698677012,-2.220446049250313e-16,5.836937099037343e-17,public_state_tabular_independent_mc,1,0.0026313343501645375,0.750583800021559,True,accepted_return_check_disabled,0.1,1,,,,,,,2.465190328815662e-32,2.7793409428861407e-07,1.0,,,
T-L,DA,mc_learned_baseline,False,49,64,45568,16384,16384,0,0,12800,22784,91136,262144,1.0500000000000003,1.05,1.0490918698677008,-4.440892098500626e-16,5.836937099017154e-17,public_state_tabular_independent_mc,1,0.00263133435016606,0.7713676999555901,True,accepted_return_check_disabled,0.1,1,,,,,,,2.465190328815662e-32,2.7793409428867844e-07,1.0,,,
T-L,DA,mc_learned_baseline,False,49,65,46280,16640,16640,0,0,13000,23140,92560,262144,1.0500000000000003,1.05,1.0490918698677003,-4.440892098500626e-16,5.836937098996963e-17,public_state_tabular_independent_mc,1,0.0026313343501675832,0.782945099985227,True,accepted_return_check_disabled,0.1,1,,,,,,,2.465190328815662e-32,2.779340942888072e-07,1.0,,,
T-L,DA,mc_learned_baseline,False,49,66,46992,16896,16896,0,0,13200,23496,93984,262144,1.0500000000000003,1.05,1.0490918698677,-2.220446049250313e-16,5.836937098976774e-17,public_state_tabular_independent_mc,1,0.0026313343501691063,0.7961047999560833,True,accepted_return_check_disabled,0.1,1,,,,,,,2.465190328815662e-32,2.7793409428893594e-07,1.0,,,
T-L,DA,mc_learned_baseline,False,49,67,47704,17152,17152,0,0,13400,23852,95408,262144,1.0500000000000003,1.05,1.049251833820965,0.00015996395326500767,4.8932662527916635e-06,public_state_tabular_independent_mc,1,0.002211950393069634,0.8058110999409109,True,accepted_return_check_disabled,0.1,1,,,,,,,9.335021972656141e-05,8.400181323067193e-05,0.99958740234375,,,
T-L,DA,mc_learned_baseline,False,49,68,48416,17408,17408,0,0,13600,24208,96832,262144,1.0500000000000003,1.05,1.049251833820965,0.0,-2.398473351049109e-20,public_state_tabular_independent_mc,1,0.0022119503930706714,0.8149508000351489,True,accepted_return_check_disabled,0.1,1,,,,,,,2.465190328815662e-32,1.886364376449621e-07,1.0,,,
T-L,DA,mc_learned_baseline,False,49,69,49128,17664,17664,0,0,13800,24564,98256,262144,1.0500000000000003,1.05,1.049292908632945,4.107481197990204e-05,2.099561424357027e-06,public_state_tabular_independent_mc,0,0.0020183974553349164,0.824124600039795,True,accepted_return_check_disabled,0.1,1,,,,,,,2.7465820312496886e-06,2.375332546722225e-06,0.9978027343750002,,,
T-L,DA,mc_learned_baseline,False,49,70,49840,17920,17920,0,0,14000,24920,99680,262144,1.0500000000000003,1.05,1.0492929086329448,-2.220446049250313e-16,5.841284450423137e-17,public_state_tabular_independent_mc,1,0.0020183974553354468,0.8349816000554711,True,accepted_return_check_disabled,0.1,1,,,,,,,2.465190328815662e-32,1.7966786523495022e-07,1.0,,,
T-L,DA,mc_learned_baseline,False,49,71,50552,18176,18176,0,0,14200,25276,101104,262144,1.0408593750000001,1.05,1.0492727966120599,-2.0112020884921478e-05,1.3771951500405334e-05,public_state_tabular_independent_mc,1,0.002374788388711303,0.8451487999409437,True,accepted_return_check_disabled,0.1,1,,,,,,,0.011948828125000005,0.00534925339850846,0.05200576133645429,,,
T-L,DA,mc_learned_baseline,False,49,72,51264,18432,18432,0,0,14400,25632,102528,262144,1.0500000000000003,1.05,1.0492727966120596,-2.220446049250313e-16,5.836987362815981e-17,public_state_tabular_independent_mc,1,0.0023747883887128155,0.8546165999723598,True,accepted_return_check_disabled,0.1,1,,,,,,,2.465190328815662e-32,1.5584007654384723e-07,1.0,,,
T-L,DA,mc_learned_baseline,False,49,73,51976,18688,18688,0,0,14600,25988,103952,262144,1.0500000000000003,1.05,1.0492727966120592,-4.440892098500626e-16,5.83698736279699e-17,public_state_tabular_independent_mc,1,0.0023747883887143273,0.8643907000077888,True,accepted_return_check_disabled,0.1,1,,,,,,,2.465190328815662e-32,1.5584007654391568e-07,1.0,,,
T-L,DA,mc_learned_baseline,False,49,74,52688,18944,18944,0,0,14800,26344,105376,262144,1.0500000000000003,1.05,1.0494006674630525,0.00012787085099330575,4.3427676837056216e-06,public_state_tabular_independent_mc,1,0.0019960243235356894,0.874545400030911,True,accepted_return_check_disabled,0.1,1,,,,,,,9.335021972656141e-05,8.596085204232181e-05,0.99958740234375,,,
T-L,DA,mc_learned_baseline,False,49,75,53400,19200,19200,0,0,15000,26700,106800,262144,1.0500000000000003,1.05,1.0494006674630523,-2.220446049250313e-16,-2.38109722593989e-20,public_state_tabular_independent_mc,1,0.0019960243235367207,0.8832873000064865,True,accepted_return_check_disabled,0.1,1,,,,,,,2.465190328815662e-32,1.0587263772596837e-07,1.0,,,
T-L,DA,mc_learned_baseline,False,49,76,54112,19456,19456,0,0,15200,27056,108224,262144,1.0476562500000002,1.05,1.0494164979730876,1.5830510035286238e-05,3.7283690008247585e-06,public_state_tabular_independent_mc,1,0.0017989895622880958,0.8937017000280321,True,accepted_return_check_disabled,0.1,1,,,,,,,0.00035400390625000064,0.0004011783886611921,0.6155422840019975,,,
T-L,DA,mc_learned_baseline,False,49,77,54824,19712,19712,0,0,15400,27412,109648,262144,1.0500000000000003,1.05,1.0494164979730876,0.0,5.84128989781336e-17,public_state_tabular_independent_mc,1,0.0017989895622886301,0.903380100033246,True,accepted_return_check_disabled,0.1,1,,,,,,,2.465190328815662e-32,1.0197705602300087e-07,1.0,,,
T-L,DA,mc_learned_baseline,False,49,78,55536,19968,19968,0,0,15600,27768,111072,262144,1.0500000000000003,1.05,1.0494164979730873,-2.220446049250313e-16,5.841289897810244e-17,public_state_tabular_independent_mc,1,0.0017989895622891646,0.9133153000148013,True,accepted_return_check_disabled,0.1,1,,,,,,,2.465190328815662e-32,1.0197705602300087e-07,1.0,,,
T-L,DA,mc_learned_baseline,False,49,79,56248,20224,20224,0,0,15800,28124,112496,262144,1.0500000000000003,1.05,1.0494164979730871,-2.220446049250313e-16,5.841289897807129e-17,public_state_tabular_independent_mc,1,0.0017989895622896991,0.9235610000323504,True,accepted_return_check_disabled,0.1,1,,,,,,,2.465190328815662e-32,1.0197705602305375e-07,1.0,,,
T-L,DA,mc_learned_baseline,False,49,80,56960,20480,20480,0,0,16000,28480,113920,262144,1.0500000000000003,1.05,1.0494572705812657,4.07726081785853e-05,1.8183307588364992e-06,public_state_tabular_independent_mc,0,0.0016255901387350806,0.9324387999949977,True,accepted_return_check_disabled,0.1,1,,,,,,,2.7465820312496886e-06,2.2903590162595623e-06,0.9978027343750002,,,
T-L,DA,mc_learned_baseline,False,49,81,57672,20736,20736,0,0,16200,28836,115344,262144,1.0500000000000003,1.05,1.0494572705812657,0.0,5.84137807478452e-17,public_state_tabular_independent_mc,1,0.001625590138735626,0.9427371999481693,True,accepted_return_check_disabled,0.1,1,,,,,,,2.465190328815662e-32,9.309763575884961e-08,1.0,,,
T-L,DA,mc_learned_baseline,False,49,82,58384,20992,20992,0,0,16400,29192,116768,262144,1.0500000000000003,1.05,1.0494572705812655,-2.220446049250313e-16,5.84137807478076e-17,public_state_tabular_independent_mc,1,0.0016255901387361715,0.9531324000563473,True,accepted_return_check_disabled,0.1,1,,,,,,,2.465190328815662e-32,9.309763575884961e-08,1.0,,,
T-L,DA,mc_learned_baseline,False,49,83,59096,21248,21248,0,0,16600,29548,118192,262144,1.0500000000000003,1.05,1.0494572705812655,0.0,5.841378074777002e-17,public_state_tabular_independent_mc,1,0.0016255901387367169,0.9619891999755055,True,accepted_return_check_disabled,0.1,1,,,,,,,2.465190328815662e-32,9.309763575889343e-08,1.0,,,
T-L,DA,mc_learned_baseline,False,49,84,59808,21504,21504,0,0,16800,29904,119616,262144,1.0500000000000003,1.05,1.0494572705812653,-2.220446049250313e-16,5.841378074773244e-17,public_state_tabular_independent_mc,1,0.0016255901387372622,0.972686400054954,True,accepted_return_check_disabled,0.1,1,,,,,,,2.465190328815662e-32,9.309763575889343e-08,1.0,,,
T-L,DA,mc_learned_baseline,False,49,85,60520,21760,21760,0,0,17000,30260,121040,262144,1.0500000000000003,1.05,1.049457270581265,-2.220446049250313e-16,5.841378074769485e-17,public_state_tabular_independent_mc,1,0.0016255901387378076,0.9834057999541983,True,accepted_return_check_disabled,0.1,1,,,,,,,2.465190328815662e-32,9.309763575893726e-08,1.0,,,
T-L,DA,mc_learned_baseline,False,49,86,61232,22016,22016,0,0,17200,30616,122464,262144,1.0500000000000003,1.05,1.049457270581265,0.0,5.841378074765726e-17,public_state_tabular_independent_mc,1,0.001625590138738353,0.9954994999570772,True,accepted_return_check_disabled,0.1,1,,,,,,,2.465190328815662e-32,9.30976357589811e-08,1.0,,,
T-L,DA,mc_learned_baseline,False,49,87,61944,22272,22272,0,0,17400,30972,123888,262144,1.0500000000000003,1.05,1.0494572705812648,-2.220446049250313e-16,5.841378074761967e-17,public_state_tabular_independent_mc,1,0.0016255901387388985,1.0056982999667525,True,accepted_return_check_disabled,0.1,1,,,,,,,2.465190328815662e-32,9.30976357589811e-08,1.0,,,
T-L,DA,mc_learned_baseline,False,49,88,62656,22528,22528,0,0,17600,31328,125312,262144,1.0500000000000003,1.05,1.0494572705812648,0.0,5.841378074758209e-17,public_state_tabular_independent_mc,1,0.0016255901387394437,1.0164172999793664,True,accepted_return_check_disabled,0.1,1,,,,,,,2.465190328815662e-32,9.309763575902493e-08,1.0,,,
T-L,DA,mc_learned_baseline,False,49,89,63368,22784,22784,0,0,17800,31684,126736,262144,1.0500000000000003,1.05,1.0494572705812646,-2.220446049250313e-16,5.84137807475445e-17,public_state_tabular_independent_mc,1,0.0016255901387399892,1.0260019999695942,True,accepted_return_check_disabled,0.1,1,,,,,,,2.465190328815662e-32,9.309763575902493e-08,1.0,,,
T-L,DA,mc_learned_baseline,False,49,90,64080,23040,23040,0,0,18000,32040,128160,262144,1.0500000000000003,1.05,1.0494572705812644,-2.220446049250313e-16,5.841378074750691e-17,public_state_tabular_independent_mc,1,0.0016255901387405346,1.0360191999934614,True,accepted_return_check_disabled,0.1,1,,,,,,,2.465190328815662e-32,9.309763575906876e-08,1.0,,,
T-L,DA,mc_learned_baseline,False,49,91,64792,23296,23296,0,0,18200,32396,129584,262144,1.0500000000000003,1.05,1.0494572705812644,0.0,5.841378074746932e-17,public_state_tabular_independent_mc,1,0.0016255901387410801,1.0463425000198185,True,accepted_return_check_disabled,0.1,1,,,,,,,2.465190328815662e-32,9.30976357591126e-08,1.0,,,
T-L,DA,mc_learned_baseline,False,49,92,65504,23552,23552,0,0,18400,32752,131008,262144,1.0500000000000003,1.05,1.0494572705812641,-2.220446049250313e-16,5.841378074743174e-17,public_state_tabular_independent_mc,1,0.0016255901387416253,1.0561074999859557,True,accepted_return_check_disabled,0.1,1,,,,,,,2.465190328815662e-32,9.30976357591126e-08,1.0,,,
T-L,DA,mc_learned_baseline,False,49,93,66216,23808,23808,0,0,18600,33108,132432,262144,1.0500000000000003,1.05,1.049457270581264,-2.220446049250313e-16,5.841378074739414e-17,public_state_tabular_independent_mc,1,0.0016255901387421706,1.0673905999865383,True,accepted_return_check_disabled,0.1,1,,,,,,,2.465190328815662e-32,9.309763575915643e-08,1.0,,,
T-L,DA,mc_learned_baseline,False,49,94,66928,24064,24064,0,0,18800,33464,133856,262144,1.0500000000000003,1.05,1.049457270581264,0.0,5.841378074735656e-17,public_state_tabular_independent_mc,1,0.001625590138742716,1.0785254000220448,True,accepted_return_check_disabled,0.1,1,,,,,,,2.465190328815662e-32,9.309763575920025e-08,1.0,,,
T-L,DA,mc_learned_baseline,False,49,95,67640,24320,24320,0,0,19000,33820,135280,262144,1.0500000000000003,1.05,1.0494572705812637,-2.220446049250313e-16,5.841378074731897e-17,public_state_tabular_independent_mc,1,0.0016255901387432618,1.0878714999416843,True,accepted_return_check_disabled,0.1,1,,,,,,,2.465190328815662e-32,9.309763575920025e-08,1.0,,,
T-L,DA,mc_learned_baseline,False,49,96,68352,24576,24576,0,0,19200,34176,136704,262144,1.0500000000000003,1.0470000000000002,1.0494572705812637,0.0,5.841378074728138e-17,public_state_tabular_independent_mc,1,0.001625590138743807,1.0980012000072747,True,accepted_return_check_disabled,0.1,1,,,,,,,2.465190328815662e-32,9.309763575924407e-08,1.0,,,
T-L,DA,mc_learned_baseline,False,49,97,69064,24832,24832,0,0,19400,34532,138128,262144,1.0500000000000003,1.05,1.0494572705812635,-2.220446049250313e-16,5.841378074724379e-17,public_state_tabular_independent_mc,1,0.0016255901387443527,1.1110058999620378,True,accepted_return_check_disabled,0.1,1,,,,,,,2.465190328815662e-32,9.309763575924407e-08,1.0,,,
T-L,DA,mc_learned_baseline,False,49,98,69776,25088,25088,0,0,19600,34888,139552,262144,1.0500000000000003,1.05,1.0494572705812635,0.0,5.841378074720621e-17,public_state_tabular_independent_mc,1,0.0016255901387448978,1.1220398000441492,True,accepted_return_check_disabled,0.1,1,,,,,,,2.465190328815662e-32,9.309763575928791e-08,1.0,,,
T-L,DA,mc_learned_baseline,False,49,99,70488,25344,25344,0,0,19800,35244,140976,262144,1.0500000000000003,1.05,1.0494572705812633,-2.220446049250313e-16,5.841378074716861e-17,public_state_tabular_independent_mc,1,0.0016255901387454434,1.1315606000134721,True,accepted_return_check_disabled,0.1,1,,,,,,,2.465190328815662e-32,9.309763575928791e-08,1.0,,,
T-L,DA,mc_learned_baseline,False,49,100,71200,25600,25600,0,0,20000,35600,142400,262144,1.0500000000000003,1.05,1.049457270581263,-2.220446049250313e-16,5.841378074713103e-17,public_state_tabular_independent_mc,1,0.0016255901387459888,1.1415706999832764,True,accepted_return_check_disabled,0.1,1,,,,,,,2.465190328815662e-32,9.309763575933174e-08,1.0,,,
T-L,DA,mc_learned_baseline,False,49,101,71912,25856,25856,0,0,20200,35956,143824,262144,1.0500000000000003,1.05,1.049457270581263,0.0,5.841378074709344e-17,public_state_tabular_independent_mc,1,0.0016255901387465341,1.1506930999457836,True,accepted_return_check_disabled,0.1,1,,,,,,,2.465190328815662e-32,9.309763575937558e-08,1.0,,,
T-L,DA,mc_learned_baseline,False,49,102,72624,26112,26112,0,0,20400,36312,145248,262144,1.0408593750000001,1.05,1.0495185549410504,6.128435978736135e-05,1.2521229913379205e-06,public_state_tabular_independent_mc,1,0.0015149732497878666,1.1618246999569237,True,accepted_return_check_disabled,0.1,1,,,,,,,0.01185547790527344,0.005353260888653429,0.052026381113260745,,,
T-L,DA,mc_learned_baseline,False,49,103,73336,26368,26368,0,0,20600,36668,146672,262144,1.0500000000000003,1.05,1.0495185549410502,-2.220446049250313e-16,5.841378074705586e-17,public_state_tabular_independent_mc,1,0.001514973249788412,1.1717418000334874,True,accepted_return_check_disabled,0.1,1,,,,,,,2.465190328815662e-32,6.9284700614966e-08,1.0,,,
T-L,DA,mc_learned_baseline,False,49,104,74048,26624,26624,0,0,20800,37024,148096,262144,1.0500000000000003,1.05,1.0495185549410502,0.0,5.841378074701827e-17,public_state_tabular_independent_mc,1,0.001514973249788957,1.1805419999873266,True,accepted_return_check_disabled,0.1,1,,,,,,,2.465190328815662e-32,6.928470061500983e-08,1.0,,,
T-L,DA,mc_learned_baseline,False,49,105,74760,26880,26880,0,0,21000,37380,149520,262144,1.0500000000000003,1.05,1.04951855494105,-2.220446049250313e-16,5.841378074698068e-17,public_state_tabular_independent_mc,1,0.0015149732497895029,1.1901954000350088,True,accepted_return_check_disabled,0.1,1,,,,,,,2.465190328815662e-32,6.928470061500983e-08,1.0,,,
T-L,DA,mc_learned_baseline,False,49,106,75472,27136,27136,0,0,21200,37736,150944,262144,1.0500000000000003,1.05,1.04951855494105,0.0,5.84137807469431e-17,public_state_tabular_independent_mc,1,0.0015149732497900482,1.1992559999926016,True,accepted_return_check_disabled,0.1,1,,,,,,,2.465190328815662e-32,6.928470061505366e-08,1.0,,,
T-L,DA,mc_learned_baseline,False,49,107,76184,27392,27392,0,0,21400,38092,152368,262144,1.0408593750000001,1.05,1.049458777170457,-5.977777059285039e-05,1.1453168217987564e-05,public_state_tabular_independent_mc,1,0.001883399233773277,1.208678500028327,True,accepted_return_check_disabled,0.1,1,,,,,,,0.011948828125000005,0.005349139396316903,0.052005761336454515,,,
T-L,DA,mc_learned_baseline,False,49,108,76896,27648,27648,0,0,21600,38448,153792,262144,1.0500000000000003,1.05,1.0494587771704569,-2.220446049250313e-16,-2.846649666017401e-20,public_state_tabular_independent_mc,1,0.0018833992337743157,1.2181891000363976,True,accepted_return_check_disabled,0.1,1,,,,,,,2.465190328815662e-32,8.100029952197428e-08,1.0,,,
T-L,DA,mc_learned_baseline,False,49,109,77608,27904,27904,0,0,21800,38804,155216,262144,1.0500000000000003,1.05,1.0494587771704564,-4.440892098500626e-16,-2.8466496756653774e-20,public_state_tabular_independent_mc,1,0.0018833992337753548,1.2274226000299677,True,accepted_return_check_disabled,0.1,1,,,,,,,2.465190328815662e-32,8.100029952204258e-08,1.0,,,
T-L,DA,mc_learned_baseline,False,49,110,78320,28160,28160,0,0,22000,39160,156640,262144,1.0500000000000003,1.05,1.0494587771704562,-2.220446049250313e-16,-2.846649685313354e-20,public_state_tabular_independent_mc,1,0.0018833992337763937,1.2376563999569044,True,accepted_return_check_disabled,0.1,1,,,,,,,2.465190328815662e-32,8.100029952217919e-08,1.0,,,
T-L,DA,mc_learned_baseline,False,49,111,79032,28416,28416,0,0,22200,39516,158064,262144,1.0500000000000003,1.05,1.049458777170456,-2.220446049250313e-16,-2.84664969496133e-20,public_state_tabular_independent_mc,1,0.001883399233777433,1.2468654999975115,True,accepted_return_check_disabled,0.1,1,,,,,,,2.465190328815662e-32,8.10002995222475e-08,1.0,,,
T-L,DA,mc_learned_baseline,False,49,112,79744,28672,28672,0,0,22400,39872,159488,262144,1.0500000000000003,1.05,1.0494587771704558,-2.220446049250313e-16,-2.846649704609307e-20,public_state_tabular_independent_mc,1,0.0018833992337784723,1.2566986000165343,True,accepted_return_check_disabled,0.1,1,,,,,,,2.465190328815662e-32,8.100029952231581e-08,1.0,,,
T-L,DA,mc_learned_baseline,False,49,113,80456,28928,28928,0,0,22600,40228,160912,262144,1.0500000000000003,1.05,1.0494587771704555,-2.220446049250313e-16,-2.846649714257283e-20,public_state_tabular_independent_mc,1,0.0018833992337795107,1.2676285000052303,True,accepted_return_check_disabled,0.1,1,,,,,,,2.465190328815662e-32,8.100029952238411e-08,1.0,,,
T-L,DA,mc_learned_baseline,False,49,114,81168,29184,29184,0,0,22800,40584,162336,262144,1.0500000000000003,1.05,1.0495118546129196,5.307744246407786e-05,2.3883337156881656e-06,public_state_tabular_independent_mc,0,0.001663903553748731,1.2767540999921039,True,accepted_return_check_disabled,0.1,1,,,,,,,2.7465820312496886e-06,2.10660916696019e-06,0.9978027343750002,,,
T-L,DA,mc_learned_baseline,False,49,115,81880,29440,29440,0,0,23000,40940,163760,262144,1.0500000000000003,1.05,1.0495118546129194,-2.220446049250313e-16,-2.8363912473037105e-20,public_state_tabular_independent_mc,1,0.001663903553749792,1.288159599993378,True,accepted_return_check_disabled,0.1,1,,,,,,,2.465190328815662e-32,6.608147801367919e-08,1.0,,,
T-L,DA,mc_learned_baseline,False,49,116,82592,29696,29696,0,0,23200,41296,165184,262144,1.0500000000000003,1.05,1.0495118546129192,-2.220446049250313e-16,-2.836391258962763e-20,public_state_tabular_independent_mc,1,0.0016639035537508531,1.2984929999802262,True,accepted_return_check_disabled,0.1,1,,,,,,,2.465190328815662e-32,6.608147801373573e-08,1.0,,,
T-L,DA,mc_learned_baseline,False,49,117,83304,29952,29952,0,0,23400,41652,166608,262144,1.0500000000000003,1.0353,1.0495118546129187,-4.440892098500626e-16,-2.836391270624411e-20,public_state_tabular_independent_mc,1,0.0016639035537519145,1.3075780000071973,True,accepted_return_check_disabled,0.1,1,,,,,,,2.465190328815662e-32,6.608147801379225e-08,1.0,,,
T-L,DA,mc_learned_baseline,False,49,118,84016,30208,30208,0,0,23600,42008,168032,262144,1.0476562500000002,1.05,1.0495267142005023,1.4859587583515577e-05,3.4767963071235886e-06,public_state_tabular_independent_mc,1,0.001485741652037228,1.317906599957496,True,accepted_return_check_disabled,0.1,1,,,,,,,0.00035400390625000064,0.0007068089860966309,0.6155422840019975,,,
T-L,DA,mc_learned_baseline,False,49,119,84728,30464,30464,0,0,23800,42364,169456,262144,1.0500000000000003,1.05,1.049526714200502,-2.220446049250313e-16,5.841204790187454e-17,public_state_tabular_independent_mc,1,0.0014857416520377778,1.3302547000348568,True,accepted_return_check_disabled,0.1,1,,,,,,,2.465190328815662e-32,6.240955533797707e-08,1.0,,,
T-L,DA,mc_learned_baseline,False,49,120,85440,30720,30720,0,0,24000,42720,170880,262144,1.0500000000000003,1.05,1.049526714200502,0.0,5.841204790183909e-17,public_state_tabular_independent_mc,1,0.0014857416520383273,1.3399542999686673,True,accepted_return_check_disabled,0.1,1,,,,,,,2.465190328815662e-32,6.24095553380303e-08,1.0,,,
T-L,DA,mc_learned_baseline,False,49,121,86152,30976,30976,0,0,24200,43076,172304,262144,1.0500000000000003,1.05,1.0495267142005018,-2.220446049250313e-16,5.841204790180364e-17,public_state_tabular_independent_mc,1,0.0014857416520388772,1.3499281000113115,True,accepted_return_check_disabled,0.1,1,,,,,,,2.465190328815662e-32,6.24095553380303e-08,1.0,,,
T-L,DA,mc_learned_baseline,False,49,122,86864,31232,31232,0,0,24400,43432,173728,262144,1.0500000000000003,1.05,1.0496094532871543,8.273908665246132e-05,2.499045140373493e-06,public_state_tabular_independent_mc,1,0.0012483959757343473,1.3662583000259474,True,accepted_return_check_disabled,0.1,1,,,,,,,9.335021972656141e-05,8.858562383677135e-05,0.99958740234375,,,
T-L,DA,mc_learned_baseline,False,49,123,87576,31488,31488,0,0,24600,43788,175152,262144,1.0500000000000003,1.05,1.049609453287154,-2.220446049250313e-16,5.841220721310133e-17,public_state_tabular_independent_mc,1,0.0012483959757349083,1.377855799975805,True,accepted_return_check_disabled,0.1,1,,,,,,,2.465190328815662e-32,4.250321898387296e-08,1.0,,,
T-L,DA,mc_learned_baseline,False,49,124,88288,31744,31744,0,0,24800,44144,176576,262144,1.0500000000000003,1.05,1.0496094532871538,-2.220446049250313e-16,5.841220721305834e-17,public_state_tabular_independent_mc,1,0.0012483959757354692,1.3901730000507087,True,accepted_return_check_disabled,0.1,1,,,,,,,2.465190328815662e-32,4.2503218983916837e-08,1.0,,,
T-L,DA,mc_learned_baseline,False,49,125,89000,32000,32000,0,0,25000,44500,178000,262144,1.0500000000000003,1.05,1.0496094532871538,0.0,5.841220721301533e-17,public_state_tabular_independent_mc,1,0.0012483959757360302,1.3995519999880344,True,accepted_return_check_disabled,0.1,1,,,,,,,2.465190328815662e-32,4.250321898396071e-08,1.0,,,
T-L,DA,mc_learned_baseline,False,49,126,89712,32256,32256,0,0,25200,44856,179424,262144,1.0500000000000003,1.05,1.0496094532871536,-2.220446049250313e-16,5.841220721297234e-17,public_state_tabular_independent_mc,1,0.0012483959757365912,1.4110547000309452,True,accepted_return_check_disabled,0.1,1,,,,,,,2.465190328815662e-32,4.250321898396071e-08,1.0,,,
T-L,DA,mc_learned_baseline,False,49,127,90424,32512,32512,0,0,25400,45212,180848,262144,1.0500000000000003,1.05,1.0496094532871534,-2.220446049250313e-16,5.841220721292934e-17,public_state_tabular_independent_mc,1,0.0012483959757371523,1.4211968999588862,True,accepted_return_check_disabled,0.1,1,,,,,,,2.465190328815662e-32,4.2503218984004584e-08,1.0,,,
T-L,DA,mc_learned_baseline,False,49,128,91136,32768,32768,0,0,25600,45568,182272,262144,1.0500000000000003,1.05,1.0496094532871534,0.0,5.841220721288634e-17,public_state_tabular_independent_mc,1,0.001248395975737713,1.431705700000748,True,accepted_return_check_disabled,0.1,1,,,,,,,2.465190328815662e-32,4.2503218984048464e-08,1.0,,,
T-L,DA,mc_learned_baseline,False,49,129,91848,33024,33024,0,0,25800,45924,183696,262144,1.0500000000000003,1.05,1.0496094532871532,-2.220446049250313e-16,5.841220721284335e-17,public_state_tabular_independent_mc,1,0.001248395975738274,1.4447197000263259,True,accepted_return_check_disabled,0.1,1,,,,,,,2.465190328815662e-32,4.2503218984048464e-08,1.0,,,
T-L,DA,mc_learned_baseline,False,49,130,92560,33280,33280,0,0,26000,46280,185120,262144,1.0500000000000003,1.05,1.0496094532871532,0.0,5.841220721280034e-17,public_state_tabular_independent_mc,1,0.001248395975738835,1.4556570999557152,True,accepted_return_check_disabled,0.1,1,,,,,,,2.465190328815662e-32,4.2503218984092345e-08,1.0,,,
T-L,DA,mc_learned_baseline,False,49,131,93272,33536,33536,0,0,26200,46636,186544,262144,1.0408593750000001,1.05,1.0495334913139578,-7.59619731953709e-05,9.799178030553953e-06,public_state_tabular_independent_mc,1,0.0015974079435892349,1.4702055000234395,True,accepted_return_check_disabled,0.1,1,,,,,,,0.011948828125000005,0.005349114355304092,0.052005761336454515,,,
T-L,DA,mc_learned_baseline,False,49,132,93984,33792,33792,0,0,26400,46992,187968,262144,1.0500000000000003,1.05,1.0495334913139573,-4.440892098500626e-16,-2.2196082186797694e-20,public_state_tabular_independent_mc,1,0.0015974079435903052,1.4813158999895677,True,accepted_return_check_disabled,0.1,1,,,,,,,2.465190328815662e-32,6.292110627530176e-08,1.0,,,
T-L,DA,mc_learned_baseline,False,49,133,94696,34048,34048,0,0,26600,47348,189392,262144,1.0500000000000003,1.05,1.0495334913139571,-2.220446049250313e-16,-2.2196082297186323e-20,public_state_tabular_independent_mc,1,0.0015974079435913753,1.4916849000146613,True,accepted_return_check_disabled,0.1,1,,,,,,,2.465190328815662e-32,6.292110627543846e-08,1.0,,,
T-L,DA,mc_learned_baseline,False,49,134,95408,34304,34304,0,0,26800,47704,190816,262144,1.0500000000000003,1.05,1.0495334913139567,-4.440892098500626e-16,-2.2196082407574952e-20,public_state_tabular_independent_mc,1,0.0015974079435924454,1.5041115999920294,True,accepted_return_check_disabled,0.1,1,,,,,,,2.465190328815662e-32,6.29211062755068e-08,1.0,,,
T-L,DA,mc_learned_baseline,False,49,135,96120,34560,34560,0,0,27000,48060,192240,262144,1.0500000000000003,1.05,1.0495334913139565,-2.220446049250313e-16,-2.2196082517963578e-20,public_state_tabular_independent_mc,1,0.0015974079435935155,1.5168195000151172,True,accepted_return_check_disabled,0.1,1,,,,,,,2.465190328815662e-32,6.292110627564349e-08,1.0,,,
T-L,DA,mc_learned_baseline,False,49,136,96832,34816,34816,0,0,27200,48416,193664,262144,1.0500000000000003,1.05,1.0495334913139562,-2.220446049250313e-16,-2.2196082628352207e-20,public_state_tabular_independent_mc,1,0.0015974079435945856,1.5299836000194773,True,accepted_return_check_disabled,0.1,1,,,,,,,2.465190328815662e-32,6.292110627571184e-08,1.0,,,
T-L,DA,mc_learned_baseline,False,49,137,97544,35072,35072,0,0,27400,48772,195088,262144,1.0500000000000003,1.05,1.049533491313956,-2.220446049250313e-16,-2.2196082738740836e-20,public_state_tabular_independent_mc,1,0.0015974079435956564,1.5431866999715567,True,accepted_return_check_disabled,0.1,1,,,,,,,2.465190328815662e-32,6.292110627578022e-08,1.0,,,
T-L,DA,mc_learned_baseline,False,49,138,98256,35328,35328,0,0,27600,49128,196512,262144,1.0500000000000003,1.05,1.0495334913139556,-4.440892098500626e-16,-2.2196082849129462e-20,public_state_tabular_independent_mc,1,0.0015974079435967263,1.5527550999540836,True,accepted_return_check_disabled,0.1,1,,,,,,,2.465190328815662e-32,6.292110627584855e-08,1.0,,,
T-L,DA,mc_learned_baseline,False,49,139,98968,35584,35584,0,0,27800,49484,197936,262144,1.0500000000000003,1.05,1.0495334913139553,-2.220446049250313e-16,-2.219608295951809e-20,public_state_tabular_independent_mc,1,0.0015974079435977966,1.5649402999551967,True,accepted_return_check_disabled,0.1,1,,,,,,,2.465190328815662e-32,6.292110627598524e-08,1.0,,,
T-L,DA,mc_learned_baseline,False,49,140,99680,35840,35840,0,0,28000,49840,199360,262144,1.0500000000000003,1.05,1.0495334913139551,-2.220446049250313e-16,-2.219608306990672e-20,public_state_tabular_independent_mc,1,0.001597407943598867,1.5771497000241652,True,accepted_return_check_disabled,0.1,1,,,,,,,2.465190328815662e-32,6.292110627605361e-08,1.0,,,
T-L,DA,mc_learned_baseline,False,49,141,100392,36096,36096,0,0,28200,50196,200784,262144,1.0500000000000003,1.05,1.0495334913139547,-4.440892098500626e-16,-2.2196083180295346e-20,public_state_tabular_independent_mc,1,0.0015974079435999368,1.5863581999437883,True,accepted_return_check_disabled,0.1,1,,,,,,,2.465190328815662e-32,6.292110627612193e-08,1.0,,,
T-L,DA,mc_learned_baseline,False,49,142,101104,36352,36352,0,0,28400,50552,202208,262144,1.0476562500000002,1.0383000000000002,1.049552232131249,1.8740817294249368e-05,3.849154654101179e-06,public_state_tabular_independent_mc,1,0.0014070496723103114,1.596483499975875,True,accepted_return_check_disabled,0.1,1,,,,,,,0.00035400390625000064,0.0011777948325783303,0.6155422840019975,,,
T-L,DA,mc_learned_baseline,False,49,143,101816,36608,36608,0,0,28600,50908,203632,262144,1.0500000000000003,1.05,1.0495522321312487,-2.220446049250313e-16,5.841248525316636e-17,public_state_tabular_independent_mc,1,0.0014070496723108655,1.6129688000073656,True,accepted_return_check_disabled,0.1,1,,,,,,,2.465190328815662e-32,5.73279129149389e-08,1.0,,,
T-L,DA,mc_learned_baseline,False,49,144,102528,36864,36864,0,0,28800,51264,205056,262144,1.0500000000000003,1.05,1.0495522321312485,-2.220446049250313e-16,5.84124852531328e-17,public_state_tabular_independent_mc,1,0.0014070496723114193,1.6252874999772757,True,accepted_return_check_disabled,0.1,1,,,,,,,2.465190328815662e-32,5.732791291500309e-08,1.0,,,
T-L,DA,mc_learned_baseline,False,49,145,103240,37120,37120,0,0,29000,51620,206480,262144,1.0500000000000003,1.05,1.0495522321312485,0.0,5.841248525309925e-17,public_state_tabular_independent_mc,1,0.0014070496723119733,1.6387530999490991,True,accepted_return_check_disabled,0.1,1,,,,,,,2.465190328815662e-32,5.732791291506726e-08,1.0,,,
T-L,DA,mc_learned_baseline,False,49,146,103952,37376,37376,0,0,29200,51976,207904,262144,1.0500000000000003,1.05,1.0495522321312483,-2.220446049250313e-16,5.841248525306568e-17,public_state_tabular_independent_mc,1,0.0014070496723125273,1.649792299955152,True,accepted_return_check_disabled,0.1,1,,,,,,,2.465190328815662e-32,5.732791291506726e-08,1.0,,,
T-L,DA,mc_learned_baseline,False,49,147,104664,37632,37632,0,0,29400,52332,209328,262144,1.0500000000000003,1.05,1.0496015889965284,4.935686528018124e-05,1.6782828874742984e-06,public_state_tabular_independent_mc,0,0.0012407228979438131,1.6626277000177652,True,accepted_return_check_disabled,0.1,1,,,,,,,2.7465820312496886e-06,2.1263800971671245e-06,0.9978027343750002,,,
T-L,DA,mc_learned_baseline,False,49,148,105376,37888,37888,0,0,29600,52688,210752,262144,1.0500000000000003,1.05,1.0496709895051404,6.940050861192759e-05,2.013925966419798e-06,public_state_tabular_independent_mc,1,0.0010425890977491003,1.6763253000099212,True,accepted_return_check_disabled,0.1,1,,,,,,,9.335021972656141e-05,8.941252855579796e-05,0.99958740234375,,,
T-L,DA,mc_learned_baseline,False,49,149,106088,38144,38144,0,0,29800,53044,212176,262144,1.0500000000000003,1.05,1.049704177305805,3.318780066452476e-05,1.106777676962665e-06,public_state_tabular_independent_mc,0,0.0009263405546926302,1.6876997000072151,True,accepted_return_check_disabled,0.1,1,,,,,,,2.7465820312496886e-06,2.313412757636908e-06,0.9978027343750002,,,
T-L,DA,mc_learned_baseline,False,49,150,106800,38400,38400,0,0,30000,53400,213600,262144,1.0500000000000003,1.05,1.049704177305805,0.0,0.0,public_state_tabular_independent_mc,1,0.0009263405546926302,1.7000381000107154,True,accepted_return_check_disabled,0.1,1,,,,,,,2.465190328815662e-32,2.4175612960852748e-08,1.0,,,
T-L,DA,mc_learned_baseline,False,49,151,107512,38656,38656,0,0,30200,53756,215024,262144,1.0500000000000003,1.05,1.049704177305805,0.0,0.0,public_state_tabular_independent_mc,1,0.0009263405546926302,1.711364599992521,True,accepted_return_check_disabled,0.1,1,,,,,,,2.465190328815662e-32,2.4175612960852748e-08,1.0,,,
T-L,DA,mc_learned_baseline,False,49,152,108224,38912,38912,0,0,30400,54112,216448,262144,1.0500000000000003,1.05,1.049704177305805,0.0,0.0,public_state_tabular_independent_mc,1,0.0009263405546926302,1.7253152000484988,True,accepted_return_check_disabled,0.1,1,,,,,,,2.465190328815662e-32,2.4175612960852748e-08,1.0,,,
T-L,DA,mc_learned_baseline,False,49,153,108936,39168,39168,0,0,30600,54468,217872,262144,1.0500000000000003,1.05,1.049704177305805,0.0,0.0,public_state_tabular_independent_mc,1,0.0009263405546926302,1.7395644000498578,True,accepted_return_check_disabled,0.1,1,,,,,,,2.465190328815662e-32,2.4175612960852748e-08,1.0,,,
T-L,DA,mc_learned_baseline,False,49,154,109648,39424,39424,0,0,30800,54824,219296,262144,1.0500000000000003,1.05,1.049704177305805,0.0,0.0,public_state_tabular_independent_mc,1,0.0009263405546926302,1.7513955000322312,True,accepted_return_check_disabled,0.1,1,,,,,,,2.465190328815662e-32,2.4175612960852748e-08,1.0,,,
T-L,DA,mc_learned_baseline,False,49,155,110360,39680,39680,0,0,31000,55180,220720,262144,1.0500000000000003,1.05,1.049704177305805,0.0,0.0,public_state_tabular_independent_mc,1,0.0009263405546926302,1.7679601999698207,True,accepted_return_check_disabled,0.1,1,,,,,,,2.465190328815662e-32,2.4175612960852748e-08,1.0,,,
T-L,DA,mc_learned_baseline,False,49,156,111072,39936,39936,0,0,31200,55536,222144,262144,1.0500000000000003,1.05,1.049704177305805,0.0,0.0,public_state_tabular_independent_mc,1,0.0009263405546926302,1.7829584999708459,True,accepted_return_check_disabled,0.1,1,,,,,,,2.465190328815662e-32,2.4175612960852748e-08,1.0,,,
T-L,DA,mc_learned_baseline,False,49,157,111784,40192,40192,0,0,31400,55892,223568,262144,1.0500000000000003,1.05,1.049704177305805,0.0,0.0,public_state_tabular_independent_mc,1,0.0009263405546926302,1.7935741000110283,True,accepted_return_check_disabled,0.1,1,,,,,,,2.465190328815662e-32,2.4175612960852748e-08,1.0,,,
T-L,DA,mc_learned_baseline,False,49,158,112496,40448,40448,0,0,31600,56248,224992,262144,1.0500000000000003,1.05,1.049704177305805,0.0,0.0,public_state_tabular_independent_mc,1,0.0009263405546926302,1.8329908000305295,True,accepted_return_check_disabled,0.1,1,,,,,,,2.465190328815662e-32,2.4175612960852748e-08,1.0,,,
T-L,DA,mc_learned_baseline,False,49,159,113208,40704,40704,0,0,31800,56604,226416,262144,1.0500000000000003,1.05,1.049704177305805,0.0,0.0,public_state_tabular_independent_mc,1,0.0009263405546926302,1.8577528999885544,True,accepted_return_check_disabled,0.1,1,,,,,,,2.465190328815662e-32,2.4175612960852748e-08,1.0,,,
T-L,DA,mc_learned_baseline,False,49,160,113920,40960,40960,0,0,32000,56960,227840,262144,1.0500000000000003,1.05,1.049704177305805,0.0,0.0,public_state_tabular_independent_mc,1,0.0009263405546926302,1.8713819000404328,True,accepted_return_check_disabled,0.1,1,,,,,,,2.465190328815662e-32,2.4175612960852748e-08,1.0,,,
T-L,DA,mc_learned_baseline,False,49,161,114632,41216,41216,0,0,32200,57316,229264,262144,1.0500000000000003,1.05,1.049704177305805,0.0,0.0,public_state_tabular_independent_mc,1,0.0009263405546926302,1.8873605000553653,True,accepted_return_check_disabled,0.1,1,,,,,,,2.465190328815662e-32,2.4175612960852748e-08,1.0,,,
T-L,DA,mc_learned_baseline,False,49,162,115344,41472,41472,0,0,32400,57672,230688,262144,1.0500000000000003,1.05,1.049704177305805,0.0,0.0,public_state_tabular_independent_mc,1,0.0009263405546926302,1.8975771999685094,True,accepted_return_check_disabled,0.1,1,,,,,,,2.465190328815662e-32,2.4175612960852748e-08,1.0,,,
T-L,DA,mc_learned_baseline,False,49,163,116056,41728,41728,0,0,32600,58028,232112,262144,1.0500000000000003,1.05,1.049704177305805,0.0,0.0,public_state_tabular_independent_mc,1,0.0009263405546926302,1.9091893000295386,True,accepted_return_check_disabled,0.1,1,,,,,,,2.465190328815662e-32,2.4175612960852748e-08,1.0,,,
T-L,DA,mc_learned_baseline,False,49,164,116768,41984,41984,0,0,32800,58384,233536,262144,1.0500000000000003,1.05,1.049704177305805,0.0,0.0,public_state_tabular_independent_mc,1,0.0009263405546926302,1.9179742999840528,True,accepted_return_check_disabled,0.1,1,,,,,,,2.465190328815662e-32,2.4175612960852748e-08,1.0,,,
T-L,DA,mc_learned_baseline,False,49,165,117480,42240,42240,0,0,33000,58740,234960,262144,1.0500000000000003,1.05,1.049704177305805,0.0,0.0,public_state_tabular_independent_mc,1,0.0009263405546926302,1.9297227000351995,True,accepted_return_check_disabled,0.1,1,,,,,,,2.465190328815662e-32,2.4175612960852748e-08,1.0,,,
T-L,DA,mc_learned_baseline,False,49,166,118192,42496,42496,0,0,33200,59096,236384,262144,1.0500000000000003,1.05,1.049704177305805,0.0,0.0,public_state_tabular_independent_mc,1,0.0009263405546926302,1.9392947000451386,True,accepted_return_check_disabled,0.1,1,,,,,,,2.465190328815662e-32,2.4175612960852748e-08,1.0,,,
T-L,DA,mc_learned_baseline,False,49,167,118904,42752,42752,0,0,33400,59452,237808,262144,1.0500000000000003,1.05,1.049704177305805,0.0,0.0,public_state_tabular_independent_mc,1,0.0009263405546926302,1.948389400029555,True,accepted_return_check_disabled,0.1,1,,,,,,,2.465190328815662e-32,2.4175612960852748e-08,1.0,,,
T-L,DA,mc_learned_baseline,False,49,168,119616,43008,43008,0,0,33600,59808,239232,262144,1.0500000000000003,1.05,1.049704177305805,0.0,0.0,public_state_tabular_independent_mc,1,0.0009263405546926302,1.9586610000114888,True,accepted_return_check_disabled,0.1,1,,,,,,,2.465190328815662e-32,2.4175612960852748e-08,1.0,,,
T-L,DA,mc_learned_baseline,False,49,169,120328,43264,43264,0,0,33800,60164,240656,262144,1.0500000000000003,1.05,1.049704177305805,0.0,0.0,public_state_tabular_independent_mc,1,0.0009263405546926302,1.9696725000394508,True,accepted_return_check_disabled,0.1,1,,,,,,,2.465190328815662e-32,2.4175612960852748e-08,1.0,,,
T-L,DA,mc_learned_baseline,False,49,170,121040,43520,43520,0,0,34000,60520,242080,262144,1.0500000000000003,1.05,1.049704177305805,0.0,0.0,public_state_tabular_independent_mc,1,0.0009263405546926302,1.9787712000543252,True,accepted_return_check_disabled,0.1,1,,,,,,,2.465190328815662e-32,2.4175612960852748e-08,1.0,,,
T-L,DA,mc_learned_baseline,False,49,171,121752,43776,43776,0,0,34200,60876,243504,262144,1.0500000000000003,1.05,1.049704177305805,0.0,0.0,public_state_tabular_independent_mc,1,0.0009263405546926302,1.9891978000523522,True,accepted_return_check_disabled,0.1,1,,,,,,,2.465190328815662e-32,2.4175612960852748e-08,1.0,,,
T-L,DA,mc_learned_baseline,False,49,172,122464,44032,44032,0,0,34400,61232,244928,262144,1.0500000000000003,1.05,1.049704177305805,0.0,0.0,public_state_tabular_independent_mc,1,0.0009263405546926302,1.9988957999739796,True,accepted_return_check_disabled,0.1,1,,,,,,,2.465190328815662e-32,2.4175612960852748e-08,1.0,,,
T-L,DA,mc_learned_baseline,False,49,173,123176,44288,44288,0,0,34600,61588,246352,262144,1.0500000000000003,1.05,1.049704177305805,0.0,0.0,public_state_tabular_independent_mc,1,0.0009263405546926302,2.0088929999619722,True,accepted_return_check_disabled,0.1,1,,,,,,,2.465190328815662e-32,2.4175612960852748e-08,1.0,,,
T-L,DA,mc_learned_baseline,False,49,174,123888,44544,44544,0,0,34800,61944,247776,262144,1.0500000000000003,1.05,1.049704177305805,0.0,0.0,public_state_tabular_independent_mc,1,0.0009263405546926302,2.018316900008358,True,accepted_return_check_disabled,0.1,1,,,,,,,2.465190328815662e-32,2.4175612960852748e-08,1.0,,,
T-L,DA,mc_learned_baseline,False,49,175,124600,44800,44800,0,0,35000,62300,249200,262144,1.0500000000000003,1.05,1.049704177305805,0.0,0.0,public_state_tabular_independent_mc,1,0.0009263405546926302,2.0271120000397786,True,accepted_return_check_disabled,0.1,1,,,,,,,2.465190328815662e-32,2.4175612960852748e-08,1.0,,,
T-L,DA,mc_learned_baseline,False,49,176,125312,45056,45056,0,0,35200,62656,250624,262144,1.0500000000000003,1.05,1.049704177305805,0.0,0.0,public_state_tabular_independent_mc,1,0.0009263405546926302,2.0428060999838635,True,accepted_return_check_disabled,0.1,1,,,,,,,2.465190328815662e-32,2.4175612960852748e-08,1.0,,,
T-L,DA,mc_learned_baseline,False,49,177,126024,45312,45312,0,0,35400,63012,252048,262144,1.0500000000000003,1.05,1.049704177305805,0.0,0.0,public_state_tabular_independent_mc,1,0.0009263405546926302,2.0638945000246167,True,accepted_return_check_disabled,0.1,1,,,,,,,2.465190328815662e-32,2.4175612960852748e-08,1.0,,,
T-L,DA,mc_learned_baseline,False,49,178,126736,45568,45568,0,0,35600,63368,253472,262144,1.0500000000000003,1.05,1.049704177305805,0.0,0.0,public_state_tabular_independent_mc,1,0.0009263405546926302,2.08023039996624,True,accepted_return_check_disabled,0.1,1,,,,,,,2.465190328815662e-32,2.4175612960852748e-08,1.0,,,
T-L,DA,mc_learned_baseline,False,49,179,127448,45824,45824,0,0,35800,63724,254896,262144,1.0500000000000003,1.05,1.049704177305805,0.0,0.0,public_state_tabular_independent_mc,1,0.0009263405546926302,2.091847699950449,True,accepted_return_check_disabled,0.1,1,,,,,,,2.465190328815662e-32,2.4175612960852748e-08,1.0,,,
T-L,DA,mc_learned_baseline,False,49,180,128160,46080,46080,0,0,36000,64080,256320,262144,1.0500000000000003,1.05,1.049704177305805,0.0,0.0,public_state_tabular_independent_mc,1,0.0009263405546926302,2.1021430999971926,True,accepted_return_check_disabled,0.1,1,,,,,,,2.465190328815662e-32,2.4175612960852748e-08,1.0,,,
T-L,DA,mc_learned_baseline,False,49,181,128872,46336,46336,0,0,36200,64436,257744,262144,1.0500000000000003,1.05,1.049704177305805,0.0,0.0,public_state_tabular_independent_mc,1,0.0009263405546926302,2.1208395999856293,True,accepted_return_check_disabled,0.1,1,,,,,,,2.465190328815662e-32,2.4175612960852748e-08,1.0,,,
T-L,DA,mc_learned_baseline,False,49,182,129584,46592,46592,0,0,36400,64792,259168,262144,1.0500000000000003,1.05,1.049704177305805,0.0,0.0,public_state_tabular_independent_mc,1,0.0009263405546926302,2.1365661999443546,True,accepted_return_check_disabled,0.1,1,,,,,,,2.465190328815662e-32,2.4175612960852748e-08,1.0,,,
T-L,DA,mc_learned_baseline,False,49,183,130296,46848,46848,0,0,36600,65148,260592,262144,1.0500000000000003,1.05,1.049704177305805,0.0,0.0,public_state_tabular_independent_mc,1,0.0009263405546926302,2.148835100000724,True,accepted_return_check_disabled,0.1,1,,,,,,,2.465190328815662e-32,2.4175612960852748e-08,1.0,,,
T-L,DA,mc_learned_baseline,False,49,184,131008,47104,47104,0,0,36800,65504,262016,262144,1.0500000000000003,1.05,1.049704177305805,0.0,0.0,public_state_tabular_independent_mc,1,0.0009263405546926302,2.1611433000070974,True,accepted_return_check_disabled,0.1,1,,,,,,,2.465190328815662e-32,2.4175612960852748e-08,1.0,,,
T-L,DA,mc_learned_baseline,False,49,185,131720,47360,47360,0,0,37000,65860,263440,262144,1.0500000000000003,1.05,1.049704177305805,0.0,0.0,public_state_tabular_independent_mc,1,0.0009263405546926302,2.1719041999895126,True,accepted_return_check_disabled,0.1,1,,,,,,,2.465190328815662e-32,2.4175612960852748e-08,1.0,,,
T-L,DA,mc_learned_baseline,False,49,186,132432,47616,47616,0,0,37200,66216,264864,262144,1.0500000000000003,1.05,1.049704177305805,0.0,0.0,public_state_tabular_independent_mc,1,0.0009263405546926302,2.1812027000123635,True,accepted_return_check_disabled,0.1,1,,,,,,,2.465190328815662e-32,2.4175612960852748e-08,1.0,,,
T-L,DA,mc_learned_baseline,False,49,187,133144,47872,47872,0,0,37400,66572,266288,262144,1.0500000000000003,1.05,1.0497315040538602,2.732674805527857e-05,9.004509481190937e-07,public_state_tabular_independent_mc,0,0.0008288664837610273,2.19292379997205,True,accepted_return_check_disabled,0.1,1,,,,,,,2.7465820312496886e-06,2.3851862094086505e-06,0.9978027343750002,,,
T-L,DA,mc_learned_baseline,False,49,188,133856,48128,48128,0,0,37600,66928,267712,262144,1.0500000000000003,1.05,1.0497315040538602,0.0,0.0,public_state_tabular_independent_mc,1,0.0008288664837610273,2.203395599965006,True,accepted_return_check_disabled,0.1,1,,,,,,,2.465190328815662e-32,2.005345213253061e-08,1.0,,,
T-L,DA,mc_learned_baseline,False,49,189,134568,48384,48384,0,0,37800,67284,269136,262144,1.0500000000000003,1.05,1.0497315040538602,0.0,0.0,public_state_tabular_independent_mc,1,0.0008288664837610273,2.2127637000521645,True,accepted_return_check_disabled,0.1,1,,,,,,,2.465190328815662e-32,2.005345213253061e-08,1.0,,,
T-L,DA,mc_learned_baseline,False,49,190,135280,48640,48640,0,0,38000,67640,270560,262144,1.0500000000000003,1.05,1.0497315040538602,0.0,0.0,public_state_tabular_independent_mc,1,0.0008288664837610273,2.2237098000478,True,accepted_return_check_disabled,0.1,1,,,,,,,2.465190328815662e-32,2.005345213253061e-08,1.0,,,
T-L,DA,mc_learned_baseline,False,49,191,135992,48896,48896,0,0,38200,67996,271984,262144,1.0500000000000003,1.05,1.0497315040538602,0.0,0.0,public_state_tabular_independent_mc,1,0.0008288664837610273,2.2336475000483915,True,accepted_return_check_disabled,0.1,1,,,,,,,2.465190328815662e-32,2.005345213253061e-08,1.0,,,
T-L,DA,mc_learned_baseline,False,49,192,136704,49152,49152,0,0,38400,68352,273408,262144,1.0500000000000003,1.05,1.0497315040538602,0.0,0.0,public_state_tabular_independent_mc,1,0.0008288664837610273,2.243080100044608,True,accepted_return_check_disabled,0.1,1,,,,,,,2.465190328815662e-32,2.005345213253061e-08,1.0,,,
T-L,DA,mc_learned_baseline,False,49,193,137416,49408,49408,0,0,38600,68708,274832,262144,1.0500000000000003,1.05,1.0497315040538602,0.0,0.0,public_state_tabular_independent_mc,1,0.0008288664837610273,2.252802300034091,True,accepted_return_check_disabled,0.1,1,,,,,,,2.465190328815662e-32,2.005345213253061e-08,1.0,,,
T-L,DA,mc_learned_baseline,False,49,194,138128,49664,49664,0,0,38800,69064,276256,262144,1.0500000000000003,1.05,1.0497315040538602,0.0,0.0,public_state_tabular_independent_mc,1,0.0008288664837610273,2.2616871000500396,True,accepted_return_check_disabled,0.1,1,,,,,,,2.465190328815662e-32,2.005345213253061e-08,1.0,,,
T-L,DA,mc_learned_baseline,False,49,195,138840,49920,49920,0,0,39000,69420,277680,262144,1.0500000000000003,1.05,1.0497315040538602,0.0,0.0,public_state_tabular_independent_mc,1,0.0008288664837610273,2.273778500035405,True,accepted_return_check_disabled,0.1,1,,,,,,,2.465190328815662e-32,2.005345213253061e-08,1.0,,,
T-L,DA,mc_learned_baseline,False,49,196,139552,50176,50176,0,0,39200,69776,279104,262144,1.0500000000000003,1.0470000000000002,1.0497315040538602,0.0,0.0,public_state_tabular_independent_mc,1,0.0008288664837610273,2.2878381999908015,True,accepted_return_check_disabled,0.1,1,,,,,,,2.465190328815662e-32,2.005345213253061e-08,1.0,,,
T-L,DA,mc_learned_baseline,False,49,197,140264,50432,50432,0,0,39400,70132,280528,262144,1.0500000000000003,1.05,1.0497315040538602,0.0,0.0,public_state_tabular_independent_mc,1,0.0008288664837610273,2.2991195999784395,True,accepted_return_check_disabled,0.1,1,,,,,,,2.465190328815662e-32,2.005345213253061e-08,1.0,,,
T-L,DA,mc_learned_baseline,False,49,198,140976,50688,50688,0,0,39600,70488,281952,262144,1.0500000000000003,1.05,1.0497315040538602,0.0,0.0,public_state_tabular_independent_mc,1,0.0008288664837610273,2.311534999986179,True,accepted_return_check_disabled,0.1,1,,,,,,,2.465190328815662e-32,2.005345213253061e-08,1.0,,,
T-L,DA,mc_learned_baseline,False,49,199,141688,50944,50944,0,0,39800,70844,283376,262144,1.0500000000000003,1.05,1.0497554454551208,2.394140126060762e-05,8.342339553122531e-07,public_state_tabular_independent_mc,0,0.0007418990948611324,2.322824600036256,True,accepted_return_check_disabled,0.1,1,,,,,,,6.594543457030985e-05,6.439001861411051e-05,0.9472436523437522,,,
T-L,DA,mc_learned_baseline,False,49,200,142400,51200,51200,0,0,40000,71200,284800,262144,1.0500000000000003,1.05,1.0497554454551208,0.0,0.0,public_state_tabular_independent_mc,1,0.0007418990948611324,2.3331041999626905,True,accepted_return_check_disabled,0.1,1,,,,,,,2.465190328815662e-32,1.7055676734331117e-08,1.0,,,
T-L,DA,mc_learned_baseline,False,49,201,143112,51456,51456,0,0,40200,71556,286224,262144,1.0500000000000003,1.05,1.0497554454551208,0.0,0.0,public_state_tabular_independent_mc,1,0.0007418990948611324,2.345308899995871,True,accepted_return_check_disabled,0.1,1,,,,,,,2.465190328815662e-32,1.7055676734331117e-08,1.0,,,
T-L,DA,mc_learned_baseline,False,49,202,143824,51712,51712,0,0,40400,71912,287648,262144,1.0500000000000003,1.05,1.0497554454551208,0.0,0.0,public_state_tabular_independent_mc,1,0.0007418990948611324,2.3556460000108927,True,accepted_return_check_disabled,0.1,1,,,,,,,2.465190328815662e-32,1.7055676734331117e-08,1.0,,,
T-L,DA,mc_learned_baseline,False,49,203,144536,51968,51968,0,0,40600,72268,289072,262144,1.0500000000000003,1.05,1.0497554454551208,0.0,0.0,public_state_tabular_independent_mc,1,0.0007418990948611324,2.3662453000433743,True,accepted_return_check_disabled,0.1,1,,,,,,,2.465190328815662e-32,1.7055676734331117e-08,1.0,,,
T-L,DA,mc_learned_baseline,False,49,204,145248,52224,52224,0,0,40800,72624,290496,262144,1.0500000000000003,1.05,1.0497554454551208,0.0,0.0,public_state_tabular_independent_mc,1,0.0007418990948611324,2.378870900021866,True,accepted_return_check_disabled,0.1,1,,,,,,,2.465190328815662e-32,1.7055676734331117e-08,1.0,,,
T-L,DA,mc_learned_baseline,False,49,205,145960,52480,52480,0,0,41000,72980,291920,262144,1.0500000000000003,1.05,1.0497554454551208,0.0,0.0,public_state_tabular_independent_mc,1,0.0007418990948611324,2.392384300008416,True,accepted_return_check_disabled,0.1,1,,,,,,,2.465190328815662e-32,1.7055676734331117e-08,1.0,,,
T-L,DA,mc_learned_baseline,False,49,206,146672,52736,52736,0,0,41200,73336,293344,262144,1.0500000000000003,1.05,1.0497554454551208,0.0,0.0,public_state_tabular_independent_mc,1,0.0007418990948611324,2.404611699981615,True,accepted_return_check_disabled,0.1,1,,,,,,,2.465190328815662e-32,1.7055676734331117e-08,1.0,,,
T-L,DA,mc_learned_baseline,False,49,207,147384,52992,52992,0,0,41400,73692,294768,262144,1.0500000000000003,1.05,1.0497554454551208,0.0,0.0,public_state_tabular_independent_mc,1,0.0007418990948611324,2.414461800013669,True,accepted_return_check_disabled,0.1,1,,,,,,,2.465190328815662e-32,1.7055676734331117e-08,1.0,,,
T-L,DA,mc_learned_baseline,False,49,208,148096,53248,53248,0,0,41600,74048,296192,262144,1.0500000000000003,1.05,1.0497554454551208,0.0,0.0,public_state_tabular_independent_mc,1,0.0007418990948611324,2.424613600014709,True,accepted_return_check_disabled,0.1,1,,,,,,,2.465190328815662e-32,1.7055676734331117e-08,1.0,,,
T-L,DA,mc_learned_baseline,False,49,209,148808,53504,53504,0,0,41800,74404,297616,262144,1.0500000000000003,1.05,1.0497554454551208,0.0,0.0,public_state_tabular_independent_mc,1,0.0007418990948611324,2.4388057000469416,True,accepted_return_check_disabled,0.1,1,,,,,,,2.465190328815662e-32,1.7055676734331117e-08,1.0,,,
T-L,DA,mc_learned_baseline,False,49,210,149520,53760,53760,0,0,42000,74760,299040,262144,1.0500000000000003,1.05,1.0497554454551208,0.0,0.0,public_state_tabular_independent_mc,1,0.0007418990948611324,2.4546395000070333,True,accepted_return_check_disabled,0.1,1,,,,,,,2.465190328815662e-32,1.7055676734331117e-08,1.0,,,
T-L,DA,mc_learned_baseline,False,49,211,150232,54016,54016,0,0,42200,75116,300464,262144,1.0500000000000003,1.05,1.0497554454551208,0.0,0.0,public_state_tabular_independent_mc,1,0.0007418990948611324,2.464341399958357,True,accepted_return_check_disabled,0.1,1,,,,,,,2.465190328815662e-32,1.7055676734331117e-08,1.0,,,
T-L,DA,mc_learned_baseline,False,49,212,150944,54272,54272,0,0,42400,75472,301888,262144,1.0500000000000003,1.05,1.0497554454551208,0.0,0.0,public_state_tabular_independent_mc,1,0.0007418990948611324,2.474752299953252,True,accepted_return_check_disabled,0.1,1,,,,,,,2.465190328815662e-32,1.7055676734331117e-08,1.0,,,
T-L,DA,mc_learned_baseline,False,49,213,151656,54528,54528,0,0,42600,75828,303312,262144,1.0500000000000003,1.05,1.0497554454551208,0.0,0.0,public_state_tabular_independent_mc,1,0.0007418990948611324,2.4846130999503657,True,accepted_return_check_disabled,0.1,1,,,,,,,2.465190328815662e-32,1.7055676734331117e-08,1.0,,,
T-L,DA,mc_learned_baseline,False,49,214,152368,54784,54784,0,0,42800,76184,304736,262144,1.0500000000000003,1.05,1.0497554454551208,0.0,0.0,public_state_tabular_independent_mc,1,0.0007418990948611324,2.4935203000204638,True,accepted_return_check_disabled,0.1,1,,,,,,,2.465190328815662e-32,1.7055676734331117e-08,1.0,,,
T-L,DA,mc_learned_baseline,False,49,215,153080,55040,55040,0,0,43000,76540,306160,262144,1.0500000000000003,1.05,1.0497554454551208,0.0,0.0,public_state_tabular_independent_mc,1,0.0007418990948611324,2.504805300035514,True,accepted_return_check_disabled,0.1,1,,,,,,,2.465190328815662e-32,1.7055676734331117e-08,1.0,,,
T-L,DA,mc_learned_baseline,False,49,216,153792,55296,55296,0,0,43200,76896,307584,262144,1.0500000000000003,1.05,1.0497554454551208,0.0,0.0,public_state_tabular_independent_mc,1,0.0007418990948611324,2.51569859997835,True,accepted_return_check_disabled,0.1,1,,,,,,,2.465190328815662e-32,1.7055676734331117e-08,1.0,,,
T-L,DA,mc_learned_baseline,False,49,217,154504,55552,55552,0,0,43400,77252,309008,262144,1.0500000000000003,1.05,1.0497554454551208,0.0,0.0,public_state_tabular_independent_mc,1,0.0007418990948611324,2.5267530999844894,True,accepted_return_check_disabled,0.1,1,,,,,,,2.465190328815662e-32,1.7055676734331117e-08,1.0,,,
T-L,DA,mc_learned_baseline,False,49,218,155216,55808,55808,0,0,43600,77608,310432,262144,1.0500000000000003,1.05,1.0497554454551208,0.0,0.0,public_state_tabular_independent_mc,1,0.0007418990948611324,2.538306799950078,True,accepted_return_check_disabled,0.1,1,,,,,,,2.465190328815662e-32,1.7055676734331117e-08,1.0,,,
T-L,DA,mc_learned_baseline,False,49,219,155928,56064,56064,0,0,43800,77964,311856,262144,1.0500000000000003,1.05,1.0497554454551208,0.0,0.0,public_state_tabular_independent_mc,1,0.0007418990948611324,2.5502352999756113,True,accepted_return_check_disabled,0.1,1,,,,,,,2.465190328815662e-32,1.7055676734331117e-08,1.0,,,
T-L,DA,mc_learned_baseline,False,49,220,156640,56320,56320,0,0,44000,78320,313280,262144,1.0500000000000003,1.05,1.0497554454551208,0.0,0.0,public_state_tabular_independent_mc,1,0.0007418990948611324,2.563318599946797,True,accepted_return_check_disabled,0.1,1,,,,,,,2.465190328815662e-32,1.7055676734331117e-08,1.0,,,
T-L,DA,mc_learned_baseline,False,49,221,157352,56576,56576,0,0,44200,78676,314704,262144,1.0500000000000003,1.05,1.0497554454551208,0.0,0.0,public_state_tabular_independent_mc,1,0.0007418990948611324,2.5734946000156924,True,accepted_return_check_disabled,0.1,1,,,,,,,2.465190328815662e-32,1.7055676734331117e-08,1.0,,,
T-L,DA,mc_learned_baseline,False,49,222,158064,56832,56832,0,0,44400,79032,316128,262144,1.0500000000000003,1.05,1.0497554454551208,0.0,0.0,public_state_tabular_independent_mc,1,0.0007418990948611324,2.5844808999681845,True,accepted_return_check_disabled,0.1,1,,,,,,,2.465190328815662e-32,1.7055676734331117e-08,1.0,,,
T-L,DA,mc_learned_baseline,False,49,223,158776,57088,57088,0,0,44600,79388,317552,262144,1.0500000000000003,1.05,1.0497554454551208,0.0,0.0,public_state_tabular_independent_mc,1,0.0007418990948611324,2.595880400040187,True,accepted_return_check_disabled,0.1,1,,,,,,,2.465190328815662e-32,1.7055676734331117e-08,1.0,,,
T-L,DA,mc_learned_baseline,False,49,224,159488,57344,57344,0,0,44800,79744,318976,262144,1.0500000000000003,1.05,1.0497554454551208,0.0,0.0,public_state_tabular_independent_mc,1,0.0007418990948611324,2.6062409000005573,True,accepted_return_check_disabled,0.1,1,,,,,,,2.465190328815662e-32,1.7055676734331117e-08,1.0,,,
T-L,DA,mc_learned_baseline,False,49,225,160200,57600,57600,0,0,45000,80100,320400,262144,1.0500000000000003,1.05,1.0497554454551208,0.0,0.0,public_state_tabular_independent_mc,1,0.0007418990948611324,2.6158802999416366,True,accepted_return_check_disabled,0.1,1,,,,,,,2.465190328815662e-32,1.7055676734331117e-08,1.0,,,
T-L,DA,mc_learned_baseline,False,49,226,160912,57856,57856,0,0,45200,80456,321824,262144,1.0500000000000003,1.0383000000000002,1.0497554454551208,0.0,0.0,public_state_tabular_independent_mc,1,0.0007418990948611324,2.6284421000164,True,accepted_return_check_disabled,0.1,1,,,,,,,2.465190328815662e-32,1.7055676734331117e-08,1.0,,,
T-L,DA,mc_learned_baseline,False,49,227,161624,58112,58112,0,0,45400,80812,323248,262144,1.0500000000000003,1.05,1.0497554454551208,0.0,0.0,public_state_tabular_independent_mc,1,0.0007418990948611324,2.6382474000565708,True,accepted_return_check_disabled,0.1,1,,,,,,,2.465190328815662e-32,1.7055676734331117e-08,1.0,,,
T-L,DA,mc_learned_baseline,False,49,228,162336,58368,58368,0,0,45600,81168,324672,262144,1.0500000000000003,1.05,1.0497554454551208,0.0,0.0,public_state_tabular_independent_mc,1,0.0007418990948611324,2.6483488000230864,True,accepted_return_check_disabled,0.1,1,,,,,,,2.465190328815662e-32,1.7055676734331117e-08,1.0,,,
T-L,DA,mc_learned_baseline,False,49,229,163048,58624,58624,0,0,45800,81524,326096,262144,1.0500000000000003,1.05,1.0497554454551208,0.0,0.0,public_state_tabular_independent_mc,1,0.0007418990948611324,2.6591067999834195,True,accepted_return_check_disabled,0.1,1,,,,,,,2.465190328815662e-32,1.7055676734331117e-08,1.0,,,
T-L,DA,mc_learned_baseline,False,49,230,163760,58880,58880,0,0,46000,81880,327520,262144,1.0500000000000003,1.05,1.0497554454551208,0.0,0.0,public_state_tabular_independent_mc,1,0.0007418990948611324,2.6705118999816477,True,accepted_return_check_disabled,0.1,1,,,,,,,2.465190328815662e-32,1.7055676734331117e-08,1.0,,,
T-L,DA,mc_learned_baseline,False,49,231,164472,59136,59136,0,0,46200,82236,328944,262144,1.0500000000000003,1.05,1.0497554454551208,0.0,0.0,public_state_tabular_independent_mc,1,0.0007418990948611324,2.680476399953477,True,accepted_return_check_disabled,0.1,1,,,,,,,2.465190328815662e-32,1.7055676734331117e-08,1.0,,,
T-L,DA,mc_learned_baseline,False,49,232,165184,59392,59392,0,0,46400,82592,330368,262144,1.0500000000000003,1.05,1.0497554454551208,0.0,0.0,public_state_tabular_independent_mc,1,0.0007418990948611324,2.691486999974586,True,accepted_return_check_disabled,0.1,1,,,,,,,2.465190328815662e-32,1.7055676734331117e-08,1.0,,,
T-L,DA,mc_learned_baseline,False,49,233,165896,59648,59648,0,0,46600,82948,331792,262144,1.0385156250000003,1.05,1.0497834598680877,2.8014412966959057e-05,9.701334511645376e-07,public_state_tabular_independent_mc,1,0.0006647379656168141,2.70105379994493,True,accepted_return_check_disabled,0.1,1,,,,,,,0.015298925781250004,0.0031055066585641117,0.021754569953138958,,,
T-L,DA,mc_learned_baseline,False,49,234,166608,59904,59904,0,0,46800,83304,333216,262144,1.0500000000000003,1.0470000000000002,1.0497834598680877,0.0,0.0,public_state_tabular_independent_mc,1,0.0006647379656168141,2.710399499977939,True,accepted_return_check_disabled,0.1,1,,,,,,,2.465190328815662e-32,1.4275663016391037e-08,1.0,,,
T-L,DA,mc_learned_baseline,False,49,235,167320,60160,60160,0,0,47000,83660,334640,262144,1.0500000000000003,1.05,1.0497834598680877,0.0,0.0,public_state_tabular_independent_mc,1,0.0006647379656168141,2.7199693999718875,True,accepted_return_check_disabled,0.1,1,,,,,,,2.465190328815662e-32,1.4275663016391037e-08,1.0,,,
T-L,DA,mc_learned_baseline,False,49,236,168032,60416,60416,0,0,47200,84016,336064,262144,1.0500000000000003,1.05,1.0497834598680877,0.0,0.0,public_state_tabular_independent_mc,1,0.0006647379656168141,2.7309265000512823,True,accepted_return_check_disabled,0.1,1,,,,,,,2.465190328815662e-32,1.4275663016391037e-08,1.0,,,
T-L,DA,mc_learned_baseline,False,49,237,168744,60672,60672,0,0,47400,84372,337488,262144,1.0500000000000003,1.05,1.0497834598680877,0.0,0.0,public_state_tabular_independent_mc,1,0.0006647379656168141,2.741034399950877,True,accepted_return_check_disabled,0.1,1,,,,,,,2.465190328815662e-32,1.4275663016391037e-08,1.0,,,
T-L,DA,mc_learned_baseline,False,49,238,169456,60928,60928,0,0,47600,84728,338912,262144,1.0500000000000003,1.05,1.0497834598680877,0.0,0.0,public_state_tabular_independent_mc,1,0.0006647379656168141,2.7524752999888733,True,accepted_return_check_disabled,0.1,1,,,,,,,2.465190328815662e-32,1.4275663016391037e-08,1.0,,,
T-L,DA,mc_learned_baseline,False,49,239,170168,61184,61184,0,0,47800,85084,340336,262144,1.0500000000000003,1.05,1.0497834598680877,0.0,0.0,public_state_tabular_independent_mc,1,0.0006647379656168141,2.763307600049302,True,accepted_return_check_disabled,0.1,1,,,,,,,2.465190328815662e-32,1.4275663016391037e-08,1.0,,,
T-L,DA,mc_learned_baseline,False,49,240,170880,61440,61440,0,0,48000,85440,341760,262144,1.0500000000000003,1.05,1.0497834598680877,0.0,0.0,public_state_tabular_independent_mc,1,0.0006647379656168141,2.7845419000368565,True,accepted_return_check_disabled,0.1,1,,,,,,,2.465190328815662e-32,1.4275663016391037e-08,1.0,,,
T-L,DA,mc_learned_baseline,False,49,241,171592,61696,61696,0,0,48200,85796,343184,262144,1.0500000000000003,1.05,1.0497834598680877,0.0,0.0,public_state_tabular_independent_mc,1,0.0006647379656168141,2.8022179000545293,True,accepted_return_check_disabled,0.1,1,,,,,,,2.465190328815662e-32,1.4275663016391037e-08,1.0,,,
T-L,DA,mc_learned_baseline,False,49,242,172304,61952,61952,0,0,48400,86152,344608,262144,1.0500000000000003,1.05,1.0497834598680877,0.0,0.0,public_state_tabular_independent_mc,1,0.0006647379656168141,2.819427500013262,True,accepted_return_check_disabled,0.1,1,,,,,,,2.465190328815662e-32,1.4275663016391037e-08,1.0,,,
T-L,DA,mc_learned_baseline,False,49,243,173016,62208,62208,0,0,48600,86508,346032,262144,1.0500000000000003,1.05,1.0497834598680877,0.0,0.0,public_state_tabular_independent_mc,1,0.0006647379656168141,2.8351633000420406,True,accepted_return_check_disabled,0.1,1,,,,,,,2.465190328815662e-32,1.4275663016391037e-08,1.0,,,
T-L,DA,mc_learned_baseline,False,49,244,173728,62464,62464,0,0,48800,86864,347456,262144,1.0500000000000003,1.05,1.0497834598680877,0.0,0.0,public_state_tabular_independent_mc,1,0.0006647379656168141,2.848283699946478,True,accepted_return_check_disabled,0.1,1,,,,,,,2.465190328815662e-32,1.4275663016391037e-08,1.0,,,
T-L,DA,mc_learned_baseline,False,49,245,174440,62720,62720,0,0,49000,87220,348880,262144,1.0500000000000003,1.05,1.0497834598680877,0.0,0.0,public_state_tabular_independent_mc,1,0.0006647379656168141,2.861998299951665,True,accepted_return_check_disabled,0.1,1,,,,,,,2.465190328815662e-32,1.4275663016391037e-08,1.0,,,
T-L,DA,mc_learned_baseline,False,49,246,175152,62976,62976,0,0,49200,87576,350304,262144,1.0500000000000003,1.05,1.0497834598680877,0.0,0.0,public_state_tabular_independent_mc,1,0.0006647379656168141,2.8717454000143334,True,accepted_return_check_disabled,0.1,1,,,,,,,2.465190328815662e-32,1.4275663016391037e-08,1.0,,,
T-L,DA,mc_learned_baseline,False,49,247,175864,63232,63232,0,0,49400,87932,351728,262144,1.0500000000000003,1.05,1.0497834598680877,0.0,0.0,public_state_tabular_independent_mc,1,0.0006647379656168141,2.8811550999525934,True,accepted_return_check_disabled,0.1,1,,,,,,,2.465190328815662e-32,1.4275663016391037e-08,1.0,,,
T-L,DA,mc_learned_baseline,False,49,248,176576,63488,63488,0,0,49600,88288,353152,262144,1.0500000000000003,1.05,1.0497834598680877,0.0,0.0,public_state_tabular_independent_mc,1,0.0006647379656168141,2.8918793000048026,True,accepted_return_check_disabled,0.1,1,,,,,,,2.465190328815662e-32,1.4275663016391037e-08,1.0,,,
T-L,DA,mc_learned_baseline,False,49,249,177288,63744,63744,0,0,49800,88644,354576,262144,1.0500000000000003,1.05,1.0497834598680877,0.0,0.0,public_state_tabular_independent_mc,1,0.0006647379656168141,2.902103399974294,True,accepted_return_check_disabled,0.1,1,,,,,,,2.465190328815662e-32,1.4275663016391037e-08,1.0,,,
T-L,DA,mc_learned_baseline,False,49,250,178000,64000,64000,0,0,50000,89000,356000,262144,1.0500000000000003,1.05,1.0497834598680877,0.0,0.0,public_state_tabular_independent_mc,1,0.0006647379656168141,2.911446899990551,True,accepted_return_check_disabled,0.1,1,,,,,,,2.465190328815662e-32,1.4275663016391037e-08,1.0,,,
T-L,DA,mc_learned_baseline,False,49,251,178712,64256,64256,0,0,50200,89356,357424,262144,1.0500000000000003,1.05,1.0498206471375153,3.7187269427585434e-05,9.919910089228208e-07,public_state_tabular_independent_mc,1,0.0005597782901719125,2.9221694000298157,True,accepted_return_check_disabled,0.1,1,,,,,,,9.335021972656141e-05,9.110363709014904e-05,0.99958740234375,,,
T-L,DA,mc_learned_baseline,False,49,252,179424,64512,64512,0,0,50400,89712,358848,262144,1.0500000000000003,1.05,1.0498206471375153,0.0,0.0,public_state_tabular_independent_mc,1,0.0005597782901719125,2.9312058000359684,True,accepted_return_check_disabled,0.1,1,,,,,,,2.465190328815662e-32,9.795226576431352e-09,1.0,,,
T-L,DA,mc_learned_baseline,False,49,253,180136,64768,64768,0,0,50600,90068,360272,262144,1.0408593750000001,1.05,1.0498011178027111,-1.952933480420249e-05,3.4325720862174674e-06,public_state_tabular_independent_mc,1,0.0006770313093256553,2.9406515000155196,True,accepted_return_check_disabled,0.1,1,,,,,,,0.011948828125000005,0.005347920416173708,0.052005761336454404,,,
T-L,DA,mc_learned_baseline,False,49,254,180848,65024,65024,0,0,50800,90424,361696,262144,1.0500000000000003,1.05,1.0498011178027111,0.0,0.0,public_state_tabular_independent_mc,1,0.0006770313093256553,2.9503236999735236,True,accepted_return_check_disabled,0.1,1,,,,,,,2.465190328815662e-32,1.092680394588883e-08,1.0,,,
T-L,DA,mc_learned_baseline,False,49,255,181560,65280,65280,0,0,51000,90780,363120,262144,1.0500000000000003,1.05,1.0498011178027111,0.0,0.0,public_state_tabular_independent_mc,1,0.0006770313093256553,2.960023000021465,True,accepted_return_check_disabled,0.1,1,,,,,,,2.465190328815662e-32,1.092680394588883e-08,1.0,,,
T-L,DA,mc_learned_baseline,False,49,256,182272,65536,65536,0,0,51200,91136,364544,262144,1.0500000000000003,1.05,1.0498011178027111,0.0,0.0,public_state_tabular_independent_mc,1,0.0006770313093256553,2.9706752999918535,True,accepted_return_check_disabled,0.1,1,,,,,,,2.465190328815662e-32,1.092680394588883e-08,1.0,,,
T-L,DA,mc_learned_baseline,False,49,257,182984,65792,65792,0,0,51400,91492,365968,262144,1.0500000000000003,1.05,1.0498011178027111,0.0,0.0,public_state_tabular_independent_mc,1,0.0006770313093256553,2.9794340999796987,True,accepted_return_check_disabled,0.1,1,,,,,,,2.465190328815662e-32,1.092680394588883e-08,1.0,,,
T-L,DA,mc_learned_baseline,False,49,258,183696,66048,66048,0,0,51600,91848,367392,262144,1.0500000000000003,1.05,1.0498011178027111,0.0,0.0,public_state_tabular_independent_mc,1,0.0006770313093256553,2.9890943999635056,True,accepted_return_check_disabled,0.1,1,,,,,,,2.465190328815662e-32,1.092680394588883e-08,1.0,,,
T-L,DA,mc_learned_baseline,False,49,259,184408,66304,66304,0,0,51800,92204,368816,262144,1.0500000000000003,1.05,1.0498011178027111,0.0,0.0,public_state_tabular_independent_mc,1,0.0006770313093256553,2.998722300049849,True,accepted_return_check_disabled,0.1,1,,,,,,,2.465190328815662e-32,1.092680394588883e-08,1.0,,,
T-L,DA,mc_learned_baseline,False,49,260,185120,66560,66560,0,0,52000,92560,370240,262144,1.0500000000000003,1.05,1.0498011178027111,0.0,0.0,public_state_tabular_independent_mc,1,0.0006770313093256553,3.0082052999641746,True,accepted_return_check_disabled,0.1,1,,,,,,,2.465190328815662e-32,1.092680394588883e-08,1.0,,,
T-L,DA,mc_learned_baseline,False,49,261,185832,66816,66816,0,0,52200,92916,371664,262144,1.0500000000000003,1.05,1.0498011178027111,0.0,0.0,public_state_tabular_independent_mc,1,0.0006770313093256553,3.019425499951467,True,accepted_return_check_disabled,0.1,1,,,,,,,2.465190328815662e-32,1.092680394588883e-08,1.0,,,
T-L,DA,mc_learned_baseline,False,49,262,186544,67072,67072,0,0,52400,93272,373088,262144,1.0500000000000003,1.05,1.0498011178027111,0.0,0.0,public_state_tabular_independent_mc,1,0.0006770313093256553,3.0311175000388175,True,accepted_return_check_disabled,0.1,1,,,,,,,2.465190328815662e-32,1.092680394588883e-08,1.0,,,
T-L,DA,mc_learned_baseline,False,49,263,187256,67328,67328,0,0,52600,93628,374512,262144,1.0500000000000003,1.05,1.0498351831816408,3.406537892969297e-05,1.0074007877296288e-06,public_state_tabular_independent_mc,1,0.0005700208414660357,3.0402042999630794,True,accepted_return_check_disabled,0.1,1,,,,,,,9.335021972656141e-05,9.13513963933816e-05,0.99958740234375,,,
T-L,DA,mc_learned_baseline,False,49,264,187968,67584,67584,0,0,52800,93984,375936,262144,1.0500000000000003,1.05,1.0498351831816408,0.0,0.0,public_state_tabular_independent_mc,1,0.0005700208414660357,3.0505588999949396,True,accepted_return_check_disabled,0.1,1,,,,,,,2.465190328815662e-32,7.504435783556505e-09,1.0,,,
T-L,DA,mc_learned_baseline,False,49,265,188680,67840,67840,0,0,53000,94340,377360,262144,1.0500000000000003,1.05,1.0498351831816408,0.0,0.0,public_state_tabular_independent_mc,1,0.0005700208414660357,3.0610744999721646,True,accepted_return_check_disabled,0.1,1,,,,,,,2.465190328815662e-32,7.504435783556505e-09,1.0,,,
T-L,DA,mc_learned_baseline,False,49,266,189392,68096,68096,0,0,53200,94696,378784,262144,1.0500000000000003,1.05,1.0498351831816408,0.0,0.0,public_state_tabular_independent_mc,1,0.0005700208414660357,3.0733173999469727,True,accepted_return_check_disabled,0.1,1,,,,,,,2.465190328815662e-32,7.504435783556505e-09,1.0,,,
T-L,DA,mc_learned_baseline,False,49,267,190104,68352,68352,0,0,53400,95052,380208,262144,1.0500000000000003,1.05,1.0498351831816408,0.0,0.0,public_state_tabular_independent_mc,1,0.0005700208414660357,3.085444699972868,True,accepted_return_check_disabled,0.1,1,,,,,,,2.465190328815662e-32,7.504435783556505e-09,1.0,,,
T-L,DA,mc_learned_baseline,False,49,268,190816,68608,68608,0,0,53600,95408,381632,262144,1.0500000000000003,1.05,1.0498351831816408,0.0,0.0,public_state_tabular_independent_mc,1,0.0005700208414660357,3.096368300030008,True,accepted_return_check_disabled,0.1,1,,,,,,,2.465190328815662e-32,7.504435783556505e-09,1.0,,,
T-L,DA,mc_learned_baseline,False,49,269,191528,68864,68864,0,0,53800,95764,383056,262144,1.0500000000000003,1.05,1.0498351831816408,0.0,0.0,public_state_tabular_independent_mc,1,0.0005700208414660357,3.1094900999451056,True,accepted_return_check_disabled,0.1,1,,,,,,,2.465190328815662e-32,7.504435783556505e-09,1.0,,,
T-L,DA,mc_learned_baseline,False,49,270,192240,69120,69120,0,0,54000,96120,384480,262144,1.0500000000000003,1.0383000000000002,1.0498351831816408,0.0,0.0,public_state_tabular_independent_mc,1,0.0005700208414660357,3.1270203000167385,True,accepted_return_check_disabled,0.1,1,,,,,,,2.465190328815662e-32,7.504435783556505e-09,1.0,,,
T-L,DA,mc_learned_baseline,False,49,271,192952,69376,69376,0,0,54200,96476,385904,262144,1.0500000000000003,1.05,1.0498351831816408,0.0,0.0,public_state_tabular_independent_mc,1,0.0005700208414660357,3.1413577999919653,True,accepted_return_check_disabled,0.1,1,,,,,,,2.465190328815662e-32,7.504435783556505e-09,1.0,,,
T-L,DA,mc_learned_baseline,False,49,272,193664,69632,69632,0,0,54400,96832,387328,262144,1.0500000000000003,1.05,1.0498351831816408,0.0,0.0,public_state_tabular_independent_mc,1,0.0005700208414660357,3.1532221999950707,True,accepted_return_check_disabled,0.1,1,,,,,,,2.465190328815662e-32,7.504435783556505e-09,1.0,,,
T-L,DA,mc_learned_baseline,False,49,273,194376,69888,69888,0,0,54600,97188,388752,262144,1.0500000000000003,1.05,1.0498351831816408,0.0,0.0,public_state_tabular_independent_mc,1,0.0005700208414660357,3.1625965000130236,True,accepted_return_check_disabled,0.1,1,,,,,,,2.465190328815662e-32,7.504435783556505e-09,1.0,,,
T-L,DA,mc_learned_baseline,False,49,274,195088,70144,70144,0,0,54800,97544,390176,262144,1.0500000000000003,1.05,1.0498351831816408,0.0,0.0,public_state_tabular_independent_mc,1,0.0005700208414660357,3.1736384000396356,True,accepted_return_check_disabled,0.1,1,,,,,,,2.465190328815662e-32,7.504435783556505e-09,1.0,,,
T-L,DA,mc_learned_baseline,False,49,275,195800,70400,70400,0,0,55000,97900,391600,262144,1.0500000000000003,1.05,1.0498351831816408,0.0,0.0,public_state_tabular_independent_mc,1,0.0005700208414660357,3.184521900024265,True,accepted_return_check_disabled,0.1,1,,,,,,,2.465190328815662e-32,7.504435783556505e-09,1.0,,,
T-L,DA,mc_learned_baseline,False,49,276,196512,70656,70656,0,0,55200,98256,393024,262144,1.0500000000000003,1.05,1.0498351831816408,0.0,0.0,public_state_tabular_independent_mc,1,0.0005700208414660357,3.1953135000076145,True,accepted_return_check_disabled,0.1,1,,,,,,,2.465190328815662e-32,7.504435783556505e-09,1.0,,,
T-L,DA,mc_learned_baseline,False,49,277,197224,70912,70912,0,0,55400,98612,394448,262144,1.0500000000000003,1.05,1.0498351831816408,0.0,0.0,public_state_tabular_independent_mc,1,0.0005700208414660357,3.2049091999651864,True,accepted_return_check_disabled,0.1,1,,,,,,,2.465190328815662e-32,7.504435783556505e-09,1.0,,,
T-L,DA,mc_learned_baseline,False,49,278,197936,71168,71168,0,0,55600,98968,395872,262144,1.0500000000000003,1.05,1.0498351831816408,0.0,0.0,public_state_tabular_independent_mc,1,0.0005700208414660357,3.214670700021088,True,accepted_return_check_disabled,0.1,1,,,,,,,2.465190328815662e-32,7.504435783556505e-09,1.0,,,
T-L,DA,mc_learned_baseline,False,49,279,198648,71424,71424,0,0,55800,99324,397296,262144,1.0500000000000003,1.05,1.0498351831816408,0.0,0.0,public_state_tabular_independent_mc,1,0.0005700208414660357,3.2249427000060678,True,accepted_return_check_disabled,0.1,1,,,,,,,2.465190328815662e-32,7.504435783556505e-09,1.0,,,
T-L,DA,mc_learned_baseline,False,49,280,199360,71680,71680,0,0,56000,99680,398720,262144,1.0500000000000003,1.05,1.0498351831816408,0.0,0.0,public_state_tabular_independent_mc,1,0.0005700208414660357,3.2350969000253826,True,accepted_return_check_disabled,0.1,1,,,,,,,2.465190328815662e-32,7.504435783556505e-09,1.0,,,
T-L,DA,mc_learned_baseline,False,49,281,200072,71936,71936,0,0,56200,100036,400144,262144,1.0500000000000003,1.05,1.0498351831816408,0.0,0.0,public_state_tabular_independent_mc,1,0.0005700208414660357,3.243972899974324,True,accepted_return_check_disabled,0.1,1,,,,,,,2.465190328815662e-32,7.504435783556505e-09,1.0,,,
T-L,DA,mc_learned_baseline,False,49,282,200784,72192,72192,0,0,56400,100392,401568,262144,1.0500000000000003,1.05,1.0498351831816408,0.0,0.0,public_state_tabular_independent_mc,1,0.0005700208414660357,3.2537395999534056,True,accepted_return_check_disabled,0.1,1,,,,,,,2.465190328815662e-32,7.504435783556505e-09,1.0,,,
T-L,DA,mc_learned_baseline,False,49,283,201496,72448,72448,0,0,56600,100748,402992,262144,1.0500000000000003,1.05,1.0498351831816408,0.0,0.0,public_state_tabular_independent_mc,1,0.0005700208414660357,3.268647799966857,True,accepted_return_check_disabled,0.1,1,,,,,,,2.465190328815662e-32,7.504435783556505e-09,1.0,,,
T-L,DA,mc_learned_baseline,False,49,284,202208,72704,72704,0,0,56800,101104,404416,262144,1.0500000000000003,1.05,1.0498351831816408,0.0,0.0,public_state_tabular_independent_mc,1,0.0005700208414660357,3.279469299945049,True,accepted_return_check_disabled,0.1,1,,,,,,,2.465190328815662e-32,7.504435783556505e-09,1.0,,,
T-L,DA,mc_learned_baseline,False,49,285,202920,72960,72960,0,0,57000,101460,405840,262144,1.0500000000000003,1.05,1.0498351831816408,0.0,0.0,public_state_tabular_independent_mc,1,0.0005700208414660357,3.288281899993308,True,accepted_return_check_disabled,0.1,1,,,,,,,2.465190328815662e-32,7.504435783556505e-09,1.0,,,
T-L,DA,mc_learned_baseline,False,49,286,203632,73216,73216,0,0,57200,101816,407264,262144,1.0500000000000003,1.05,1.0498351831816408,0.0,0.0,public_state_tabular_independent_mc,1,0.0005700208414660357,3.300530100008473,True,accepted_return_check_disabled,0.1,1,,,,,,,2.465190328815662e-32,7.504435783556505e-09,1.0,,,
T-L,DA,mc_learned_baseline,False,49,287,204344,73472,73472,0,0,57400,102172,408688,262144,1.0500000000000003,1.05,1.0498351831816408,0.0,0.0,public_state_tabular_independent_mc,1,0.0005700208414660357,3.310482300003059,True,accepted_return_check_disabled,0.1,1,,,,,,,2.465190328815662e-32,7.504435783556505e-09,1.0,,,
T-L,DA,mc_learned_baseline,False,49,288,205056,73728,73728,0,0,57600,102528,410112,262144,1.0500000000000003,1.05,1.0498351831816408,0.0,0.0,public_state_tabular_independent_mc,1,0.0005700208414660357,3.325504699954763,True,accepted_return_check_disabled,0.1,1,,,,,,,2.465190328815662e-32,7.504435783556505e-09,1.0,,,
T-L,DA,mc_learned_baseline,False,49,289,205768,73984,73984,0,0,57800,102884,411536,262144,1.0500000000000003,1.05,1.0498351831816408,0.0,0.0,public_state_tabular_independent_mc,1,0.0005700208414660357,3.335445999982767,True,accepted_return_check_disabled,0.1,1,,,,,,,2.465190328815662e-32,7.504435783556505e-09,1.0,,,
T-L,DA,mc_learned_baseline,False,49,290,206480,74240,74240,0,0,58000,103240,412960,262144,1.0500000000000003,1.05,1.0498351831816408,0.0,0.0,public_state_tabular_independent_mc,1,0.0005700208414660357,3.3470998000120744,True,accepted_return_check_disabled,0.1,1,,,,,,,2.465190328815662e-32,7.504435783556505e-09,1.0,,,
T-L,DA,mc_learned_baseline,False,49,291,207192,74496,74496,0,0,58200,103596,414384,262144,1.0500000000000003,1.05,1.0498351831816408,0.0,0.0,public_state_tabular_independent_mc,1,0.0005700208414660357,3.3570114000467584,True,accepted_return_check_disabled,0.1,1,,,,,,,2.465190328815662e-32,7.504435783556505e-09,1.0,,,
T-L,DA,mc_learned_baseline,False,49,292,207904,74752,74752,0,0,58400,103952,415808,262144,1.0500000000000003,1.05,1.0498351831816408,0.0,0.0,public_state_tabular_independent_mc,1,0.0005700208414660357,3.3684113000053912,True,accepted_return_check_disabled,0.1,1,,,,,,,2.465190328815662e-32,7.504435783556505e-09,1.0,,,
T-L,DA,mc_learned_baseline,False,49,293,208616,75008,75008,0,0,58600,104308,417232,262144,1.0500000000000003,1.05,1.0498351831816408,0.0,0.0,public_state_tabular_independent_mc,1,0.0005700208414660357,3.379488999955356,True,accepted_return_check_disabled,0.1,1,,,,,,,2.465190328815662e-32,7.504435783556505e-09,1.0,,,
T-L,DA,mc_learned_baseline,False,49,294,209328,75264,75264,0,0,58800,104664,418656,262144,1.0500000000000003,1.05,1.0498351831816408,0.0,0.0,public_state_tabular_independent_mc,1,0.0005700208414660357,3.3921160999452695,True,accepted_return_check_disabled,0.1,1,,,,,,,2.465190328815662e-32,7.504435783556505e-09,1.0,,,
T-L,DA,mc_learned_baseline,False,49,295,210040,75520,75520,0,0,59000,105020,420080,262144,1.0500000000000003,1.05,1.0498351831816408,0.0,0.0,public_state_tabular_independent_mc,1,0.0005700208414660357,3.4085544999688864,True,accepted_return_check_disabled,0.1,1,,,,,,,2.465190328815662e-32,7.504435783556505e-09,1.0,,,
T-L,DA,mc_learned_baseline,False,49,296,210752,75776,75776,0,0,59200,105376,421504,262144,1.0500000000000003,1.05,1.0498351831816408,0.0,0.0,public_state_tabular_independent_mc,1,0.0005700208414660357,3.4192728999769315,True,accepted_return_check_disabled,0.1,1,,,,,,,2.465190328815662e-32,7.504435783556505e-09,1.0,,,
T-L,DA,mc_learned_baseline,False,49,297,211464,76032,76032,0,0,59400,105732,422928,262144,1.0500000000000003,1.05,1.0498351831816408,0.0,0.0,public_state_tabular_independent_mc,1,0.0005700208414660357,3.4293115000473335,True,accepted_return_check_disabled,0.1,1,,,,,,,2.465190328815662e-32,7.504435783556505e-09,1.0,,,
T-L,DA,mc_learned_baseline,False,49,298,212176,76288,76288,0,0,59600,106088,424352,262144,1.0500000000000003,1.05,1.0498351831816408,0.0,0.0,public_state_tabular_independent_mc,1,0.0005700208414660357,3.439271599985659,True,accepted_return_check_disabled,0.1,1,,,,,,,2.465190328815662e-32,7.504435783556505e-09,1.0,,,
T-L,DA,mc_learned_baseline,False,49,299,212888,76544,76544,0,0,59800,106444,425776,262144,1.0500000000000003,1.05,1.0498351831816408,0.0,0.0,public_state_tabular_independent_mc,1,0.0005700208414660357,3.453407400054857,True,accepted_return_check_disabled,0.1,1,,,,,,,2.465190328815662e-32,7.504435783556505e-09,1.0,,,
T-L,DA,mc_learned_baseline,False,49,300,213600,76800,76800,0,0,60000,106800,427200,262144,1.0500000000000003,1.05,1.0498351831816408,0.0,0.0,public_state_tabular_independent_mc,1,0.0005700208414660357,3.46394289995078,True,accepted_return_check_disabled,0.1,1,,,,,,,2.465190328815662e-32,7.504435783556505e-09,1.0,,,
T-L,DA,mc_learned_baseline,False,49,301,214312,77056,77056,0,0,60200,107156,428624,262144,1.0500000000000003,1.05,1.0498351831816408,0.0,0.0,public_state_tabular_independent_mc,1,0.0005700208414660357,3.4733668999979272,True,accepted_return_check_disabled,0.1,1,,,,,,,2.465190328815662e-32,7.504435783556505e-09,1.0,,,
T-L,DA,mc_learned_baseline,False,49,302,215024,77312,77312,0,0,60400,107512,430048,262144,1.0500000000000003,1.05,1.0498351831816408,0.0,0.0,public_state_tabular_independent_mc,1,0.0005700208414660357,3.4830397999612615,True,accepted_return_check_disabled,0.1,1,,,,,,,2.465190328815662e-32,7.504435783556505e-09,1.0,,,
T-L,DA,mc_learned_baseline,False,49,303,215736,77568,77568,0,0,60600,107868,431472,262144,1.0500000000000003,1.05,1.0498351831816408,0.0,0.0,public_state_tabular_independent_mc,1,0.0005700208414660357,3.492254800046794,True,accepted_return_check_disabled,0.1,1,,,,,,,2.465190328815662e-32,7.504435783556505e-09,1.0,,,
T-L,DA,mc_learned_baseline,False,49,304,216448,77824,77824,0,0,60800,108224,432896,262144,1.0500000000000003,1.05,1.0498351831816408,0.0,0.0,public_state_tabular_independent_mc,1,0.0005700208414660357,3.502720099990256,True,accepted_return_check_disabled,0.1,1,,,,,,,2.465190328815662e-32,7.504435783556505e-09,1.0,,,
T-L,DA,mc_learned_baseline,False,49,305,217160,78080,78080,0,0,61000,108580,434320,262144,1.0500000000000003,1.05,1.0498351831816408,0.0,0.0,public_state_tabular_independent_mc,1,0.0005700208414660357,3.5143860999960452,True,accepted_return_check_disabled,0.1,1,,,,,,,2.465190328815662e-32,7.504435783556505e-09,1.0,,,
T-L,DA,mc_learned_baseline,False,49,306,217872,78336,78336,0,0,61200,108936,435744,262144,1.0500000000000003,1.05,1.0498351831816408,0.0,0.0,public_state_tabular_independent_mc,1,0.0005700208414660357,3.5246438999893144,True,accepted_return_check_disabled,0.1,1,,,,,,,2.465190328815662e-32,7.504435783556505e-09,1.0,,,
T-L,DA,mc_learned_baseline,False,49,307,218584,78592,78592,0,0,61400,109292,437168,262144,1.0500000000000003,1.05,1.0498351831816408,0.0,0.0,public_state_tabular_independent_mc,1,0.0005700208414660357,3.534838999970816,True,accepted_return_check_disabled,0.1,1,,,,,,,2.465190328815662e-32,7.504435783556505e-09,1.0,,,
T-L,DA,mc_learned_baseline,False,49,308,219296,78848,78848,0,0,61600,109648,438592,262144,1.0500000000000003,1.05,1.0498351831816408,0.0,0.0,public_state_tabular_independent_mc,1,0.0005700208414660357,3.5462129999650642,True,accepted_return_check_disabled,0.1,1,,,,,,,2.465190328815662e-32,7.504435783556505e-09,1.0,,,
T-L,DA,mc_learned_baseline,False,49,309,220008,79104,79104,0,0,61800,110004,440016,262144,1.0500000000000003,1.05,1.0498351831816408,0.0,0.0,public_state_tabular_independent_mc,1,0.0005700208414660357,3.559546299977228,True,accepted_return_check_disabled,0.1,1,,,,,,,2.465190328815662e-32,7.504435783556505e-09,1.0,,,
T-L,DA,mc_learned_baseline,False,49,310,220720,79360,79360,0,0,62000,110360,441440,262144,1.0500000000000003,1.05,1.0498351831816408,0.0,0.0,public_state_tabular_independent_mc,1,0.0005700208414660357,3.5686825000448152,True,accepted_return_check_disabled,0.1,1,,,,,,,2.465190328815662e-32,7.504435783556505e-09,1.0,,,
T-L,DA,mc_learned_baseline,False,49,311,221432,79616,79616,0,0,62200,110716,442864,262144,1.0500000000000003,1.05,1.0498351831816408,0.0,0.0,public_state_tabular_independent_mc,1,0.0005700208414660357,3.5822402000194415,True,accepted_return_check_disabled,0.1,1,,,,,,,2.465190328815662e-32,7.504435783556505e-09,1.0,,,
T-L,DA,mc_learned_baseline,False,49,312,222144,79872,79872,0,0,62400,111072,444288,262144,1.0500000000000003,1.05,1.0498351831816408,0.0,0.0,public_state_tabular_independent_mc,1,0.0005700208414660357,3.5943066000472754,True,accepted_return_check_disabled,0.1,1,,,,,,,2.465190328815662e-32,7.504435783556505e-09,1.0,,,
T-L,DA,mc_learned_baseline,False,49,313,222856,80128,80128,0,0,62600,111428,445712,262144,1.0500000000000003,1.05,1.0498351831816408,0.0,0.0,public_state_tabular_independent_mc,1,0.0005700208414660357,3.6066611000569537,True,accepted_return_check_disabled,0.1,1,,,,,,,2.465190328815662e-32,7.504435783556505e-09,1.0,,,
T-L,DA,mc_learned_baseline,False,49,314,223568,80384,80384,0,0,62800,111784,447136,262144,1.0500000000000003,1.05,1.0498351831816408,0.0,0.0,public_state_tabular_independent_mc,1,0.0005700208414660357,3.6160841999808326,True,accepted_return_check_disabled,0.1,1,,,,,,,2.465190328815662e-32,7.504435783556505e-09,1.0,,,
T-L,DA,mc_learned_baseline,False,49,315,224280,80640,80640,0,0,63000,112140,448560,262144,1.0500000000000003,1.05,1.0498351831816408,0.0,0.0,public_state_tabular_independent_mc,1,0.0005700208414660357,3.628991200006567,True,accepted_return_check_disabled,0.1,1,,,,,,,2.465190328815662e-32,7.504435783556505e-09,1.0,,,
T-L,DA,mc_learned_baseline,False,49,316,224992,80896,80896,0,0,63200,112496,449984,262144,1.0500000000000003,1.05,1.0498351831816408,0.0,0.0,public_state_tabular_independent_mc,1,0.0005700208414660357,3.639489799970761,True,accepted_return_check_disabled,0.1,1,,,,,,,2.465190328815662e-32,7.504435783556505e-09,1.0,,,
T-L,DA,mc_learned_baseline,False,49,317,225704,81152,81152,0,0,63400,112852,451408,262144,1.0500000000000003,1.05,1.0498351831816408,0.0,0.0,public_state_tabular_independent_mc,1,0.0005700208414660357,3.6496616000076756,True,accepted_return_check_disabled,0.1,1,,,,,,,2.465190328815662e-32,7.504435783556505e-09,1.0,,,
T-L,DA,mc_learned_baseline,False,49,318,226416,81408,81408,0,0,63600,113208,452832,262144,1.0500000000000003,1.05,1.0498351831816408,0.0,0.0,public_state_tabular_independent_mc,1,0.0005700208414660357,3.6583418999798596,True,accepted_return_check_disabled,0.1,1,,,,,,,2.465190328815662e-32,7.504435783556505e-09,1.0,,,
T-L,DA,mc_learned_baseline,False,49,319,227128,81664,81664,0,0,63800,113564,454256,262144,1.0500000000000003,1.05,1.0498351831816408,0.0,0.0,public_state_tabular_independent_mc,1,0.0005700208414660357,3.6688807000173256,True,accepted_return_check_disabled,0.1,1,,,,,,,2.465190328815662e-32,7.504435783556505e-09,1.0,,,
T-L,DA,mc_learned_baseline,False,49,320,227840,81920,81920,0,0,64000,113920,455680,262144,1.0500000000000003,1.05,1.0498351831816408,0.0,0.0,public_state_tabular_independent_mc,1,0.0005700208414660357,3.6777708999579772,True,accepted_return_check_disabled,0.1,1,,,,,,,2.465190328815662e-32,7.504435783556505e-09,1.0,,,
T-L,DA,mc_learned_baseline,False,49,321,228552,82176,82176,0,0,64200,114276,457104,262144,1.0500000000000003,1.05,1.0498351831816408,0.0,0.0,public_state_tabular_independent_mc,1,0.0005700208414660357,3.6879381999606267,True,accepted_return_check_disabled,0.1,1,,,,,,,2.465190328815662e-32,7.504435783556505e-09,1.0,,,
T-L,DA,mc_learned_baseline,False,49,322,229264,82432,82432,0,0,64400,114632,458528,262144,1.0500000000000003,1.05,1.0498351831816408,0.0,0.0,public_state_tabular_independent_mc,1,0.0005700208414660357,3.698114800034091,True,accepted_return_check_disabled,0.1,1,,,,,,,2.465190328815662e-32,7.504435783556505e-09,1.0,,,
T-L,DA,mc_learned_baseline,False,49,323,229976,82688,82688,0,0,64600,114988,459952,262144,1.0500000000000003,1.05,1.0498351831816408,0.0,0.0,public_state_tabular_independent_mc,1,0.0005700208414660357,3.70744809997268,True,accepted_return_check_disabled,0.1,1,,,,,,,2.465190328815662e-32,7.504435783556505e-09,1.0,,,
T-L,DA,mc_learned_baseline,False,49,324,230688,82944,82944,0,0,64800,115344,461376,262144,1.0500000000000003,1.05,1.0498351831816408,0.0,0.0,public_state_tabular_independent_mc,1,0.0005700208414660357,3.7173733999952674,True,accepted_return_check_disabled,0.1,1,,,,,,,2.465190328815662e-32,7.504435783556505e-09,1.0,,,
T-L,DA,mc_learned_baseline,False,49,325,231400,83200,83200,0,0,65000,115700,462800,262144,1.0500000000000003,1.05,1.0498351831816408,0.0,0.0,public_state_tabular_independent_mc,1,0.0005700208414660357,3.7321084999712184,True,accepted_return_check_disabled,0.1,1,,,,,,,2.465190328815662e-32,7.504435783556505e-09,1.0,,,
T-L,DA,mc_learned_baseline,False,49,326,232112,83456,83456,0,0,65200,116056,464224,262144,1.0500000000000003,1.05,1.0498351831816408,0.0,0.0,public_state_tabular_independent_mc,1,0.0005700208414660357,3.747196099953726,True,accepted_return_check_disabled,0.1,1,,,,,,,2.465190328815662e-32,7.504435783556505e-09,1.0,,,
T-L,DA,mc_learned_baseline,False,49,327,232824,83712,83712,0,0,65400,116412,465648,262144,1.0500000000000003,1.05,1.0498351831816408,0.0,0.0,public_state_tabular_independent_mc,1,0.0005700208414660357,3.7563095999648795,True,accepted_return_check_disabled,0.1,1,,,,,,,2.465190328815662e-32,7.504435783556505e-09,1.0,,,
T-L,DA,mc_learned_baseline,False,49,328,233536,83968,83968,0,0,65600,116768,467072,262144,1.0500000000000003,1.05,1.0498351831816408,0.0,0.0,public_state_tabular_independent_mc,1,0.0005700208414660357,3.7675129000563174,True,accepted_return_check_disabled,0.1,1,,,,,,,2.465190328815662e-32,7.504435783556505e-09,1.0,,,
T-L,DA,mc_learned_baseline,False,49,329,234248,84224,84224,0,0,65800,117124,468496,262144,1.0500000000000003,1.05,1.0498351831816408,0.0,0.0,public_state_tabular_independent_mc,1,0.0005700208414660357,3.777763199992478,True,accepted_return_check_disabled,0.1,1,,,,,,,2.465190328815662e-32,7.504435783556505e-09,1.0,,,
T-L,DA,mc_learned_baseline,False,49,330,234960,84480,84480,0,0,66000,117480,469920,262144,1.0500000000000003,1.05,1.0498351831816408,0.0,0.0,public_state_tabular_independent_mc,1,0.0005700208414660357,3.7864715999457985,True,accepted_return_check_disabled,0.1,1,,,,,,,2.465190328815662e-32,7.504435783556505e-09,1.0,,,
T-L,DA,mc_learned_baseline,False,49,331,235672,84736,84736,0,0,66200,117836,471344,262144,1.0500000000000003,1.05,1.0498351831816408,0.0,0.0,public_state_tabular_independent_mc,1,0.0005700208414660357,3.796900999965146,True,accepted_return_check_disabled,0.1,1,,,,,,,2.465190328815662e-32,7.504435783556505e-09,1.0,,,
T-L,DA,mc_learned_baseline,False,49,332,236384,84992,84992,0,0,66400,118192,472768,262144,1.0500000000000003,1.05,1.0498351831816408,0.0,0.0,public_state_tabular_independent_mc,1,0.0005700208414660357,3.806616500020027,True,accepted_return_check_disabled,0.1,1,,,,,,,2.465190328815662e-32,7.504435783556505e-09,1.0,,,
T-L,DA,mc_learned_baseline,False,49,333,237096,85248,85248,0,0,66600,118548,474192,262144,1.0500000000000003,1.05,1.0498351831816408,0.0,0.0,public_state_tabular_independent_mc,1,0.0005700208414660357,3.818026400054805,True,accepted_return_check_disabled,0.1,1,,,,,,,2.465190328815662e-32,7.504435783556505e-09,1.0,,,
T-L,DA,mc_learned_baseline,False,49,334,237808,85504,85504,0,0,66800,118904,475616,262144,1.0500000000000003,1.05,1.0498351831816408,0.0,0.0,public_state_tabular_independent_mc,1,0.0005700208414660357,3.8286847999552265,True,accepted_return_check_disabled,0.1,1,,,,,,,2.465190328815662e-32,7.504435783556505e-09,1.0,,,
T-L,DA,mc_learned_baseline,False,49,335,238520,85760,85760,0,0,67000,119260,477040,262144,1.0500000000000003,1.05,1.0498351831816408,0.0,0.0,public_state_tabular_independent_mc,1,0.0005700208414660357,3.83861259999685,True,accepted_return_check_disabled,0.1,1,,,,,,,2.465190328815662e-32,7.504435783556505e-09,1.0,,,
T-L,DA,mc_learned_baseline,False,49,336,239232,86016,86016,0,0,67200,119616,478464,262144,1.0500000000000003,1.05,1.0498351831816408,0.0,0.0,public_state_tabular_independent_mc,1,0.0005700208414660357,3.849053099984303,True,accepted_return_check_disabled,0.1,1,,,,,,,2.465190328815662e-32,7.504435783556505e-09,1.0,,,
T-L,DA,mc_learned_baseline,False,49,337,239944,86272,86272,0,0,67400,119972,479888,262144,1.0500000000000003,1.05,1.0498351831816408,0.0,0.0,public_state_tabular_independent_mc,1,0.0005700208414660357,3.8864444999489933,True,accepted_return_check_disabled,0.1,1,,,,,,,2.465190328815662e-32,7.504435783556505e-09,1.0,,,
T-L,DA,mc_learned_baseline,False,49,338,240656,86528,86528,0,0,67600,120328,481312,262144,1.0500000000000003,1.05,1.0498351831816408,0.0,0.0,public_state_tabular_independent_mc,1,0.0005700208414660357,3.9134941999800503,True,accepted_return_check_disabled,0.1,1,,,,,,,2.465190328815662e-32,7.504435783556505e-09,1.0,,,
T-L,DA,mc_learned_baseline,False,49,339,241368,86784,86784,0,0,67800,120684,482736,262144,1.0500000000000003,1.05,1.0498351831816408,0.0,0.0,public_state_tabular_independent_mc,1,0.0005700208414660357,3.929500099970028,True,accepted_return_check_disabled,0.1,1,,,,,,,2.465190328815662e-32,7.504435783556505e-09,1.0,,,
T-L,DA,mc_learned_baseline,False,49,340,242080,87040,87040,0,0,68000,121040,484160,262144,1.0500000000000003,1.05,1.0498351831816408,0.0,0.0,public_state_tabular_independent_mc,1,0.0005700208414660357,3.9406385000329465,True,accepted_return_check_disabled,0.1,1,,,,,,,2.465190328815662e-32,7.504435783556505e-09,1.0,,,
T-L,DA,mc_learned_baseline,False,49,341,242792,87296,87296,0,0,68200,121396,485584,262144,1.0500000000000003,1.05,1.0498351831816408,0.0,0.0,public_state_tabular_independent_mc,1,0.0005700208414660357,3.9516515999566764,True,accepted_return_check_disabled,0.1,1,,,,,,,2.465190328815662e-32,7.504435783556505e-09,1.0,,,
T-L,DA,mc_learned_baseline,False,49,342,243504,87552,87552,0,0,68400,121752,487008,262144,1.0500000000000003,1.05,1.0498351831816408,0.0,0.0,public_state_tabular_independent_mc,1,0.0005700208414660357,3.9624036999884993,True,accepted_return_check_disabled,0.1,1,,,,,,,2.465190328815662e-32,7.504435783556505e-09,1.0,,,
T-L,DA,mc_learned_baseline,False,49,343,244216,87808,87808,0,0,68600,122108,488432,262144,1.0500000000000003,1.05,1.0498351831816408,0.0,0.0,public_state_tabular_independent_mc,1,0.0005700208414660357,3.9725027000531554,True,accepted_return_check_disabled,0.1,1,,,,,,,2.465190328815662e-32,7.504435783556505e-09,1.0,,,
T-L,DA,mc_learned_baseline,False,49,344,244928,88064,88064,0,0,68800,122464,489856,262144,1.0500000000000003,1.05,1.0498351831816408,0.0,0.0,public_state_tabular_independent_mc,1,0.0005700208414660357,3.9832964000524953,True,accepted_return_check_disabled,0.1,1,,,,,,,2.465190328815662e-32,7.504435783556505e-09,1.0,,,
T-L,DA,mc_learned_baseline,False,49,345,245640,88320,88320,0,0,69000,122820,491280,262144,1.0500000000000003,1.05,1.0498351831816408,0.0,0.0,public_state_tabular_independent_mc,1,0.0005700208414660357,3.9941810000455007,True,accepted_return_check_disabled,0.1,1,,,,,,,2.465190328815662e-32,7.504435783556505e-09,1.0,,,
T-L,DA,mc_learned_baseline,False,49,346,246352,88576,88576,0,0,69200,123176,492704,262144,1.0500000000000003,1.05,1.0498351831816408,0.0,0.0,public_state_tabular_independent_mc,1,0.0005700208414660357,4.006603099987842,True,accepted_return_check_disabled,0.1,1,,,,,,,2.465190328815662e-32,7.504435783556505e-09,1.0,,,
T-L,DA,mc_learned_baseline,False,49,347,247064,88832,88832,0,0,69400,123532,494128,262144,1.0500000000000003,1.05,1.0498351831816408,0.0,0.0,public_state_tabular_independent_mc,1,0.0005700208414660357,4.016908299992792,True,accepted_return_check_disabled,0.1,1,,,,,,,2.465190328815662e-32,7.504435783556505e-09,1.0,,,
T-L,DA,mc_learned_baseline,False,49,348,247776,89088,89088,0,0,69600,123888,495552,262144,1.0500000000000003,1.05,1.0498351831816408,0.0,0.0,public_state_tabular_independent_mc,1,0.0005700208414660357,4.0287359999492764,True,accepted_return_check_disabled,0.1,1,,,,,,,2.465190328815662e-32,7.504435783556505e-09,1.0,,,
T-L,DA,mc_learned_baseline,False,49,349,248488,89344,89344,0,0,69800,124244,496976,262144,1.0500000000000003,1.05,1.0498351831816408,0.0,0.0,public_state_tabular_independent_mc,1,0.0005700208414660357,4.03841989999637,True,accepted_return_check_disabled,0.1,1,,,,,,,2.465190328815662e-32,7.504435783556505e-09,1.0,,,
T-L,DA,mc_learned_baseline,False,49,350,249200,89600,89600,0,0,70000,124600,498400,262144,1.0500000000000003,1.05,1.0498351831816408,0.0,0.0,public_state_tabular_independent_mc,1,0.0005700208414660357,4.049460500013083,True,accepted_return_check_disabled,0.1,1,,,,,,,2.465190328815662e-32,7.504435783556505e-09,1.0,,,
T-L,DA,mc_learned_baseline,False,49,351,249912,89856,89856,0,0,70200,124956,499824,262144,1.0500000000000003,1.05,1.0498351831816408,0.0,0.0,public_state_tabular_independent_mc,1,0.0005700208414660357,4.063342100009322,True,accepted_return_check_disabled,0.1,1,,,,,,,2.465190328815662e-32,7.504435783556505e-09,1.0,,,
T-L,DA,mc_learned_baseline,False,49,352,250624,90112,90112,0,0,70400,125312,501248,262144,1.0500000000000003,1.05,1.0498351831816408,0.0,0.0,public_state_tabular_independent_mc,1,0.0005700208414660357,4.0757885000202805,True,accepted_return_check_disabled,0.1,1,,,,,,,2.465190328815662e-32,7.504435783556505e-09,1.0,,,
T-L,DA,mc_learned_baseline,False,49,353,251336,90368,90368,0,0,70600,125668,502672,262144,1.0500000000000003,1.05,1.0498351831816408,0.0,0.0,public_state_tabular_independent_mc,1,0.0005700208414660357,4.086489100009203,True,accepted_return_check_disabled,0.1,1,,,,,,,2.465190328815662e-32,7.504435783556505e-09,1.0,,,
T-L,DA,mc_learned_baseline,False,49,354,252048,90624,90624,0,0,70800,126024,504096,262144,1.0500000000000003,1.05,1.0498351831816408,0.0,0.0,public_state_tabular_independent_mc,1,0.0005700208414660357,4.096874700044282,True,accepted_return_check_disabled,0.1,1,,,,,,,2.465190328815662e-32,7.504435783556505e-09,1.0,,,
T-L,DA,mc_learned_baseline,False,49,355,252760,90880,90880,0,0,71000,126380,505520,262144,1.0500000000000003,1.05,1.0498351831816408,0.0,0.0,public_state_tabular_independent_mc,1,0.0005700208414660357,4.1079467999516055,True,accepted_return_check_disabled,0.1,1,,,,,,,2.465190328815662e-32,7.504435783556505e-09,1.0,,,
T-L,DA,mc_learned_baseline,False,49,356,253472,91136,91136,0,0,71200,126736,506944,262144,1.0408593750000001,1.05,1.0497983669735373,-3.681620810347397e-05,4.1951353049937924e-06,public_state_tabular_independent_mc,1,0.000738986562627758,4.121022699982859,True,accepted_return_check_disabled,0.1,1,,,,,,,0.011948828125000005,0.005348099947808879,0.05200576133645418,,,
T-L,DA,mc_learned_baseline,False,49,357,254184,91392,91392,0,0,71400,127092,508368,262144,1.0500000000000003,1.05,1.0497983669735373,0.0,0.0,public_state_tabular_independent_mc,1,0.000738986562627758,4.135301299975254,True,accepted_return_check_disabled,0.1,1,,,,,,,2.465190328815662e-32,1.2175369768431688e-08,1.0,,,
T-L,DA,mc_learned_baseline,False,49,358,254896,91648,91648,0,0,71600,127448,509792,262144,1.0500000000000003,1.05,1.0497983669735373,0.0,0.0,public_state_tabular_independent_mc,1,0.000738986562627758,4.146536399959587,True,accepted_return_check_disabled,0.1,1,,,,,,,2.465190328815662e-32,1.2175369768431688e-08,1.0,,,
T-L,DA,mc_learned_baseline,False,49,359,255608,91904,91904,0,0,71800,127804,511216,262144,1.0500000000000003,1.05,1.0497983669735373,0.0,0.0,public_state_tabular_independent_mc,1,0.000738986562627758,4.1576388999819756,True,accepted_return_check_disabled,0.1,1,,,,,,,2.465190328815662e-32,1.2175369768431688e-08,1.0,,,
T-L,DA,mc_learned_baseline,False,49,360,256320,92160,92160,0,0,72000,128160,512640,262144,1.0500000000000003,1.05,1.0497983669735373,0.0,0.0,public_state_tabular_independent_mc,1,0.000738986562627758,4.170880499994382,True,accepted_return_check_disabled,0.1,1,,,,,,,2.465190328815662e-32,1.2175369768431688e-08,1.0,,,
T-L,DA,mc_learned_baseline,False,49,361,257032,92416,92416,0,0,72200,128516,514064,262144,1.0500000000000003,1.05,1.0497983669735373,0.0,0.0,public_state_tabular_independent_mc,1,0.000738986562627758,4.1828068000031635,True,accepted_return_check_disabled,0.1,1,,,,,,,2.465190328815662e-32,1.2175369768431688e-08,1.0,,,
T-L,DA,mc_learned_baseline,False,49,362,257744,92672,92672,0,0,72400,128872,515488,262144,1.0500000000000003,1.05,1.0497983669735373,0.0,0.0,public_state_tabular_independent_mc,1,0.000738986562627758,4.193269700044766,True,accepted_return_check_disabled,0.1,1,,,,,,,2.465190328815662e-32,1.2175369768431688e-08,1.0,,,
T-L,DA,mc_learned_baseline,False,49,363,258456,92928,92928,0,0,72600,129228,516912,262144,1.0500000000000003,1.05,1.0497983669735373,0.0,0.0,public_state_tabular_independent_mc,1,0.000738986562627758,4.203336999984458,True,accepted_return_check_disabled,0.1,1,,,,,,,2.465190328815662e-32,1.2175369768431688e-08,1.0,,,
T-L,DA,mc_learned_baseline,False,49,364,259168,93184,93184,0,0,72800,129584,518336,262144,1.0500000000000003,1.05,1.0497983669735373,0.0,0.0,public_state_tabular_independent_mc,1,0.000738986562627758,4.214817599975504,True,accepted_return_check_disabled,0.1,1,,,,,,,2.465190328815662e-32,1.2175369768431688e-08,1.0,,,
T-L,DA,mc_learned_baseline,False,49,365,259880,93440,93440,0,0,73000,129940,519760,262144,1.0500000000000003,1.05,1.0497983669735373,0.0,0.0,public_state_tabular_independent_mc,1,0.000738986562627758,4.224771299981512,True,accepted_return_check_disabled,0.1,1,,,,,,,2.465190328815662e-32,1.2175369768431688e-08,1.0,,,
T-L,DA,mc_learned_baseline,False,49,366,260592,93696,93696,0,0,73200,130296,521184,262144,1.0500000000000003,1.05,1.0497983669735373,0.0,0.0,public_state_tabular_independent_mc,1,0.000738986562627758,4.2340376999927685,True,accepted_return_check_disabled,0.1,1,,,,,,,2.465190328815662e-32,1.2175369768431688e-08,1.0,,,
T-L,DA,mc_learned_baseline,False,49,367,261304,93952,93952,0,0,73400,130652,522608,262144,1.0500000000000003,1.05,1.0497983669735373,0.0,0.0,public_state_tabular_independent_mc,1,0.000738986562627758,4.243427300010808,True,accepted_return_check_disabled,0.1,1,,,,,,,2.465190328815662e-32,1.2175369768431688e-08,1.0,,,
T-L,DA,mc_learned_baseline,False,49,368,262016,94208,94208,0,0,73600,131008,524032,262144,1.0500000000000003,1.05,1.0498329404314009,3.457345786350707e-05,1.1197930155492192e-06,public_state_tabular_independent_mc,1,0.0006219534010640478,4.252100100042298,True,accepted_return_check_disabled,0.1,1,,,,,,,9.335021972656141e-05,9.138821205674448e-05,0.99958740234375,,,
