experiment,method,label,oracle_label_group,seed,update,source_steps_total,source_steps_training,source_steps_critic,source_steps_direction_check,source_steps_return_check,source_steps_monitor,source_complete_episodes,agent_decisions,budget,training_return,monitor_return,exact_source_return_diagnostic,actual_return_gain_diagnostic,old_new_kl,baseline_kind,baseline_missing_states,entropy,seconds,accepted,reason,eta,attempts,forward_kl_training,direction_loss,direction_steps,q_bound,direction_check_score,direction_check_mode,return_check_gain,return_check_mode,return_check_standard_error,critic_validation_mse,label_mse_against_exact_joint_advantage,critic_explained_variance,direction_error,direction_norm,exact_direction_score_diagnostic
T-L,AN,mc_learned_baseline,False,43,1,3784,256,256,1024,2048,200,1892,7568,262144,0.33867187499999996,0.3651,0.35114753196626175,0.03213353196626173,0.0004039880098585914,public_state_tabular_independent_mc,0,0.6165910240681081,0.03765270009171218,True,accepted_empirical,0.1,1,2.5993828362522916e-09,-0.08262701639452141,100,5.0,0.08813451066176647,empirical,0.030058593750000005,empirical,0.00828143709454022,0.4135412025087122,0.17384849581629686,0.0072863136355793,0.00017901287270024403,0.08220326440439141,0.08856854786624713
T-L,AN,mc_learned_baseline,False,43,2,7568,512,512,2048,4096,400,3784,15136,262144,0.43921875,0.42719999999999997,0.38151838025501633,0.03037084828875458,0.0003601176764770228,public_state_tabular_independent_mc,0,0.607750827558933,0.07441170001402497,True,accepted_empirical,0.1,1,5.217359106098387e-09,-0.07388397316524155,100,5.0,0.08987901603402854,empirical,0.02560546875,empirical,0.007582112347936906,0.41829543575107575,0.1678430425723455,-0.012483565659398232,0.0009979663637632026,0.07348734373183864,0.08840718528816786
T-L,AN,mc_learned_baseline,False,43,3,11352,768,768,3072,6144,600,5676,22704,262144,0.4167187499999999,0.5057999999999999,0.4134589449523888,0.03194056469737244,0.0004117675014986072,public_state_tabular_independent_mc,0,0.5986301787452224,0.11913170001935214,True,accepted_empirical,0.1,1,2.3923363380811054e-09,-0.08305227728258696,100,5.0,0.08554345911628143,empirical,0.0355078125,empirical,0.008731080146319677,0.3959749884592553,0.1835112497473516,-0.0022519822189686067,0.002935818732512515,0.08370538653424789,0.08662217697050414
T-L,AN,mc_learned_baseline,False,43,4,15136,1024,1024,4096,8192,800,7568,30272,262144,0.380390625,0.4604999999999999,0.4483790229792608,0.034920078026872026,0.00048204840920188077,public_state_tabular_independent_mc,0,0.586715417005516,0.16627220006193966,True,accepted_empirical,0.1,1,2.1675362544429825e-09,-0.09864899219220163,100,5.0,0.08959775972864185,empirical,0.042363281249999996,empirical,0.010652885953460828,0.4201859086916143,0.18314957877984983,-0.015025318477779992,0.0004679931247299824,0.09860963209234466,0.08863631509580655
T-L,AN,mc_learned_baseline,False,43,5,18920,1280,1280,5120,10240,1000,9460,37840,262144,0.474140625,0.4869,0.4811612072073498,0.032782184228088984,0.00043427292702424446,public_state_tabular_independent_mc,0,0.5750215114518024,0.2067041000118479,True,accepted_empirical,0.1,1,4.7211089884152906e-09,-0.08830961270289808,100,5.0,0.09660849991120338,empirical,0.01822265625,empirical,0.00767143500861334,0.3900395022931785,0.16191826543861926,0.014084330974403092,0.0008787695926886576,0.08797101531010762,0.08717738095076868
T-L,AN,mc_learned_baseline,False,43,6,22704,1536,1536,6144,12288,1200,11352,45408,262144,0.49992187499999996,0.42899999999999994,0.5102552519859483,0.02909404477859856,0.0003583686923064101,public_state_tabular_independent_mc,0,0.5632395817503837,0.25162630004342645,True,accepted_empirical,0.1,1,5.111651072197895e-09,-0.07382719939330926,100,5.0,0.07916462516711535,empirical,0.040546875,empirical,0.010921500191993184,0.3721171812287395,0.15308310375453463,0.05002312536778952,0.0035494547837565367,0.07324610937431786,0.08304988980143924
T-L,AN,mc_learned_baseline,False,43,7,26488,1792,1792,7168,14336,1400,13244,52976,262144,0.536015625,0.5325,0.5410837188023563,0.03082846681640794,0.0004032622222497875,public_state_tabular_independent_mc,0,0.5516816296230467,0.299939600052312,True,accepted_empirical,0.1,1,2.241715616662104e-09,-0.08151338065972431,100,5.0,0.09678873151124832,empirical,0.031757812499999996,empirical,0.008466547802568634,0.3616441434547114,0.15207662492573734,0.007114392327030816,0.001144613910866068,0.08208152625898427,0.08376033797867463
T-L,AN,mc_learned_baseline,False,43,8,30272,2048,2048,8192,16384,1600,15136,60544,262144,0.5990625,0.5801999999999999,0.5693408243093843,0.02825710550702798,0.00034708226339246644,public_state_tabular_independent_mc,0,0.5399427846436355,0.35720309999305755,True,accepted_empirical,0.1,1,2.9628219521682903e-09,-0.07133351743478132,100,5.0,0.07633191320346988,empirical,0.011015625,empirical,0.006543462588977273,0.3359334166644371,0.14032735552201284,0.007319349403198228,0.0007519178366232872,0.0711325249117545,0.08156573265199728
T-L,AN,mc_learned_baseline,False,43,9,34056,2304,2304,9216,18432,1800,17028,68112,262144,0.56296875,0.45449999999999996,0.5974567988868381,0.02811597457745385,0.00035580400908910993,public_state_tabular_independent_mc,0,0.5279000454673075,0.4010818999959156,True,accepted_empirical,0.1,1,5.38761045450854e-09,-0.07207676755425439,100,5.0,0.07850007835408712,empirical,0.0287109375,empirical,0.008027496495548852,0.34112398712558734,0.14242548359823343,0.007819417078611779,0.0002596596769804383,0.07225074001292217,0.07925664894531922
T-L,AN,mc_learned_baseline,False,43,10,37840,2560,2560,10240,20480,2000,18920,75680,262144,0.559921875,0.7208999999999999,0.6263162917820226,0.028859492895184524,0.00040590498851898635,public_state_tabular_independent_mc,0,0.5144171957792202,0.46014970005489886,True,accepted_empirical,0.1,1,3.987136139006948e-09,-0.08590916304565188,100,5.0,0.0727992380400343,empirical,0.0350390625,empirical,0.008934531845249592,0.36476997501047503,0.14752952077761577,0.0033122633368197762,0.0029213052069870394,0.08347518408511123,0.0733884034427843
T-L,AN,mc_learned_baseline,False,43,11,41624,2816,2816,11264,22528,2200,20812,83248,262144,0.6525000000000001,0.6272999999999999,0.651861455687111,0.02554516390508832,0.00032946770235336563,public_state_tabular_independent_mc,0,0.501994796092502,0.5101909000659361,True,accepted_empirical,0.1,1,1.3817887063790627e-09,-0.06661414110774141,100,5.0,0.07747734861532939,empirical,0.016347656250000002,empirical,0.007071032708649722,0.29724836054006515,0.12067921384309915,0.016845881390548212,0.001533363859430329,0.06772150185054732,0.07118788194323666
T-L,AN,mc_learned_baseline,False,43,12,45408,3072,3072,12288,24576,2400,22704,90816,262144,0.616640625,0.5912999999999999,0.6785733705051714,0.026711914818060456,0.00037684649420139326,public_state_tabular_independent_mc,0,0.48855490928148987,0.5551647000247613,True,accepted_empirical,0.1,1,3.970550039818008e-09,-0.07728169033810153,100,5.0,0.07738451846487845,empirical,0.028359375,empirical,0.00842668271646276,0.3219742973252645,0.1323537741886836,0.01034560080054181,0.0007104485525445357,0.07795498523731298,0.06837748897113638
T-L,AN,mc_learned_baseline,False,43,13,49192,3328,3328,13312,26624,2600,24596,98384,262144,0.702421875,0.759,0.7003622213088719,0.02178885080370052,0.0002797160540300294,public_state_tabular_independent_mc,0,0.47671208930932846,0.5978173000039533,True,accepted_empirical,0.1,1,4.731809412136628e-09,-0.05939780454158046,100,5.0,0.04898168005321053,empirical,0.0137109375,empirical,0.005692191250187448,0.2526614759323045,0.10114428113260784,0.00898285902136331,0.003448804847192827,0.057694065619604495,0.06136327113295981
T-L,AN,mc_learned_baseline,False,43,14,52976,3584,3584,14336,28672,2800,26488,105952,262144,0.6820312500000001,0.7376999999999999,0.720086795132001,0.019724573823129088,0.00023622307307934992,public_state_tabular_independent_mc,0,0.4666067059569794,0.6444135000929236,True,accepted_empirical,0.1,1,6.859413317255355e-10,-0.05142413228382858,100,5.0,0.07219878907311994,empirical,0.015410156250000001,empirical,0.0074456593722105925,0.2528054299388177,0.10920256439435448,0.0035013791282775264,0.002000805806498987,0.04849061334658015,0.059111704925163995
T-L,AN,mc_learned_baseline,False,43,15,56760,3840,3840,15360,30720,3000,28380,113520,262144,0.727265625,0.8039999999999999,0.7409433597132842,0.020856564581283155,0.0002784828265126525,public_state_tabular_independent_mc,0,0.4545043478304139,0.6893436000682414,True,accepted_empirical,0.1,1,2.566899201350778e-09,-0.05712872741178289,100,5.0,0.06854358237885007,empirical,0.014296875000000002,empirical,0.006170837606961945,0.24233922818021036,0.10035147534463298,0.003268472735074357,0.00026382824363332567,0.057665293905336534,0.057003660916328
T-L,AN,mc_learned_baseline,False,43,16,60544,4096,4096,16384,32768,3200,30272,121088,262144,0.7544531250000001,0.8334000000000001,0.7590213379337839,0.018077978220499724,0.00023572156298972308,public_state_tabular_independent_mc,0,0.44379800780881706,0.7331250000279397,True,accepted_empirical,0.1,1,2.529869159593938e-09,-0.048868987437167666,100,5.0,0.04908095983064434,empirical,0.0188671875,empirical,0.0064955856583295375,0.20576418355982365,0.08866275748132604,-0.012927629928903617,0.002430841611665779,0.04862735165644196,0.050708499049630505
T-L,AN,mc_learned_baseline,False,43,17,64328,4352,4352,17408,34816,3400,32164,128656,262144,0.8111718750000001,0.7925999999999999,0.7745434881412583,0.015522150207474383,0.00018570833924084687,public_state_tabular_independent_mc,0,0.4343480283606041,0.7812148000812158,True,accepted_empirical,0.1,1,2.113861366836192e-09,-0.03641862014357835,100,5.0,0.04383201376978877,empirical,0.01775390625,empirical,0.006086070884156614,0.17054382613048202,0.06688228282489411,0.012885656397491618,0.002483357481631868,0.038460290739434425,0.04680385223085419
T-L,AN,mc_learned_baseline,False,43,18,68112,4608,4608,18432,36864,3600,34056,136224,262144,0.7073437500000002,0.7502999999999999,0.7984401167568634,0.023896628615605153,0.0004777113846171906,public_state_tabular_independent_mc,0,0.4188301787028903,0.8282208000309765,True,accepted_empirical,0.1,1,1.0398195072040492e-09,-0.09943981173331962,100,5.0,0.013907365688916299,empirical,0.01904296875,empirical,0.006496964804477505,0.2601756404657465,0.10544158829387634,0.0002395433170754302,0.01141587008551779,0.1002163351406173,0.034427870291772036
T-L,AN,mc_learned_baseline,False,43,19,71896,4864,4864,19456,38912,3800,35948,143792,262144,0.8414062500000001,0.8508000000000001,0.809381641448947,0.010941524692083537,0.00010808981602347263,public_state_tabular_independent_mc,0,0.41135824230396756,0.9062676000175998,True,accepted_empirical,0.1,1,1.2180215538391727e-09,-0.022186875607941577,100,5.0,0.0336924751266781,empirical,0.004570312500000001,empirical,0.0032285352802890552,0.12820719334608843,0.05167033610413024,0.0025396417775759295,0.0027535898955702402,0.02227716118619338,0.03755555588614709
T-L,AN,mc_learned_baseline,False,43,20,75680,5120,5120,20480,40960,4000,37840,151360,262144,0.8184375000000002,0.7979999999999999,0.8217459913249111,0.012364349875964131,0.00015234703234246453,public_state_tabular_independent_mc,0,0.4028605522712131,0.9695332000264898,True,accepted_empirical,0.1,1,6.504970964244204e-10,-0.031737785343967345,100,5.0,0.03877866477776938,empirical,0.01599609375,empirical,0.006010355491607911,0.14588473659546225,0.06304351235338553,0.0037170689354101283,0.0010060801946035595,0.03160078874078693,0.03667287573238879
T-L,AN,mc_learned_baseline,False,43,21,79464,5376,5376,21504,43008,4200,39732,158928,262144,0.8545312500000002,0.8412000000000001,0.8283207989292839,0.00657480760437279,8.191936557947496e-05,public_state_tabular_independent_mc,0,0.39745422236218075,1.0181709000607952,True,accepted_empirical,0.1,1,1.686203875612088e-09,-0.018457968469271224,100,5.0,0.02054267352762977,empirical,0.00931640625,empirical,0.005534877055167698,0.08788967742919923,0.03168656770304411,0.026340420328370584,0.015336304981649434,0.016727536784144792,0.019240967376340914
T-L,AN,mc_learned_baseline,False,43,22,83248,5632,5632,22528,45056,4400,41624,166496,262144,0.850546875,0.8754000000000001,0.8386412425227788,0.010320443593494932,0.00011959112302504919,public_state_tabular_independent_mc,0,0.38946867894594134,1.0582736000651494,True,accepted_empirical,0.1,1,9.839640440481504e-10,-0.02427327871738321,100,5.0,0.017030588077354518,empirical,0.017695312499999998,empirical,0.00675630290863311,0.11429543413736418,0.046303128506494914,-0.00021717305653501384,0.0011107086671416804,0.02443828469001198,0.03196367360451377
T-L,AN,mc_learned_baseline,False,43,23,87032,5888,5888,23552,47104,4600,43516,174064,262144,0.8341406250000002,0.8597999999999999,0.8527633320179753,0.014122089495196444,0.0002793646720655907,public_state_tabular_independent_mc,0,0.3789100175198135,1.0991345000220463,True,accepted_empirical,0.1,1,1.4883472635625241e-09,-0.054342304641892575,100,5.0,0.02615192148883425,empirical,0.02033203125,empirical,0.0066851464353836374,0.14968020904610216,0.058385437644631874,0.003280908919154557,0.009304086166730405,0.058986934733507884,0.02122722215900405
T-L,AN,mc_learned_baseline,False,43,24,90816,6144,6144,24576,49152,4800,45408,181632,262144,0.8852343750000002,0.9339,0.8610401467976206,0.00827681477964537,0.00010509178850394897,public_state_tabular_independent_mc,0,0.37229746334090946,1.1445347000844777,True,accepted_empirical,0.1,1,1.3609282903808817e-09,-0.01960083369600252,100,5.0,0.022278442524554153,empirical,0.01142578125,empirical,0.005156869543995745,0.09324871855985033,0.03576015766080568,0.011059693680798732,0.002683779464348642,0.021647007085735186,0.024003322177301237
T-L,AN,mc_learned_baseline,False,43,25,94600,6400,6400,25600,51200,5000,47300,189200,262144,0.8845312500000001,0.9135000000000001,0.8662831296461044,0.00524298284848379,4.65323572088035e-05,public_state_tabular_independent_mc,0,0.3675815034260794,1.1855565999867395,True,accepted_empirical,0.1,1,6.369063125009843e-10,-0.009299734565088185,100,5.0,0.026630836273554094,empirical,0.0040429687500000006,empirical,0.0033134997006955998,0.05589581948464205,0.0213766467250621,0.01622233990064592,0.005502120697497049,0.009549932342234377,0.018928220542189032
T-L,AN,mc_learned_baseline,False,43,26,98384,6656,6656,26624,53248,5200,49192,196768,262144,0.8524218750000001,0.8414999999999999,0.8744530487419947,0.008169919095890266,0.0001208583124690832,public_state_tabular_independent_mc,0,0.36061509179024354,1.235486900084652,True,accepted_empirical,0.1,1,1.3371182362709414e-09,-0.024179069354178434,100,5.0,0.01797124173981689,empirical,0.009785156250000001,empirical,0.004150791640398507,0.08810676269531251,0.03573589310905356,0.009462702000670453,0.0029326980204709774,0.025425855134695856,0.020240543198729047
T-L,AN,mc_learned_baseline,False,43,27,102168,6912,6912,27648,55296,5400,51084,204336,262144,0.8803125000000002,0.8445,0.8813598262830349,0.006906777541040188,0.00012239954007853572,public_state_tabular_independent_mc,0,0.35437529240463816,1.2915607000468299,True,accepted_empirical,0.1,1,1.5317296494247835e-09,-0.02520799781275561,100,5.0,0.015856542898398013,empirical,0.006328125,empirical,0.0033790433369176925,0.08706942918565536,0.033468923132450874,0.027876994672555555,0.0077652936729699345,0.025730280554699832,0.013257848796137495
T-L,AN,mc_learned_baseline,False,43,28,105952,7168,7168,28672,57344,5600,52976,211904,262144,0.8985937500000002,0.8721,0.8866008755825742,0.00524104929953928,5.9095442986855134e-05,public_state_tabular_independent_mc,0,0.34914790644431054,1.34389820008073,True,accepted_empirical,0.1,1,2.2112383903399773e-10,-0.012242910282833102,100,5.0,0.027311076465894202,empirical,0.0097265625,empirical,0.005014641036009117,0.055645160590277784,0.021571530591910575,0.013429339431596965,0.0026565827943992944,0.012166468709987579,0.01646426660106087
T-L,AN,mc_learned_baseline,False,43,29,109736,7424,7424,29696,59392,5800,54868,219472,262144,0.9079687500000002,0.9420000000000001,0.8917429832504629,0.005142107667888696,5.5935046118314516e-05,public_state_tabular_independent_mc,0,0.3441897287080155,1.3897302000550553,True,accepted_empirical,0.1,1,6.305500603938347e-10,-0.011235416398410976,100,5.0,0.019251274824954014,empirical,0.0,empirical,0.0,0.058301379652684296,0.020805238009753722,0.010659462944749287,0.0011848827688692104,0.011539650093829313,0.016695589296433264
T-L,AN,mc_learned_baseline,False,43,30,113520,7680,7680,30720,61440,6000,56760,227040,262144,0.9222656250000002,0.8832000000000001,0.8990642285849934,0.007321245334530491,0.0002223971937150246,public_state_tabular_independent_mc,0,0.3369386870114194,1.439832300064154,True,accepted_empirical,0.1,1,2.31103074754547e-09,-0.036259387365212156,100,5.0,0.009325574760180345,empirical,0.010957031250000002,empirical,0.0042272322473419595,0.07409925295181433,0.026017674562782398,-0.0042290639649491535,0.021652067483852143,0.04866390244370062,-0.0051325164722605815
T-L,AN,mc_learned_baseline,False,43,31,117304,7936,7936,31744,63488,6200,58652,234608,262144,0.8967187500000002,0.8532,0.9059333400608606,0.006869111475867218,0.00013683195309714276,public_state_tabular_independent_mc,0,0.33014623193802306,1.4824872000608593,True,accepted_empirical,0.1,1,1.9012567280446975e-09,-0.030178413912512643,100,5.0,0.014479348058699661,empirical,0.01201171875,empirical,0.00512078453909491,0.07822482977775373,0.03207632292368743,-0.026092333362511155,0.0042895251266046016,0.028868785837525765,0.010145360006578008
T-L,AN,mc_learned_baseline,False,43,32,119040,8192,8192,32768,63488,6400,59520,238080,262144,0.9079687500000002,0.894,0.9059333400608606,0.0,0.0,public_state_tabular_independent_mc,0,0.33014623193802306,1.5055858000414446,False,direction_rejected,0.0,0,,-0.02656464463157032,100,5.0,-0.0027350047160608097,empirical,,,,0.0607370529513889,0.02079718111590688,0.014358293857690607,0.010224986801669476,0.028233475319688252,0.002386906285897425
T-L,AN,mc_learned_baseline,False,43,33,122824,8448,8448,33792,65536,6600,61412,245648,262144,0.8939062500000001,0.9516000000000001,0.910912783146782,0.0049794430859214645,7.64662000557787e-05,public_state_tabular_independent_mc,0,0.32482124189778794,1.5491838000016287,True,accepted_empirical,0.1,1,7.689740049404235e-10,-0.0164284545527044,100,5.0,0.01136373646920739,empirical,0.0005859375000000001,empirical,0.0005859375,0.058402172743055564,0.021215636452105727,0.01470795651440604,0.0007560363292923011,0.01606895370037186,0.0118558567582746
T-L,AN,mc_learned_baseline,False,43,34,124560,8704,8704,34816,65536,6800,62280,249120,262144,0.8915625000000001,0.9126000000000001,0.910912783146782,0.0,0.0,public_state_tabular_independent_mc,0,0.32482124189778794,1.57833400007803,False,direction_rejected,0.0,0,,-0.02752747270551756,100,5.0,-0.008475166791564182,empirical,,,,0.054446737259208164,0.021402325809871604,0.01071678155063549,0.011244593983169432,0.02894416611638394,4.573806073856698e-05
T-L,AN,mc_learned_baseline,False,43,35,128344,8960,8960,35840,67584,7000,64172,256688,262144,0.9150000000000003,0.9186000000000001,0.9154679118051278,0.004555128658345731,0.00010520194819920077,public_state_tabular_independent_mc,0,0.3198201574206159,1.6278623000252992,True,accepted_empirical,0.1,1,4.483448069063606e-10,-0.024238303614093702,100,5.0,0.012148328449025126,empirical,0.013769531250000003,empirical,0.005212075597922995,0.05244062981775227,0.020807684092209195,0.012821606030524624,0.007635250617273387,0.022645599256924498,0.003655081426634614
T-L,AN,mc_learned_baseline,False,43,36,132128,9216,9216,36864,69632,7200,66064,264256,262144,0.9145312500000002,0.9420000000000001,0.918539120175922,0.0030712083707942206,3.4652547284371453e-05,public_state_tabular_independent_mc,0,0.31603258683471586,1.6780696000205353,True,accepted_empirical,0.1,1,4.139397392077193e-10,-0.007254713648574047,100,5.0,0.010913521372770758,empirical,0.005156249999999999,empirical,0.0032796770761689543,0.03508832308852515,0.01075383715810717,0.027497186815203745,0.0005292318767280814,0.007138602997243167,0.009656381766271684
T-L,AN,mc_learned_baseline,False,43,37,135912,9472,9472,37888,71680,7400,67956,271824,262144,0.9051562500000002,0.9570000000000001,0.9216031913515214,0.00306407117559937,3.639307658240323e-05,public_state_tabular_independent_mc,0,0.3122083971107425,1.7305046999827027,True,accepted_empirical,0.1,1,5.207560013391351e-10,-0.0076378652584896956,100,5.0,0.005557421138059883,empirical,0.0035156250000000005,empirical,0.001428208874347832,0.03577797331938872,0.011861771178382718,0.037906669024820316,0.00021356555766475078,0.00747888441078765,0.009280817904152196
T-L,AN,mc_learned_baseline,False,43,38,137648,9728,9728,38912,71680,7600,68824,275296,262144,0.9150000000000003,0.9153,0.9216031913515214,0.0,0.0,public_state_tabular_independent_mc,0,0.3122083971107425,1.7528136000037193,False,direction_rejected,0.0,0,,-0.02743097600822561,100,5.0,-0.0034718810426142936,empirical,,,,0.0585922597249349,0.021146048392150764,0.008807049977634263,0.00788582351547645,0.028713289571182077,0.0009172866625468054
T-L,AN,mc_learned_baseline,False,43,39,141432,9984,9984,39936,73728,7800,70716,282864,262144,0.9103125000000001,0.9213000000000001,0.9262648355377575,0.004661644186236158,0.00011521049371110831,public_state_tabular_independent_mc,0,0.30695480949417453,1.7985190000617877,True,accepted_empirical,0.1,1,5.940292636413466e-10,-0.025481041282332962,100,5.0,0.0002288244016299167,empirical,0.008613281250000002,empirical,0.0040722567570235626,0.0562329806373233,0.021388329080356525,0.01126945526008405,0.006547128312539991,0.025095673989716436,0.002255981865483262
T-L,AN,mc_learned_baseline,False,43,40,145216,10240,10240,40960,75776,8000,72608,290432,262144,0.9119531250000001,0.9276000000000001,0.928056011518836,0.0017911759810784744,2.5390987644194332e-05,public_state_tabular_independent_mc,0,0.3043409059805337,1.8417560000671074,True,accepted_empirical,0.1,1,1.9731490875006638e-11,-0.005796822557268672,100,5.0,0.006176511550946048,empirical,0.00228515625,empirical,0.0022851562500000003,0.025304906402303394,0.006833963723422499,0.06021336692060364,0.002918628093795599,0.005231172304428994,0.004591670223876978
T-L,AN,mc_learned_baseline,False,43,41,149000,10496,10496,41984,77824,8200,74500,298000,262144,0.9213281250000002,0.915,0.9301960412898929,0.0021400297710568728,3.0378823014327885e-05,public_state_tabular_independent_mc,0,0.3012261697992952,1.8908222999889404,True,accepted_empirical,0.1,1,7.259249712349659e-10,-0.006029399521722295,100,5.0,0.006199347241358764,empirical,0.0034570312500000005,empirical,0.002428324479907747,0.021751501021252135,0.005425434184525968,0.04292593162339231,0.0017635045486220225,0.006247647956673801,0.005426775573173269
T-L,AN,mc_learned_baseline,False,43,42,152784,10752,10752,43008,79872,8400,76392,305568,262144,0.9215625000000002,0.9363000000000001,0.9332900854606734,0.003094044170780519,5.45864796663631e-05,public_state_tabular_independent_mc,0,0.2970644174090156,1.9348578000208363,True,accepted_empirical,0.1,1,8.369642429306567e-10,-0.01149622457061081,100,5.0,0.0015949441420061027,empirical,0.0028710937500000004,empirical,0.0024996020752504396,0.035160521880851316,0.010817953905202122,0.020427155155218535,0.0009362055403151964,0.01143330447817712,0.005918652041076609
T-L,AN,mc_learned_baseline,False,43,43,154520,11008,11008,44032,79872,8600,77260,309040,262144,0.9262500000000002,0.9630000000000001,0.9332900854606734,0.0,0.0,public_state_tabular_independent_mc,0,0.2970644174090156,1.960554499994032,False,direction_rejected,0.0,0,,-0.018697965327631624,100,5.0,-0.01069499442591446,empirical,,,,0.03262525367087814,0.010911509007591629,-0.0017138885474148324,0.008166003269659222,0.018626509893280838,-0.0020113878921087167
T-L,AN,mc_learned_baseline,False,43,44,158304,11264,11264,45056,81920,8800,79152,316608,262144,0.9541406250000002,0.951,0.9351416844331429,0.0018515989724695592,2.6906051348090672e-05,public_state_tabular_independent_mc,0,0.2942629695314891,2.000928800087422,True,accepted_empirical,0.1,1,4.404393469956726e-11,-0.0059240968255864935,100,5.0,0.0028369518570574514,empirical,0.0017578125000000003,empirical,0.0010128855190910918,0.020388824515689203,0.005354568783571144,0.014300945290228517,0.001578505524252267,0.005575056841641937,0.0045761098532982394
T-L,AN,mc_learned_baseline,False,43,45,162088,11520,11520,46080,83968,9000,81044,324176,262144,0.9447656250000003,0.9273,0.9371750079381621,0.002033323505019169,4.870665365371756e-05,public_state_tabular_independent_mc,0,0.2912192141116429,2.0397646999917924,True,accepted_empirical,0.1,1,6.115487047971012e-10,-0.009761065419426378,100,5.0,0.0056609452130144435,empirical,0.0011718750000000002,empirical,0.0008278295590484758,0.0235800537109375,0.005355177037021441,0.018779754220728306,0.004675762961531361,0.010494222983987184,0.0011996922947880503
T-L,AN,mc_learned_baseline,False,43,46,165872,11776,11776,47104,86016,9200,82936,331744,262144,0.9515625000000003,0.9483,0.9382490041139758,0.0010739961758137184,1.5590157089892355e-05,public_state_tabular_independent_mc,0,0.2891000153974468,2.1029648000840098,True,accepted_empirical,0.1,1,3.7206241672808185e-10,-0.0030736229541313232,100,5.0,0.0025228122238510693,empirical,0.0017578125000000003,empirical,0.0010128855190910918,0.010018760896255106,2.5445862676068816e-05,0.05323084317089444,0.0029514617869144943,0.003098534854197948,0.0025279007184363243
T-L,AN,mc_learned_baseline,False,43,47,169656,12032,12032,48128,88064,9400,84828,339312,262144,0.9562500000000003,0.9453,0.9391924236530059,0.0009434195390300992,1.1843833181439541e-05,public_state_tabular_independent_mc,0,0.28723426515175016,2.1572453000117093,True,accepted_empirical,0.1,1,3.7532387216236983e-10,-0.002428895919453615,100,5.0,0.003007600224529885,empirical,0.0,empirical,0.0008294511660071416,0.009921715346701828,6.908165415765597e-05,0.04309669181676523,0.002919363580126573,0.0024024992205988957,0.0025897993406747265
T-L,AN,mc_learned_baseline,False,43,48,171392,12288,12288,49152,88064,9600,85696,342784,262144,0.9330468750000002,0.921,0.9391924236530059,0.0,0.0,public_state_tabular_independent_mc,0,0.28723426515175016,2.183231999981217,False,direction_rejected,0.0,0,,-0.006614699325933857,100,5.0,-0.00026647134759438785,empirical,,,,0.021519501031160744,0.005837503153141689,0.03223340668598296,0.0018501086277834858,0.006821869648156042,0.0036836022663478112
T-L,AN,mc_learned_baseline,False,43,49,175176,12544,12544,50176,90112,9800,87588,350352,262144,0.9260156250000002,0.9542999999999999,0.9412295316203019,0.002037107967295948,5.1663540756640675e-05,public_state_tabular_independent_mc,0,0.2838979060428333,2.236094000050798,True,accepted_empirical,0.1,1,6.109354573749031e-10,-0.01210070112607752,100,5.0,0.0031731179349207203,empirical,0.0040429687500000006,empirical,0.0026306166139225323,0.02462045898437501,0.005466608725183113,0.03729913700783971,0.00502422321317152,0.01112713016934994,0.0005094876809597776
T-L,AN,mc_learned_baseline,False,43,50,178960,12800,12800,51200,92160,10000,89480,357920,262144,0.9260156250000002,0.9690000000000001,0.943149587544997,0.0019200559246951299,6.174705891485726e-05,public_state_tabular_independent_mc,0,0.28066525779243745,2.2906068000011146,True,accepted_empirical,0.1,1,4.0875279791963194e-10,-0.01522373533738464,100,5.0,0.004278091042742465,empirical,0.00287109375,empirical,0.0023579697406467494,0.024476199307758604,0.005350361409070632,0.03250648319673266,0.007812722556624348,0.013877562380725541,-0.0025859781472848432
T-L,AN,mc_learned_baseline,False,43,51,182744,13056,13056,52224,94208,10200,91372,365488,262144,0.9445312500000002,0.9516,0.9440917458212151,0.0009421582762181302,1.2015729084955861e-05,public_state_tabular_independent_mc,0,0.27876346561158016,2.3461428000591695,True,accepted_empirical,0.1,1,3.89185591420253e-10,-0.0024661917505444633,100,5.0,0.0023922292682637186,empirical,0.0017578125000000003,empirical,0.0013091700850443525,0.0105908203125,0.0005274356214072751,0.05468306789721966,0.0023912308961106282,0.0024384660242888863,0.002548788083667837
T-L,AN,mc_learned_baseline,False,43,52,184480,13312,13312,53248,94208,10400,92240,368960,262144,0.9426562500000002,0.9690000000000001,0.9440917458212151,0.0,0.0,public_state_tabular_independent_mc,0,0.27876346561158016,2.3732010000385344,False,direction_rejected,0.0,0,,-0.018773825722438447,100,5.0,-0.012318447612056218,empirical,,,,0.03187163391113282,0.011306188757841382,0.009551922959667336,0.007768779385156922,0.01780526487708894,-0.0027996864089831954
T-L,AN,mc_learned_baseline,False,43,53,186216,13568,13568,54272,94208,10600,93108,372432,262144,0.9450000000000003,0.9542999999999999,0.9440917458212151,0.0,0.0,public_state_tabular_independent_mc,0,0.27876346561158016,2.398258400033228,False,direction_rejected,0.0,0,,-0.019514593843212403,100,5.0,-0.0006884851868065164,empirical,,,,0.03154246259416853,0.011079456465105287,0.00986516740973653,0.0073459121681435065,0.01837330268723808,-0.0023768191919697826
T-L,AN,mc_learned_baseline,False,43,54,190000,13824,13824,55296,96256,10800,95000,380000,262144,0.9356250000000003,0.9660000000000001,0.9468433381956685,0.0027515923744533266,9.113407859745012e-05,public_state_tabular_independent_mc,0,0.2748206048972774,2.4434033000143245,True,accepted_empirical,0.1,1,8.560772895308858e-10,-0.02099393124562237,100,5.0,0.009501573781607925,empirical,0.0,empirical,0.0,0.03181055908203126,0.010602975352491668,0.014129506607037046,0.008970548836322445,0.020578041214401013,-0.004001455860148721
T-L,AN,mc_learned_baseline,False,43,55,193784,14080,14080,56320,98304,11000,96892,387568,262144,0.9656250000000002,0.93,0.9478885423661486,0.0010452041704801518,1.412325291277244e-05,public_state_tabular_independent_mc,0,0.2727108628912917,2.4866671999916434,True,accepted_empirical,0.1,1,1.4436905382638505e-10,-0.0028051625755933216,100,5.0,0.0029974315301670848,empirical,0.0017578125000000003,empirical,0.0013091700850443525,0.009571697963446441,0.0001349871909753835,0.02139221443277972,0.0017287878890122539,0.002817057149893585,0.0026717868002631645
T-L,AN,mc_learned_baseline,False,43,56,197568,14336,14336,57344,100352,11200,98784,395136,262144,0.9585937500000002,0.9603,0.9489590646561759,0.0010705222900272426,1.4715464818895307e-05,public_state_tabular_independent_mc,0,0.2705412535551477,2.531660499982536,True,accepted_empirical,0.1,1,4.016805854502901e-10,-0.0028963814359702507,100,5.0,0.002545584832969295,empirical,0.0023437500000000003,empirical,0.001168429990096266,0.009734782033481758,0.00015372758148621062,0.030250844269243515,0.0017413377491916455,0.002923118152810439,0.0026845644078293406
T-L,AN,mc_learned_baseline,False,43,57,201352,14592,14592,58368,102400,11400,100676,402704,262144,0.9515625000000001,0.9630000000000001,0.9500451152749674,0.001086050618791523,1.5129780815296892e-05,public_state_tabular_independent_mc,0,0.2683292871697621,2.57544400007464,True,accepted_empirical,0.1,1,4.166853819157631e-10,-0.0029729474038871434,100,5.0,0.003193755398925982,empirical,0.0023437500000000003,empirical,0.0011684299900962657,0.009989318847656253,0.00011922823529094727,0.052555910543131024,0.0017667965794936971,0.0030056222668457494,0.002683887174340926
T-L,AN,mc_learned_baseline,False,43,58,205136,14848,14848,59392,104448,11600,102568,410272,262144,0.9773437500000002,0.9633000000000002,0.9509139952284851,0.0008688799535176983,9.61175759346845e-06,public_state_tabular_independent_mc,0,0.2665537390729396,2.621330099995248,True,accepted_empirical,0.1,1,1.2100617915985978e-11,-0.0019341951328241,100,5.0,0.0025533288878371446,empirical,0.0017578125000000003,empirical,0.0010128855190910918,0.008591308593749996,2.5765124916758264e-05,-0.004511797987883481,0.0018272167764679236,0.0019325528287447598,0.0026491355513854307
T-L,AN,mc_learned_baseline,False,43,59,208920,15104,15104,60416,106496,11800,104460,417840,262144,0.9585937500000001,0.9480000000000001,0.951982295546186,0.0010683003177008876,1.4430210998522036e-05,public_state_tabular_independent_mc,0,0.26436366507667275,2.6774538999889046,True,accepted_empirical,0.1,1,4.234568286337661e-10,-0.0028371297589912027,100,5.0,0.002868370179769433,empirical,0.0023437500000000003,empirical,0.0011684299900962662,0.009602050781250003,6.0437380380959496e-05,0.039579089252071875,0.0017644963279727496,0.0028657016384290744,0.002731563306531011
T-L,AN,mc_learned_baseline,False,43,60,210656,15360,15360,61440,106496,12000,105328,421312,262144,0.9496875000000002,0.93,0.951982295546186,0.0,0.0,public_state_tabular_independent_mc,0,0.26436366507667275,2.702301500015892,False,direction_rejected,0.0,0,,-0.028069419314966197,100,5.0,-0.003414977067672048,empirical,,,,0.03095188151059646,0.010598402327170846,0.008344508463172806,0.014924356969398313,0.02658972050195805,-0.010405223913903416
T-L,AN,mc_learned_baseline,False,43,61,214440,15616,15616,62464,108544,12200,107220,428880,262144,0.9656250000000003,0.9663,0.953052521096008,0.001070225549822057,1.427459754704824e-05,public_state_tabular_independent_mc,0,0.2621646167847709,2.748929199995473,True,accepted_empirical,0.1,1,4.2016178149616153e-10,-0.0028064697679323824,100,5.0,0.002816274490127489,empirical,0.0052734375,empirical,0.001743998435189783,0.009356870098589532,0.0001576663934772407,0.01838711560326589,0.0017456056117765976,0.0028348577444635014,0.0027735274437182974
T-L,AN,mc_learned_baseline,False,43,62,220272,15872,15872,63488,112640,12400,110136,440544,262144,0.9632812500000003,0.9392999999999999,0.9535899676658547,0.0005374465698466668,3.6047629222723712e-06,public_state_tabular_independent_mc,0,0.26105573530532616,2.8187436000443995,True,accepted_empirical,0.05,2,1.1688245691537697e-10,-0.0028914010051560783,100,5.0,0.0027357553264793005,empirical,0.0005859375000000001,empirical,0.001015535322230033,0.00929168701171875,2.750584056096955e-05,0.03287431346016112,0.001768706837201889,0.002922560957816389,0.0027706888649000703
T-L,AN,mc_learned_baseline,False,43,63,222008,16128,16128,64512,112640,12600,111004,444016,262144,0.9426562500000002,0.9540000000000001,0.9535899676658547,0.0,0.0,public_state_tabular_independent_mc,0,0.26105573530532616,2.842181400046684,False,direction_rejected,0.0,0,,-0.029501907332085298,100,5.0,-0.020169222071391504,empirical,,,,0.031622692871093754,0.010696937225757408,0.010686673524198498,0.016604070280028985,0.028919536877251347,-0.012054103279526333
T-L,AN,mc_learned_baseline,False,43,64,225792,16384,16384,65536,114688,12800,112896,451584,262144,0.9585937500000001,0.9930000000000001,0.9546222370729497,0.001032269407094999,1.3116616309460766e-05,public_state_tabular_independent_mc,0,0.2589245460754909,2.883410800015554,True,accepted_empirical,0.1,1,1.269098203505806e-10,-0.002606729400352557,100,5.0,0.0028472837540363645,empirical,0.0,empirical,0.0,0.009614251646703606,3.49300093455883e-05,0.04010180168380573,0.001741438177188066,0.002617199922643303,0.002808528823314583
T-L,AN,mc_learned_baseline,False,43,65,229576,16640,16640,66560,116736,13000,114788,459152,262144,0.9468750000000001,0.963,0.9557441102005054,0.0011218731275557392,1.5419906141601514e-05,public_state_tabular_independent_mc,0,0.25659914993472677,2.9304817999945953,True,accepted_empirical,0.1,1,7.688396346580446e-12,-0.003097348480970135,100,5.0,0.002901781930590293,empirical,0.0011718750000000002,empirical,0.0008278295590484756,0.010437747903346058,5.500353388785854e-05,0.04222691849193516,0.0017487765155414373,0.003099975038092044,0.002818945392228684
T-L,AN,mc_learned_baseline,False,43,66,233360,16896,16896,67584,118784,13200,116680,466720,262144,0.9539062500000002,0.9366000000000001,0.9568280401547785,0.0010839299542730885,1.4436322927605506e-05,public_state_tabular_independent_mc,0,0.2543396023981779,2.978540600044653,True,accepted_empirical,0.1,1,2.421570563427032e-10,-0.002846645161693404,100,5.0,0.0028370882467297675,empirical,0.0017578125000000003,empirical,0.0010128855190910918,0.009821777343750004,1.7491606504527145e-05,0.0502312113108867,0.0017701813000524887,0.002875325353498971,0.002815794492275781
T-L,AN,mc_learned_baseline,False,43,67,235096,17152,17152,68608,118784,13400,117548,470192,262144,0.9494531250000002,0.9660000000000001,0.9568280401547785,0.0,0.0,public_state_tabular_independent_mc,0,0.2543396023981779,3.0063344000373036,False,direction_rejected,0.0,0,,-0.009662654132156515,100,5.0,-4.596371597808324e-05,empirical,,,,0.020700537109375007,0.005371393086223376,0.019296600055251245,0.002578703264457407,0.009835367239352152,0.0020252045682161556
T-L,AN,mc_learned_baseline,False,43,68,238880,17408,17408,69632,120832,13600,119440,477760,262144,0.9585937500000001,0.9719999999999999,0.9580038622718791,0.0011758221171005445,1.6757034495113023e-05,public_state_tabular_independent_mc,0,0.2518830309401925,3.053919400088489,True,accepted_empirical,0.1,1,4.284067313724096e-10,-0.0034347595966466764,100,5.0,0.003055244184345156,empirical,0.0017578125000000003,empirical,0.0013091700850443525,0.009623532952202696,2.7775772238082414e-05,0.034092367655399136,0.001770319503437755,0.003400605287014712,0.002833588329235808
T-L,AN,mc_learned_baseline,False,43,69,242664,17664,17664,70656,122880,13800,121332,485328,262144,0.9564843750000002,0.9419999999999998,0.959957543416202,0.0019536811443229274,4.091886600405037e-05,public_state_tabular_independent_mc,0,0.24865561933010527,3.0984706000890583,True,accepted_empirical,0.1,1,4.710030810828093e-10,-0.00893096754882216,100,5.0,0.009475369697071374,empirical,0.0005859375000000001,empirical,0.0005859375,0.02057232632107205,0.0055767663104301654,-0.0010925323677808407,0.0023561916458980647,0.008828323746641241,0.0022641398881037573
T-L,AN,mc_learned_baseline,False,43,70,246448,17920,17920,71680,124928,14000,123224,492896,262144,0.9656250000000002,0.972,0.96106419095807,0.0011066475418680666,1.4699719315895916e-05,public_state_tabular_independent_mc,0,0.24632662379258558,3.143891900079325,True,accepted_empirical,0.1,1,7.111543340941475e-12,-0.0029554843172726877,100,5.0,0.0032442351532012666,empirical,0.0017578125000000003,empirical,0.0010128855190910918,0.0090966796875,1.2083430113539466e-05,0.031453080322329297,0.0014303381457670197,0.0029568026504484812,0.002884516112750808
T-L,AN,mc_learned_baseline,False,43,71,250232,18176,18176,72704,126976,14200,125116,500464,262144,0.9656250000000002,0.99,0.9621687172274989,0.0011045262694288072,1.4586738489427051e-05,public_state_tabular_independent_mc,0,0.24399270397791958,3.201862300047651,True,accepted_empirical,0.1,1,2.1973698303392764e-11,-0.0029398043896191103,100,5.0,0.0027597993580950387,empirical,0.0005859375000000001,empirical,0.0005859375,0.009986572265625012,0.0009161358472342372,-0.01592149727060077,0.0014309249538584908,0.002937353092531262,0.0028967763132577043
T-L,AN,mc_learned_baseline,False,43,72,254016,18432,18432,73728,129024,14400,127008,508032,262144,0.9703125000000002,0.9750000000000001,0.9632746814238815,0.0011059641963826472,1.4460666691001774e-05,public_state_tabular_independent_mc,0,0.24164992962936074,3.2545130000216886,True,accepted_empirical,0.1,1,4.5299676299344064e-11,-0.002920225964156819,100,5.0,0.0027234057900761208,empirical,0.0005859375000000001,empirical,0.0005859375,0.00956472792662303,0.0006020081320108162,0.003521407310007607,0.0014068351734285362,0.002914677952286591,0.0029324030557329912
T-L,AN,mc_learned_baseline,False,43,73,255752,18688,18688,74752,129024,14600,127876,511504,262144,0.9658593750000002,0.9306,0.9632746814238815,0.0,0.0,public_state_tabular_independent_mc,0,0.24164992962936074,3.2816317999968305,False,direction_rejected,0.0,0,,-0.03136642033137101,100,5.0,-0.01545122795526297,empirical,,,,0.022496801757812507,0.005548976817484346,0.006243684832302421,0.013346511608845382,0.019987757875557295,-0.008998408632122718
T-L,AN,mc_learned_baseline,False,43,74,259536,18944,18944,75776,131072,14800,129768,519072,262144,0.9703125000000001,0.9600000000000002,0.9644013190682783,0.0011266376443967996,1.4972236431231784e-05,public_state_tabular_independent_mc,0,0.23925314409849155,3.3319714000681415,True,accepted_empirical,0.1,1,3.7124076005859393e-10,-0.003068093320865557,100,5.0,0.003141928827113201,empirical,0.0,empirical,0.0008294511660071416,0.009026101081753956,0.00015887463614879302,0.020487293404779505,0.0014092920261917481,0.0030381517280505593,0.002938810950530918
T-L,SA,mc_learned_baseline,False,43,1,3784,256,256,1024,2048,200,1892,7568,262144,0.33867187499999996,0.3651,0.3524933291730153,0.03347932917301527,0.00043868806922116527,public_state_tabular_independent_mc,0,0.6162257301319992,0.04328179999720305,True,accepted_empirical,0.1,1,5.154632504548426e-09,-0.08578008275717885,100,5.0,0.08824535442042977,empirical,0.030058593750000005,empirical,0.00828143709454022,0.4135412025087122,0.17384849581629686,0.0072863136355793,5.3818958228257645e-05,0.08897754286973812,0.08869374178071911
T-L,SA,mc_learned_baseline,False,43,2,7568,512,512,2048,4096,400,3784,15136,262144,0.43921875,0.43889999999999996,0.3878831034923639,0.03538977431934859,0.0004942491570959763,public_state_tabular_independent_mc,0,0.6057562546268453,0.08371749997604638,True,accepted_empirical,0.1,1,5.170797668947526e-09,-0.08632901808411557,100,5.0,0.09000488410280913,empirical,0.028417968749999998,empirical,0.007906713856035339,0.41829543575107575,0.16782334528441462,-0.012483565659398232,0.0013547434068250618,0.10118689255033606,0.08804859933124873
T-L,SA,mc_learned_baseline,False,43,3,11352,768,768,3072,6144,600,5676,22704,262144,0.43499999999999994,0.5057999999999999,0.42111842798120164,0.03323532448883776,0.0004465071572736127,public_state_tabular_independent_mc,0,0.5960760535700436,0.12679549993481487,True,accepted_empirical,0.1,1,5.074799844676581e-09,-0.08489626131407277,100,5.0,0.08509215825800459,empirical,0.044296875,empirical,0.009783959061759242,0.392682523558893,0.17997118175336616,-0.0011141540589794108,0.0028498593766719984,0.0902951575108295,0.08653302648945002
T-L,SA,mc_learned_baseline,False,43,4,15136,1024,1024,4096,8192,800,7568,30272,262144,0.374296875,0.47219999999999984,0.45412469058369664,0.03300626260249501,0.00043084849982063167,public_state_tabular_independent_mc,0,0.5847368883472258,0.17993579991161823,True,accepted_empirical,0.1,1,5.622184111687396e-09,-0.09278641658801297,100,5.0,0.08965559686631701,empirical,0.03837890625,empirical,0.010873889757534295,0.42730102062476644,0.18705210185808235,-0.016556443265903997,5.3608180709469055e-05,0.08747919070298274,0.08880991043574282
T-L,SA,mc_learned_baseline,False,43,5,18920,1280,1280,5120,10240,1000,9460,37840,262144,0.48328125,0.4869,0.48868278319865416,0.034558092614957514,0.00048079387090818013,public_state_tabular_independent_mc,0,0.5722909225586915,0.21764019993133843,True,accepted_empirical,0.1,1,5.700113578702947e-09,-0.0929028729693927,100,5.0,0.09665372641387343,empirical,0.0226171875,empirical,0.008302593251849403,0.38634203403075573,0.16079189046146922,0.011645204698312983,0.000349283943944583,0.09750783756536718,0.08744515418740914
T-L,SA,mc_learned_baseline,False,43,6,22704,1536,1536,6144,12288,1200,11352,45408,262144,0.5090625,0.45539999999999997,0.5208160778986064,0.03213329469995224,0.00044085037055501073,public_state_tabular_independent_mc,0,0.5589422343021265,0.2617240999825299,True,accepted_empirical,0.1,1,4.971118714145194e-09,-0.08069234045534174,100,5.0,0.07810324577107004,empirical,0.039609375,empirical,0.010844176906211379,0.36797667788100297,0.15004298737042057,0.054840865924604354,0.0032899592222051808,0.09042102466580698,0.08277662955609294
T-L,SA,mc_learned_baseline,False,43,7,26488,1792,1792,7168,14336,1400,13244,52976,262144,0.536015625,0.5441999999999999,0.5517317522024074,0.030915674303801044,0.0004118591885223567,public_state_tabular_independent_mc,0,0.5471969972839144,0.3032466999720782,True,accepted_empirical,0.1,1,3.834285220838537e-09,-0.08333631180857598,100,5.0,0.09739539793024385,empirical,0.023203124999999998,empirical,0.007164489477421465,0.36167546219221147,0.1521553091606354,0.0067626823195353625,0.0013209587345443556,0.08382741878784825,0.08260237801933265
T-L,SA,mc_learned_baseline,False,43,8,30272,2048,2048,8192,16384,1600,15136,60544,262144,0.6058593750000001,0.5918999999999999,0.5827503445547644,0.031018592352356933,0.00042554632807019987,public_state_tabular_independent_mc,0,0.5343677458801079,0.34290459996555,True,accepted_empirical,0.1,1,6.8278986350500934e-09,-0.07834402754201242,100,5.0,0.07736639295457948,empirical,0.02490234375,empirical,0.008559481269061493,0.3310193775768999,0.13800200498714613,0.00742625477407266,0.000398526554383246,0.08732449900710604,0.08076399305156229
T-L,SA,mc_learned_baseline,False,43,9,34056,2304,2304,9216,18432,1800,17028,68112,262144,0.572109375,0.47879999999999995,0.6111236215201249,0.028373276965360517,0.00037135397683749896,public_state_tabular_independent_mc,0,0.5219984898919352,0.38768569997046143,True,accepted_empirical,0.1,1,2.5239581664046813e-09,-0.07450581957862476,100,5.0,0.07756091654183211,empirical,0.0287109375,empirical,0.008027496495548852,0.3354306086439297,0.14094300292025908,0.005324179632541948,0.0001769021719988,0.07577463513118471,0.07770419444886945
T-L,SA,mc_learned_baseline,False,43,10,37840,2560,2560,10240,20480,2000,18920,75680,262144,0.578203125,0.7452,0.6389164538710476,0.02779283235092267,0.00037616859336121777,public_state_tabular_independent_mc,0,0.5086216619311204,0.48189149994868785,True,accepted_empirical,0.1,1,2.972676529320458e-09,-0.07957333075531199,100,5.0,0.07126590186679538,empirical,0.030468750000000003,empirical,0.008363458358312544,0.3508423099945004,0.14476543783776635,0.011853189115635154,0.0005611760773788706,0.07697279857729436,0.07386583552624609
T-L,SA,mc_learned_baseline,False,43,11,41624,2816,2816,11264,22528,2200,20812,83248,262144,0.6525000000000001,0.6389999999999999,0.6651686277539816,0.026252173882933993,0.00035423018184587286,public_state_tabular_independent_mc,0,0.4953933736452097,0.5302224999759346,True,accepted_empirical,0.1,1,2.6516446877380773e-09,-0.07000476887503873,100,5.0,0.07383637309065523,empirical,0.018457031250000002,empirical,0.007420042499513868,0.2968870034839396,0.12038869412129513,0.017415449139588368,0.00047164891172341776,0.0727098939701739,0.0702334451934445
T-L,SA,mc_learned_baseline,False,43,12,45408,3072,3072,12288,24576,2400,22704,90816,262144,0.616640625,0.603,0.688715423888489,0.023546796134507497,0.00030100371701820777,public_state_tabular_independent_mc,0,0.48311461932895094,0.5772471999516711,True,accepted_empirical,0.1,1,3.480091441865465e-09,-0.06992605795029316,100,5.0,0.07507522739828507,empirical,0.02150390625,empirical,0.006942643892226397,0.3219742973252645,0.13325682655735882,0.01034560080054181,0.00026972771004370313,0.06159485884771473,0.06650926588161529
T-L,SA,mc_learned_baseline,False,43,13,49192,3328,3328,13312,26624,2600,24596,98384,262144,0.702421875,0.759,0.7128587675494457,0.024143343660956607,0.0003414901704020957,public_state_tabular_independent_mc,0,0.46963878357315436,0.6317170999245718,True,accepted_empirical,0.1,1,3.6923213728835053e-09,-0.06478886881038755,100,5.0,0.046974882240048976,empirical,0.021328124999999996,empirical,0.00746534129256331,0.2526614759323045,0.1014701540877482,0.00898285902136331,0.0010541136520606904,0.0707081771173183,0.06183352644011622
T-L,SA,mc_learned_baseline,False,43,14,52976,3584,3584,14336,28672,2800,26488,105952,262144,0.6820312500000001,0.7386,0.7332978209748537,0.020439053425408082,0.0002701362716134833,public_state_tabular_independent_mc,0,0.4590945829209403,0.6740875999676064,True,accepted_empirical,0.1,1,3.4759266500035012e-09,-0.054624182150174394,100,5.0,0.07320709087584537,empirical,0.01998046875,empirical,0.006630913146809337,0.2531966717151335,0.10841255833396543,0.012831179346242005,0.002137027880876451,0.05607207196403403,0.05649985919660593
T-L,SA,mc_learned_baseline,False,43,15,56760,3840,3840,15360,30720,3000,28380,113520,262144,0.7546875000000002,0.8157,0.7529560048224471,0.019658183847593325,0.0002595352523854342,public_state_tabular_independent_mc,0,0.4475309031833765,0.7187481999862939,True,accepted_empirical,0.1,1,2.527245792045465e-09,-0.04961078487490328,100,5.0,0.06386912665752982,empirical,0.0176953125,empirical,0.00670519498272896,0.22376979626814086,0.08824391872042393,0.010472120684649533,6.532524562376336e-05,0.0537287806699938,0.05439684785935646
T-L,SA,mc_learned_baseline,False,43,16,60544,4096,4096,16384,32768,3200,30272,121088,262144,0.7635937500000001,0.8334000000000001,0.7712924241386928,0.018336419316245745,0.00024474492319209463,public_state_tabular_independent_mc,0,0.43650607281195886,0.7637438999954611,True,accepted_empirical,0.1,1,4.441349609318253e-09,-0.0485663199169102,100,5.0,0.05613890386970325,empirical,0.009726562499999999,empirical,0.004666420197512504,0.19855522889275173,0.08498700069339855,-0.014085336140623461,5.2925230777542555e-05,0.0509706786826673,0.05037621252662103
T-L,SA,mc_learned_baseline,False,43,17,64328,4352,4352,17408,34816,3400,32164,128656,262144,0.8111718750000001,0.8042999999999999,0.7881649151298599,0.016872490991167055,0.00022556417450869033,public_state_tabular_independent_mc,0,0.42591772338843353,0.8054362999973819,True,accepted_empirical,0.1,1,3.6416646660816276e-09,-0.04120296990261664,100,5.0,0.044940617752560946,empirical,0.024609375,empirical,0.007270239720340182,0.1680026769329353,0.06618838923610867,0.01398354208471142,2.7754039131746596e-05,0.04699887196235006,0.04639674299264207
T-L,SA,mc_learned_baseline,False,43,18,68112,4608,4608,18432,36864,3600,34056,136224,262144,0.7256250000000001,0.7619999999999999,0.8037797812943683,0.015614866164508467,0.0002145770977720921,public_state_tabular_independent_mc,0,0.41505375914729625,0.8450361000141129,True,accepted_empirical,0.1,1,2.230601217326205e-09,-0.06359912382105269,100,5.0,0.03137407579283486,empirical,0.025898437499999996,empirical,0.007569947267594772,0.24635767136191944,0.09844497262399746,0.00023084958042918213,0.000833792019874694,0.044480474808672274,0.04172839290976038
T-L,SA,mc_learned_baseline,False,43,19,71896,4864,4864,19456,38912,3800,35948,143792,262144,0.8414062500000001,0.8508000000000001,0.8176187735031154,0.01383899220874707,0.0001829308717772658,public_state_tabular_independent_mc,0,0.40588612035513905,0.8822788000106812,True,accepted_empirical,0.1,1,3.2802405391380283e-09,-0.028738509056159035,100,5.0,0.028977680950353715,empirical,0.0137109375,empirical,0.005570014609956542,0.12874475691630274,0.050352415875067336,0.010778664043102015,0.00035077262220544684,0.03822482312631684,0.03866485583816079
T-L,SA,mc_learned_baseline,False,43,20,75680,5120,5120,20480,40960,4000,37840,151360,262144,0.8184375000000002,0.8097,0.8300216651340047,0.012402891630889257,0.00016135876150341827,public_state_tabular_independent_mc,0,0.3973354625063317,0.9253520999336615,True,accepted_empirical,0.1,1,3.41638575508128e-09,-0.033714763589938454,100,5.0,0.03535812188236554,empirical,0.009902343749999999,empirical,0.0045947465110169694,0.14225324220411967,0.060057779540629824,0.005042574149253909,0.000324699570887412,0.033737835574208265,0.035214222313215325
T-L,SA,mc_learned_baseline,False,43,21,79464,5376,5376,21504,43008,4200,39732,158928,262144,0.8545312500000002,0.8646,0.8420271044920726,0.01200543935806797,0.0001663043858866508,public_state_tabular_independent_mc,0,0.3880508991764332,0.9663426999468356,True,accepted_empirical,0.1,1,2.621951943819424e-09,-0.020930017259906328,100,5.0,0.032951861625448636,empirical,0.015585937499999999,empirical,0.006211975887517278,0.08721422729492187,0.031237299969518677,0.03184035979292965,0.00034612123839028165,0.034627195083075546,0.03198746600546157
T-L,SA,mc_learned_baseline,False,43,22,83248,5632,5632,22528,45056,4400,41624,166496,262144,0.850546875,0.9018,0.8529442919357246,0.010917187443651999,0.000151613976911382,public_state_tabular_independent_mc,0,0.37927659178436635,1.0059795000124723,True,accepted_empirical,0.1,1,2.4703628302750724e-09,-0.0295551716943731,100,5.0,0.012656031728394178,empirical,0.01998046875,empirical,0.007121186957318061,0.11429543413736418,0.04630309147525219,-0.00021717305653501384,0.00029952782177948735,0.031594218000665794,0.029045821497930314
T-L,SA,mc_learned_baseline,False,43,23,87032,5888,5888,23552,47104,4600,43516,174064,262144,0.8524218750000001,0.8597999999999999,0.8627896234069913,0.00984533147126665,0.0001359283330849855,public_state_tabular_independent_mc,0,0.37105391356138395,1.0570677999639884,True,accepted_empirical,0.1,1,1.3762806957888935e-09,-0.03432694656513341,100,5.0,0.03406862227953491,empirical,0.009140625,empirical,0.004411116422314435,0.13074848493103658,0.04880109151258491,0.012325005213137952,0.00019358913438095228,0.02828142648339508,0.0263841281583621
T-L,SA,mc_learned_baseline,False,43,24,90816,6144,6144,24576,49152,4800,45408,181632,262144,0.8852343750000002,0.9456000000000002,0.8711436697025878,0.008354046295596551,0.00010794989469509329,public_state_tabular_independent_mc,0,0.36416505596490295,1.1053097000112757,True,accepted_empirical,0.1,1,1.4651190202884836e-09,-0.021101516712750346,100,5.0,0.01845971727773691,empirical,0.00017578124999999994,empirical,0.0008478727998008715,0.09361974866626403,0.035797501410121876,0.006923934115497854,0.00011201170769015227,0.022533244546340734,0.02393244746472371
T-L,SA,mc_learned_baseline,False,43,25,94600,6400,6400,25600,51200,5000,47300,189200,262144,0.8845312500000001,0.9135000000000001,0.8790930392051252,0.007949369502537329,0.00010819725265039847,public_state_tabular_independent_mc,0,0.3572927579435068,1.1507357999216765,True,accepted_empirical,0.1,1,4.702524484657297e-10,-0.014360169508308242,100,5.0,0.04033272944468244,empirical,0.010898437500000002,empirical,0.005145415817363885,0.05616799481830091,0.021581721488999863,0.010470939928714174,5.235640565184451e-05,0.022494786494418106,0.021709858274455325
T-L,SA,mc_learned_baseline,False,43,26,98384,6656,6656,26624,53248,5200,49192,196768,262144,0.8592187500000001,0.8532,0.8860884020018401,0.006995362796714977,9.288241918114411e-05,public_state_tabular_independent_mc,0,0.35099727756381877,1.1931048999540508,True,accepted_empirical,0.1,1,7.447513491366373e-10,-0.019982840434083014,100,5.0,0.014345915839625543,empirical,0.00861328125,empirical,0.004072256757023562,0.07871367492675782,0.031069401545056913,0.009751713583871613,3.5413153115134796e-05,0.01934051258129644,0.019557369674219442
T-L,SA,mc_learned_baseline,False,43,27,100120,6912,6912,27648,53248,5400,50060,200240,262144,0.8917968750000002,0.8829,0.8860884020018401,0.0,0.0,public_state_tabular_independent_mc,0,0.35099727756381877,1.212815299979411,False,direction_rejected,0.0,0,,-0.016579149299583776,100,5.0,-0.0046603748716896876,empirical,,,,0.07671484375000001,0.028333798905920964,0.038310845379201375,0.01680025463207899,0.055853436116129564,0.0008784190361228392
T-L,SA,mc_learned_baseline,False,43,28,103904,7168,7168,28672,55296,5600,51952,207808,262144,0.8941406250000001,0.8808,0.8926143338334479,0.0065259318316077675,8.976053000537139e-05,public_state_tabular_independent_mc,0,0.3445988893910245,1.254117399919778,True,accepted_empirical,0.1,1,1.3522350485343509e-09,-0.018098275562807443,100,5.0,0.025244023287806054,empirical,0.0030468750000000005,empirical,0.004407313083491861,0.06854511052307616,0.02624368137761563,0.009355851640515334,0.00011962640246188913,0.01860803620769183,0.017559047265739938
T-L,SA,mc_learned_baseline,False,43,29,107688,7424,7424,29696,57344,5800,53844,215376,262144,0.8957812500000002,0.9216,0.8996631404120682,0.007048806578620281,0.00012474548827525524,public_state_tabular_independent_mc,0,0.3379298049741074,1.3001863999525085,True,accepted_empirical,0.1,1,7.976165735658462e-10,-0.00871668941246594,100,5.0,0.008462606863998785,empirical,0.0045703125,empirical,0.003333381060254247,0.0325969940270083,0.011236050992051622,0.0445651660632681,0.0023375702277259785,0.026220629574046507,0.013655216406931889
T-L,SA,mc_learned_baseline,False,43,30,111472,7680,7680,30720,59392,6000,55736,222944,262144,0.9267187500000003,0.9156,0.9050942628035721,0.005431122391503895,8.085882984042475e-05,public_state_tabular_independent_mc,0,0.3318452526337638,1.3457774999551475,True,accepted_empirical,0.1,1,9.007254005026401e-10,-0.015783602185027692,100,5.0,0.024514318842787167,empirical,0.005742187500000001,empirical,0.0038024895691008823,0.06036481372755521,0.02108291605368286,0.010258376726120844,0.0007116519918453269,0.016675363210940954,0.013282840028327806
T-L,SA,mc_learned_baseline,False,43,31,113208,7936,7936,31744,59392,6200,56604,226416,262144,0.9056250000000001,0.8502,0.9050942628035721,0.0,0.0,public_state_tabular_independent_mc,0,0.3318452526337638,1.3721770999254659,False,direction_rejected,0.0,0,,-0.018688917642575867,100,5.0,-0.1515996482541454,empirical,,,,0.057979809419608404,0.023396260548913684,-0.07398674739247468,0.136626664951181,0.20384532549315523,-0.12390466803748483
T-L,SA,mc_learned_baseline,False,43,32,116992,8192,8192,32768,61440,6400,58496,233984,262144,0.9056250000000001,0.8682,0.909980992003742,0.00488672920016997,7.038249562927782e-05,public_state_tabular_independent_mc,0,0.32629560931465296,1.4289697000058368,True,accepted_empirical,0.1,1,9.261406412827007e-10,-0.015781304600462193,100,5.0,0.011776114023234276,empirical,0.0005859375000000001,empirical,0.0013112212732744473,0.06073448611111112,0.020516981725733074,0.015463054457619752,0.00028925683147333153,0.014597528316685503,0.012432740082222872
T-L,SA,mc_learned_baseline,False,43,33,120776,8448,8448,33792,63488,6600,60388,241552,262144,0.8936718750000001,0.9306,0.9141911061438734,0.0042101141401313935,5.665228725029417e-05,public_state_tabular_independent_mc,0,0.3214887269406439,1.4830096999648958,True,accepted_empirical,0.1,1,7.340971827615363e-10,-0.011869920319893288,100,5.0,0.009854217078630243,empirical,0.0016992187500000002,empirical,0.0025016977476556863,0.04887804646394692,0.016394347154951684,0.013246046666131717,1.489427138058258e-05,0.011775672087847223,0.011539331707513964
T-L,SA,mc_learned_baseline,False,43,34,124560,8704,8704,34816,65536,6800,62280,249120,262144,0.9009375000000002,0.9009,0.918172664894529,0.003981558750655534,6.136783908606719e-05,public_state_tabular_independent_mc,0,0.3172218138812232,1.531524799996987,True,accepted_empirical,0.1,1,1.0928969886918116e-09,-0.01319503640604261,100,5.0,0.013532356140432144,empirical,0.0068554687500000005,empirical,0.004120737965589707,0.053189365288628485,0.02105713818194271,0.012867536286773062,0.0010150706276277105,0.012983803347064816,0.009499811351559261
T-L,SA,mc_learned_baseline,False,43,35,128344,8960,8960,35840,67584,7000,64172,256688,262144,0.9332812500000003,0.9216,0.9226430501313869,0.004470385236857943,9.153771189203583e-05,public_state_tabular_independent_mc,0,0.31203360247738504,1.5818681999808177,True,accepted_empirical,0.1,1,1.5328112816302027e-09,-0.00877622152086286,100,5.0,0.006247165285104744,empirical,0.007441406249999999,empirical,0.00407677486122599,0.03174355410283322,0.010667592079592692,0.016569624023404783,0.0033975582319166757,0.01968568384101899,0.005981006123376039
T-L,SA,mc_learned_baseline,False,43,36,132128,9216,9216,36864,69632,7200,66064,264256,262144,0.9168750000000001,0.9420000000000001,0.9256006542897575,0.0029576041583705415,3.918856937960355e-05,public_state_tabular_independent_mc,0,0.30821884901721375,1.6329333999892697,True,accepted_empirical,0.1,1,2.7924982308163037e-10,-0.008541996879540083,100,5.0,0.011551586957366073,empirical,0.005742187500000001,empirical,0.003329831776959168,0.03501736882167189,0.010671176453933525,0.025563379809600995,1.5049035120148288e-07,0.008120220057289658,0.008186559577707498
T-L,SA,mc_learned_baseline,False,43,37,135912,9472,9472,37888,71680,7400,67956,271824,262144,0.9051562500000002,0.9570000000000001,0.9282664672176631,0.0026658129279056864,3.460154552948896e-05,public_state_tabular_independent_mc,0,0.3046861075716803,1.7215505000203848,True,accepted_empirical,0.1,1,1.453523354995814e-10,-0.008373345621907936,100,5.0,0.002640120390135691,empirical,0.00462890625,empirical,0.002562460840015308,0.035086928001610014,0.011036835243362249,0.03642819445116119,1.0890358554309492e-05,0.007152270301027975,0.0075136522344196955
T-L,SA,mc_learned_baseline,False,43,38,139696,9728,9728,38912,73728,7600,69848,279392,262144,0.9241406250000002,0.9183000000000001,0.9308994203811052,0.002632953163442031,3.6519252624707015e-05,public_state_tabular_independent_mc,0,0.30097442154192566,1.7737043999368325,True,accepted_empirical,0.1,1,2.0820814836853123e-10,-0.011973020360940643,100,5.0,0.007139259501914746,empirical,0.007500000000000001,empirical,0.00347479655601233,0.04775452721598544,0.015751757529913243,0.012695440863304208,3.557957799408629e-05,0.0075004651093369765,0.006906015805509662
T-L,SA,mc_learned_baseline,False,43,39,143480,9984,9984,39936,75776,7800,71740,286960,262144,0.9121875000000002,0.9273000000000002,0.9326086818610354,0.0017092614799302241,2.457171512350656e-05,public_state_tabular_independent_mc,0,0.29822528063788817,1.8190541999647394,True,accepted_empirical,0.1,1,3.5719609671744506e-10,-0.009501885074595949,100,5.0,0.00012158561639898178,empirical,0.0005859375000000001,empirical,0.001015535322230033,0.03859077148437501,0.010932221087010661,0.027051940229294025,0.0021892957497281207,0.004976827621939562,0.004245602682035932
T-L,SA,mc_learned_baseline,False,43,40,145216,10240,10240,40960,75776,8000,72608,290432,262144,0.9164062500000001,0.9306,0.9326086818610354,0.0,0.0,public_state_tabular_independent_mc,0,0.29822528063788817,1.8391900999704376,False,direction_rejected,0.0,0,,-0.0019716372920984275,100,5.0,-0.022344892390290534,empirical,,,,0.01145282448681874,0.0009762322249898524,0.13518618430537566,0.019000376578192438,0.04087617075289269,-0.01277539220108341
T-L,SA,mc_learned_baseline,False,43,41,146952,10496,10496,41984,75776,8200,73476,293904,262144,0.9236718750000001,0.9239999999999999,0.9326086818610354,0.0,0.0,public_state_tabular_independent_mc,0,0.29822528063788817,1.8631744999438524,False,direction_rejected,0.0,0,,-0.005922380348932033,100,5.0,-0.0031566042967557653,empirical,,,,0.021701804945203997,0.005405118777471113,0.03954737306168776,0.011836084375584633,0.026874190981925387,-0.005611099998475606
T-L,SA,mc_learned_baseline,False,43,42,150736,10752,10752,43008,77824,8400,75368,301472,262144,0.9215625000000002,0.9183,0.9349070225872522,0.0022983407262168187,3.0838738380320474e-05,public_state_tabular_independent_mc,0,0.2948662979242399,1.904147999943234,True,accepted_empirical,0.1,1,4.3857320038085877e-10,-0.00885403769917818,100,5.0,0.0013648165668483305,empirical,0.0017578125000000003,empirical,0.0010128855190910918,0.035178967285156265,0.010780997827457122,0.023706937989606214,2.3255213107506817e-06,0.006371600642508905,0.006222658855798275
T-L,SA,mc_learned_baseline,False,43,43,152472,11008,11008,44032,77824,8600,76236,304944,262144,0.9445312500000002,0.9393,0.9349070225872522,0.0,0.0,public_state_tabular_independent_mc,0,0.2948662979242399,1.9271554999286309,False,direction_rejected,0.0,0,,-0.003178365577762787,100,5.0,-0.05083984713427901,empirical,,,,0.010993540480073687,0.0005234578427348085,0.030630861116688446,0.05013942676813991,0.06848285515474956,-0.04433604820653435
T-L,SA,mc_learned_baseline,False,43,44,154208,11264,11264,45056,77824,8800,77104,308416,262144,0.9494531250000002,0.9510000000000001,0.9349070225872522,0.0,0.0,public_state_tabular_independent_mc,0,0.2948662979242399,1.9515840999083593,False,direction_rejected,0.0,0,,-0.007028046496562372,100,5.0,-0.029914001910751692,empirical,,,,0.023753222198224254,0.00545560370247063,0.0042034786924523004,0.049652515310524836,0.07635150495218956,-0.043849136748919285
T-L,SA,mc_learned_baseline,False,43,45,157992,11520,11520,46080,79872,9000,78996,315984,262144,0.9447656250000003,0.9303,0.9363112869872017,0.0014042643999494508,1.8127383804655142e-05,public_state_tabular_independent_mc,0,0.2925320923291511,1.994843399967067,True,accepted_empirical,0.1,1,2.3317965462142857e-10,-0.005474619053759401,100,5.0,0.005744685666272966,empirical,0.0017578125000000003,empirical,0.0010128855190910918,0.023580053710937496,0.005356689267154594,0.018779754220728306,0.0019145448338324636,0.0037138317869306343,0.0038888337277731035
T-L,SA,mc_learned_baseline,False,43,46,161776,11776,11776,47104,81920,9200,80888,323552,262144,0.9515625000000002,0.9512999999999999,0.9394001118767092,0.0030888248895075687,0.00010031883265107275,public_state_tabular_independent_mc,0,0.28793137095104127,2.035633399966173,True,accepted_empirical,0.1,1,1.302498578779387e-09,-0.0036411313595573697,100,5.0,0.0027907442814149802,empirical,0.0,empirical,0.0011730210882934771,0.010018760896255106,3.075235741876901e-05,0.05323084317089444,0.009760141926069558,0.022431838562834577,-0.004115645351339375
T-L,SA,mc_learned_baseline,False,43,47,163512,12032,12032,48128,81920,9400,81756,327024,262144,0.9585937500000002,0.9333,0.9394001118767092,0.0,0.0,public_state_tabular_independent_mc,0,0.28793137095104127,2.0565419999184087,False,direction_rejected,0.0,0,,-0.0026366888355474414,100,5.0,-0.01098021788198798,empirical,,,,0.009786120700506194,6.925442160483097e-05,0.03897938582918159,0.019005108853018256,0.03150025203177142,-0.0139054910446904
T-L,SA,mc_learned_baseline,False,43,48,167296,12288,12288,49152,83968,9600,83648,334592,262144,0.9304687500000002,0.9209999999999999,0.9402785615405516,0.0008784496638423178,1.0188089259991413e-05,public_state_tabular_independent_mc,0,0.2861994487855552,2.1110299999127164,True,accepted_empirical,0.1,1,2.0211778607504965e-14,-0.0023100575720562426,100,5.0,0.0027255305460124626,empirical,0.0,empirical,0.0008294511660071416,0.010961608886718759,4.279855754302266e-05,0.09343951556477137,0.0025214015757141868,0.002043145807865414,0.002578216232613671
T-L,SA,mc_learned_baseline,False,43,49,171080,12544,12544,50176,86016,9800,85540,342160,262144,0.9236718750000001,0.9573,0.9418516864675073,0.0015731249269557157,2.3178864600090304e-05,public_state_tabular_independent_mc,0,0.2834437372267482,2.160954499966465,True,accepted_empirical,0.1,1,3.0326139429660165e-11,-0.006724039951185,100,5.0,0.004423088358765476,empirical,0.0005859375000000001,empirical,0.001015535322230033,0.02467868652343751,0.005404582789425364,0.040108094531215,0.0013742639330478247,0.004706811090303434,0.0037472829660954677
T-L,SA,mc_learned_baseline,False,43,50,172816,12800,12800,51200,86016,10000,86408,345632,262144,0.9213281250000003,0.9363000000000001,0.9418516864675073,0.0,0.0,public_state_tabular_independent_mc,0,0.2834437372267482,2.188234700006433,False,direction_rejected,0.0,0,,-0.00608721697754202,100,5.0,-0.008248861162195115,empirical,,,,0.024684293806469422,0.00534315807365235,0.036582563856339845,0.01691585018039562,0.031250595022859325,-0.011926549376177785
T-L,SA,mc_learned_baseline,False,43,51,176600,13056,13056,52224,88064,10200,88300,353200,262144,0.9328125000000003,0.9396,0.9442321835911497,0.002380497123642411,0.00011202567917489112,public_state_tabular_independent_mc,0,0.2798271474357519,2.2372150999726728,True,accepted_empirical,0.1,1,8.861916119872084e-10,-0.002878201149959439,100,5.0,0.001626041696644424,empirical,0.0028710937500000004,empirical,0.0028710937500000012,0.01099627962256328,0.000651811049078815,0.08773542040512161,0.016497600266827502,0.026654206278139057,-0.01150829946260967
T-L,SA,mc_learned_baseline,False,43,52,178336,13312,13312,53248,88064,10400,89168,356672,262144,0.9189843750000002,0.978,0.9442321835911497,0.0,0.0,public_state_tabular_independent_mc,0,0.2798271474357519,2.260314799961634,False,direction_rejected,0.0,0,,-0.006036507461004011,100,5.0,-0.013917818082658424,empirical,,,,0.02201219722557461,0.0062761010587231575,0.05065733908510439,0.019785370781438143,0.030907137280528536,-0.015314970535638123
T-L,SA,mc_learned_baseline,False,43,53,182120,13568,13568,54272,90112,10600,91060,364240,262144,0.9450000000000002,0.9543,0.9457280525936569,0.0014958690025071997,2.0157460282446208e-05,public_state_tabular_independent_mc,0,0.27718775190244904,2.304582600016147,True,accepted_empirical,0.1,1,1.1022426546264243e-10,-0.008435149383474415,100,5.0,0.004403183542000571,empirical,0.0,empirical,0.0,0.0317320748368789,0.011033094882691327,0.0044106696455271655,0.0005472791997846206,0.0040904842873230145,0.0039231210460154015
T-L,SA,mc_learned_baseline,False,43,54,185904,13824,13824,55296,92160,10800,92952,371808,262144,0.9332812500000003,0.9660000000000001,0.9470020916314463,0.0012740390377894428,1.5137334509039567e-05,public_state_tabular_independent_mc,0,0.2749447945384702,2.348464999930002,True,accepted_empirical,0.1,1,2.4664485659267026e-11,-0.008140310574198818,100,5.0,0.009648935862256852,empirical,0.0005859375000000001,empirical,0.001015535322230033,0.03191492919921876,0.010613433848406684,0.016090512713582195,0.0005959398454466227,0.003082206188138651,0.0037581132462854005
T-L,SA,mc_learned_baseline,False,43,55,187640,14080,14080,56320,92160,11000,93820,375280,262144,0.9656250000000003,0.9540000000000002,0.9470020916314463,0.0,0.0,public_state_tabular_independent_mc,0,0.2749447945384702,2.370936100021936,False,direction_rejected,0.0,0,,-0.0037338906507958275,100,5.0,-0.024294434107295666,empirical,,,,0.009641899783781913,0.00017587618424360518,0.019227308363114037,0.027731325123294355,0.04307077374229835,-0.023486409106538035
T-L,SA,mc_learned_baseline,False,43,56,191424,14336,14336,57344,94208,11200,95712,382848,262144,0.9705468750000001,0.9453,0.9481547209629001,0.0011526293314537694,1.2843491195050153e-05,public_state_tabular_independent_mc,0,0.2728959723489194,2.424748199991882,True,accepted_empirical,0.1,1,1.342176671354449e-10,-0.004565711224203628,100,5.0,0.0016395254172037093,empirical,0.0040429687500000006,empirical,0.0024964283552016166,0.019441503906249998,0.005414257841712654,-0.002909912005867099,0.0006774588592133717,0.0026071738988308773,0.0035674571575429483
T-L,SA,mc_learned_baseline,False,43,57,195208,14592,14592,58368,96256,11400,97604,390416,262144,0.9468750000000001,0.963,0.9492593096854486,0.001104588722548483,1.5570507390471078e-05,public_state_tabular_independent_mc,0,0.2706670803889112,2.472152099944651,True,accepted_empirical,0.1,1,3.785740282566628e-10,-0.00304625582600885,100,5.0,0.0027080055475584416,empirical,0.0023437500000000003,empirical,0.001168429990096266,0.010162353515625,1.1655515971930406e-05,0.06448167303800278,0.0014556585024135126,0.0030949982745749277,0.002692421135440648
T-L,SA,mc_learned_baseline,False,43,58,198992,14848,14848,59392,98304,11600,99496,397984,262144,0.9541406250000002,0.9423,0.950663281160678,0.0014039714752294152,2.1327548683333056e-05,public_state_tabular_independent_mc,0,0.2679619778231203,2.522711999947205,True,accepted_empirical,0.1,1,3.251928443811353e-10,-0.0065942374389154085,100,5.0,0.0017301004299263248,empirical,0.0005859375000000001,empirical,0.0005859375,0.023106542968749998,0.005382570809203406,0.012942739931818936,0.0010103861607597636,0.004336147250539822,0.0031624355973287636
T-L,SA,mc_learned_baseline,False,43,59,204824,15104,15104,60416,102400,11800,102412,409648,262144,0.9562500000000002,0.945,0.9512164400361588,0.000553158875480797,3.851755291091118e-06,public_state_tabular_independent_mc,0,0.2668375129230032,2.587055500014685,True,accepted_empirical,0.05,2,2.1219973047543567e-10,-0.002983075031992014,100,5.0,0.00304702511451537,empirical,0.0,empirical,0.0,0.009711914062500004,4.07885283309594e-05,0.04499518768046196,0.0013910950390097197,0.00313346681985415,0.0027349153270769936
T-L,SA,mc_learned_baseline,False,43,60,208608,15360,15360,61440,104448,12000,104304,417216,262144,0.9428906250000002,0.9420000000000001,0.9527644623699452,0.0015480223337863697,2.0578752462163598e-05,public_state_tabular_independent_mc,0,0.2640380558916656,2.6298268999671564,True,accepted_empirical,0.1,1,3.8579245050658523e-10,-0.011630737690170572,100,5.0,0.00559827195561309,empirical,0.0028710937500000004,empirical,0.0023579697406467494,0.0444414923142194,0.015814159755311176,0.001750811890170234,7.377798390559666e-07,0.0041602569855947015,0.004136809045728795
T-L,SA,mc_learned_baseline,False,43,61,212392,15616,15616,62464,106496,12200,106196,424784,262144,0.9656250000000002,0.9393,0.9539339414920356,0.0011694791220904222,1.7002492180333728e-05,public_state_tabular_independent_mc,0,0.2616453340057875,2.677365200011991,True,accepted_empirical,0.1,1,4.120863391204807e-10,-0.0030786581085569748,100,5.0,0.0027830338088546073,empirical,0.0,empirical,0.0008294511660071416,0.009099426269531252,3.2039618032128766e-05,0.03130686249025261,0.0012500320173094606,0.0034485128688069946,0.0027445238493792987
T-L,SA,mc_learned_baseline,False,43,62,216176,15872,15872,63488,108544,12400,108088,432352,262144,0.9543750000000002,0.951,0.9551397150365708,0.0012057735445352158,1.416965909631558e-05,public_state_tabular_independent_mc,0,0.2593828980482168,2.724830499966629,True,accepted_empirical,0.1,1,2.304674585442327e-10,-0.008136170936553621,100,5.0,0.005871277039018746,empirical,0.0011718750000000002,empirical,0.0011718750000000002,0.030936047363281257,0.010724077023519669,0.0030901969899284065,0.00044280842649173266,0.0028968100043692746,0.0035738306288458643
T-L,SA,mc_learned_baseline,False,43,63,219960,16128,16128,64512,110592,12600,109980,439920,262144,0.9562500000000003,0.951,0.9561163403168255,0.0009766252802546616,1.1667462163152458e-05,public_state_tabular_independent_mc,0,0.2573724233365676,2.7703843999188393,True,accepted_empirical,0.1,1,1.8997576798273993e-10,-0.0025279656247838445,100,5.0,0.0022140527031766707,empirical,0.0011718750000000002,empirical,0.0008278295590484758,0.009678955078125006,9.885183956584919e-06,0.04661934552454261,0.0011344506718836604,0.0023608012791825534,0.0028060787299267237
T-L,SA,mc_learned_baseline,False,43,64,223744,16384,16384,65536,112640,12800,111872,447488,262144,0.9492187500000002,0.9840000000000001,0.957214017741208,0.0010976774243824927,1.4652684010450571e-05,public_state_tabular_independent_mc,0,0.2551047783438753,2.8204652999993414,True,accepted_empirical,0.1,1,2.6684620546185584e-10,-0.003053758212568975,100,5.0,0.002911577065981149,empirical,0.0005859375000000001,empirical,0.001015535322230033,0.010082702636718755,7.077216626992354e-06,0.05828750981932407,0.0011132369346270325,0.002917305575891695,0.002843193652010594
T-L,SA,mc_learned_baseline,False,43,65,227528,16640,16640,66560,114688,13000,113764,455056,262144,0.9353906250000001,0.9690000000000001,0.9587659023303992,0.0015518845891911992,2.357988229812165e-05,public_state_tabular_independent_mc,0,0.2520745155650613,2.8707611999707296,True,accepted_empirical,0.1,1,4.1401502814762965e-10,-0.007631742384396374,100,5.0,0.0050708991809467925,empirical,0.0011718750000000002,empirical,0.0008278295590484758,0.021590429687500006,0.005385217697650429,0.030270555110038067,0.00047006470190727435,0.004731992985909851,0.003503009852229847
T-L,SA,mc_learned_baseline,False,43,66,231312,16896,16896,67584,116736,13200,115656,462624,262144,0.9656250000000002,0.9363000000000001,0.9596346048653214,0.0008687025349222166,9.044904514962941e-06,public_state_tabular_independent_mc,0,0.25026647555443143,2.923044899944216,True,accepted_empirical,0.1,1,2.4003537755248396e-11,-0.0020147741634024092,100,5.0,0.002990335749235708,empirical,0.0017578125000000003,empirical,0.0010128855190910918,0.009107666015625005,6.038569774683269e-06,0.03086820899402154,0.0011438462483908496,0.0018207501163299605,0.002764762761046061
T-L,SA,mc_learned_baseline,False,43,67,235096,17152,17152,68608,118784,13400,117548,470192,262144,0.9585937500000001,0.9690000000000001,0.9607354398489414,0.0011008349836200138,1.4471364038763697e-05,public_state_tabular_independent_mc,0,0.2479672201330741,2.971040999982506,True,accepted_empirical,0.1,1,9.08771945721899e-11,-0.002955299423552094,100,5.0,0.0027488533959825817,empirical,0.0035156250000000005,empirical,0.0016515961448115909,0.009632263183593757,5.596644360430863e-05,0.03806270773660936,0.0010204907608620212,0.0028918462769254895,0.0028988608924583924
T-L,SA,mc_learned_baseline,False,43,68,238880,17408,17408,69632,120832,13600,119440,477760,262144,0.9632812500000001,0.9689999999999999,0.9631905485805176,0.002455108731576172,0.00013715531752489762,public_state_tabular_independent_mc,0,0.24355965717755151,3.022645599907264,True,accepted_empirical,0.1,1,7.816450253785724e-10,-0.0037085030731835024,100,5.0,0.004633380257280412,empirical,0.0040429687500000006,empirical,0.0028802989850059773,0.00933668760071691,6.320387310611034e-05,0.026009153168323085,0.02292708745838623,0.034904576585325336,-0.018995201638633358
T-L,SA,mc_learned_baseline,False,43,69,240616,17664,17664,70656,120832,13800,120308,481232,262144,0.9703125000000002,0.9183,0.9631905485805176,0.0,0.0,public_state_tabular_independent_mc,0,0.24355965717755151,3.046341300010681,False,direction_rejected,0.0,0,,-0.0023541463472588663,100,5.0,-0.004144442868394859,empirical,,,,0.009424679817641071,0.0004586394404745485,-0.001966858624038892,0.013700017638174376,0.020244923689985945,-0.010112259279894027
T-L,SA,mc_learned_baseline,False,43,70,244400,17920,17920,71680,122880,14000,122200,488800,262144,0.9796875000000003,0.9690000000000001,0.9641576784780245,0.0009671298975069131,1.0949191532750654e-05,public_state_tabular_independent_mc,0,0.24152602527215616,3.110888099996373,True,accepted_empirical,0.1,1,1.2968090451086816e-10,-0.0021604013888640583,100,5.0,0.002943162508810218,empirical,0.0,empirical,0.0,0.00820953369140625,4.477057967208441e-06,0.004384655571311957,0.0006833343503299114,0.002213322268306761,0.002904424007950437
T-L,SA,mc_learned_baseline,False,43,71,248184,18176,18176,72704,124928,14200,124092,496368,262144,0.9609375000000002,0.996,0.9653755872645025,0.0012179087864779836,1.7313641781078048e-05,public_state_tabular_independent_mc,0,0.23895490862488933,3.19192569993902,True,accepted_empirical,0.1,1,6.221273952091159e-12,-0.00342103800980689,100,5.0,0.0025505857882843434,empirical,0.0011718750000000002,empirical,0.0008278295590484756,0.009492187500000006,4.388975053145277e-05,0.03396815485482285,0.0006472011157626937,0.00348361551689724,0.002947480802932308
T-L,SA,mc_learned_baseline,False,43,72,249920,18432,18432,73728,124928,14400,124960,499840,262144,0.9703125000000002,0.975,0.9653755872645025,0.0,0.0,public_state_tabular_independent_mc,0,0.23895490862488933,3.2119974999222904,False,direction_rejected,0.0,0,,-0.003089287278512771,100,5.0,-0.00018979072592872556,empirical,,,,0.00925092269212507,0.00037993770241313114,0.014177770866095729,0.011005252270943799,0.017518040455300907,-0.007403232380104971
T-L,SA,mc_learned_baseline,False,43,73,253704,18688,18688,74752,126976,14600,126852,507408,262144,0.9682031250000003,0.9540000000000001,0.9668065422359233,0.0014309549714208725,2.160409953961802e-05,public_state_tabular_independent_mc,0,0.23601727538157324,3.2538935999618843,True,accepted_empirical,0.1,1,3.767190718323961e-10,-0.006656094037968711,100,5.0,0.002980883975122673,empirical,0.0011718750000000002,empirical,0.0011718750000000002,0.022285864257812503,0.005478484813576658,0.005236370202344687,0.00034791071159297865,0.004322531682355443,0.003254109179245849
T-L,SA,mc_learned_baseline,False,43,74,259536,18944,18944,75776,131072,14800,129768,519072,262144,0.9890625000000002,0.9600000000000002,0.9672790254860295,0.00047248325010618153,2.5952808574533205e-06,public_state_tabular_independent_mc,0,0.2350113161217139,3.3192465999163687,True,accepted_empirical,0.05,2,3.534255933799536e-10,-0.0019138363650191919,100,5.0,0.0031549688611182966,empirical,0.0005859375000000001,empirical,0.0005859375,0.007286682128906251,0.0001709248579240857,0.0039013602603689135,0.0006685157179429682,0.0020318645248202784,0.002889571037978983
T-L,DA,mc_learned_baseline,False,43,1,2760,256,256,0,2048,200,1380,5520,262144,0.33867187499999996,0.38909999999999995,0.40933609041432706,0.09032209041432704,0.00518971896082678,public_state_tabular_independent_mc,0,0.585604845349881,0.011203199974261224,True,accepted_empirical,0.1,1,,,,,,,0.09486328125000001,empirical,0.016735350996045124,0.4135412025087122,0.17384849581629686,0.0072863136355793,,,
T-L,DA,mc_learned_baseline,False,43,2,5520,512,512,0,4096,400,2760,11040,262144,0.465234375,0.4041,0.4955559489111284,0.08621985849680136,0.004522904479948247,public_state_tabular_independent_mc,0,0.5405994948825582,0.02378419996239245,True,accepted_empirical,0.1,1,,,,,,,0.0648046875,empirical,0.017095435969129692,0.39462676693027166,0.18150273250806306,-0.0030587073994463587,,,
T-L,DA,mc_learned_baseline,False,43,3,8280,768,768,0,6144,600,4140,16560,262144,0.48070312499999995,0.5214,0.5752967151416416,0.07974076623051318,0.003896061235421907,public_state_tabular_independent_mc,0,0.49299770808812926,0.03586840000934899,True,accepted_empirical,0.1,1,,,,,,,0.06580078125,empirical,0.014703979294488247,0.39232868790536557,0.1571667770124621,0.03516369403789732,,,
T-L,DA,mc_learned_baseline,False,43,4,11040,1024,1024,0,8192,800,5520,22080,262144,0.59296875,0.7155,0.6471555076824753,0.07185879254083372,0.003324117931429857,public_state_tabular_independent_mc,0,0.4449103192246649,0.046484499936923385,True,accepted_empirical,0.1,1,,,,,,,0.05501953125,empirical,0.01402715576348858,0.35707710547605415,0.1502737693679616,-0.018477832620748424,,,
T-L,DA,mc_learned_baseline,False,43,5,13800,1280,1280,0,10240,1000,6900,27600,262144,0.6328125,0.7019999999999998,0.7105716968905661,0.06341618920809078,0.002814276744668077,public_state_tabular_independent_mc,0,0.39795644046223166,0.05883609992451966,True,accepted_empirical,0.1,1,,,,,,,0.04945312500000001,empirical,0.01266926838473983,0.3285993322624282,0.14214018395775713,-0.006221441600781974,,,
T-L,DA,mc_learned_baseline,False,43,6,16560,1536,1536,0,12288,1200,8280,33120,262144,0.7896093750000002,0.8201999999999999,0.7656177194132598,0.05504602252269375,0.0023679618124437863,public_state_tabular_independent_mc,0,0.35328143044205385,0.07772950001526624,True,accepted_empirical,0.1,1,,,,,,,0.06691406250000001,empirical,0.012696402886712992,0.21024581146240234,0.09562397874542918,-0.016137017945545784,,,
T-L,DA,mc_learned_baseline,False,43,7,19320,1792,1792,0,14336,1400,9660,38640,262144,0.7593750000000001,0.858,0.8127839725386946,0.047166253125434765,0.001982721459327454,public_state_tabular_independent_mc,0,0.3116206148074057,0.09111469995696098,True,accepted_empirical,0.1,1,,,,,,,0.041894531250000006,empirical,0.011789958117176683,0.23658034524722973,0.10459997421850595,-0.00034213522220460924,,,
T-L,DA,mc_learned_baseline,False,43,8,22080,2048,2048,0,16384,1600,11040,44160,262144,0.8861718750000003,0.8229,0.8527968217098587,0.0400128491711641,0.0016538022343473673,public_state_tabular_independent_mc,0,0.27338071810574954,0.10726199997588992,True,accepted_empirical,0.1,1,,,,,,,0.031875,empirical,0.010013368632476434,0.13469435046350564,0.05484545581206013,0.011822413590052872,,,
T-L,DA,mc_learned_baseline,False,43,9,24840,2304,2304,0,18432,1800,12420,49680,262144,0.8163281250000001,0.8733,0.8864832606662361,0.03368643895637735,0.0013753178026472191,public_state_tabular_independent_mc,0,0.2387209419225687,0.1242604999570176,True,accepted_empirical,0.1,1,,,,,,,0.030000000000000006,empirical,0.008896806263640865,0.2032660080228159,0.08904211135306322,-0.006775824268094199,,,
T-L,DA,mc_learned_baseline,False,43,10,27600,2560,2560,0,20480,2000,13800,55200,262144,0.9175781250000001,0.8784000000000001,0.9146801923759249,0.028196931709688844,0.0011410552417214896,public_state_tabular_independent_mc,0,0.20762411920280643,0.1342138999607414,True,accepted_empirical,0.1,1,,,,,,,0.03615234375000001,empirical,0.009897175018367184,0.09785894121500656,0.04242109171729926,-0.00987966334453283,,,
T-L,DA,mc_learned_baseline,False,43,11,30360,2816,2816,0,22528,2200,15180,60720,262144,0.9464062500000001,0.9645,0.9381797812613758,0.023499588885450895,0.0009449669718810068,public_state_tabular_independent_mc,0,0.17995458909485612,0.14645020000170916,True,accepted_empirical,0.1,1,,,,,,,0.030410156250000004,empirical,0.008524987613760861,0.09306095844936858,0.04122920794324364,-0.0014220325008529322,,,
T-L,DA,mc_learned_baseline,False,43,12,33120,3072,3072,0,24576,2400,16560,66240,262144,0.9625781250000003,0.9471,0.9577009958923738,0.019521214630997985,0.0007814673351173482,public_state_tabular_independent_mc,0,0.15550252597854933,0.1575040000025183,True,accepted_empirical,0.1,1,,,,,,,0.013242187500000004,empirical,0.005843435542032123,0.08599714254677342,0.03682144112738786,-0.00950743679021726,,,
T-L,DA,mc_learned_baseline,False,43,13,35880,3328,3328,0,26624,2600,17940,71760,262144,0.9764062500000004,0.9704999999999999,0.9738778528355923,0.016176856943218465,0.0006455299749054276,public_state_tabular_independent_mc,0,0.13401699819898527,0.1708696000277996,True,accepted_empirical,0.1,1,,,,,,,0.019511718750000004,empirical,0.0064276899565806215,0.07091597578820744,0.031660935713173396,-0.004451800225836244,,,
T-L,DA,mc_learned_baseline,False,43,14,38640,3584,3584,0,28672,2800,19320,77280,262144,0.9424218750000003,1.0113,0.9872591114060708,0.01338125857047856,0.0005327788824444774,public_state_tabular_independent_mc,0,0.11522883781010472,0.18199069995898753,True,accepted_empirical,0.1,1,,,,,,,0.013242187500000002,empirical,0.004795146859639286,0.12427079029786314,0.054348190725210535,-0.000980907285587973,,,
T-L,DA,mc_learned_baseline,False,43,15,41400,3840,3840,0,30720,3000,20700,82800,262144,0.9902343750000002,1.0059,0.9977674071925767,0.010508295786505917,0.00042553166588903113,public_state_tabular_independent_mc,0,0.09927464012492063,0.19391749997157604,True,accepted_empirical,0.1,1,,,,,,,0.0035156250000000005,empirical,0.001428208874347832,0.0594494357638889,0.026584826374297696,0.007567450501793305,,,
T-L,DA,mc_learned_baseline,False,43,16,44160,4096,4096,0,32768,3200,22080,88320,262144,1.0155468750000003,0.9972,1.0066073232369008,0.008839916044324103,0.00035269697399643624,public_state_tabular_independent_mc,0,0.0853009478694478,0.20469719998072833,True,accepted_empirical,0.1,1,,,,,,,0.004628906250000001,empirical,0.003787791417793979,0.036026828029994455,0.015798514903704403,0.014645940867779372,,,
T-L,DA,mc_learned_baseline,False,43,17,46920,4352,4352,0,34816,3400,23460,93840,262144,0.9761718750000002,1.0086000000000002,1.01401423624245,0.007406913005549187,0.0002919405139384896,public_state_tabular_independent_mc,0,0.07312068352535353,0.2156219999305904,True,accepted_empirical,0.1,1,,,,,,,0.011484375000000002,empirical,0.004972893083318815,0.061437962165062435,0.026626122243903913,0.003508679345370025,,,
T-L,DA,mc_learned_baseline,False,43,18,49680,4608,4608,0,36864,3600,24840,99360,262144,1.0040625000000003,1.0257000000000003,1.0202000865842664,0.006185850341816401,0.00024137890426568384,public_state_tabular_independent_mc,0,0.06254780722234142,0.2276278999634087,True,accepted_empirical,0.1,1,,,,,,,0.017167968750000002,empirical,0.006278492282038302,0.0473683928680874,0.020916052349017833,0.010912859664364949,,,
T-L,DA,mc_learned_baseline,False,43,19,52440,4864,4864,0,38912,3800,26220,104880,262144,1.02234375,1.0146000000000002,1.02560719484532,0.005407108261053617,0.00020591097722432312,public_state_tabular_independent_mc,0,0.05321264349128865,0.24011599994264543,True,accepted_empirical,0.1,1,,,,,,,0.006328125,empirical,0.0033790433369176925,0.025819891382031203,0.011204638911905864,-0.025815991206755706,,,
T-L,DA,mc_learned_baseline,False,43,20,55200,5120,5120,0,40960,4000,27600,110400,262144,1.0202343750000002,1.0323,1.0298441835773127,0.00423698873199263,0.00016457887282595,public_state_tabular_independent_mc,0,0.045361648203890235,0.2523125000298023,True,accepted_empirical,0.1,1,,,,,,,0.00861328125,empirical,0.0043893545218639425,0.035775894897460934,0.0164054088706613,0.01791499251085915,,,
T-L,DA,mc_learned_baseline,False,43,21,57960,5376,5376,0,43008,4200,28980,115920,262144,1.0429687500000004,1.0320000000000003,1.033358513788078,0.003514330210765415,0.0001357453570861813,public_state_tabular_independent_mc,0,0.038610504462360425,0.270659799920395,True,accepted_empirical,0.1,1,,,,,,,0.0034570312500000005,empirical,0.002428324479907747,0.0015119257716967364,0.0003873400424995354,0.30512780241669346,,,
T-L,DA,mc_learned_baseline,False,43,22,60720,5632,5632,0,45056,4400,30360,121440,262144,1.0453125000000003,1.0236,1.036268914419536,0.0029104006314579767,0.00011189714493420791,public_state_tabular_independent_mc,0,0.03281943858953466,0.28502409998327494,True,accepted_empirical,0.1,1,,,,,,,0.0028710937500000004,empirical,0.0023579697406467494,0.000766808936150829,7.277228309000416e-05,0.42292391321238376,,,
T-L,DA,mc_learned_baseline,False,43,23,63480,5888,5888,0,47104,4600,31740,126960,262144,1.0385156250000003,1.05,1.038677320254909,0.002408405835373051,9.224711285607689e-05,public_state_tabular_independent_mc,0,0.02786131417268739,0.2976185999577865,True,accepted_empirical,0.1,1,,,,,,,0.0028710937500000004,empirical,0.00235796974064675,0.012182464383343077,0.0053332188252783,0.046390522757772557,,,
T-L,DA,mc_learned_baseline,False,43,24,66240,6144,6144,0,49152,4800,33120,132480,262144,1.0453125000000003,1.05,1.040445021014249,0.001767700759339963,8.671115756265517e-05,public_state_tabular_independent_mc,1,0.02378694389119912,0.3095966000109911,True,accepted_empirical,0.1,1,,,,,,,0.0,empirical,0.0,0.0009878632068634006,0.00024016843202450048,0.41324142880982995,,,
T-L,DA,mc_learned_baseline,False,43,25,69000,6400,6400,0,51200,5000,34500,138000,262144,1.0453125000000003,1.05,1.0418738207705074,0.0014287997562583143,7.46338293315737e-05,public_state_tabular_independent_mc,1,0.02031091763168523,0.31988939992152154,True,accepted_empirical,0.1,1,,,,,,,0.0005859375000000001,empirical,0.0005859375,0.0009878632068634004,0.0003366645249928575,0.41324142880982984,,,
T-L,DA,mc_learned_baseline,False,43,26,75856,6656,6656,0,57344,5200,37928,151712,262144,1.0408593750000001,1.05,1.0418478637956026,-2.5956974904817187e-05,1.9819629188089213e-06,public_state_tabular_independent_mc,0,0.020672849624109195,0.3346376999979839,True,accepted_empirical,0.01,3,,,,,,,0.0,empirical,0.0,0.011930151367187504,0.005369191296387899,0.05180078367352947,,,
T-L,DA,mc_learned_baseline,False,43,27,78616,6912,6912,0,59392,5400,39308,157232,262144,1.0476562500000002,1.05,1.0429953604132518,0.0011474966176492352,6.613392659136834e-05,public_state_tabular_independent_mc,1,0.01765798571261997,0.34896740003023297,True,accepted_empirical,0.1,1,,,,,,,0.0,empirical,0.0,0.0006806320428848231,0.0003610425013012064,0.6118353629140024,,,
T-L,DA,mc_learned_baseline,False,43,28,81376,7168,7168,0,61440,5600,40688,162752,262144,1.0317187500000002,1.0470000000000002,1.0437462575470535,0.0007508971338017201,1.5370745635206597e-05,public_state_tabular_independent_mc,1,0.016683632692615444,0.3614378999918699,True,accepted_empirical,0.1,1,,,,,,,0.0,empirical,0.0,0.02352425537109375,0.010652521534303343,0.027966234420644498,,,
T-L,DA,mc_learned_baseline,False,43,29,84136,7424,7424,0,63488,5800,42068,168272,262144,1.0263281250000003,1.05,1.044986092196716,0.0012398346496624857,4.425613723460738e-05,public_state_tabular_independent_mc,0,0.014018327610979606,0.3733573999488726,True,accepted_empirical,0.1,1,,,,,,,0.0,empirical,0.0,0.02941015624999999,0.010427137642736652,0.01904296145650719,,,
T-L,DA,mc_learned_baseline,False,43,30,86896,7680,7680,0,65536,6000,43448,173792,262144,1.0476562500000002,1.05,1.0453629223666168,0.0003768301699007548,2.2997485366624015e-05,public_state_tabular_independent_mc,0,0.012536685630996039,0.387709999922663,True,accepted_empirical,0.1,1,,,,,,,0.0005859375000000001,empirical,0.0005859375,0.0003488159179687499,0.00017395681048130285,0.619443982020976,,,
T-L,DA,mc_learned_baseline,False,43,31,89656,7936,7936,0,67584,6200,44828,179312,262144,1.0476562500000002,1.044,1.0456732505604505,0.0003103281938336977,1.892166282616913e-05,public_state_tabular_independent_mc,0,0.011280770818443794,0.40004490001592785,True,accepted_empirical,0.1,1,,,,,,,0.0,empirical,0.0,0.0003488159179687499,0.0001745130131216375,0.6194439820209761,,,
T-L,DA,mc_learned_baseline,False,43,32,92416,8192,8192,0,69632,6400,46208,184832,262144,1.0476562500000002,1.05,1.0459924973965131,0.0003192468360626588,1.7266303277347304e-05,public_state_tabular_independent_mc,0,0.010178844129852318,0.41738539992365986,True,accepted_empirical,0.1,1,,,,,,,0.0,empirical,0.0,0.0069921539306640615,0.0052535955063217725,-6.526833694023634,,,
T-L,DA,mc_learned_baseline,False,43,33,95176,8448,8448,0,71680,6600,47588,190352,262144,1.0476562500000002,1.05,1.0460834014681952,9.090407168210746e-05,1.7880877870463983e-05,public_state_tabular_independent_mc,1,0.0093489411341498,0.42755629995372146,True,accepted_empirical,0.1,1,,,,,,,0.0,empirical,0.0,0.00035400390625000064,0.00014893971335687987,0.6155422840019977,,,
T-L,DA,mc_learned_baseline,False,43,34,97936,8704,8704,0,73728,6800,48968,195872,262144,1.0453125000000003,1.0236,1.0461527731778775,6.937170968224216e-05,1.5783537417553033e-05,public_state_tabular_independent_mc,1,0.008641386542592793,0.44163110002409667,True,accepted_empirical,0.1,1,,,,,,,0.0005859375000000001,empirical,0.0005859375,0.0007080078125000013,0.0005486428246597801,0.4180063291139243,,,
T-L,DA,mc_learned_baseline,False,43,35,100696,8960,8960,0,75776,7000,50348,201392,262144,1.0500000000000003,1.05,1.046833086336373,0.0006803131584955935,1.9035463862187305e-05,public_state_tabular_independent_mc,1,0.007283395674029828,0.4537995000137016,True,accepted_empirical,0.1,1,,,,,,,0.0,empirical,0.0,9.335021972656141e-05,5.7598923711842014e-05,0.99958740234375,,,
T-L,DA,mc_learned_baseline,False,43,36,103456,9216,9216,0,77824,7200,51728,206912,262144,1.0500000000000003,1.05,1.046833086336371,-1.9984014443252818e-15,-7.806936429222371e-19,public_state_tabular_independent_mc,1,0.00728339567403796,0.46547049994114786,True,accepted_empirical,0.1,1,,,,,,,0.0,empirical,0.0,2.465190328815662e-32,3.792691923693296e-06,1.0,,,
T-L,DA,mc_learned_baseline,False,43,37,106216,9472,9472,0,79872,7400,53108,212432,262144,1.0500000000000003,1.05,1.0469734774690698,0.00014039113269870285,7.100098277060222e-06,public_state_tabular_independent_mc,0,0.006729349190528208,0.476853400003165,True,accepted_empirical,0.1,1,,,,,,,0.0,empirical,0.0,6.594543457030985e-05,6.062878560245701e-05,0.9472436523437522,,,
T-L,DA,mc_learned_baseline,False,43,38,108976,9728,9728,0,81920,7600,54488,217952,262144,1.0500000000000003,1.05,1.0469734774690684,-1.3322676295501878e-15,-4.458522915442582e-19,public_state_tabular_independent_mc,1,0.006729349190533789,0.48849959997460246,True,accepted_empirical,0.1,1,,,,,,,0.0,empirical,0.0,2.465190328815662e-32,3.691189311285074e-06,1.0,,,
T-L,DA,mc_learned_baseline,False,43,39,111736,9984,9984,0,83968,7800,55868,223472,262144,1.0500000000000003,1.05,1.046973477469067,-1.3322676295501878e-15,-4.458522930458965e-19,public_state_tabular_independent_mc,1,0.006729349190539371,0.50012229999993,True,accepted_empirical,0.1,1,,,,,,,0.0,empirical,0.0,2.465190328815662e-32,3.6911893112859433e-06,1.0,,,
T-L,DA,mc_learned_baseline,False,43,40,114496,10240,10240,0,86016,8000,57248,228992,262144,1.0408593750000001,1.0383000000000002,1.0473940142777127,0.0004205368086456218,8.600501467889742e-06,public_state_tabular_independent_mc,1,0.006134083557670438,0.5124752999981865,True,accepted_empirical,0.1,1,,,,,,,0.0,empirical,0.0,0.01185547790527344,0.00533396924509587,0.052026381113260856,,,
T-L,DA,mc_learned_baseline,False,43,41,117256,10496,10496,0,88064,8200,58628,234512,262144,1.0500000000000003,1.05,1.0473940142777114,-1.3322676295501878e-15,-4.458522952984058e-19,public_state_tabular_independent_mc,1,0.006134083557676019,0.5237560999812558,True,accepted_empirical,0.1,1,,,,,,,0.0,empirical,0.0,2.465190328815662e-32,2.56704520431299e-06,1.0,,,
T-L,DA,mc_learned_baseline,False,43,42,120016,10752,10752,0,90112,8400,60008,240032,262144,1.0500000000000003,1.0470000000000002,1.0478547901880166,0.00046077591030524445,1.286763297555061e-05,public_state_tabular_independent_mc,1,0.005164915927687252,0.5358288999414071,True,accepted_empirical,0.1,1,,,,,,,0.0,empirical,0.0,9.335021972656141e-05,6.791023665982766e-05,0.99958740234375,,,
T-L,DA,mc_learned_baseline,False,43,43,122776,11008,11008,0,92160,8600,61388,245552,262144,1.0408593750000001,1.0470000000000002,1.0478386890392022,-1.610114881445135e-05,3.688173510181194e-05,public_state_tabular_independent_mc,1,0.005933999303505015,0.5468972999369726,True,accepted_empirical,0.1,1,,,,,,,0.0,empirical,0.0,0.011948828125000005,0.005353923695883902,0.052005761336454404,,,
T-L,DA,mc_learned_baseline,False,43,44,125536,11264,11264,0,94208,8800,62768,251072,262144,1.0500000000000003,1.0266000000000002,1.0482206396727793,0.000381950633577155,1.224400352341742e-05,public_state_tabular_independent_mc,1,0.004994708066790424,0.5642754000145942,True,accepted_empirical,0.1,1,,,,,,,0.0,empirical,0.0,9.335021972656141e-05,7.21911562176556e-05,0.99958740234375,,,
T-L,DA,mc_learned_baseline,False,43,45,128296,11520,11520,0,96256,9000,64148,256592,262144,1.0500000000000003,1.05,1.048341823064753,0.00012118339197364492,6.045794645898988e-06,public_state_tabular_independent_mc,0,0.004508822044810566,0.5792912000324577,True,accepted_empirical,0.1,1,,,,,,,0.0,empirical,0.0,2.7465820312496886e-06,2.0963531539002158e-06,0.9978027343750002,,,
T-L,DA,mc_learned_baseline,False,43,46,131056,11776,11776,0,98304,9200,65528,262112,262144,1.0408593750000001,1.05,1.0482160364297006,-0.00012578663505236065,3.680653364065811e-05,public_state_tabular_independent_mc,1,0.005460934432924251,0.5930528999306262,True,accepted_empirical,0.1,1,,,,,,,0.0,empirical,0.0,0.011948828125000005,0.005353369395447723,0.052005761336454404,,,
T-L,DA,mc_learned_baseline,False,43,47,133816,12032,12032,0,100352,9400,66908,267632,262144,1.0500000000000003,1.05,1.048216036429698,-2.6645352591003757e-15,5.722849603496179e-17,public_state_tabular_independent_mc,1,0.0054609344329345465,0.6084345999406651,True,accepted_empirical,0.1,1,,,,,,,0.0,empirical,0.0,2.465190328815662e-32,8.895952093500044e-07,1.0,,,
T-L,DA,mc_learned_baseline,False,43,48,136576,12288,12288,0,102400,9600,68288,273152,262144,1.0500000000000003,1.0323000000000002,1.048216036429695,-2.886579864025407e-15,5.722849603089894e-17,public_state_tabular_independent_mc,1,0.005460934432944844,0.6241535999579355,True,accepted_empirical,0.1,1,,,,,,,0.0,empirical,0.0,2.465190328815662e-32,8.895952093523731e-07,1.0,,,
T-L,DA,mc_learned_baseline,False,43,49,139336,12544,12544,0,104448,9800,69668,278672,262144,1.0500000000000003,1.05,1.0482160364296924,-2.6645352591003757e-15,5.722849602683589e-17,public_state_tabular_independent_mc,1,0.005460934432955139,0.6362705000210553,True,accepted_empirical,0.1,1,,,,,,,0.0,empirical,0.0,2.465190328815662e-32,8.89595209354939e-07,1.0,,,
T-L,DA,mc_learned_baseline,False,43,50,142096,12800,12800,0,106496,10000,71048,284192,262144,1.0500000000000003,1.05,1.048531124304573,0.00031508787488054857,1.113596161804047e-05,public_state_tabular_independent_mc,1,0.004595578725551412,0.6468380999285728,True,accepted_empirical,0.1,1,,,,,,,0.0,empirical,0.0,9.335021972656141e-05,7.601423426613886e-05,0.99958740234375,,,
T-L,DA,mc_learned_baseline,False,43,51,144856,13056,13056,0,108544,10200,72428,289712,262144,1.0408593750000001,1.0383000000000002,1.048252926142904,-0.00027819816166885225,4.4814939446196747e-05,public_state_tabular_independent_mc,1,0.0059394561809128785,0.6583534999517724,True,accepted_empirical,0.1,1,,,,,,,0.0,empirical,0.0,0.011948828125000005,0.005354558520950011,0.05200576133645418,,,
T-L,DA,mc_learned_baseline,False,43,52,147616,13312,13312,0,110592,10400,73808,295232,262144,1.0500000000000003,1.05,1.0485614917134953,0.0003085655705912238,1.235303411750652e-05,public_state_tabular_independent_mc,0,0.004999840026316569,0.6699372000293806,True,accepted_empirical,0.1,1,,,,,,,0.0,empirical,0.0,0.00011833553935051878,9.921629200109256e-05,0.9993768441101337,,,
T-L,DA,mc_learned_baseline,False,43,53,150376,13568,13568,0,112640,10600,75188,300752,262144,1.0500000000000003,1.05,1.0487273042511382,0.0001658125376429176,8.336890660369768e-06,public_state_tabular_independent_mc,0,0.004360515516282682,0.6812700999435037,True,accepted_empirical,0.1,1,,,,,,,0.0,empirical,0.0,1.0986328124998754e-05,7.17917026779729e-06,0.991210937500001,,,
T-L,DA,mc_learned_baseline,False,43,54,153136,13824,13824,0,114688,10800,76568,306272,262144,1.0500000000000003,1.05,1.0487273042511362,-1.9984014443252818e-15,5.763864533171726e-17,public_state_tabular_independent_mc,1,0.004360515516290434,0.6914853999624029,True,accepted_empirical,0.1,1,,,,,,,0.0,empirical,0.0,2.465190328815662e-32,4.5294402550228415e-07,1.0,,,
T-L,DA,mc_learned_baseline,False,43,55,155896,14080,14080,0,116736,11000,77948,311792,262144,1.0500000000000003,1.05,1.0487273042511343,-1.9984014443252818e-15,5.763864532916405e-17,public_state_tabular_independent_mc,1,0.004360515516298186,0.7024750999407843,True,accepted_empirical,0.1,1,,,,,,,0.0,empirical,0.0,2.465190328815662e-32,4.5294402550382946e-07,1.0,,,
T-L,DA,mc_learned_baseline,False,43,56,158656,14336,14336,0,118784,11200,79328,317312,262144,1.0476562500000002,1.05,1.048773585597627,4.628134649276028e-05,1.1074757666274798e-05,public_state_tabular_independent_mc,1,0.003859738350824746,0.7134867999702692,True,accepted_empirical,0.1,1,,,,,,,0.0,empirical,0.0,0.00035400390625000064,0.0004999272521571878,0.6155422840019975,,,
T-L,DA,mc_learned_baseline,False,43,57,161416,14592,14592,0,120832,11400,80708,322832,262144,1.0500000000000003,1.05,1.0487735855976255,-1.5543122344752192e-15,-4.295999904066044e-19,public_state_tabular_independent_mc,1,0.003859738350830447,0.724367699935101,True,accepted_empirical,0.1,1,,,,,,,0.0,empirical,0.0,2.465190328815662e-32,4.182258301445148e-07,1.0,,,
T-L,DA,mc_learned_baseline,False,43,58,164176,14848,14848,0,122880,11600,82088,328352,262144,1.0500000000000003,1.0383000000000002,1.048773585597624,-1.5543122344752192e-15,-4.2959999195308318e-19,public_state_tabular_independent_mc,1,0.0038597383508361467,0.7359959000023082,True,accepted_empirical,0.1,1,,,,,,,0.0,empirical,0.0,2.465190328815662e-32,4.1822583014564485e-07,1.0,,,
T-L,DA,mc_learned_baseline,False,43,59,166936,15104,15104,0,124928,11800,83468,333872,262144,1.0500000000000003,1.0470000000000002,1.0487735855976221,-1.7763568394002505e-15,-4.2959999349966573e-19,public_state_tabular_independent_mc,1,0.003859738350841847,0.7481549999210984,True,accepted_empirical,0.1,1,,,,,,,0.0,empirical,0.0,2.465190328815662e-32,4.18225830146775e-07,1.0,,,
T-L,DA,mc_learned_baseline,False,43,60,169696,15360,15360,0,126976,12000,84848,339392,262144,1.0500000000000003,1.0383000000000002,1.0487735855976206,-1.5543122344752192e-15,-4.295999950461445e-19,public_state_tabular_independent_mc,1,0.0038597383508475473,0.7599001999478787,True,accepted_empirical,0.1,1,,,,,,,0.0,empirical,0.0,2.465190328815662e-32,4.182258301480663e-07,1.0,,,
T-L,DA,mc_learned_baseline,False,43,61,172456,15616,15616,0,129024,12200,86228,344912,262144,1.0476562500000002,1.05,1.0488160806688094,4.249507118880835e-05,9.624568913992033e-06,public_state_tabular_independent_mc,1,0.0034295967645957878,0.7708701000083238,True,accepted_empirical,0.1,1,,,,,,,0.0,empirical,0.0,0.00035400390625000064,0.00086314693347503,0.6155422840019977,,,
T-L,DA,mc_learned_baseline,False,43,62,175216,15872,15872,0,131072,12400,87608,350432,262144,1.0500000000000003,1.05,1.048816080668808,-1.3322676295501878e-15,-2.307903350506383e-19,public_state_tabular_independent_mc,1,0.0034295967645997403,0.7848681999603286,True,accepted_empirical,0.1,1,,,,,,,0.0,empirical,0.0,2.465190328815662e-32,3.8823420920544525e-07,1.0,,,
T-L,DA,mc_learned_baseline,False,43,63,177976,16128,16128,0,133120,12600,88988,355952,262144,1.0500000000000003,1.05,1.0490248066656498,0.00020872599684174098,6.421451381704056e-06,public_state_tabular_independent_mc,1,0.0028823125468457824,0.7989618999417871,True,accepted_empirical,0.1,1,,,,,,,0.0005859375000000001,empirical,0.0005859375,9.335021972656141e-05,8.184592953466873e-05,0.99958740234375,,,
T-L,DA,mc_learned_baseline,False,43,64,180736,16384,16384,0,135168,12800,90368,361472,262144,1.0500000000000003,1.05,1.0491244346743323,9.962800868246191e-05,3.827004751979174e-06,public_state_tabular_independent_mc,0,0.002549279258107277,0.813771800021641,True,accepted_empirical,0.1,1,,,,,,,0.0,empirical,0.0,6.594543457030985e-05,5.973596447015553e-05,0.9472436523437522,,,
T-L,DA,mc_learned_baseline,False,43,65,183496,16640,16640,0,137216,13000,91748,366992,262144,1.0500000000000003,1.05,1.0491244346743316,-6.661338147750939e-16,-6.915250742711524e-20,public_state_tabular_independent_mc,1,0.0025492792581093444,0.8295566999586299,True,accepted_empirical,0.1,1,,,,,,,0.0,empirical,0.0,2.465190328815662e-32,2.1220745432644718e-07,1.0,,,
T-L,DA,mc_learned_baseline,False,43,66,186256,16896,16896,0,139264,13200,93128,372512,262144,1.0500000000000003,1.05,1.049124434674331,-6.661338147750939e-16,-6.915250773531594e-20,public_state_tabular_independent_mc,1,0.0025492792581114114,0.861870100023225,True,accepted_empirical,0.1,1,,,,,,,0.0,empirical,0.0,2.465190328815662e-32,2.1220745432675635e-07,1.0,,,
T-L,DA,mc_learned_baseline,False,43,67,189016,17152,17152,0,141312,13400,94508,378032,262144,1.0500000000000003,1.05,1.0492784977769778,0.00015406310264687306,4.5930406751077826e-06,public_state_tabular_independent_mc,1,0.002141843824136724,0.8982889000326395,True,accepted_empirical,0.1,1,,,,,,,0.0,empirical,0.0,9.335021972656141e-05,8.467676784145032e-05,0.99958740234375,,,
T-L,DA,mc_learned_baseline,False,43,68,191776,17408,17408,0,143360,13600,95888,383552,262144,1.0500000000000003,1.0470000000000002,1.0492784977769776,-2.220446049250313e-16,-3.392354388771836e-20,public_state_tabular_independent_mc,1,0.0021418438241377806,0.9130111000267789,True,accepted_empirical,0.1,1,,,,,,,0.0,empirical,0.0,2.465190328815662e-32,1.4410470441591106e-07,1.0,,,
T-L,DA,mc_learned_baseline,False,43,69,194536,17664,17664,0,145408,13800,97268,389072,262144,1.0408593750000001,1.05,1.0491250647694885,-0.00015343300748904554,1.8032276782626752e-05,public_state_tabular_independent_mc,1,0.0027516011412139878,0.9305551999714226,True,accepted_empirical,0.1,1,,,,,,,0.0,empirical,0.0,0.011948828125000005,0.005350903064177049,0.05200576133645418,,,
T-L,DA,mc_learned_baseline,False,43,70,197296,17920,17920,0,147456,14000,98648,394592,262144,1.0500000000000003,1.05,1.0491250647694874,-1.1102230246251565e-15,-1.4085774079314583e-19,public_state_tabular_independent_mc,1,0.002751601141217001,0.9415340999839827,True,accepted_empirical,0.1,1,,,,,,,0.0,empirical,0.0,2.465190328815662e-32,2.255975468872985e-07,1.0,,,
T-L,DA,mc_learned_baseline,False,43,71,200056,18176,18176,0,149504,14200,100028,400112,262144,1.0500000000000003,1.05,1.0491250647694865,-8.881784197001252e-16,-1.4085774133325605e-19,public_state_tabular_independent_mc,1,0.002751601141220015,0.9526165999704972,True,accepted_empirical,0.1,1,,,,,,,0.0,empirical,0.0,2.465190328815662e-32,2.2559754688796004e-07,1.0,,,
T-L,DA,mc_learned_baseline,False,43,72,202816,18432,18432,0,151552,14400,101408,405632,262144,1.0385156250000003,1.05,1.0492715449433356,0.00014648017384910617,5.343025230688484e-06,public_state_tabular_independent_mc,1,0.002384735949228336,0.9633143999380991,True,accepted_empirical,0.1,1,,,,,,,0.0,empirical,0.0,0.015298925781250004,0.0032041950634922856,0.02175456995313929,,,
T-L,DA,mc_learned_baseline,False,43,73,205576,18688,18688,0,153600,14600,102788,411152,262144,1.0500000000000003,1.05,1.0492715449433352,-4.440892098500626e-16,-9.157410562367156e-20,public_state_tabular_independent_mc,1,0.002384735949230371,0.9797518999548629,True,accepted_empirical,0.1,1,,,,,,,0.0,empirical,0.0,2.465190328815662e-32,1.490458042915995e-07,1.0,,,
T-L,DA,mc_learned_baseline,False,43,74,208336,18944,18944,0,155648,14800,104168,416672,262144,1.0500000000000003,1.05,1.0492715449433345,-6.661338147750939e-16,-9.157410591549819e-20,public_state_tabular_independent_mc,1,0.002384735949232407,0.9937615999951959,True,accepted_empirical,0.1,1,,,,,,,0.0,empirical,0.0,2.465190328815662e-32,1.490458042917991e-07,1.0,,,
T-L,DA,mc_learned_baseline,False,43,75,211096,19200,19200,0,157696,15000,105548,422192,262144,1.0500000000000003,1.05,1.049271544943334,-4.440892098500626e-16,-9.157410620737672e-20,public_state_tabular_independent_mc,1,0.0023847359492344417,1.007960999966599,True,accepted_empirical,0.1,1,,,,,,,0.0,empirical,0.0,2.465190328815662e-32,1.4904580429209839e-07,1.0,,,
T-L,DA,mc_learned_baseline,False,43,76,213856,19456,19456,0,159744,15200,106928,427712,262144,1.0500000000000003,1.05,1.0492715449433334,-6.661338147750939e-16,-9.157410649920335e-20,public_state_tabular_independent_mc,1,0.002384735949236477,1.022740799933672,True,accepted_empirical,0.1,1,,,,,,,0.0,empirical,0.0,2.465190328815662e-32,1.49045804292298e-07,1.0,,,
T-L,DA,mc_learned_baseline,False,43,77,216616,19712,19712,0,161792,15400,108308,433232,262144,1.0500000000000003,1.05,1.049271544943333,-4.440892098500626e-16,-9.157410679108189e-20,public_state_tabular_independent_mc,1,0.0023847359492385123,1.0354601999279112,True,accepted_empirical,0.1,1,,,,,,,0.0,empirical,0.0,2.465190328815662e-32,1.490458042925973e-07,1.0,,,
T-L,DA,mc_learned_baseline,False,43,78,219376,19968,19968,0,163840,15600,109688,438752,262144,1.0500000000000003,1.05,1.0492715449433323,-6.661338147750939e-16,-9.157410708290853e-20,public_state_tabular_independent_mc,1,0.0023847359492405475,1.046447900007479,True,accepted_empirical,0.1,1,,,,,,,0.0,empirical,0.0,2.465190328815662e-32,1.490458042927969e-07,1.0,,,
T-L,DA,mc_learned_baseline,False,43,79,222136,20224,20224,0,165888,15800,111068,444272,262144,1.0500000000000003,1.05,1.0492715449433316,-6.661338147750939e-16,-9.157410737478707e-20,public_state_tabular_independent_mc,1,0.002384735949242583,1.060653300024569,True,accepted_empirical,0.1,1,,,,,,,0.0,empirical,0.0,2.465190328815662e-32,1.490458042930962e-07,1.0,,,
T-L,DA,mc_learned_baseline,False,43,80,224896,20480,20480,0,167936,16000,112448,449792,262144,1.0476562500000002,1.05,1.049298324262986,2.6779319654446354e-05,5.760356956752996e-06,public_state_tabular_independent_mc,1,0.0021119745648326815,1.0733975999755785,True,accepted_empirical,0.1,1,,,,,,,0.0,empirical,0.0,0.00035400390625000064,0.0010349428814454508,0.6155422840019976,,,
T-L,DA,mc_learned_baseline,False,43,81,227656,20736,20736,0,169984,16200,113828,455312,262144,1.0500000000000003,1.05,1.0492983242629854,-6.661338147750939e-16,5.836030032023587e-17,public_state_tabular_independent_mc,1,0.0021119745648342644,1.0836528999498114,True,accepted_empirical,0.1,1,,,,,,,0.0,empirical,0.0,2.465190328815662e-32,1.3737059745489202e-07,1.0,,,
T-L,DA,mc_learned_baseline,False,43,82,230416,20992,20992,0,172032,16400,115208,460832,262144,1.0500000000000003,1.05,1.0492983242629852,-2.220446049250313e-16,5.836030032003628e-17,public_state_tabular_independent_mc,1,0.0021119745648358478,1.1003517999779433,True,accepted_empirical,0.1,1,,,,,,,0.0,empirical,0.0,2.465190328815662e-32,1.3737059745517355e-07,1.0,,,
T-L,DA,mc_learned_baseline,False,43,83,233176,21248,21248,0,174080,16600,116588,466352,262144,1.0500000000000003,1.05,1.0493729194300503,7.459516706509461e-05,2.727582241993065e-06,public_state_tabular_independent_mc,0,0.0018638209900050065,1.1111153999809176,True,accepted_empirical,0.1,1,,,,,,,0.0,empirical,0.0,6.594543457030985e-05,6.122963678895716e-05,0.9472436523437522,,,
T-L,DA,mc_learned_baseline,False,43,84,235936,21504,21504,0,176128,16800,117968,471872,262144,1.0500000000000003,1.05,1.0494830019878445,0.00011008255779421106,3.217436240530594e-06,public_state_tabular_independent_mc,0,0.0015653422235963222,1.1265604000072926,True,accepted_empirical,0.1,1,,,,,,,0.0,empirical,0.0,0.00011833553935051878,0.0001112734625735958,0.9993768441101337,,,
T-L,DA,mc_learned_baseline,False,43,85,238696,21760,21760,0,178176,17000,119348,477392,262144,1.0500000000000003,1.05,1.0494830019878445,0.0,5.840505546361618e-17,public_state_tabular_independent_mc,1,0.0015653422235968727,1.140140000032261,True,accepted_empirical,0.1,1,,,,,,,0.0,empirical,0.0,2.465190328815662e-32,7.383732954712096e-08,1.0,,,
T-L,DA,mc_learned_baseline,False,43,86,241456,22016,22016,0,180224,17200,120728,482912,262144,1.0500000000000003,1.05,1.0494830019878443,-2.220446049250313e-16,5.840505546358348e-17,public_state_tabular_independent_mc,1,0.001565342223597423,1.1551538999192417,True,accepted_empirical,0.1,1,,,,,,,0.0,empirical,0.0,2.465190328815662e-32,7.383732954712096e-08,1.0,,,
T-L,DA,mc_learned_baseline,False,43,87,244216,22272,22272,0,182272,17400,122108,488432,262144,1.0385156250000003,1.05,1.0495537641997608,7.076221191648635e-05,2.5029061307250875e-06,public_state_tabular_independent_mc,1,0.0013816503691411934,1.1756506999954581,True,accepted_empirical,0.1,1,,,,,,,0.0,empirical,0.0,0.015298925781250004,0.0031406593632783537,0.02175456995313907,,,
T-L,DA,mc_learned_baseline,False,43,88,246976,22528,22528,0,184320,17600,123488,493952,262144,1.0500000000000003,1.05,1.0495537641997605,-2.220446049250313e-16,5.841548605453271e-17,public_state_tabular_independent_mc,1,0.0013816503691417505,1.1941903999540955,True,accepted_empirical,0.1,1,,,,,,,0.0,empirical,0.0,2.465190328815662e-32,5.6056853437915564e-08,1.0,,,
T-L,DA,mc_learned_baseline,False,43,89,249736,22784,22784,0,186368,17800,124868,499472,262144,1.0500000000000003,1.05,1.0495537641997603,-2.220446049250313e-16,5.841548605449295e-17,public_state_tabular_independent_mc,1,0.0013816503691423073,1.2128837999189273,True,accepted_empirical,0.1,1,,,,,,,0.0,empirical,0.0,2.465190328815662e-32,5.60568534379635e-08,1.0,,,
T-L,DA,mc_learned_baseline,False,43,90,252496,23040,23040,0,188416,18000,126248,504992,262144,1.0500000000000003,1.05,1.04955376419976,-2.220446049250313e-16,5.84154860544532e-17,public_state_tabular_independent_mc,1,0.0013816503691428642,1.226810700027272,True,accepted_empirical,0.1,1,,,,,,,0.0,empirical,0.0,2.465190328815662e-32,5.605685343801144e-08,1.0,,,
T-L,DA,mc_learned_baseline,False,43,91,255256,23296,23296,0,190464,18200,127628,510512,262144,1.0500000000000003,1.05,1.04955376419976,0.0,5.841548605441345e-17,public_state_tabular_independent_mc,1,0.0013816503691434212,1.24479040002916,True,accepted_empirical,0.1,1,,,,,,,0.0,empirical,0.0,2.465190328815662e-32,5.605685343805938e-08,1.0,,,
T-L,DA,mc_learned_baseline,False,43,92,258016,23552,23552,0,192512,18400,129008,516032,262144,1.0500000000000003,1.05,1.0495537641997599,-2.220446049250313e-16,5.84154860543737e-17,public_state_tabular_independent_mc,1,0.0013816503691439783,1.260482499958016,True,accepted_empirical,0.1,1,,,,,,,0.0,empirical,0.0,2.465190328815662e-32,5.605685343805938e-08,1.0,,,
T-L,DA,mc_learned_baseline,False,43,93,260776,23808,23808,0,194560,18600,130388,521552,262144,1.0500000000000003,1.05,1.0495537641997597,-2.220446049250313e-16,5.841548605433393e-17,public_state_tabular_independent_mc,1,0.0013816503691445351,1.277466299943626,True,accepted_empirical,0.1,1,,,,,,,0.0,empirical,0.0,2.465190328815662e-32,5.605685343810731e-08,1.0,,,
