actor_id,p0,p1,sample_size,seed,label,method,dataset_sha256,q0,q1,training_loss,updates,amplitude_fraction,direction_error,score
0,0.5,0.5,128,1000,exact_advantage,analytic,03aecfef386997a282f71b69b936ca290d68cf168c0ba111a00841de1611147d,-0.24130420176792963,0.37159607903685954,-0.09144912386454043,256,0.37159607903685954,0.0030740216635924003,0.0569259783364076
0,0.5,0.5,128,1000,exact_advantage,sampled,03aecfef386997a282f71b69b936ca290d68cf168c0ba111a00841de1611147d,-0.24130420176792963,0.37159607903685954,-0.09144912386454043,256,0.37159607903685954,0.0030740216635924003,0.0569259783364076
0,0.5,0.5,128,1000,return,analytic,03aecfef386997a282f71b69b936ca290d68cf168c0ba111a00841de1611147d,-0.24130420176792963,0.37159607903685954,-0.09144912386454043,256,0.37159607903685954,0.0030740216635924003,0.0569259783364076
0,0.5,0.5,128,1000,return,sampled,03aecfef386997a282f71b69b936ca290d68cf168c0ba111a00841de1611147d,-0.24130420176792963,0.37159607903685954,-0.09144912386454043,256,0.37159607903685954,0.0030740216635924003,0.0569259783364076
0,0.5,0.5,128,1001,exact_advantage,analytic,79f750b6643cb81b989cd799cad68ded525611f1db02d7376a7a115bff805abf,-0.1849891707056689,0.267936312423252,-0.04963009938150681,256,0.267936312423252,0.0005464270220698509,0.05945357297793015
0,0.5,0.5,128,1001,exact_advantage,sampled,79f750b6643cb81b989cd799cad68ded525611f1db02d7376a7a115bff805abf,-0.1849891707056689,0.267936312423252,-0.04963009938150681,256,0.267936312423252,0.0005464270220698509,0.05945357297793015
0,0.5,0.5,128,1001,return,analytic,79f750b6643cb81b989cd799cad68ded525611f1db02d7376a7a115bff805abf,-0.1849891707056689,0.267936312423252,-0.04963009938150681,256,0.267936312423252,0.0005464270220698509,0.05945357297793015
0,0.5,0.5,128,1001,return,sampled,79f750b6643cb81b989cd799cad68ded525611f1db02d7376a7a115bff805abf,-0.1849891707056689,0.267936312423252,-0.04963009938150681,256,0.267936312423252,0.0005464270220698509,0.05945357297793015
0,0.5,0.5,128,1002,exact_advantage,analytic,5dbd9ceca65c11c1430f10c22af26237b3ad6585eb8b03a26d91f047eb65c2bc,-0.14470881084871107,0.3288489771843888,-0.05449273270118542,256,0.3288489771843888,0.002167174752492322,0.05783282524750768
0,0.5,0.5,128,1002,exact_advantage,sampled,5dbd9ceca65c11c1430f10c22af26237b3ad6585eb8b03a26d91f047eb65c2bc,-0.14470881084871107,0.3288489771843888,-0.05449273270118542,256,0.3288489771843888,0.002167174752492322,0.05783282524750768
0,0.5,0.5,128,1002,return,analytic,5dbd9ceca65c11c1430f10c22af26237b3ad6585eb8b03a26d91f047eb65c2bc,-0.14470881084871107,0.3288489771843888,-0.05449273270118542,256,0.3288489771843888,0.002167174752492322,0.05783282524750768
0,0.5,0.5,128,1002,return,sampled,5dbd9ceca65c11c1430f10c22af26237b3ad6585eb8b03a26d91f047eb65c2bc,-0.14470881084871107,0.3288489771843888,-0.05449273270118542,256,0.3288489771843888,0.002167174752492322,0.05783282524750768
0,0.5,0.5,128,1003,exact_advantage,analytic,30d24769e93a9c67e33a4bcf0676f568b27cdb674120b26daba61dd155c0d358,-0.097311949683988,0.2419140918830765,-0.02882248755998305,256,0.2419140918830765,0.007676490495329359,0.052323509504670636
0,0.5,0.5,128,1003,exact_advantage,sampled,30d24769e93a9c67e33a4bcf0676f568b27cdb674120b26daba61dd155c0d358,-0.097311949683988,0.2419140918830765,-0.02882248755998305,256,0.2419140918830765,0.007676490495329359,0.052323509504670636
0,0.5,0.5,128,1003,return,analytic,30d24769e93a9c67e33a4bcf0676f568b27cdb674120b26daba61dd155c0d358,-0.097311949683988,0.2419140918830765,-0.02882248755998305,256,0.2419140918830765,0.007676490495329359,0.052323509504670636
0,0.5,0.5,128,1003,return,sampled,30d24769e93a9c67e33a4bcf0676f568b27cdb674120b26daba61dd155c0d358,-0.097311949683988,0.2419140918830765,-0.02882248755998305,256,0.2419140918830765,0.007676490495329359,0.052323509504670636
0,0.5,0.5,128,1004,exact_advantage,analytic,19ab38978037f4d65c8cd3b786c1c0b9b93b2a38337fbee621b050b333013030,-0.2347679289659365,0.3466671354607731,-0.08180156163755582,256,0.3466671354607731,0.0015964139435939028,0.058403586056406095
0,0.5,0.5,128,1004,exact_advantage,sampled,19ab38978037f4d65c8cd3b786c1c0b9b93b2a38337fbee621b050b333013030,-0.2347679289659365,0.3466671354607731,-0.08180156163755582,256,0.3466671354607731,0.0015964139435939028,0.058403586056406095
0,0.5,0.5,128,1004,return,analytic,19ab38978037f4d65c8cd3b786c1c0b9b93b2a38337fbee621b050b333013030,-0.2347679289659365,0.3466671354607731,-0.08180156163755582,256,0.3466671354607731,0.0015964139435939028,0.058403586056406095
0,0.5,0.5,128,1004,return,sampled,19ab38978037f4d65c8cd3b786c1c0b9b93b2a38337fbee621b050b333013030,-0.2347679289659365,0.3466671354607731,-0.08180156163755582,256,0.3466671354607731,0.0015964139435939028,0.058403586056406095
0,0.5,0.5,128,1005,exact_advantage,analytic,c04b32ce0efba55a36ee1c5c8cde2d2f99a71eba7026d2f49b5483fd00e324ea,-0.18929347816003841,0.27746070581755383,-0.052710882544977654,256,0.27746070581755383,0.00027198567884288526,0.05972801432115711
0,0.5,0.5,128,1005,exact_advantage,sampled,c04b32ce0efba55a36ee1c5c8cde2d2f99a71eba7026d2f49b5483fd00e324ea,-0.18929347816003841,0.27746070581755383,-0.052710882544977654,256,0.27746070581755383,0.00027198567884288526,0.05972801432115711
0,0.5,0.5,128,1005,return,analytic,c04b32ce0efba55a36ee1c5c8cde2d2f99a71eba7026d2f49b5483fd00e324ea,-0.18929347816003841,0.27746070581755383,-0.052710882544977654,256,0.27746070581755383,0.00027198567884288526,0.05972801432115711
0,0.5,0.5,128,1005,return,sampled,c04b32ce0efba55a36ee1c5c8cde2d2f99a71eba7026d2f49b5483fd00e324ea,-0.18929347816003841,0.27746070581755383,-0.052710882544977654,256,0.27746070581755383,0.00027198567884288526,0.05972801432115711
0,0.5,0.5,128,1006,exact_advantage,analytic,6291fc4618646c3f46b2b2ddeb8b39e2d37cd8fbcf03a3aff89ec0b083cf687a,-0.20665612166036784,0.21700152059699476,-0.04441026504436642,256,0.21700152059699476,0.0027820814066190037,0.057217918593381
0,0.5,0.5,128,1006,exact_advantage,sampled,6291fc4618646c3f46b2b2ddeb8b39e2d37cd8fbcf03a3aff89ec0b083cf687a,-0.20665612166036784,0.21700152059699476,-0.04441026504436642,256,0.21700152059699476,0.0027820814066190037,0.057217918593381
0,0.5,0.5,128,1006,return,analytic,6291fc4618646c3f46b2b2ddeb8b39e2d37cd8fbcf03a3aff89ec0b083cf687a,-0.20665612166036784,0.21700152059699476,-0.04441026504436642,256,0.21700152059699476,0.0027820814066190037,0.057217918593381
0,0.5,0.5,128,1006,return,sampled,6291fc4618646c3f46b2b2ddeb8b39e2d37cd8fbcf03a3aff89ec0b083cf687a,-0.20665612166036784,0.21700152059699476,-0.04441026504436642,256,0.21700152059699476,0.0027820814066190037,0.057217918593381
0,0.5,0.5,128,1007,exact_advantage,analytic,f9b5d3049c7f92e4c6ae4f506d4b083a84a38df0893bd482f1d30ef0bdc9c4ea,-0.10589582350910272,0.21483153343057584,-0.026090186261613035,256,0.21483153343057584,0.008214824698932815,0.05178517530106718
0,0.5,0.5,128,1007,exact_advantage,sampled,f9b5d3049c7f92e4c6ae4f506d4b083a84a38df0893bd482f1d30ef0bdc9c4ea,-0.10589582350910272,0.21483153343057584,-0.026090186261613035,256,0.21483153343057584,0.008214824698932815,0.05178517530106718
0,0.5,0.5,128,1007,return,analytic,f9b5d3049c7f92e4c6ae4f506d4b083a84a38df0893bd482f1d30ef0bdc9c4ea,-0.10589582350910272,0.21483153343057584,-0.026090186261613035,256,0.21483153343057584,0.008214824698932815,0.05178517530106718
0,0.5,0.5,128,1007,return,sampled,f9b5d3049c7f92e4c6ae4f506d4b083a84a38df0893bd482f1d30ef0bdc9c4ea,-0.10589582350910272,0.21483153343057584,-0.026090186261613035,256,0.21483153343057584,0.008214824698932815,0.05178517530106718
0,0.5,0.5,128,1008,exact_advantage,analytic,81b6cc4ce4d6587e9fb0c60c3d3d62b86325c3423b49479fac68b014b168c84e,-0.16349960412062534,0.27582932404391347,-0.045141772142630716,256,0.27582932404391347,0.0010330559700802986,0.0589669440299197
0,0.5,0.5,128,1008,exact_advantage,sampled,81b6cc4ce4d6587e9fb0c60c3d3d62b86325c3423b49479fac68b014b168c84e,-0.16349960412062534,0.27582932404391347,-0.045141772142630716,256,0.27582932404391347,0.0010330559700802986,0.0589669440299197
0,0.5,0.5,128,1008,return,analytic,81b6cc4ce4d6587e9fb0c60c3d3d62b86325c3423b49479fac68b014b168c84e,-0.16349960412062534,0.27582932404391347,-0.045141772142630716,256,0.27582932404391347,0.0010330559700802986,0.0589669440299197
0,0.5,0.5,128,1008,return,sampled,81b6cc4ce4d6587e9fb0c60c3d3d62b86325c3423b49479fac68b014b168c84e,-0.16349960412062534,0.27582932404391347,-0.045141772142630716,256,0.27582932404391347,0.0010330559700802986,0.0589669440299197
0,0.5,0.5,128,1009,exact_advantage,analytic,bc3609ccc4967dd8110e711becb8e09677aa8cb2e5ef04aaef9eb1a5fe88d60e,-0.1449493202128895,0.24255809165228337,-0.03689352096544997,256,0.24255809165228337,0.0031381755408647766,0.05686182445913522
0,0.5,0.5,128,1009,exact_advantage,sampled,bc3609ccc4967dd8110e711becb8e09677aa8cb2e5ef04aaef9eb1a5fe88d60e,-0.1449493202128895,0.24255809165228337,-0.03689352096544997,256,0.24255809165228337,0.0031381755408647766,0.05686182445913522
0,0.5,0.5,128,1009,return,analytic,bc3609ccc4967dd8110e711becb8e09677aa8cb2e5ef04aaef9eb1a5fe88d60e,-0.1449493202128895,0.24255809165228337,-0.03689352096544997,256,0.24255809165228337,0.0031381755408647766,0.05686182445913522
0,0.5,0.5,128,1009,return,sampled,bc3609ccc4967dd8110e711becb8e09677aa8cb2e5ef04aaef9eb1a5fe88d60e,-0.1449493202128895,0.24255809165228337,-0.03689352096544997,256,0.24255809165228337,0.0031381755408647766,0.05686182445913522
0,0.5,0.5,128,1010,exact_advantage,analytic,7d19af1577fa383ce0f3e0fa677b18bb533927003e79682b633b8e0a20b10fbc,-0.22067113477766656,0.349346758647966,-0.07791997230151707,256,0.349346758647966,0.0012304185234221165,0.05876958147657788
0,0.5,0.5,128,1010,exact_advantage,sampled,7d19af1577fa383ce0f3e0fa677b18bb533927003e79682b633b8e0a20b10fbc,-0.22067113477766656,0.349346758647966,-0.07791997230151707,256,0.349346758647966,0.0012304185234221165,0.05876958147657788
0,0.5,0.5,128,1010,return,analytic,7d19af1577fa383ce0f3e0fa677b18bb533927003e79682b633b8e0a20b10fbc,-0.22067113477766656,0.349346758647966,-0.07791997230151707,256,0.349346758647966,0.0012304185234221165,0.05876958147657788
0,0.5,0.5,128,1010,return,sampled,7d19af1577fa383ce0f3e0fa677b18bb533927003e79682b633b8e0a20b10fbc,-0.22067113477766656,0.349346758647966,-0.07791997230151707,256,0.349346758647966,0.0012304185234221165,0.05876958147657788
0,0.5,0.5,128,1011,exact_advantage,analytic,9928168ada2927115998d356c8c411216c8441a778ac2d6dfe9d6a70abc9fbfe,-0.13532018586616,0.3588885211143494,-0.06362957070526759,256,0.3588885211143494,0.0038972301814469246,0.056102769818553076
0,0.5,0.5,128,1011,exact_advantage,sampled,9928168ada2927115998d356c8c411216c8441a778ac2d6dfe9d6a70abc9fbfe,-0.13532018586616,0.3588885211143494,-0.06362957070526759,256,0.3588885211143494,0.0038972301814469246,0.056102769818553076
0,0.5,0.5,128,1011,return,analytic,9928168ada2927115998d356c8c411216c8441a778ac2d6dfe9d6a70abc9fbfe,-0.13532018586616,0.3588885211143494,-0.06362957070526759,256,0.3588885211143494,0.0038972301814469246,0.056102769818553076
0,0.5,0.5,128,1011,return,sampled,9928168ada2927115998d356c8c411216c8441a778ac2d6dfe9d6a70abc9fbfe,-0.13532018586616,0.3588885211143494,-0.06362957070526759,256,0.3588885211143494,0.0038972301814469246,0.056102769818553076
0,0.5,0.5,128,1012,exact_advantage,analytic,f095e1f5223dbcfebd6f8705893e1ad74a0bada16608bce85ceb8c723868a61a,-0.14779878770215715,0.2670100541315833,-0.040581396291227374,256,0.2670100541315833,0.0020703145505791016,0.0579296854494209
0,0.5,0.5,128,1012,exact_advantage,sampled,f095e1f5223dbcfebd6f8705893e1ad74a0bada16608bce85ceb8c723868a61a,-0.14779878770215715,0.2670100541315833,-0.040581396291227374,256,0.2670100541315833,0.0020703145505791016,0.0579296854494209
0,0.5,0.5,128,1012,return,analytic,f095e1f5223dbcfebd6f8705893e1ad74a0bada16608bce85ceb8c723868a61a,-0.14779878770215715,0.2670100541315833,-0.040581396291227374,256,0.2670100541315833,0.0020703145505791016,0.0579296854494209
0,0.5,0.5,128,1012,return,sampled,f095e1f5223dbcfebd6f8705893e1ad74a0bada16608bce85ceb8c723868a61a,-0.14779878770215715,0.2670100541315833,-0.040581396291227374,256,0.2670100541315833,0.0020703145505791016,0.0579296854494209
0,0.5,0.5,128,1013,exact_advantage,analytic,14b67321776fd66b989ac76509e59aa7d508880eee685f04b44f036af8302781,-0.15178989851906047,0.3338004849719821,-0.05998133922843786,256,0.3338004849719821,0.0018515174446179692,0.058148482555382026
0,0.5,0.5,128,1013,exact_advantage,sampled,14b67321776fd66b989ac76509e59aa7d508880eee685f04b44f036af8302781,-0.15178989851906047,0.3338004849719821,-0.05998133922843786,256,0.3338004849719821,0.0018515174446179692,0.058148482555382026
0,0.5,0.5,128,1013,return,analytic,14b67321776fd66b989ac76509e59aa7d508880eee685f04b44f036af8302781,-0.15178989851906047,0.3338004849719821,-0.05998133922843786,256,0.3338004849719821,0.0018515174446179692,0.058148482555382026
0,0.5,0.5,128,1013,return,sampled,14b67321776fd66b989ac76509e59aa7d508880eee685f04b44f036af8302781,-0.15178989851906047,0.3338004849719821,-0.05998133922843786,256,0.3338004849719821,0.0018515174446179692,0.058148482555382026
0,0.5,0.5,128,1014,exact_advantage,analytic,8ef004c8da9a3512c8bf5cda0880f9258794a3e48d0e7a89ce7c2c067cdb8ea4,-0.18748561338193595,0.2972343881175708,-0.05832089666322003,256,0.2972343881175708,9.70253670895219e-05,0.05990297463291048
0,0.5,0.5,128,1014,exact_advantage,sampled,8ef004c8da9a3512c8bf5cda0880f9258794a3e48d0e7a89ce7c2c067cdb8ea4,-0.18748561338193595,0.2972343881175708,-0.05832089666322003,256,0.2972343881175708,9.70253670895219e-05,0.05990297463291048
0,0.5,0.5,128,1014,return,analytic,8ef004c8da9a3512c8bf5cda0880f9258794a3e48d0e7a89ce7c2c067cdb8ea4,-0.18748561338193595,0.2972343881175708,-0.05832089666322003,256,0.2972343881175708,9.70253670895219e-05,0.05990297463291048
0,0.5,0.5,128,1014,return,sampled,8ef004c8da9a3512c8bf5cda0880f9258794a3e48d0e7a89ce7c2c067cdb8ea4,-0.18748561338193595,0.2972343881175708,-0.05832089666322003,256,0.2972343881175708,9.70253670895219e-05,0.05990297463291048
0,0.5,0.5,128,1015,exact_advantage,analytic,86dac639f00f9c619a6cd8d9c6f37cac73077f6a5f8574307903c62ff56f2607,-0.3134339918553294,0.2916271509280465,-0.09275173720138803,256,0.3134339918553294,0.007748404145573644,0.052251595854426354
0,0.5,0.5,128,1015,exact_advantage,sampled,86dac639f00f9c619a6cd8d9c6f37cac73077f6a5f8574307903c62ff56f2607,-0.3134339918553294,0.2916271509280465,-0.09275173720138803,256,0.3134339918553294,0.007748404145573644,0.052251595854426354
0,0.5,0.5,128,1015,return,analytic,86dac639f00f9c619a6cd8d9c6f37cac73077f6a5f8574307903c62ff56f2607,-0.3134339918553294,0.2916271509280465,-0.09275173720138803,256,0.3134339918553294,0.007748404145573644,0.052251595854426354
0,0.5,0.5,128,1015,return,sampled,86dac639f00f9c619a6cd8d9c6f37cac73077f6a5f8574307903c62ff56f2607,-0.3134339918553294,0.2916271509280465,-0.09275173720138803,256,0.3134339918553294,0.007748404145573644,0.052251595854426354
0,0.5,0.5,128,1016,exact_advantage,analytic,1e01b8d2401a51807b7b00779cd2182bf4b77decf68c3fac7bc3a1bcf40dd290,-0.16983124845310116,0.24115630572204683,-0.04006433163981914,256,0.24115630572204683,0.0019311242844499944,0.05806887571555
0,0.5,0.5,128,1016,exact_advantage,sampled,1e01b8d2401a51807b7b00779cd2182bf4b77decf68c3fac7bc3a1bcf40dd290,-0.16983124845310116,0.24115630572204683,-0.04006433163981914,256,0.24115630572204683,0.0019311242844499944,0.05806887571555
0,0.5,0.5,128,1016,return,analytic,1e01b8d2401a51807b7b00779cd2182bf4b77decf68c3fac7bc3a1bcf40dd290,-0.16983124845310116,0.24115630572204683,-0.04006433163981914,256,0.24115630572204683,0.0019311242844499944,0.05806887571555
0,0.5,0.5,128,1016,return,sampled,1e01b8d2401a51807b7b00779cd2182bf4b77decf68c3fac7bc3a1bcf40dd290,-0.16983124845310116,0.24115630572204683,-0.04006433163981914,256,0.24115630572204683,0.0019311242844499944,0.05806887571555
0,0.5,0.5,128,1017,exact_advantage,analytic,7820e789d9725383f17328609d9372f4c1ff19a28af0176c46bfad68bdfd029e,-0.22576784416224338,0.4116984044243571,-0.09912170437603114,256,0.4116984044243571,0.005389002496040695,0.0546109975039593
0,0.5,0.5,128,1017,exact_advantage,sampled,7820e789d9725383f17328609d9372f4c1ff19a28af0176c46bfad68bdfd029e,-0.22576784416224338,0.4116984044243571,-0.09912170437603114,256,0.4116984044243571,0.005389002496040695,0.0546109975039593
0,0.5,0.5,128,1017,return,analytic,7820e789d9725383f17328609d9372f4c1ff19a28af0176c46bfad68bdfd029e,-0.22576784416224338,0.4116984044243571,-0.09912170437603114,256,0.4116984044243571,0.005389002496040695,0.0546109975039593
0,0.5,0.5,128,1017,return,sampled,7820e789d9725383f17328609d9372f4c1ff19a28af0176c46bfad68bdfd029e,-0.22576784416224338,0.4116984044243571,-0.09912170437603114,256,0.4116984044243571,0.005389002496040695,0.0546109975039593
0,0.5,0.5,128,1018,exact_advantage,analytic,7edcea7c036cb013f1aea8274bc4ced9ca619b9534141de0f210ad5466c9b746,-0.22599610194898503,0.3018900941907742,-0.06625441084276511,256,0.3018900941907742,0.0004069073723452132,0.05959309262765478
0,0.5,0.5,128,1018,exact_advantage,sampled,7edcea7c036cb013f1aea8274bc4ced9ca619b9534141de0f210ad5466c9b746,-0.22599610194898503,0.3018900941907742,-0.06625441084276511,256,0.3018900941907742,0.0004069073723452132,0.05959309262765478
0,0.5,0.5,128,1018,return,analytic,7edcea7c036cb013f1aea8274bc4ced9ca619b9534141de0f210ad5466c9b746,-0.22599610194898503,0.3018900941907742,-0.06625441084276511,256,0.3018900941907742,0.0004069073723452132,0.05959309262765478
0,0.5,0.5,128,1018,return,sampled,7edcea7c036cb013f1aea8274bc4ced9ca619b9534141de0f210ad5466c9b746,-0.22599610194898503,0.3018900941907742,-0.06625441084276511,256,0.3018900941907742,0.0004069073723452132,0.05959309262765478
0,0.5,0.5,128,1019,exact_advantage,analytic,d23811895f735b6d80386f2907326556bb6f7dd1d17b773cc1df716b4d74abdc,-0.2719978803012022,0.3338758368866845,-0.0897258111503547,256,0.3338758368866845,0.003569245790629045,0.05643075420937095
0,0.5,0.5,128,1019,exact_advantage,sampled,d23811895f735b6d80386f2907326556bb6f7dd1d17b773cc1df716b4d74abdc,-0.2719978803012022,0.3338758368866845,-0.0897258111503547,256,0.3338758368866845,0.003569245790629045,0.05643075420937095
0,0.5,0.5,128,1019,return,analytic,d23811895f735b6d80386f2907326556bb6f7dd1d17b773cc1df716b4d74abdc,-0.2719978803012022,0.3338758368866845,-0.0897258111503547,256,0.3338758368866845,0.003569245790629045,0.05643075420937095
0,0.5,0.5,128,1019,return,sampled,d23811895f735b6d80386f2907326556bb6f7dd1d17b773cc1df716b4d74abdc,-0.2719978803012022,0.3338758368866845,-0.0897258111503547,256,0.3338758368866845,0.003569245790629045,0.05643075420937095
0,0.5,0.5,512,1000,exact_advantage,analytic,028b77c14f0064e5efa6487706df2b45d7652f9dce37cecb59846e86b9aca10e,-0.20165734474303593,0.34322149604530305,-0.07196404461524893,256,0.34322149604530305,0.0007488871631160206,0.05925111283688398
0,0.5,0.5,512,1000,exact_advantage,sampled,028b77c14f0064e5efa6487706df2b45d7652f9dce37cecb59846e86b9aca10e,-0.20165734474303593,0.34322149604530305,-0.07196404461524893,256,0.34322149604530305,0.0007488871631160206,0.05925111283688398
0,0.5,0.5,512,1000,return,analytic,028b77c14f0064e5efa6487706df2b45d7652f9dce37cecb59846e86b9aca10e,-0.20165734474303593,0.34322149604530305,-0.07196404461524893,256,0.34322149604530305,0.0007488871631160206,0.05925111283688398
0,0.5,0.5,512,1000,return,sampled,028b77c14f0064e5efa6487706df2b45d7652f9dce37cecb59846e86b9aca10e,-0.20165734474303593,0.34322149604530305,-0.07196404461524893,256,0.34322149604530305,0.0007488871631160206,0.05925111283688398
0,0.5,0.5,512,1001,exact_advantage,analytic,b5c45dd0893a87edd90d3632ac72c4f879d9a001fb3e5ec7973686c4dc4d28d0,-0.16477571004926567,0.2615427980134503,-0.043729051033124786,256,0.2615427980134503,0.0013360329153737547,0.05866396708462624
0,0.5,0.5,512,1001,exact_advantage,sampled,b5c45dd0893a87edd90d3632ac72c4f879d9a001fb3e5ec7973686c4dc4d28d0,-0.16477571004926567,0.2615427980134503,-0.043729051033124786,256,0.2615427980134503,0.0013360329153737547,0.05866396708462624
0,0.5,0.5,512,1001,return,analytic,b5c45dd0893a87edd90d3632ac72c4f879d9a001fb3e5ec7973686c4dc4d28d0,-0.16477571004926567,0.2615427980134503,-0.043729051033124786,256,0.2615427980134503,0.0013360329153737547,0.05866396708462624
0,0.5,0.5,512,1001,return,sampled,b5c45dd0893a87edd90d3632ac72c4f879d9a001fb3e5ec7973686c4dc4d28d0,-0.16477571004926567,0.2615427980134503,-0.043729051033124786,256,0.2615427980134503,0.0013360329153737547,0.05866396708462624
0,0.5,0.5,512,1002,exact_advantage,analytic,e36cf62b30028fc7e11b1e29ceab3f3edb624f5191d7c80c2d06db5b7e61468b,-0.19030607202011243,0.30492589875649184,-0.05919335640863027,256,0.30492589875649184,6.608913523123155e-05,0.059933910864768764
0,0.5,0.5,512,1002,exact_advantage,sampled,e36cf62b30028fc7e11b1e29ceab3f3edb624f5191d7c80c2d06db5b7e61468b,-0.19030607202011243,0.30492589875649184,-0.05919335640863027,256,0.30492589875649184,6.608913523123155e-05,0.059933910864768764
0,0.5,0.5,512,1002,return,analytic,e36cf62b30028fc7e11b1e29ceab3f3edb624f5191d7c80c2d06db5b7e61468b,-0.19030607202011243,0.30492589875649184,-0.05919335640863027,256,0.30492589875649184,6.608913523123155e-05,0.059933910864768764
0,0.5,0.5,512,1002,return,sampled,e36cf62b30028fc7e11b1e29ceab3f3edb624f5191d7c80c2d06db5b7e61468b,-0.19030607202011243,0.30492589875649184,-0.05919335640863027,256,0.30492589875649184,6.608913523123155e-05,0.059933910864768764
0,0.5,0.5,512,1003,exact_advantage,analytic,1ee0d14ef5f4e0e99723dba9269aec9b72f3467a0e01787fbed34eb1723b16a5,-0.14586117580709224,0.27648012363765107,-0.04433298760562665,256,0.27648012363765107,0.0019798812046344177,0.05802011879536558
0,0.5,0.5,512,1003,exact_advantage,sampled,1ee0d14ef5f4e0e99723dba9269aec9b72f3467a0e01787fbed34eb1723b16a5,-0.14586117580709224,0.27648012363765107,-0.04433298760562665,256,0.27648012363765107,0.0019798812046344177,0.05802011879536558
0,0.5,0.5,512,1003,return,analytic,1ee0d14ef5f4e0e99723dba9269aec9b72f3467a0e01787fbed34eb1723b16a5,-0.14586117580709224,0.27648012363765107,-0.04433298760562665,256,0.27648012363765107,0.0019798812046344177,0.05802011879536558
0,0.5,0.5,512,1003,return,sampled,1ee0d14ef5f4e0e99723dba9269aec9b72f3467a0e01787fbed34eb1723b16a5,-0.14586117580709224,0.27648012363765107,-0.04433298760562665,256,0.27648012363765107,0.0019798812046344177,0.05802011879536558
0,0.5,0.5,512,1004,exact_advantage,analytic,e1313e1cc8b0d336f9f559674c415d70830a540b05949814b02650a5957796fa,-0.1722685028818388,0.27973432026929185,-0.04988428514133232,256,0.27973432026929185,0.0006257006694278045,0.05937429933057219
0,0.5,0.5,512,1004,exact_advantage,sampled,e1313e1cc8b0d336f9f559674c415d70830a540b05949814b02650a5957796fa,-0.1722685028818388,0.27973432026929185,-0.04988428514133232,256,0.27973432026929185,0.0006257006694278045,0.05937429933057219
0,0.5,0.5,512,1004,return,analytic,e1313e1cc8b0d336f9f559674c415d70830a540b05949814b02650a5957796fa,-0.1722685028818388,0.27973432026929185,-0.04988428514133232,256,0.27973432026929185,0.0006257006694278045,0.05937429933057219
0,0.5,0.5,512,1004,return,sampled,e1313e1cc8b0d336f9f559674c415d70830a540b05949814b02650a5957796fa,-0.1722685028818388,0.27973432026929185,-0.04988428514133232,256,0.27973432026929185,0.0006257006694278045,0.05937429933057219
0,0.5,0.5,512,1005,exact_advantage,analytic,05b1daecbf6cf9da1f63d84418c7c95aaab137ccc7a77bc7ebb961c747717e03,-0.22645659113818348,0.2605908351853355,-0.05787412358539866,256,0.2605908351853355,0.0010412036373475609,0.05895879636265244
0,0.5,0.5,512,1005,exact_advantage,sampled,05b1daecbf6cf9da1f63d84418c7c95aaab137ccc7a77bc7ebb961c747717e03,-0.22645659113818348,0.2605908351853355,-0.05787412358539866,256,0.2605908351853355,0.0010412036373475609,0.05895879636265244
0,0.5,0.5,512,1005,return,analytic,05b1daecbf6cf9da1f63d84418c7c95aaab137ccc7a77bc7ebb961c747717e03,-0.22645659113818348,0.2605908351853355,-0.05787412358539866,256,0.2605908351853355,0.0010412036373475609,0.05895879636265244
0,0.5,0.5,512,1005,return,sampled,05b1daecbf6cf9da1f63d84418c7c95aaab137ccc7a77bc7ebb961c747717e03,-0.22645659113818348,0.2605908351853355,-0.05787412358539866,256,0.2605908351853355,0.0010412036373475609,0.05895879636265244
0,0.5,0.5,512,1006,exact_advantage,analytic,cd927c775bfb1076e95745dbe2668783f23e99f455f5510a44a144059112c71e,-0.216530758214975,0.29134107940382514,-0.06209817079369546,256,0.29134107940382514,0.00019395034265352223,0.059806049657346476
0,0.5,0.5,512,1006,exact_advantage,sampled,cd927c775bfb1076e95745dbe2668783f23e99f455f5510a44a144059112c71e,-0.216530758214975,0.29134107940382514,-0.06209817079369546,256,0.29134107940382514,0.00019395034265352223,0.059806049657346476
0,0.5,0.5,512,1006,return,analytic,cd927c775bfb1076e95745dbe2668783f23e99f455f5510a44a144059112c71e,-0.216530758214975,0.29134107940382514,-0.06209817079369546,256,0.29134107940382514,0.00019395034265352223,0.059806049657346476
0,0.5,0.5,512,1006,return,sampled,cd927c775bfb1076e95745dbe2668783f23e99f455f5510a44a144059112c71e,-0.216530758214975,0.29134107940382514,-0.06209817079369546,256,0.29134107940382514,0.00019395034265352223,0.059806049657346476
0,0.5,0.5,512,1007,exact_advantage,analytic,b6ca47b9c1b74fd5c5e55c0eac8a2a08453b26fc0a347ca592ea83b4e73e9e2c,-0.1575045858975479,0.2927593157794501,-0.0495188506277161,256,0.2927593157794501,0.0011044871350360196,0.05889551286496398
0,0.5,0.5,512,1007,exact_advantage,sampled,b6ca47b9c1b74fd5c5e55c0eac8a2a08453b26fc0a347ca592ea83b4e73e9e2c,-0.1575045858975479,0.2927593157794501,-0.0495188506277161,256,0.2927593157794501,0.0011044871350360196,0.05889551286496398
0,0.5,0.5,512,1007,return,analytic,b6ca47b9c1b74fd5c5e55c0eac8a2a08453b26fc0a347ca592ea83b4e73e9e2c,-0.1575045858975479,0.2927593157794501,-0.0495188506277161,256,0.2927593157794501,0.0011044871350360196,0.05889551286496398
0,0.5,0.5,512,1007,return,sampled,b6ca47b9c1b74fd5c5e55c0eac8a2a08453b26fc0a347ca592ea83b4e73e9e2c,-0.1575045858975479,0.2927593157794501,-0.0495188506277161,256,0.2927593157794501,0.0011044871350360196,0.05889551286496398
0,0.5,0.5,512,1008,exact_advantage,analytic,1f985e8980f5682b565d06abf2690aef926d29b466810dbac6d336d10b3598a4,-0.17066132780055374,0.2697122914907394,-0.04590856917965707,256,0.2697122914907394,0.0008833927265527119,0.05911660727344729
0,0.5,0.5,512,1008,exact_advantage,sampled,1f985e8980f5682b565d06abf2690aef926d29b466810dbac6d336d10b3598a4,-0.17066132780055374,0.2697122914907394,-0.04590856917965707,256,0.2697122914907394,0.0008833927265527119,0.05911660727344729
0,0.5,0.5,512,1008,return,analytic,1f985e8980f5682b565d06abf2690aef926d29b466810dbac6d336d10b3598a4,-0.17066132780055374,0.2697122914907394,-0.04590856917965707,256,0.2697122914907394,0.0008833927265527119,0.05911660727344729
0,0.5,0.5,512,1008,return,sampled,1f985e8980f5682b565d06abf2690aef926d29b466810dbac6d336d10b3598a4,-0.17066132780055374,0.2697122914907394,-0.04590856917965707,256,0.2697122914907394,0.0008833927265527119,0.05911660727344729
0,0.5,0.5,512,1009,exact_advantage,analytic,79eeb2789f08a7f27190042ae9f50bc35c8a5a956cef013458882a70b6510d6d,-0.2114104278764685,0.33066307798492983,-0.07070351486390511,256,0.33066307798492983,0.0004542084591984091,0.05954579154080159
0,0.5,0.5,512,1009,exact_advantage,sampled,79eeb2789f08a7f27190042ae9f50bc35c8a5a956cef013458882a70b6510d6d,-0.2114104278764685,0.33066307798492983,-0.07070351486390511,256,0.33066307798492983,0.0004542084591984091,0.05954579154080159
0,0.5,0.5,512,1009,return,analytic,79eeb2789f08a7f27190042ae9f50bc35c8a5a956cef013458882a70b6510d6d,-0.2114104278764685,0.33066307798492983,-0.07070351486390511,256,0.33066307798492983,0.0004542084591984091,0.05954579154080159
0,0.5,0.5,512,1009,return,sampled,79eeb2789f08a7f27190042ae9f50bc35c8a5a956cef013458882a70b6510d6d,-0.2114104278764685,0.33066307798492983,-0.07070351486390511,256,0.33066307798492983,0.0004542084591984091,0.05954579154080159
0,0.5,0.5,512,1010,exact_advantage,analytic,c3be6feaeaacaef0958fcf3da583cb93ea824d8a4cd6aa5e0233866ec17b2de0,-0.20529431683804877,0.2759910351002212,-0.05640036377715367,256,0.2759910351002212,0.0002473900326925117,0.05975260996730749
0,0.5,0.5,512,1010,exact_advantage,sampled,c3be6feaeaacaef0958fcf3da583cb93ea824d8a4cd6aa5e0233866ec17b2de0,-0.20529431683804877,0.2759910351002212,-0.05640036377715367,256,0.2759910351002212,0.0002473900326925117,0.05975260996730749
0,0.5,0.5,512,1010,return,analytic,c3be6feaeaacaef0958fcf3da583cb93ea824d8a4cd6aa5e0233866ec17b2de0,-0.20529431683804877,0.2759910351002212,-0.05640036377715367,256,0.2759910351002212,0.0002473900326925117,0.05975260996730749
0,0.5,0.5,512,1010,return,sampled,c3be6feaeaacaef0958fcf3da583cb93ea824d8a4cd6aa5e0233866ec17b2de0,-0.20529431683804877,0.2759910351002212,-0.05640036377715367,256,0.2759910351002212,0.0002473900326925117,0.05975260996730749
0,0.5,0.5,512,1011,exact_advantage,analytic,b84b500facfb083930df54f8eb51542c3a0fa2af36631905003dfadc8abda50a,-0.16807048038883354,0.30697008671601383,-0.05482760244377097,256,0.30697008671601383,0.0006311293770914194,0.059368870622908576
0,0.5,0.5,512,1011,exact_advantage,sampled,b84b500facfb083930df54f8eb51542c3a0fa2af36631905003dfadc8abda50a,-0.16807048038883354,0.30697008671601383,-0.05482760244377097,256,0.30697008671601383,0.0006311293770914194,0.059368870622908576
0,0.5,0.5,512,1011,return,analytic,b84b500facfb083930df54f8eb51542c3a0fa2af36631905003dfadc8abda50a,-0.16807048038883354,0.30697008671601383,-0.05482760244377097,256,0.30697008671601383,0.0006311293770914194,0.059368870622908576
0,0.5,0.5,512,1011,return,sampled,b84b500facfb083930df54f8eb51542c3a0fa2af36631905003dfadc8abda50a,-0.16807048038883354,0.30697008671601383,-0.05482760244377097,256,0.30697008671601383,0.0006311293770914194,0.059368870622908576
0,0.5,0.5,512,1012,exact_advantage,analytic,a9dafcb0624d0430767f27ec5f7ab10d03cb62f1c905dc893fb8775627aba33e,-0.21327004266709176,0.3274965313262952,-0.07054815537015519,256,0.3274965313262952,0.00040808011342303475,0.059591919886576965
0,0.5,0.5,512,1012,exact_advantage,sampled,a9dafcb0624d0430767f27ec5f7ab10d03cb62f1c905dc893fb8775627aba33e,-0.21327004266709176,0.3274965313262952,-0.07054815537015519,256,0.3274965313262952,0.00040808011342303475,0.059591919886576965
0,0.5,0.5,512,1012,return,analytic,a9dafcb0624d0430767f27ec5f7ab10d03cb62f1c905dc893fb8775627aba33e,-0.21327004266709176,0.3274965313262952,-0.07054815537015519,256,0.3274965313262952,0.00040808011342303475,0.059591919886576965
0,0.5,0.5,512,1012,return,sampled,a9dafcb0624d0430767f27ec5f7ab10d03cb62f1c905dc893fb8775627aba33e,-0.21327004266709176,0.3274965313262952,-0.07054815537015519,256,0.3274965313262952,0.00040808011342303475,0.059591919886576965
0,0.5,0.5,512,1013,exact_advantage,analytic,0b3b3eb5a7ce9a2cde172b78d6dcc61eee8a1546044fb11a398a27799db97bd5,-0.21191221194773416,0.3149879405078246,-0.06649314627681069,256,0.3149879405078246,0.00017499582035907982,0.05982500417964092
0,0.5,0.5,512,1013,exact_advantage,sampled,0b3b3eb5a7ce9a2cde172b78d6dcc61eee8a1546044fb11a398a27799db97bd5,-0.21191221194773416,0.3149879405078246,-0.06649314627681069,256,0.3149879405078246,0.00017499582035907982,0.05982500417964092
0,0.5,0.5,512,1013,return,analytic,0b3b3eb5a7ce9a2cde172b78d6dcc61eee8a1546044fb11a398a27799db97bd5,-0.21191221194773416,0.3149879405078246,-0.06649314627681069,256,0.3149879405078246,0.00017499582035907982,0.05982500417964092
0,0.5,0.5,512,1013,return,sampled,0b3b3eb5a7ce9a2cde172b78d6dcc61eee8a1546044fb11a398a27799db97bd5,-0.21191221194773416,0.3149879405078246,-0.06649314627681069,256,0.3149879405078246,0.00017499582035907982,0.05982500417964092
0,0.5,0.5,512,1014,exact_advantage,analytic,bb1df64d6f4238486625a9cc7e8d82662fd31db2103bbbe48ce16be328460116,-0.23567461758808156,0.3253774307095568,-0.0761359069938236,256,0.3253774307095568,0.0010212125998008577,0.05897878740019914
0,0.5,0.5,512,1014,exact_advantage,sampled,bb1df64d6f4238486625a9cc7e8d82662fd31db2103bbbe48ce16be328460116,-0.23567461758808156,0.3253774307095568,-0.0761359069938236,256,0.3253774307095568,0.0010212125998008577,0.05897878740019914
0,0.5,0.5,512,1014,return,analytic,bb1df64d6f4238486625a9cc7e8d82662fd31db2103bbbe48ce16be328460116,-0.23567461758808156,0.3253774307095568,-0.0761359069938236,256,0.3253774307095568,0.0010212125998008577,0.05897878740019914
0,0.5,0.5,512,1014,return,sampled,bb1df64d6f4238486625a9cc7e8d82662fd31db2103bbbe48ce16be328460116,-0.23567461758808156,0.3253774307095568,-0.0761359069938236,256,0.3253774307095568,0.0010212125998008577,0.05897878740019914
0,0.5,0.5,512,1015,exact_advantage,analytic,27cca7a75a4484de4ed7274459b4cf63d240e6a02765ab7ab95e59b78cd163d4,-0.27094707108266675,0.30561129866208764,-0.08123875335569261,256,0.30561129866208764,0.0030326868061954382,0.05696731319380456
0,0.5,0.5,512,1015,exact_advantage,sampled,27cca7a75a4484de4ed7274459b4cf63d240e6a02765ab7ab95e59b78cd163d4,-0.27094707108266675,0.30561129866208764,-0.08123875335569261,256,0.30561129866208764,0.0030326868061954382,0.05696731319380456
0,0.5,0.5,512,1015,return,analytic,27cca7a75a4484de4ed7274459b4cf63d240e6a02765ab7ab95e59b78cd163d4,-0.27094707108266675,0.30561129866208764,-0.08123875335569261,256,0.30561129866208764,0.0030326868061954382,0.05696731319380456
0,0.5,0.5,512,1015,return,sampled,27cca7a75a4484de4ed7274459b4cf63d240e6a02765ab7ab95e59b78cd163d4,-0.27094707108266675,0.30561129866208764,-0.08123875335569261,256,0.30561129866208764,0.0030326868061954382,0.05696731319380456
0,0.5,0.5,512,1016,exact_advantage,analytic,6e9963b2193c86ff9cf40e17820050b51a75b5baa850b965cf0814f103d453ab,-0.20436787672443493,0.2934490065088518,-0.0591755682878118,256,0.2934490065088518,2.8613214536342544e-05,0.059971386785463654
0,0.5,0.5,512,1016,exact_advantage,sampled,6e9963b2193c86ff9cf40e17820050b51a75b5baa850b965cf0814f103d453ab,-0.20436787672443493,0.2934490065088518,-0.0591755682878118,256,0.2934490065088518,2.8613214536342544e-05,0.059971386785463654
0,0.5,0.5,512,1016,return,analytic,6e9963b2193c86ff9cf40e17820050b51a75b5baa850b965cf0814f103d453ab,-0.20436787672443493,0.2934490065088518,-0.0591755682878118,256,0.2934490065088518,2.8613214536342544e-05,0.059971386785463654
0,0.5,0.5,512,1016,return,sampled,6e9963b2193c86ff9cf40e17820050b51a75b5baa850b965cf0814f103d453ab,-0.20436787672443493,0.2934490065088518,-0.0591755682878118,256,0.2934490065088518,2.8613214536342544e-05,0.059971386785463654
0,0.5,0.5,512,1017,exact_advantage,analytic,e1e7453db2922e1aacd0a79df375c0bfa756c2db48365b64e321ccaecba8a4f8,-0.20847851546064267,0.3626527071866745,-0.07970821468661538,256,0.3626527071866745,0.001613275821777483,0.058386724178222514
0,0.5,0.5,512,1017,exact_advantage,sampled,e1e7453db2922e1aacd0a79df375c0bfa756c2db48365b64e321ccaecba8a4f8,-0.20847851546064267,0.3626527071866745,-0.07970821468661538,256,0.3626527071866745,0.001613275821777483,0.058386724178222514
0,0.5,0.5,512,1017,return,analytic,e1e7453db2922e1aacd0a79df375c0bfa756c2db48365b64e321ccaecba8a4f8,-0.20847851546064267,0.3626527071866745,-0.07970821468661538,256,0.3626527071866745,0.001613275821777483,0.058386724178222514
0,0.5,0.5,512,1017,return,sampled,e1e7453db2922e1aacd0a79df375c0bfa756c2db48365b64e321ccaecba8a4f8,-0.20847851546064267,0.3626527071866745,-0.07970821468661538,256,0.3626527071866745,0.001613275821777483,0.058386724178222514
0,0.5,0.5,512,1018,exact_advantage,analytic,1e999c2b2e347b0dfcf1b97601e7fae0eee4e21f527380d518d5afe36fea6367,-0.14914201181758535,0.30991762140024337,-0.05125370485141875,256,0.30991762140024337,0.0015912646628730037,0.058408735337126996
0,0.5,0.5,512,1018,exact_advantage,sampled,1e999c2b2e347b0dfcf1b97601e7fae0eee4e21f527380d518d5afe36fea6367,-0.14914201181758535,0.30991762140024337,-0.05125370485141875,256,0.30991762140024337,0.0015912646628730037,0.058408735337126996
0,0.5,0.5,512,1018,return,analytic,1e999c2b2e347b0dfcf1b97601e7fae0eee4e21f527380d518d5afe36fea6367,-0.14914201181758535,0.30991762140024337,-0.05125370485141875,256,0.30991762140024337,0.0015912646628730037,0.058408735337126996
0,0.5,0.5,512,1018,return,sampled,1e999c2b2e347b0dfcf1b97601e7fae0eee4e21f527380d518d5afe36fea6367,-0.14914201181758535,0.30991762140024337,-0.05125370485141875,256,0.30991762140024337,0.0015912646628730037,0.058408735337126996
0,0.5,0.5,512,1019,exact_advantage,analytic,e180891423a53eed826b2587190baaada7865149d4c8828ae1d654751f58fc6d,-0.2212805540070561,0.3155785783557811,-0.06940770018539791,256,0.3155785783557811,0.0003687940287432235,0.059631205971256776
0,0.5,0.5,512,1019,exact_advantage,sampled,e180891423a53eed826b2587190baaada7865149d4c8828ae1d654751f58fc6d,-0.2212805540070561,0.3155785783557811,-0.06940770018539791,256,0.3155785783557811,0.0003687940287432235,0.059631205971256776
0,0.5,0.5,512,1019,return,analytic,e180891423a53eed826b2587190baaada7865149d4c8828ae1d654751f58fc6d,-0.2212805540070561,0.3155785783557811,-0.06940770018539791,256,0.3155785783557811,0.0003687940287432235,0.059631205971256776
0,0.5,0.5,512,1019,return,sampled,e180891423a53eed826b2587190baaada7865149d4c8828ae1d654751f58fc6d,-0.2212805540070561,0.3155785783557811,-0.06940770018539791,256,0.3155785783557811,0.0003687940287432235,0.059631205971256776
0,0.5,0.5,2048,1000,exact_advantage,analytic,df95aee17260e573c540cb3262c6d528be977ed50795147c35179b92e602898b,-0.2138423191138832,0.3202240708195793,-0.06840746757582959,256,0.3202240708195793,0.0002785710952764898,0.05972142890472351
0,0.5,0.5,2048,1000,exact_advantage,sampled,df95aee17260e573c540cb3262c6d528be977ed50795147c35179b92e602898b,-0.2138423191138832,0.3202240708195793,-0.06840746757582959,256,0.3202240708195793,0.0002785710952764898,0.05972142890472351
0,0.5,0.5,2048,1000,return,analytic,df95aee17260e573c540cb3262c6d528be977ed50795147c35179b92e602898b,-0.2138423191138832,0.3202240708195793,-0.06840746757582959,256,0.3202240708195793,0.0002785710952764898,0.05972142890472351
0,0.5,0.5,2048,1000,return,sampled,df95aee17260e573c540cb3262c6d528be977ed50795147c35179b92e602898b,-0.2138423191138832,0.3202240708195793,-0.06840746757582959,256,0.3202240708195793,0.0002785710952764898,0.05972142890472351
0,0.5,0.5,2048,1001,exact_advantage,analytic,ad385b91eb73baa1fd92e13814635369c4c16b7fb31238348549408a2598615e,-0.1898098772578738,0.28553298130204785,-0.054629370259219226,256,0.28553298130204785,0.00014602101290251746,0.05985397898709748
0,0.5,0.5,2048,1001,exact_advantage,sampled,ad385b91eb73baa1fd92e13814635369c4c16b7fb31238348549408a2598615e,-0.1898098772578738,0.28553298130204785,-0.054629370259219226,256,0.28553298130204785,0.00014602101290251746,0.05985397898709748
0,0.5,0.5,2048,1001,return,analytic,ad385b91eb73baa1fd92e13814635369c4c16b7fb31238348549408a2598615e,-0.1898098772578738,0.28553298130204785,-0.054629370259219226,256,0.28553298130204785,0.00014602101290251746,0.05985397898709748
0,0.5,0.5,2048,1001,return,sampled,ad385b91eb73baa1fd92e13814635369c4c16b7fb31238348549408a2598615e,-0.1898098772578738,0.28553298130204785,-0.054629370259219226,256,0.28553298130204785,0.00014602101290251746,0.05985397898709748
0,0.5,0.5,2048,1002,exact_advantage,analytic,8c11dd72f3b70f9938c0b121e14a54306b1a5221830795db303ce17811a36a64,-0.20376436386245447,0.3164233268629001,-0.06502715855629854,256,0.3164233268629001,0.00011639252727163428,0.05988360747272836
0,0.5,0.5,2048,1002,exact_advantage,sampled,8c11dd72f3b70f9938c0b121e14a54306b1a5221830795db303ce17811a36a64,-0.20376436386245447,0.3164233268629001,-0.06502715855629854,256,0.3164233268629001,0.00011639252727163428,0.05988360747272836
0,0.5,0.5,2048,1002,return,analytic,8c11dd72f3b70f9938c0b121e14a54306b1a5221830795db303ce17811a36a64,-0.20376436386245447,0.3164233268629001,-0.06502715855629854,256,0.3164233268629001,0.00011639252727163428,0.05988360747272836
0,0.5,0.5,2048,1002,return,sampled,8c11dd72f3b70f9938c0b121e14a54306b1a5221830795db303ce17811a36a64,-0.20376436386245447,0.3164233268629001,-0.06502715855629854,256,0.3164233268629001,0.00011639252727163428,0.05988360747272836
0,0.5,0.5,2048,1003,exact_advantage,analytic,019346bd287acdc8ed1efb8b96935cf85340bd1d47040d326f73339e9a5a39af,-0.17831728395865093,0.2939559675665136,-0.05380371322729108,256,0.2939559675665136,0.00029669623618068026,0.05970330376381932
0,0.5,0.5,2048,1003,exact_advantage,sampled,019346bd287acdc8ed1efb8b96935cf85340bd1d47040d326f73339e9a5a39af,-0.17831728395865093,0.2939559675665136,-0.05380371322729108,256,0.2939559675665136,0.00029669623618068026,0.05970330376381932
0,0.5,0.5,2048,1003,return,analytic,019346bd287acdc8ed1efb8b96935cf85340bd1d47040d326f73339e9a5a39af,-0.17831728395865093,0.2939559675665136,-0.05380371322729108,256,0.2939559675665136,0.00029669623618068026,0.05970330376381932
0,0.5,0.5,2048,1003,return,sampled,019346bd287acdc8ed1efb8b96935cf85340bd1d47040d326f73339e9a5a39af,-0.17831728395865093,0.2939559675665136,-0.05380371322729108,256,0.2939559675665136,0.00029669623618068026,0.05970330376381932
0,0.5,0.5,2048,1004,exact_advantage,analytic,519b7e0e33bf740bf1c6261100883538463b8c3bc2eb5f718f59308fd02c25de,-0.222638220488796,0.30985959241584937,-0.06888952132057719,256,0.30985959241584937,0.0003463780411822754,0.059653621958817724
0,0.5,0.5,2048,1004,exact_advantage,sampled,519b7e0e33bf740bf1c6261100883538463b8c3bc2eb5f718f59308fd02c25de,-0.222638220488796,0.30985959241584937,-0.06888952132057719,256,0.30985959241584937,0.0003463780411822754,0.059653621958817724
0,0.5,0.5,2048,1004,return,analytic,519b7e0e33bf740bf1c6261100883538463b8c3bc2eb5f718f59308fd02c25de,-0.222638220488796,0.30985959241584937,-0.06888952132057719,256,0.30985959241584937,0.0003463780411822754,0.059653621958817724
0,0.5,0.5,2048,1004,return,sampled,519b7e0e33bf740bf1c6261100883538463b8c3bc2eb5f718f59308fd02c25de,-0.222638220488796,0.30985959241584937,-0.06888952132057719,256,0.30985959241584937,0.0003463780411822754,0.059653621958817724
0,0.5,0.5,2048,1005,exact_advantage,analytic,9322f9e9162a96e389df37dc22815b677da0a7bcfa1373fe70ffb7f38dcf26ad,-0.203947988800458,0.28558231164260267,-0.057790452532733586,256,0.28558231164260267,9.249986436953711e-05,0.05990750013563046
0,0.5,0.5,2048,1005,exact_advantage,sampled,9322f9e9162a96e389df37dc22815b677da0a7bcfa1373fe70ffb7f38dcf26ad,-0.203947988800458,0.28558231164260267,-0.057790452532733586,256,0.28558231164260267,9.249986436953711e-05,0.05990750013563046
0,0.5,0.5,2048,1005,return,analytic,9322f9e9162a96e389df37dc22815b677da0a7bcfa1373fe70ffb7f38dcf26ad,-0.203947988800458,0.28558231164260267,-0.057790452532733586,256,0.28558231164260267,9.249986436953711e-05,0.05990750013563046
0,0.5,0.5,2048,1005,return,sampled,9322f9e9162a96e389df37dc22815b677da0a7bcfa1373fe70ffb7f38dcf26ad,-0.203947988800458,0.28558231164260267,-0.057790452532733586,256,0.28558231164260267,9.249986436953711e-05,0.05990750013563046
0,0.5,0.5,2048,1006,exact_advantage,analytic,6f58a873e0624d92135e870e49bdb321bf802582b997d0e44c59ea441a966de0,-0.20297284963066303,0.2958764577711104,-0.05962959625029078,256,0.2958764577711104,1.2104141161294315e-05,0.0599878958588387
0,0.5,0.5,2048,1006,exact_advantage,sampled,6f58a873e0624d92135e870e49bdb321bf802582b997d0e44c59ea441a966de0,-0.20297284963066303,0.2958764577711104,-0.05962959625029078,256,0.2958764577711104,1.2104141161294315e-05,0.0599878958588387
0,0.5,0.5,2048,1006,return,analytic,6f58a873e0624d92135e870e49bdb321bf802582b997d0e44c59ea441a966de0,-0.20297284963066303,0.2958764577711104,-0.05962959625029078,256,0.2958764577711104,1.2104141161294315e-05,0.0599878958588387
0,0.5,0.5,2048,1006,return,sampled,6f58a873e0624d92135e870e49bdb321bf802582b997d0e44c59ea441a966de0,-0.20297284963066303,0.2958764577711104,-0.05962959625029078,256,0.2958764577711104,1.2104141161294315e-05,0.0599878958588387
0,0.5,0.5,2048,1007,exact_advantage,analytic,a6082c9728957285d2930728822d44d523a38a1b689c805ef36879e9b280eb33,-0.1739442754770468,0.3120886411522277,-0.05663171684302877,256,0.3120886411522277,0.00046579456621254826,0.05953420543378745
0,0.5,0.5,2048,1007,exact_advantage,sampled,a6082c9728957285d2930728822d44d523a38a1b689c805ef36879e9b280eb33,-0.1739442754770468,0.3120886411522277,-0.05663171684302877,256,0.3120886411522277,0.00046579456621254826,0.05953420543378745
0,0.5,0.5,2048,1007,return,analytic,a6082c9728957285d2930728822d44d523a38a1b689c805ef36879e9b280eb33,-0.1739442754770468,0.3120886411522277,-0.05663171684302877,256,0.3120886411522277,0.00046579456621254826,0.05953420543378745
0,0.5,0.5,2048,1007,return,sampled,a6082c9728957285d2930728822d44d523a38a1b689c805ef36879e9b280eb33,-0.1739442754770468,0.3120886411522277,-0.05663171684302877,256,0.3120886411522277,0.00046579456621254826,0.05953420543378745
0,0.5,0.5,2048,1008,exact_advantage,analytic,36ca2ef766d62b2534377d51d6ec0eb743769225d42e46986bfaba0dbd538203,-0.18733418128478072,0.28421389105337325,-0.05303953716175738,256,0.28421389105337325,0.00019593427250598716,0.05980406572749401
0,0.5,0.5,2048,1008,exact_advantage,sampled,36ca2ef766d62b2534377d51d6ec0eb743769225d42e46986bfaba0dbd538203,-0.18733418128478072,0.28421389105337325,-0.05303953716175738,256,0.28421389105337325,0.00019593427250598716,0.05980406572749401
0,0.5,0.5,2048,1008,return,analytic,36ca2ef766d62b2534377d51d6ec0eb743769225d42e46986bfaba0dbd538203,-0.18733418128478072,0.28421389105337325,-0.05303953716175738,256,0.28421389105337325,0.00019593427250598716,0.05980406572749401
0,0.5,0.5,2048,1008,return,sampled,36ca2ef766d62b2534377d51d6ec0eb743769225d42e46986bfaba0dbd538203,-0.18733418128478072,0.28421389105337325,-0.05303953716175738,256,0.28421389105337325,0.00019593427250598716,0.05980406572749401
0,0.5,0.5,2048,1009,exact_advantage,analytic,006b9267c771b105f0f5be51f1a045a271647519b17a39c6c66a3d002a21da64,-0.21327118343239349,0.3162079938407066,-0.06771958412738702,256,0.3162079938407066,0.00021075421155389415,0.059789245788446105
0,0.5,0.5,2048,1009,exact_advantage,sampled,006b9267c771b105f0f5be51f1a045a271647519b17a39c6c66a3d002a21da64,-0.21327118343239349,0.3162079938407066,-0.06771958412738702,256,0.3162079938407066,0.00021075421155389415,0.059789245788446105
0,0.5,0.5,2048,1009,return,analytic,006b9267c771b105f0f5be51f1a045a271647519b17a39c6c66a3d002a21da64,-0.21327118343239349,0.3162079938407066,-0.06771958412738702,256,0.3162079938407066,0.00021075421155389415,0.059789245788446105
0,0.5,0.5,2048,1009,return,sampled,006b9267c771b105f0f5be51f1a045a271647519b17a39c6c66a3d002a21da64,-0.21327118343239349,0.3162079938407066,-0.06771958412738702,256,0.3162079938407066,0.00021075421155389415,0.059789245788446105
0,0.5,0.5,2048,1010,exact_advantage,analytic,55c66d439db3a8851b8068f79df3309730e9406f6c557d33519390ab6b9ef423,-0.20323803464310325,0.29975819731239467,-0.06133105295258008,256,0.29975819731239467,6.314308425855291e-06,0.05999368569157414
0,0.5,0.5,2048,1010,exact_advantage,sampled,55c66d439db3a8851b8068f79df3309730e9406f6c557d33519390ab6b9ef423,-0.20323803464310325,0.29975819731239467,-0.06133105295258008,256,0.29975819731239467,6.314308425855291e-06,0.05999368569157414
0,0.5,0.5,2048,1010,return,analytic,55c66d439db3a8851b8068f79df3309730e9406f6c557d33519390ab6b9ef423,-0.20323803464310325,0.29975819731239467,-0.06133105295258008,256,0.29975819731239467,6.314308425855291e-06,0.05999368569157414
0,0.5,0.5,2048,1010,return,sampled,55c66d439db3a8851b8068f79df3309730e9406f6c557d33519390ab6b9ef423,-0.20323803464310325,0.29975819731239467,-0.06133105295258008,256,0.29975819731239467,6.314308425855291e-06,0.05999368569157414
0,0.5,0.5,2048,1011,exact_advantage,analytic,29c2eb6ce319d4240b5298cd25847fd17ac2544840bddd3f6f13f383d6ec0af5,-0.1924208252845892,0.2880078623724737,-0.05601274465622575,256,0.2880078623724737,9.199087957104603e-05,0.05990800912042895
0,0.5,0.5,2048,1011,exact_advantage,sampled,29c2eb6ce319d4240b5298cd25847fd17ac2544840bddd3f6f13f383d6ec0af5,-0.1924208252845892,0.2880078623724737,-0.05601274465622575,256,0.2880078623724737,9.199087957104603e-05,0.05990800912042895
0,0.5,0.5,2048,1011,return,analytic,29c2eb6ce319d4240b5298cd25847fd17ac2544840bddd3f6f13f383d6ec0af5,-0.1924208252845892,0.2880078623724737,-0.05601274465622575,256,0.2880078623724737,9.199087957104603e-05,0.05990800912042895
0,0.5,0.5,2048,1011,return,sampled,29c2eb6ce319d4240b5298cd25847fd17ac2544840bddd3f6f13f383d6ec0af5,-0.1924208252845892,0.2880078623724737,-0.05601274465622575,256,0.2880078623724737,9.199087957104603e-05,0.05990800912042895
0,0.5,0.5,2048,1012,exact_advantage,analytic,8d7fa96448433d30ce2f1f76c51a59cede27cd995debb14d53b7b4c2ceebb235,-0.1848908621903951,0.3046856989742342,-0.05758817330127647,256,0.3046856989742342,0.00014575393716063532,0.059854246062839365
0,0.5,0.5,2048,1012,exact_advantage,sampled,8d7fa96448433d30ce2f1f76c51a59cede27cd995debb14d53b7b4c2ceebb235,-0.1848908621903951,0.3046856989742342,-0.05758817330127647,256,0.3046856989742342,0.00014575393716063532,0.059854246062839365
0,0.5,0.5,2048,1012,return,analytic,8d7fa96448433d30ce2f1f76c51a59cede27cd995debb14d53b7b4c2ceebb235,-0.1848908621903951,0.3046856989742342,-0.05758817330127647,256,0.3046856989742342,0.00014575393716063532,0.059854246062839365
0,0.5,0.5,2048,1012,return,sampled,8d7fa96448433d30ce2f1f76c51a59cede27cd995debb14d53b7b4c2ceebb235,-0.1848908621903951,0.3046856989742342,-0.05758817330127647,256,0.3046856989742342,0.00014575393716063532,0.059854246062839365
0,0.5,0.5,2048,1013,exact_advantage,analytic,fb2fcad2f867fdc37623aa7117e7837f4169cf503e858fd0b8ab65d0ee5e1b26,-0.1961997916542557,0.27989204531276374,-0.05451117965539517,256,0.27989204531276374,0.0001703968867642174,0.05982960311323578
0,0.5,0.5,2048,1013,exact_advantage,sampled,fb2fcad2f867fdc37623aa7117e7837f4169cf503e858fd0b8ab65d0ee5e1b26,-0.1961997916542557,0.27989204531276374,-0.05451117965539517,256,0.27989204531276374,0.0001703968867642174,0.05982960311323578
0,0.5,0.5,2048,1013,return,analytic,fb2fcad2f867fdc37623aa7117e7837f4169cf503e858fd0b8ab65d0ee5e1b26,-0.1961997916542557,0.27989204531276374,-0.05451117965539517,256,0.27989204531276374,0.0001703968867642174,0.05982960311323578
0,0.5,0.5,2048,1013,return,sampled,fb2fcad2f867fdc37623aa7117e7837f4169cf503e858fd0b8ab65d0ee5e1b26,-0.1961997916542557,0.27989204531276374,-0.05451117965539517,256,0.27989204531276374,0.0001703968867642174,0.05982960311323578
0,0.5,0.5,2048,1014,exact_advantage,analytic,40ef7540e277682300fef99941780f411042156228b987cd2314a4f0f5304255,-0.18713611481901843,0.2977721199052521,-0.05657884032403801,256,0.2977721199052521,0.00010127310505631608,0.05989872689494368
0,0.5,0.5,2048,1014,exact_advantage,sampled,40ef7540e277682300fef99941780f411042156228b987cd2314a4f0f5304255,-0.18713611481901843,0.2977721199052521,-0.05657884032403801,256,0.2977721199052521,0.00010127310505631608,0.05989872689494368
0,0.5,0.5,2048,1014,return,analytic,40ef7540e277682300fef99941780f411042156228b987cd2314a4f0f5304255,-0.18713611481901843,0.2977721199052521,-0.05657884032403801,256,0.2977721199052521,0.00010127310505631608,0.05989872689494368
0,0.5,0.5,2048,1014,return,sampled,40ef7540e277682300fef99941780f411042156228b987cd2314a4f0f5304255,-0.18713611481901843,0.2977721199052521,-0.05657884032403801,256,0.2977721199052521,0.00010127310505631608,0.05989872689494368
0,0.5,0.5,2048,1015,exact_advantage,analytic,aa63f480070386539fd3d3af1d10a524c067f4a1d43c45af556ffa919e4991da,-0.20245542453559673,0.3024719018280061,-0.06102331288992592,256,0.3024719018280061,6.061585248926187e-06,0.05999393841475107
0,0.5,0.5,2048,1015,exact_advantage,sampled,aa63f480070386539fd3d3af1d10a524c067f4a1d43c45af556ffa919e4991da,-0.20245542453559673,0.3024719018280061,-0.06102331288992592,256,0.3024719018280061,6.061585248926187e-06,0.05999393841475107
0,0.5,0.5,2048,1015,return,analytic,aa63f480070386539fd3d3af1d10a524c067f4a1d43c45af556ffa919e4991da,-0.20245542453559673,0.3024719018280061,-0.06102331288992592,256,0.3024719018280061,6.061585248926187e-06,0.05999393841475107
0,0.5,0.5,2048,1015,return,sampled,aa63f480070386539fd3d3af1d10a524c067f4a1d43c45af556ffa919e4991da,-0.20245542453559673,0.3024719018280061,-0.06102331288992592,256,0.3024719018280061,6.061585248926187e-06,0.05999393841475107
0,0.5,0.5,2048,1016,exact_advantage,analytic,c0532104ce61ebe909680163028fe791baa30a9f01f06c7c3ca6e5040e4134d1,-0.20496897369415115,0.29546542618173866,-0.05987413401747811,256,0.29546542618173866,2.303936362920409e-05,0.05997696063637079
0,0.5,0.5,2048,1016,exact_advantage,sampled,c0532104ce61ebe909680163028fe791baa30a9f01f06c7c3ca6e5040e4134d1,-0.20496897369415115,0.29546542618173866,-0.05987413401747811,256,0.29546542618173866,2.303936362920409e-05,0.05997696063637079
0,0.5,0.5,2048,1016,return,analytic,c0532104ce61ebe909680163028fe791baa30a9f01f06c7c3ca6e5040e4134d1,-0.20496897369415115,0.29546542618173866,-0.05987413401747811,256,0.29546542618173866,2.303936362920409e-05,0.05997696063637079
0,0.5,0.5,2048,1016,return,sampled,c0532104ce61ebe909680163028fe791baa30a9f01f06c7c3ca6e5040e4134d1,-0.20496897369415115,0.29546542618173866,-0.05987413401747811,256,0.29546542618173866,2.303936362920409e-05,0.05997696063637079
0,0.5,0.5,2048,1017,exact_advantage,analytic,aa37c55f13823ea26625a6ed7122db960a3bd84fc612a927acad07fc4d944dbe,-0.19069207520048523,0.3198079227196935,-0.0629156818961061,256,0.3198079227196935,0.00020892399943179347,0.059791076000568204
0,0.5,0.5,2048,1017,exact_advantage,sampled,aa37c55f13823ea26625a6ed7122db960a3bd84fc612a927acad07fc4d944dbe,-0.19069207520048523,0.3198079227196935,-0.0629156818961061,256,0.3198079227196935,0.00020892399943179347,0.059791076000568204
0,0.5,0.5,2048,1017,return,analytic,aa37c55f13823ea26625a6ed7122db960a3bd84fc612a927acad07fc4d944dbe,-0.19069207520048523,0.3198079227196935,-0.0629156818961061,256,0.3198079227196935,0.00020892399943179347,0.059791076000568204
0,0.5,0.5,2048,1017,return,sampled,aa37c55f13823ea26625a6ed7122db960a3bd84fc612a927acad07fc4d944dbe,-0.19069207520048523,0.3198079227196935,-0.0629156818961061,256,0.3198079227196935,0.00020892399943179347,0.059791076000568204
0,0.5,0.5,2048,1018,exact_advantage,analytic,b3269cf92ae5c02d5d74668fbfc0b7d53eccc4c04a9375350a5bf67a34075ba5,-0.1746626531601069,0.2764884682974385,-0.04872103934421897,256,0.2764884682974385,0.0006063055361312463,0.05939369446386875
0,0.5,0.5,2048,1018,exact_advantage,sampled,b3269cf92ae5c02d5d74668fbfc0b7d53eccc4c04a9375350a5bf67a34075ba5,-0.1746626531601069,0.2764884682974385,-0.04872103934421897,256,0.2764884682974385,0.0006063055361312463,0.05939369446386875
0,0.5,0.5,2048,1018,return,analytic,b3269cf92ae5c02d5d74668fbfc0b7d53eccc4c04a9375350a5bf67a34075ba5,-0.1746626531601069,0.2764884682974385,-0.04872103934421897,256,0.2764884682974385,0.0006063055361312463,0.05939369446386875
0,0.5,0.5,2048,1018,return,sampled,b3269cf92ae5c02d5d74668fbfc0b7d53eccc4c04a9375350a5bf67a34075ba5,-0.1746626531601069,0.2764884682974385,-0.04872103934421897,256,0.2764884682974385,0.0006063055361312463,0.05939369446386875
0,0.5,0.5,2048,1019,exact_advantage,analytic,b824bc4144f845d05ea4863018de873ac75de796cd7cde1cf1553a9ef6a58304,-0.1979445885075903,0.28273063632895795,-0.055410198672898134,256,0.28273063632895795,0.00012182719848296053,0.05987817280151704
0,0.5,0.5,2048,1019,exact_advantage,sampled,b824bc4144f845d05ea4863018de873ac75de796cd7cde1cf1553a9ef6a58304,-0.1979445885075903,0.28273063632895795,-0.055410198672898134,256,0.28273063632895795,0.00012182719848296053,0.05987817280151704
0,0.5,0.5,2048,1019,return,analytic,b824bc4144f845d05ea4863018de873ac75de796cd7cde1cf1553a9ef6a58304,-0.1979445885075903,0.28273063632895795,-0.055410198672898134,256,0.28273063632895795,0.00012182719848296053,0.05987817280151704
0,0.5,0.5,2048,1019,return,sampled,b824bc4144f845d05ea4863018de873ac75de796cd7cde1cf1553a9ef6a58304,-0.1979445885075903,0.28273063632895795,-0.055410198672898134,256,0.28273063632895795,0.00012182719848296053,0.05987817280151704
0,0.5,0.5,8192,1000,exact_advantage,analytic,3df4d3e234c6ab79afe1d972c17b344762865bb50c9e75a14eed635d9b68a45e,-0.19115959948901445,0.2992599274951555,-0.057715206095513734,256,0.2992599274951555,4.711069164175094e-05,0.059952889308358244
0,0.5,0.5,8192,1000,exact_advantage,sampled,3df4d3e234c6ab79afe1d972c17b344762865bb50c9e75a14eed635d9b68a45e,-0.19115959948901445,0.2992599274951555,-0.057715206095513734,256,0.2992599274951555,4.711069164175094e-05,0.059952889308358244
0,0.5,0.5,8192,1000,return,analytic,3df4d3e234c6ab79afe1d972c17b344762865bb50c9e75a14eed635d9b68a45e,-0.19115959948901445,0.2992599274951555,-0.057715206095513734,256,0.2992599274951555,4.711069164175094e-05,0.059952889308358244
0,0.5,0.5,8192,1000,return,sampled,3df4d3e234c6ab79afe1d972c17b344762865bb50c9e75a14eed635d9b68a45e,-0.19115959948901445,0.2992599274951555,-0.057715206095513734,256,0.2992599274951555,4.711069164175094e-05,0.059952889308358244
0,0.5,0.5,8192,1001,exact_advantage,analytic,5fb81bea16e88f45072f0f00be7b551eb2db3d1c0767d097a6f37686a7b5d4a8,-0.19634003105928471,0.2974496932829358,-0.05867537065438545,256,0.2974496932829358,1.0638849328641478e-05,0.059989361150671355
0,0.5,0.5,8192,1001,exact_advantage,sampled,5fb81bea16e88f45072f0f00be7b551eb2db3d1c0767d097a6f37686a7b5d4a8,-0.19634003105928471,0.2974496932829358,-0.05867537065438545,256,0.2974496932829358,1.0638849328641478e-05,0.059989361150671355
0,0.5,0.5,8192,1001,return,analytic,5fb81bea16e88f45072f0f00be7b551eb2db3d1c0767d097a6f37686a7b5d4a8,-0.19634003105928471,0.2974496932829358,-0.05867537065438545,256,0.2974496932829358,1.0638849328641478e-05,0.059989361150671355
0,0.5,0.5,8192,1001,return,sampled,5fb81bea16e88f45072f0f00be7b551eb2db3d1c0767d097a6f37686a7b5d4a8,-0.19634003105928471,0.2974496932829358,-0.05867537065438545,256,0.2974496932829358,1.0638849328641478e-05,0.059989361150671355
0,0.5,0.5,8192,1002,exact_advantage,analytic,17743af55f57744c34a788fd7b0784843c67b33b4bdd6eea1fd8b6172966bec3,-0.20065579013197563,0.3112825042264705,-0.06306277152998101,256,0.3112825042264705,5.117599706644816e-05,0.05994882400293355
0,0.5,0.5,8192,1002,exact_advantage,sampled,17743af55f57744c34a788fd7b0784843c67b33b4bdd6eea1fd8b6172966bec3,-0.20065579013197563,0.3112825042264705,-0.06306277152998101,256,0.3112825042264705,5.117599706644816e-05,0.05994882400293355
0,0.5,0.5,8192,1002,return,analytic,17743af55f57744c34a788fd7b0784843c67b33b4bdd6eea1fd8b6172966bec3,-0.20065579013197563,0.3112825042264705,-0.06306277152998101,256,0.3112825042264705,5.117599706644816e-05,0.05994882400293355
0,0.5,0.5,8192,1002,return,sampled,17743af55f57744c34a788fd7b0784843c67b33b4bdd6eea1fd8b6172966bec3,-0.20065579013197563,0.3112825042264705,-0.06306277152998101,256,0.3112825042264705,5.117599706644816e-05,0.05994882400293355
0,0.5,0.5,8192,1003,exact_advantage,analytic,82cd39c71afd9301f4909027ea9de77cbe70c03291a1c0387c4fa438c7085b35,-0.18813427320768544,0.29566934436639825,-0.05625701646309501,256,0.29566934436639825,9.197911467264967e-05,0.059908020885327345
0,0.5,0.5,8192,1003,exact_advantage,sampled,82cd39c71afd9301f4909027ea9de77cbe70c03291a1c0387c4fa438c7085b35,-0.18813427320768544,0.29566934436639825,-0.05625701646309501,256,0.29566934436639825,9.197911467264967e-05,0.059908020885327345
0,0.5,0.5,8192,1003,return,analytic,82cd39c71afd9301f4909027ea9de77cbe70c03291a1c0387c4fa438c7085b35,-0.18813427320768544,0.29566934436639825,-0.05625701646309501,256,0.29566934436639825,9.197911467264967e-05,0.059908020885327345
0,0.5,0.5,8192,1003,return,sampled,82cd39c71afd9301f4909027ea9de77cbe70c03291a1c0387c4fa438c7085b35,-0.18813427320768544,0.29566934436639825,-0.05625701646309501,256,0.29566934436639825,9.197911467264967e-05,0.059908020885327345
0,0.5,0.5,8192,1004,exact_advantage,analytic,b51a8c2b08d4c9815eb59a8b4c27b164f48638b29a484069f9e03d5d8f5e292a,-0.20679785682112606,0.30383802232118334,-0.06274917125456952,256,0.30383802232118334,3.361868055147862e-05,0.05996638131944852
0,0.5,0.5,8192,1004,exact_advantage,sampled,b51a8c2b08d4c9815eb59a8b4c27b164f48638b29a484069f9e03d5d8f5e292a,-0.20679785682112606,0.30383802232118334,-0.06274917125456952,256,0.30383802232118334,3.361868055147862e-05,0.05996638131944852
0,0.5,0.5,8192,1004,return,analytic,b51a8c2b08d4c9815eb59a8b4c27b164f48638b29a484069f9e03d5d8f5e292a,-0.20679785682112606,0.30383802232118334,-0.06274917125456952,256,0.30383802232118334,3.361868055147862e-05,0.05996638131944852
0,0.5,0.5,8192,1004,return,sampled,b51a8c2b08d4c9815eb59a8b4c27b164f48638b29a484069f9e03d5d8f5e292a,-0.20679785682112606,0.30383802232118334,-0.06274917125456952,256,0.30383802232118334,3.361868055147862e-05,0.05996638131944852
0,0.5,0.5,8192,1005,exact_advantage,analytic,bc579f19c8da396fa40d6f738a605f47810059cd283e476b593336fd803ffa1f,-0.20544898927340566,0.2988685158550756,-0.061039859495421116,256,0.2988685158550756,1.8326993009099966e-05,0.0599816730069909
0,0.5,0.5,8192,1005,exact_advantage,sampled,bc579f19c8da396fa40d6f738a605f47810059cd283e476b593336fd803ffa1f,-0.20544898927340566,0.2988685158550756,-0.061039859495421116,256,0.2988685158550756,1.8326993009099966e-05,0.0599816730069909
0,0.5,0.5,8192,1005,return,analytic,bc579f19c8da396fa40d6f738a605f47810059cd283e476b593336fd803ffa1f,-0.20544898927340566,0.2988685158550756,-0.061039859495421116,256,0.2988685158550756,1.8326993009099966e-05,0.0599816730069909
0,0.5,0.5,8192,1005,return,sampled,bc579f19c8da396fa40d6f738a605f47810059cd283e476b593336fd803ffa1f,-0.20544898927340566,0.2988685158550756,-0.061039859495421116,256,0.2988685158550756,1.8326993009099966e-05,0.0599816730069909
0,0.5,0.5,8192,1006,exact_advantage,analytic,e81dced73fa00a8c1f37e30a7a05c90d119053b714c9f52a0ea47ec8ac95dd55,-0.1909248445465082,0.2908841561287416,-0.055760750653048675,256,0.2908841561287416,8.2654511697089e-05,0.05991734548830291
0,0.5,0.5,8192,1006,exact_advantage,sampled,e81dced73fa00a8c1f37e30a7a05c90d119053b714c9f52a0ea47ec8ac95dd55,-0.1909248445465082,0.2908841561287416,-0.055760750653048675,256,0.2908841561287416,8.2654511697089e-05,0.05991734548830291
0,0.5,0.5,8192,1006,return,analytic,e81dced73fa00a8c1f37e30a7a05c90d119053b714c9f52a0ea47ec8ac95dd55,-0.1909248445465082,0.2908841561287416,-0.055760750653048675,256,0.2908841561287416,8.2654511697089e-05,0.05991734548830291
0,0.5,0.5,8192,1006,return,sampled,e81dced73fa00a8c1f37e30a7a05c90d119053b714c9f52a0ea47ec8ac95dd55,-0.1909248445465082,0.2908841561287416,-0.055760750653048675,256,0.2908841561287416,8.2654511697089e-05,0.05991734548830291
0,0.5,0.5,8192,1007,exact_advantage,analytic,d4b1fe12235514284b407faab37a4b3fcc495db2f845f92e859a6901d1340ddd,-0.19673623081068473,0.30966112611553565,-0.061472197736467886,256,0.30966112611553565,4.372625672078829e-05,0.059956273743279206
0,0.5,0.5,8192,1007,exact_advantage,sampled,d4b1fe12235514284b407faab37a4b3fcc495db2f845f92e859a6901d1340ddd,-0.19673623081068473,0.30966112611553565,-0.061472197736467886,256,0.30966112611553565,4.372625672078829e-05,0.059956273743279206
0,0.5,0.5,8192,1007,return,analytic,d4b1fe12235514284b407faab37a4b3fcc495db2f845f92e859a6901d1340ddd,-0.19673623081068473,0.30966112611553565,-0.061472197736467886,256,0.30966112611553565,4.372625672078829e-05,0.059956273743279206
0,0.5,0.5,8192,1007,return,sampled,d4b1fe12235514284b407faab37a4b3fcc495db2f845f92e859a6901d1340ddd,-0.19673623081068473,0.30966112611553565,-0.061472197736467886,256,0.30966112611553565,4.372625672078829e-05,0.059956273743279206
0,0.5,0.5,8192,1008,exact_advantage,analytic,06997b6a2240b5d4dfb569c9598813ed3ddef18faf63502798b692ba3b5b8dfb,-0.2047641806365759,0.30596343595165204,-0.06244113048930931,256,0.30596343595165204,2.784347762253723e-05,0.05997215652237746
0,0.5,0.5,8192,1008,exact_advantage,sampled,06997b6a2240b5d4dfb569c9598813ed3ddef18faf63502798b692ba3b5b8dfb,-0.2047641806365759,0.30596343595165204,-0.06244113048930931,256,0.30596343595165204,2.784347762253723e-05,0.05997215652237746
0,0.5,0.5,8192,1008,return,analytic,06997b6a2240b5d4dfb569c9598813ed3ddef18faf63502798b692ba3b5b8dfb,-0.2047641806365759,0.30596343595165204,-0.06244113048930931,256,0.30596343595165204,2.784347762253723e-05,0.05997215652237746
0,0.5,0.5,8192,1008,return,sampled,06997b6a2240b5d4dfb569c9598813ed3ddef18faf63502798b692ba3b5b8dfb,-0.2047641806365759,0.30596343595165204,-0.06244113048930931,256,0.30596343595165204,2.784347762253723e-05,0.05997215652237746
0,0.5,0.5,8192,1009,exact_advantage,analytic,0d8bb94a0c3c231191792deed12e0bbeac5afb06f93b7db81b34d5bb5b161f3e,-0.208322659632725,0.3104371592588265,-0.06471962885500235,256,0.3104371592588265,8.513371537495708e-05,0.05991486628462504
0,0.5,0.5,8192,1009,exact_advantage,sampled,0d8bb94a0c3c231191792deed12e0bbeac5afb06f93b7db81b34d5bb5b161f3e,-0.208322659632725,0.3104371592588265,-0.06471962885500235,256,0.3104371592588265,8.513371537495708e-05,0.05991486628462504
0,0.5,0.5,8192,1009,return,analytic,0d8bb94a0c3c231191792deed12e0bbeac5afb06f93b7db81b34d5bb5b161f3e,-0.208322659632725,0.3104371592588265,-0.06471962885500235,256,0.3104371592588265,8.513371537495708e-05,0.05991486628462504
0,0.5,0.5,8192,1009,return,sampled,0d8bb94a0c3c231191792deed12e0bbeac5afb06f93b7db81b34d5bb5b161f3e,-0.208322659632725,0.3104371592588265,-0.06471962885500235,256,0.3104371592588265,8.513371537495708e-05,0.05991486628462504
0,0.5,0.5,8192,1010,exact_advantage,analytic,355da2c75511e19fd3c524a717ecd4b52408dae5ea863bbe5d7c5c86eedabbf4,-0.19953408230618952,0.305062171177707,-0.06139255196190148,256,0.305062171177707,1.0380478391406484e-05,0.05998961952160859
0,0.5,0.5,8192,1010,exact_advantage,sampled,355da2c75511e19fd3c524a717ecd4b52408dae5ea863bbe5d7c5c86eedabbf4,-0.19953408230618952,0.305062171177707,-0.06139255196190148,256,0.305062171177707,1.0380478391406484e-05,0.05998961952160859
0,0.5,0.5,8192,1010,return,analytic,355da2c75511e19fd3c524a717ecd4b52408dae5ea863bbe5d7c5c86eedabbf4,-0.19953408230618952,0.305062171177707,-0.06139255196190148,256,0.305062171177707,1.0380478391406484e-05,0.05998961952160859
0,0.5,0.5,8192,1010,return,sampled,355da2c75511e19fd3c524a717ecd4b52408dae5ea863bbe5d7c5c86eedabbf4,-0.19953408230618952,0.305062171177707,-0.06139255196190148,256,0.305062171177707,1.0380478391406484e-05,0.05998961952160859
0,0.5,0.5,8192,1011,exact_advantage,analytic,5cefed5f5c87e7621c601a5ac91df88bd558441f2882195a4ffda8f0235d46a4,-0.19779007351606628,0.2948861439064115,-0.058420444940426565,256,0.2948861439064115,1.3390874697007898e-05,0.059986609125302987
0,0.5,0.5,8192,1011,exact_advantage,sampled,5cefed5f5c87e7621c601a5ac91df88bd558441f2882195a4ffda8f0235d46a4,-0.19779007351606628,0.2948861439064115,-0.058420444940426565,256,0.2948861439064115,1.3390874697007898e-05,0.059986609125302987
0,0.5,0.5,8192,1011,return,analytic,5cefed5f5c87e7621c601a5ac91df88bd558441f2882195a4ffda8f0235d46a4,-0.19779007351606628,0.2948861439064115,-0.058420444940426565,256,0.2948861439064115,1.3390874697007898e-05,0.059986609125302987
0,0.5,0.5,8192,1011,return,sampled,5cefed5f5c87e7621c601a5ac91df88bd558441f2882195a4ffda8f0235d46a4,-0.19779007351606628,0.2948861439064115,-0.058420444940426565,256,0.2948861439064115,1.3390874697007898e-05,0.059986609125302987
0,0.5,0.5,8192,1012,exact_advantage,analytic,c34ef0597f564fe5507d08e3f66019e0e7191de21d13e9355134b5e59aea4b9b,-0.18054173771785192,0.2925894925174165,-0.053755076205287536,256,0.2925894925174165,0.0002491406310842904,0.05975085936891571
0,0.5,0.5,8192,1012,exact_advantage,sampled,c34ef0597f564fe5507d08e3f66019e0e7191de21d13e9355134b5e59aea4b9b,-0.18054173771785192,0.2925894925174165,-0.053755076205287536,256,0.2925894925174165,0.0002491406310842904,0.05975085936891571
0,0.5,0.5,8192,1012,return,analytic,c34ef0597f564fe5507d08e3f66019e0e7191de21d13e9355134b5e59aea4b9b,-0.18054173771785192,0.2925894925174165,-0.053755076205287536,256,0.2925894925174165,0.0002491406310842904,0.05975085936891571
0,0.5,0.5,8192,1012,return,sampled,c34ef0597f564fe5507d08e3f66019e0e7191de21d13e9355134b5e59aea4b9b,-0.18054173771785192,0.2925894925174165,-0.053755076205287536,256,0.2925894925174165,0.0002491406310842904,0.05975085936891571
0,0.5,0.5,8192,1013,exact_advantage,analytic,758fea52245d03eaf9cb5aaf24625f12d331da3e421449924e20d4991b7e1eee,-0.19561396853936297,0.29888650549849954,-0.058702829494160245,256,0.29888650549849954,1.2038311186167426e-05,0.05998796168881383
0,0.5,0.5,8192,1013,exact_advantage,sampled,758fea52245d03eaf9cb5aaf24625f12d331da3e421449924e20d4991b7e1eee,-0.19561396853936297,0.29888650549849954,-0.058702829494160245,256,0.29888650549849954,1.2038311186167426e-05,0.05998796168881383
0,0.5,0.5,8192,1013,return,analytic,758fea52245d03eaf9cb5aaf24625f12d331da3e421449924e20d4991b7e1eee,-0.19561396853936297,0.29888650549849954,-0.058702829494160245,256,0.29888650549849954,1.2038311186167426e-05,0.05998796168881383
0,0.5,0.5,8192,1013,return,sampled,758fea52245d03eaf9cb5aaf24625f12d331da3e421449924e20d4991b7e1eee,-0.19561396853936297,0.29888650549849954,-0.058702829494160245,256,0.29888650549849954,1.2038311186167426e-05,0.05998796168881383
0,0.5,0.5,8192,1014,exact_advantage,analytic,98d37b808a5046359430f145e558e30d9034557c6baaa0d3463250837812bb16,-0.19793063611438877,0.299793909263394,-0.0595830608478244,256,0.299793909263394,2.586349491329154e-06,0.05999741365050867
0,0.5,0.5,8192,1014,exact_advantage,sampled,98d37b808a5046359430f145e558e30d9034557c6baaa0d3463250837812bb16,-0.19793063611438877,0.299793909263394,-0.0595830608478244,256,0.299793909263394,2.586349491329154e-06,0.05999741365050867
0,0.5,0.5,8192,1014,return,analytic,98d37b808a5046359430f145e558e30d9034557c6baaa0d3463250837812bb16,-0.19793063611438877,0.299793909263394,-0.0595830608478244,256,0.299793909263394,2.586349491329154e-06,0.05999741365050867
0,0.5,0.5,8192,1014,return,sampled,98d37b808a5046359430f145e558e30d9034557c6baaa0d3463250837812bb16,-0.19793063611438877,0.299793909263394,-0.0595830608478244,256,0.299793909263394,2.586349491329154e-06,0.05999741365050867
0,0.5,0.5,8192,1015,exact_advantage,analytic,8e95f9902f862dbd943a8223c560e706db5d234900548c405e5d2620692e9550,-0.19629441304376477,0.29682771419626564,-0.058158640250060796,256,0.29682771419626564,1.2264183702362258e-05,0.059987735816297634
0,0.5,0.5,8192,1015,exact_advantage,sampled,8e95f9902f862dbd943a8223c560e706db5d234900548c405e5d2620692e9550,-0.19629441304376477,0.29682771419626564,-0.058158640250060796,256,0.29682771419626564,1.2264183702362258e-05,0.059987735816297634
0,0.5,0.5,8192,1015,return,analytic,8e95f9902f862dbd943a8223c560e706db5d234900548c405e5d2620692e9550,-0.19629441304376477,0.29682771419626564,-0.058158640250060796,256,0.29682771419626564,1.2264183702362258e-05,0.059987735816297634
0,0.5,0.5,8192,1015,return,sampled,8e95f9902f862dbd943a8223c560e706db5d234900548c405e5d2620692e9550,-0.19629441304376477,0.29682771419626564,-0.058158640250060796,256,0.29682771419626564,1.2264183702362258e-05,0.059987735816297634
0,0.5,0.5,8192,1016,exact_advantage,analytic,1b2498fac31669fe18b6fac5ca07a96b1f7e50ed4c6fcf3af5019e4b35414458,-0.18979207921484986,0.29542596941532845,-0.05635879211181089,256,0.29542596941532845,7.088969036934451e-05,0.059929110309630655
0,0.5,0.5,8192,1016,exact_advantage,sampled,1b2498fac31669fe18b6fac5ca07a96b1f7e50ed4c6fcf3af5019e4b35414458,-0.18979207921484986,0.29542596941532845,-0.05635879211181089,256,0.29542596941532845,7.088969036934451e-05,0.059929110309630655
0,0.5,0.5,8192,1016,return,analytic,1b2498fac31669fe18b6fac5ca07a96b1f7e50ed4c6fcf3af5019e4b35414458,-0.18979207921484986,0.29542596941532845,-0.05635879211181089,256,0.29542596941532845,7.088969036934451e-05,0.059929110309630655
0,0.5,0.5,8192,1016,return,sampled,1b2498fac31669fe18b6fac5ca07a96b1f7e50ed4c6fcf3af5019e4b35414458,-0.18979207921484986,0.29542596941532845,-0.05635879211181089,256,0.29542596941532845,7.088969036934451e-05,0.059929110309630655
0,0.5,0.5,8192,1017,exact_advantage,analytic,3b1ea433a787ae566510fbc6fc0fa89923c63ebb893086bc7c9db17a3c6b97c2,-0.19819857340443967,0.3008377225258026,-0.059931622615976884,256,0.3008377225258026,2.2277942796101235e-06,0.05999777220572039
0,0.5,0.5,8192,1017,exact_advantage,sampled,3b1ea433a787ae566510fbc6fc0fa89923c63ebb893086bc7c9db17a3c6b97c2,-0.19819857340443967,0.3008377225258026,-0.059931622615976884,256,0.3008377225258026,2.2277942796101235e-06,0.05999777220572039
0,0.5,0.5,8192,1017,return,analytic,3b1ea433a787ae566510fbc6fc0fa89923c63ebb893086bc7c9db17a3c6b97c2,-0.19819857340443967,0.3008377225258026,-0.059931622615976884,256,0.3008377225258026,2.2277942796101235e-06,0.05999777220572039
0,0.5,0.5,8192,1017,return,sampled,3b1ea433a787ae566510fbc6fc0fa89923c63ebb893086bc7c9db17a3c6b97c2,-0.19819857340443967,0.3008377225258026,-0.059931622615976884,256,0.3008377225258026,2.2277942796101235e-06,0.05999777220572039
0,0.5,0.5,8192,1018,exact_advantage,analytic,b02de66edb6920eb10909f03c6e60c9193cfd77fe76f28d33d5e9638e38f2756,-0.19698171024939276,0.30101794610561305,-0.05943379183252783,256,0.30101794610561305,5.880529520745589e-06,0.05999411947047925
0,0.5,0.5,8192,1018,exact_advantage,sampled,b02de66edb6920eb10909f03c6e60c9193cfd77fe76f28d33d5e9638e38f2756,-0.19698171024939276,0.30101794610561305,-0.05943379183252783,256,0.30101794610561305,5.880529520745589e-06,0.05999411947047925
0,0.5,0.5,8192,1018,return,analytic,b02de66edb6920eb10909f03c6e60c9193cfd77fe76f28d33d5e9638e38f2756,-0.19698171024939276,0.30101794610561305,-0.05943379183252783,256,0.30101794610561305,5.880529520745589e-06,0.05999411947047925
0,0.5,0.5,8192,1018,return,sampled,b02de66edb6920eb10909f03c6e60c9193cfd77fe76f28d33d5e9638e38f2756,-0.19698171024939276,0.30101794610561305,-0.05943379183252783,256,0.30101794610561305,5.880529520745589e-06,0.05999411947047925
0,0.5,0.5,8192,1019,exact_advantage,analytic,3680127daf4f4a837d13bbfd87d2a496058bd60aa7cecacba73b30d039f3d5d3,-0.19569300044255825,0.2887264663956626,-0.05634171356517638,256,0.2887264663956626,6.196717108393212e-05,0.05993803282891606
0,0.5,0.5,8192,1019,exact_advantage,sampled,3680127daf4f4a837d13bbfd87d2a496058bd60aa7cecacba73b30d039f3d5d3,-0.19569300044255825,0.2887264663956626,-0.05634171356517638,256,0.2887264663956626,6.196717108393212e-05,0.05993803282891606
0,0.5,0.5,8192,1019,return,analytic,3680127daf4f4a837d13bbfd87d2a496058bd60aa7cecacba73b30d039f3d5d3,-0.19569300044255825,0.2887264663956626,-0.05634171356517638,256,0.2887264663956626,6.196717108393212e-05,0.05993803282891606
0,0.5,0.5,8192,1019,return,sampled,3680127daf4f4a837d13bbfd87d2a496058bd60aa7cecacba73b30d039f3d5d3,-0.19569300044255825,0.2887264663956626,-0.05634171356517638,256,0.2887264663956626,6.196717108393212e-05,0.05993803282891606
1,0.2,0.8,128,1000,exact_advantage,analytic,e2aa1878fb35c682e8317cf597ee7933e8e6d24d51e9643add0da2c0b9df5a6d,-0.5657583007935635,0.6044904353613952,-0.21692109616367056,256,0.6044904353613952,0.0003682262869124892,0.2002794537130875
1,0.2,0.8,128,1000,exact_advantage,sampled,e2aa1878fb35c682e8317cf597ee7933e8e6d24d51e9643add0da2c0b9df5a6d,-0.578826102976822,0.5520105994892521,-0.2112377358863917,256,0.578826102976822,0.0011556409342781523,0.19949203906572185
1,0.2,0.8,128,1000,return,analytic,e2aa1878fb35c682e8317cf597ee7933e8e6d24d51e9643add0da2c0b9df5a6d,-0.5813483690607287,0.5182420265118687,-0.19782227295078042,256,0.5813483690607287,0.002258939497403005,0.198388740502597
1,0.2,0.8,128,1000,return,sampled,e2aa1878fb35c682e8317cf597ee7933e8e6d24d51e9643add0da2c0b9df5a6d,-0.594774378008895,0.473250084639809,-0.1945316360437607,256,0.594774378008895,0.005059118931197952,0.19558856106880204
1,0.2,0.8,128,1001,exact_advantage,analytic,87776b5696954152c3126e8fd4fc2f806c3ab102f1b1743181b46e68f3e49bb0,-0.504174397765137,0.589980294119416,-0.1873277258235358,256,0.589980294119416,0.0003930781367766999,0.2002546018632233
1,0.2,0.8,128,1001,exact_advantage,sampled,87776b5696954152c3126e8fd4fc2f806c3ab102f1b1743181b46e68f3e49bb0,-0.5263994923436622,0.6118305322811749,-0.19494156927283174,256,0.6118305322811749,0.00011678272059369525,0.2005308972794063
1,0.2,0.8,128,1001,return,analytic,87776b5696954152c3126e8fd4fc2f806c3ab102f1b1743181b46e68f3e49bb0,-0.5406315229772729,0.6194444152708591,-0.21106102341924227,256,0.6194444152708591,0.0001739762626840169,0.200473703737316
1,0.2,0.8,128,1001,return,sampled,87776b5696954152c3126e8fd4fc2f806c3ab102f1b1743181b46e68f3e49bb0,-0.5644627796753477,0.6423874938893308,-0.21965514278144138,256,0.6423874938893308,0.000910475342121244,0.19973720465787875
1,0.2,0.8,128,1002,exact_advantage,analytic,b90ceb721997441db0ce6a2398041f23389a681b5822247f264b1f41ea90a75a,-0.4417589275935874,0.6336135455408834,-0.1757015156251879,256,0.6336135455408834,0.003812173461193141,0.19683550653880685
1,0.2,0.8,128,1002,exact_advantage,sampled,b90ceb721997441db0ce6a2398041f23389a681b5822247f264b1f41ea90a75a,-0.45253325958940077,0.6148845611510023,-0.17465368999128403,256,0.6148845611510023,0.002786869766816128,0.19786081023318386
1,0.2,0.8,128,1002,return,analytic,b90ceb721997441db0ce6a2398041f23389a681b5822247f264b1f41ea90a75a,-0.4607473124383774,0.6172797736577321,-0.1774182292352803,256,0.6172797736577321,0.0023133179748930635,0.19833436202510693
1,0.2,0.8,128,1002,return,sampled,b90ceb721997441db0ce6a2398041f23389a681b5822247f264b1f41ea90a75a,-0.47198579335900015,0.5990345804451839,-0.17668367790133677,256,0.5990345804451839,0.0015800511943869383,0.19906762880561304
1,0.2,0.8,128,1003,exact_advantage,analytic,36e96c978a36d588bdd5ca607a2ce8cfcbb83a88a7ab0d622ea56849d2691d02,-0.594330330816659,0.5756196974366542,-0.22053880155303152,256,0.594330330816659,0.0013930180510954096,0.1992546619489046
1,0.2,0.8,128,1003,exact_advantage,sampled,36e96c978a36d588bdd5ca607a2ce8cfcbb83a88a7ab0d622ea56849d2691d02,-0.5030505801341723,0.579926059528891,-0.2001427635397516,256,0.579926059528891,0.00046760248438431457,0.20018007751561567
1,0.2,0.8,128,1003,return,analytic,36e96c978a36d588bdd5ca607a2ce8cfcbb83a88a7ab0d622ea56849d2691d02,-0.45342683921158516,0.5697716199665136,-0.16163997152788806,256,0.5697716199665136,0.0027685132090703776,0.19787916679092962
1,0.2,0.8,128,1003,return,sampled,36e96c978a36d588bdd5ca607a2ce8cfcbb83a88a7ab0d622ea56849d2691d02,-0.3837889531443134,0.5740345027221989,-0.15001742953288455,256,0.5740345027221989,0.00899863686627992,0.19164904313372008
1,0.2,0.8,128,1004,exact_advantage,analytic,846c6e786fd8b1cb313fb249034cb8e60f6582aa63ef277489b8c62b3ccb2b24,-0.579559380844445,0.6357232389218807,-0.2328852105042487,256,0.6357232389218807,0.001174261287797617,0.19947341871220237
1,0.2,0.8,128,1004,exact_advantage,sampled,846c6e786fd8b1cb313fb249034cb8e60f6582aa63ef277489b8c62b3ccb2b24,-0.6654995564135328,0.6033964270884593,-0.2462936390847638,256,0.6654995564135328,0.006462334850299227,0.19418534514970076
1,0.2,0.8,128,1004,return,analytic,846c6e786fd8b1cb313fb249034cb8e60f6582aa63ef277489b8c62b3ccb2b24,-0.6829820520529478,0.5780266984130965,-0.26379494134501613,256,0.6829820520529478,0.008361147341345111,0.1922865326586549
1,0.2,0.8,128,1004,return,sampled,846c6e786fd8b1cb313fb249034cb8e60f6582aa63ef277489b8c62b3ccb2b24,-0.7842586716002397,0.5486338135552691,-0.28544758614101506,256,0.7842586716002397,0.024193700584860554,0.17645397941513943
1,0.2,0.8,128,1005,exact_advantage,analytic,d0c847e4646cf44fbceee0248777e9bef33c5889c875c110d8afc324cdbac8e1,-0.5952948452292455,0.6235559639379097,-0.2358427576769153,256,0.6235559639379097,0.0015737274906724545,0.19907395250932755
1,0.2,0.8,128,1005,exact_advantage,sampled,d0c847e4646cf44fbceee0248777e9bef33c5889c875c110d8afc324cdbac8e1,-0.5565912223872157,0.5819859770165831,-0.2203407981548972,256,0.5819859770165831,0.00019976560828050623,0.2004479143917195
1,0.2,0.8,128,1005,return,analytic,d0c847e4646cf44fbceee0248777e9bef33c5889c875c110d8afc324cdbac8e1,-0.541528244605827,0.5667165813418862,-0.19500955644277318,256,0.5667165813418862,0.00020229815457451387,0.20044538184542549
1,0.2,0.8,128,1005,return,sampled,d0c847e4646cf44fbceee0248777e9bef33c5889c875c110d8afc324cdbac8e1,-0.5063205598833488,0.528935832851677,-0.18219171089603803,256,0.528935832851677,0.0014219902963614056,0.19922568970363858
1,0.2,0.8,128,1006,exact_advantage,analytic,01f3b9373505c530093dc92499529fcd6e6b56239b9fbf59fc9664a39d6fadb9,-0.5395391278085508,0.5050539521690015,-0.17734510457374342,256,0.5395391278085508,0.0020301280161848703,0.19861755198381512
1,0.2,0.8,128,1006,exact_advantage,sampled,01f3b9373505c530093dc92499529fcd6e6b56239b9fbf59fc9664a39d6fadb9,-0.563859237628572,0.4938855061373089,-0.18107579238402405,256,0.563859237628572,0.002863902096192172,0.19778377790380783
1,0.2,0.8,128,1006,return,analytic,01f3b9373505c530093dc92499529fcd6e6b56239b9fbf59fc9664a39d6fadb9,-0.5772439836363206,0.4942937174635929,-0.1911445715501055,256,0.5772439836363206,0.003198193166468978,0.19744948683353103
1,0.2,0.8,128,1006,return,sampled,01f3b9373505c530093dc92499529fcd6e6b56239b9fbf59fc9664a39d6fadb9,-0.6032614489215641,0.4833642385694706,-0.19567698823536905,256,0.6032614489215641,0.004870764921306948,0.19577691507869305
1,0.2,0.8,128,1007,exact_advantage,analytic,f4ffc171cc7408bf31d7aaddfdc0a06eae38900f712f0a6163b6e748d8a82cf1,-0.4984204480584393,0.5301534765658186,-0.16788513073594974,256,0.5301534765658186,0.0015858464360509858,0.19906183356394902
1,0.2,0.8,128,1007,exact_advantage,sampled,f4ffc171cc7408bf31d7aaddfdc0a06eae38900f712f0a6163b6e748d8a82cf1,-0.4674194354131836,0.5176863031053117,-0.16040535529824496,256,0.5176863031053117,0.0032969525996298502,0.19735072740037016
1,0.2,0.8,128,1007,return,analytic,f4ffc171cc7408bf31d7aaddfdc0a06eae38900f712f0a6163b6e748d8a82cf1,-0.44703026622921266,0.5032486320934452,-0.1424532520694593,256,0.5032486320934452,0.0051479631533511774,0.19549971684664882
1,0.2,0.8,128,1007,return,sampled,f4ffc171cc7408bf31d7aaddfdc0a06eae38900f712f0a6163b6e748d8a82cf1,-0.41922545939742256,0.4914141995893642,-0.13626228337887775,256,0.4914141995893642,0.00793044132999816,0.19271723867000184
1,0.2,0.8,128,1008,exact_advantage,analytic,b766769b67e1e818cb3b29cde32d40ca51f4939f0fa81e586d6c22168a55bc96,-0.5226150210500768,0.5782687912741675,-0.18942816684778385,256,0.5782687912741675,0.00013214909957389755,0.2005155309004261
1,0.2,0.8,128,1008,exact_advantage,sampled,b766769b67e1e818cb3b29cde32d40ca51f4939f0fa81e586d6c22168a55bc96,-0.5300453390731127,0.6440189776044123,-0.2000639625321986,256,0.6440189776044123,0.0006541017857848318,0.19999357821421515
1,0.2,0.8,128,1008,return,analytic,b766769b67e1e818cb3b29cde32d40ca51f4939f0fa81e586d6c22168a55bc96,-0.533035131767862,0.6599030048007926,-0.2179748435182928,256,0.6599030048007926,0.0011152362770493957,0.1995324437229506
1,0.2,0.8,128,1008,return,sampled,b766769b67e1e818cb3b29cde32d40ca51f4939f0fa81e586d6c22168a55bc96,-0.5406131069379966,0.7349364189056338,-0.23141735287720727,256,0.7349364189056338,0.005093118798688353,0.19555456120131165
1,0.2,0.8,128,1009,exact_advantage,analytic,78ceaed0813a991e53f76160e7529402e2836207d213eea72de30b8507fd0522,-0.5333224291982098,0.5834735744820625,-0.19708896361248357,256,0.5834735744820625,3.1119286344341614e-05,0.20061656071365566
1,0.2,0.8,128,1009,exact_advantage,sampled,78ceaed0813a991e53f76160e7529402e2836207d213eea72de30b8507fd0522,-0.49229676671554234,0.5834735744820624,-0.1889662285660605,256,0.5834735744820624,0.0007617957205653204,0.19988588427943468
1,0.2,0.8,128,1009,return,analytic,78ceaed0813a991e53f76160e7529402e2836207d213eea72de30b8507fd0522,-0.4651027538369745,0.5907461800195958,-0.17409753371553016,256,0.5907461800195958,0.0019328554533672522,0.19871482454663275
1,0.2,0.8,128,1009,return,sampled,78ceaed0813a991e53f76160e7529402e2836207d213eea72de30b8507fd0522,-0.42932589124838405,0.5907461800195959,-0.16791992644475562,256,0.5907461800195959,0.00437238670371642,0.19627529329628357
1,0.2,0.8,128,1010,exact_advantage,analytic,0ad9f4ca4f0fd432dcc4b75fa5ebdc70e9b7df594f7905e89a7f47c67ad55701,-0.6108460554772719,0.6537412869315988,-0.25263803394132106,256,0.6537412869315988,0.003064811365121,0.197582868634879
1,0.2,0.8,128,1010,exact_advantage,sampled,0ad9f4ca4f0fd432dcc4b75fa5ebdc70e9b7df594f7905e89a7f47c67ad55701,-0.6555422604648441,0.7471346377488762,-0.2787182724523294,256,0.7471346377488762,0.011490750805515898,0.1891569291944841
1,0.2,0.8,128,1010,return,analytic,0ad9f4ca4f0fd432dcc4b75fa5ebdc70e9b7df594f7905e89a7f47c67ad55701,-0.6646363540524753,0.760672900664322,-0.3176196032519152,256,0.760672900664322,0.013465810737082785,0.18718186926291722
1,0.2,0.8,128,1010,return,sampled,0ad9f4ca4f0fd432dcc4b75fa5ebdc70e9b7df594f7905e89a7f47c67ad55701,-0.7132688249618656,0.8692473934018443,-0.3511421906941856,256,0.8692473934018443,0.03146175539956492,0.16918592460043508
1,0.2,0.8,128,1011,exact_advantage,analytic,c2c3b26f33ac8e32cbc4dc002e4fdb9535475f2dcbf40642d566e77d1a50d54f,-0.45822269482955363,0.6070387302973173,-0.17599353417873217,256,0.6070387302973173,0.002366456905505613,0.1982812230944944
1,0.2,0.8,128,1011,exact_advantage,sampled,c2c3b26f33ac8e32cbc4dc002e4fdb9535475f2dcbf40642d566e77d1a50d54f,-0.5261731367662439,0.5861077864132416,-0.18441183206303308,256,0.5861077864132416,5.302730158628769e-05,0.2005946526984137
1,0.2,0.8,128,1011,return,analytic,c2c3b26f33ac8e32cbc4dc002e4fdb9535475f2dcbf40642d566e77d1a50d54f,-0.5571876069595129,0.5736119304076254,-0.20356844931808984,256,0.5736119304076254,0.0002787956261656844,0.20036888437383432
1,0.2,0.8,128,1011,return,sampled,c2c3b26f33ac8e32cbc4dc002e4fdb9535475f2dcbf40642d566e77d1a50d54f,-0.6398139083718585,0.5538306410828586,-0.2179693567156475,256,0.6398139083718585,0.004551569600761614,0.19609611039923838
1,0.2,0.8,128,1012,exact_advantage,analytic,1f91d63e553ce195f25ccd7ad0855d0101e6ef4291533f5bb88dba0b56d85d37,-0.5078613769930072,0.5748204521216005,-0.18265082550289644,256,0.5748204521216005,0.0003982152227620664,0.20024946477723793
1,0.2,0.8,128,1012,exact_advantage,sampled,1f91d63e553ce195f25ccd7ad0855d0101e6ef4291533f5bb88dba0b56d85d37,-0.505476852779599,0.48803039945128235,-0.1700716518798475,256,0.505476852779599,0.003232524803791921,0.1974151551962081
1,0.2,0.8,128,1012,return,analytic,1f91d63e553ce195f25ccd7ad0855d0101e6ef4291533f5bb88dba0b56d85d37,-0.506387194474893,0.43218473043236266,-0.14722521919616113,256,0.506387194474893,0.007039887063513305,0.1936077929364867
1,0.2,0.8,128,1012,return,sampled,1f91d63e553ce195f25ccd7ad0855d0101e6ef4291533f5bb88dba0b56d85d37,-0.5040096145084014,0.3669306119355686,-0.1399078313981555,256,0.5040096145084014,0.01359246954030258,0.18705521045969742
1,0.2,0.8,128,1013,exact_advantage,analytic,47ba0ecf6ef7025ba08bc6d575ffa31cbc32c0333f276df3dfef17112c755901,-0.5101957075433678,0.5216985974719193,-0.1697667436995062,256,0.5216985974719193,0.0015939289782550175,0.19905375102174497
1,0.2,0.8,128,1013,exact_advantage,sampled,47ba0ecf6ef7025ba08bc6d575ffa31cbc32c0333f276df3dfef17112c755901,-0.5887256578745966,0.6434779902977003,-0.2016859907550761,256,0.6434779902977003,0.0016942243894688862,0.1989534556105311
1,0.2,0.8,128,1013,return,analytic,47ba0ecf6ef7025ba08bc6d575ffa31cbc32c0333f276df3dfef17112c755901,-0.6132194381133869,0.67343207639224,-0.26138880602645387,256,0.67343207639224,0.0039049516016136762,0.19674272839838633
1,0.2,0.8,128,1013,return,sampled,47ba0ecf6ef7025ba08bc6d575ffa31cbc32c0333f276df3dfef17112c755901,-0.7076073654424065,0.8306294701364809,-0.3112674867161327,256,0.8306294701364809,0.025642787314738482,0.1750048926852615
1,0.2,0.8,128,1014,exact_advantage,analytic,2989fadd28b28e8563b4a0c81f14f043787aa7f360afdb845604043e69ae22f8,-0.5616549399190927,0.5391290602390915,-0.194980242624792,256,0.5616549399190927,0.0010235094895676491,0.19962417051043235
1,0.2,0.8,128,1014,exact_advantage,sampled,2989fadd28b28e8563b4a0c81f14f043787aa7f360afdb845604043e69ae22f8,-0.49038728192520475,0.6181275068488479,-0.1923922894923681,256,0.6181275068488479,0.000947946665471318,0.19969973333452867
1,0.2,0.8,128,1014,return,analytic,2989fadd28b28e8563b4a0c81f14f043787aa7f360afdb845604043e69ae22f8,-0.4429782401841768,0.6431713704280672,-0.1861982576690277,256,0.6431713704280672,0.003941733214367554,0.19670594678563244
1,0.2,0.8,128,1014,return,sampled,2989fadd28b28e8563b4a0c81f14f043787aa7f360afdb845604043e69ae22f8,-0.38677039060047674,0.7374142319625373,-0.1940997340581454,256,0.7374142319625373,0.013816795241396708,0.1868308847586033
1,0.2,0.8,128,1015,exact_advantage,analytic,24752853b81dcedd7e98bfa37adb16b684430bb7df6a6a29fd4c4e2648397bcc,-0.4567471120740394,0.433134192767758,-0.1279208810971076,256,0.4567471120740394,0.009036630605667364,0.19161104939433263
1,0.2,0.8,128,1015,exact_advantage,sampled,24752853b81dcedd7e98bfa37adb16b684430bb7df6a6a29fd4c4e2648397bcc,-0.4444828023440733,0.5442913775532605,-0.13864624778572848,256,0.5442913775532605,0.003848715096510319,0.19679896490348966
1,0.2,0.8,128,1015,return,analytic,24752853b81dcedd7e98bfa37adb16b684430bb7df6a6a29fd4c4e2648397bcc,-0.438336079847544,0.6038722922014713,-0.16890327900305488,256,0.6038722922014713,0.0036876349702730715,0.19696004502972692
1,0.2,0.8,128,1015,return,sampled,24752853b81dcedd7e98bfa37adb16b684430bb7df6a6a29fd4c4e2648397bcc,-0.42656694286983704,0.7588506650764155,-0.19189233984325382,256,0.7588506650764155,0.0115556179879467,0.1890920620120533
1,0.2,0.8,128,1016,exact_advantage,analytic,f0f8261a166089b6f76922a20abbbf0003dd11bf5e2b0a23ec2969c41de1d23c,-0.704396564022977,0.5724454890763504,-0.2762734520959321,256,0.704396564022977,0.011008179482438301,0.1896395005175617
1,0.2,0.8,128,1016,exact_advantage,sampled,f0f8261a166089b6f76922a20abbbf0003dd11bf5e2b0a23ec2969c41de1d23c,-0.5931754634853615,0.5638149312284824,-0.24411754851647244,256,0.5931754634853615,0.0014885603363558675,0.19915911966364414
1,0.2,0.8,128,1016,return,analytic,f0f8261a166089b6f76922a20abbbf0003dd11bf5e2b0a23ec2969c41de1d23c,-0.5626317606552937,0.5601612295721992,-0.2019154090960968,256,0.5626317606552937,0.0005654882297514705,0.20008219177024852
1,0.2,0.8,128,1016,return,sampled,f0f8261a166089b6f76922a20abbbf0003dd11bf5e2b0a23ec2969c41de1d23c,-0.4737959565108907,0.5517160790864996,-0.181013458348046,256,0.5517160790864996,0.0019435377938973868,0.1987041422061026
1,0.2,0.8,128,1017,exact_advantage,analytic,8ffa6a8f453d5cc5fe33ecc8adccb4cab0728c52329a6428035aad302672d365,-0.5535600680027882,0.696719855879977,-0.24265168009813076,256,0.696719855879977,0.0028195591102456487,0.19782812088975435
1,0.2,0.8,128,1017,exact_advantage,sampled,8ffa6a8f453d5cc5fe33ecc8adccb4cab0728c52329a6428035aad302672d365,-0.5807860040431895,0.667821587124605,-0.24314394681754753,256,0.667821587124605,0.002165326326484616,0.19848235367351538
1,0.2,0.8,128,1017,return,analytic,8ffa6a8f453d5cc5fe33ecc8adccb4cab0728c52329a6428035aad302672d365,-0.5928246745723984,0.6714235331795169,-0.2507584347124911,256,0.6714235331795169,0.002774520051299384,0.1978731599487006
1,0.2,0.8,128,1017,return,sampled,8ffa6a8f453d5cc5fe33ecc8adccb4cab0728c52329a6428035aad302672d365,-0.6219804002242398,0.6435777443048912,-0.25246507863367174,256,0.6435777443048912,0.003468005520497117,0.19717967447950288
1,0.2,0.8,128,1018,exact_advantage,analytic,5f7f7bb177a0cfdd4cd064f559d395cb13ca1718733915ce687d05a05b630903,-0.6798350849577055,0.6618674803431251,-0.28994673252377745,256,0.6798350849577055,0.00912353085063936,0.19152414914936064
1,0.2,0.8,128,1018,exact_advantage,sampled,5f7f7bb177a0cfdd4cd064f559d395cb13ca1718733915ce687d05a05b630903,-0.5870676312522287,0.6348712363653389,-0.2605443932126844,256,0.6348712363653389,0.0014290719755780635,0.19921860802442193
1,0.2,0.8,128,1018,return,analytic,5f7f7bb177a0cfdd4cd064f559d395cb13ca1718733915ce687d05a05b630903,-0.5533600543799752,0.633860562330017,-0.21914891466833228,256,0.633860562330017,0.0005224759453129499,0.20012520405468703
1,0.2,0.8,128,1018,return,sampled,5f7f7bb177a0cfdd4cd064f559d395cb13ca1718733915ce687d05a05b630903,-0.4778519176725731,0.6080027778039332,-0.1985654451781207,256,0.6080027778039332,0.0013485765129631106,0.1992991034870369
1,0.2,0.8,128,1019,exact_advantage,analytic,20842e8f96768529eb96d49a72491305d90fbceba89a24ce35034638f27edcbd,-0.5139172535353214,0.5832487825785085,-0.18947398951475317,256,0.5832487825785085,0.00021684741457384915,0.20043083258542616
1,0.2,0.8,128,1019,exact_advantage,sampled,20842e8f96768529eb96d49a72491305d90fbceba89a24ce35034638f27edcbd,-0.5515197842525136,0.6154514996312964,-0.20169634932883293,256,0.6154514996312964,0.00021029437217238083,0.20043738562782762
1,0.2,0.8,128,1019,return,analytic,20842e8f96768529eb96d49a72491305d90fbceba89a24ce35034638f27edcbd,-0.5662530726171091,0.6371618337764924,-0.22814393130512473,256,0.6371618337764924,0.0008283690237731003,0.1998193109762269
1,0.2,0.8,128,1019,return,sampled,20842e8f96768529eb96d49a72491305d90fbceba89a24ce35034638f27edcbd,-0.6076849991339338,0.6723408503654429,-0.24287829049232226,256,0.6723408503654429,0.0035444217567305847,0.1971032582432694
1,0.2,0.8,512,1000,exact_advantage,analytic,c108ed5b19993c854c5d11946d9d82def03d2ac0c71204b39fd22235dd9ca4e1,-0.5235470902257107,0.5531500203072202,-0.18370202763312765,256,0.5531500203072202,0.00048674132061962504,0.20016093867938037
1,0.2,0.8,512,1000,exact_advantage,sampled,c108ed5b19993c854c5d11946d9d82def03d2ac0c71204b39fd22235dd9ca4e1,-0.535762825780175,0.5717275015408007,-0.18880282800970738,256,0.5717275015408007,0.00012701403264790025,0.2005206659673521
1,0.2,0.8,512,1000,return,analytic,c108ed5b19993c854c5d11946d9d82def03d2ac0c71204b39fd22235dd9ca4e1,-0.541460796199812,0.5780569615346759,-0.1982743923505453,256,0.5780569615346759,7.652119506191993e-05,0.2005711588049381
1,0.2,0.8,512,1000,return,sampled,c108ed5b19993c854c5d11946d9d82def03d2ac0c71204b39fd22235dd9ca4e1,-0.5540949532706511,0.5974677839229737,-0.20379020128597963,256,0.5974677839229737,0.00012881063069107243,0.20051886936930893
1,0.2,0.8,512,1001,exact_advantage,analytic,5e204359d2470603a4bbf78b857116dc5f05d3eeafa8250465db77a54146a3f2,-0.5327765576463156,0.5926649021954125,-0.19899909480096534,256,0.5926649021954125,4.446299407130723e-06,0.20064323370059287
1,0.2,0.8,512,1001,exact_advantage,sampled,5e204359d2470603a4bbf78b857116dc5f05d3eeafa8250465db77a54146a3f2,-0.5311507199432809,0.6197755256413883,-0.20279981467798386,256,0.6197755256413883,0.00017911065540930732,0.20046856934459067
1,0.2,0.8,512,1001,return,analytic,5e204359d2470603a4bbf78b857116dc5f05d3eeafa8250465db77a54146a3f2,-0.5291247863704137,0.6320888867419029,-0.20993235491785756,256,0.6320888867419029,0.0003895465310505425,0.20025813346894944
1,0.2,0.8,512,1001,return,sampled,5e204359d2470603a4bbf78b857116dc5f05d3eeafa8250465db77a54146a3f2,-0.5275100442518319,0.6610006419070111,-0.21430563921982393,256,0.6610006419070111,0.0011768844899482417,0.19947079551005176
1,0.2,0.8,512,1002,exact_advantage,analytic,ab8cdf7cad54fa03c59f220992610db03c54eff48e666e7a5039109b19ce48e9,-0.4995617411536987,0.5559271566729258,-0.17513253551871788,256,0.5559271566729258,0.0008809373339220528,0.19976674266607794
1,0.2,0.8,512,1002,exact_advantage,sampled,ab8cdf7cad54fa03c59f220992610db03c54eff48e666e7a5039109b19ce48e9,-0.49772435199354087,0.5762611868969326,-0.17771116144951712,256,0.5762611868969326,0.0006431240539589366,0.20000455594604105
1,0.2,0.8,512,1002,return,analytic,ab8cdf7cad54fa03c59f220992610db03c54eff48e666e7a5039109b19ce48e9,-0.49708531940563305,0.5903700187030055,-0.1844203585330717,256,0.5903700187030055,0.0005848845600918866,0.2000627954399081
1,0.2,0.8,512,1002,return,sampled,ab8cdf7cad54fa03c59f220992610db03c54eff48e666e7a5039109b19ce48e9,-0.4952570910667404,0.6119613370421338,-0.18737652139482805,256,0.6119613370421338,0.000720022162139383,0.19992765783786062
1,0.2,0.8,512,1003,exact_advantage,analytic,84364c49ef93e1c94f6f827db9e2c18e8c637034ee9d1018f235b271b84c199d,-0.5387987316010987,0.5521117079506552,-0.1896799082381112,256,0.5521117079506552,0.0004521928598204623,0.20019548714017954
1,0.2,0.8,512,1003,exact_advantage,sampled,84364c49ef93e1c94f6f827db9e2c18e8c637034ee9d1018f235b271b84c199d,-0.4872899175765558,0.5550296187878955,-0.17977287776858714,256,0.5550296187878955,0.001299890894429399,0.1993477891055706
1,0.2,0.8,512,1003,return,analytic,84364c49ef93e1c94f6f827db9e2c18e8c637034ee9d1018f235b271b84c199d,-0.45890988996276194,0.5550031728422745,-0.16084577582727988,256,0.5550031728422745,0.0026713805124351305,0.19797629948756487
1,0.2,0.8,512,1003,return,sampled,84364c49ef93e1c94f6f827db9e2c18e8c637034ee9d1018f235b271b84c199d,-0.41503852881100844,0.5579364478483685,-0.1537816565654354,256,0.5579364478483685,0.005951512591897934,0.19469616740810206
1,0.2,0.8,512,1004,exact_advantage,analytic,a33b12f5f02f78e439635e7468065ee9e2da41ff02138711a25c61b535a7883d,-0.4932093869856849,0.6430336651536934,-0.20100908698233488,256,0.6430336651536934,0.0013186189213736563,0.19932906107862633
1,0.2,0.8,512,1004,exact_advantage,sampled,a33b12f5f02f78e439635e7468065ee9e2da41ff02138711a25c61b535a7883d,-0.5283295355620801,0.6169638588184504,-0.20301960485995618,256,0.6169638588184504,0.0001575917693116967,0.20049008823068828
1,0.2,0.8,512,1004,return,analytic,a33b12f5f02f78e439635e7468065ee9e2da41ff02138711a25c61b535a7883d,-0.5464648767650784,0.6088728267511889,-0.21031710544100257,256,0.6088728267511889,9.868068969812393e-05,0.20054899931030187
1,0.2,0.8,512,1004,return,sampled,a33b12f5f02f78e439635e7468065ee9e2da41ff02138711a25c61b535a7883d,-0.5853771162610469,0.5841903160252756,-0.21426272778591418,256,0.5853771162610469,0.0009608651046577606,0.19968681489534224
1,0.2,0.8,512,1005,exact_advantage,analytic,8fba415bbc17b829703d758a66001eec3d0613511e937dda17d28c31c484b373,-0.5606125710947917,0.5464493511827593,-0.19716498336373794,256,0.5606125710947917,0.0008114514398169123,0.19983622856018307
1,0.2,0.8,512,1005,exact_advantage,sampled,8fba415bbc17b829703d758a66001eec3d0613511e937dda17d28c31c484b373,-0.5318887547611917,0.5232525693278824,-0.18772833968821495,256,0.5318887547611917,0.0012878214279235872,0.19935985857207641
1,0.2,0.8,512,1005,return,analytic,8fba415bbc17b829703d758a66001eec3d0613511e937dda17d28c31c484b373,-0.5176735355587911,0.5098136533902556,-0.16946148324622481,256,0.5176735355587911,0.0019433292553902976,0.1987043507446097
1,0.2,0.8,512,1005,return,sampled,8fba415bbc17b829703d758a66001eec3d0613511e937dda17d28c31c484b373,-0.49114804334023854,0.4881704482117809,-0.16135804099961876,256,0.49114804334023854,0.0036396649103383107,0.19700801508966168
1,0.2,0.8,512,1006,exact_advantage,analytic,ac9fdada91d6e332974da13db80c81a99d2cbe6d538e7ac176dc175c5729c2cf,-0.5088380498239735,0.5447777678163918,-0.1754099315793628,256,0.5447777678163918,0.0009035482744792209,0.19974413172552077
1,0.2,0.8,512,1006,exact_advantage,sampled,ac9fdada91d6e332974da13db80c81a99d2cbe6d538e7ac176dc175c5729c2cf,-0.5193053521954847,0.5654664341209548,-0.18034168338536807,256,0.5654664341209548,0.00031545120761575083,0.20033222879238424
1,0.2,0.8,512,1006,return,analytic,ac9fdada91d6e332974da13db80c81a99d2cbe6d538e7ac176dc175c5729c2cf,-0.5263308380829027,0.5747976117533556,-0.1909704811452565,256,0.5747976117533556,0.0001302965126767186,0.2005173834873233
1,0.2,0.8,512,1006,return,sampled,ac9fdada91d6e332974da13db80c81a99d2cbe6d538e7ac176dc175c5729c2cf,-0.5371562666122978,0.5966239414509278,-0.19637219736127184,256,0.5966239414509278,2.2759673487280282e-06,0.20064540403265127
1,0.2,0.8,512,1007,exact_advantage,analytic,151ce71f3731a88386fc73da01230009e4d86787b689cd4917a1c99ae9beecb1,-0.4821572405509917,0.5566058743135575,-0.16886725989088447,256,0.5566058743135575,0.001471202496890656,0.19917647750310935
1,0.2,0.8,512,1007,exact_advantage,sampled,151ce71f3731a88386fc73da01230009e4d86787b689cd4917a1c99ae9beecb1,-0.4934069808017801,0.5307406332889336,-0.16719147240773846,256,0.5307406332889336,0.0017210868232486578,0.19892659317675135
1,0.2,0.8,512,1007,return,analytic,151ce71f3731a88386fc73da01230009e4d86787b689cd4917a1c99ae9beecb1,-0.5017197406775409,0.5177126950345684,-0.16533650062753014,256,0.5177126950345684,0.0019411090349341004,0.1987065709650659
1,0.2,0.8,512,1007,return,sampled,151ce71f3731a88386fc73da01230009e4d86787b689cd4917a1c99ae9beecb1,-0.5134278427518649,0.49365254267564945,-0.16433578984352593,256,0.5134278427518649,0.0027734695976228234,0.19787421040237718
1,0.2,0.8,512,1008,exact_advantage,analytic,022d7275f171bbc01680754e2dacb34840b38092cdccbfae34d3e38b742d2c74,-0.5105813440305426,0.6095581369808023,-0.1941451809630203,256,0.6095581369808023,0.00031007173971298887,0.20033760826028701
1,0.2,0.8,512,1008,exact_advantage,sampled,022d7275f171bbc01680754e2dacb34840b38092cdccbfae34d3e38b742d2c74,-0.5167334664170442,0.6262490299267469,-0.19788704191064013,256,0.6262490299267469,0.0004087805198517675,0.20023889948014822
1,0.2,0.8,512,1008,return,analytic,022d7275f171bbc01680754e2dacb34840b38092cdccbfae34d3e38b742d2c74,-0.5204124454141124,0.6312271749989237,-0.2047561166851204,256,0.6312271749989237,0.00044808200841024796,0.20019959799158973
1,0.2,0.8,512,1008,return,sampled,022d7275f171bbc01680754e2dacb34840b38092cdccbfae34d3e38b742d2c74,-0.5266824777386986,0.6485088311920718,-0.2087273169295043,256,0.6485088311920718,0.0007939678744475021,0.1998537121255525
1,0.2,0.8,512,1009,exact_advantage,analytic,81ce1deba9fc68e6cf8f0ff55b592f4cf4e5f2458b1a374cbe5e4dfd74e9a8ef,-0.5131102551440099,0.5697325756717783,-0.18428842124988026,256,0.5697325756717783,0.0003519535392984214,0.20029572646070157
1,0.2,0.8,512,1009,exact_advantage,sampled,81ce1deba9fc68e6cf8f0ff55b592f4cf4e5f2458b1a374cbe5e4dfd74e9a8ef,-0.5357618020696815,0.5963274301302474,-0.19263592892399722,256,0.5963274301302474,1.4085218284020287e-06,0.2006462714781716
1,0.2,0.8,512,1009,return,analytic,81ce1deba9fc68e6cf8f0ff55b592f4cf4e5f2458b1a374cbe5e4dfd74e9a8ef,-0.5456828145297926,0.6077180142434984,-0.2089977294757555,256,0.6077180142434984,8.417773071676626e-05,0.20056350226928324
1,0.2,0.8,512,1009,return,sampled,81ce1deba9fc68e6cf8f0ff55b592f4cf4e5f2458b1a374cbe5e4dfd74e9a8ef,-0.5697738086561394,0.6360891860879659,-0.21846525481350615,256,0.6360891860879659,0.000891521231938482,0.19975615876806152
1,0.2,0.8,512,1010,exact_advantage,analytic,328ef8d2acde0b32612b43e6e83945507ea52db66633a12300af7cee45a3b5e2,-0.5267689551396177,0.5832573245348976,-0.19440261825962699,256,0.5832573245348976,6.226518015234477e-05,0.20058541481984765
1,0.2,0.8,512,1010,exact_advantage,sampled,328ef8d2acde0b32612b43e6e83945507ea52db66633a12300af7cee45a3b5e2,-0.5529025343607558,0.6032952286127556,-0.20265618044716568,256,0.6032952286127556,0.00013182586283217498,0.20051585413716783
1,0.2,0.8,512,1010,return,analytic,328ef8d2acde0b32612b43e6e83945507ea52db66633a12300af7cee45a3b5e2,-0.5651349602700728,0.6074558351883018,-0.21770757822190673,256,0.6074558351883018,0.00037230806157384234,0.20027537193842615
1,0.2,0.8,512,1010,return,sampled,328ef8d2acde0b32612b43e6e83945507ea52db66633a12300af7cee45a3b5e2,-0.5931732686776726,0.6283286257233442,-0.22699952468773305,256,0.6283286257233442,0.0015568969013727897,0.1990907830986272
1,0.2,0.8,512,1011,exact_advantage,analytic,c67f884bf3183a525dcb819c53587c36cf34d259c08755ddcad7cb626248391c,-0.5083351618762353,0.5875842117661999,-0.1877701005549945,256,0.5875842117661999,0.0003044293737682248,0.20034325062623176
1,0.2,0.8,512,1011,exact_advantage,sampled,c67f884bf3183a525dcb819c53587c36cf34d259c08755ddcad7cb626248391c,-0.5237532588656859,0.5620365598247865,-0.18689527871818462,256,0.5620365598247865,0.00031913869067540544,0.2003285413093246
1,0.2,0.8,512,1011,return,analytic,c67f884bf3183a525dcb819c53587c36cf34d259c08755ddcad7cb626248391c,-0.529879303240819,0.5464512481522567,-0.1842926806945127,256,0.5464512481522567,0.000593172018049292,0.2000545079819507
1,0.2,0.8,512,1011,return,sampled,c67f884bf3183a525dcb819c53587c36cf34d259c08755ddcad7cb626248391c,-0.5459484220011348,0.5226940323619126,-0.18419996892600649,256,0.5459484220011348,0.0013396474038458773,0.19930803259615412
1,0.2,0.8,512,1012,exact_advantage,analytic,4896f71c165ff858ca480d59be1716805e572fef4a1ed5b323e72d035618455e,-0.5724370795330467,0.5867543608672642,-0.21402732187800938,256,0.5867543608672642,0.0005232615510497746,0.2001244184489502
1,0.2,0.8,512,1012,exact_advantage,sampled,4896f71c165ff858ca480d59be1716805e572fef4a1ed5b323e72d035618455e,-0.5678871130286937,0.5872843520900534,-0.2131176104502352,256,0.5872843520900534,0.00040199216455869295,0.2002456878354413
1,0.2,0.8,512,1012,return,analytic,4896f71c165ff858ca480d59be1716805e572fef4a1ed5b323e72d035618455e,-0.5665574038689515,0.5854773945426395,-0.21109184442641804,256,0.5854773945426395,0.0003771564033528691,0.20027052359664713
1,0.2,0.8,512,1012,return,sampled,4896f71c165ff858ca480d59be1716805e572fef4a1ed5b323e72d035618455e,-0.5620540548530851,0.5860062365619912,-0.21020202269743005,256,0.5860062365619912,0.0002770229543255541,0.20037065704567444
1,0.2,0.8,512,1013,exact_advantage,analytic,09b8774e2f2e6543aaaf832c5c628797b577ad77b8b3ac100d11a0d43f1090e4,-0.5090179455022481,0.56513631537135,-0.18115721765471576,256,0.56513631537135,0.0004928407520567416,0.20015483924794325
1,0.2,0.8,512,1013,exact_advantage,sampled,09b8774e2f2e6543aaaf832c5c628797b577ad77b8b3ac100d11a0d43f1090e4,-0.5296197745150157,0.5698622577319914,-0.18588032680891403,256,0.5698622577319914,0.00016478502851985212,0.20048289497148014
1,0.2,0.8,512,1013,return,analytic,09b8774e2f2e6543aaaf832c5c628797b577ad77b8b3ac100d11a0d43f1090e4,-0.5387626285993872,0.5670944300812009,-0.19373949607807564,256,0.5670944300812009,0.00018825161416258948,0.2004594283858374
1,0.2,0.8,512,1013,return,sampled,09b8774e2f2e6543aaaf832c5c628797b577ad77b8b3ac100d11a0d43f1090e4,-0.5605674374518425,0.5718366912738722,-0.19895373020677956,256,0.5718366912738722,0.00035751698639742413,0.20029016301360258
1,0.2,0.8,512,1014,exact_advantage,analytic,59f06614b8e62cb6b1d8f2efc0417d9833988f2a5c497b2f9e4e47001dbd9715,-0.51960263367532,0.6089111920151056,-0.1991849427747147,256,0.6089111920151056,0.0001601674447078336,0.20048751255529215
1,0.2,0.8,512,1014,exact_advantage,sampled,59f06614b8e62cb6b1d8f2efc0417d9833988f2a5c497b2f9e4e47001dbd9715,-0.5414146983255139,0.5971537042525038,-0.20159579543389844,256,0.5971537042525038,1.380461758636675e-05,0.20063387538241362
1,0.2,0.8,512,1014,return,analytic,59f06614b8e62cb6b1d8f2efc0417d9833988f2a5c497b2f9e4e47001dbd9715,-0.5490091422081801,0.5906051820466324,-0.2053171696234462,256,0.5906051820466324,6.793765386892413e-05,0.20057974234613107
1,0.2,0.8,512,1014,return,sampled,59f06614b8e62cb6b1d8f2efc0417d9833988f2a5c497b2f9e4e47001dbd9715,-0.5720585071458398,0.5792016893816647,-0.20833791551912084,256,0.5792016893816647,0.0005553443593053705,0.20009233564069462
1,0.2,0.8,512,1015,exact_advantage,analytic,d8f8d58b2498938ae3f683a3332361989d5848d8fd35c21cfcaf6155a1ee879c,-0.5209698593685388,0.5419945210675239,-0.1793030506902022,256,0.5419945210675239,0.0007791174477052076,0.1998685625522948
1,0.2,0.8,512,1015,exact_advantage,sampled,d8f8d58b2498938ae3f683a3332361989d5848d8fd35c21cfcaf6155a1ee879c,-0.5105210272184719,0.5782250470066519,-0.18210491123605135,256,0.5782250470066519,0.0003129897530739499,0.20033469024692604
1,0.2,0.8,512,1015,return,analytic,d8f8d58b2498938ae3f683a3332361989d5848d8fd35c21cfcaf6155a1ee879c,-0.5052914648432698,0.5918016912936593,-0.18719142100413388,256,0.5918016912936593,0.00036335456214440365,0.2002843254378556
1,0.2,0.8,512,1015,return,sampled,d8f8d58b2498938ae3f683a3332361989d5848d8fd35c21cfcaf6155a1ee879c,-0.49515757332776594,0.6313611338710953,-0.19106496019226463,256,0.6313611338710953,0.0009978905725053777,0.19964978942749462
1,0.2,0.8,512,1016,exact_advantage,analytic,e8c63c6276d72069b1ee746236912f6f2f2fc5721279416ac59c2344a1468e0c,-0.5316215776775189,0.5433938881582377,-0.18405740625994932,256,0.5433938881582377,0.0006629720137707387,0.19998470798622925
1,0.2,0.8,512,1016,exact_advantage,sampled,e8c63c6276d72069b1ee746236912f6f2f2fc5721279416ac59c2344a1468e0c,-0.5157631183499298,0.5558379609301589,-0.18247894813458967,256,0.5558379609301589,0.0005300834033527033,0.2001175965966473
1,0.2,0.8,512,1016,return,analytic,e8c63c6276d72069b1ee746236912f6f2f2fc5721279416ac59c2344a1468e0c,-0.509051632196496,0.5579648575443694,-0.17895873077049523,256,0.5579648575443694,0.0006112904403729893,0.200036389559627
1,0.2,0.8,512,1016,return,sampled,e8c63c6276d72069b1ee746236912f6f2f2fc5721279416ac59c2344a1468e0c,-0.4938659238580746,0.5707438677134011,-0.17774498051676646,256,0.5707438677134011,0.0008201646713426279,0.19982751532865736
1,0.2,0.8,512,1017,exact_advantage,analytic,59572ab6fd8d3f92fd5548dbc3b1c3d0ad1e5d254283aad01bd4d129e2ba05b5,-0.5039053832308616,0.6192634941076027,-0.1966421482945894,256,0.6192634941076027,0.0005589352378525868,0.2000887447621474
1,0.2,0.8,512,1017,exact_advantage,sampled,59572ab6fd8d3f92fd5548dbc3b1c3d0ad1e5d254283aad01bd4d129e2ba05b5,-0.5151280172075274,0.5969567487765303,-0.19513250412631325,256,0.5969567487765303,0.00016952367663652397,0.20047815632336347
1,0.2,0.8,512,1017,return,analytic,59572ab6fd8d3f92fd5548dbc3b1c3d0ad1e5d254283aad01bd4d129e2ba05b5,-0.5224420094435859,0.5917234611572462,-0.19501992511214483,256,0.5917234611572462,7.191329049453823e-05,0.20057576670950544
1,0.2,0.8,512,1017,return,sampled,59572ab6fd8d3f92fd5548dbc3b1c3d0ad1e5d254283aad01bd4d129e2ba05b5,-0.5340758957902918,0.5704099104623898,-0.1939862791353968,256,0.5704099104623898,0.0001438836710162412,0.20050379632898374
1,0.2,0.8,512,1018,exact_advantage,analytic,8e477118d962547dba90a881c7e585c1a6579b437a6690acf6adabe9a3f8989f,-0.5727213446768936,0.6301551679222444,-0.22730499037701074,256,0.6301551679222444,0.0008524497663499571,0.19979523023365003
1,0.2,0.8,512,1018,exact_advantage,sampled,8e477118d962547dba90a881c7e585c1a6579b437a6690acf6adabe9a3f8989f,-0.5289931516551384,0.6360814698762955,-0.21851641963135873,256,0.6360814698762955,0.00047219046209060026,0.2001754895379094
1,0.2,0.8,512,1018,return,analytic,8e477118d962547dba90a881c7e585c1a6579b437a6690acf6adabe9a3f8989f,-0.5060920431771186,0.63848436409983,-0.20204257471690953,256,0.63848436409983,0.0008500703926643847,0.1997976096073356
1,0.2,0.8,512,1018,return,sampled,8e477118d962547dba90a881c7e585c1a6579b437a6690acf6adabe9a3f8989f,-0.4674520563790326,0.6444884500201087,-0.1954107823057724,256,0.6444884500201087,0.002456912498541571,0.19819076750145842
1,0.2,0.8,512,1019,exact_advantage,analytic,223a76beab34c05192bcf06355d8ee3bbd98c64c13bb1a0c22b3e3e925d0fcfc,-0.5859894603097945,0.5950661188076499,-0.22253588212706646,256,0.5950661188076499,0.0009598862905366521,0.19968779370946335
1,0.2,0.8,512,1019,exact_advantage,sampled,223a76beab34c05192bcf06355d8ee3bbd98c64c13bb1a0c22b3e3e925d0fcfc,-0.5476398284323127,0.610002246894805,-0.21625859303888595,256,0.610002246894805,0.00011758088053319917,0.2005300991194668
1,0.2,0.8,512,1019,return,analytic,223a76beab34c05192bcf06355d8ee3bbd98c64c13bb1a0c22b3e3e925d0fcfc,-0.529638197411414,0.6236022872880347,-0.20753537170243622,256,0.6236022872880347,0.00023987307800257292,0.20040780692199742
1,0.2,0.8,512,1019,return,sampled,223a76beab34c05192bcf06355d8ee3bbd98c64c13bb1a0c22b3e3e925d0fcfc,-0.4949763398804692,0.6392556127049202,-0.20305347227616688,256,0.6392556127049202,0.0011705552680196891,0.19947712473198032
1,0.2,0.8,2048,1000,exact_advantage,analytic,2a4d207e6100d3965ead76ef7f0517ea0c78b42f4e9495a625f3cd33272dd49e,-0.5222387004724324,0.6044317650505547,-0.19820682053823732,256,0.6044317650505547,0.00010057773288988844,0.20054710226711012
1,0.2,0.8,2048,1000,exact_advantage,sampled,2a4d207e6100d3965ead76ef7f0517ea0c78b42f4e9495a625f3cd33272dd49e,-0.5409487206202238,0.5922081428816013,-0.20007671916211398,256,0.5922081428816013,1.022604943316431e-05,0.20063745395056684
1,0.2,0.8,2048,1000,return,analytic,2a4d207e6100d3965ead76ef7f0517ea0c78b42f4e9495a625f3cd33272dd49e,-0.5496359842428009,0.5848438815720024,-0.20354809409971525,256,0.5848438815720024,9.286261864253122e-05,0.20055481738135747
1,0.2,0.8,2048,1000,return,sampled,2a4d207e6100d3965ead76ef7f0517ea0c78b42f4e9495a625f3cd33272dd49e,-0.5693302656241681,0.573015772586369,-0.20594298031916858,256,0.573015772586369,0.0005393146137634252,0.20010836538623658
1,0.2,0.8,2048,1001,exact_advantage,analytic,1875d36174e54499586501eb00a6d0bb48750132e793843049a75e1a170a13ba,-0.5438231045093416,0.5944788686601967,-0.20436285032587506,256,0.5944788686601967,2.355987492859866e-05,0.2006241201250714
1,0.2,0.8,2048,1001,exact_advantage,sampled,1875d36174e54499586501eb00a6d0bb48750132e793843049a75e1a170a13ba,-0.5457669291307692,0.6031226194611391,-0.20610737811424673,256,0.6031226194611391,5.7935754957044464e-05,0.20058974424504294
1,0.2,0.8,2048,1001,return,analytic,1875d36174e54499586501eb00a6d0bb48750132e793843049a75e1a170a13ba,-0.5461203622728407,0.6053352058263434,-0.2087184976441958,256,0.6053352058263434,7.222258942102357e-05,0.20057545741057897
1,0.2,0.8,2048,1001,return,sampled,1875d36174e54499586501eb00a6d0bb48750132e793843049a75e1a170a13ba,-0.5480724440128851,0.6141378291189262,-0.21051597123372556,256,0.6141378291189262,0.0001597818926820971,0.2004878981073179
1,0.2,0.8,2048,1002,exact_advantage,analytic,ef675542eecbc3fed0c3e97714eddb3bf2dff61ff494df2e257cb28ea4915c24,-0.5255828917534938,0.6137237875423054,-0.20257136596511177,256,0.6137237875423054,0.00014126131490384484,0.20050641868509614
1,0.2,0.8,2048,1002,exact_advantage,sampled,ef675542eecbc3fed0c3e97714eddb3bf2dff61ff494df2e257cb28ea4915c24,-0.5276802027364211,0.6124655786219486,-0.2027956535825588,256,0.6124655786219486,0.00011387037020261095,0.2005338096297974
1,0.2,0.8,2048,1002,return,analytic,ef675542eecbc3fed0c3e97714eddb3bf2dff61ff494df2e257cb28ea4915c24,-0.528031847635842,0.6121385303860247,-0.20306151800598432,256,0.6121385303860247,0.00010860632645437424,0.20053907367354562
1,0.2,0.8,2048,1002,return,sampled,ef675542eecbc3fed0c3e97714eddb3bf2dff61ff494df2e257cb28ea4915c24,-0.5301388785775494,0.6108835886967315,-0.20329077491350156,256,0.6108835886967315,8.61656790460075e-05,0.20056151432095398
1,0.2,0.8,2048,1003,exact_advantage,analytic,e183a4ad7e40cf4cd72a58143232d0cc22759e8e36efe9ef199f973cfe6ca065,-0.5338283931398713,0.6044343154431264,-0.20310892535709837,256,0.6044343154431264,2.9682880844570743e-05,0.20061799711915543
1,0.2,0.8,2048,1003,exact_advantage,sampled,e183a4ad7e40cf4cd72a58143232d0cc22759e8e36efe9ef199f973cfe6ca065,-0.5184069440021928,0.5865772210938915,-0.1971794181970049,256,0.5865772210938915,0.00013295899537969685,0.2005147210046203
1,0.2,0.8,2048,1003,return,analytic,e183a4ad7e40cf4cd72a58143232d0cc22759e8e36efe9ef199f973cfe6ca065,-0.5102079092388717,0.5796800166416465,-0.18612615961041284,256,0.5796800166416465,0.00030794491958500915,0.200339735080415
1,0.2,0.8,2048,1003,return,sampled,e183a4ad7e40cf4cd72a58143232d0cc22759e8e36efe9ef199f973cfe6ca065,-0.4954677824141381,0.5625519564960564,-0.18069223381236588,256,0.5625519564960564,0.0008840372310700579,0.19976364276892994
1,0.2,0.8,2048,1004,exact_advantage,analytic,4e2992049c2988dcfef4ee91102cdbe46754079e5f291c6dbcc5ec9c3da7b215,-0.5250021855747903,0.6159911487497326,-0.20404277543617555,256,0.6159911487497326,0.0001702498576716529,0.20047743014232836
1,0.2,0.8,2048,1004,exact_advantage,sampled,4e2992049c2988dcfef4ee91102cdbe46754079e5f291c6dbcc5ec9c3da7b215,-0.5328542199238022,0.6024669259699812,-0.20336558805806865,256,0.6024669259699812,2.2152379856088855e-05,0.2006255276201439
1,0.2,0.8,2048,1004,return,analytic,4e2992049c2988dcfef4ee91102cdbe46754079e5f291c6dbcc5ec9c3da7b215,-0.5367522753829669,0.5987131103142137,-0.20311800373918698,256,0.5987131103142137,5.903945270188731e-06,0.2006417760547298
1,0.2,0.8,2048,1004,return,sampled,4e2992049c2988dcfef4ee91102cdbe46754079e5f291c6dbcc5ec9c3da7b215,-0.5447798187592124,0.5855699783518553,-0.20263324110038652,256,0.5855699783518553,4.7793431335709386e-05,0.2005998865686643
1,0.2,0.8,2048,1005,exact_advantage,analytic,4781aac229180efdaa8035c1b2672a6a4873d6f9c649cd3a510d236ac2647575,-0.5357990398451667,0.6062957251074093,-0.20461514977802175,256,0.6062957251074093,3.871883094853655e-05,0.20060896116905147
1,0.2,0.8,2048,1005,exact_advantage,sampled,4781aac229180efdaa8035c1b2672a6a4873d6f9c649cd3a510d236ac2647575,-0.5294423577368416,0.5807163176113236,-0.19929581335725594,256,0.5807163176113236,6.168581782542705e-05,0.20058599418217457
1,0.2,0.8,2048,1005,return,analytic,4781aac229180efdaa8035c1b2672a6a4873d6f9c649cd3a510d236ac2647575,-0.5258243596037918,0.5700589610617317,-0.1895273684322328,256,0.5700589610617317,0.0001864931409031921,0.2004611868590968
1,0.2,0.8,2048,1005,return,sampled,4781aac229180efdaa8035c1b2672a6a4873d6f9c649cd3a510d236ac2647575,-0.5195854322248531,0.5460053782884621,-0.18472237815592718,256,0.5460053782884621,0.0006931560361218467,0.19995452396387814
1,0.2,0.8,2048,1006,exact_advantage,analytic,e0523caa9ddc8700289d4e10def8dfb3324c29463dfcc5581afc9a17ecde507e,-0.5191953891885782,0.6076277174435374,-0.19788430757569436,256,0.6076277174435374,0.00015598261747351713,0.20049169738252648
1,0.2,0.8,2048,1006,exact_advantage,sampled,e0523caa9ddc8700289d4e10def8dfb3324c29463dfcc5581afc9a17ecde507e,-0.5379192800703445,0.5943565596206849,-0.19957912363100522,256,0.5943565596206849,1.4470627189082166e-06,0.2006462329372811
1,0.2,0.8,2048,1006,return,analytic,e0523caa9ddc8700289d4e10def8dfb3324c29463dfcc5581afc9a17ecde507e,-0.5460466549598564,0.5873942422663282,-0.20275566696325514,256,0.5873942422663282,4.992997095925089e-05,0.20059775002904073
1,0.2,0.8,2048,1006,return,sampled,e0523caa9ddc8700289d4e10def8dfb3324c29463dfcc5581afc9a17ecde507e,-0.5657407628758214,0.5745648933850241,-0.20498257478216733,256,0.5745648933850241,0.0004363501654500432,0.20021132983454995
1,0.2,0.8,2048,1007,exact_advantage,analytic,f8da554563b598b988723f6c08a3154d1c39e55e08b9e7e56db0c0109bb599dd,-0.544648663436878,0.5996079493003146,-0.2056618212992595,256,0.5996079493003146,3.677393004069994e-05,0.2006109060699593
1,0.2,0.8,2048,1007,exact_advantage,sampled,f8da554563b598b988723f6c08a3154d1c39e55e08b9e7e56db0c0109bb599dd,-0.5400885556704949,0.573927314856783,-0.2008251345673129,256,0.573927314856783,0.00010956470273659499,0.2005381152972634
1,0.2,0.8,2048,1007,return,analytic,f8da554563b598b988723f6c08a3154d1c39e55e08b9e7e56db0c0109bb599dd,-0.5385544685373912,0.5643904896372298,-0.19279023854206814,256,0.5643904896372298,0.00022694683345555837,0.20042073316654443
1,0.2,0.8,2048,1007,return,sampled,f8da554563b598b988723f6c08a3154d1c39e55e08b9e7e56db0c0109bb599dd,-0.5340454754553964,0.5402162987223829,-0.1884164626594556,256,0.5402162987223829,0.0007419946937377637,0.19990568530626224
1,0.2,0.8,2048,1008,exact_advantage,analytic,dabfbd98583bc05ac9bab15c729079558c40a9a64b51eb1cfe96774aeb0cf8c5,-0.5622001358251311,0.5876446083977982,-0.20963954860350908,256,0.5876446083977982,0.000273935789644879,0.20037374421035511
1,0.2,0.8,2048,1008,exact_advantage,sampled,dabfbd98583bc05ac9bab15c729079558c40a9a64b51eb1cfe96774aeb0cf8c5,-0.5393476695536464,0.5901200044752883,-0.20501279822423818,256,0.5901200044752883,8.157363822694136e-06,0.2006395226361773
1,0.2,0.8,2048,1008,return,analytic,dabfbd98583bc05ac9bab15c729079558c40a9a64b51eb1cfe96774aeb0cf8c5,-0.5284569800291972,0.5911215726377086,-0.19636860032883838,256,0.5911215726377086,2.396955379197031e-05,0.20062371044620803
1,0.2,0.8,2048,1008,return,sampled,dabfbd98583bc05ac9bab15c729079558c40a9a64b51eb1cfe96774aeb0cf8c5,-0.5069752501686531,0.5936116060541432,-0.1923275172762654,256,0.5936116060541432,0.0003235340810279913,0.200324145918972
1,0.2,0.8,2048,1009,exact_advantage,analytic,0225806418b207af5967a3d8bbc091b6159d2234a1309859ab45786f987cd27a,-0.5387741952149181,0.5917252179710496,-0.2014071418826912,256,0.5917252179710496,4.280031210226429e-06,0.20064339996878977
1,0.2,0.8,2048,1009,exact_advantage,sampled,0225806418b207af5967a3d8bbc091b6159d2234a1309859ab45786f987cd27a,-0.5330051067545302,0.5752032702788294,-0.19767658555527703,256,0.5752032702788294,9.389340839382449e-05,0.20055378659160616
1,0.2,0.8,2048,1009,return,analytic,0225806418b207af5967a3d8bbc091b6159d2234a1309859ab45786f987cd27a,-0.5304816482584442,0.5699686786829212,-0.1914479421328933,256,0.5699686786829212,0.00015953477456895517,0.20048814522543104
1,0.2,0.8,2048,1009,return,sampled,0225806418b207af5967a3d8bbc091b6159d2234a1309859ab45786f987cd27a,-0.5248010667876339,0.5540519766493337,-0.18793763812183267,256,0.5540519766493337,0.00045669599418059057,0.20019098400581942
1,0.2,0.8,2048,1010,exact_advantage,analytic,7e29f39e948ce14a78a2affe4d242aeeec0d409312b7b96eaeae27db0f240217,-0.5357174226417246,0.5879575736454322,-0.19917161146516804,256,0.5879575736454322,9.377456946045394e-06,0.20063830254305395
1,0.2,0.8,2048,1010,exact_advantage,sampled,7e29f39e948ce14a78a2affe4d242aeeec0d409312b7b96eaeae27db0f240217,-0.5397542572397016,0.5911060880465385,-0.20047359762499461,256,0.5911060880465385,7.556197766954133e-06,0.20064012380223303
1,0.2,0.8,2048,1010,return,analytic,7e29f39e948ce14a78a2affe4d242aeeec0d409312b7b96eaeae27db0f240217,-0.5419951453662072,0.5922609216455259,-0.20305669861824777,256,0.5922609216455259,1.4575883639278824e-05,0.2006331041163607
1,0.2,0.8,2048,1010,return,sampled,7e29f39e948ce14a78a2affe4d242aeeec0d409312b7b96eaeae27db0f240217,-0.5460794201580388,0.5954324851172709,-0.20438503934246263,256,0.5954324851172709,3.9537684401822614e-05,0.20060814231559818
1,0.2,0.8,2048,1011,exact_advantage,analytic,511c7c762b4e746f18121427cbfc97aa49e0edee9aebea2a9fb86a1416c68d01,-0.5458206231757814,0.607383662124919,-0.2094553855211252,256,0.607383662124919,8.289007903104854e-05,0.20056478992096893
1,0.2,0.8,2048,1011,exact_advantage,sampled,511c7c762b4e746f18121427cbfc97aa49e0edee9aebea2a9fb86a1416c68d01,-0.5436991305568126,0.5874814044600896,-0.20582177651178862,256,0.5874814044600896,3.3640193231157254e-05,0.20061403980676884
1,0.2,0.8,2048,1011,return,analytic,511c7c762b4e746f18121427cbfc97aa49e0edee9aebea2a9fb86a1416c68d01,-0.543114233299149,0.5796928381370964,-0.1996504275824582,256,0.5796928381370964,7.18370185531911e-05,0.20057584298144682
1,0.2,0.8,2048,1011,return,sampled,511c7c762b4e746f18121427cbfc97aa49e0edee9aebea2a9fb86a1416c68d01,-0.5410033061245015,0.560695557405719,-0.19630616576967325,256,0.560695557405719,0.0002935642892234163,0.20035411571077658
1,0.2,0.8,2048,1012,exact_advantage,analytic,1ae14453b0aa570ed8d99b98ab7e7f7af6948c8cf69b4a1843f7b1f6674ff1fc,-0.5280616661704394,0.5698129625168502,-0.19016950323223733,256,0.5698129625168502,0.00017396185553807678,0.2004737181444619
1,0.2,0.8,2048,1012,exact_advantage,sampled,1ae14453b0aa570ed8d99b98ab7e7f7af6948c8cf69b4a1843f7b1f6674ff1fc,-0.5299183706761134,0.5683784234716607,-0.1903378728377854,256,0.5683784234716607,0.0001822577937017048,0.2004654222062983
1,0.2,0.8,2048,1012,return,analytic,1ae14453b0aa570ed8d99b98ab7e7f7af6948c8cf69b4a1843f7b1f6674ff1fc,-0.5308273399845673,0.5682871392613978,-0.19085245727770073,256,0.5682871392613978,0.0001795291711528016,0.2004681508288472
1,0.2,0.8,2048,1012,return,sampled,1ae14453b0aa570ed8d99b98ab7e7f7af6948c8cf69b4a1843f7b1f6674ff1fc,-0.5326937273471224,0.5668564287887727,-0.19102590400967645,256,0.5668564287887727,0.00019281167779371873,0.20045486832220627
1,0.2,0.8,2048,1013,exact_advantage,analytic,b44b5b5245002b5def9beabb6113fe84bda6133a1bd3d6d0273887ae52e7ed50,-0.5553267442445208,0.5592568465679063,-0.19849553973091302,256,0.5592568465679063,0.0004524470464116929,0.2001952329535883
1,0.2,0.8,2048,1013,exact_advantage,sampled,b44b5b5245002b5def9beabb6113fe84bda6133a1bd3d6d0273887ae52e7ed50,-0.5375516176842908,0.5821976249557661,-0.19801792468841506,256,0.5821976249557661,3.6584277207567435e-05,0.20061109572279243
1,0.2,0.8,2048,1013,return,analytic,b44b5b5245002b5def9beabb6113fe84bda6133a1bd3d6d0273887ae52e7ed50,-0.5288607084035036,0.5916179171075037,-0.19709411482464623,256,0.5916179171075037,2.1024907688046017e-05,0.20062665509231195
1,0.2,0.8,2048,1013,return,sampled,b44b5b5245002b5def9beabb6113fe84bda6133a1bd3d6d0273887ae52e7ed50,-0.5119316421398998,0.6158845008996742,-0.1973610616905524,256,0.6158845008996742,0.0003450521996161565,0.20030262780038383
1,0.2,0.8,2048,1014,exact_advantage,analytic,37779b19048b97e6698fcf493f8c157acc12defb4a3fb2b105a9d5a4e61e931c,-0.5521415166117524,0.6186473634070677,-0.2151366766706637,256,0.6186473634070677,0.0002555687323420869,0.2003921112676579
1,0.2,0.8,2048,1014,exact_advantage,sampled,37779b19048b97e6698fcf493f8c157acc12defb4a3fb2b105a9d5a4e61e931c,-0.5417762473224701,0.5938868775207148,-0.20900614879912555,256,0.5938868775207148,1.2815448676053373e-05,0.20063486455132395
1,0.2,0.8,2048,1014,return,analytic,37779b19048b97e6698fcf493f8c157acc12defb4a3fb2b105a9d5a4e61e931c,-0.5364987428125705,0.5855393605478585,-0.19836345796597268,256,0.5855393605478585,1.8420617351364846e-05,0.20062925938264864
1,0.2,0.8,2048,1014,return,sampled,37779b19048b97e6698fcf493f8c157acc12defb4a3fb2b105a9d5a4e61e931c,-0.5264275426009033,0.5621034455522074,-0.1927657136235261,256,0.5621034455522074,0.00029563855273658386,0.2003520414472634
1,0.2,0.8,2048,1015,exact_advantage,analytic,31525804363a6901afc9d710e733c65c82432cc5356159c2c297dc430605e476,-0.5183919820066493,0.5836645399065661,-0.19025139969493293,256,0.5836645399065661,0.000146402606546998,0.200501277393453
1,0.2,0.8,2048,1015,exact_advantage,sampled,31525804363a6901afc9d710e733c65c82432cc5356159c2c297dc430605e476,-0.5107945520930831,0.6045910731918316,-0.1918323887442193,256,0.6045910731918316,0.0002726765408351202,0.20037500345916487
1,0.2,0.8,2048,1015,return,analytic,31525804363a6901afc9d710e733c65c82432cc5356159c2c297dc430605e476,-0.5067972519057217,0.6109607392711315,-0.19394239154323625,256,0.6109607392711315,0.00040111805977859083,0.2002465619402214
1,0.2,0.8,2048,1015,return,sampled,31525804363a6901afc9d710e733c65c82432cc5356159c2c297dc430605e476,-0.4993699559936171,0.6328695403006782,-0.19588752366816947,256,0.6328695403006782,0.0009020112253568958,0.1997456687746431
1,0.2,0.8,2048,1016,exact_advantage,analytic,479ed9845c80793b973244472ddb100dd4e3608c4f760acf71cc5b66cca78fb1,-0.5394333160319222,0.5688112414157784,-0.1944508133879887,256,0.5688112414157784,0.00016695169215405443,0.20048072830784594
1,0.2,0.8,2048,1016,exact_advantage,sampled,479ed9845c80793b973244472ddb100dd4e3608c4f760acf71cc5b66cca78fb1,-0.5256081657194136,0.5729343075876767,-0.19215208361401231,256,0.5729343075876767,0.00015507167395414285,0.20049260832604585
1,0.2,0.8,2048,1016,return,analytic,479ed9845c80793b973244472ddb100dd4e3608c4f760acf71cc5b66cca78fb1,-0.5195784102934636,0.5735364860293776,-0.1876634258056304,256,0.5735364860293776,0.00021075412909071146,0.20043692587090928
1,0.2,0.8,2048,1016,return,sampled,479ed9845c80793b973244472ddb100dd4e3608c4f760acf71cc5b66cca78fb1,-0.5062600396202432,0.5776936034902612,-0.18558345923872635,256,0.5776936034902612,0.00040770468664757127,0.20023997531335241
1,0.2,0.8,2048,1017,exact_advantage,analytic,a8a400b1881191dfd57fb7e03b699cb9a8751f0fe728815a9420d6e3d48ab31b,-0.5391941897034823,0.6197732388679438,-0.21014425866946312,256,0.6197732388679438,0.00017396841306543045,0.20047371158693456
1,0.2,0.8,2048,1017,exact_advantage,sampled,a8a400b1881191dfd57fb7e03b699cb9a8751f0fe728815a9420d6e3d48ab31b,-0.5344423534304101,0.6073492144454697,-0.20717991293316357,256,0.6073492144454697,4.655127566458151e-05,0.20060112872433541
1,0.2,0.8,2048,1017,return,analytic,a8a400b1881191dfd57fb7e03b699cb9a8751f0fe728815a9420d6e3d48ab31b,-0.5321532544737307,0.6029189003425052,-0.20194841197753144,256,0.6029189003425052,2.604619776904923e-05,0.20062163380223094
1,0.2,0.8,2048,1017,return,sampled,a8a400b1881191dfd57fb7e03b699cb9a8751f0fe728815a9420d6e3d48ab31b,-0.5274633219301376,0.5908346174194761,-0.19911596722788644,256,0.5908346174194761,3.054898062945033e-05,0.20061713101937054
1,0.2,0.8,2048,1018,exact_advantage,analytic,7af39ac8fe25752560e72fd21ea45f85c1782fc95f3053ba71199ef3782e28fd,-0.5412086154058288,0.5862173999884781,-0.20033666889456284,256,0.5862173999884781,2.5923423899672263e-05,0.20062175657610032
1,0.2,0.8,2048,1018,exact_advantage,sampled,7af39ac8fe25752560e72fd21ea45f85c1782fc95f3053ba71199ef3782e28fd,-0.5116378410799635,0.5819178184514139,-0.19351540834508257,256,0.5819178184514139,0.0002652803307112116,0.20038239966928878
1,0.2,0.8,2048,1018,return,analytic,7af39ac8fe25752560e72fd21ea45f85c1782fc95f3053ba71199ef3782e28fd,-0.4967187652003967,0.5816953102759221,-0.18116057278084774,256,0.5816953102759221,0.0006312776960712137,0.20001640230392878
1,0.2,0.8,2048,1018,return,sampled,7af39ac8fe25752560e72fd21ea45f85c1782fc95f3053ba71199ef3782e28fd,-0.4695797167659537,0.5774287027254313,-0.1753236816273261,256,0.5774287027254313,0.0017643747662588224,0.19888330523374118
1,0.2,0.8,2048,1019,exact_advantage,analytic,55c610441e3e1b69250f5dc081e91f1afdea3db09955da84a244275ad856ce66,-0.5538234287062925,0.5950374252581451,-0.20836813179803626,256,0.5950374252581451,0.00012226257086430073,0.20052541742913568
1,0.2,0.8,2048,1019,exact_advantage,sampled,55c610441e3e1b69250f5dc081e91f1afdea3db09955da84a244275ad856ce66,-0.533532949722621,0.6022371812440335,-0.20513162435657656,256,0.6022371812440335,1.9707049076155188e-05,0.20062797295092383
1,0.2,0.8,2048,1019,return,analytic,55c610441e3e1b69250f5dc081e91f1afdea3db09955da84a244275ad856ce66,-0.5240478767763431,0.6062190203873021,-0.19942942305535227,256,0.6062190203873021,9.307758939021414e-05,0.2005546024106098
1,0.2,0.8,2048,1019,return,sampled,55c610441e3e1b69250f5dc081e91f1afdea3db09955da84a244275ad856ce66,-0.5048460218429155,0.6135549513389063,-0.19668726751233523,256,0.6135549513389063,0.0004705924235225967,0.2001770875764774
1,0.2,0.8,8192,1000,exact_advantage,analytic,58df2222d02615dd33d31539687b5c854fe0f82caa69a071b117032772a14672,-0.5323052105476412,0.6012445277198233,-0.20131793415610627,256,0.6012445277198233,1.8677858695470348e-05,0.20062900214130452
1,0.2,0.8,8192,1000,exact_advantage,sampled,58df2222d02615dd33d31539687b5c854fe0f82caa69a071b117032772a14672,-0.5367227195280683,0.5963576284212471,-0.2014708269982318,256,0.5963576284212471,1.6235256440445e-06,0.20064605647435596
1,0.2,0.8,8192,1000,return,analytic,58df2222d02615dd33d31539687b5c854fe0f82caa69a071b117032772a14672,-0.5386453723473491,0.594305264934682,-0.20180748769120915,256,0.594305264934682,2.711085814918444e-06,0.20064496891418507
1,0.2,0.8,8192,1000,return,sampled,58df2222d02615dd33d31539687b5c854fe0f82caa69a071b117032772a14672,-0.5431155313340253,0.5894749267835963,-0.20199928331526357,256,0.5894749267835963,2.4684151516686956e-05,0.2006229958484833
1,0.2,0.8,8192,1001,exact_advantage,analytic,cadc51a452ca16da04e6df15aeea88fe2d46660c49ccb0295f958104496325e2,-0.5394527973513171,0.5997857356631511,-0.20397878032951192,256,0.5997857356631511,1.3147507580864526e-05,0.20063453249241914
1,0.2,0.8,8192,1001,exact_advantage,sampled,cadc51a452ca16da04e6df15aeea88fe2d46660c49ccb0295f958104496325e2,-0.5399496631177045,0.6073376378445177,-0.205249774835487,256,0.6073376378445177,5.153083939495513e-05,0.20059614916060503
1,0.2,0.8,8192,1001,return,analytic,cadc51a452ca16da04e6df15aeea88fe2d46660c49ccb0295f958104496325e2,-0.5399301547318687,0.6084833564351094,-0.20688689484999329,256,0.6084833564351094,5.9631817715474054e-05,0.2005880481822845
1,0.2,0.8,8192,1001,return,sampled,cadc51a452ca16da04e6df15aeea88fe2d46660c49ccb0295f958104496325e2,-0.5404274611753057,0.6161454877617107,-0.20819220894724844,256,0.6161454877617107,0.00013307551920443907,0.20051460448079556
1,0.2,0.8,8192,1002,exact_advantage,analytic,1c257887d53014aeb9a48cc35662fad5faa1083efb97c313f4cfbe70c2fd4ee2,-0.5315954027445433,0.599891389313819,-0.20077064846324816,256,0.599891389313819,1.6335150981413537e-05,0.2006313448490186
1,0.2,0.8,8192,1002,exact_advantage,sampled,1c257887d53014aeb9a48cc35662fad5faa1083efb97c313f4cfbe70c2fd4ee2,-0.5403094883879673,0.6016700359191304,-0.20281690178490885,256,0.6016700359191304,2.2191868479945726e-05,0.20062548813152004
1,0.2,0.8,8192,1002,return,analytic,1c257887d53014aeb9a48cc35662fad5faa1083efb97c313f4cfbe70c2fd4ee2,-0.5438477057085931,0.602343320530502,-0.20656866815226427,256,0.602343320530502,4.146962555077697e-05,0.20060621037444923
1,0.2,0.8,8192,1002,return,sampled,1c257887d53014aeb9a48cc35662fad5faa1083efb97c313f4cfbe70c2fd4ee2,-0.552763298413256,0.6041292844320475,-0.20869977352569732,256,0.6041292844320475,0.00013417335389264012,0.20051350664610734
1,0.2,0.8,8192,1003,exact_advantage,analytic,6cde9902bf4d2908fa34638bb809f54f170796f40f208ecda039c47f2d506eb6,-0.5387686901945627,0.5991484950118678,-0.20340726092980893,256,0.5991484950118678,9.729400058222067e-06,0.20063795059994177
1,0.2,0.8,8192,1003,exact_advantage,sampled,6cde9902bf4d2908fa34638bb809f54f170796f40f208ecda039c47f2d506eb6,-0.5329249424132888,0.5943991377201928,-0.20146981299604705,256,0.5943991377201928,3.6718795934889357e-06,0.2006440081204065
1,0.2,0.8,8192,1003,return,analytic,6cde9902bf4d2908fa34638bb809f54f170796f40f208ecda039c47f2d506eb6,-0.5296197517132377,0.5940105307429624,-0.19808628792791458,256,0.5940105307429624,1.563173457859776e-05,0.2006320482654214
1,0.2,0.8,8192,1003,return,sampled,6cde9902bf4d2908fa34638bb809f54f170796f40f208ecda039c47f2d506eb6,-0.5238748939142152,0.5893019852664796,-0.19620196486910974,256,0.5893019852664796,6.210525153886229e-05,0.20058557474846114
1,0.2,0.8,8192,1004,exact_advantage,analytic,7eab0696717e87c455f0cad71aedb66b64d17b3555ef6607a808904c42c76524,-0.5304467315330983,0.5885475119182937,-0.1968594641915929,256,0.5885475119182937,1.945287994352048e-05,0.20062822712005648
1,0.2,0.8,8192,1004,exact_advantage,sampled,7eab0696717e87c455f0cad71aedb66b64d17b3555ef6607a808904c42c76524,-0.5287836569162991,0.5865503675697935,-0.19621913711836445,256,0.5865503675697935,3.420427125701132e-05,0.200613475728743
1,0.2,0.8,8192,1004,return,analytic,7eab0696717e87c455f0cad71aedb66b64d17b3555ef6607a808904c42c76524,-0.528153871298183,0.5842002722451914,-0.1946164757817532,256,0.5842002722451914,4.822458047400433e-05,0.20059945541952598
1,0.2,0.8,8192,1004,return,sampled,7eab0696717e87c455f0cad71aedb66b64d17b3555ef6607a808904c42c76524,-0.5264979486069429,0.5822178173907565,-0.19398352128175975,256,0.5822178173907565,7.02088443013141e-05,0.20057747115569868
1,0.2,0.8,8192,1005,exact_advantage,analytic,de30113ed1579d19b18bfe8fbbc7f4a7c9f38881ae656508f46cba73a4dc17f5,-0.5448090136505068,0.5977220732232599,-0.20542765969625026,256,0.5977220732232599,3.3344489298311894e-05,0.20061433551070168
1,0.2,0.8,8192,1005,exact_advantage,sampled,de30113ed1579d19b18bfe8fbbc7f4a7c9f38881ae656508f46cba73a4dc17f5,-0.5375542331602492,0.5901860776733754,-0.20275664448711384,256,0.5901860776733754,4.651382934567077e-06,0.20064302861706543
1,0.2,0.8,8192,1005,return,analytic,de30113ed1579d19b18bfe8fbbc7f4a7c9f38881ae656508f46cba73a4dc17f5,-0.5340197727588306,0.5879101053904283,-0.19797916299091933,256,0.5879101053904283,1.1000004158897684e-05,0.2006366799958411
1,0.2,0.8,8192,1005,return,sampled,de30113ed1579d19b18bfe8fbbc7f4a7c9f38881ae656508f46cba73a4dc17f5,-0.5269085710705551,0.5804976160955135,-0.19540523382023406,256,0.5804976160955135,7.841164571465126e-05,0.20056926835428535
1,0.2,0.8,8192,1006,exact_advantage,analytic,e1d370caac78eaebadabdee0d8c55b107734cea21245810ff93c3fc336b80925,-0.5334842501661491,0.5919283280394407,-0.19902373042963198,256,0.5919283280394407,3.5290420612989302e-06,0.2006441509579387
1,0.2,0.8,8192,1006,exact_advantage,sampled,e1d370caac78eaebadabdee0d8c55b107734cea21245810ff93c3fc336b80925,-0.5321831164255791,0.5871354612687426,-0.1980295586747874,256,0.5871354612687426,1.765754683493337e-05,0.20063002245316505
1,0.2,0.8,8192,1006,return,analytic,e1d370caac78eaebadabdee0d8c55b107734cea21245810ff93c3fc336b80925,-0.5309793639016734,0.5840254338702021,-0.1956165656671724,256,0.5840254338702021,3.5149350329712815e-05,0.20061253064967027
1,0.2,0.8,8192,1006,return,sampled,e1d370caac78eaebadabdee0d8c55b107734cea21245810ff93c3fc336b80925,-0.5296843176305625,0.5792963052953507,-0.194644199092189,256,0.5792963052953507,7.066378333567182e-05,0.20057701621666432
1,0.2,0.8,8192,1007,exact_advantage,analytic,6f6d268c235adecc1cf11199a832551f9885d9a95092d19590180e19ea152371,-0.535127293802113,0.6059914861753274,-0.20387605993242955,256,0.6059914861753274,3.7104170202832435e-05,0.20061057582979716
1,0.2,0.8,8192,1007,exact_advantage,sampled,6f6d268c235adecc1cf11199a832551f9885d9a95092d19590180e19ea152371,-0.5366987032262177,0.6055041478801996,-0.2041247540147385,256,0.6055041478801996,3.4067890623229806e-05,0.20061361210937675
1,0.2,0.8,8192,1007,return,analytic,6f6d268c235adecc1cf11199a832551f9885d9a95092d19590180e19ea152371,-0.5376371266169692,0.6054025118104116,-0.20473148562278465,256,0.6054025118104116,3.4313613037199334e-05,0.20061336638696278
1,0.2,0.8,8192,1007,return,sampled,6f6d268c235adecc1cf11199a832551f9885d9a95092d19590180e19ea152371,-0.5392159082421935,0.6049156505396268,-0.20498337202707387,256,0.6049156505396268,3.447411851176119e-05,0.20061320588148823
1,0.2,0.8,8192,1008,exact_advantage,analytic,8d563c8eaca31c9612d07a6a12271f285e24d5c124bdf5fa73da166558f2b55f,-0.5563064282785833,0.6043138598373473,-0.212218439669324,256,0.6043138598373473,0.0001855749757169455,0.20046210502428305
1,0.2,0.8,8192,1008,exact_advantage,sampled,8d563c8eaca31c9612d07a6a12271f285e24d5c124bdf5fa73da166558f2b55f,-0.548972875301823,0.6010211737600943,-0.2101382926803097,256,0.6010211737600943,7.72454710692894e-05,0.2005704345289307
1,0.2,0.8,8192,1008,return,analytic,8d563c8eaca31c9612d07a6a12271f285e24d5c124bdf5fa73da166558f2b55f,-0.545767129249974,0.5995026409168182,-0.20626388943613969,256,0.5995026409168182,4.438381510092432e-05,0.20060329618489908
1,0.2,0.8,8192,1008,return,sampled,8d563c8eaca31c9612d07a6a12271f285e24d5c124bdf5fa73da166558f2b55f,-0.5385732625577392,0.5962363196834234,-0.20425085910229035,256,0.5962363196834234,3.8230133793434575e-06,0.20064385698662066
1,0.2,0.8,8192,1009,exact_advantage,analytic,1c4d99827d00fd0c50646505a14215e22b9df10b2dfc94cab552e1697a0de53b,-0.5317101108527008,0.6121564430736862,-0.20464215529189855,256,0.6121564430736862,9.145885399863876e-05,0.20055622114600136
1,0.2,0.8,8192,1009,exact_advantage,sampled,1c4d99827d00fd0c50646505a14215e22b9df10b2dfc94cab552e1697a0de53b,-0.5350712574951555,0.5961885336157894,-0.2028076083247339,256,0.5961885336157894,1.5573819770617947e-06,0.20064612261802292
1,0.2,0.8,8192,1009,return,analytic,1c4d99827d00fd0c50646505a14215e22b9df10b2dfc94cab552e1697a0de53b,-0.5366251314969973,0.5895342309532605,-0.19964724164539482,256,0.5895342309532605,5.2554949789755635e-06,0.200642424505021
1,0.2,0.8,8192,1009,return,sampled,1c4d99827d00fd0c50646505a14215e22b9df10b2dfc94cab552e1697a0de53b,-0.5400173265955016,0.5741568779810758,-0.19800806477405447,256,0.5741568779810758,0.00010699721239559633,0.2005406827876044
1,0.2,0.8,8192,1010,exact_advantage,analytic,bbd9c37bb9b7730433616d8025dd3333219a579f85ec4ccc750d3d0df808627d,-0.5262672048659477,0.598387129191728,-0.19828881146984487,256,0.598387129191728,4.130249068212773e-05,0.20060637750931787
1,0.2,0.8,8192,1010,exact_advantage,sampled,bbd9c37bb9b7730433616d8025dd3333219a579f85ec4ccc750d3d0df808627d,-0.5290973079576361,0.5948262764051335,-0.19830308851623757,256,0.5948262764051335,1.8471288024384507e-05,0.20062920871197562
1,0.2,0.8,8192,1010,return,analytic,bbd9c37bb9b7730433616d8025dd3333219a579f85ec4ccc750d3d0df808627d,-0.5304878315895204,0.592423381504022,-0.1981445986951045,256,0.592423381504022,1.2303802050584148e-05,0.2006353761979494
1,0.2,0.8,8192,1010,return,sampled,bbd9c37bb9b7730433616d8025dd3333219a579f85ec4ccc750d3d0df808627d,-0.5333405291858454,0.5888980757354861,-0.198178968981619,256,0.5888980757354861,9.37953503176844e-06,0.20063830046496822
1,0.2,0.8,8192,1011,exact_advantage,analytic,b1bbb152c9c02df331147de7395b4d7f1144c1435f971dab142c0d8114ae1701,-0.5307217901712887,0.594242445309865,-0.19871667333663534,256,0.594242445309865,1.0713095224865901e-05,0.20063696690477512
1,0.2,0.8,8192,1011,exact_advantage,sampled,b1bbb152c9c02df331147de7395b4d7f1144c1435f971dab142c0d8114ae1701,-0.534680681445432,0.5905574270125495,-0.19895345228301414,256,0.5905574270125495,3.702326002320525e-06,0.20064397767399766
1,0.2,0.8,8192,1011,return,analytic,b1bbb152c9c02df331147de7395b4d7f1144c1435f971dab142c0d8114ae1701,-0.5366267280371194,0.5900231390424899,-0.1998328918048869,256,0.5900231390424899,4.199578911778551e-06,0.2006434804210882
1,0.2,0.8,8192,1011,return,sampled,b1bbb152c9c02df331147de7395b4d7f1144c1435f971dab142c0d8114ae1701,-0.540629630832132,0.5863642632451067,-0.20009562607448234,256,0.5863642632451067,2.315640275270869e-05,0.20062452359724728
1,0.2,0.8,8192,1012,exact_advantage,analytic,219b9d3a62b8350c2db42e80fb02223cbc6df61d103385de71c0cbb1df25ffdd,-0.5262959871863616,0.5918348811468223,-0.19599127654362364,256,0.5918348811468223,3.736052138989402e-05,0.2006103194786101
1,0.2,0.8,8192,1012,exact_advantage,sampled,219b9d3a62b8350c2db42e80fb02223cbc6df61d103385de71c0cbb1df25ffdd,-0.5281871783384574,0.5904468284225461,-0.19616417180428178,256,0.5904468284225461,2.667143724324613e-05,0.20062100856275675
1,0.2,0.8,8192,1012,return,analytic,219b9d3a62b8350c2db42e80fb02223cbc6df61d103385de71c0cbb1df25ffdd,-0.5289926153920133,0.5900665816248637,-0.19655171430705964,256,0.5900665816248637,2.2816496302140084e-05,0.20062486350369785
1,0.2,0.8,8192,1012,return,sampled,219b9d3a62b8350c2db42e80fb02223cbc6df61d103385de71c0cbb1df25ffdd,-0.5308934472511122,0.5886826724439896,-0.19672979462540316,256,0.5886826724439896,1.7251659213738892e-05,0.20063042834078626
1,0.2,0.8,8192,1013,exact_advantage,analytic,bc38f9b79033359527fb557abe3819c46b31cfa623797f9404a5c9a78a00e452,-0.5367005005664077,0.5795444362634337,-0.19659947133746064,256,0.5795444362634337,5.368303987385272e-05,0.20059399696012614
1,0.2,0.8,8192,1013,exact_advantage,sampled,bc38f9b79033359527fb557abe3819c46b31cfa623797f9404a5c9a78a00e452,-0.528612232644927,0.5852002325962294,-0.19577256681200922,256,0.5852002325962294,4.0781968921468776e-05,0.20060689803107853
1,0.2,0.8,8192,1013,return,analytic,bc38f9b79033359527fb557abe3819c46b31cfa623797f9404a5c9a78a00e452,-0.5242330386893312,0.5887206509634599,-0.1942676711388888,256,0.5887206509634599,6.0304280058823785e-05,0.20058737571994117
1,0.2,0.8,8192,1013,return,sampled,bc38f9b79033359527fb557abe3819c46b31cfa623797f9404a5c9a78a00e452,-0.5163317254515826,0.5944657190213861,-0.1935440967381259,256,0.5944657190213861,0.00014860247802234118,0.20049907752197765
1,0.2,0.8,8192,1014,exact_advantage,analytic,6d0701bc58f8047246f18c46f4de4d59c5a538c62c9ac67475b82ae58c517b52,-0.5373277287234316,0.5987758007913372,-0.20276498536769264,256,0.5987758007913372,6.515857547027196e-06,0.20064116414245298
1,0.2,0.8,8192,1014,exact_advantage,sampled,6d0701bc58f8047246f18c46f4de4d59c5a538c62c9ac67475b82ae58c517b52,-0.54513704024177,0.5935112168449679,-0.203557638904574,256,0.5935112168449679,3.211959437881065e-05,0.20061556040562117
1,0.2,0.8,8192,1014,return,analytic,6d0701bc58f8047246f18c46f4de4d59c5a538c62c9ac67475b82ae58c517b52,-0.5485311794631587,0.5917470196412066,-0.20526161471479,256,0.5917470196412066,6.159913180260906e-05,0.20058608086819738
1,0.2,0.8,8192,1014,return,sampled,6d0701bc58f8047246f18c46f4de4d59c5a538c62c9ac67475b82ae58c517b52,-0.5565041925918209,0.58654428974458,-0.20614084550028738,256,0.58654428974458,0.00017567244446118398,0.20047200755553882
1,0.2,0.8,8192,1015,exact_advantage,analytic,46d86c2a4d551a0e8691d815c0b244f39c3f172dc08971d2a8a27f12c5e60ce4,-0.5363412815295437,0.5776151820511181,-0.19575306686097704,256,0.5776151820511181,6.87710640234533e-05,0.20057890893597655
1,0.2,0.8,8192,1015,exact_advantage,sampled,46d86c2a4d551a0e8691d815c0b244f39c3f172dc08971d2a8a27f12c5e60ce4,-0.5312094512168584,0.5958006090540833,-0.19735056312753735,256,0.5958006090540833,9.642554734371057e-06,0.20063803744526562
1,0.2,0.8,8192,1015,return,analytic,46d86c2a4d551a0e8691d815c0b244f39c3f172dc08971d2a8a27f12c5e60ce4,-0.5289110431184334,0.6031002240791767,-0.20031754667297424,256,0.6031002240791767,4.049767495533952e-05,0.20060718232504465
1,0.2,0.8,8192,1015,return,sampled,46d86c2a4d551a0e8691d815c0b244f39c3f172dc08971d2a8a27f12c5e60ce4,-0.5238500104228101,0.622090679615488,-0.20218440496614776,256,0.622090679615488,0.0002586930307452754,0.20038898696925472
1,0.2,0.8,8192,1016,exact_advantage,analytic,b3470081bcd154845196ee1476393571380ca007bf07323f4aa3856dd1dd81ea,-0.543619955469958,0.5860610526879565,-0.20130998831995683,256,0.5860610526879565,3.843135141622168e-05,0.20060924864858376
1,0.2,0.8,8192,1016,exact_advantage,sampled,b3470081bcd154845196ee1476393571380ca007bf07323f4aa3856dd1dd81ea,-0.5362146360082519,0.6037155903431013,-0.20238340986238368,256,0.6037155903431013,2.4182220451589397e-05,0.2006234977795484
1,0.2,0.8,8192,1016,return,analytic,b3470081bcd154845196ee1476393571380ca007bf07323f4aa3856dd1dd81ea,-0.5326769626493357,0.6105454709583498,-0.20420321066827116,256,0.6105454709583498,7.432101762162215e-05,0.20057335898237838
1,0.2,0.8,8192,1016,return,sampled,b3470081bcd154845196ee1476393571380ca007bf07323f4aa3856dd1dd81ea,-0.5254204871874523,0.6289408151259619,-0.20556274072790923,256,0.6289408151259619,0.00035551992286539337,0.2002921600771346
1,0.2,0.8,8192,1017,exact_advantage,analytic,1f696a656905b27584875fea5cd9143d22c7b957b4aca4010527cf4f6717cbc6,-0.5262877047690463,0.6001273279864032,-0.19872589568638652,256,0.6001273279864032,4.583351455558929e-05,0.2006018464854444
1,0.2,0.8,8192,1017,exact_advantage,sampled,1f696a656905b27584875fea5cd9143d22c7b957b4aca4010527cf4f6717cbc6,-0.5292915199623422,0.587617714790382,-0.19739266199281175,256,0.587617714790382,2.7709215006819103e-05,0.20061997078499316
1,0.2,0.8,8192,1017,return,analytic,1f696a656905b27584875fea5cd9143d22c7b957b4aca4010527cf4f6717cbc6,-0.5308590574954899,0.5834885932566276,-0.19549037197892868,256,0.5834885932566276,3.84342032580179e-05,0.20060924579674197
1,0.2,0.8,8192,1017,return,sampled,1f696a656905b27584875fea5cd9143d22c7b957b4aca4010527cf4f6717cbc6,-0.5338888497096509,0.5713246992214067,-0.19427361151308753,256,0.5713246992214067,0.00013333880287291742,0.20051434119712708
1,0.2,0.8,8192,1018,exact_advantage,analytic,c07e167f913bc34ea46241fe68bbcd88cc1b64014001680fdbff905dcf7af9a7,-0.5312585419148004,0.5981572462990797,-0.19988737379771487,256,0.5981572462990797,1.3057237491653168e-05,0.20063462276250835
1,0.2,0.8,8192,1018,exact_advantage,sampled,c07e167f913bc34ea46241fe68bbcd88cc1b64014001680fdbff905dcf7af9a7,-0.5283249362354482,0.5925047115316467,-0.1984252975434527,256,0.5925047115316467,2.3192523081854802e-05,0.20062448747691813
1,0.2,0.8,8192,1018,return,analytic,c07e167f913bc34ea46241fe68bbcd88cc1b64014001680fdbff905dcf7af9a7,-0.5267832921095328,0.590562570312955,-0.1957625343779658,256,0.590562570312955,3.564479471633404e-05,0.20061203520528367
1,0.2,0.8,8192,1018,return,sampled,c07e167f913bc34ea46241fe68bbcd88cc1b64014001680fdbff905dcf7af9a7,-0.5238742665118581,0.5849818110623187,-0.19433227673064268,256,0.5849818110623187,7.728072976739505e-05,0.2005703992702326
1,0.2,0.8,8192,1019,exact_advantage,analytic,8eefa2fbacdd91f8c6e19b9c892bf752b5134efdd3f300b44b53484485682ebd,-0.5433923716030495,0.5970969559574948,-0.20467297884329513,256,0.5970969559574948,2.3439839508229572e-05,0.20062424016049177
1,0.2,0.8,8192,1019,exact_advantage,sampled,8eefa2fbacdd91f8c6e19b9c892bf752b5134efdd3f300b44b53484485682ebd,-0.5388060398880706,0.5961089037454933,-0.20356536867539318,256,0.5961089037454933,4.162115785707697e-06,0.20064351788421428
1,0.2,0.8,8192,1019,return,analytic,8eefa2fbacdd91f8c6e19b9c892bf752b5134efdd3f300b44b53484485682ebd,-0.5363690271391899,0.5969226320710652,-0.20170933678073824,256,0.5969226320710652,2.238988740353815e-06,0.20064544101125964
1,0.2,0.8,8192,1019,return,sampled,8eefa2fbacdd91f8c6e19b9c892bf752b5134efdd3f300b44b53484485682ebd,-0.531842007197966,0.5959348694063926,-0.2006263803971699,256,0.5959348694063926,7.597331413105662e-06,0.20064008266858688
