experiment,method,label,oracle_label_group,seed,update,source_steps_total,source_steps_training,source_steps_critic,source_steps_direction_check,source_steps_return_check,source_steps_monitor,source_complete_episodes,agent_decisions,budget,training_return,monitor_return,exact_source_return_diagnostic,actual_return_gain_diagnostic,old_new_kl,baseline_kind,baseline_missing_states,entropy,seconds,accepted,reason,eta,attempts,forward_kl_training,direction_loss,direction_steps,q_bound,direction_check_score,direction_check_mode,critic_validation_mse,label_mse_against_exact_joint_advantage,critic_explained_variance,direction_error,direction_norm,exact_direction_score_diagnostic
T-L,AN,mc_learned_baseline,False,47,1,1736,256,256,1024,0,200,868,3472,262144,0.230859375,0.4613999999999999,0.3561679888708066,0.037153988870806565,0.00054044081175724,public_state_tabular_independent_mc,0,0.6149537088238489,0.03925979998894036,True,accepted_return_check_disabled,0.1,1,1.11187082700531e-09,-0.10800979693380915,100,5.0,0.07915487500343263,empirical,0.4343011194143328,0.19387106449441005,0.0008492530627974837,0.00115915500212961,0.10981593619685642,0.08758840573681775
T-L,AN,mc_learned_baseline,False,47,2,3472,512,512,2048,0,400,1736,6944,262144,0.33796874999999993,0.46649999999999997,0.388304240848554,0.03213625197774744,0.0004048577035139537,public_state_tabular_independent_mc,0,0.605540476970035,0.082468600012362,True,accepted_return_check_disabled,0.1,1,3.943391771157855e-09,-0.08178919571672723,100,5.0,0.08912140938098943,empirical,0.40772429085388995,0.17306975406600822,0.005781879207645169,0.0006243502491857402,0.0818802853374558,0.08881491524921563
T-L,AN,mc_learned_baseline,False,47,3,5208,768,768,3072,0,600,2604,10416,262144,0.4453125,0.3807000000000001,0.4193434286319237,0.03103918778336967,0.00039960690514830206,public_state_tabular_independent_mc,0,0.5967891641030121,0.131955899996683,True,accepted_return_check_disabled,0.1,1,6.163463791739713e-09,-0.08120598964608378,100,5.0,0.08109589526872671,empirical,0.39294832712364736,0.171122444949788,-0.0162480872055204,0.005014458876087324,0.08116572507782982,0.08441308905336287
T-L,AN,mc_learned_baseline,False,47,4,6944,1024,1024,4096,0,800,3472,13888,262144,0.3440625,0.4784999999999999,0.4520455840851848,0.032702155453261106,0.00042997214304287137,public_state_tabular_independent_mc,0,0.5854030270722645,0.17542159999720752,True,accepted_return_check_disabled,0.1,1,3.6715994736477134e-09,-0.08541742679913383,100,5.0,0.0839601360220988,empirical,0.4110796937527836,0.1790166154333026,0.0024221563239831267,0.0014285009420588173,0.08780482835726354,0.08737814081418845
T-L,AN,mc_learned_baseline,False,47,5,8680,1280,1280,5120,0,1000,4340,17360,262144,0.367265625,0.4910999999999999,0.48669631771668465,0.03465073363149984,0.00048737435530746384,public_state_tabular_independent_mc,0,0.5725441004599267,0.2217334999004379,True,accepted_return_check_disabled,0.1,1,6.483631336911747e-09,-0.10005411089255623,100,5.0,0.0753449443713347,empirical,0.4421666443247855,0.1903609558391851,0.012496041905742161,0.0011312814994300334,0.10025783894129271,0.08653654270941578
T-L,AN,mc_learned_baseline,False,47,6,10416,1536,1536,6144,0,1200,5208,20832,262144,0.61078125,0.5795999999999999,0.5151136594961419,0.028417341779457206,0.00035055117226665385,public_state_tabular_independent_mc,0,0.5626568705596953,0.2720632000127807,True,accepted_return_check_disabled,0.1,1,4.309696182943633e-09,-0.06826937960034525,100,5.0,0.09128115872241398,empirical,0.3306517111916212,0.13508848427136824,0.018362490132546982,0.005076851442738653,0.07092463591071953,0.08083977529738866
T-L,AN,mc_learned_baseline,False,47,7,12152,1792,1792,7168,0,1400,6076,24304,262144,0.58546875,0.4256999999999999,0.5417595572054502,0.026645897709308364,0.00031777416270980195,public_state_tabular_independent_mc,0,0.5532334553121279,0.31181409989949316,True,accepted_return_check_disabled,0.1,1,5.399529816712601e-09,-0.06329089070163876,100,5.0,0.07187533901158678,empirical,0.3403836755140772,0.13781703393891323,0.021714344449064504,0.005734435340831663,0.06469202810990538,0.07835155167494182
T-L,AN,mc_learned_baseline,False,47,8,13888,2048,2048,8192,0,1600,6944,27776,262144,0.5015625,0.5600999999999999,0.5720482939074739,0.0302887367020237,0.00042269017124461005,public_state_tabular_independent_mc,0,0.5413179102718273,0.36546829994767904,True,accepted_return_check_disabled,0.1,1,2.419881006978829e-09,-0.08811282172867824,100,5.0,0.0768129586406919,empirical,0.362544618618041,0.1682791064359662,-0.0013567238113656455,0.004240548697607133,0.08704734134252239,0.07757408553502872
T-L,AN,mc_learned_baseline,False,47,9,15624,2304,2304,9216,0,1800,7812,31248,262144,0.49710937499999996,0.6722999999999999,0.6026184107459911,0.03057011683851718,0.0004364317077639226,public_state_tabular_independent_mc,0,0.5279887110276906,0.4117902999278158,True,accepted_return_check_disabled,0.1,1,2.387987383110633e-09,-0.08768659208725389,100,5.0,0.07416670813083785,empirical,0.37291670445154873,0.1599014906024238,-0.011123153049287016,0.001976395070603358,0.0894297274716562,0.07657728493915797
T-L,AN,mc_learned_baseline,False,47,10,17360,2560,2560,10240,0,2000,8680,34720,262144,0.61640625,0.6566999999999998,0.6284695373961089,0.025851126650117795,0.0003281997566955165,public_state_tabular_independent_mc,0,0.5157187618180573,0.4556944000069052,True,accepted_return_check_disabled,0.1,1,3.1350833499733314e-09,-0.06617523091710946,100,5.0,0.08184582245071365,empirical,0.3355286930892768,0.1399908673557994,-0.022105296940876595,0.002033111729168963,0.06676517613210114,0.07283008252039058
T-L,AN,mc_learned_baseline,False,47,11,19096,2816,2816,11264,0,2200,9548,38192,262144,0.6646875000000001,0.5747999999999999,0.6545428803420131,0.026073342945904243,0.00034464161453939455,public_state_tabular_independent_mc,0,0.5036304342589023,0.5007260999409482,True,accepted_return_check_disabled,0.1,1,3.4334336041173015e-09,-0.07060056588096014,100,5.0,0.08540010196401371,empirical,0.28369059437034305,0.1201682653025821,0.005819352346781437,0.00043134944521291475,0.07093542533243913,0.07119639303593289
T-L,AN,mc_learned_baseline,False,47,12,20832,3072,3072,12288,0,2400,10416,41664,262144,0.6705468750000001,0.7626,0.6785389448167669,0.023996064474753775,0.00030784173681368894,public_state_tabular_independent_mc,0,0.4917023953066911,0.539995800005272,True,accepted_return_check_disabled,0.1,1,8.580508714183706e-10,-0.0626553367175028,100,5.0,0.05450077826702185,empirical,0.27741717252689524,0.11592851832388393,0.0063276365014949265,0.00020097348642173835,0.06301255175748743,0.06750941432048246
T-L,AN,mc_learned_baseline,False,47,13,22568,3328,3328,13312,0,2600,11284,45136,262144,0.6421875000000001,0.7572,0.7034780751990704,0.024939130382303443,0.00036582305694499135,public_state_tabular_independent_mc,0,0.47872590283349226,0.5791691999183968,True,accepted_return_check_disabled,0.1,1,4.718562600218975e-09,-0.07451542022856524,100,5.0,0.0602679258962614,empirical,0.3054103023549424,0.13141220053294567,-0.030233362789755747,0.0023421574491354837,0.07522436545809218,0.06149301211161852
T-L,AN,mc_learned_baseline,False,47,14,24304,3584,3584,14336,0,2800,12152,48608,262144,0.7110937500000001,0.7197,0.726364711021772,0.022886635822701673,0.0003281322506164746,public_state_tabular_independent_mc,0,0.466664622972773,0.6186112998984754,True,accepted_return_check_disabled,0.1,1,9.658904669789868e-10,-0.06708818383704887,100,5.0,0.06390587812088658,empirical,0.2561137687052456,0.10881931847888497,-0.01876262070022272,0.001277460313864343,0.06783653737582598,0.05803283203399942
T-L,AN,mc_learned_baseline,False,47,15,26040,3840,3840,15360,0,3000,13020,52080,262144,0.6651562500000001,0.6831,0.7521166455745528,0.025751934552780797,0.00044973894080189086,public_state_tabular_independent_mc,0,0.45188448402181547,0.666383899981156,True,accepted_return_check_disabled,0.1,1,2.555807241149158e-09,-0.09397253514447718,100,5.0,0.04998613020590571,empirical,0.2882710979814359,0.11594184324275683,0.010805228487666296,0.005216674811548961,0.09325345983692773,0.04968503032073182
T-L,AN,mc_learned_baseline,False,47,16,27776,4096,4096,16384,0,3200,13888,55552,262144,0.7650000000000001,0.8271,0.7693776480281588,0.017261002453605956,0.00022029054652597687,public_state_tabular_independent_mc,0,0.44145986760902184,0.7122337999753654,True,accepted_return_check_disabled,0.1,1,3.1071644631381994e-09,-0.045430598029266106,100,5.0,0.054374034488730294,empirical,0.19529986914002528,0.0793945016419673,0.011246705928062317,0.00023940306699271458,0.0454563879840196,0.04938465115099952
T-L,AN,mc_learned_baseline,False,47,17,29512,4352,4352,17408,0,3400,14756,59024,262144,0.7589062500000001,0.7766999999999998,0.7866053400952486,0.01722769206708985,0.0002543704999393777,public_state_tabular_independent_mc,0,0.4307865197673552,0.7617553999880329,True,accepted_return_check_disabled,0.1,1,2.7768784295634003e-09,-0.05343873918522784,100,5.0,0.04834386610375552,empirical,0.20303570454915365,0.08626242237145243,-0.01852111153516356,0.0032304507762421766,0.05314465158716801,0.042607820532352
T-L,AN,mc_learned_baseline,False,47,18,31248,4608,4608,18432,0,3600,15624,62496,262144,0.7382812500000001,0.7572,0.8055648811983224,0.01895954110307374,0.000322197323993974,public_state_tabular_independent_mc,0,0.41833634192902636,0.8253131000092253,True,accepted_return_check_disabled,0.1,1,2.108889980193975e-09,-0.06678399479873875,100,5.0,0.03811965186598672,empirical,0.23221552652176683,0.09584717587298261,0.003953162250496689,0.0029645155858797753,0.0669802244101251,0.03882177169948589
T-L,AN,mc_learned_baseline,False,47,19,32984,4864,4864,19456,0,3800,16492,65968,262144,0.7926562500000001,0.7836,0.8212656038917134,0.015700722693391067,0.0002555550246125408,public_state_tabular_independent_mc,0,0.40787274165318765,0.866582699934952,True,accepted_return_check_disabled,0.1,1,2.8850523006824145e-09,-0.05381965113383985,100,5.0,0.020299091890114723,empirical,0.17350350552990654,0.07208406074540677,0.005098231121462127,0.0028394432035874846,0.05372700003856172,0.03442315925262483
T-L,AN,mc_learned_baseline,False,47,20,34720,5120,5120,20480,0,4000,17360,69440,262144,0.8439843750000002,0.8571,0.8336781843876556,0.012412580495942183,0.00017352194390903638,public_state_tabular_independent_mc,0,0.39854766989409607,0.9059043999295682,True,accepted_return_check_disabled,0.1,1,2.7346506675323765e-09,-0.03483291639964561,100,5.0,0.027325600914642454,empirical,0.1364540982064118,0.054316883961030696,0.0021512541117215678,0.00048532978742512207,0.03613775368522399,0.032742550414130815
T-L,AN,mc_learned_baseline,False,47,21,36456,5376,5376,21504,0,4200,18228,72912,262144,0.8460937500000001,0.8306999999999999,0.8446394517432644,0.010961267355608761,0.0001483859848817448,public_state_tabular_independent_mc,0,0.3904061622387661,0.9434853999409825,True,accepted_return_check_disabled,0.1,1,8.20379153027517e-10,-0.029691452639280365,100,5.0,0.025067338524864275,empirical,0.1271905806993458,0.04928843808551089,0.0068982663564230995,0.0001613382829033801,0.030823454559637288,0.030014362724640926
T-L,AN,mc_learned_baseline,False,47,22,38192,5632,5632,22528,0,4400,19096,76384,262144,0.8083593750000001,0.8000999999999999,0.8539158596625724,0.00927640791930806,0.00011726594972868951,public_state_tabular_independent_mc,0,0.383193573806855,0.9881311999633908,True,accepted_return_check_disabled,0.1,1,2.4933761218050645e-10,-0.02511242410126127,100,5.0,0.030153392548234438,empirical,0.11580172471236583,0.044640182668098584,0.016220040603325492,0.0002716849407128667,0.02424715751579761,0.027029163831777746
T-L,AN,mc_learned_baseline,False,47,23,39928,5888,5888,23552,0,4600,19964,79856,262144,0.8894531250000002,0.8744999999999998,0.8603784274425385,0.006462567779966011,6.306380017810927e-05,public_state_tabular_independent_mc,0,0.3776655362193006,1.0353688999311998,True,accepted_return_check_disabled,0.1,1,1.1702509138916452e-09,-0.012649034140170455,100,5.0,0.01963448667852756,empirical,0.07310482094003413,0.02684865069816613,-0.0018674334442487783,0.0025305598387633534,0.012932789113160295,0.022290949756323113
T-L,AN,mc_learned_baseline,False,47,24,41664,6144,6144,24576,0,4800,20832,83328,262144,0.8617968750000002,0.8474999999999998,0.8680653264114315,0.0076868989688930744,0.00013371672321786608,public_state_tabular_independent_mc,0,0.3712797306850883,1.0781038999557495,True,accepted_return_check_disabled,0.1,1,2.316526628380704e-09,-0.02789961184447441,100,5.0,0.011511836716452596,empirical,0.08815855724643251,0.03648324870170925,0.00773497196569628,0.007997848305801563,0.028205972423081715,0.015198649738827289
T-L,AN,mc_learned_baseline,False,47,25,43400,6400,6400,25600,0,5000,21700,86800,262144,0.8437500000000002,0.9039,0.8785930390063065,0.01052771259487495,0.0002181545666988767,public_state_tabular_independent_mc,0,0.3625104551522329,1.1290602999506518,True,accepted_return_check_disabled,0.1,1,1.364644422922575e-09,-0.0469494097005204,100,5.0,0.025185327581711568,empirical,0.1263122497213353,0.0514962028664546,-0.003856247849116645,0.007190148805965244,0.04672756449789116,0.013859748031979244
T-L,AN,mc_learned_baseline,False,47,26,45136,6656,6656,26624,0,5200,22568,90272,262144,0.8357812500000001,0.9008999999999999,0.8887180117903954,0.01012497278408897,0.0002816717248770293,public_state_tabular_independent_mc,0,0.35374207531686686,1.1760486999992281,True,accepted_return_check_disabled,0.1,1,1.4026198292459714e-10,-0.06451372377660859,100,5.0,0.0006977313728150462,empirical,0.12607637580049513,0.046675855836933636,0.03034872356286611,0.019579161412719,0.06110342869998405,-0.0015514823710579828
T-L,AN,mc_learned_baseline,False,47,27,46872,6912,6912,27648,0,5400,23436,93744,262144,0.8571093750000001,0.915,0.8966988815497361,0.007980869759340647,0.00016895804012493262,public_state_tabular_independent_mc,0,0.3461066107942234,1.2213277999544516,True,accepted_return_check_disabled,0.1,1,1.2674943072291928e-09,-0.03668849696536525,100,5.0,0.023083679908114794,empirical,0.0991251695931149,0.037345425690105134,-0.02090880585167887,0.005217739710103538,0.03567141797863212,0.009924140203109139
T-L,AN,mc_learned_baseline,False,47,28,48608,7168,7168,28672,0,5600,24304,97216,262144,0.9002343750000001,0.9186,0.8987164628510274,0.0020175813012912602,2.0093777568882223e-05,public_state_tabular_independent_mc,0,0.34353823244099047,1.258912399993278,True,accepted_return_check_disabled,0.1,1,5.133310172693725e-10,-0.0042948691538080685,100,5.0,0.004940234016185859,empirical,0.02659371177921188,0.007158402557516225,0.06599666450399089,0.006191589125575247,0.004065904926289245,0.006721781184790937
T-L,AN,mc_learned_baseline,False,47,29,50344,7424,7424,29696,0,5800,25172,100688,262144,0.8655468750000002,0.9153,0.8987164628510274,0.0,0.0,public_state_tabular_independent_mc,0,0.34353823244099047,1.287528399960138,False,direction_rejected,0.0,0,,-0.06314818672972955,100,5.0,-0.02499020210267055,empirical,0.0803381458780633,0.03159656512674886,0.012729059521089603,0.0302418722625925,0.06612225716658636,-0.017675427884379015
T-L,AN,mc_learned_baseline,False,47,30,52080,7680,7680,30720,0,6000,26040,104160,262144,0.9307031250000002,0.9096,0.9004600214267747,0.0017435585757473726,1.3338975380057045e-05,public_state_tabular_independent_mc,0,0.3414539692084871,1.326565399998799,True,accepted_return_check_disabled,0.1,1,1.1568458829882952e-10,-0.00277833898580526,100,5.0,0.008347180235966858,empirical,0.024604479563688508,0.007004980862406746,-0.00777365378941397,0.0059014925788280536,0.0027036080755875602,0.00666495179938543
T-L,AN,mc_learned_baseline,False,47,31,53816,7936,7936,31744,0,6200,26908,107632,262144,0.8892187500000002,0.8922,0.9004600214267747,0.0,0.0,public_state_tabular_independent_mc,0,0.3414539692084871,1.349167799926363,False,direction_rejected,0.0,0,,-0.026553799619538174,100,5.0,-0.010549019843111894,empirical,0.06391783862716868,0.020581485333023765,0.021955775770272967,0.009642718525207372,0.025452346725531802,0.002559304386444146
T-L,AN,mc_learned_baseline,False,47,32,55552,8192,8192,32768,0,6400,27776,111104,262144,0.9189843750000002,0.9186,0.9023676031033718,0.0019075816765971032,1.936541995505951e-05,public_state_tabular_independent_mc,0,0.33898353955789107,1.3872629000106826,True,accepted_return_check_disabled,0.1,1,1.788795447878135e-10,-0.003911596152965866,100,5.0,0.013407899380643538,empirical,0.022096239454933417,0.00601223483935728,0.05609394144835733,0.00584865871164271,0.003941965421682086,0.0063533642000088075
T-L,AN,mc_learned_baseline,False,47,33,57288,8448,8448,33792,0,6600,28644,114576,262144,0.8960156250000002,0.9068999999999999,0.9023676031033718,0.0,0.0,public_state_tabular_independent_mc,0,0.33898353955789107,1.4104814999736845,False,direction_rejected,0.0,0,,-0.023165993700555176,100,5.0,-0.01429176332649203,empirical,0.04403951654135903,0.01627835342106418,-0.003797305807127005,0.013104603188305752,0.0243701406021753,-0.0012395993046243788
T-L,AN,mc_learned_baseline,False,47,34,59024,8704,8704,34816,0,6800,29512,118048,262144,0.9262500000000002,0.8886,0.9051583499868537,0.0027907468834819094,4.680076193255527e-05,public_state_tabular_independent_mc,0,0.3355572417026598,1.4491313999751583,True,accepted_return_check_disabled,0.1,1,5.026774282717329e-10,-0.010460296953398309,100,5.0,0.013005205650996327,empirical,0.03274312312452,0.011575647550414344,0.025250054499067143,0.006114809647024564,0.009849777526073493,0.005750194236656812
T-L,AN,mc_learned_baseline,False,47,35,60760,8960,8960,35840,0,7000,30380,121520,262144,0.9168750000000002,0.9072,0.9083312075495906,0.003172857562736886,3.495936532826295e-05,public_state_tabular_independent_mc,0,0.33176722713434514,1.4882037999341264,True,accepted_return_check_disabled,0.1,1,6.113036665868614e-10,-0.007253244588242568,100,5.0,0.010802473805265724,empirical,0.03523463076098675,0.011026250582790838,0.024649478487210663,0.0011758366199590697,0.007194664907549829,0.010098987826859503
T-L,AN,mc_learned_baseline,False,47,36,62496,9216,9216,36864,0,7200,31248,124992,262144,0.9053906250000001,0.8888999999999999,0.9123596038283677,0.004028396278777047,8.573587761615991e-05,public_state_tabular_independent_mc,0,0.3273902030470129,1.5329769999952987,True,accepted_return_check_disabled,0.1,1,1.5144330698424386e-09,-0.01803750636545596,100,5.0,0.0071359586911194095,empirical,0.05205571289062502,0.016638758829096253,0.01928472297417061,0.005646853485954586,0.018099798739933278,0.004923688090733135
T-L,AN,mc_learned_baseline,False,47,37,64232,9472,9472,37888,0,7400,32116,128464,262144,0.9356250000000002,0.9183000000000001,0.9154182912858273,0.00305868745745963,3.607149815346683e-05,public_state_tabular_independent_mc,0,0.3237890122859069,1.5712344999192283,True,accepted_return_check_disabled,0.1,1,3.656108779119105e-10,-0.007165693509718775,100,5.0,0.012496997189014564,empirical,0.03485341027832031,0.010663462333302195,0.01026332076568004,0.00013760246940954077,0.007431244188934703,0.009371889546866132
T-L,AN,mc_learned_baseline,False,47,38,65968,9728,9728,38912,0,7600,32984,131936,262144,0.9468750000000002,0.9096000000000001,0.9163605230467314,0.0009422317609041331,1.0530883463766447e-05,public_state_tabular_independent_mc,0,0.3221263265492818,1.6150951999006793,True,accepted_return_check_disabled,0.1,1,9.190167522398371e-11,-0.002085484361285466,100,5.0,0.003743384269769317,empirical,0.01265282223617249,0.0011642429893922546,0.022494116687341692,0.005914002979932647,0.0020999810300565175,0.0028416151287335924
T-L,AN,mc_learned_baseline,False,47,39,67704,9984,9984,39936,0,7800,33852,135408,262144,0.9421875000000002,0.9036,0.9173820330613387,0.001021510014607263,1.248565437200294e-05,public_state_tabular_independent_mc,0,0.3203106137173949,1.6557673999341205,True,accepted_return_check_disabled,0.1,1,1.6480768279190213e-10,-0.002537110541914885,100,5.0,0.002171825590640303,empirical,0.012024216376410587,0.0007853860030406715,-0.0034168801904455037,0.005878728886604892,0.0025214387210210076,0.00286491234385133
T-L,AN,mc_learned_baseline,False,47,40,69440,10240,10240,40960,0,8000,34720,138880,262144,0.9077343750000002,0.9336,0.9213051441434814,0.003923111082142716,0.00011390201870862918,public_state_tabular_independent_mc,0,0.31570626336725127,1.7031287999125198,True,accepted_return_check_disabled,0.1,1,1.3054539915333987e-09,-0.024733365818798835,100,5.0,0.014252800124694466,empirical,0.05070775316026476,0.015679828929105005,0.026655364085438893,0.010275624267398238,0.02471273884416335,-0.0015422395990705717
T-L,AN,mc_learned_baseline,False,47,41,71176,10496,10496,41984,0,8200,35588,142352,262144,0.9585937500000001,0.93,0.9221316506283181,0.000826506484836731,1.0051554443464672e-05,public_state_tabular_independent_mc,0,0.3141337993309269,1.7439980999333784,True,accepted_return_check_disabled,0.1,1,8.45148032228736e-11,-0.0019901033546515087,100,5.0,0.0022779327001686903,empirical,0.009667968750000002,0.00017760279470914892,0.036270620491062666,0.005377280162607438,0.002003559474585141,0.002323838978813862
T-L,AN,mc_learned_baseline,False,47,42,72912,10752,10752,43008,0,8400,36456,145824,262144,0.9356250000000002,0.9303,0.9221316506283181,0.0,0.0,public_state_tabular_independent_mc,0,0.3141337993309269,1.767908199923113,False,direction_rejected,0.0,0,,-0.019147628016694822,100,5.0,-0.012615111859689419,empirical,0.03725538330078126,0.010713340070157102,0.010055079754417773,0.010201171394153705,0.021831291874143247,-0.0024742886754343107
T-L,AN,mc_learned_baseline,False,47,43,74648,11008,11008,44032,0,8600,37324,149296,262144,0.9330468750000002,0.8976000000000001,0.9241348964236223,0.0020032457953041982,2.9368301545644687e-05,public_state_tabular_independent_mc,0,0.3113616995341545,1.8102147999452427,True,accepted_return_check_disabled,0.1,1,7.764591823385738e-11,-0.005893748308525359,100,5.0,0.004193859132823784,empirical,0.02410912743736887,0.005367003261197349,0.027086378993374183,0.0027491504291193864,0.006052661832769182,0.004977732289600005
T-L,AN,mc_learned_baseline,False,47,44,76384,11264,11264,45056,0,8800,38192,152768,262144,0.9239062500000002,0.9183000000000001,0.9272181231233249,0.0030832266997025126,4.895982066805578e-05,public_state_tabular_independent_mc,0,0.307348135378802,1.8520447999471799,True,accepted_return_check_disabled,0.1,1,8.814452212227168e-10,-0.010183005205754759,100,5.0,0.0075580474285847155,empirical,0.03482317050840797,0.010668938643212923,0.019851610107039508,0.0003755707620166456,0.010225586109919705,0.006963043258681264
T-L,AN,mc_learned_baseline,False,47,45,78120,11520,11520,46080,0,9000,39060,156240,262144,0.9304687500000002,0.9183,0.9282837191922219,0.0010655960688970012,1.533129401604854e-05,public_state_tabular_independent_mc,0,0.30532386375045845,1.8941008999245241,True,accepted_return_check_disabled,0.1,1,2.8893609375302054e-11,-0.0030699484043973995,100,5.0,0.002737326394357876,empirical,0.01216164405801256,0.0014756009111621948,0.09016725754555954,0.0041023855296758345,0.0030705033889955047,0.002527734899428798
T-L,AN,mc_learned_baseline,False,47,46,79856,11776,11776,47104,0,9200,39928,159712,262144,0.9445312500000003,0.9423000000000001,0.9292787234214832,0.0009950042292613537,1.3455030023349205e-05,public_state_tabular_independent_mc,0,0.3034177573929669,1.9371638000011444,True,accepted_return_check_disabled,0.1,1,3.828928813671164e-10,-0.002756556620531386,100,5.0,0.0033185947702920977,empirical,0.011151203746284147,0.0006107230247237187,0.055491649455623904,0.004125119139666942,0.002727625193904387,0.0025249984275657338
T-L,AN,mc_learned_baseline,False,47,47,81592,12032,12032,48128,0,9400,40796,163184,262144,0.9304687500000002,0.9303,0.9300461015695046,0.0007673781480214137,7.98567204009502e-06,public_state_tabular_independent_mc,0,0.30194157121511417,1.975375899928622,True,accepted_return_check_disabled,0.1,1,1.1478061694004613e-10,-0.0015767066972017091,100,5.0,0.0029232733436536447,empirical,0.01096420163755064,9.739475491923145e-05,0.08680052996882237,0.004238995954905022,0.0015888711539577907,0.0024340050416220803
T-L,AN,mc_learned_baseline,False,47,48,83328,12288,12288,49152,0,9600,41664,166656,262144,0.9215625000000003,0.9155999999999999,0.933189571764349,0.0031434701948444,5.701564105782013e-05,public_state_tabular_independent_mc,0,0.29766747431857515,2.0216572999488562,True,accepted_return_check_disabled,0.1,1,7.549834944574261e-10,-0.01200667409972458,100,5.0,0.007754820763656793,empirical,0.03512788085937501,0.010778819246818885,0.023755864289089157,0.0010014442923194518,0.011948665544567263,0.005688927066382625
T-L,AN,mc_learned_baseline,False,47,49,85064,12544,12544,50176,0,9800,42532,170128,262144,0.9145312500000002,0.9276000000000001,0.9361344766626504,0.002944904898301348,5.9916742671680536e-05,public_state_tabular_independent_mc,0,0.29363993349957895,2.069497299962677,True,accepted_return_check_disabled,0.1,1,6.355582052021251e-10,-0.01296173250334652,100,5.0,0.0033475355996504053,empirical,0.03564368896484376,0.010875759292161983,0.028126887842536807,0.0019621872043724294,0.012724656947521663,0.0040317224378406576
T-L,AN,mc_learned_baseline,False,47,50,86800,12800,12800,51200,0,10000,43400,173600,262144,0.9398437500000002,0.9423,0.9370701966257762,0.0009357199631258029,1.2067661065709102e-05,public_state_tabular_independent_mc,0,0.291802077922484,2.1202517999336123,True,accepted_return_check_disabled,0.1,1,3.5707848086163214e-10,-0.0024733208506714875,100,5.0,0.0023527326495523123,empirical,0.010480957031250005,0.00011144710602777852,0.07854408703243587,0.0028094915276878196,0.002447070358690695,0.002501785824465059
T-L,AN,mc_learned_baseline,False,47,51,88536,13056,13056,52224,0,10200,44268,177072,262144,0.9588281250000003,0.9213000000000001,0.938902514271036,0.0018323176452598178,3.163477731090433e-05,public_state_tabular_independent_mc,0,0.2889629911887276,2.1628449999261647,True,accepted_return_check_disabled,0.1,1,4.664097786511823e-10,-0.007080259763532469,100,5.0,0.0059797207476630825,empirical,0.021099575332893635,0.0057525571727284446,-0.008806823774553996,0.001791396312601206,0.006600537078893324,0.003547697628584947
T-L,AN,mc_learned_baseline,False,47,52,90272,13312,13312,53248,0,10400,45136,180544,262144,0.9142968750000002,0.948,0.938902514271036,0.0,0.0,public_state_tabular_independent_mc,0,0.2889629911887276,2.1915469999657944,False,direction_rejected,0.0,0,,-0.010670307474429342,100,5.0,-0.006007113810601287,empirical,0.021966514905437714,0.005627193493818091,0.049848566164464425,0.004379368531384979,0.011751416020658713,0.0006782048435588963
T-L,AN,mc_learned_baseline,False,47,53,92008,13568,13568,54272,0,10600,46004,184016,262144,0.9421875000000002,0.9333000000000001,0.9398101502664715,0.0009076359954355295,1.10052799173031e-05,public_state_tabular_independent_mc,0,0.2871741761388879,2.2295959999319166,True,accepted_return_check_disabled,0.1,1,9.198815125376277e-11,-0.0022311780872283256,100,5.0,0.00277335579813725,empirical,0.010371093750000006,3.6517274843406595e-05,0.07414272474513428,0.0024889237275956236,0.0022202246353278305,0.002568649647348252
T-L,AN,mc_learned_baseline,False,47,54,93744,13824,13824,55296,0,10800,46872,187488,262144,0.9656250000000002,0.9186,0.9405678710503694,0.0007577207838979083,7.5945837477116946e-06,public_state_tabular_independent_mc,0,0.28567711107392413,2.2703980999067426,True,accepted_return_check_disabled,0.1,1,1.0565406761327845e-10,-0.0014995041574198792,100,5.0,0.0023524797231206287,empirical,0.00931915283203125,3.629540256048708e-05,0.01960943592409692,0.0026208977668120284,0.0015112461220587053,0.002460626384343293
T-L,AN,mc_learned_baseline,False,47,55,95480,14080,14080,56320,0,11000,47740,190960,262144,0.9403125000000001,0.9243000000000001,0.9405678710503694,0.0,0.0,public_state_tabular_independent_mc,0,0.28567711107392413,2.29334239999298,False,direction_rejected,0.0,0,,-0.018743925292465314,100,5.0,-0.007436372821577448,empirical,0.03432688715428482,0.010803976439664537,0.00891814987679751,0.006732667195405543,0.019414853308278184,-0.0016318354576255849
T-L,AN,mc_learned_baseline,False,47,56,97216,14336,14336,57344,0,11200,48608,194432,262144,0.9635156250000003,0.9155999999999999,0.9423095689031515,0.0017416978527821092,3.377395860192606e-05,public_state_tabular_independent_mc,0,0.28291226988166485,2.3334637999068946,True,accepted_return_check_disabled,0.1,1,6.347446342345571e-10,-0.007960356228704429,100,5.0,0.006589144670599749,empirical,0.020361550903320313,0.005413184564958974,-0.004306819556290753,0.0025366981463443693,0.007233486096769988,0.002564133591435587
T-L,AN,mc_learned_baseline,False,47,57,98952,14592,14592,58368,0,11400,49476,197904,262144,0.9492187500000002,0.9540000000000001,0.9433607403881733,0.0010511714850217624,1.4224703232095497e-05,public_state_tabular_independent_mc,0,0.280828018314758,2.3701232000021264,True,accepted_return_check_disabled,0.1,1,3.341222573754407e-11,-0.002842146147928909,100,5.0,0.0026234304384106185,empirical,0.010063476562500003,5.952721680305832e-05,0.05918731700349911,0.002159040101752693,0.002845880162269047,0.0026772306407577104
T-L,AN,mc_learned_baseline,False,47,58,100688,14848,14848,59392,0,11600,50344,201376,262144,0.9283593750000001,0.951,0.9452614828378284,0.0019007424496551018,5.345315089860434e-05,public_state_tabular_independent_mc,0,0.2777609511606356,2.411437099915929,True,accepted_return_check_disabled,0.1,1,3.960145244032375e-10,-0.011418076110684473,100,5.0,0.006044189294101702,empirical,0.021478204500931932,0.00538341693385419,0.04099946356312911,0.005679596987499551,0.0119500434363118,-0.0008199156951863573
T-L,AN,mc_learned_baseline,False,47,59,102424,15104,15104,60416,0,11800,51212,204848,262144,0.9611718750000002,0.9540000000000001,0.9473716973300451,0.002110214492216711,7.117338679501402e-05,public_state_tabular_independent_mc,0,0.2745287314117187,2.463624499971047,True,accepted_return_check_disabled,0.1,1,5.31765474241845e-10,-0.013390789808093426,100,5.0,0.006120001353877971,empirical,0.0228296875,0.005946912132754163,0.008597265580790991,0.008068134843261365,0.01626017831837591,-0.0035111580048741275
T-L,AN,mc_learned_baseline,False,47,60,104160,15360,15360,61440,0,12000,52080,208320,262144,0.9632812500000002,0.9510000000000001,0.948296146342123,0.0009244490120778881,1.0850946331217667e-05,public_state_tabular_independent_mc,0,0.2726740240059477,2.5246817999286577,True,accepted_return_check_disabled,0.1,1,2.1281237047708156e-10,-0.002214704847570909,100,5.0,0.0027976116507087284,empirical,0.009580078124999997,0.00010783527119384222,0.017830136113985984,0.0014263361037540657,0.0021963197271751703,0.00269191013352635
T-L,AN,mc_learned_baseline,False,47,61,105896,15616,15616,62464,0,12200,52948,211792,262144,0.9611718750000002,0.9690000000000001,0.948296146342123,0.0,0.0,public_state_tabular_independent_mc,0,0.2726740240059477,2.554739599931054,False,direction_rejected,0.0,0,,-0.020583663708889217,100,5.0,-0.02076948916228561,empirical,0.022770361328125002,0.00531660123480805,0.0036456251996836997,0.015598904319261434,0.024654767609521556,-0.011460933906417729
T-L,AN,mc_learned_baseline,False,47,62,107632,15872,15872,63488,0,12400,53816,215264,262144,0.9379687500000001,0.9453000000000001,0.948296146342123,0.0,0.0,public_state_tabular_independent_mc,0,0.2726740240059477,2.581602399935946,False,direction_rejected,0.0,0,,-0.05210131669985503,100,5.0,-0.009597270815567476,empirical,0.03177705078125,0.01070855817406197,0.013280540126298979,0.02518702754833319,0.0355135208735196,-0.02104905713548948
T-L,AN,mc_learned_baseline,False,47,63,109368,16128,16128,64512,0,12600,54684,218736,262144,0.9539062500000002,0.9246000000000001,0.9492337897751518,0.000937643433028823,1.1073048062938145e-05,public_state_tabular_independent_mc,0,0.270787272738048,2.632740599918179,True,accepted_return_check_disabled,0.1,1,3.114584148338212e-10,-0.0022686623598941824,100,5.0,0.002783423154042459,empirical,0.009841003417968754,4.3037141890118024e-05,0.04930045651306736,0.0014202880756353587,0.0022453626053119463,0.002717682337208348
T-L,AN,mc_learned_baseline,False,47,64,111104,16384,16384,65536,0,12800,55552,222208,262144,0.9585937500000001,0.9450000000000002,0.9502195699683101,0.0009857801931583143,1.2077095157977479e-05,public_state_tabular_independent_mc,0,0.2687993900929233,2.6763072999892756,True,accepted_return_check_disabled,0.1,1,2.855646833121746e-10,-0.0024712029486617893,100,5.0,0.003009930771993757,empirical,0.009614251646703605,4.821219086076531e-05,0.04010180168380595,0.0013867444830864685,0.0024471331845467804,0.002770319320500536
T-L,AN,mc_learned_baseline,False,47,65,112840,16640,16640,66560,0,13000,56420,225680,262144,0.9679687500000003,0.948,0.9512048631786967,0.0009852932103865397,1.203689842444101e-05,public_state_tabular_independent_mc,0,0.26680435187936685,2.7298644999973476,True,accepted_return_check_disabled,0.1,1,2.527501557305654e-10,-0.0024607652095001917,100,5.0,0.0032461875520131264,empirical,0.009404296874999996,0.00015030996693511097,0.002654676378358367,0.0014001253470200506,0.002437860231220864,0.0027751231870295095
T-L,AN,mc_learned_baseline,False,47,66,114576,16896,16896,67584,0,13200,57288,229152,262144,0.9260156250000002,0.9660000000000001,0.9512048631786967,0.0,0.0,public_state_tabular_independent_mc,0,0.26680435187936685,2.756807699915953,False,direction_rejected,0.0,0,,-0.016561234627906977,100,5.0,-0.007575217715332461,empirical,0.02436228027343751,0.005311375521899281,0.04006042125934517,0.0066113369321370115,0.014474755910388909,-0.002418045550351515
T-L,AN,mc_learned_baseline,False,47,67,116312,17152,17152,68608,0,13400,58156,232624,262144,0.9562500000000003,0.9359999999999999,0.9523844826981258,0.0011796195194291315,1.7034389124423262e-05,public_state_tabular_independent_mc,0,0.26440950671427316,2.7995443999534473,True,accepted_return_check_disabled,0.1,1,3.495794678067468e-10,-0.003482867936593029,100,5.0,0.00253621320397946,empirical,0.010082834209296202,0.0003633306879868733,0.0392440723010854,0.0014013542767791739,0.003451941445255002,0.0027919371050063252
T-L,AN,mc_learned_baseline,False,47,68,118048,17408,17408,69632,0,13600,59024,236096,262144,0.9445312500000002,0.9182999999999999,0.9535495251263668,0.0011650424282410032,1.6564432152144e-05,public_state_tabular_independent_mc,0,0.26203308291545907,2.8398011999670416,True,accepted_return_check_disabled,0.1,1,2.0911517056122428e-10,-0.003372885481216715,100,5.0,0.003080920719945736,empirical,0.010434265136718749,0.00048615425261723527,0.061781350749263164,0.0014023633565559083,0.0033503526599017236,0.0028101965073101393
T-L,AN,mc_learned_baseline,False,47,69,119784,17664,17664,70656,0,13800,59892,239568,262144,0.9515625000000002,0.9273,0.9546796318429196,0.0011301067165527812,1.538915595278733e-05,public_state_tabular_independent_mc,0,0.2597212315122367,2.8805218999041244,True,accepted_return_check_disabled,0.1,1,7.087934716628278e-11,-0.0030572113526455323,100,5.0,0.0029368374342676525,empirical,0.010133830792596922,0.0003054359100406928,0.05249066488406018,0.0013640989225722302,0.003077374670092099,0.0028670285641960733
T-L,AN,mc_learned_baseline,False,47,70,121520,17920,17920,71680,0,14000,60760,243040,262144,0.9262500000000002,0.9930000000000001,0.9546796318429196,0.0,0.0,public_state_tabular_independent_mc,0,0.2597212315122367,2.9015366999665275,False,direction_rejected,0.0,0,,-0.030666675403983143,100,5.0,-0.0029970704333048322,empirical,0.036492382812500015,0.011492260399344466,0.01009453602124466,0.015613617173490387,0.029574136307162966,-0.01136681257265806
T-L,AN,mc_learned_baseline,False,47,71,123256,18176,18176,72704,0,14200,61628,246512,262144,0.9539062500000002,0.954,0.9556480477532445,0.0009684159103249268,1.1181209486952494e-05,public_state_tabular_independent_mc,0,0.2577351969345577,2.9427633999148384,True,accepted_return_check_disabled,0.1,1,3.245004117119611e-10,-0.0022929705168344746,100,5.0,0.0025797793949234463,empirical,0.01024085523817274,0.0005337459270970762,0.0368067151516871,0.001383577711239529,0.0022683554897052123,0.002863226889592799
T-L,AN,mc_learned_baseline,False,47,72,124992,18432,18432,73728,0,14400,62496,249984,262144,0.9539062500000002,0.948,0.9566706443831713,0.0010225966299267641,1.2360505294249239e-05,public_state_tabular_independent_mc,0,0.2556324209025463,2.980356799904257,True,accepted_return_check_disabled,0.1,1,1.3830684704374626e-12,-0.0024850701919876296,100,5.0,0.002761273097641535,empirical,0.00999479489378724,0.000150530692731168,0.03522204626777403,0.0013502201734383662,0.002481235870804536,0.0029079106503129993
T-L,AN,mc_learned_baseline,False,47,73,126728,18688,18688,74752,0,14600,63364,253456,262144,0.9328125000000003,0.9780000000000001,0.9579524463405036,0.0012818019573322958,1.9479873245226273e-05,public_state_tabular_independent_mc,0,0.2529811975438993,3.024034900008701,True,accepted_return_check_disabled,0.1,1,1.9672470813985665e-10,-0.0038727320867075602,100,5.0,0.0032599245607602143,empirical,0.011052685460341232,5.372852388189546e-05,0.07130228245351244,0.0014181429753087386,0.0038898107223465086,0.002850193815059485
T-L,AN,mc_learned_baseline,False,47,74,128464,18944,18944,75776,0,14800,64232,256928,262144,0.9539062500000002,0.96,0.9590704847899131,0.0011180384494094975,1.4796277940755284e-05,public_state_tabular_independent_mc,0,0.2506572784295882,3.062573099974543,True,accepted_return_check_disabled,0.1,1,2.2903858835919692e-11,-0.0029503523664027686,100,5.0,0.002612314866371658,empirical,0.009972839355468758,6.873173411420128e-05,0.04291813789944865,0.0013575571136826116,0.002964552215856819,0.0029245608908810786
T-L,AN,mc_learned_baseline,False,47,75,130200,19200,19200,76800,0,15000,65100,260400,262144,0.9658593750000002,0.96,0.9590704847899131,0.0,0.0,public_state_tabular_independent_mc,0,0.2506572784295882,3.093734800000675,False,direction_rejected,0.0,0,,-0.014234832762772223,100,5.0,-0.008290617781171829,empirical,0.019682104492187505,0.005500672245743742,0.007138346012781627,0.006929788078789234,0.01366299967519908,-0.002636261420899901
T-L,AN,mc_learned_baseline,False,47,76,131936,19456,19456,77824,0,15200,65968,263872,262144,0.9445312500000003,0.9483,0.9603503858659924,0.0012799010760793372,1.9214024288178835e-05,public_state_tabular_independent_mc,0,0.24798783639086186,3.1469276999123394,True,accepted_return_check_disabled,0.1,1,2.906437727205837e-10,-0.003809115162811956,100,5.0,0.002734339230143809,empirical,0.010716516449874484,8.53914515752437e-05,0.037144208717939664,0.0013979798215371752,0.003831605549897409,0.0028955468363521574
T-L,AN,mc_learned_baseline,False,47,77,133672,19712,19712,78848,0,15400,66836,267344,262144,0.9703125000000002,0.9753000000000001,0.9614470301869822,0.0010966443209897703,1.4025220750725691e-05,public_state_tabular_independent_mc,0,0.2456913362502398,3.183476399979554,True,accepted_return_check_disabled,0.1,1,1.6815055456902711e-10,-0.0027722871517902713,100,5.0,0.003424366419794448,empirical,0.008846253382329774,5.034247653532857e-05,0.020878056451050453,0.0013359038780829675,0.002797580888200662,0.002968159810793168
T-L,AN,mc_learned_baseline,False,47,78,135408,19968,19968,79872,0,15600,67704,270816,262144,0.9468750000000001,0.9690000000000001,0.9627084905025856,0.0012614603156033688,1.8425100542526274e-05,public_state_tabular_independent_mc,0,0.243040264164542,3.2184692999580875,True,accepted_return_check_disabled,0.1,1,1.796911134640291e-10,-0.0036645771200354846,100,5.0,0.002738158296643785,empirical,0.01060127980808408,0.0001748292830113396,0.024049472479704015,0.0013542914518017283,0.0036801944234359785,0.0029572895250480295
T-L,AN,mc_learned_baseline,False,47,79,137144,20224,20224,80896,0,15800,68572,274288,262144,0.9635156250000002,0.9690000000000001,0.9627084905025856,0.0,0.0,public_state_tabular_independent_mc,0,0.243040264164542,3.2398259999463335,False,direction_rejected,0.0,0,,-0.014391193915572777,100,5.0,-0.003617545687221882,empirical,0.019876562500000007,0.0054772421068044,0.008671917433057286,0.007238356832993666,0.014115544247906574,-0.0029203971747082027
T-L,AN,mc_learned_baseline,False,47,80,138880,20480,20480,81920,0,16000,69440,277760,262144,0.9773437500000002,0.9570000000000001,0.9636758902757387,0.000967399773153188,1.0822029619999769e-05,public_state_tabular_independent_mc,0,0.2409980265948804,3.2766716999467462,True,accepted_return_check_disabled,0.1,1,1.0415591011192239e-10,-0.002201082653627515,100,5.0,0.0029215010543628085,empirical,0.008462207690230747,6.0916308177203596e-05,0.012241920566966602,0.0013843674010257997,0.002186057630732182,0.002933592257259665
T-L,AN,mc_learned_baseline,False,47,81,140616,20736,20736,82944,0,16200,70308,281232,262144,0.9892968750000002,0.9606,0.9653637538548342,0.00168786357909545,4.970550306384426e-05,public_state_tabular_independent_mc,0,0.23804132523815844,3.3164995999541134,True,accepted_return_check_disabled,0.1,1,4.919533588928815e-10,-0.012600009656337122,100,5.0,0.0034791684355715133,empirical,0.019021733657248706,0.005490289319507113,-0.04444546382782666,0.005672825376000695,0.011322641163613516,-0.001350697002205841
T-L,AN,mc_learned_baseline,False,47,82,142352,20992,20992,83968,0,16400,71176,284704,262144,0.9843750000000002,0.9690000000000001,0.9662571785111322,0.0008934246562980475,9.13605129346585e-06,public_state_tabular_independent_mc,0,0.23614460752603283,3.3543111999752,True,accepted_return_check_disabled,0.1,1,2.3667521738669145e-10,-0.0018703563034560985,100,5.0,0.002641801735967193,empirical,0.008470040540458742,0.00029061416198378665,-0.015874331359406524,0.0011762391919722117,0.0018524701965013158,0.002885471635519703
T-L,AN,mc_learned_baseline,False,47,83,144088,21248,21248,84992,0,16600,72044,288176,262144,0.9679687500000003,0.9636,0.9673521908953783,0.0010950123842460302,1.375390071920181e-05,public_state_tabular_independent_mc,0,0.23380996837353363,3.392499399953522,True,accepted_return_check_disabled,0.1,1,2.1787152962302115e-12,-0.0027607849726458225,100,5.0,0.003386523529393287,empirical,0.00894287109375,1.6183083185184704e-05,0.027741368153838764,0.0010470363725503798,0.0027648461856626086,0.003016015455373906
T-L,AN,mc_learned_baseline,False,47,84,145824,21504,21504,86016,0,16800,72912,291648,262144,0.9890625000000002,0.9420000000000001,0.9682805990357363,0.0009284081403579947,9.74739930399463e-06,public_state_tabular_independent_mc,0,0.23182839876278497,3.4317171999718994,True,accepted_return_check_disabled,0.1,1,2.798208898792412e-10,-0.001999303797543639,100,5.0,0.003093698939385853,empirical,0.007947041414990837,0.0001849473177222628,-0.03212167339945582,0.001117896416777094,0.001977974326812545,0.002946277465156698
T-L,AN,mc_learned_baseline,False,47,85,147560,21760,21760,87040,0,17000,73780,295120,262144,0.9585937500000002,0.972,0.9694754367038689,0.0011948376681326645,1.633930836859597e-05,public_state_tabular_independent_mc,0,0.22926071340489038,3.4702412999467924,True,accepted_return_check_disabled,0.1,1,5.096982988124628e-13,-0.0032894259006372986,100,5.0,0.002526848515463832,empirical,0.009602050781250007,1.062592977502977e-05,0.03957908925207165,0.0010354678719469992,0.003284497088760009,0.0030262826828427007
T-L,AN,mc_learned_baseline,False,47,86,149296,22016,22016,88064,0,17200,74648,298592,262144,0.9705468750000004,0.9660000000000001,0.9694754367038689,0.0,0.0,public_state_tabular_independent_mc,0,0.22926071340489038,3.4923505999613553,False,direction_rejected,0.0,0,,-0.020799330887979337,100,5.0,-0.01482455850435371,empirical,0.01960290072694117,0.0055750266717841095,-0.01125623260342734,0.01287598309232125,0.0198991588032769,-0.00881549433241564
T-L,AN,mc_learned_baseline,False,47,87,151032,22272,22272,89088,0,17400,75516,302064,262144,0.9867187500000002,0.9750000000000001,0.9705143256777863,0.0010388889739173512,1.2290351686768579e-05,public_state_tabular_independent_mc,0,0.22702001618169462,3.537244400009513,True,accepted_return_check_disabled,0.1,1,3.1665843840784963e-10,-0.002417430936389836,100,5.0,0.0030789188672546855,empirical,0.008268468566748122,0.00032740252851455186,-0.01848875439905706,0.0010464005023963332,0.0024439774275001676,0.003014088257509277
T-L,AN,mc_learned_baseline,False,47,88,152768,22528,22528,90112,0,17600,76384,305536,262144,0.9890625000000002,0.9572999999999999,0.9714210079658379,0.0009066822880515746,9.281414049622179e-06,public_state_tabular_independent_mc,0,0.22506089284594516,3.574916699901223,True,accepted_return_check_disabled,0.1,1,2.841875875783824e-10,-0.0019051824805754332,100,5.0,0.0028784581968714163,empirical,0.00809716364894877,0.0003119696583322997,-0.04027804914302635,0.0011301910671250698,0.0018842344219300756,0.0029273644197566097
T-L,AN,mc_learned_baseline,False,47,89,154504,22784,22784,91136,0,17800,77252,309008,262144,0.9775781250000002,0.9662999999999999,0.9714210079658379,0.0,0.0,public_state_tabular_independent_mc,0,0.22506089284594516,3.5982354999287054,False,direction_rejected,0.0,0,,-0.025925828514793872,100,5.0,-3.12029481424371e-05,empirical,0.021740942382812503,0.00530611665199731,-0.008107134852287867,0.01622165258874356,0.025309196516335824,-0.012169237503350718
T-L,AN,mc_learned_baseline,False,47,90,156240,23040,23040,92160,0,18000,78120,312480,262144,0.9820312500000002,0.9510000000000001,0.972501272304023,0.0010802643381850885,1.333086097083633e-05,public_state_tabular_independent_mc,0,0.22271157239501985,3.6560223000124097,True,accepted_return_check_disabled,0.1,1,1.5583863342203366e-10,-0.00271380825835331,100,5.0,0.0032496928366169834,empirical,0.007984313964843748,2.8145112388071308e-05,0.003926676499320103,0.0010243807087407465,0.002697225789758896,0.0030280343766520986
T-L,AN,mc_learned_baseline,False,47,91,157976,23296,23296,93184,0,18200,78988,315952,262144,0.9820312500000002,0.978,0.9735206470967002,0.001019374792677219,1.1871142814136123e-05,public_state_tabular_independent_mc,0,0.22048541868438054,3.7847936999751255,True,accepted_return_check_disabled,0.1,1,2.8262358346935857e-10,-0.002336153314662353,100,5.0,0.0028388049741041753,empirical,0.00810791015625,0.000112382960520202,-0.0038309039017752067,0.001052066783590944,0.002361657504386942,0.00299570120563364
T-L,AN,mc_learned_baseline,False,47,92,159712,23552,23552,94208,0,18400,79856,319424,262144,0.9567187500000003,0.9662999999999999,0.9735206470967002,0.0,0.0,public_state_tabular_independent_mc,0,0.22048541868438054,3.8188502999255434,False,direction_rejected,0.0,0,,-0.0642043560017189,100,5.0,-0.010551299596956519,empirical,0.030806286755936853,0.010790725955090629,-0.0017579340059927784,0.019332455583008782,0.02796827396133653,-0.01529019923824939
T-L,AN,mc_learned_baseline,False,47,93,161448,23808,23808,95232,0,18600,80724,322896,262144,0.9843750000000002,0.9723,0.974582482392218,0.0010618352955178434,1.2889321709522811e-05,public_state_tabular_independent_mc,0,0.21815682732417732,3.8725088000064716,True,accepted_return_check_disabled,0.1,1,1.1443569253150107e-10,-0.002618819471391646,100,5.0,0.0033046223590061283,empirical,0.007701416015625,1.3446021044940924e-05,0.007165354330708751,0.0010215706695812189,0.0026057283985172915,0.0030206856751781763
T-L,AN,mc_learned_baseline,False,47,94,163184,24064,24064,96256,0,18800,81592,326368,262144,0.9679687500000003,0.9780000000000001,0.9757131185899007,0.0011306361976827217,1.4586021397691467e-05,public_state_tabular_independent_mc,0,0.21566763020321297,3.9164989999262616,True,accepted_return_check_disabled,0.1,1,7.092027872109373e-11,-0.0029602484477891894,100,5.0,0.002734218843567674,empirical,0.009007373876861614,7.699381918543983e-05,0.021933220529396613,0.0009909251997959783,0.0029450306463707876,0.0030444268148621697
T-L,AN,mc_learned_baseline,False,47,95,164920,24320,24320,97280,0,19000,82460,329840,262144,0.9890625000000002,0.975,0.9767787594600489,0.0010656408701481546,1.2866544919461645e-05,public_state_tabular_independent_mc,0,0.21331580850390222,3.9574700999073684,True,accepted_return_check_disabled,0.1,1,2.9187164818655515e-10,-0.0026348598806466895,100,5.0,0.0028766212302316248,empirical,0.007680098579081238,0.00018322942140443368,-0.02057688927680501,0.0009792020450514844,0.002610660388090397,0.003046960658956203
T-L,AN,mc_learned_baseline,False,47,96,166656,24576,24576,98304,0,19200,83328,333312,262144,0.9611718750000002,0.9483000000000001,0.9767787594600489,0.0,0.0,public_state_tabular_independent_mc,0,0.21331580850390222,3.979636100004427,False,direction_rejected,0.0,0,,-0.022514214108176778,100,5.0,-0.017492765430316522,empirical,0.019983129882812506,0.00546422368746418,0.006446260110692936,0.014067914838141423,0.022430210770543926,-0.010053684384330457
T-L,AN,mc_learned_baseline,False,47,97,168392,24832,24832,99328,0,19400,84196,336784,262144,0.9892968750000003,0.993,0.9767787594600489,0.0,0.0,public_state_tabular_independent_mc,0,0.21331580850390222,4.000963099999353,False,direction_rejected,0.0,0,,-0.019391167724162182,100,5.0,-0.00394984142895999,empirical,0.018386816406249996,0.005416999091944005,-0.02622663964746308,0.011439164997621813,0.018244157313919627,-0.007424934543810848
T-L,AN,mc_learned_baseline,False,47,98,170128,25088,25088,100352,0,19600,85064,340256,262144,0.9773437500000002,0.981,0.9779533122738338,0.0011745528137848682,1.5850136054962705e-05,public_state_tabular_independent_mc,0,0.210704467043198,4.041459099971689,True,accepted_return_check_disabled,0.1,1,3.5956402171138604e-10,-0.0031322688447463607,100,5.0,0.002834489780134862,empirical,0.008357849121093757,7.682461865195591e-05,0.009405643386031337,0.0009895472568019806,0.003157196941074576,0.003024683197008985
T-L,AN,mc_learned_baseline,False,47,99,171864,25344,25344,101376,0,19800,85932,343728,262144,0.9539062500000002,0.993,0.9793896699204627,0.0014363576466289718,2.3777264381950624e-05,public_state_tabular_independent_mc,0,0.20749358073903884,4.095771199907176,True,accepted_return_check_disabled,0.1,1,4.6482737529486034e-10,-0.004710695982983772,100,5.0,0.0026340793073339587,empirical,0.01068695068359376,0.0001212415932715923,0.008347245409014437,0.001177401891825395,0.004745743382756935,0.0028251928936490938
T-L,AN,mc_learned_baseline,False,47,100,173600,25600,25600,102400,0,20000,86800,347200,262144,0.9635156250000002,0.972,0.9793896699204627,0.0,0.0,public_state_tabular_independent_mc,0,0.20749358073903884,4.1206887000007555,False,direction_rejected,0.0,0,,-0.02316760608371029,100,5.0,-0.014315184839150388,empirical,0.022724218750000007,0.005326473361367829,0.0068721515345754325,0.011798955458383624,0.020561758007833476,-0.007812655345539295
T-L,AN,mc_learned_baseline,False,47,101,175336,25856,25856,103424,0,20200,87668,350672,262144,0.9728906250000002,0.996,0.9812782567068613,0.0018885867863985828,8.365553359522014e-05,public_state_tabular_independent_mc,0,0.2038627717263905,4.166898399940692,True,accepted_return_check_disabled,0.1,1,1.8899471405907725e-09,-0.020926693235058504,100,5.0,0.00317225849253471,empirical,0.019107283844286484,0.005370316095032702,0.0044657164119916715,0.012909504968960466,0.020759248445930467,-0.008923204856116137
T-L,AN,mc_learned_baseline,False,47,102,177072,26112,26112,104448,0,20400,88536,354144,262144,0.9726562500000002,0.9990000000000002,0.9825359695841317,0.0012577128772703894,1.8221466727432988e-05,public_state_tabular_independent_mc,0,0.20102489799520604,4.210193599923514,True,accepted_return_check_disabled,0.1,1,4.2451653142778203e-10,-0.0037382488499959213,100,5.0,0.003050952105467474,empirical,0.008610534667968753,6.689595638093163e-05,0.02124707310727547,0.000727004810660511,0.0037027368311931133,0.0029868679289846087
T-L,AN,mc_learned_baseline,False,47,103,178808,26368,26368,105472,0,20600,89404,357616,262144,0.9726562500000002,0.987,0.9837797570605793,0.0012437874764475998,1.7894554081400565e-05,public_state_tabular_independent_mc,0,0.1982029950050778,4.256219299975783,True,accepted_return_check_disabled,0.1,1,4.2034365865269156e-10,-0.003671663668488488,100,5.0,0.0032299466782975926,empirical,0.008621520996093755,3.5633191719262566e-05,0.020622669326164078,0.00071514377474885,0.003636634465112732,0.002979796785380291
T-L,AN,mc_learned_baseline,False,47,104,180544,26624,26624,106496,0,20800,90272,361088,262144,0.9937500000000002,0.9753000000000001,0.9847650388642628,0.0009852818036835131,1.1268680879812297e-05,public_state_tabular_independent_mc,0,0.1959564822031207,4.2986661999020725,True,accepted_return_check_disabled,0.1,1,1.1099196985919285e-10,-0.002291470253054121,100,5.0,0.0029904946369801733,empirical,0.00692413330078125,1.2818577546226614e-05,-0.0035784139402561532,0.00072750305537652,0.002279441526461409,0.0029470504459255978
T-L,AN,mc_learned_baseline,False,47,105,182280,26880,26880,107520,0,21000,91140,364560,262144,0.9890625000000002,0.96,0.985848392563621,0.0010833536993581916,1.3670677266434154e-05,public_state_tabular_independent_mc,0,0.1934751394968535,4.3548808000050485,True,accepted_return_check_disabled,0.1,1,1.0815278013234507e-10,-0.0027249084335447793,100,5.0,0.0032874646165092954,empirical,0.0074468800048828115,0.00012911492511731858,0.0018077443044312025,0.0006737519280113566,0.0027342300337079074,0.002983468814630213
T-L,AN,mc_learned_baseline,False,47,106,184016,27136,27136,108544,0,21200,92008,368032,262144,0.9773437500000002,0.987,0.9871192109580148,0.0012708183943938023,1.8946797915886004e-05,public_state_tabular_independent_mc,0,0.19054814495658517,4.398118000011891,True,accepted_return_check_disabled,0.1,1,8.588412398392211e-11,-0.0038505652880782173,100,5.0,0.002411363097197534,empirical,0.008261718750000003,4.2198820493566865e-05,0.015136354539996622,0.000721700857685504,0.003831226235413905,0.0029151046049380107
T-L,AN,mc_learned_baseline,False,47,107,185752,27392,27392,109568,0,21400,92876,371504,262144,0.9937500000000002,0.9843000000000001,0.9881145235141436,0.0009953125561288356,1.1685602194334966e-05,public_state_tabular_independent_mc,0,0.1882433049616093,4.441769299912266,True,accepted_return_check_disabled,0.1,1,2.6091674361008954e-10,-0.0023948778512288484,100,5.0,0.0025498927157016522,empirical,0.006954345703125,4.946691081982362e-05,-0.005778805120910002,0.0006915194418992236,0.002372087172347758,0.0029199618144171093
T-L,AN,mc_learned_baseline,False,47,108,187488,27648,27648,110592,0,21600,93744,374976,262144,0.9937500000000002,0.987,0.9891147858467068,0.0010002623325631177,1.1863429555913917e-05,public_state_tabular_independent_mc,0,0.18591618875035637,4.483590699965134,True,accepted_return_check_disabled,0.1,1,1.1870970177169427e-10,-0.002417631685001134,100,5.0,0.0032012655024026533,empirical,0.007130126953125001,0.00019959200818008864,-0.01858108108108092,0.0006813265229946405,0.002400943299966779,0.002909214234497662
T-L,AN,mc_learned_baseline,False,47,109,189224,27904,27904,111616,0,21800,94612,378448,262144,0.9914062500000003,0.9990000000000001,0.9901715217309719,0.0010567358842651364,1.3325363559534398e-05,public_state_tabular_independent_mc,0,0.18344540619838706,4.52172319998499,True,accepted_return_check_disabled,0.1,1,3.1437462132990534e-10,-0.0026331466465110776,100,5.0,0.0029206415646550127,empirical,0.007075195312500003,8.429284605162046e-06,0.0024101052269153156,0.0006551756342924774,0.002654739266750873,0.0029131987477612276
T-L,AN,mc_learned_baseline,False,47,110,190960,28160,28160,112640,0,22000,95480,381920,262144,0.9960937500000002,1.008,0.9911606530789028,0.0009891313479308828,1.1606803968174585e-05,public_state_tabular_independent_mc,0,0.18112807420003152,4.5589473999571055,True,accepted_return_check_disabled,0.1,1,6.650105771314529e-11,-0.0023588525891193876,100,5.0,0.0026145683541832806,empirical,0.006961795574685803,0.0002394298484241387,-0.034940417939093305,0.0006398962291061022,0.0023455934439683443,0.0029039403604683785
T-L,AN,mc_learned_baseline,False,47,111,192696,28416,28416,113664,0,22200,96348,385392,262144,0.9796875000000003,1.002,0.9924342736978897,0.0012736206189869481,1.9645256912504626e-05,public_state_tabular_independent_mc,0,0.17811843066415345,4.6038730998989195,True,accepted_return_check_disabled,0.1,1,4.074388214093677e-10,-0.003892006718674082,100,5.0,0.0030635412833086477,empirical,0.008099670410156252,2.8822329360380643e-05,0.01110157474438378,0.0007155556920058386,0.003922022365211503,0.0028017239700107756
T-L,AN,mc_learned_baseline,False,47,112,194432,28672,28672,114688,0,22400,97216,388864,262144,0.9984375000000002,1.0050000000000001,0.993366021817117,0.0009317481192272492,1.0587961840556607e-05,public_state_tabular_independent_mc,0,0.17590434982491115,4.651121999952011,True,accepted_return_check_disabled,0.1,1,2.655316984274647e-10,-0.002172559586474545,100,5.0,0.0027465941970344944,empirical,0.00647369384765625,3.385689440147281e-05,-0.005264411624582799,0.0006784887542738783,0.0021507796284505128,0.0028063446502953992
T-L,AN,mc_learned_baseline,False,47,113,196168,28928,28928,115712,0,22600,98084,392336,262144,0.9937500000000002,0.978,0.9944431621789747,0.001077140361857687,1.4269202814898466e-05,public_state_tabular_independent_mc,0,0.17333141140604022,4.696165899978951,True,accepted_return_check_disabled,0.1,1,6.700222310696374e-11,-0.002893952828799195,100,5.0,0.0030715152231740274,empirical,0.006924133300781251,5.8763234719171826e-05,-0.0035784139402563753,0.0006236069428684759,0.0028849586815536824,0.002836413556544174
T-L,AN,mc_learned_baseline,False,47,114,197904,29184,29184,116736,0,22800,98952,395808,262144,1.0054687500000004,0.9990000000000001,0.9953227159264704,0.0008795537474957094,9.58573956717975e-06,public_state_tabular_independent_mc,0,0.17121963520816028,4.743847999954596,True,accepted_return_check_disabled,0.1,1,1.7945509718631726e-10,-0.001960117748574398,100,5.0,0.00355295899741552,empirical,0.00568817138671875,4.896592396090331e-05,0.0013127226940286008,0.0006974501748835977,0.0019443052670814918,0.002732795007888429
T-L,AN,mc_learned_baseline,False,47,115,199640,29440,29440,117760,0,23000,99820,399280,262144,0.9890625000000002,0.9960000000000001,0.996446633175361,0.0011239172488906046,1.5799018162895086e-05,public_state_tabular_independent_mc,0,0.16850679839147964,4.7872500999365,True,accepted_return_check_disabled,0.1,1,1.5711469547612068e-10,-0.003224212127938105,100,5.0,0.0020047330630843622,empirical,0.007382812500000005,2.3915033595715433e-05,-0.0026704498038889746,0.0006267480541825963,0.0032022257507240714,0.002778303458650677
T-L,AN,mc_learned_baseline,False,47,116,201376,29696,29696,118784,0,23200,100688,402752,262144,1.0007812500000002,1.002,0.997444316728038,0.0009976835526770422,1.2561711902504668e-05,public_state_tabular_independent_mc,0,0.1660849945810432,4.831920799915679,True,accepted_return_check_disabled,0.1,1,1.7729849415504678e-10,-0.00248565158974486,100,5.0,0.0025562041687051877,empirical,0.00617156982421875,8.94261288560586e-06,2.4723712512386697e-05,0.0006128013722226304,0.002509294935397374,0.00275887235785106
T-L,AN,mc_learned_baseline,False,47,117,203112,29952,29952,119808,0,23400,101556,406224,262144,1.0054687500000004,0.9960000000000001,0.9983853229430807,0.0009410062150426723,1.1276400134406976e-05,public_state_tabular_independent_mc,0,0.163788629663766,4.875044499989599,True,accepted_return_check_disabled,0.1,1,2.0518512772270993e-10,-0.0022351228921885153,100,5.0,0.0023582110730148514,empirical,0.00568817138671875,2.5365553746049487e-05,0.0013127226940284897,0.0006252554106428241,0.0022496789267626533,0.0027156347568630824
T-L,AN,mc_learned_baseline,False,47,118,204848,30208,30208,120832,0,23600,102424,409696,262144,1.0007812500000002,0.9689999999999999,0.9993701693463617,0.0009848464032810034,1.2472601824222066e-05,public_state_tabular_independent_mc,0,0.16137238289546615,4.9134190999902785,True,accepted_return_check_disabled,0.1,1,2.4120818542442376e-11,-0.0024906594283342575,100,5.0,0.003005872374280118,empirical,0.006182556152343751,1.9858236099208955e-05,-0.0008653299379437485,0.0006002427141988021,0.0025038192065330307,0.002710652504110255
T-L,AN,mc_learned_baseline,False,47,119,206584,30464,30464,121856,0,23800,103292,413168,262144,0.9960937500000002,1.002,1.000408976833827,0.0010388074874652098,1.402714696294576e-05,public_state_tabular_independent_mc,0,0.15880913025844215,4.952276199939661,True,accepted_return_check_disabled,0.1,1,3.2050762132433494e-10,-0.0028801302014062427,100,5.0,0.002085291861149924,empirical,0.00667694091796875,0.00011065333652090486,-0.002735946660535671,0.0005930176189405775,0.002852459517149297,0.0026854869797949574
T-L,AN,mc_learned_baseline,False,47,120,208320,30720,30720,122880,0,24000,104160,416640,262144,1.0054687500000004,0.9903000000000002,1.0013618652552703,0.0009528884214433653,1.192892123126509e-05,public_state_tabular_independent_mc,0,0.15644438315209497,4.991125899949111,True,accepted_return_check_disabled,0.1,1,3.4905093705619575e-11,-0.002379059552237826,100,5.0,0.0019371780487123468,empirical,0.00569091796875,5.676170722046123e-06,0.001071610362472164,0.000591841834419511,0.0023932566528592097,0.0026513910041916903
T-L,AN,mc_learned_baseline,False,47,121,210056,30976,30976,123904,0,24200,105028,420112,262144,1.0054687500000004,1.002,1.0022884211066008,0.0009265558513305017,1.1277388657737e-05,public_state_tabular_independent_mc,0,0.15413887283554498,5.032342799939215,True,accepted_return_check_disabled,0.1,1,2.0867919632385853e-10,-0.002227944511188209,100,5.0,0.001986054916960943,empirical,0.006078088404127388,0.0003014668171829887,-0.039837367628998255,0.000567160604693432,0.0022506057067317956,0.002642718901488433
T-L,AN,mc_learned_baseline,False,47,122,211792,31232,31232,124928,0,24400,105896,423584,262144,0.9892968750000002,0.9900000000000001,1.0022884211066008,0.0,0.0,public_state_tabular_independent_mc,0,0.15413887283554498,5.056835499941371,False,direction_rejected,0.0,0,,-0.030979485318811704,100,5.0,-0.012294844771982054,empirical,0.020713720703125,0.005329895747839652,-0.00043699618631642956,0.010999274107970424,0.018702686840884802,-0.007824847253944299
T-L,AN,mc_learned_baseline,False,47,123,213528,31488,31488,125952,0,24600,106764,427056,262144,0.9960937500000002,0.9900000000000001,1.0034125689708076,0.0011241478642067815,1.7003623345864637e-05,public_state_tabular_independent_mc,0,0.1513164912446095,5.10249219997786,True,accepted_return_check_disabled,0.1,1,2.9839615498312247e-10,-0.00336668024076734,100,5.0,0.0021630490330941917,empirical,0.0066577148437500025,6.422724161438846e-06,-0.0012875043108409034,0.0006261653033515244,0.0033994209040993967,0.002548261550674599
T-L,AN,mc_learned_baseline,False,47,124,215264,31744,31744,126976,0,24800,107632,430528,262144,1.0125000000000002,1.008,1.0042475152884838,0.0008349463176762217,9.4863024515173e-06,public_state_tabular_independent_mc,0,0.14920772417909384,5.146687399945222,True,accepted_return_check_disabled,0.1,1,1.8564466603124357e-11,-0.0019023342850247238,100,5.0,0.0023676361282909788,empirical,0.00492462158203125,1.791386212237441e-05,0.007597194881889813,0.0006161333715404551,0.0019035694361451468,0.0025166709401503755
T-L,AN,mc_learned_baseline,False,47,125,217000,32000,32000,128000,0,25000,108500,434000,262144,0.9937500000000002,1.014,1.0054181633834915,0.0011706480950077758,1.8919673935593834e-05,public_state_tabular_independent_mc,0,0.1462327154047619,5.186905899900012,True,accepted_return_check_disabled,0.1,1,4.1950371956650284e-10,-0.0038892811191408743,100,5.0,0.0023298952264289483,empirical,0.007393798828125011,0.00021563654854359377,-0.037784495021337516,0.0006989145740331422,0.003853700697532133,0.00240211421654063
T-L,AN,mc_learned_baseline,False,47,126,218736,32256,32256,129024,0,25200,109368,437472,262144,1.0054687500000004,1.0050000000000001,1.006348719812317,0.0009305564288255574,1.2117878593818351e-05,public_state_tabular_independent_mc,0,0.1438521658970784,5.232769599999301,True,accepted_return_check_disabled,0.1,1,3.137581360161932e-10,-0.002491321400417629,100,5.0,0.002721512897235416,empirical,0.005756835937500007,5.620140065988679e-05,-0.004715085594877433,0.0005559599065003982,0.0024660826865550616,0.002499281864796723
T-L,AN,mc_learned_baseline,False,47,127,220472,32512,32512,130048,0,25400,110236,440944,262144,1.0031250000000003,1.0140000000000002,1.0073459558798163,0.0009972360674992409,1.4114911238886694e-05,public_state_tabular_independent_mc,0,0.14128518743683796,5.280262399930507,True,accepted_return_check_disabled,0.1,1,1.8942930419821046e-10,-0.0028091213764672484,100,5.0,0.0025266378125922318,empirical,0.006067199707031256,7.127637123548269e-05,-0.01092657342657355,0.0005628542821458835,0.0028242550210907775,0.0024549619648602168
T-L,AN,mc_learned_baseline,False,47,128,222208,32768,32768,131072,0,25600,111104,444416,262144,0.9892968750000002,1.0170000000000001,1.0091029606762287,0.001757004796412387,7.310538019654288e-05,public_state_tabular_independent_mc,0,0.13731922060319965,5.327966699958779,True,accepted_return_check_disabled,0.1,1,3.5155235125129846e-10,-0.03152345109025653,100,5.0,0.00151991917436877,empirical,0.020971899414062505,0.005422359148623828,-0.0038259462026484226,0.01009001272837215,0.017765561229879167,-0.007113315579713099
T-L,AN,mc_learned_baseline,False,47,129,223944,33024,33024,132096,0,25800,111972,447888,262144,1.01015625,1.014,1.0099820002605941,0.0008790395843654153,1.1609639094943567e-05,public_state_tabular_independent_mc,0,0.13500928962140432,5.3701019999571145,True,accepted_return_check_disabled,0.1,1,2.0154820121020617e-10,-0.002379306099403,100,5.0,0.0017420295649473738,empirical,0.005207519531249999,2.628000970950779e-05,0.00257799912113732,0.00038426272205982454,0.002358823826507924,0.002329792890507624
T-L,AN,mc_learned_baseline,False,47,130,225680,33280,33280,133120,0,26000,112840,451360,262144,1.0195312500000004,1.0230000000000001,1.0106937226778623,0.0007117224172681347,7.70649585437369e-06,public_state_tabular_independent_mc,0,0.13312865906455074,5.409654999966733,True,accepted_return_check_disabled,0.1,1,6.68919783156212e-11,-0.0015705064468332249,100,5.0,0.0023405159267668603,empirical,0.0041748046875,6.213435285291161e-06,0.014526965680043968,0.00045376139056919787,0.0015599531707946152,0.002225693579601582
T-L,AN,mc_learned_baseline,False,47,131,227416,33536,33536,134144,0,26200,113708,454832,262144,1.0148437500000003,0.9903,1.0114945224603697,0.0008007997825074664,9.887595455170281e-06,public_state_tabular_independent_mc,0,0.13100131979631474,5.451027699979022,True,accepted_return_check_disabled,0.1,1,3.341597495605302e-11,-0.002003010008631444,100,5.0,0.0018279220659934536,empirical,0.004666442871093751,2.340033605378518e-06,0.01052767969939461,0.00039013972230505725,0.0019987991794154416,0.0022606993413351985
T-L,AN,mc_learned_baseline,False,47,132,229152,33792,33792,135168,0,26400,114576,458304,262144,0.9963281250000002,1.014,1.0114945224603697,0.0,0.0,public_state_tabular_independent_mc,0,0.13100131979631474,5.474091199925169,False,direction_rejected,0.0,0,,-0.03336745342851735,100,5.0,-0.012908185678956241,empirical,0.017198095703125003,0.0053122839972028196,0.0001388204797582171,0.01028334496423884,0.016638748347117354,-0.007665353582285931
T-L,AN,mc_learned_baseline,False,47,133,230888,34048,34048,136192,0,26600,115444,461776,262144,1.0125000000000002,1.0110000000000001,1.0123203333582012,0.0008258108978314027,1.0670620505122928e-05,public_state_tabular_independent_mc,0,0.1287946086369766,5.517654599971138,True,accepted_return_check_disabled,0.1,1,2.542404753596736e-10,-0.0021926545615020294,100,5.0,0.0015455562797691237,empirical,0.004921875000000002,1.0313888436434245e-06,0.007874015748031371,0.0003807355370070558,0.0021711455672168913,0.002237255844945854
T-L,AN,mc_learned_baseline,False,47,134,232624,34304,34304,137216,0,26800,116312,465248,262144,1.0242187500000002,1.0230000000000001,1.0129472223205265,0.0006268889623253227,6.226515552424063e-06,public_state_tabular_independent_mc,0,0.12711050458106363,5.560326699982397,True,accepted_return_check_disabled,0.1,1,2.689765149421944e-12,-0.0012524530286678562,100,5.0,0.00193314676106763,empirical,0.003603515625,1.2602532512879698e-06,0.030505243088656098,0.0005120238590902824,0.0012541070525830165,0.0020713953862748686
T-L,AN,mc_learned_baseline,False,47,135,234360,34560,34560,138240,0,27000,117180,468720,262144,1.0125000000000002,1.026,1.01380534298061,0.0008581206600835056,1.1846571357796761e-05,public_state_tabular_independent_mc,0,0.12479239127958941,5.6023706999840215,True,accepted_return_check_disabled,0.1,1,9.256727701659634e-11,-0.002366618603204205,100,5.0,0.0027760955702011295,empirical,0.004932861328125001,2.0545510087416364e-05,0.006766732283464916,0.00038205560604334703,0.0023748823590118797,0.0021746399583266493
T-L,AN,mc_learned_baseline,False,47,136,236096,34816,34816,139264,0,27200,118048,472192,262144,1.0171875000000001,1.0203000000000002,1.0145538852508478,0.0007485422702377953,9.134498028143833e-06,public_state_tabular_independent_mc,0,0.12275881043142194,5.656071599922143,True,accepted_return_check_disabled,0.1,1,5.015450923923955e-11,-0.0018544646206956235,100,5.0,0.0017725214940088965,empirical,0.004437621376850727,4.805449745254435e-05,0.009581525448510209,0.0003825337343507178,0.0018485011553200951,0.0021369102680027586
T-L,AN,mc_learned_baseline,False,47,137,237832,35072,35072,140288,0,27400,118916,475664,262144,1.0195312500000002,1.014,1.0152836079546848,0.0007297227038369769,8.78199776734906e-06,public_state_tabular_independent_mc,0,0.12076691411101606,5.702442699926905,True,accepted_return_check_disabled,0.1,1,5.009547990913227e-12,-0.001770377974460187,100,5.0,0.0016081219315177142,empirical,0.004574510419904974,0.0003840881752247519,-0.047676874289594995,0.0003790534214113305,0.0017715118955607824,0.0021070412065231255
T-L,AN,mc_learned_baseline,False,47,138,239568,35328,35328,141312,0,27600,119784,479136,262144,1.0125000000000002,1.026,1.0161320498737931,0.0008484419191083781,1.2147622937229917e-05,public_state_tabular_independent_mc,0,0.1184331746030273,5.74390559992753,True,accepted_return_check_disabled,0.1,1,2.797530565706289e-10,-0.0024024057344707575,100,5.0,0.002280449943364222,empirical,0.0049658203125000034,1.603584290923371e-05,0.0034448818897639955,0.00038639551208340296,0.002426487748028941,0.0020659655600121364
T-L,AN,mc_learned_baseline,False,47,139,241304,35584,35584,142336,0,27800,120652,482608,262144,0.9916406250000003,1.0170000000000001,1.0161320498737931,0.0,0.0,public_state_tabular_independent_mc,0,0.1184331746030273,5.766884399927221,False,direction_rejected,0.0,0,,-0.03446631807901103,100,5.0,-0.01241445832774369,empirical,0.017842144360954385,0.0053747555758806515,-0.006627022636775282,0.010754020226821454,0.01806307852679781,-0.008340551240611602
T-L,AN,mc_learned_baseline,False,47,140,243040,35840,35840,143360,0,28000,121520,486080,262144,1.0101562500000003,1.0140000000000002,1.0170335905033643,0.0009015406295711514,1.3986381177797047e-05,public_state_tabular_independent_mc,0,0.11593583208800108,5.81103619991336,True,accepted_return_check_disabled,0.1,1,2.991221333135153e-10,-0.002875166506452079,100,5.0,0.0020685359904770626,empirical,0.005182800292968753,2.6230764801160897e-05,0.004950930130364739,0.00043877682351490215,0.002849606122636119,0.0019746921626949483
T-L,AN,mc_learned_baseline,False,47,141,244776,36096,36096,144384,0,28200,122388,489552,262144,1.0171875000000001,1.0320000000000003,1.0178103333319937,0.0007767428286293843,1.0576606503820199e-05,public_state_tabular_independent_mc,0,0.1137692684006308,5.856825099908747,True,accepted_return_check_disabled,0.1,1,1.0492728030400802e-10,-0.002110281301617514,100,5.0,0.0021971266612350335,empirical,0.004427490234375004,3.658249316214133e-05,0.011639052444201159,0.00037183962806663706,0.002119125809032462,0.0019994729000527246
T-L,AN,mc_learned_baseline,False,47,142,246512,36352,36352,145408,0,28400,123256,493024,262144,1.0312500000000002,1.02,1.0182721498196992,0.0004618164877054909,3.7561625122877567e-06,public_state_tabular_independent_mc,0,0.11247725477911184,5.896774899912998,True,accepted_return_check_disabled,0.1,1,1.147365208910435e-10,-0.0007718054489276772,100,5.0,0.0015820279963549993,empirical,0.003231961059570307,0.0003133744008758995,-0.027549788135592168,0.000637810138853887,0.0007633391005901016,0.0016964954318020606
T-L,AN,mc_learned_baseline,False,47,143,248248,36608,36608,146432,0,28600,124124,496496,262144,1.0125000000000002,1.014,1.0191380759267943,0.0008659261070951274,1.3538589124624308e-05,public_state_tabular_independent_mc,0,0.11003650595233722,5.9351252999622375,True,accepted_return_check_disabled,0.1,1,3.1764741701668567e-10,-0.002787120969392676,100,5.0,0.0027097160796131217,empirical,0.00498708818803331,4.6059836962341386e-05,-0.004149601156700822,0.0004340059842990884,0.0027601902007359435,0.0018771548719933142
T-L,AN,mc_learned_baseline,False,47,144,249984,36864,36864,147456,0,28800,124992,499968,262144,1.0148437500000003,1.0233,1.0199566002204943,0.0008185242936999959,1.2376993522445967e-05,public_state_tabular_independent_mc,0,0.10771139756936009,5.973492399905808,True,accepted_return_check_disabled,0.1,1,1.6841740172003735e-10,-0.0025335360230504204,100,5.0,0.001365537018217701,empirical,0.004699401855468748,0.00010998265206208391,0.007029250753134653,0.0004086622179352358,0.0025169467822200174,0.0018598651738485094
T-L,AN,mc_learned_baseline,False,47,145,251720,37120,37120,148480,0,29000,125860,503440,262144,1.0080468750000002,1.038,1.0199566002204943,0.0,0.0,public_state_tabular_independent_mc,0,0.10771139756936009,5.996918099932373,False,direction_rejected,0.0,0,,-0.03209069814285745,100,5.0,-0.012430468365735792,empirical,0.01620822753906251,0.005452451020134204,0.0033828136495387406,0.010465152998581721,0.01632117352010776,-0.008237434748421583
T-L,AN,mc_learned_baseline,False,47,146,253456,37376,37376,149504,0,29200,126728,506912,262144,1.0359375000000002,1.0083,1.0203392921724486,0.00038269195195428374,2.741512716601875e-06,public_state_tabular_independent_mc,0,0.10661847899352891,6.048161699902266,True,accepted_return_check_disabled,0.1,1,2.5297300230901926e-12,-0.000547454145117459,100,5.0,0.0009877210394992832,empirical,0.0021093749999999967,1.1387688393459043e-06,0.11718545644781664,0.0007533597159897116,0.0005496636420130592,0.0014743585341704252
T-L,AN,mc_learned_baseline,False,47,147,255192,37632,37632,150528,0,29400,127596,510384,262144,1.022109375,1.0170000000000001,1.0203392921724486,0.0,0.0,public_state_tabular_independent_mc,0,0.10661847899352891,6.0720539999892935,False,direction_rejected,0.0,0,,-0.029615540572384205,100,5.0,-0.0015873450204752192,empirical,0.014592484478911098,0.005452838660503402,0.009392665587037996,0.01051257022031377,0.01488157476824206,-0.008304169021098673
T-L,AN,mc_learned_baseline,False,47,148,256928,37888,37888,151552,0,29600,128464,513856,262144,1.0007812500000002,1.0230000000000001,1.0203392921724486,0.0,0.0,public_state_tabular_independent_mc,0,0.10661847899352891,6.096462499932386,False,direction_rejected,0.0,0,,-0.004881200227422942,100,5.0,-3.8990721964584935e-05,empirical,0.006394042968750005,1.2141541192012367e-06,-0.01799886270922424,0.0010977815941540868,0.004905540282483122,0.001110619605061012
T-L,AN,mc_learned_baseline,False,47,149,258664,38144,38144,152576,0,29800,129332,517328,262144,1.0242187500000002,1.014,1.0209741025910342,0.0006348104185855963,7.658534153989264e-06,public_state_tabular_independent_mc,0,0.1047971669425904,6.139516399940476,True,accepted_return_check_disabled,0.1,1,1.354745005586723e-10,-0.0015685380674190742,100,5.0,0.0014773224456590963,empirical,0.0037106323242187445,0.00012761641045052079,0.015957226343931152,0.00037608951535097454,0.0015562295038297268,0.0018323116838641243
T-L,AN,mc_learned_baseline,False,47,150,260400,38400,38400,153600,0,30000,130200,520800,262144,1.0127343750000004,1.014,1.0209741025910342,0.0,0.0,public_state_tabular_independent_mc,0,0.1047971669425904,6.1619332999689505,False,direction_rejected,0.0,0,,-0.03133639719852793,100,5.0,-0.012423598876004433,empirical,0.015539160156250002,0.005371699333505242,0.008394345884136234,0.010454705028840926,0.015818014201177136,-0.00827868676064759
T-L,AN,mc_learned_baseline,False,47,151,262136,38656,38656,154624,0,30200,131068,524272,262144,1.0007812500000002,1.026,1.0220736477610477,0.0010995451700135384,2.3602851884535897e-05,public_state_tabular_independent_mc,0,0.10161711108818938,6.202971199993044,True,accepted_return_check_disabled,0.1,1,2.27615636401518e-10,-0.004733944633181934,100,5.0,0.0018511017538223654,empirical,0.006196289062500005,0.00010373753144004701,-0.0019778970010144725,0.0010578799432709083,0.0047534683077687405,0.0011181383249224278
T-L,SA,mc_learned_baseline,False,47,1,1736,256,256,1024,0,200,868,3472,262144,0.230859375,0.4497,0.35303541330389365,0.03402141330389363,0.00045359395038947336,public_state_tabular_independent_mc,0,0.6159392043167699,0.04085280001163483,True,accepted_return_check_disabled,0.1,1,1.9836427128562057e-09,-0.10051703499264299,100,5.0,0.08023045356332094,empirical,0.4343011194143328,0.19387106449441005,0.0008492530627974837,0.0002623972625296721,0.09211163799414865,0.08848516347641772
T-L,SA,mc_learned_baseline,False,47,2,3472,512,512,2048,0,400,1736,6944,262144,0.33796874999999993,0.45480000000000004,0.38474661951794176,0.031711206214048104,0.00039317311704745417,public_state_tabular_independent_mc,0,0.6067536907272351,0.08301349997054785,True,accepted_return_check_disabled,0.1,1,2.111321741957228e-09,-0.08069244925039196,100,5.0,0.08947805227087727,empirical,0.40772429085388995,0.17291885245266003,0.005781879207645169,0.0006106467327629322,0.07990565185288717,0.08885450004125592
T-L,SA,mc_learned_baseline,False,47,3,5208,768,768,3072,0,600,2604,10416,262144,0.4453125,0.3807000000000001,0.4185312628506639,0.03378464333272213,0.00047355568463949057,public_state_tabular_independent_mc,0,0.5974002689253566,0.11882129998411983,True,accepted_return_check_disabled,0.1,1,6.331180227313641e-09,-0.0866662564061082,100,5.0,0.0809820896930655,empirical,0.39293870193046376,0.17103358237963515,-0.013916757416942982,0.0056015806653984925,0.0955527905303821,0.08393543597754408
T-L,SA,mc_learned_baseline,False,47,4,6944,1024,1024,4096,0,800,3472,13888,262144,0.33492187500000004,0.4784999999999999,0.44889589375986205,0.030364630909198165,0.0003635037888154582,public_state_tabular_independent_mc,0,0.5871256477659041,0.15737230004742742,True,accepted_return_check_disabled,0.1,1,1.6468763721649748e-09,-0.07867763785025299,100,5.0,0.08565487988280918,empirical,0.4091549781463463,0.17927173318966905,0.0014814652426606845,0.0007016873767693448,0.07397279820013405,0.08829212357802718
T-L,SA,mc_learned_baseline,False,47,5,8680,1280,1280,5120,0,1000,4340,17360,262144,0.367265625,0.49979999999999997,0.48085022925072674,0.03195433549086468,0.00041155263997637824,public_state_tabular_independent_mc,0,0.5753168983474704,0.19561329996213317,True,accepted_return_check_disabled,0.1,1,5.41778443273939e-09,-0.09035234724791749,100,5.0,0.07780516297100495,empirical,0.4349509911431207,0.1857296085908087,0.014395346037860857,0.0006382898958626213,0.08380264964698793,0.08740902215315736
T-L,SA,mc_learned_baseline,False,47,6,10416,1536,1536,6144,0,1200,5208,20832,262144,0.59859375,0.5795999999999999,0.5152758245327133,0.03442559528198652,0.000495266895583817,public_state_tabular_independent_mc,0,0.5631775925321507,0.23821129999123514,True,accepted_return_check_disabled,0.1,1,1.5174552646139796e-09,-0.08429814232673769,100,5.0,0.0957757533166988,empirical,0.3377085232880857,0.1376762835161247,0.019898750574942836,0.002418923508943595,0.10150168602172283,0.08411579399543603
T-L,SA,mc_learned_baseline,False,47,7,12152,1792,1792,7168,0,1400,6076,24304,262144,0.58546875,0.4490999999999999,0.5461603168549567,0.03088449232224344,0.0004197546947523755,public_state_tabular_independent_mc,0,0.551961591582459,0.27747890003956854,True,accepted_return_check_disabled,0.1,1,5.055213136334837e-09,-0.07268526352748282,100,5.0,0.07241318089254425,empirical,0.339678775024414,0.13783665112953236,0.021371180283294877,0.003396588752292869,0.08562355041397679,0.08079591127036864
T-L,SA,mc_learned_baseline,False,47,8,13888,2048,2048,8192,0,1600,6944,27776,262144,0.513046875,0.5600999999999999,0.5743304390911486,0.028170122236191864,0.000362240155767859,public_state_tabular_independent_mc,0,0.541249011022277,0.3163529000012204,True,accepted_return_check_disabled,0.1,1,4.6835385138310365e-09,-0.07734415672914614,100,5.0,0.07891255867881791,empirical,0.3579291181456368,0.16638901411880955,-0.00018100429629996917,0.003387632872841476,0.0735464313813686,0.07803254732884832
T-L,SA,mc_learned_baseline,False,47,9,15624,2304,2304,9216,0,1800,7812,31248,262144,0.49710937499999996,0.6576,0.6022563437663122,0.02792590467516365,0.00035694944108558083,public_state_tabular_independent_mc,0,0.5293573491368286,0.3584905000170693,True,accepted_return_check_disabled,0.1,1,5.738733729833033e-09,-0.07981878041823307,100,5.0,0.07612083391859359,empirical,0.3733837211215097,0.1614396142755264,-0.02018667330834467,0.0003239278249345004,0.07259134286481544,0.07812155832756179
T-L,SA,mc_learned_baseline,False,47,10,17360,2560,2560,10240,0,2000,8680,34720,262144,0.607265625,0.6155999999999999,0.6303793010928191,0.028122957326506937,0.0003833176786017062,public_state_tabular_independent_mc,0,0.5159577909031585,0.4014555000467226,True,accepted_return_check_disabled,0.1,1,6.475742856737379e-09,-0.07320086967040312,100,5.0,0.08531197582217756,empirical,0.3416861866151708,0.1425255529589774,-0.027380291700057624,0.0009794568341176591,0.07848981425942622,0.07413618730413121
T-L,SA,mc_learned_baseline,False,47,11,19096,2816,2816,11264,0,2200,9548,38192,262144,0.6646875000000001,0.6099,0.6571048920879516,0.026725590995132498,0.00036340720665065964,public_state_tabular_independent_mc,0,0.5035273849527843,0.44098930002655834,True,accepted_return_check_disabled,0.1,1,3.815702933700882e-09,-0.07293581613503135,100,5.0,0.08601468383059216,empirical,0.28369059437034305,0.11951288047523168,0.005819352346781437,0.00043088042551341657,0.07524796432602543,0.07099462692676889
T-L,SA,mc_learned_baseline,False,47,12,20832,3072,3072,12288,0,2400,10416,41664,262144,0.6705468750000001,0.7626,0.6818012559129882,0.024696363825036594,0.0003282252112392249,public_state_tabular_independent_mc,0,0.4911763373917687,0.47793000005185604,True,accepted_return_check_disabled,0.1,1,1.3934493224994867e-09,-0.0653752492408906,100,5.0,0.0550775188175327,empirical,0.2781659388570408,0.11718799021038057,0.008804549738895773,2.6679367859548303e-05,0.06774638323408311,0.06732125531678451
T-L,SA,mc_learned_baseline,False,47,13,22568,3328,3328,13312,0,2600,11284,45136,262144,0.6398437500000002,0.7572,0.7043185806010782,0.02251732468808998,0.0002918154364994583,public_state_tabular_independent_mc,0,0.47959925391088676,0.5148400999605656,True,accepted_return_check_disabled,0.1,1,2.546398548540551e-09,-0.0666021534679411,100,5.0,0.0659221656196006,empirical,0.3055898141940876,0.13223301478621796,-0.032883490069286925,0.00016927649706048944,0.06025723244461686,0.06308637966377978
T-L,SA,mc_learned_baseline,False,47,14,24304,3584,3584,14336,0,2800,12152,48608,262144,0.7117968750000001,0.7430999999999999,0.7259333875130167,0.02161480691193851,0.00028883333463165816,public_state_tabular_independent_mc,0,0.4680082855654519,0.5566452000057325,True,accepted_return_check_disabled,0.1,1,4.572036798901424e-09,-0.060893554900198356,100,5.0,0.06306019073641887,empirical,0.25438386004256175,0.10665168443960908,-0.018679669965987467,0.00013759553757768653,0.06007129001051176,0.059014148242734765
T-L,SA,mc_learned_baseline,False,47,15,26040,3840,3840,15360,0,3000,13020,52080,262144,0.6628125,0.6714,0.746259343424561,0.02032595591154429,0.00027671716341497296,public_state_tabular_independent_mc,0,0.45608152208825387,0.5948882000520825,True,accepted_return_check_disabled,0.1,1,3.3460066891073526e-09,-0.07410776084927212,100,5.0,0.05839585979540584,empirical,0.2904318820906274,0.11743969089675912,0.007258413574117606,0.00037541834737964434,0.057424619810959546,0.05455000659065458
T-L,SA,mc_learned_baseline,False,47,16,27776,4096,4096,16384,0,3200,13888,55552,262144,0.7558593750000001,0.8271,0.7648415937459113,0.018582250321350302,0.00024932522757725305,public_state_tabular_independent_mc,0,0.444890022630983,0.6369616000447422,True,accepted_return_check_disabled,0.1,1,3.038845832729462e-09,-0.050752791225582516,100,5.0,0.05452779678444224,empirical,0.20383567306879596,0.08417527135083888,0.007798467309874879,6.056845974834766e-05,0.051834916146722754,0.05075886445752359
T-L,SA,mc_learned_baseline,False,47,17,29512,4352,4352,17408,0,3400,14756,59024,262144,0.7565625000000001,0.7649999999999999,0.7813388494384229,0.016497255692511592,0.00021535788766786847,public_state_tabular_independent_mc,0,0.43499565343976254,0.6759235999779776,True,accepted_return_check_disabled,0.1,1,4.478606402958205e-09,-0.046543983928328064,100,5.0,0.051044222201600806,empirical,0.19969100141100266,0.08452935326552669,-0.00612566757861388,0.00040620319748501776,0.044900330179901936,0.04640298832170093
T-L,SA,mc_learned_baseline,False,47,18,31248,4608,4608,18432,0,3600,15624,62496,262144,0.7382812500000001,0.7572,0.7969226559789131,0.015583806540490186,0.0002094551951937763,public_state_tabular_independent_mc,0,0.4245966593228405,0.7371162000345066,True,accepted_return_check_disabled,0.1,1,3.091035418057486e-09,-0.05302508463244743,100,5.0,0.042056399446898554,empirical,0.23094200534979065,0.09480441617183807,0.0005659647707644266,0.00033170092098192694,0.043511452688858664,0.04263729430723338
T-L,SA,mc_learned_baseline,False,47,19,32984,4864,4864,19456,0,3800,16492,65968,262144,0.7926562500000001,0.7748999999999999,0.8108304252344479,0.01390776925553483,0.00018261862298549035,public_state_tabular_independent_mc,0,0.4155304482082572,0.7990703000687063,True,accepted_return_check_disabled,0.1,1,3.2872285035682855e-09,-0.04319872404477916,100,5.0,0.029828036459923067,empirical,0.17350350552990654,0.07168880654535927,0.005098231121462127,0.00029014610397903434,0.0381548680968963,0.039077738756733836
T-L,SA,mc_learned_baseline,False,47,20,34720,5120,5120,20480,0,4000,17360,69440,262144,0.8257031250000002,0.8454,0.8239666778548591,0.013136252620411182,0.00017947857065936805,public_state_tabular_independent_mc,0,0.40596062675308064,0.8360606000060216,True,accepted_return_check_disabled,0.1,1,2.8529476102026783e-09,-0.03870904006411137,100,5.0,0.03150567054676923,empirical,0.1555907032382786,0.06439315431601282,-0.007397237426581604,0.00043718188100286335,0.03737260450622103,0.03544694881640477
T-L,SA,mc_learned_baseline,False,47,21,36456,5376,5376,21504,0,4200,18228,72912,262144,0.8186718750000002,0.8306999999999999,0.8352776778485035,0.011310999993644377,0.00014536917269067338,public_state_tabular_independent_mc,0,0.397916946217435,0.877761899959296,True,accepted_return_check_disabled,0.1,1,3.1088416056000887e-09,-0.03543443927581545,100,5.0,0.028555407721496322,empirical,0.1529599001480099,0.06262730167744834,0.005511914537242313,0.00018060144965491962,0.03039567124552745,0.03249796786629169
T-L,SA,mc_learned_baseline,False,47,22,38192,5632,5632,22528,0,4400,19096,76384,262144,0.7877343750000001,0.7853999999999999,0.8458510260963062,0.01057334824780276,0.00013929270997436777,public_state_tabular_independent_mc,0,0.38989933693144696,0.9165134000359103,True,accepted_return_check_disabled,0.1,1,2.570591342582405e-09,-0.03223920171596807,100,5.0,0.02932918151011087,empirical,0.1359047748940886,0.053925675868777743,0.011301950512855208,3.648727469752328e-06,0.029059314172781917,0.029698604761732722
T-L,SA,mc_learned_baseline,False,47,23,39928,5888,5888,23552,0,4600,19964,79856,262144,0.8688281250000002,0.8744999999999998,0.8556466865899488,0.009795660493642555,0.00013241142509251038,public_state_tabular_independent_mc,0,0.3822302674158384,0.9585799999767914,True,accepted_return_check_disabled,0.1,1,1.1519875025694063e-09,-0.022589695920182777,100,5.0,0.022937772680874238,empirical,0.09272997472269869,0.03650512347177064,-0.008842022262554261,2.696012481260929e-05,0.027592059467989025,0.026897181491120484
T-L,SA,mc_learned_baseline,False,47,24,41664,6144,6144,24576,0,4800,20832,83328,262144,0.8617968750000002,0.8591999999999999,0.8639621158260334,0.008315429236084637,0.00010821444910327898,public_state_tabular_independent_mc,0,0.3757867424021343,1.0072920999955386,True,accepted_return_check_disabled,0.1,1,1.5368754110791131e-09,-0.02088462850410928,100,5.0,0.02097049132853637,empirical,0.08815855724643251,0.03633650595858754,0.00773497196569628,0.0005537035760081248,0.022652239426032422,0.023739867578569565
T-L,SA,mc_learned_baseline,False,47,25,43400,6400,6400,25600,0,5000,21700,86800,262144,0.8437500000000002,0.9039,0.8716107680863504,0.007648652260316968,9.932989240001982e-05,public_state_tabular_independent_mc,0,0.3694048431949428,1.0507512000622228,True,accepted_return_check_disabled,0.1,1,1.489402611188909e-09,-0.029507270686322147,100,5.0,0.03140418482732821,empirical,0.12664830680955147,0.051095637703423666,-0.0005236969935977775,8.681471878885183e-05,0.02076868027769883,0.021842100330623008
T-L,SA,mc_learned_baseline,False,47,26,45136,6656,6656,26624,0,5200,22568,90272,262144,0.8456250000000001,0.8658,0.8787765488282098,0.007165780741859362,9.687957214993726e-05,public_state_tabular_independent_mc,0,0.3628281692304862,1.099034000071697,True,accepted_return_check_disabled,0.1,1,1.5550254167236625e-09,-0.025228045549865484,100,5.0,0.02218348004471598,empirical,0.11142670606800525,0.041530608241438095,0.029741203863745458,0.00018905576614669162,0.02014291648853992,0.01961620994079733
T-L,SA,mc_learned_baseline,False,47,27,46872,6912,6912,27648,0,5400,23436,93744,262144,0.8594531250000002,0.8769,0.8853698590796858,0.0065933102514760256,9.02002501557975e-05,public_state_tabular_independent_mc,0,0.3566275973083241,1.1414725000504404,True,accepted_return_check_disabled,0.1,1,1.1689448340722525e-09,-0.02351984972368605,100,5.0,0.020750961424651,empirical,0.0975706202051661,0.03608189150362924,-0.006356485212867025,6.913942671153174e-05,0.01879489182148568,0.017860640773400036
T-L,SA,mc_learned_baseline,False,47,28,48608,7168,7168,28672,0,5600,24304,97216,262144,0.8819531250000001,0.9186,0.8913603252597285,0.005990466180042731,8.243995302907456e-05,public_state_tabular_independent_mc,0,0.3508123972498134,1.1882177999941632,True,accepted_return_check_disabled,0.1,1,4.586041261682703e-10,-0.011974615619308508,100,5.0,0.011816520669616415,empirical,0.04857783813074275,0.0164836909887292,0.035524545290028575,3.5102561358527523e-05,0.017149910611343605,0.016143623731339263
T-L,SA,mc_learned_baseline,False,47,29,50344,7424,7424,29696,0,5800,25172,100688,262144,0.8564062500000001,0.9153,0.8967350015405573,0.005374676280828772,7.35649759755155e-05,public_state_tabular_independent_mc,0,0.3453798322131082,1.2273032000521198,True,accepted_return_check_disabled,0.1,1,5.794469289771803e-10,-0.027295257821676574,100,5.0,0.01615266270680671,empirical,0.09270703336463261,0.03633287160067769,0.010008420399888363,3.125395334597636e-05,0.015292545812045123,0.014550834481633142
T-L,SA,mc_learned_baseline,False,47,30,52080,7680,7680,30720,0,6000,26040,104160,262144,0.9307031250000002,0.9096,0.8967350015405573,0.0,0.0,public_state_tabular_independent_mc,0,0.3453798322131082,1.2477118000388145,False,direction_rejected,0.0,0,,-0.005295458757757173,100,5.0,-0.02423307987339604,empirical,0.024604479563688508,0.006989670147479795,-0.00777365378941397,0.04279283452705433,0.08583116795471607,-0.029626932044473205
T-L,SA,mc_learned_baseline,False,47,31,53816,7936,7936,31744,0,6200,26908,107632,262144,0.8753906250000001,0.8922,0.9020906372096851,0.0053556356691277784,8.214250899585545e-05,public_state_tabular_independent_mc,0,0.3396493626646633,1.287471599993296,True,accepted_return_check_disabled,0.1,1,8.637024390387611e-10,-0.018330075286310074,100,5.0,0.004762557014863476,empirical,0.0770884875860241,0.025707041803348773,0.020346618496989044,0.00043061371387947186,0.01702076253250233,0.012735288768701662
T-L,SA,mc_learned_baseline,False,47,32,55552,8192,8192,32768,0,6400,27776,111104,262144,0.9189843750000002,0.9156,0.9063562958381439,0.004265658628458846,5.744620109239246e-05,public_state_tabular_independent_mc,0,0.3351307393768818,1.3267757999710739,True,accepted_return_check_disabled,0.1,1,2.101222745290044e-10,-0.004870364498366439,100,5.0,0.027775546682748467,empirical,0.022159805087173388,0.006021313103872239,0.055855718398667986,5.008364000237022e-05,0.011908561890813239,0.011760412593903495
T-L,SA,mc_learned_baseline,False,47,33,57288,8448,8448,33792,0,6600,28644,114576,262144,0.8983593750000002,0.9186,0.9063562958381439,0.0,0.0,public_state_tabular_independent_mc,0,0.3351307393768818,1.3488946000579745,False,direction_rejected,0.0,0,,-0.010864829197141834,100,5.0,-0.015831395976473282,empirical,0.043300752037697086,0.015968812261514857,0.011890964599404752,0.015754247342871317,0.04206953776220909,-0.005089537186441978
T-L,SA,mc_learned_baseline,False,47,34,59024,8704,8704,34816,0,6800,29512,118048,262144,0.9262500000000002,0.9002999999999999,0.9108049665388702,0.004448670700726298,7.157033292570385e-05,public_state_tabular_independent_mc,0,0.33022709001486905,1.390974499983713,True,accepted_return_check_disabled,0.1,1,8.041156823240968e-10,-0.008200282152168116,100,5.0,0.014745239077992425,empirical,0.03283289489746093,0.011520819688611765,0.025128318321465226,0.0007170071899177079,0.01506085158692016,0.009947702966511622
T-L,SA,mc_learned_baseline,False,47,35,60760,8960,8960,35840,0,7000,30380,121520,262144,0.9168750000000002,0.9072,0.9144355464673997,0.0036305799285294427,5.16081407121901e-05,public_state_tabular_independent_mc,0,0.32580964386794065,1.429499699966982,True,accepted_return_check_disabled,0.1,1,3.175238881036666e-10,-0.009168749190866124,100,5.0,0.01409669133138022,empirical,0.03523463076098675,0.010891404958636504,0.024649478487210663,0.00012585392109152704,0.010641571959843187,0.00936371754234603
T-L,SA,mc_learned_baseline,False,47,36,62496,9216,9216,36864,0,7200,31248,124992,262144,0.9077343750000002,0.9035999999999998,0.9165385857656654,0.0021030392982657187,2.9037227995598163e-05,public_state_tabular_independent_mc,0,0.32299158659754934,1.4694213999900967,True,accepted_return_check_disabled,0.1,1,3.3125800998448843e-10,-0.011859365791548018,100,5.0,0.0030438766011356665,empirical,0.05194584960937502,0.016566172116426966,0.01811313925810598,0.003102683793386683,0.005988800412512955,0.005553047513082108
T-L,SA,mc_learned_baseline,False,47,37,64232,9472,9472,37888,0,7400,32116,128464,262144,0.9288281250000002,0.9213,0.919369279322695,0.0028306935570295844,3.594886376187338e-05,public_state_tabular_independent_mc,0,0.3195467203241759,1.5179744999622926,True,accepted_return_check_disabled,0.1,1,2.0952745242841799e-10,-0.010485085590565556,100,5.0,0.012161852754611006,empirical,0.04511692165798611,0.015896720551955883,0.0034097611098325986,6.874863511350596e-05,0.007459595011464015,0.008185254984217466
T-L,SA,mc_learned_baseline,False,47,38,65968,9728,9728,38912,0,7600,32984,131936,262144,0.9468750000000002,0.9096000000000001,0.919369279322695,0.0,0.0,public_state_tabular_independent_mc,0,0.3195467203241759,1.5466875999700278,False,direction_rejected,0.0,0,,-0.0026410925468049675,100,5.0,-0.03648013530700986,empirical,0.011652051279548613,0.0006565741539823959,0.04757213388018455,0.03727826564679479,0.07040724443567196,-0.029718009885227867
T-L,SA,mc_learned_baseline,False,47,39,67704,9984,9984,39936,0,7800,33852,135408,262144,0.9398437500000002,0.9063,0.919369279322695,0.0,0.0,public_state_tabular_independent_mc,0,0.3195467203241759,1.5748442000476643,False,direction_rejected,0.0,0,,-0.003996830513930112,100,5.0,-0.08533833029218818,empirical,0.012093656751844616,0.0009941675534747632,0.0010033651944870714,0.08698165710365492,0.1191584446947301,-0.07942140134208803
T-L,SA,mc_learned_baseline,False,47,40,69440,10240,10240,40960,0,8000,34720,138880,262144,0.9215625000000002,0.9275999999999999,0.921111767388289,0.0017424880655940722,2.2933786425615783e-05,public_state_tabular_independent_mc,0,0.3170814547642062,1.617380499956198,True,accepted_return_check_disabled,0.1,1,9.975685330203038e-11,-0.008321601435881752,100,5.0,0.006784954281960459,empirical,0.03782447509765625,0.010877225616321899,0.022028513469403932,0.0027504581249381383,0.004698545717623535,0.004809797636628775
T-L,SA,mc_learned_baseline,False,47,41,71176,10496,10496,41984,0,8200,35588,142352,262144,0.9609375000000002,0.93,0.9219644886984001,0.0008527213101110487,1.1225144515809237e-05,public_state_tabular_independent_mc,0,0.31545441905398447,1.65577910002321,True,accepted_return_check_disabled,0.1,1,7.18634520831275e-13,-0.002036311627923439,100,5.0,0.00209908595965456,empirical,0.009615783691406251,0.00014415046323802688,0.02764595691539129,0.005025095847247361,0.0022496289221192864,0.0022273459575558544
T-L,SA,mc_learned_baseline,False,47,42,72912,10752,10752,43008,0,8400,36456,145824,262144,0.9447656250000003,0.9303,0.9237170727351167,0.0017525840367166312,2.4693416041077883e-05,public_state_tabular_independent_mc,0,0.3128221113235496,1.6909058999735862,True,accepted_return_check_disabled,0.1,1,4.2472307580930473e-10,-0.005704529725053666,100,5.0,0.0006908087323786916,empirical,0.023639379882812502,0.005428966376323847,0.01605882392170299,0.0028050705014614767,0.005077325283420414,0.004478215627189776
T-L,SA,mc_learned_baseline,False,47,43,74648,11008,11008,44032,0,8600,37324,149296,262144,0.9307031250000002,0.8976000000000001,0.9272848961817589,0.003567823446642193,8.113097521735944e-05,public_state_tabular_independent_mc,0,0.30829716304183447,1.7265406000660732,True,accepted_return_check_disabled,0.1,1,2.9386062373814295e-10,-0.005348418572902362,100,5.0,0.0008362779292116458,empirical,0.02418008170422213,0.005350128091578809,0.029746628076175008,0.003989417208951845,0.017540123068635033,0.003033420659263753
T-L,SA,mc_learned_baseline,False,47,44,76384,11264,11264,45056,0,8800,38192,152768,262144,0.9215625000000002,0.9213,0.9296003416649441,0.0023154454831851856,3.168176506216111e-05,public_state_tabular_independent_mc,0,0.30497384413713263,1.7632061999756843,True,accepted_return_check_disabled,0.1,1,5.097820787272398e-10,-0.008791173588092064,100,5.0,0.007459271573496944,empirical,0.03489964233071659,0.01065057893703215,0.02172208420754318,1.6631227155937185e-05,0.00654756282069898,0.006147390678314172
T-L,SA,mc_learned_baseline,False,47,45,78120,11520,11520,46080,0,9000,39060,156240,262144,0.9304687500000002,0.9183,0.9296003416649441,0.0,0.0,public_state_tabular_independent_mc,0,0.30497384413713263,1.7861418999964371,False,direction_rejected,0.0,0,,-0.0036654014713937344,100,5.0,-0.06354803963698438,empirical,0.01216164405801256,0.0015152492391793582,0.09016725754555954,0.058509220708230995,0.09183810494723751,-0.052775365046004066
T-L,SA,mc_learned_baseline,False,47,46,79856,11776,11776,47104,0,9200,39928,159712,262144,0.9421875000000002,0.9570000000000002,0.9325996349445623,0.0029992932796182314,0.0001143638563442348,public_state_tabular_independent_mc,0,0.3007147994713768,1.8237109000328928,True,accepted_return_check_disabled,0.1,1,1.391814167062183e-09,-0.002763322402279937,100,5.0,0.0012735487417079986,empirical,0.010723020170005731,0.00026284055760744153,0.06827680458991436,0.013585247694966886,0.026234679039644947,-0.007851392032739973
T-L,SA,mc_learned_baseline,False,47,47,81592,12032,12032,48128,0,9400,40796,163184,262144,0.9304687500000002,0.9303,0.9349795162115581,0.0023798812669957314,0.00010897097913048292,public_state_tabular_independent_mc,0,0.29757333710519607,1.865577399963513,True,accepted_return_check_disabled,0.1,1,1.5836195425112057e-09,-0.0013857995908661443,100,5.0,0.015884023317760468,empirical,0.010934180704752607,0.00013065122496959292,0.0918673399262574,0.015305171384145708,0.02538919728241215,-0.01017319564486665
T-L,SA,mc_learned_baseline,False,47,48,83328,12288,12288,49152,0,9600,41664,166656,262144,0.9215625000000002,0.9242999999999999,0.9367411531205503,0.0017616369089922257,2.4961137874829287e-05,public_state_tabular_independent_mc,0,0.2946867736445018,1.905809700023383,True,accepted_return_check_disabled,0.1,1,3.03774119030253e-11,-0.009088885450636294,100,5.0,0.003410777617450303,empirical,0.035082287597656255,0.010691891981368811,0.023727538536756465,3.633885240900367e-05,0.005093818092747447,0.0044363032322408975
T-L,SA,mc_learned_baseline,False,47,49,85064,12544,12544,50176,0,9800,42532,170128,262144,0.9351562500000002,0.9276000000000001,0.9374442643559879,0.0007031112354376479,7.061424569220824e-06,public_state_tabular_independent_mc,0,0.29331419306575657,1.951249200035818,True,accepted_return_check_disabled,0.1,1,2.5858114518435428e-11,-0.0016124422737534114,100,5.0,0.0024369984220653953,empirical,0.010675964355468755,2.15381576399876e-05,0.08809278148549637,0.001971933772089528,0.0014099356589952557,0.0022806102931032164
T-L,SA,mc_learned_baseline,False,47,50,86800,12800,12800,51200,0,10000,43400,173600,262144,0.9375000000000002,0.9423,0.9383466819179638,0.0009024175619758434,1.1508236035233279e-05,public_state_tabular_independent_mc,0,0.29154831362610745,1.9889418999664485,True,accepted_return_check_disabled,0.1,1,1.334361987701685e-10,-0.0024038741807919776,100,5.0,0.002258721281514572,empirical,0.010557861328125005,6.923909021736116e-05,0.08426906779661003,0.0018378114404308296,0.0023238356943099748,0.002437806914114724
T-L,SA,mc_learned_baseline,False,47,51,88536,13056,13056,52224,0,10200,44268,177072,262144,0.9564843750000003,0.936,0.9383466819179638,0.0,0.0,public_state_tabular_independent_mc,0,0.29154831362610745,2.0120323000010103,False,direction_rejected,0.0,0,,-0.005420638870170523,100,5.0,-0.012174985736243413,empirical,0.020519907620640564,0.00542823019589752,0.008292899572907242,0.026264283641099333,0.03954447066099248,-0.021959787652355043
T-L,SA,mc_learned_baseline,False,47,52,90272,13312,13312,53248,0,10400,45136,180544,262144,0.9189843750000002,0.948,0.9383466819179638,0.0,0.0,public_state_tabular_independent_mc,0,0.29154831362610745,2.03372920001857,False,direction_rejected,0.0,0,,-0.005445601291009677,100,5.0,-0.03471299207757059,empirical,0.021841492543750854,0.0056459013277031025,0.04602712953113808,0.02627764416751958,0.03911719101602627,-0.0219731481787753
T-L,SA,mc_learned_baseline,False,47,53,92008,13568,13568,54272,0,10600,46004,184016,262144,0.9421875000000002,0.9303,0.9391826950230366,0.0008360131050728636,9.761995695808332e-06,public_state_tabular_independent_mc,0,0.2899081347193156,2.0737031999742612,True,accepted_return_check_disabled,0.1,1,4.829168020232402e-11,-0.0020561496244502382,100,5.0,0.002662184408548731,empirical,0.010384826660156256,3.349320063893111e-05,0.07352941176470595,0.0018657969439208105,0.0019488690207328018,0.0024386990448234747
T-L,SA,mc_learned_baseline,False,47,54,93744,13824,13824,55296,0,10800,46872,187488,262144,0.9632812500000003,0.9186,0.9398530448748232,0.0006703498517866002,6.212011261787284e-06,public_state_tabular_independent_mc,0,0.28859009434726596,2.110775300068781,True,accepted_return_check_disabled,0.1,1,1.1317482423757991e-11,-0.001324115150466145,100,5.0,0.0023245190425903546,empirical,0.009470214843750002,2.0451221619726095e-05,0.02356125129348119,0.0020479122336300175,0.001248398299385118,0.0022825792656766437
T-L,SA,mc_learned_baseline,False,47,55,95480,14080,14080,56320,0,11000,47740,190960,262144,0.9400781250000001,0.9243000000000001,0.9398530448748232,0.0,0.0,public_state_tabular_independent_mc,0,0.28859009434726596,2.132487599970773,False,direction_rejected,0.0,0,,-0.00621306458796385,100,5.0,-0.014294393384567306,empirical,0.023904734029887645,0.005455805828860423,0.019205646764726136,0.02054069429834443,0.03493464187008109,-0.016189936736536
T-L,SA,mc_learned_baseline,False,47,56,97216,14336,14336,57344,0,11200,48608,194432,262144,0.9611718750000002,0.9126000000000001,0.9411438002181921,0.0012907553433688657,1.6347115641291042e-05,public_state_tabular_independent_mc,0,0.2863198428446388,2.232121799956076,True,accepted_return_check_disabled,0.1,1,1.304440561370534e-10,-0.005111536384027761,100,5.0,0.006237074788935819,empirical,0.020295141601562497,0.005326855089893686,-0.006045645075564154,0.0007563303022012428,0.0033388315017664812,0.003594427259607188
T-L,SA,mc_learned_baseline,False,47,57,98952,14592,14592,58368,0,11400,49476,197904,262144,0.9445312500000003,0.948,0.942240871536065,0.0010970713178728442,1.6227589697588282e-05,public_state_tabular_independent_mc,0,0.2841526479849453,2.275009399978444,True,accepted_return_check_disabled,0.1,1,4.760353719492841e-10,-0.0030272380089232734,100,5.0,0.002457093286342289,empirical,0.010302429199218754,4.658220817524692e-05,0.06775885209835164,0.0017385491960637345,0.003221598209251224,0.0025176683959528537
T-L,SA,mc_learned_baseline,False,47,58,100688,14848,14848,59392,0,11600,50344,201376,262144,0.9213281250000003,0.948,0.9433019987204921,0.0010611271844271908,1.1427272753178944e-05,public_state_tabular_independent_mc,0,0.2822859814731972,2.3136337000178173,True,accepted_return_check_disabled,0.1,1,6.707482059716435e-11,-0.0046970307059025565,100,5.0,0.0056259264121870595,empirical,0.02169109603723441,0.005358144987434525,0.04965591942384284,0.0009230672706641257,0.0023248648779381842,0.003363593407176497
T-L,SA,mc_learned_baseline,False,47,59,102424,15104,15104,60416,0,11800,51212,204848,262144,0.9541406250000002,0.9540000000000001,0.944535317181602,0.0012333184611098558,1.6032375535680117e-05,public_state_tabular_independent_mc,0,0.2800367555425036,2.351554600056261,True,accepted_return_check_disabled,0.1,1,3.6298763344973513e-10,-0.005592508549168833,100,5.0,0.0035032736180146936,empirical,0.023373510742187506,0.006050717106217863,0.01181455921137009,0.0008511512106232052,0.003274097428054959,0.003348275647374916
T-L,SA,mc_learned_baseline,False,47,60,104160,15360,15360,61440,0,12000,52080,208320,262144,0.9609375000000002,0.954,0.9454329716100855,0.0008976544284835519,1.0562900646427739e-05,public_state_tabular_independent_mc,0,0.27824810236064096,2.3867741000140086,True,accepted_return_check_disabled,0.1,1,5.584036393098939e-11,-0.002110549178402396,100,5.0,0.0027582182228880186,empirical,0.009725646972656248,0.00010583646638264463,0.02202622541367527,0.0015176146380559627,0.0021285983733250052,0.0026062890230356276
T-L,SA,mc_learned_baseline,False,47,61,105896,15616,15616,62464,0,12200,52948,211792,262144,0.9679687500000002,0.963,0.9465315793203284,0.0010986077102428382,1.5669838056898684e-05,public_state_tabular_independent_mc,0,0.27605220775281186,2.427096900064498,True,accepted_return_check_disabled,0.1,1,4.572843399832134e-10,-0.0026945519063322023,100,5.0,0.002737675497565628,empirical,0.009162597656250004,1.5912073132370774e-05,0.015795324451228776,0.0015069204381902683,0.0031113819821773784,0.0026395734187177307
T-L,SA,mc_learned_baseline,False,47,62,107632,15872,15872,63488,0,12400,53816,215264,262144,0.9356250000000002,0.9453000000000001,0.9477026504648839,0.0011710711445555022,1.3685350234610394e-05,public_state_tabular_independent_mc,0,0.27391683660963434,2.4660121999913827,True,accepted_return_check_disabled,0.1,1,1.6680039248640195e-11,-0.008132372256826361,100,5.0,0.006482197213465929,empirical,0.03186329345703126,0.010688311275188765,0.01479222893323806,0.0006882491285985992,0.0027784631869269385,0.0034847378072366065
T-L,SA,mc_learned_baseline,False,47,63,109368,16128,16128,64512,0,12600,54684,218736,262144,0.9424218750000002,0.9246000000000001,0.9488034149331476,0.001100764468263682,1.2365569898570847e-05,public_state_tabular_independent_mc,0,0.2718867982416791,2.5069691999815404,True,accepted_return_check_disabled,0.1,1,7.929489384833208e-11,-0.004973167091554507,100,5.0,0.001899514577060472,empirical,0.020930151367187507,0.005325360706328102,0.025469084464562863,0.0007258165492436915,0.002502297799612964,0.0033706307437964553
T-L,SA,mc_learned_baseline,False,47,64,111104,16384,16384,65536,0,12800,55552,222208,262144,0.9562500000000002,0.945,0.9488034149331476,0.0,0.0,public_state_tabular_independent_mc,0,0.2718867982416791,2.5291764000430703,False,direction_rejected,0.0,0,,-0.0025821580977389313,100,5.0,-0.027470699311410916,empirical,0.009740346542669805,4.984403122660635e-05,0.043534670184243285,0.023587764879483584,0.03401053791808136,-0.019558492796291457
T-L,SA,mc_learned_baseline,False,47,65,112840,16640,16640,66560,0,13000,56420,225680,262144,0.9656250000000002,0.9390000000000001,0.9499064007067639,0.0011029857736163384,1.5312292167229017e-05,public_state_tabular_independent_mc,0,0.269664737554349,2.5728960999986157,True,accepted_return_check_disabled,0.1,1,4.34631818507706e-10,-0.0027418306305556106,100,5.0,0.003276470592219083,empirical,0.009560852050781247,0.000159610657037566,0.0067422667013258275,0.0012935881249414684,0.0030411719824717217,0.002735683958250661
T-L,SA,mc_learned_baseline,False,47,66,114576,16896,16896,67584,0,13200,57288,229152,262144,0.9260156250000002,0.9660000000000001,0.9513293715924162,0.0014229708856522416,2.1150275743227607e-05,public_state_tabular_independent_mc,0,0.26695426880092227,2.616579700028524,True,accepted_return_check_disabled,0.1,1,4.996557750204294e-10,-0.007048469974573887,100,5.0,0.0021508564383657886,empirical,0.024327124023437507,0.005313771131050952,0.040285683921968074,0.0007446713655169376,0.004310723505051646,0.003306973287907214
T-L,SA,mc_learned_baseline,False,47,67,116312,17152,17152,68608,0,13400,58156,232624,262144,0.9562500000000003,0.927,0.9513293715924162,0.0,0.0,public_state_tabular_independent_mc,0,0.26695426880092227,2.6456055999733508,False,direction_rejected,0.0,0,,-0.0040600343788660025,100,5.0,-0.02060336722844221,empirical,0.010082834209296202,0.0003531791638345501,0.0392440723010854,0.024826201493795656,0.03745669835328717,-0.020835939132632347
T-L,SA,mc_learned_baseline,False,47,68,118048,17408,17408,69632,0,13600,59024,236096,262144,0.9421875000000002,0.9122999999999999,0.952471204566953,0.0011418329745368494,1.6186072985104587e-05,public_state_tabular_independent_mc,0,0.2646344792854073,2.695367200067267,True,accepted_return_check_disabled,0.1,1,7.070031416365015e-13,-0.0033115214088625666,100,5.0,0.0028771796308921737,empirical,0.01049468994140625,0.0004346172700073034,0.06862290792127801,0.0012251102752788606,0.003249765061556565,0.0027651520858844474
T-L,SA,mc_learned_baseline,False,47,69,119784,17664,17664,70656,0,13800,59892,239568,262144,0.9515625000000002,0.9303000000000001,0.952471204566953,0.0,0.0,public_state_tabular_independent_mc,0,0.2646344792854073,2.7195177000248805,False,direction_rejected,0.0,0,,-0.0030825175641641727,100,5.0,-0.029340144373397797,empirical,0.010176502505091951,0.00032285795632312644,0.051715243474806494,0.024651969312485505,0.035968606443871856,-0.02064051366278751
T-L,SA,mc_learned_baseline,False,47,70,121520,17920,17920,71680,0,14000,60760,243040,262144,0.9353906250000003,0.9930000000000001,0.9535842350403192,0.0011130304733661944,1.2553137379888376e-05,public_state_tabular_independent_mc,0,0.2625297555220781,2.762745299958624,True,accepted_return_check_disabled,0.1,1,9.549771975720816e-12,-0.005299595069701771,100,5.0,0.005190347491680915,empirical,0.022401220703125016,0.006021482159051409,0.016645041356444956,0.0006161323688032875,0.002547472271252132,0.0033953232808947072
T-L,SA,mc_learned_baseline,False,47,71,123256,18176,18176,72704,0,14200,61628,246512,262144,0.9539062500000002,0.948,0.9535842350403192,0.0,0.0,public_state_tabular_independent_mc,0,0.2625297555220781,2.7860325999790803,False,direction_rejected,0.0,0,,-0.00212541011350679,100,5.0,-0.02391142575446377,empirical,0.01024085523817274,0.00048555877769190597,0.0368067151516871,0.019027443775364073,0.026779741579370634,-0.015077314334571839
T-L,SA,mc_learned_baseline,False,47,72,124992,18432,18432,73728,0,14400,62496,249984,262144,0.9468750000000002,0.9420000000000001,0.9535842350403192,0.0,0.0,public_state_tabular_independent_mc,0,0.2625297555220781,2.810710599995218,False,direction_rejected,0.0,0,,-0.002344686614010382,100,5.0,-0.0016591385750961557,empirical,0.010345662773980038,0.00016526589479949006,0.04890748756964758,0.0197203353717018,0.027678019528754007,-0.015770205930909567
T-L,SA,mc_learned_baseline,False,47,73,126728,18688,18688,74752,0,14600,63364,253456,262144,0.9304687500000002,0.9780000000000001,0.9535842350403192,0.0,0.0,public_state_tabular_independent_mc,0,0.2625297555220781,2.836475900025107,False,direction_rejected,0.0,0,,-0.002602783894262284,100,5.0,-0.02570673038988993,empirical,0.01103020463868113,7.706906576178789e-05,0.08256041704220407,0.02211979992911089,0.03139008442215965,-0.018169670488318655
T-L,SA,mc_learned_baseline,False,47,74,128464,18944,18944,75776,0,14800,64232,256928,262144,0.9539062500000002,0.951,0.9544244274749234,0.0008401924346042033,8.621584696098542e-06,public_state_tabular_independent_mc,0,0.26081310646264205,2.874603600008413,True,accepted_return_check_disabled,0.1,1,3.3201285559108945e-11,-0.0019743760963501908,100,5.0,0.002575503840639338,empirical,0.009797058105468754,1.2506804538734431e-05,0.051427896050940225,0.0012563491232409048,0.0017227904535104064,0.0026937803175513314
T-L,SA,mc_learned_baseline,False,47,75,130200,19200,19200,76800,0,15000,65100,260400,262144,0.9635156250000002,0.9510000000000001,0.9557681247140418,0.0013436972391184243,1.8315234418898165e-05,public_state_tabular_independent_mc,0,0.25820081417723445,2.912517399992794,True,accepted_return_check_disabled,0.1,1,5.514962407557343e-11,-0.005724073550277467,100,5.0,0.0024403545189758103,empirical,0.019812841796875,0.005465793901748313,0.007881891056740642,0.0005156574428490076,0.0036919176421608977,0.003448028116535314
T-L,SA,mc_learned_baseline,False,47,76,131936,19456,19456,77824,0,15200,65968,263872,262144,0.9281250000000002,0.9362999999999999,0.9568642835116088,0.0010961587975669707,1.4467758516453783e-05,public_state_tabular_independent_mc,0,0.2559460151434345,2.9480606999713928,True,accepted_return_check_disabled,0.1,1,3.733890446683709e-10,-0.0034008013636857197,100,5.0,0.0029297636408188547,empirical,0.01164825439453126,4.8083169633901754e-05,0.07365577889447195,0.0010406244044953773,0.0028755416355297604,0.002872289089189588
T-L,SA,mc_learned_baseline,False,47,77,133672,19712,19712,78848,0,15400,66836,267344,262144,0.9632812500000003,0.9693,0.9580281807797749,0.0011638972681661253,1.621182638374372e-05,public_state_tabular_independent_mc,0,0.2535426656913191,2.991723999963142,True,accepted_return_check_disabled,0.1,1,3.382871022165931e-10,-0.003092028659373444,100,5.0,0.003376913888411634,empirical,0.009272460937500004,6.162210274038537e-05,0.033877258616572425,0.0010500897501591327,0.0032862248374815515,0.0028777987024420824
T-L,SA,mc_learned_baseline,False,47,78,135408,19968,19968,79872,0,15600,67704,270816,262144,0.9445312500000003,0.9600000000000002,0.9580281807797749,0.0,0.0,public_state_tabular_independent_mc,0,0.2535426656913191,3.0148964000400156,False,direction_rejected,0.0,0,,-0.002835395561771656,100,5.0,-0.01271301371960631,empirical,0.010716516449874484,0.00011080878259984447,0.03714420871794,0.019929538920119918,0.028784801515604676,-0.015987134572257658
T-L,SA,mc_learned_baseline,False,47,79,137144,20224,20224,80896,0,15800,68572,274288,262144,0.9541406250000002,0.9600000000000002,0.9591403747831498,0.0011121940033749222,1.2624790498012199e-05,public_state_tabular_independent_mc,0,0.25136408030604346,3.0552488999674097,True,accepted_return_check_disabled,0.1,1,2.8254729818730683e-10,-0.005270808031859854,100,5.0,0.003551548466179756,empirical,0.020457739257812507,0.005448678638113584,0.01528450413566973,0.0005694905428591868,0.0025773702400882013,0.00337291380500307
T-L,SA,mc_learned_baseline,False,47,80,138880,20480,20480,81920,0,16000,69440,277760,262144,0.9750000000000002,0.9390000000000001,0.9591403747831498,0.0,0.0,public_state_tabular_independent_mc,0,0.25136408030604346,3.076422299956903,False,direction_rejected,0.0,0,,-0.0023106780830879576,100,5.0,-0.020804598750482874,empirical,0.008604832151109895,5.537737825590996e-05,0.015747895923571842,0.018174589344289192,0.026248647430699407,-0.014282302333663975
T-L,SA,mc_learned_baseline,False,47,81,140616,20736,20736,82944,0,16200,70308,281232,262144,0.9775781250000002,0.9663,0.9591403747831498,0.0,0.0,public_state_tabular_independent_mc,0,0.25136408030604346,3.0987439999589697,False,direction_rejected,0.0,0,,-0.005622757749184606,100,5.0,-0.016708088719889116,empirical,0.01979646504720052,0.005519738629371113,-0.033422578173760265,0.017554225044161237,0.02735050869193809,-0.013661938033536011
T-L,SA,mc_learned_baseline,False,47,82,142352,20992,20992,83968,0,16400,71176,284704,262144,0.9796875000000003,0.9630000000000001,0.9591403747831498,0.0,0.0,public_state_tabular_independent_mc,0,0.25136408030604346,3.123055799980648,False,direction_rejected,0.0,0,,-0.0020855909523760634,100,5.0,-0.01163658285060807,empirical,0.009149968774966911,0.0004223088008284447,-0.021981485008007562,0.01846233311466928,0.026286356741009133,-0.014570046104044054
T-L,SA,mc_learned_baseline,False,47,83,144088,21248,21248,84992,0,16600,72044,288176,262144,0.9632812500000002,0.9693,0.9601115232634412,0.0009711484802913395,1.1153085679670908e-05,public_state_tabular_independent_mc,0,0.24934553773673324,3.170310299959965,True,accepted_return_check_disabled,0.1,1,2.007726681975951e-10,-0.0024055515853676863,100,5.0,0.0031146923385807048,empirical,0.009316406250000003,6.08806088028127e-05,0.03158481254477441,0.0010087583524943473,0.0022578862808466877,0.0028835286581308734
T-L,SA,mc_learned_baseline,False,47,84,145824,21504,21504,86016,0,16800,72912,291648,262144,0.9820312500000001,0.9329999999999999,0.9601115232634412,0.0,0.0,public_state_tabular_independent_mc,0,0.24934553773673324,3.195577200036496,False,direction_rejected,0.0,0,,-0.0022871762269396053,100,5.0,-0.010509517589425116,empirical,0.00877841739438288,0.0002830802533267449,-0.033750043597162716,0.01809434531886322,0.026246260550123378,-0.014192261044803957
T-L,SA,mc_learned_baseline,False,47,85,147560,21760,21760,87040,0,17000,73780,295120,262144,0.9492187500000002,0.9600000000000002,0.9611462961638679,0.0010347729004267503,1.2608953921067027e-05,public_state_tabular_independent_mc,0,0.24718720037167763,3.23974560003262,True,accepted_return_check_disabled,0.1,1,1.5148435272313746e-10,-0.0028472330785169926,100,5.0,0.002550688615079958,empirical,0.010107421875000005,9.744399930400781e-06,0.057130614868242224,0.0009789026413903593,0.0025141448795020296,0.0029231816326688977
T-L,SA,mc_learned_baseline,False,47,86,149296,22016,22016,88064,0,17200,74648,298592,262144,0.9635156250000003,0.9630000000000001,0.9611462961638679,0.0,0.0,public_state_tabular_independent_mc,0,0.24718720037167763,3.2620137999765575,False,direction_rejected,0.0,0,,-0.005464075689917112,100,5.0,-0.02251893331352369,empirical,0.02004829596639548,0.005577506264021352,-0.005613807453082931,0.018050560695226633,0.027041181050381675,-0.014139129753296372
T-L,SA,mc_learned_baseline,False,47,87,151032,22272,22272,89088,0,17400,75516,302064,262144,0.9656250000000002,0.966,0.9611462961638679,0.0,0.0,public_state_tabular_independent_mc,0,0.24718720037167763,3.288476299960166,False,direction_rejected,0.0,0,,-0.0032003318879044564,100,5.0,-0.009641285668030925,empirical,0.009571697963446441,0.00041173611719595813,0.02139221443277939,0.01852834388718161,0.027676030847745885,-0.014616912945251349
T-L,SA,mc_learned_baseline,False,47,88,152768,22528,22528,90112,0,17600,76384,305536,262144,0.9750000000000002,0.9453,0.9621197619325539,0.0009734657686859549,1.1113535509424773e-05,public_state_tabular_independent_mc,0,0.2451495316537179,3.3304294999688864,True,accepted_return_check_disabled,0.1,1,1.233292545192376e-10,-0.0022456310143707686,100,5.0,0.0028380786251694635,empirical,0.00865997314453125,5.574011961712373e-05,0.0052379261363637575,0.0010071426017173753,0.002245994095365625,0.0029042883402128857
T-L,SA,mc_learned_baseline,False,47,89,154504,22784,22784,91136,0,17800,77252,309008,262144,0.9682031250000003,0.975,0.9636255417766106,0.0015057798440567538,2.326117654789209e-05,public_state_tabular_independent_mc,0,0.24212267909620439,3.371199000044726,True,accepted_return_check_disabled,0.1,1,1.6451561192544558e-10,-0.006769987239769543,100,5.0,0.006150009641496124,empirical,0.02231552734375,0.005291777062872799,-0.00022980935057281826,0.0005927685230908444,0.004671956645207129,0.0033264264033109857
T-L,SA,mc_learned_baseline,False,47,90,156240,23040,23040,92160,0,18000,78120,312480,262144,0.9773437500000002,0.9480000000000001,0.9647944263581658,0.001168884581555174,1.5961985496832623e-05,public_state_tabular_independent_mc,0,0.2396527900905697,3.4134130000602454,True,accepted_return_check_disabled,0.1,1,3.9980783818238334e-10,-0.0029109186065326936,100,5.0,0.0031634101442878405,empirical,0.0083935546875,1.8742126694244235e-05,0.007277093528844758,0.0009015866844687111,0.003239544995296488,0.0029592011235701566
T-L,SA,mc_learned_baseline,False,47,91,157976,23296,23296,93184,0,18200,78988,315952,262144,0.9726562500000002,0.9660000000000001,0.9657373693805922,0.000942943022426368,1.035324692039604e-05,public_state_tabular_independent_mc,0,0.2376526011410981,3.458626199979335,True,accepted_return_check_disabled,0.1,1,2.2245522172672576e-10,-0.0022311809794330817,100,5.0,0.002933462962596227,empirical,0.008942871093750002,0.0002152747788194544,0.0023588587286443863,0.0009689374018589081,0.0020978860658090685,0.0028989238692968718
T-L,SA,mc_learned_baseline,False,47,92,159712,23552,23552,94208,0,18400,79856,319424,262144,0.9567187500000003,0.9690000000000001,0.9675686797557396,0.001831310375147388,8.885228790772629e-05,public_state_tabular_independent_mc,0,0.23440958836894873,3.4999448000453413,True,accepted_return_check_disabled,0.1,1,6.471135458974833e-11,-0.008330571170313241,100,5.0,0.004536859309675895,empirical,0.03085374125670466,0.010745252889786422,-0.002344733970036872,0.014942196452231599,0.022790720904424303,-0.01106967699321311
T-L,SA,mc_learned_baseline,False,47,93,161448,23808,23808,95232,0,18600,80724,322896,262144,0.9867187500000002,0.9750000000000001,0.9687082874889021,0.0011396077331625731,1.530103031453798e-05,public_state_tabular_independent_mc,0,0.2319670082256601,3.541204800014384,True,accepted_return_check_disabled,0.1,1,4.029050923467766e-10,-0.0026429612820077835,100,5.0,0.002685626627743946,empirical,0.007558593749999999,1.807837850695965e-05,0.0012962025316453074,0.0005943072554489279,0.0031064882572979773,0.002940416710863635
T-L,SA,mc_learned_baseline,False,47,94,163184,24064,24064,96256,0,18800,81592,326368,262144,0.9609375000000002,0.9750000000000001,0.9687082874889021,0.0,0.0,public_state_tabular_independent_mc,0,0.2319670082256601,3.5631883000023663,False,direction_rejected,0.0,0,,-0.0025547187331803885,100,5.0,-0.019017203897290343,empirical,0.009501344462644556,4.56405141894094e-05,0.027975638662889213,0.016547123195597396,0.02418508938949516,-0.013006204827897232
T-L,SA,mc_learned_baseline,False,47,95,164920,24320,24320,97280,0,19000,82460,329840,262144,0.9820312500000002,0.9660000000000001,0.9699315969049492,0.0012233094160470914,1.760253282166772e-05,public_state_tabular_independent_mc,0,0.2293330901884001,3.602910300018266,True,accepted_return_check_disabled,0.1,1,2.7814977143356943e-10,-0.002976207015386715,100,5.0,0.0031026143807719913,empirical,0.007888183593750002,4.4582652538617814e-05,0.00996035014461627,0.000616600585715592,0.003510459130647288,0.002924317781984567
T-L,SA,mc_learned_baseline,False,47,96,166656,24576,24576,98304,0,19200,83328,333312,262144,0.9703125000000002,0.9483,0.9707686041884218,0.0008370072834725795,8.22329111605528e-06,public_state_tabular_independent_mc,0,0.22752371957980014,3.645257700001821,True,accepted_return_check_disabled,0.1,1,5.914648398022752e-11,-0.0019582709229467566,100,5.0,0.0024737169773043047,empirical,0.009242248535156249,0.0005081685475352641,-0.0013057044020887698,0.0007775176193734627,0.0016594415905243432,0.0027685464840862626
T-L,SA,mc_learned_baseline,False,47,97,168392,24832,24832,99328,0,19400,84196,336784,262144,0.9799218750000003,0.987,0.97213568577538,0.0013670815869581965,1.9266072582975378e-05,public_state_tabular_independent_mc,0,0.22466693274653432,3.684637099970132,True,accepted_return_check_disabled,0.1,1,2.8475761242125744e-10,-0.00587929697655596,100,5.0,0.004236534681732967,empirical,0.019180029296874998,0.005443226633113712,-0.02375537085169732,0.00016737375896130427,0.0038630736949561563,0.0033812959687719783
T-L,SA,mc_learned_baseline,False,47,98,170128,25088,25088,100352,0,19600,85064,340256,262144,0.9679687500000003,0.975,0.973319676398595,0.0011839906232149477,1.6421590984840713e-05,public_state_tabular_independent_mc,0,0.2220855270347848,3.7214357999619097,True,accepted_return_check_disabled,0.1,1,9.900870443513784e-11,-0.003327038094147747,100,5.0,0.0028186960418378924,empirical,0.009115905761718756,8.608951987522298e-05,0.018333858738033282,0.000546780418147259,0.003285143199879407,0.0029547121435125716
T-L,SA,mc_learned_baseline,False,47,99,171864,25344,25344,101376,0,19800,85932,343728,262144,0.9445312500000002,0.9783,0.9743748606999607,0.0010551843013657525,1.303892459139201e-05,public_state_tabular_independent_mc,0,0.21977457536804954,3.7594183000037447,True,accepted_return_check_disabled,0.1,1,5.933673415863498e-11,-0.0035378861598547545,100,5.0,0.0027842486931207084,empirical,0.011250000000000012,0.00010168105279446974,0.02479556115177539,0.0005481347485647018,0.002631313666736632,0.0029539964032946867
T-L,SA,mc_learned_baseline,False,47,100,173600,25600,25600,102400,0,20000,86800,347200,262144,0.9632812500000003,0.9630000000000001,0.9754516540226452,0.0010767933226845106,1.358449558498073e-05,public_state_tabular_independent_mc,0,0.2174060416163356,3.802132499986328,True,accepted_return_check_disabled,0.1,1,3.770493408506183e-10,-0.003169987392940075,100,5.0,0.0031316671504186856,empirical,0.009316406250000006,2.0107187233902403e-06,0.03158481254477441,0.0005416848664942133,0.002759135337624028,0.0029597718548053827
T-L,SA,mc_learned_baseline,False,47,101,175336,25856,25856,103424,0,20200,87668,350672,262144,0.9635156250000003,0.99,0.9766878999354921,0.0012362459128468783,1.5940103512190023e-05,public_state_tabular_independent_mc,0,0.2147753016487519,3.852578500052914,True,accepted_return_check_disabled,0.1,1,3.014457925508016e-10,-0.006048451664431454,100,5.0,0.005431585297240276,empirical,0.019941381835937508,0.0053770460315159495,0.008240158832047317,0.00014258618456322223,0.003246056641702023,0.003356974031802255
T-L,SA,mc_learned_baseline,False,47,102,177072,26112,26112,104448,0,20400,88536,354144,262144,0.9726562500000002,0.9960000000000001,0.9779244680449877,0.0012365681094955727,1.7938390837604204e-05,public_state_tabular_independent_mc,0,0.21203034393069847,3.9082464000675827,True,accepted_return_check_disabled,0.1,1,5.7413227445522115e-11,-0.0035217132189145632,100,5.0,0.0031442911731217023,empirical,0.00861328125,3.183848262405514e-05,0.021090972161997845,0.0005199872348774292,0.003595420663460679,0.0029318119488422065
T-L,SA,mc_learned_baseline,False,47,103,178808,26368,26368,105472,0,20600,89404,357616,262144,0.9679687500000003,0.9840000000000001,0.9789729767601799,0.0010485087151922423,1.2914477442465422e-05,public_state_tabular_independent_mc,0,0.209691570149928,3.995826500002295,True,accepted_return_check_disabled,0.1,1,3.5018116273935095e-10,-0.003040313612231176,100,5.0,0.003189274817415692,empirical,0.008942871093750002,4.232756858106107e-05,0.027741368153838764,0.000498904161692489,0.0026229895015166143,0.0029475228746532758
T-L,SA,mc_learned_baseline,False,47,104,180544,26624,26624,106496,0,20800,90272,361088,262144,0.9890625000000002,0.9810000000000001,0.9800250734533051,0.0010520966931252262,1.3029997541020017e-05,public_state_tabular_independent_mc,0,0.20733420280000536,4.047904500039294,True,accepted_return_check_disabled,0.1,1,3.703007854598268e-10,-0.0025247326512538573,100,5.0,0.002982228973423778,empirical,0.007308654785156251,2.6096152816504517e-06,0.00239923224568106,0.0004967437976471906,0.0026473546690082873,0.002943867084603852
T-L,SA,mc_learned_baseline,False,47,105,182280,26880,26880,107520,0,21000,91140,364560,262144,0.9820312500000002,0.945,0.9800250734533051,0.0,0.0,public_state_tabular_independent_mc,0,0.20733420280000536,4.069858000031672,False,direction_rejected,0.0,0,,-0.0030304450240291538,100,5.0,-0.01406310309102823,empirical,0.008019432705295728,0.00011344854187155583,0.008150294002728042,0.01364142923244597,0.02130584455208904,-0.010207817586013468
T-L,SA,mc_learned_baseline,False,47,106,184016,27136,27136,108544,0,21200,92008,368032,262144,0.9635156250000001,0.978,0.9813795120699892,0.0013544386166840505,1.9485951309633164e-05,public_state_tabular_independent_mc,0,0.20437665989852571,4.107563500059769,True,accepted_return_check_disabled,0.1,1,6.23152481777594e-11,-0.0066642988401778595,100,5.0,0.0022036340359769704,empirical,0.019906225585937506,0.0053202375032409405,0.00852493578164959,0.00016515380283746645,0.003947528736268697,0.003268457843595034
T-L,SA,mc_learned_baseline,False,47,107,185752,27392,27392,109568,0,21400,92876,371504,262144,0.9867187500000002,0.9722999999999999,0.9822854386002814,0.0009059265302922004,9.701441421214757e-06,public_state_tabular_independent_mc,0,0.2023274872211131,4.145606499980204,True,accepted_return_check_disabled,0.1,1,1.0826834999201565e-10,-0.002128512198492965,100,5.0,0.002391824566487513,empirical,0.0075146484375,5.539097829055874e-06,0.0042126582278478875,0.0005486784610704064,0.001935974602580042,0.002835226246431328
T-L,SA,mc_learned_baseline,False,47,108,187488,27648,27648,110592,0,21600,93744,374976,262144,0.9937500000000002,0.9780000000000001,0.9833144623006893,0.0010290237004079161,1.2558977272491827e-05,public_state_tabular_independent_mc,0,0.19998980958453932,4.189778300002217,True,accepted_return_check_disabled,0.1,1,3.340574293049216e-10,-0.0024111123545866946,100,5.0,0.002870486034954036,empirical,0.007187805175781246,0.0001227057863233989,-0.022781827880511862,0.0004569579567929568,0.0025510912635395683,0.002918643703182087
T-L,SA,mc_learned_baseline,False,47,109,189224,27904,27904,111616,0,21800,94612,378448,262144,0.9820312500000002,0.9840000000000001,0.9843301685781846,0.001015706277495254,1.2279542083426665e-05,public_state_tabular_independent_mc,0,0.19767170783259194,4.226810500025749,True,accepted_return_check_disabled,0.1,1,3.431227860210663e-10,-0.0027342004186379737,100,5.0,0.00286284886015327,empirical,0.007910156250000005,1.0984479862120182e-05,0.008581224739977245,0.0004599674321936502,0.002495005996791443,0.002905155010873593
T-L,SA,mc_learned_baseline,False,47,110,190960,28160,28160,112640,0,22000,95480,381920,262144,0.9914062500000003,1.005,0.9853308464786166,0.001000677900432012,1.1965196343800476e-05,public_state_tabular_independent_mc,0,0.19537734343003899,4.2710131000494584,True,accepted_return_check_disabled,0.1,1,3.4559347191534533e-10,-0.0024380066315157984,100,5.0,0.002915892256293013,empirical,0.007075195312500003,7.008399630806878e-06,0.0024101052269153156,0.00046408137834992943,0.0024315747699068823,0.0028896043914245742
T-L,SA,mc_learned_baseline,False,47,111,192696,28416,28416,113664,0,22200,96348,385392,262144,0.9773437500000002,0.9960000000000001,0.9864846970373201,0.0011538505587035397,1.5988712915071405e-05,public_state_tabular_independent_mc,0,0.19271852262327954,4.312192199984565,True,accepted_return_check_disabled,0.1,1,8.645869606890722e-12,-0.0034049830987681884,100,5.0,0.0029797420553108163,empirical,0.008258972167968755,4.432854882779892e-05,0.015300089144395623,0.0004499459049480626,0.003212532202351072,0.0028914104341495584
T-L,SA,mc_learned_baseline,False,47,112,194432,28672,28672,114688,0,22400,97216,388864,262144,0.9937500000000001,0.987,0.987404067023818,0.0009193699864978866,1.0193696322773325e-05,public_state_tabular_independent_mc,0,0.19058965790678475,4.357892900006846,True,accepted_return_check_disabled,0.1,1,1.0148457781507895e-10,-0.0021292940890585543,100,5.0,0.002888908459561176,empirical,0.006880187988281252,1.6074726162107304e-06,-0.000377844950213424,0.000514990957137536,0.0020358641138750132,0.0028108402758930634
T-L,SA,mc_learned_baseline,False,47,113,196168,28928,28928,115712,0,22600,98084,392336,262144,0.9843750000000002,0.972,0.9885436861879264,0.0011396191641084297,1.575478676302114e-05,public_state_tabular_independent_mc,0,0.18793778501423702,4.407000100007281,True,accepted_return_check_disabled,0.1,1,1.5156109510960805e-11,-0.0032176593419199237,100,5.0,0.0027457389693783685,empirical,0.007825012207031252,7.405106431402138e-05,-0.0008070866141733912,0.00044839845233451183,0.00317689199676898,0.0028640594324781804
T-L,SA,mc_learned_baseline,False,47,114,197904,29184,29184,116736,0,22800,98952,395808,262144,0.9937500000000002,0.9840000000000001,0.9895993181251287,0.0010556319372022616,1.3597144489667093e-05,public_state_tabular_independent_mc,0,0.18546825132091535,4.44982350000646,True,accepted_return_check_disabled,0.1,1,3.212413519606122e-10,-0.0026101913804686635,100,5.0,0.003599195328914632,empirical,0.006858215332031252,2.3096588285332143e-06,0.0012224395448081626,0.00044193676966521175,0.0027087628374870584,0.0028527089955143465
T-L,SA,mc_learned_baseline,False,47,115,199640,29440,29440,117760,0,23000,99820,399280,262144,0.9890625000000002,0.99,0.9905493666338316,0.0009500485087029498,1.1075691052043996e-05,public_state_tabular_independent_mc,0,0.18323473130749116,4.486107000033371,True,accepted_return_check_disabled,0.1,1,3.1221656171193906e-10,-0.002530082407223788,100,5.0,0.002226975232918585,empirical,0.007308654785156253,1.4621757138025024e-05,0.002399232245681171,0.0004733265562632767,0.002250921890591251,0.0028036001280174563
T-L,SA,mc_learned_baseline,False,47,116,201376,29696,29696,118784,0,23200,100688,402752,262144,0.9960937500000002,0.9960000000000001,0.991657924460603,0.001108557826771328,1.5185841632566158e-05,public_state_tabular_independent_mc,0,0.180615137160154,4.532491600024514,True,accepted_return_check_disabled,0.1,1,8.44641539529979e-11,-0.002805670922927427,100,5.0,0.0027852580414014258,empirical,0.0066329956054687516,1.0156180521479173e-05,0.0005747787101967328,0.00044414661084938325,0.0030711445385754985,0.0028158303488391317
T-L,SA,mc_learned_baseline,False,47,117,203112,29952,29952,119808,0,23400,101556,406224,262144,1.0031250000000003,0.987,0.9928782495592254,0.0012203250986224656,1.855536770169439e-05,public_state_tabular_independent_mc,0,0.17771434468326883,4.574727399973199,True,accepted_return_check_disabled,0.1,1,6.954210657187214e-11,-0.0028453754113093675,100,5.0,0.00247151453276272,empirical,0.005935363769531251,3.190483561439179e-05,0.00017996709173195846,0.0005037217906968062,0.0037232116971478387,0.002735276397884638
T-L,SA,mc_learned_baseline,False,47,118,204848,30208,30208,120832,0,23600,102424,409696,262144,0.9937500000000002,0.972,0.9937853880769968,0.0009071385177713553,1.0323491224342674e-05,public_state_tabular_independent_mc,0,0.17554616127460582,4.615852499962784,True,accepted_return_check_disabled,0.1,1,2.978002764838914e-10,-0.00236165008365187,100,5.0,0.003043500597412156,empirical,0.006858215332031252,2.930074112313122e-06,0.0012224395448081626,0.0004849103714836854,0.0020984352724893835,0.00272949813304511
T-L,SA,mc_learned_baseline,False,47,119,206584,30464,30464,121856,0,23800,103292,413168,262144,0.9914062500000002,1.002,0.9946713421528158,0.0008859540758190398,9.914683587655215e-06,public_state_tabular_independent_mc,0,0.1734186500663935,4.657873700023629,True,accepted_return_check_disabled,0.1,1,2.352530702108271e-10,-0.002370565935221617,100,5.0,0.00245243222728082,empirical,0.0071713256835937485,0.0001581880645752369,-0.004368315723784599,0.0004954407428479833,0.0020132431366680255,0.0026996730823984306
T-L,SA,mc_learned_baseline,False,47,120,208320,30720,30720,122880,0,24000,104160,416640,262144,0.9960937500000002,0.9813000000000001,0.9957250129592342,0.001053670806418383,1.4142373337120283e-05,public_state_tabular_independent_mc,0,0.17087531655909144,4.702994900057092,True,accepted_return_check_disabled,0.1,1,9.288800930404264e-11,-0.0028109018916261524,100,5.0,0.001952464985351405,empirical,0.0066357421875,3.4679180533864186e-06,0.0003678583745254649,0.00043775085447291234,0.0028617159760426815,0.0027376827768570196
T-L,SA,mc_learned_baseline,False,47,121,210056,30976,30976,123904,0,24200,105028,420112,262144,1.0007812500000002,0.993,0.9965880829595053,0.0008630700002710823,9.561194564919493e-06,public_state_tabular_independent_mc,0,0.16878126098256505,4.755954600055702,True,accepted_return_check_disabled,0.1,1,2.260611505066552e-10,-0.002094571796195807,100,5.0,0.0023027417150578025,empirical,0.006182556152343751,1.4406808079209357e-06,-0.0008653299379435264,0.0005004973148177571,0.0019415357566784626,0.0026504548916341424
T-L,SA,mc_learned_baseline,False,47,122,211792,31232,31232,124928,0,24400,105896,423584,262144,0.9752343750000002,0.9930000000000001,0.9978850855523619,0.0012970025928565887,2.114662322048489e-05,public_state_tabular_independent_mc,0,0.1656497817040775,4.81305620004423,True,accepted_return_check_disabled,0.1,1,4.337328891417362e-12,-0.007800120060178905,100,5.0,0.0023438194166938812,empirical,0.021911230468749994,0.005315392167511807,0.0016506913849275717,0.0004945490940923146,0.004270806712056549,0.0026354795112592325
T-L,SA,mc_learned_baseline,False,47,123,213528,31488,31488,125952,0,24600,106764,427056,262144,0.9890625000000002,0.9900000000000001,0.9989756289097558,0.0010905433573938916,1.562153517850744e-05,public_state_tabular_independent_mc,0,0.16297005591744526,4.8654319000197574,True,accepted_return_check_disabled,0.1,1,3.8439578308468815e-11,-0.0034136648395010063,100,5.0,0.0026025748329106106,empirical,0.007308654785156254,5.5947367383640065e-06,0.002399232245680949,0.00044384209181914117,0.003156789466036465,0.0026385612854157195
T-L,SA,mc_learned_baseline,False,47,124,215264,31744,31744,126976,0,24800,107632,430528,262144,1.0078125000000002,1.002,1.0000984782314544,0.0011228493216985935,1.6749603372512474e-05,public_state_tabular_independent_mc,0,0.16019351298934767,4.916563900071196,True,accepted_return_check_disabled,0.1,1,2.3035585507722689e-10,-0.002642288967133372,100,5.0,0.002279325591500259,empirical,0.00544097900390625,1.4805903189785279e-05,0.002546166759933355,0.0004655260303148014,0.0033501990167717636,0.002588151373727702
T-L,SA,mc_learned_baseline,False,47,125,217000,32000,32000,128000,0,25000,108500,434000,262144,0.9914062500000003,1.011,1.001172246246896,0.0010737680154415674,1.5496428178065173e-05,public_state_tabular_independent_mc,0,0.15752135306959436,4.955699200043455,True,accepted_return_check_disabled,0.1,1,8.09936193382964e-12,-0.003390977855114316,100,5.0,0.0033773206967948766,empirical,0.00753662109375001,0.00021174824799954754,-0.03012631533644705,0.0004451893808311931,0.003117775862304384,0.0025775950242102183
T-L,SA,mc_learned_baseline,False,47,126,218736,32256,32256,129024,0,25200,109368,437472,262144,1.0031250000000003,1.002,1.0020580769436023,0.0008858306967063356,1.065671311238287e-05,public_state_tabular_independent_mc,0,0.15530408775431495,4.996236899984069,True,accepted_return_check_disabled,0.1,1,2.2639945637523447e-10,-0.002260400999060625,100,5.0,0.0026459943739542448,empirical,0.0059765625000000044,5.1908180220806504e-05,-0.0032908268202385127,0.00044261594557555074,0.002124834392318535,0.0025493844377856476
T-L,SA,mc_learned_baseline,False,47,127,220472,32512,32512,130048,0,25400,110236,440944,262144,0.9984375000000003,1.0050000000000001,1.0029410769434957,0.0008829999998933857,1.0699534746638555e-05,public_state_tabular_independent_mc,0,0.15308212515134098,5.033511299989186,True,accepted_return_check_disabled,0.1,1,2.8443396560530937e-10,-0.002482296612824145,100,5.0,0.0025011820978906173,empirical,0.006503906250000005,4.332147671526092e-05,-0.0076226774654601925,0.00043940213705561147,0.002131223222842762,0.0025262886115419397
T-L,SA,mc_learned_baseline,False,47,128,222208,32768,32768,131072,0,25600,111104,444416,262144,0.9937500000000001,1.014,1.003878291759838,0.0009372148163422356,1.219176101311693e-05,public_state_tabular_independent_mc,0,0.15071058294619283,5.0719165999908,True,accepted_return_check_disabled,0.1,1,1.7211558715807803e-10,-0.002986689280219667,100,5.0,0.0020176943420540843,empirical,0.007077941894531255,5.779007140443342e-05,-0.014780405405405928,0.0004209742515486086,0.0024737515958638615,0.0025176688946683436
T-L,SA,mc_learned_baseline,False,47,129,223944,33024,33024,132096,0,25800,111972,447888,262144,1.0054687500000004,1.008,1.0047952186597244,0.0009169268998865387,1.1808308730589734e-05,public_state_tabular_independent_mc,0,0.14837696833200545,5.109268800006248,True,accepted_return_check_disabled,0.1,1,1.0815018665212797e-10,-0.0024202604573847638,100,5.0,0.0017806555261151954,empirical,0.005712890625000001,2.3198926539713304e-05,-0.0008572882899777756,0.0004213931923866932,0.002392415156943691,0.002487643811941032
T-L,SA,mc_learned_baseline,False,47,130,225680,33280,33280,133120,0,26000,112840,451360,262144,1.0171875000000004,1.0230000000000001,1.0056993329750483,0.0009041143153238895,1.16206816184636e-05,public_state_tabular_independent_mc,0,0.14606267153425911,5.150457600015216,True,accepted_return_check_disabled,0.1,1,1.3031577495258334e-10,-0.0019042015819689159,100,5.0,0.002456149741045203,empirical,0.004482421874999998,5.097042671658209e-06,0.005477201150212885,0.00042122131046169655,0.0023560333582564813,0.0024579556409851907
T-L,SA,mc_learned_baseline,False,47,131,227416,33536,33536,134144,0,26200,113708,454832,262144,1.01015625,0.9813000000000001,1.0067136337083986,0.001014300733350293,1.4829291673771266e-05,public_state_tabular_independent_mc,0,0.143450231276354,5.186587300035171,True,accepted_return_check_disabled,0.1,1,3.0625791288686146e-10,-0.0025441097017773985,100,5.0,0.002232082240883261,empirical,0.005193786621093749,1.999137981155979e-06,0.0038962941262636885,0.00044621113387423165,0.0029620878889232956,0.0024026564692907273
T-L,SA,mc_learned_baseline,False,47,132,229152,33792,33792,135168,0,26400,114576,458304,262144,0.9892968750000003,1.011,1.007760371255198,0.0010467375467992923,1.4098139742129162e-05,public_state_tabular_independent_mc,0,0.1408662596463328,5.229673900059424,True,accepted_return_check_disabled,0.1,1,1.6294183355472182e-10,-0.005978954627677761,100,5.0,0.001415190039967503,empirical,0.017882543945312503,0.005307013153157522,-1.029302968902357e-05,7.343746589773833e-05,0.002871666843240839,0.002740402789978611
T-L,SA,mc_learned_baseline,False,47,133,230888,34048,34048,136192,0,26600,115444,461776,262144,1.0125000000000002,1.008,1.0086141530013784,0.0008537817461804487,1.0783729075566504e-05,public_state_tabular_independent_mc,0,0.13864047559742906,5.2737061000661924,True,accepted_return_check_disabled,0.1,1,8.472444448367856e-11,-0.0020922878381608974,100,5.0,0.0015344008976876898,empirical,0.004924621582031252,1.6119321312191443e-06,0.007597194881889702,0.00038036497966254657,0.0021840899543793674,0.002360618506793346
T-L,SA,mc_learned_baseline,False,47,134,232624,34304,34304,137216,0,26800,116312,465248,262144,1.0171875000000004,1.0230000000000001,1.009597115845925,0.0009829628445465755,1.4510718306963655e-05,public_state_tabular_independent_mc,0,0.13606183690331472,5.315876199980266,True,accepted_return_check_disabled,0.1,1,3.4271296646250627e-10,-0.0022222705960155877,100,5.0,0.002177213832718887,empirical,0.004452209472656247,9.725397263902268e-06,0.00886621936190679,0.0004068609472271379,0.002897422711656301,0.0023028159528791035
T-L,SA,mc_learned_baseline,False,47,135,234360,34560,34560,138240,0,27000,117180,468720,262144,1.01015625,1.026,1.0105381067768358,0.0009409909309108233,1.3508077224083578e-05,public_state_tabular_independent_mc,0,0.13357675267774768,5.369817900005728,True,accepted_return_check_disabled,0.1,1,2.744957042246327e-10,-0.002535846850050505,100,5.0,0.0028636115817389524,empirical,0.005185546875000002,4.937292186141843e-06,0.004687271129339088,0.00039203666748491127,0.0026987297990988413,0.0022806465782813576
T-L,SA,mc_learned_baseline,False,47,136,236096,34816,34816,139264,0,27200,118048,472192,262144,1.0148437500000003,1.0203000000000002,1.0105381067768358,0.0,0.0,public_state_tabular_independent_mc,0,0.13357675267774768,5.390798400039785,False,direction_rejected,0.0,0,,-0.002005400863426937,100,5.0,-0.014526524551182704,empirical,0.0047131194850635865,4.537605747583912e-05,0.007098774941298958,0.011919504527540967,0.018018057355202215,-0.009283188183887762
T-L,SA,mc_learned_baseline,False,47,137,237832,35072,35072,140288,0,27400,118916,475664,262144,1.0171875000000004,1.008,1.0105381067768358,0.0,0.0,public_state_tabular_independent_mc,0,0.13357675267774768,5.4158060000045225,False,direction_rejected,0.0,0,,-0.002293637003516962,100,5.0,-0.0012942298866862165,empirical,0.004857117958808537,0.00036136829082814026,-0.04462023253070502,0.0029158223836684115,0.00626647257630055,-0.0002795060400152087
T-L,SA,mc_learned_baseline,False,47,138,239568,35328,35328,141312,0,27600,119784,479136,262144,1.0078125000000002,1.0230000000000001,1.0112806551232447,0.0007425483464089666,8.526278136739285e-06,public_state_tabular_independent_mc,0,0.1316040163107667,5.452631699969061,True,accepted_return_check_disabled,0.1,1,1.6206839774294802e-10,-0.002084240627849679,100,5.0,0.0023329416211579712,empirical,0.005506896972656255,3.189807042218184e-05,-0.003497481813094838,0.00041507634619937695,0.0017013269464256247,0.002221239997453827
T-L,SA,mc_learned_baseline,False,47,139,241304,35584,35584,142336,0,27800,120652,482608,262144,0.9869531250000003,1.0110000000000001,1.0121718349209408,0.0008911797976960401,1.1024348980379718e-05,public_state_tabular_independent_mc,0,0.12934365648488358,5.493511799955741,True,accepted_return_check_disabled,0.1,1,7.142571143185724e-12,-0.00580960913367441,100,5.0,0.0031064695321867926,empirical,0.018259572983509206,0.005374157796746616,-0.006327088215965171,7.522335391911115e-05,0.0022332568207789265,0.002531737435672418
T-L,SA,mc_learned_baseline,False,47,140,243040,35840,35840,143360,0,28000,121520,486080,262144,1.0101562500000003,1.0140000000000002,1.0130633793946384,0.0008915444736976585,1.2649965161493848e-05,public_state_tabular_independent_mc,0,0.12694776856289652,5.535181600018404,True,accepted_return_check_disabled,0.1,1,2.5479956886971967e-10,-0.002533238924689078,100,5.0,0.002185282250688322,empirical,0.005185546875000002,1.4970564221487108e-05,0.004687271129338755,0.00034825054672800036,0.002527603947236024,0.002191541702941881
T-L,SA,mc_learned_baseline,False,47,141,244776,36096,36096,144384,0,28200,122388,489552,262144,1.0171875000000001,1.026,1.0139446676896728,0.0008812882950344214,1.2571316058859762e-05,public_state_tabular_independent_mc,0,0.12456367689193458,5.5733237999957055,True,accepted_return_check_disabled,0.1,1,2.9830583395725326e-10,-0.0021505200681709684,100,5.0,0.0024885896141798227,empirical,0.004408264160156252,5.241210787368325e-05,0.01379570039709721,0.00034914428274012717,0.0025102044753829195,0.0021537604946696887
T-L,SA,mc_learned_baseline,False,47,142,246512,36352,36352,145408,0,28400,123256,493024,262144,1.0242187500000002,1.0110000000000001,1.0139446676896728,0.0,0.0,public_state_tabular_independent_mc,0,0.12456367689193458,5.594960300019011,False,direction_rejected,0.0,0,,-0.0012902821884224272,100,5.0,-0.0010961983672505458,empirical,0.004085299607265138,0.0003462379375723388,-0.04121725212315153,0.002729882151119203,0.004483753002937093,-0.000264262802214036
T-L,SA,mc_learned_baseline,False,47,143,248248,36608,36608,146432,0,28600,124124,496496,262144,1.01015625,1.014,1.0139446676896728,0.0,0.0,public_state_tabular_independent_mc,0,0.12456367689193458,5.62267970002722,False,direction_rejected,0.0,0,,-0.0025693305705995094,100,5.0,-0.011327776756955708,empirical,0.005261821593624601,4.665445182123687e-05,-0.009969123981629302,0.010676900653527287,0.016721597505788142,-0.008211281304622123
T-L,SA,mc_learned_baseline,False,47,144,249984,36864,36864,147456,0,28800,124992,499968,262144,1.0078125000000002,1.0173,1.0147899235437974,0.0008452558541245381,1.1762528642046122e-05,public_state_tabular_independent_mc,0,0.122261928679258,5.66908829996828,True,accepted_return_check_disabled,0.1,1,1.560372073279972e-10,-0.002621417931476808,100,5.0,0.0015128024569872004,empirical,0.005482177734375001,0.0001368480959755624,-0.0012311135982094878,0.0003415328799642086,0.0023542351471845,0.0021240864689409575
T-L,SA,mc_learned_baseline,False,47,145,251720,37120,37120,148480,0,29000,125860,503440,262144,1.0057031250000001,1.0350000000000001,1.0156978953127596,0.0009079717689621791,1.228430124009537e-05,public_state_tabular_independent_mc,0,0.11988579301633763,5.716081900056452,True,accepted_return_check_disabled,0.1,1,1.879620678217496e-11,-0.005256276913971573,100,5.0,0.001330990252846298,empirical,0.016371923828125003,0.0054229185313095,0.003312298174433681,5.9802044880632665e-05,0.002481387624870606,0.0023692882409700497
T-L,SA,mc_learned_baseline,False,47,146,253456,37376,37376,149504,0,29200,126728,506912,262144,1.0312500000000002,1.02,1.0165607906388678,0.0008628953261082817,1.2687141091056999e-05,public_state_tabular_independent_mc,0,0.11750537331635502,5.765579400002025,True,accepted_return_check_disabled,0.1,1,9.016486540879524e-11,-0.0014085816246455869,100,5.0,0.0010589221678794123,empirical,0.0027053833007812484,4.933248957308868e-06,0.07282838983050932,0.00032679191495955376,0.0025457814597709067,0.00203444103277899
T-L,SA,mc_learned_baseline,False,47,147,255192,37632,37632,150528,0,29400,127596,510384,262144,1.0150781250000003,1.0140000000000002,1.0174659817542118,0.0009051911153439285,1.2777861382213463e-05,public_state_tabular_independent_mc,0,0.11509054794707857,5.812254499993287,True,accepted_return_check_disabled,0.1,1,2.895238215976263e-10,-0.004823927222365729,100,5.0,0.003272962179246327,empirical,0.015424974365927407,0.005502574973864749,0.002453257996967051,6.601389053275276e-05,0.0025629427212019193,0.0022562942210560774
T-L,SA,mc_learned_baseline,False,47,148,256928,37888,37888,151552,0,29600,128464,513856,262144,0.9960937500000002,1.0230000000000001,1.018168013147002,0.0007020313927901256,8.69496332475569e-06,public_state_tabular_independent_mc,0,0.11312853657733353,5.8943453000392765,True,accepted_return_check_disabled,0.1,1,2.1501664310426736e-10,-0.0030347220752953014,100,5.0,0.0013832783661970396,empirical,0.006965332031250005,6.884430759893159e-06,-0.024462581905966507,0.0002765151144536881,0.0017695352301596095,0.001979883728190035
T-L,SA,mc_learned_baseline,False,47,149,258664,38144,38144,152576,0,29800,129332,517328,262144,1.0195312500000002,1.014,1.0189569722553395,0.0007889591083376502,1.1184275801937183e-05,public_state_tabular_independent_mc,0,0.11090962113135773,5.977841099957004,True,accepted_return_check_disabled,0.1,1,2.621510983427046e-10,-0.0020614410155824236,100,5.0,0.0014767887041699066,empirical,0.004205017089843745,9.139056432827922e-05,0.010931541674233158,0.0002790202149158765,0.002234045889417722,0.001944439836832053
T-L,SA,mc_learned_baseline,False,47,150,260400,38400,38400,153600,0,30000,130200,520800,262144,1.0103906250000003,1.014,1.0197718705012235,0.0008148982458839882,1.0990159955169483e-05,public_state_tabular_independent_mc,0,0.1086937146055514,6.0163149000145495,True,accepted_return_check_disabled,0.1,1,7.752456464135364e-11,-0.0050274104498958545,100,5.0,0.0015523424547848573,empirical,0.015776464843750004,0.005346520467939031,0.006668435251668048,5.238736356002403e-05,0.0022129740138815885,0.0021334361921860633
T-L,SA,mc_learned_baseline,False,47,151,262136,38656,38656,154624,0,30200,131068,524272,262144,0.9984375000000003,1.026,1.0204156039699837,0.0006437334687601215,7.712474957698944e-06,public_state_tabular_independent_mc,0,0.10686035322969835,6.056215999997221,True,accepted_return_check_disabled,0.1,1,5.336777075858011e-11,-0.002763989427102036,100,5.0,0.0021874901653057225,empirical,0.006448974609375007,8.153102552848589e-05,-0.0033349213911386677,0.0002567924234787159,0.001562056721946155,0.0018678881496543758
T-L,DA,mc_learned_baseline,False,47,1,712,256,256,0,0,200,356,1424,262144,0.230859375,0.43829999999999997,0.40933609423923134,0.09032209423923132,0.005189719937443642,public_state_tabular_independent_mc,0,0.5856048417042861,0.014349699951708317,True,accepted_return_check_disabled,0.1,1,,,,,,,0.4343011194143328,0.19387106449441005,0.0008492530627974837,,,
T-L,DA,mc_learned_baseline,False,47,2,1424,512,512,0,0,400,712,2848,262144,0.42328125,0.38849999999999996,0.4955559358125079,0.08621984157327656,0.004522899626999234,public_state_tabular_independent_mc,0,0.5405995150702465,0.023740499978885055,True,accepted_return_check_disabled,0.1,1,,,,,,,0.39800078953199625,0.17748342616985668,-0.002859951009944517,,,
T-L,DA,mc_learned_baseline,False,47,3,2136,768,768,0,0,600,1068,4272,262144,0.44109374999999995,0.5322,0.5752967035557067,0.07974076774319883,0.0038960617500427928,public_state_tabular_independent_mc,0,0.4929977279304699,0.03446059999987483,True,accepted_return_check_disabled,0.1,1,,,,,,,0.41846027744051933,0.17017579950856568,-0.006420586561862729,,,
T-L,DA,mc_learned_baseline,False,47,4,2848,1024,1024,0,0,800,1424,5696,262144,0.5606249999999999,0.5654999999999999,0.647155486798389,0.07185878324268224,0.0033241160397874366,public_state_tabular_independent_mc,0,0.4449103541781035,0.045977799920365214,True,accepted_return_check_disabled,0.1,1,,,,,,,0.36609533446623577,0.16121980730904611,-0.02933342881072476,,,
T-L,DA,mc_learned_baseline,False,47,5,3560,1280,1280,0,0,1000,1780,7120,262144,0.6086718750000001,0.7535999999999998,0.7105716771773857,0.0634161903789967,0.0028142770316917165,public_state_tabular_independent_mc,0,0.3979564750823639,0.05549780000001192,True,accepted_return_check_disabled,0.1,1,,,,,,,0.367022239167,0.16462397720314878,-0.006649679491552041,,,
T-L,DA,mc_learned_baseline,False,47,6,4272,1536,1536,0,0,1200,2136,8544,262144,0.7375781250000002,0.8352,0.7656176974907486,0.05504602031336292,0.0023679606591767623,public_state_tabular_independent_mc,0,0.3532814762676819,0.06858570000622422,True,accepted_return_check_disabled,0.1,1,,,,,,,0.2597806333430097,0.11633753259678788,-0.010782030393134523,,,
T-L,DA,mc_learned_baseline,False,47,7,4984,1792,1792,0,0,1400,2492,9968,262144,0.7891406250000002,0.7572,0.8127839482518573,0.0471662507611087,0.001982721171048896,public_state_tabular_independent_mc,0,0.3116206638161495,0.07946129993069917,True,accepted_return_check_disabled,0.1,1,,,,,,,0.23604771484154077,0.10542183621831946,-0.0016064402926712074,,,
T-L,DA,mc_learned_baseline,False,47,8,5696,2048,2048,0,0,1600,2848,11392,262144,0.8278125000000003,0.8643,0.8527968101577441,0.04001286190588682,0.00165380295975602,public_state_tabular_independent_mc,0,0.2733807587240371,0.09498579998034984,True,accepted_return_check_disabled,0.1,1,,,,,,,0.2045579213667889,0.08276743941653139,0.0028011670934878774,,,
T-L,DA,mc_learned_baseline,False,47,9,6408,2304,2304,0,0,1800,3204,12816,262144,0.8610937500000002,0.9147,0.8864832533008374,0.033686443143093325,0.0013753188039624064,public_state_tabular_independent_mc,0,0.23872097091522304,0.10406549996696413,True,accepted_return_check_disabled,0.1,1,,,,,,,0.17390755267359098,0.07612118746194024,-0.0117839302583711,,,
T-L,DA,mc_learned_baseline,False,47,10,7120,2560,2560,0,0,2000,3560,14240,262144,0.8889843750000002,0.8856,0.9146801836900107,0.028196930389173258,0.001141054936327711,public_state_tabular_independent_mc,0,0.20762415118931596,0.11414680001325905,True,accepted_return_check_disabled,0.1,1,,,,,,,0.14257297621802564,0.06400051279357774,0.002694844978880395,,,
T-L,DA,mc_learned_baseline,False,47,11,7832,2816,2816,0,0,2200,3916,15664,262144,0.8983593750000002,0.9969000000000001,0.9381798239332708,0.023499640243260123,0.0009449701668156165,public_state_tabular_independent_mc,0,0.17995458256682637,0.12479959998745471,True,accepted_return_check_disabled,0.1,1,,,,,,,0.14513018791905424,0.06402442535639083,-0.01419470489397412,,,
T-L,DA,mc_learned_baseline,False,47,12,8544,3072,3072,0,0,2400,4272,17088,262144,0.9260156250000002,0.9558000000000001,0.9577010335931643,0.019521209659893457,0.0007814679210913598,public_state_tabular_independent_mc,0,0.1555025152080685,0.13543339993339032,True,accepted_return_check_disabled,0.1,1,,,,,,,0.12810677116549743,0.054639175108044655,0.003966285640938372,,,
T-L,DA,mc_learned_baseline,False,47,13,9256,3328,3328,0,0,2600,4628,18512,262144,0.9328125000000003,0.9912000000000001,0.9738779522166129,0.01617691862344861,0.0006455347971845239,public_state_tabular_independent_mc,0,0.1340169259623355,0.14530999993439764,True,accepted_return_check_disabled,0.1,1,,,,,,,0.11922171347827498,0.05021824355636654,-0.006792571237942191,,,
T-L,DA,mc_learned_baseline,False,47,14,9968,3584,3584,0,0,2800,4984,19936,262144,0.9707812500000002,0.9939000000000001,0.9872591829903419,0.013381230773728992,0.0005327795725236347,public_state_tabular_independent_mc,0,0.11522876679147491,0.15654919994994998,True,accepted_return_check_disabled,0.1,1,,,,,,,0.06849131682921117,0.03061861601173481,-0.00295700616678074,,,
T-L,DA,mc_learned_baseline,False,47,15,10680,3840,3840,0,0,3000,5340,21360,262144,1.0061718750000002,0.9815999999999999,0.9977674652581878,0.010508282267845948,0.0004255317950591347,public_state_tabular_independent_mc,0,0.09927457590064633,0.16549309995025396,True,accepted_return_check_disabled,0.1,1,,,,,,,0.03724127981643047,0.016030955460855142,0.009391063765860297,,,
T-L,DA,mc_learned_baseline,False,47,16,11392,4096,4096,0,0,3200,5696,22784,262144,1.0153125000000003,1.0176000000000003,1.0066073752121663,0.008839909953978431,0.0003526980167788943,public_state_tabular_independent_mc,0,0.08530087224077539,0.17648969998117536,True,accepted_return_check_disabled,0.1,1,,,,,,,0.02640575387497579,0.011263211282793572,0.011599132256832512,,,
T-L,DA,mc_learned_baseline,False,47,17,12104,4352,4352,0,0,3400,6052,24208,262144,1.003828125,0.9912000000000001,1.014387976469526,0.007780601257359798,0.00030147879405530853,public_state_tabular_independent_mc,0,0.07284128587438816,0.18725449999328703,True,accepted_return_check_disabled,0.1,1,,,,,,,0.04033310761718752,0.015766567401555624,0.0021236612707901115,,,
T-L,DA,mc_learned_baseline,False,47,18,12816,4608,4608,0,0,3600,6408,25632,262144,1.0359375000000002,1.0263000000000002,1.02050855128822,0.00612057481869388,0.0002413619012455204,public_state_tabular_independent_mc,0,0.06231728301959051,0.19770299992524087,True,accepted_return_check_disabled,0.1,1,,,,,,,0.0023504395531760165,0.0003478402713449903,0.13219642731762193,,,
T-L,DA,mc_learned_baseline,False,47,19,13528,4864,4864,0,0,3800,6764,27056,262144,1.0223437500000003,1.0236,1.0258188452763901,0.005310293988170178,0.00020478079334811737,public_state_tabular_independent_mc,0,0.05304654060332049,0.20817859994713217,True,accepted_return_check_disabled,0.1,1,,,,,,,0.027706043194775383,0.010457008684324424,0.01260947744245522,,,
T-L,DA,mc_learned_baseline,False,47,20,14240,5120,5120,0,0,4000,7120,28480,262144,1.0108593750000003,1.044,1.0300188357048472,0.00419999042845709,0.0001645824850143102,public_state_tabular_independent_mc,0,0.04522454543189759,0.2196391000179574,True,accepted_return_check_disabled,0.1,1,,,,,,,0.036959195468128495,0.01604175533977861,0.01154546638386611,,,
T-L,DA,mc_learned_baseline,False,47,21,14952,5376,5376,0,0,4200,7476,29904,262144,1.0408593750000001,1.0266000000000002,1.0335026334108801,0.0034837977060329095,0.00013571186759758237,public_state_tabular_independent_mc,0,0.03849821249523276,0.22855799994431436,True,accepted_return_check_disabled,0.1,1,,,,,,,0.01188022685058593,0.0053191375562341246,0.05110542935804785,,,
T-L,DA,mc_learned_baseline,False,47,22,15664,5632,5632,0,0,4400,7832,31328,262144,1.0408593750000001,1.0470000000000002,1.0363883927177846,0.0028857593069044896,0.00011191454170357337,public_state_tabular_independent_mc,0,0.03272652051087617,0.23796329996548593,True,accepted_return_check_disabled,0.1,1,,,,,,,0.012042887382812499,0.005400112439795415,0.051415477204470594,,,
T-L,DA,mc_learned_baseline,False,47,23,16376,5888,5888,0,0,4600,8188,32752,262144,1.0270312500000003,1.0353,1.0385473407604844,0.002158948042699782,0.00010334942017749535,public_state_tabular_independent_mc,1,0.02795890857505513,0.24721840000711381,True,accepted_return_check_disabled,0.1,1,,,,,,,0.024138717699050908,0.010626827046910732,0.02263280239842347,,,
T-L,DA,mc_learned_baseline,False,47,24,17088,6144,6144,0,0,4800,8544,34176,262144,1.0270312500000003,1.0323,1.0406593650056621,0.002112024245177757,7.853245469510004e-05,public_state_tabular_independent_mc,1,0.023632078940267677,0.2565445000072941,True,accepted_return_check_disabled,0.1,1,,,,,,,0.027280170452594767,0.010154902883464167,0.010997870001735799,,,
T-L,DA,mc_learned_baseline,False,47,25,17800,6400,6400,0,0,5000,8900,35600,262144,1.0385156250000003,1.0353,1.0423041735562801,0.0016448085506179932,6.258880008624342e-05,public_state_tabular_independent_mc,0,0.020017888062238195,0.2669406000059098,True,accepted_return_check_disabled,0.1,1,,,,,,,0.012182464383343073,0.005339159269616886,0.04639052275777289,,,
T-L,DA,mc_learned_baseline,False,47,26,18512,6656,6656,0,0,5200,9256,37024,262144,1.0500000000000003,1.0353,1.043660267727615,0.001356094171334865,5.145939915374476e-05,public_state_tabular_independent_mc,1,0.016942252924120025,0.27574379998259246,True,accepted_return_check_disabled,0.1,1,,,,,,,9.335021972656141e-05,3.1810415241058466e-05,0.99958740234375,,,
T-L,DA,mc_learned_baseline,False,47,27,19224,6912,6912,0,0,5400,9612,38448,262144,1.0500000000000003,1.0470000000000002,1.0440121497524129,0.000351882024797856,2.6599525687834626e-05,public_state_tabular_independent_mc,0,0.015320739150994642,0.2904112000251189,True,accepted_return_check_disabled,0.1,1,,,,,,,2.7465820312496886e-06,1.171316064111511e-05,0.9978027343750002,,,
T-L,DA,mc_learned_baseline,False,47,28,19936,7168,7168,0,0,5600,9968,39872,262144,1.0500000000000003,1.05,1.0450690894443604,0.0010569396919475338,3.765145116519161e-05,public_state_tabular_independent_mc,0,0.012948824131426765,0.3051778000080958,True,accepted_return_check_disabled,0.1,1,,,,,,,0.00011833553935051878,6.305244816917651e-05,0.9993768441101337,,,
T-L,DA,mc_learned_baseline,False,47,29,20648,7424,7424,0,0,5800,10324,41296,262144,1.0500000000000003,1.05,1.045939981478425,0.000870892034064541,3.097273678323424e-05,public_state_tabular_independent_mc,1,0.010936135654253814,0.31654979998711497,True,accepted_return_check_disabled,0.1,1,,,,,,,9.335021972656141e-05,4.942241218961037e-05,0.99958740234375,,,
T-L,DA,mc_learned_baseline,False,47,30,21360,7680,7680,0,0,6000,10680,42720,262144,1.0500000000000003,1.0266000000000002,1.0466574356493499,0.0007174541709249471,2.548916830857568e-05,public_state_tabular_independent_mc,0,0.009229665716745166,0.32957099995110184,True,accepted_return_check_disabled,0.1,1,,,,,,,0.00011833553935051878,7.800345556811824e-05,0.9993768441101337,,,
T-L,DA,mc_learned_baseline,False,47,31,22072,7936,7936,0,0,6200,11036,44144,262144,1.0361718750000004,1.05,1.0468417515166868,0.00018431586733691496,1.2810619713055699e-05,public_state_tabular_independent_mc,1,0.008370794809828346,0.33840639994014055,True,accepted_return_check_disabled,0.1,1,,,,,,,0.015652929687500004,0.004946502224769332,0.017685310997453185,,,
T-L,DA,mc_learned_baseline,False,47,32,22784,8192,8192,0,0,6400,11392,45568,262144,1.0408593750000001,1.05,1.0468592524296463,1.7500912959489412e-05,7.34728170563833e-05,public_state_tabular_independent_mc,1,0.009893902305325247,0.34944689995609224,True,accepted_return_check_disabled,0.1,1,,,,,,,0.011948828125000005,0.005357891868391367,0.05200576133645418,,,
T-L,DA,mc_learned_baseline,False,47,33,23496,8448,8448,0,0,6600,11748,46992,262144,1.0500000000000003,1.05,1.0468592524296394,-6.8833827526759706e-15,-8.587653308828525e-18,public_state_tabular_independent_mc,1,0.00989390230535898,0.3598776999861002,True,accepted_return_check_disabled,0.1,1,,,,,,,2.465190328815662e-32,3.109045717755645e-06,1.0,,,
T-L,DA,mc_learned_baseline,False,47,34,24208,8704,8704,0,0,6800,12104,48416,262144,1.0408593750000001,1.0383000000000002,1.0465735158980314,-0.00028573653160801626,0.000107486614351708,public_state_tabular_independent_mc,0,0.012471173277385008,0.3691663999343291,True,accepted_return_check_disabled,0.1,1,,,,,,,0.011930151367187503,0.005339506776499997,0.05180078367352914,,,
T-L,DA,mc_learned_baseline,False,47,35,24920,8960,8960,0,0,7000,12460,49840,262144,1.0476562500000002,1.0323000000000002,1.046791913877806,0.00021839797977452058,2.9242886950051174e-05,public_state_tabular_independent_mc,1,0.011040200902142056,0.3792987000197172,True,accepted_return_check_disabled,0.1,1,,,,,,,0.00035400390625000064,3.376839548783906e-05,0.6155422840019975,,,
T-L,DA,mc_learned_baseline,False,47,36,25632,9216,9216,0,0,7200,12816,51264,262144,1.0453125000000003,1.05,1.0469563670029642,0.000164453125158337,2.5584750580526007e-05,public_state_tabular_independent_mc,1,0.009826688178631327,0.3908819999778643,True,accepted_return_check_disabled,0.1,1,,,,,,,0.0007080078125000013,0.00011966270524933402,0.4180063291139242,,,
T-L,DA,mc_learned_baseline,False,47,37,26344,9472,9472,0,0,7400,13172,52688,262144,1.0408593750000001,1.05,1.0464664113209365,-0.0004899556820276985,0.00011150044147308099,public_state_tabular_independent_mc,1,0.012697479046718673,0.40189799992367625,True,accepted_return_check_disabled,0.1,1,,,,,,,0.011948828125000005,0.005362753994857819,0.05200576133645418,,,
T-L,DA,mc_learned_baseline,False,47,38,27056,9728,9728,0,0,7600,13528,54112,262144,1.0476562500000002,1.0353,1.0466565587728265,0.00019014745188994375,3.504476298476039e-05,public_state_tabular_independent_mc,1,0.011206954407336935,0.4120424999855459,True,accepted_return_check_disabled,0.1,1,,,,,,,0.00035400390625000064,0.00011636076152793455,0.6155422840019975,,,
T-L,DA,mc_learned_baseline,False,47,39,27768,9984,9984,0,0,7800,13884,55536,262144,1.0476562500000002,1.05,1.0470098072260121,0.00035324845318562836,2.1202007968607275e-05,public_state_tabular_independent_mc,0,0.009819431939736232,0.4219324999721721,True,accepted_return_check_disabled,0.1,1,,,,,,,0.00034881591796875,0.0001858489011534796,0.6194439820209758,,,
T-L,DA,mc_learned_baseline,False,47,40,28480,10240,10240,0,0,8000,14240,56960,262144,1.0500000000000003,1.0470000000000002,1.047537991581704,0.0005281843556919075,2.2239069259433094e-05,public_state_tabular_independent_mc,1,0.008281679246299837,0.431644199998118,True,accepted_return_check_disabled,0.1,1,,,,,,,9.335021972656141e-05,6.559832964070405e-05,0.99958740234375,,,
T-L,DA,mc_learned_baseline,False,47,41,29192,10496,10496,0,0,8200,14596,58384,262144,1.0500000000000003,1.05,1.0475379915816967,-7.327471962526033e-15,5.1862604631529634e-17,public_state_tabular_independent_mc,1,0.008281679246329303,0.4458100999472663,True,accepted_return_check_disabled,0.1,1,,,,,,,2.465190328815662e-32,1.6745086055320265e-06,1.0,,,
T-L,DA,mc_learned_baseline,False,47,42,29904,10752,10752,0,0,8400,14952,59808,262144,1.0476562500000002,1.05,1.0477776445775344,0.0002396529958377247,1.4354263986169645e-05,public_state_tabular_independent_mc,0,0.007286242501736281,0.4562939000315964,True,accepted_return_check_disabled,0.1,1,,,,,,,0.00035156249999999934,0.0001946391653610269,0.617945729981689,,,
T-L,DA,mc_learned_baseline,False,47,43,30616,11008,11008,0,0,8600,15308,61232,262144,1.0500000000000003,1.05,1.0477776445775298,-4.6629367034256575e-15,5.478627530277279e-17,public_state_tabular_independent_mc,1,0.007286242501756617,0.46815550001338124,True,accepted_return_check_disabled,0.1,1,,,,,,,2.465190328815662e-32,1.3790727102837335e-06,1.0,,,
T-L,DA,mc_learned_baseline,False,47,44,31328,11264,11264,0,0,8800,15664,62656,262144,1.0500000000000003,1.0470000000000002,1.0477776445775249,-4.884981308350689e-15,-3.623837918149559e-18,public_state_tabular_independent_mc,1,0.0072862425017773715,0.48095639992970973,True,accepted_return_check_disabled,0.1,1,,,,,,,2.465190328815662e-32,1.3790727102889233e-06,1.0,,,
T-L,DA,mc_learned_baseline,False,47,45,32040,11520,11520,0,0,9000,16020,64080,262144,1.0500000000000003,1.05,1.0479736925477325,0.00019604797020766895,1.1653572051198027e-05,public_state_tabular_independent_mc,0,0.006449641263860088,0.4910435000201687,True,accepted_return_check_disabled,0.1,1,,,,,,,2.7465820312496886e-06,1.5172044442084676e-06,0.9978027343750002,,,
T-L,DA,mc_learned_baseline,False,47,46,32752,11776,11776,0,0,9200,16376,65504,262144,1.0500000000000003,1.0353,1.0479736925477292,-3.3306690738754696e-15,-2.026369377160059e-18,public_state_tabular_independent_mc,1,0.006449641263874588,0.5014763999497518,True,accepted_return_check_disabled,0.1,1,,,,,,,2.465190328815662e-32,1.1801007221686995e-06,1.0,,,
T-L,DA,mc_learned_baseline,False,47,47,33464,12032,12032,0,0,9400,16732,66928,262144,1.0500000000000003,1.0266000000000002,1.0481360078089745,0.00016231526124532714,9.695123772243302e-06,public_state_tabular_independent_mc,0,0.005738522185613855,0.5128050999483094,True,accepted_return_check_disabled,0.1,1,,,,,,,6.594543457030985e-05,5.659561724335317e-05,0.9472436523437522,,,
T-L,DA,mc_learned_baseline,False,47,48,34176,12288,12288,0,0,9600,17088,68352,262144,1.0500000000000003,1.0353,1.0481360078089723,-2.220446049250313e-15,5.724931999148854e-17,public_state_tabular_independent_mc,1,0.005738522185623925,0.5223547000205144,True,accepted_return_check_disabled,0.1,1,,,,,,,2.465190328815662e-32,1.0444484706667705e-06,1.0,,,
T-L,DA,mc_learned_baseline,False,47,49,34888,12544,12544,0,0,9800,17444,69776,262144,1.0500000000000003,1.05,1.0484653040543985,0.00032929624542621383,1.1945336545160336e-05,public_state_tabular_independent_mc,1,0.004831183848007377,0.5338291999651119,True,accepted_return_check_disabled,0.1,1,,,,,,,9.335021972656141e-05,7.497791746370976e-05,0.99958740234375,,,
T-L,DA,mc_learned_baseline,False,47,50,35600,12800,12800,0,0,10000,17800,71200,262144,1.0500000000000003,1.05,1.048575310399297,0.00011000634489843897,6.560594569042613e-06,public_state_tabular_independent_mc,0,0.004324232942179208,0.5434342999942601,True,accepted_return_check_disabled,0.1,1,,,,,,,9.560852050780748e-05,8.772448241261016e-05,0.9235131835937541,,,
T-L,DA,mc_learned_baseline,False,47,51,36312,13056,13056,0,0,10200,18156,72624,262144,1.0500000000000003,1.05,1.048575310399296,-8.881784197001252e-16,-3.4017780042807936e-19,public_state_tabular_independent_mc,1,0.0043242329421838135,0.5528695000102744,True,accepted_return_check_disabled,0.1,1,,,,,,,2.465190328815662e-32,6.456788410577305e-07,1.0,,,
T-L,DA,mc_learned_baseline,False,47,52,37024,13312,13312,0,0,10400,18512,74048,262144,1.0500000000000003,1.05,1.048575310399295,-1.1102230246251565e-15,-3.4017780155718843e-19,public_state_tabular_independent_mc,1,0.00432423294218842,0.5636125999735668,True,accepted_return_check_disabled,0.1,1,,,,,,,2.465190328815662e-32,6.456788410581847e-07,1.0,,,
T-L,DA,mc_learned_baseline,False,47,53,37736,13568,13568,0,0,10600,18868,75472,262144,1.0500000000000003,1.05,1.048575310399294,-8.881784197001252e-16,-3.401778026862975e-19,public_state_tabular_independent_mc,1,0.0043242329421930275,0.5739958999911323,True,accepted_return_check_disabled,0.1,1,,,,,,,2.465190328815662e-32,6.456788410587523e-07,1.0,,,
T-L,DA,mc_learned_baseline,False,47,54,38448,13824,13824,0,0,10800,19224,76896,262144,1.0385156250000003,1.0470000000000002,1.0486890667950746,0.00011375639578048435,6.036655058112618e-06,public_state_tabular_independent_mc,1,0.0038820924007603335,0.584716200013645,True,accepted_return_check_disabled,0.1,1,,,,,,,0.015298925781250004,0.004245597243104928,0.021754569953138736,,,
T-L,DA,mc_learned_baseline,False,47,55,39160,14080,14080,0,0,11000,19580,78320,262144,1.0408593750000001,1.0383000000000002,1.0486286801444027,-6.03866506718731e-05,3.197488299623069e-05,public_state_tabular_independent_mc,1,0.004705635096552625,0.5950737999519333,True,accepted_return_check_disabled,0.1,1,,,,,,,0.011948828125000005,0.005351493744422174,0.05200576133645418,,,
T-L,DA,mc_learned_baseline,False,47,56,39872,14336,14336,0,0,11200,19936,79744,262144,1.0500000000000003,1.0470000000000002,1.0486286801444011,-1.5543122344752192e-15,5.765859432544146e-17,public_state_tabular_independent_mc,1,0.004705635096560156,0.6049132000189275,True,accepted_return_check_disabled,0.1,1,,,,,,,2.465190328815662e-32,5.406226958115113e-07,1.0,,,
T-L,DA,mc_learned_baseline,False,47,57,40584,14592,14592,0,0,11400,20292,81168,262144,1.0385156250000003,1.05,1.0487635432913622,0.00013486314696109503,7.608952430512287e-06,public_state_tabular_independent_mc,1,0.0041613249116738416,0.6137511000270024,True,accepted_return_check_disabled,0.1,1,,,,,,,0.015298925781250004,0.004405938698988201,0.02175456995313907,,,
T-L,DA,mc_learned_baseline,False,47,58,41296,14848,14848,0,0,11600,20648,82592,262144,1.0500000000000003,1.05,1.0487635432913611,-1.1102230246251565e-15,-4.36608789855514e-19,public_state_tabular_independent_mc,1,0.004161324911679242,0.6246871999464929,True,accepted_return_check_disabled,0.1,1,,,,,,,2.465190328815662e-32,4.6609162655061274e-07,1.0,,,
T-L,DA,mc_learned_baseline,False,47,59,42008,15104,15104,0,0,11800,21004,84016,262144,1.0500000000000003,1.05,1.0489818895255922,0.00021834623423111488,8.386741993432588e-06,public_state_tabular_independent_mc,0,0.0035007005987599195,0.6336026999633759,True,accepted_return_check_disabled,0.1,1,,,,,,,0.0002650854172802021,0.0002469996833875861,0.9568293039711102,,,
T-L,DA,mc_learned_baseline,False,47,60,42720,15360,15360,0,0,12000,21360,85440,262144,1.0500000000000003,1.05,1.0489818895255916,-6.661338147750939e-16,-2.3872575538324905e-19,public_state_tabular_independent_mc,1,0.003500700598763623,0.644158500013873,True,accepted_return_check_disabled,0.1,1,,,,,,,2.465190328815662e-32,3.1606151874393844e-07,1.0,,,
T-L,DA,mc_learned_baseline,False,47,61,43432,15616,15616,0,0,12200,21716,86864,262144,1.0500000000000003,1.05,1.0491613848518415,0.00017949532624994546,6.8713059993192594e-06,public_state_tabular_independent_mc,1,0.0029447237631116657,0.6554280000273138,True,accepted_return_check_disabled,0.1,1,,,,,,,9.335021972656141e-05,8.30335197431582e-05,0.99958740234375,,,
T-L,DA,mc_learned_baseline,False,47,62,44144,15872,15872,0,0,12400,22072,88288,262144,1.0500000000000003,1.05,1.049161384851841,-4.440892098500626e-16,5.828342791943048e-17,public_state_tabular_independent_mc,1,0.002944723763114038,0.6671326999785379,True,accepted_return_check_disabled,0.1,1,,,,,,,2.465190328815662e-32,2.1446403585673068e-07,1.0,,,
T-L,DA,mc_learned_baseline,False,47,63,44856,16128,16128,0,0,12600,22428,89712,262144,1.0500000000000003,1.05,1.0491613848518406,-4.440892098500626e-16,5.828342791903549e-17,public_state_tabular_independent_mc,1,0.00294472376311641,0.6760157999815419,True,accepted_return_check_disabled,0.1,1,,,,,,,2.465190328815662e-32,2.1446403585687677e-07,1.0,,,
T-L,DA,mc_learned_baseline,False,47,64,45568,16384,16384,0,0,12800,22784,91136,262144,1.0408593750000001,1.05,1.0490680312431195,-9.335360872109177e-05,2.6710609224450896e-05,public_state_tabular_independent_mc,0,0.0037409532010086073,0.6856867999304086,True,accepted_return_check_disabled,0.1,1,,,,,,,0.011930151367187504,0.005331038819419927,0.05180078367352969,,,
T-L,DA,mc_learned_baseline,False,47,65,46280,16640,16640,0,0,13000,23140,92560,262144,1.0476562500000002,1.05,1.0491132881676708,4.52569245512624e-05,8.19767413889916e-06,public_state_tabular_independent_mc,1,0.003304158997799818,0.6955620999215171,True,accepted_return_check_disabled,0.1,1,,,,,,,0.00035400390625000064,0.00011291464712261527,0.6155422840019975,,,
T-L,DA,mc_learned_baseline,False,47,66,46992,16896,16896,0,0,13200,23496,93984,262144,1.0500000000000003,1.05,1.04911328816767,-8.881784197001252e-16,5.81395130005926e-17,public_state_tabular_independent_mc,1,0.0033041589978040093,0.7068487999495119,True,accepted_return_check_disabled,0.1,1,,,,,,,2.465190328815662e-32,2.177598653332984e-07,1.0,,,
T-L,DA,mc_learned_baseline,False,47,67,47704,17152,17152,0,0,13400,23852,95408,262144,1.0500000000000003,1.05,1.049113288167669,-8.881784197001252e-16,5.813951299959438e-17,public_state_tabular_independent_mc,1,0.0033041589978082017,0.7182910999981686,True,accepted_return_check_disabled,0.1,1,,,,,,,2.465190328815662e-32,2.1775986533371367e-07,1.0,,,
T-L,DA,mc_learned_baseline,False,47,68,48416,17408,17408,0,0,13600,24208,96832,262144,1.0500000000000003,1.05,1.0491132881676681,-8.881784197001252e-16,5.813951299859615e-17,public_state_tabular_independent_mc,1,0.0033041589978123945,0.7282073999522254,True,accepted_return_check_disabled,0.1,1,,,,,,,2.465190328815662e-32,2.1775986533412877e-07,1.0,,,
T-L,DA,mc_learned_baseline,False,47,69,49128,17664,17664,0,0,13800,24564,98256,262144,1.0500000000000003,1.05,1.0491132881676672,-8.881784197001252e-16,5.813951299759803e-17,public_state_tabular_independent_mc,1,0.003304158997816586,0.7394887999398634,True,accepted_return_check_disabled,0.1,1,,,,,,,2.465190328815662e-32,2.1775986533454397e-07,1.0,,,
T-L,DA,mc_learned_baseline,False,47,70,49840,17920,17920,0,0,14000,24920,99680,262144,1.0500000000000003,1.05,1.0491132881676664,-8.881784197001252e-16,5.813951299659982e-17,public_state_tabular_independent_mc,1,0.003304158997820778,0.7530276000034064,True,accepted_return_check_disabled,0.1,1,,,,,,,2.465190328815662e-32,2.1775986533495923e-07,1.0,,,
T-L,DA,mc_learned_baseline,False,47,71,50552,18176,18176,0,0,14200,25276,101104,262144,1.0500000000000003,1.05,1.0492694559719782,0.0001561678043118242,6.409977178584369e-06,public_state_tabular_independent_mc,1,0.0027789597108266494,0.7635213999310508,True,accepted_return_check_disabled,0.1,1,,,,,,,9.335021972656141e-05,8.456399918641103e-05,0.99958740234375,,,
T-L,DA,mc_learned_baseline,False,47,72,51264,18432,18432,0,0,14400,25632,102528,262144,1.0500000000000003,1.05,1.0492694559719775,-6.661338147750939e-16,-1.5416610977447198e-19,public_state_tabular_independent_mc,1,0.002778959710829513,0.775095299934037,True,accepted_return_check_disabled,0.1,1,,,,,,,2.465190328815662e-32,1.4782022325759688e-07,1.0,,,
T-L,DA,mc_learned_baseline,False,47,73,51976,18688,18688,0,0,14600,25988,103952,262144,1.0500000000000003,1.0470000000000002,1.049269455971977,-4.440892098500626e-16,-1.5416611031333663e-19,public_state_tabular_independent_mc,1,0.002778959710832376,0.7893339999718592,True,accepted_return_check_disabled,0.1,1,,,,,,,2.465190328815662e-32,1.478202232578533e-07,1.0,,,
T-L,DA,mc_learned_baseline,False,47,74,52688,18944,18944,0,0,14800,26344,105376,262144,1.0476562500000002,1.05,1.0492975243943583,2.8068422381233304e-05,5.957957047972109e-06,public_state_tabular_independent_mc,1,0.0024662034739520947,0.8004618999548256,True,accepted_return_check_disabled,0.1,1,,,,,,,0.00035400390625000064,0.00021512335418811136,0.6155422840019974,,,
T-L,DA,mc_learned_baseline,False,47,75,53400,19200,19200,0,0,15000,26700,106800,262144,1.0500000000000003,1.05,1.0492975243943579,-4.440892098500626e-16,-7.89528855802017e-20,public_state_tabular_independent_mc,1,0.0024662034739540767,0.8117344999918714,True,accepted_return_check_disabled,0.1,1,,,,,,,2.465190328815662e-32,1.3741022414265176e-07,1.0,,,
T-L,DA,mc_learned_baseline,False,47,76,54112,19456,19456,0,0,15200,27056,108224,262144,1.0500000000000003,1.05,1.0492975243943574,-4.440892098500626e-16,-7.895288587135366e-20,public_state_tabular_independent_mc,1,0.002466203473956058,0.8209720000158995,True,accepted_return_check_disabled,0.1,1,,,,,,,2.465190328815662e-32,1.3741022414281018e-07,1.0,,,
T-L,DA,mc_learned_baseline,False,47,77,54824,19712,19712,0,0,15400,27412,109648,262144,1.0500000000000003,1.05,1.049297524394357,-4.440892098500626e-16,-7.895288616250561e-20,public_state_tabular_independent_mc,1,0.0024662034739580396,0.8323087999597192,True,accepted_return_check_disabled,0.1,1,,,,,,,2.465190328815662e-32,1.3741022414296866e-07,1.0,,,
T-L,DA,mc_learned_baseline,False,47,78,55536,19968,19968,0,0,15600,27768,111072,262144,1.0500000000000003,1.05,1.0492975243943565,-4.440892098500626e-16,-7.895288645365757e-20,public_state_tabular_independent_mc,1,0.002466203473960022,0.8468394000083208,True,accepted_return_check_disabled,0.1,1,,,,,,,2.465190328815662e-32,1.3741022414312716e-07,1.0,,,
T-L,DA,mc_learned_baseline,False,47,79,56248,20224,20224,0,0,15800,28124,112496,262144,1.0500000000000003,1.05,1.049297524394356,-4.440892098500626e-16,-7.895288674480952e-20,public_state_tabular_independent_mc,1,0.002466203473962003,0.8572000999702141,True,accepted_return_check_disabled,0.1,1,,,,,,,2.465190328815662e-32,1.374102241432856e-07,1.0,,,
T-L,DA,mc_learned_baseline,False,47,80,56960,20480,20480,0,0,16000,28480,113920,262144,1.0500000000000003,1.05,1.0492975243943556,-4.440892098500626e-16,-7.895288703596147e-20,public_state_tabular_independent_mc,1,0.0024662034739639854,0.8668790999799967,True,accepted_return_check_disabled,0.1,1,,,,,,,2.465190328815662e-32,1.3741022414344408e-07,1.0,,,
T-L,DA,mc_learned_baseline,False,47,81,57672,20736,20736,0,0,16200,28836,115344,262144,1.0500000000000003,1.05,1.0492975243943552,-4.440892098500626e-16,-7.895288732711343e-20,public_state_tabular_independent_mc,1,0.0024662034739659664,0.876791000016965,True,accepted_return_check_disabled,0.1,1,,,,,,,2.465190328815662e-32,1.3741022414360255e-07,1.0,,,
T-L,DA,mc_learned_baseline,False,47,82,58384,20992,20992,0,0,16400,29192,116768,262144,1.0500000000000003,1.05,1.0492975243943548,-4.440892098500626e-16,-7.895288761826538e-20,public_state_tabular_independent_mc,1,0.002466203473967948,0.8862917999504134,True,accepted_return_check_disabled,0.1,1,,,,,,,2.465190328815662e-32,1.37410224143761e-07,1.0,,,
T-L,DA,mc_learned_baseline,False,47,83,59096,21248,21248,0,0,16600,29548,118192,262144,1.0500000000000003,1.05,1.0492975243943543,-4.440892098500626e-16,-7.895288790941733e-20,public_state_tabular_independent_mc,1,0.0024662034739698986,0.8970052999211475,True,accepted_return_check_disabled,0.1,1,,,,,,,2.465190328815662e-32,1.3741022414391948e-07,1.0,,,
T-L,DA,mc_learned_baseline,False,47,84,59808,21504,21504,0,0,16800,29904,119616,262144,1.0500000000000003,1.05,1.0492975243943539,-4.440892098500626e-16,-7.895288820056929e-20,public_state_tabular_independent_mc,1,0.00246620347397188,0.908384499954991,True,accepted_return_check_disabled,0.1,1,,,,,,,2.465190328815662e-32,1.3741022414407795e-07,1.0,,,
T-L,DA,mc_learned_baseline,False,47,85,60520,21760,21760,0,0,17000,30260,121040,262144,1.0500000000000003,1.05,1.0492975243943534,-4.440892098500626e-16,-7.895288849172123e-20,public_state_tabular_independent_mc,1,0.0024662034739738616,0.9171285999473184,True,accepted_return_check_disabled,0.1,1,,,,,,,2.465190328815662e-32,1.3741022414423645e-07,1.0,,,
T-L,DA,mc_learned_baseline,False,47,86,61232,22016,22016,0,0,17200,30616,122464,262144,1.0500000000000003,1.05,1.049297524394353,-4.440892098500626e-16,-7.895288878287318e-20,public_state_tabular_independent_mc,1,0.0024662034739758435,0.9268930000253022,True,accepted_return_check_disabled,0.1,1,,,,,,,2.465190328815662e-32,1.374102241443949e-07,1.0,,,
T-L,DA,mc_learned_baseline,False,47,87,61944,22272,22272,0,0,17400,30972,123888,262144,1.0500000000000003,1.05,1.0492975243943528,-2.220446049250313e-16,-7.895288907402514e-20,public_state_tabular_independent_mc,1,0.0024662034739778246,0.9364815999288112,True,accepted_return_check_disabled,0.1,1,,,,,,,2.465190328815662e-32,1.3741022414455338e-07,1.0,,,
T-L,DA,mc_learned_baseline,False,47,88,62656,22528,22528,0,0,17600,31328,125312,262144,1.0500000000000003,1.05,1.049297524394352,-6.661338147750939e-16,-7.895288936517709e-20,public_state_tabular_independent_mc,1,0.002466203473979807,0.945099400007166,True,accepted_return_check_disabled,0.1,1,,,,,,,2.465190328815662e-32,1.374102241446326e-07,1.0,,,
T-L,DA,mc_learned_baseline,False,47,89,63368,22784,22784,0,0,17800,31684,126736,262144,1.0500000000000003,1.0353,1.0493595082702232,6.198387587108556e-05,3.21216484799044e-06,public_state_tabular_independent_mc,0,0.002186695693197059,0.9598110999213532,True,accepted_return_check_disabled,0.1,1,,,,,,,2.7465820312496886e-06,2.047636388892395e-06,0.9978027343750002,,,
T-L,DA,mc_learned_baseline,False,47,90,64080,23040,23040,0,0,18000,32040,128160,262144,1.0500000000000003,1.05,1.0493595082702227,-4.440892098500626e-16,5.836633304649858e-17,public_state_tabular_independent_mc,1,0.002186695693198579,0.976360599976033,True,accepted_return_check_disabled,0.1,1,,,,,,,2.465190328815662e-32,1.1721257787450678e-07,1.0,,,
T-L,DA,mc_learned_baseline,False,47,91,64792,23296,23296,0,0,18200,32396,129584,262144,1.0500000000000003,1.05,1.0493595082702223,-4.440892098500626e-16,5.836633304630036e-17,public_state_tabular_independent_mc,1,0.0021866956932000987,0.988859299919568,True,accepted_return_check_disabled,0.1,1,,,,,,,2.465190328815662e-32,1.1721257787463773e-07,1.0,,,
T-L,DA,mc_learned_baseline,False,47,92,65504,23552,23552,0,0,18400,32752,131008,262144,1.0500000000000003,1.05,1.049359508270222,-2.220446049250313e-16,5.836633304610216e-17,public_state_tabular_independent_mc,1,0.0021866956932016183,1.002466999925673,True,accepted_return_check_disabled,0.1,1,,,,,,,2.465190328815662e-32,1.1721257787476866e-07,1.0,,,
T-L,DA,mc_learned_baseline,False,47,93,66216,23808,23808,0,0,18600,33108,132432,262144,1.0500000000000003,1.05,1.0493595082702216,-4.440892098500626e-16,5.836633304590392e-17,public_state_tabular_independent_mc,1,0.002186695693203138,1.014738900004886,True,accepted_return_check_disabled,0.1,1,,,,,,,2.465190328815662e-32,1.1721257787483415e-07,1.0,,,
T-L,DA,mc_learned_baseline,False,47,94,66928,24064,24064,0,0,18800,33464,133856,262144,1.0500000000000003,1.05,1.0493595082702214,-2.220446049250313e-16,5.836633304570569e-17,public_state_tabular_independent_mc,1,0.0021866956932046584,1.0271278999280185,True,accepted_return_check_disabled,0.1,1,,,,,,,2.465190328815662e-32,1.1721257787496508e-07,1.0,,,
T-L,DA,mc_learned_baseline,False,47,95,67640,24320,24320,0,0,19000,33820,135280,262144,1.0500000000000003,1.05,1.049359508270221,-4.440892098500626e-16,5.836633304550747e-17,public_state_tabular_independent_mc,1,0.0021866956932061776,1.0377391999354586,True,accepted_return_check_disabled,0.1,1,,,,,,,2.465190328815662e-32,1.1721257787503057e-07,1.0,,,
T-L,DA,mc_learned_baseline,False,47,96,68352,24576,24576,0,0,19200,34176,136704,262144,1.0500000000000003,1.05,1.0493595082702207,-2.220446049250313e-16,5.836633304530927e-17,public_state_tabular_independent_mc,1,0.002186695693207697,1.0527051999233663,True,accepted_return_check_disabled,0.1,1,,,,,,,2.465190328815662e-32,1.1721257787516151e-07,1.0,,,
T-L,DA,mc_learned_baseline,False,47,97,69064,24832,24832,0,0,19400,34532,138128,262144,1.0385156250000003,1.05,1.0494276890039747,6.818073375391975e-05,3.215558302871307e-06,public_state_tabular_independent_mc,1,0.0019370349934186252,1.1205024999799207,True,accepted_return_check_disabled,0.1,1,,,,,,,0.015298925781250004,0.003914598355529371,0.021754569953138847,,,
T-L,DA,mc_learned_baseline,False,47,98,69776,25088,25088,0,0,19600,34888,139552,262144,1.0500000000000003,1.05,1.0494276890039744,-2.220446049250313e-16,-2.2741124829268654e-20,public_state_tabular_independent_mc,1,0.0019370349934196536,1.1386697000125423,True,accepted_return_check_disabled,0.1,1,,,,,,,2.465190328815662e-32,9.943302473325471e-08,1.0,,,
T-L,DA,mc_learned_baseline,False,47,99,70488,25344,25344,0,0,19800,35244,140976,262144,1.0500000000000003,1.05,1.0494276890039742,-2.220446049250313e-16,-2.274112493636171e-20,public_state_tabular_independent_mc,1,0.0019370349934206817,1.1562172999838367,True,accepted_return_check_disabled,0.1,1,,,,,,,2.465190328815662e-32,9.943302473330503e-08,1.0,,,
T-L,DA,mc_learned_baseline,False,47,100,71200,25600,25600,0,0,20000,35600,142400,262144,1.0500000000000003,1.05,1.049427689003974,-2.220446049250313e-16,-2.274112504345477e-20,public_state_tabular_independent_mc,1,0.0019370349934217101,1.1650752000277862,True,accepted_return_check_disabled,0.1,1,,,,,,,2.465190328815662e-32,9.943302473335536e-08,1.0,,,
T-L,DA,mc_learned_baseline,False,47,101,71912,25856,25856,0,0,20200,35956,143824,262144,1.0500000000000003,1.0470000000000002,1.0494276890039738,-2.220446049250313e-16,-2.2741125150547824e-20,public_state_tabular_independent_mc,1,0.0019370349934227384,1.1746212999569252,True,accepted_return_check_disabled,0.1,1,,,,,,,2.465190328815662e-32,9.943302473340571e-08,1.0,,,
T-L,DA,mc_learned_baseline,False,47,102,72624,26112,26112,0,0,20400,36312,145248,262144,1.0500000000000003,1.05,1.0494276890039735,-2.220446049250313e-16,-2.2741125257640883e-20,public_state_tabular_independent_mc,1,0.0019370349934237669,1.187144699972123,True,accepted_return_check_disabled,0.1,1,,,,,,,2.465190328815662e-32,9.943302473345606e-08,1.0,,,
T-L,DA,mc_learned_baseline,False,47,103,73336,26368,26368,0,0,20600,36668,146672,262144,1.0500000000000003,1.05,1.0494666853327614,3.899632878789916e-05,2.1377597785275233e-06,public_state_tabular_independent_mc,0,0.0017419116251645688,1.1968942999374121,True,accepted_return_check_disabled,0.1,1,,,,,,,2.7465820312496886e-06,2.3147324932813226e-06,0.9978027343750002,,,
T-L,DA,mc_learned_baseline,False,47,104,74048,26624,26624,0,0,20800,37024,148096,262144,1.0500000000000003,1.05,1.0494666853327614,0.0,5.840618464077794e-17,public_state_tabular_independent_mc,1,0.0017419116251650938,1.2072466999525204,True,accepted_return_check_disabled,0.1,1,,,,,,,2.465190328815662e-32,9.13536719120211e-08,1.0,,,
T-L,DA,mc_learned_baseline,False,47,105,74760,26880,26880,0,0,21000,37380,149520,262144,1.0500000000000003,1.0470000000000002,1.0494666853327614,0.0,5.84061846407456e-17,public_state_tabular_independent_mc,1,0.0017419116251656192,1.2181725000264123,True,accepted_return_check_disabled,0.1,1,,,,,,,2.465190328815662e-32,9.13536719120211e-08,1.0,,,
T-L,DA,mc_learned_baseline,False,47,106,75472,27136,27136,0,0,21200,37736,150944,262144,1.0500000000000003,1.05,1.0494987734154269,3.208808266541574e-05,1.7464636736097963e-06,public_state_tabular_independent_mc,0,0.001577966553587662,1.2285674000158906,True,accepted_return_check_disabled,0.1,1,,,,,,,2.7465820312496886e-06,2.3980507860564793e-06,0.9978027343750002,,,
T-L,DA,mc_learned_baseline,False,47,107,76184,27392,27392,0,0,21400,38092,152368,262144,1.0476562500000002,1.05,1.049509280556903,1.0507141476212567e-05,2.3583869296303535e-06,public_state_tabular_independent_mc,1,0.0014426859501823223,1.2387342000147328,True,accepted_return_check_disabled,0.1,1,,,,,,,0.00035400390625000064,0.00028507727298446935,0.6155422840019975,,,
T-L,DA,mc_learned_baseline,False,47,108,76896,27648,27648,0,0,21600,38448,153792,262144,1.0500000000000003,1.05,1.049509280556903,0.0,5.84195511450681e-17,public_state_tabular_independent_mc,1,0.001442685950182877,1.2497700999956578,True,accepted_return_check_disabled,0.1,1,,,,,,,2.465190328815662e-32,8.426639657185234e-08,1.0,,,
T-L,DA,mc_learned_baseline,False,47,109,77608,27904,27904,0,0,21800,38804,155216,262144,1.0500000000000003,1.05,1.0495092805569028,-2.220446049250313e-16,5.841955114502067e-17,public_state_tabular_independent_mc,1,0.0014426859501834315,1.2590763999614865,True,accepted_return_check_disabled,0.1,1,,,,,,,2.465190328815662e-32,8.426639657185234e-08,1.0,,,
T-L,DA,mc_learned_baseline,False,47,110,78320,28160,28160,0,0,22000,39160,156640,262144,1.0500000000000003,1.05,1.0495092805569026,-2.220446049250313e-16,5.841955114497324e-17,public_state_tabular_independent_mc,1,0.0014426859501839862,1.2688477999763563,True,accepted_return_check_disabled,0.1,1,,,,,,,2.465190328815662e-32,8.426639657188455e-08,1.0,,,
T-L,DA,mc_learned_baseline,False,47,111,79032,28416,28416,0,0,22200,39516,158064,262144,1.0500000000000003,1.05,1.0495092805569026,0.0,5.841955114492581e-17,public_state_tabular_independent_mc,1,0.001442685950184541,1.2787111999932677,True,accepted_return_check_disabled,0.1,1,,,,,,,2.465190328815662e-32,8.426639657191677e-08,1.0,,,
T-L,DA,mc_learned_baseline,False,47,112,79744,28672,28672,0,0,22400,39872,159488,262144,1.0500000000000003,1.05,1.0495092805569024,-2.220446049250313e-16,5.84195511448784e-17,public_state_tabular_independent_mc,1,0.0014426859501850957,1.2878983999835327,True,accepted_return_check_disabled,0.1,1,,,,,,,2.465190328815662e-32,8.426639657191677e-08,1.0,,,
T-L,DA,mc_learned_baseline,False,47,113,80456,28928,28928,0,0,22600,40228,160912,262144,1.0500000000000003,1.05,1.0495092805569024,0.0,5.841955114483096e-17,public_state_tabular_independent_mc,1,0.0014426859501856504,1.298862800002098,True,accepted_return_check_disabled,0.1,1,,,,,,,2.465190328815662e-32,8.4266396571949e-08,1.0,,,
T-L,DA,mc_learned_baseline,False,47,114,81168,29184,29184,0,0,22800,40584,162336,262144,1.0500000000000003,1.05,1.0495092805569022,-2.220446049250313e-16,5.841955114478353e-17,public_state_tabular_independent_mc,1,0.001442685950186205,1.3092586999991909,True,accepted_return_check_disabled,0.1,1,,,,,,,2.465190328815662e-32,8.4266396571949e-08,1.0,,,
T-L,DA,mc_learned_baseline,False,47,115,81880,29440,29440,0,0,23000,40940,163760,262144,1.0500000000000003,1.05,1.0495092805569022,0.0,5.84195511447361e-17,public_state_tabular_independent_mc,1,0.0014426859501867595,1.3181180999381468,True,accepted_return_check_disabled,0.1,1,,,,,,,2.465190328815662e-32,8.426639657198121e-08,1.0,,,
T-L,DA,mc_learned_baseline,False,47,116,82592,29696,29696,0,0,23200,41296,165184,262144,1.0500000000000003,1.05,1.0495092805569022,0.0,5.841955114468867e-17,public_state_tabular_independent_mc,1,0.0014426859501873144,1.328265400021337,True,accepted_return_check_disabled,0.1,1,,,,,,,2.465190328815662e-32,8.426639657198121e-08,1.0,,,
T-L,DA,mc_learned_baseline,False,47,117,83304,29952,29952,0,0,23400,41652,166608,262144,1.0500000000000003,1.05,1.049509280556902,-2.220446049250313e-16,5.841955114464124e-17,public_state_tabular_independent_mc,1,0.0014426859501878691,1.3378372000297531,True,accepted_return_check_disabled,0.1,1,,,,,,,2.465190328815662e-32,8.426639657198121e-08,1.0,,,
T-L,DA,mc_learned_baseline,False,47,118,84016,30208,30208,0,0,23600,42008,168032,262144,1.0500000000000003,1.05,1.049509280556902,0.0,5.841955114459381e-17,public_state_tabular_independent_mc,1,0.0014426859501884242,1.348852499970235,True,accepted_return_check_disabled,0.1,1,,,,,,,2.465190328815662e-32,8.426639657201342e-08,1.0,,,
T-L,DA,mc_learned_baseline,False,47,119,84728,30464,30464,0,0,23800,42364,169456,262144,1.0500000000000003,1.05,1.0495092805569017,-2.220446049250313e-16,5.841955114454638e-17,public_state_tabular_independent_mc,1,0.0014426859501889787,1.3645667999517173,True,accepted_return_check_disabled,0.1,1,,,,,,,2.465190328815662e-32,8.426639657201342e-08,1.0,,,
T-L,DA,mc_learned_baseline,False,47,120,85440,30720,30720,0,0,24000,42720,170880,262144,1.0500000000000003,1.05,1.0495092805569017,0.0,5.841955114449895e-17,public_state_tabular_independent_mc,1,0.0014426859501895331,1.3760444999206811,True,accepted_return_check_disabled,0.1,1,,,,,,,2.465190328815662e-32,8.426639657204564e-08,1.0,,,
T-L,DA,mc_learned_baseline,False,47,121,86152,30976,30976,0,0,24200,43076,172304,262144,1.0500000000000003,1.05,1.0495092805569015,-2.220446049250313e-16,5.841955114445152e-17,public_state_tabular_independent_mc,1,0.001442685950190088,1.3871546000009403,True,accepted_return_check_disabled,0.1,1,,,,,,,2.465190328815662e-32,8.426639657204564e-08,1.0,,,
T-L,DA,mc_learned_baseline,False,47,122,86864,31232,31232,0,0,24400,43432,173728,262144,1.0500000000000003,1.05,1.0495092805569013,-2.220446049250313e-16,5.84195511444041e-17,public_state_tabular_independent_mc,1,0.0014426859501906427,1.395608099992387,True,accepted_return_check_disabled,0.1,1,,,,,,,2.465190328815662e-32,8.426639657207786e-08,1.0,,,
T-L,DA,mc_learned_baseline,False,47,123,87576,31488,31488,0,0,24600,43788,175152,262144,1.0500000000000003,1.05,1.0495092805569013,0.0,5.841955114435667e-17,public_state_tabular_independent_mc,1,0.0014426859501911978,1.4084028999786824,True,accepted_return_check_disabled,0.1,1,,,,,,,2.465190328815662e-32,8.426639657211008e-08,1.0,,,
T-L,DA,mc_learned_baseline,False,47,124,88288,31744,31744,0,0,24800,44144,176576,262144,1.0500000000000003,1.05,1.049509280556901,-2.220446049250313e-16,5.841955114430924e-17,public_state_tabular_independent_mc,1,0.0014426859501917523,1.4193702000193298,True,accepted_return_check_disabled,0.1,1,,,,,,,2.465190328815662e-32,8.426639657211008e-08,1.0,,,
T-L,DA,mc_learned_baseline,False,47,125,89000,32000,32000,0,0,25000,44500,178000,262144,1.0500000000000003,1.05,1.0495092805569008,-2.220446049250313e-16,5.841955114426181e-17,public_state_tabular_independent_mc,1,0.0014426859501923068,1.4299473999999464,True,accepted_return_check_disabled,0.1,1,,,,,,,2.465190328815662e-32,8.426639657214229e-08,1.0,,,
T-L,DA,mc_learned_baseline,False,47,126,89712,32256,32256,0,0,25200,44856,179424,262144,1.0500000000000003,1.05,1.0495092805569008,0.0,5.841955114421438e-17,public_state_tabular_independent_mc,1,0.0014426859501928619,1.4402514999965206,True,accepted_return_check_disabled,0.1,1,,,,,,,2.465190328815662e-32,8.42663965721745e-08,1.0,,,
T-L,DA,mc_learned_baseline,False,47,127,90424,32512,32512,0,0,25400,45212,180848,262144,1.0500000000000003,1.05,1.0495092805569006,-2.220446049250313e-16,5.841955114416695e-17,public_state_tabular_independent_mc,1,0.0014426859501934163,1.4511175999650732,True,accepted_return_check_disabled,0.1,1,,,,,,,2.465190328815662e-32,8.42663965721745e-08,1.0,,,
T-L,DA,mc_learned_baseline,False,47,128,91136,32768,32768,0,0,25600,45568,182272,262144,1.0500000000000003,1.05,1.0495092805569006,0.0,5.841955114411952e-17,public_state_tabular_independent_mc,1,0.0014426859501939712,1.4604984000325203,True,accepted_return_check_disabled,0.1,1,,,,,,,2.465190328815662e-32,8.426639657220672e-08,1.0,,,
T-L,DA,mc_learned_baseline,False,47,129,91848,33024,33024,0,0,25800,45924,183696,262144,1.0500000000000003,1.05,1.0495092805569004,-2.220446049250313e-16,5.841955114407209e-17,public_state_tabular_independent_mc,1,0.001442685950194526,1.4708915000082925,True,accepted_return_check_disabled,0.1,1,,,,,,,2.465190328815662e-32,8.426639657220672e-08,1.0,,,
T-L,DA,mc_learned_baseline,False,47,130,92560,33280,33280,0,0,26000,46280,185120,262144,1.0500000000000003,1.05,1.0495092805569004,0.0,5.841955114402466e-17,public_state_tabular_independent_mc,1,0.0014426859501950804,1.485920700011775,True,accepted_return_check_disabled,0.1,1,,,,,,,2.465190328815662e-32,8.426639657223893e-08,1.0,,,
T-L,DA,mc_learned_baseline,False,47,131,93272,33536,33536,0,0,26200,46636,186544,262144,1.0385156250000003,1.05,1.0495433674235006,3.408686660022475e-05,1.5238426467193089e-06,public_state_tabular_independent_mc,0,0.0013159511011480596,1.5014943999703974,True,accepted_return_check_disabled,0.1,1,,,,,,,0.014999731445312506,0.0036828196614782805,0.03798448583325564,,,
T-L,DA,mc_learned_baseline,False,47,132,93984,33792,33792,0,0,26400,46992,187968,262144,1.0500000000000003,1.05,1.0495433674235006,0.0,0.0,public_state_tabular_independent_mc,1,0.0013159511011480596,1.5134677999885753,True,accepted_return_check_disabled,0.1,1,,,,,,,2.465190328815662e-32,7.990172417734537e-08,1.0,,,
T-L,DA,mc_learned_baseline,False,47,133,94696,34048,34048,0,0,26600,47348,189392,262144,1.0476562500000002,1.05,1.0495504034510958,7.036027595219707e-06,1.6424226719908809e-06,public_state_tabular_independent_mc,1,0.001219994245958622,1.5286883999360725,True,accepted_return_check_disabled,0.1,1,,,,,,,0.00035400390625000064,0.00037117221766511127,0.6155422840019977,,,
T-L,DA,mc_learned_baseline,False,47,134,95408,34304,34304,0,0,26800,47704,190816,262144,1.0500000000000003,1.0383000000000002,1.0495504034510958,0.0,0.0,public_state_tabular_independent_mc,1,0.001219994245958622,1.538122299942188,True,accepted_return_check_disabled,0.1,1,,,,,,,2.465190328815662e-32,7.914546289540232e-08,1.0,,,
T-L,DA,mc_learned_baseline,False,47,135,96120,34560,34560,0,0,27000,48060,192240,262144,1.0500000000000003,1.05,1.0495504034510958,0.0,0.0,public_state_tabular_independent_mc,1,0.001219994245958622,1.5487623999360949,True,accepted_return_check_disabled,0.1,1,,,,,,,2.465190328815662e-32,7.914546289540232e-08,1.0,,,
T-L,DA,mc_learned_baseline,False,47,136,96832,34816,34816,0,0,27200,48416,193664,262144,1.0500000000000003,1.05,1.0495504034510958,0.0,0.0,public_state_tabular_independent_mc,1,0.001219994245958622,1.5620928999269381,True,accepted_return_check_disabled,0.1,1,,,,,,,2.465190328815662e-32,7.914546289540232e-08,1.0,,,
T-L,DA,mc_learned_baseline,False,47,137,97544,35072,35072,0,0,27400,48772,195088,262144,1.0500000000000003,1.05,1.0495504034510958,0.0,0.0,public_state_tabular_independent_mc,1,0.001219994245958622,1.573897699941881,True,accepted_return_check_disabled,0.1,1,,,,,,,2.465190328815662e-32,7.914546289540232e-08,1.0,,,
T-L,DA,mc_learned_baseline,False,47,138,98256,35328,35328,0,0,27600,49128,196512,262144,1.0500000000000003,1.05,1.0495504034510958,0.0,0.0,public_state_tabular_independent_mc,1,0.001219994245958622,1.5864947999361902,True,accepted_return_check_disabled,0.1,1,,,,,,,2.465190328815662e-32,7.914546289540232e-08,1.0,,,
T-L,DA,mc_learned_baseline,False,47,139,98968,35584,35584,0,0,27800,49484,197936,262144,1.0293750000000004,1.05,1.0496365114586206,8.610800752473224e-05,2.3062546161037077e-06,public_state_tabular_independent_mc,1,0.0010195107091216325,1.5989821000257507,True,accepted_return_check_disabled,0.1,1,,,,,,,0.02724775390625001,0.008961953383625768,0.013418618179973585,,,
T-L,DA,mc_learned_baseline,False,47,140,99680,35840,35840,0,0,28000,49840,199360,262144,1.0500000000000003,1.05,1.0496493186554068,1.2807196786202013e-05,5.879852459171757e-07,public_state_tabular_independent_mc,0,0.0009537865824836229,1.608985299943015,True,accepted_return_check_disabled,0.1,1,,,,,,,2.7465820312496886e-06,2.6139409603938115e-06,0.9978027343750002,,,
T-L,DA,mc_learned_baseline,False,47,141,100392,36096,36096,0,0,28200,50196,200784,262144,1.0500000000000003,1.05,1.049710404409769,6.108575436214458e-05,1.559632862418324e-06,public_state_tabular_independent_mc,1,0.0008024906432020068,1.6197372999740764,True,accepted_return_check_disabled,0.1,1,,,,,,,9.335021972656141e-05,8.958735300211797e-05,0.99958740234375,,,
T-L,DA,mc_learned_baseline,False,47,142,101104,36352,36352,0,0,28400,50552,202208,262144,1.0500000000000003,1.05,1.049710404409769,0.0,0.0,public_state_tabular_independent_mc,1,0.0008024906432020068,1.6297079999931157,True,accepted_return_check_disabled,0.1,1,,,,,,,2.465190328815662e-32,3.549003061349983e-08,1.0,,,
T-L,DA,mc_learned_baseline,False,47,143,101816,36608,36608,0,0,28600,50908,203632,262144,1.0500000000000003,1.05,1.049710404409769,0.0,0.0,public_state_tabular_independent_mc,1,0.0008024906432020068,1.6399718000320718,True,accepted_return_check_disabled,0.1,1,,,,,,,2.465190328815662e-32,3.549003061349983e-08,1.0,,,
T-L,DA,mc_learned_baseline,False,47,144,102528,36864,36864,0,0,28800,51264,205056,262144,1.0500000000000003,1.05,1.049710404409769,0.0,0.0,public_state_tabular_independent_mc,1,0.0008024906432020068,1.649972299928777,True,accepted_return_check_disabled,0.1,1,,,,,,,2.465190328815662e-32,3.549003061349983e-08,1.0,,,
T-L,DA,mc_learned_baseline,False,47,145,103240,37120,37120,0,0,29000,51620,206480,262144,1.0500000000000003,1.05,1.049710404409769,0.0,0.0,public_state_tabular_independent_mc,1,0.0008024906432020068,1.6596721999812871,True,accepted_return_check_disabled,0.1,1,,,,,,,2.465190328815662e-32,3.549003061349983e-08,1.0,,,
T-L,DA,mc_learned_baseline,False,47,146,103952,37376,37376,0,0,29200,51976,207904,262144,1.0500000000000003,1.05,1.049710404409769,0.0,0.0,public_state_tabular_independent_mc,1,0.0008024906432020068,1.6743843000149354,True,accepted_return_check_disabled,0.1,1,,,,,,,2.465190328815662e-32,3.549003061349983e-08,1.0,,,
T-L,DA,mc_learned_baseline,False,47,147,104664,37632,37632,0,0,29400,52332,209328,262144,1.0500000000000003,1.05,1.049710404409769,0.0,0.0,public_state_tabular_independent_mc,1,0.0008024906432020068,1.6848105000099167,True,accepted_return_check_disabled,0.1,1,,,,,,,2.465190328815662e-32,3.549003061349983e-08,1.0,,,
T-L,DA,mc_learned_baseline,False,47,148,105376,37888,37888,0,0,29600,52688,210752,262144,1.0500000000000003,1.05,1.049710404409769,0.0,0.0,public_state_tabular_independent_mc,1,0.0008024906432020068,1.6982692999299616,True,accepted_return_check_disabled,0.1,1,,,,,,,2.465190328815662e-32,3.549003061349983e-08,1.0,,,
T-L,DA,mc_learned_baseline,False,47,149,106088,38144,38144,0,0,29800,53044,212176,262144,1.0500000000000003,1.05,1.049710404409769,0.0,0.0,public_state_tabular_independent_mc,1,0.0008024906432020068,1.7077921000309289,True,accepted_return_check_disabled,0.1,1,,,,,,,2.465190328815662e-32,3.549003061349983e-08,1.0,,,
T-L,DA,mc_learned_baseline,False,47,150,106800,38400,38400,0,0,30000,53400,213600,262144,1.0500000000000003,1.05,1.049710404409769,0.0,0.0,public_state_tabular_independent_mc,1,0.0008024906432020068,1.718080300022848,True,accepted_return_check_disabled,0.1,1,,,,,,,2.465190328815662e-32,3.549003061349983e-08,1.0,,,
T-L,DA,mc_learned_baseline,False,47,151,107512,38656,38656,0,0,30200,53756,215024,262144,1.0500000000000003,1.05,1.049710404409769,0.0,0.0,public_state_tabular_independent_mc,1,0.0008024906432020068,1.732804200029932,True,accepted_return_check_disabled,0.1,1,,,,,,,2.465190328815662e-32,3.549003061349983e-08,1.0,,,
T-L,DA,mc_learned_baseline,False,47,152,108224,38912,38912,0,0,30400,54112,216448,262144,1.0500000000000003,1.05,1.049710404409769,0.0,0.0,public_state_tabular_independent_mc,1,0.0008024906432020068,1.7453816999914125,True,accepted_return_check_disabled,0.1,1,,,,,,,2.465190328815662e-32,3.549003061349983e-08,1.0,,,
T-L,DA,mc_learned_baseline,False,47,153,108936,39168,39168,0,0,30600,54468,217872,262144,1.0500000000000003,1.05,1.049710404409769,0.0,0.0,public_state_tabular_independent_mc,1,0.0008024906432020068,1.7553100999211892,True,accepted_return_check_disabled,0.1,1,,,,,,,2.465190328815662e-32,3.549003061349983e-08,1.0,,,
T-L,DA,mc_learned_baseline,False,47,154,109648,39424,39424,0,0,30800,54824,219296,262144,1.0500000000000003,1.05,1.049710404409769,0.0,0.0,public_state_tabular_independent_mc,1,0.0008024906432020068,1.768668600008823,True,accepted_return_check_disabled,0.1,1,,,,,,,2.465190328815662e-32,3.549003061349983e-08,1.0,,,
T-L,DA,mc_learned_baseline,False,47,155,110360,39680,39680,0,0,31000,55180,220720,262144,1.0500000000000003,1.05,1.0497606554587866,5.025104901767996e-05,1.2766694776351717e-06,public_state_tabular_independent_mc,1,0.0006755458410934919,1.7803355000214651,True,accepted_return_check_disabled,0.1,1,,,,,,,9.335021972656141e-05,9.023558131968418e-05,0.99958740234375,,,
T-L,DA,mc_learned_baseline,False,47,156,111072,39936,39936,0,0,31200,55536,222144,262144,1.0500000000000003,1.05,1.0497606554587866,0.0,0.0,public_state_tabular_independent_mc,1,0.0006755458410934919,1.7916695999447256,True,accepted_return_check_disabled,0.1,1,,,,,,,2.465190328815662e-32,2.4216239711045616e-08,1.0,,,
T-L,DA,mc_learned_baseline,False,47,157,111784,40192,40192,0,0,31400,55892,223568,262144,1.0500000000000003,1.05,1.0497606554587866,0.0,0.0,public_state_tabular_independent_mc,1,0.0006755458410934919,1.8019142999546602,True,accepted_return_check_disabled,0.1,1,,,,,,,2.465190328815662e-32,2.4216239711045616e-08,1.0,,,
T-L,DA,mc_learned_baseline,False,47,158,112496,40448,40448,0,0,31600,56248,224992,262144,1.0500000000000003,1.05,1.0497606554587866,0.0,0.0,public_state_tabular_independent_mc,1,0.0006755458410934919,1.8154148999601603,True,accepted_return_check_disabled,0.1,1,,,,,,,2.465190328815662e-32,2.4216239711045616e-08,1.0,,,
T-L,DA,mc_learned_baseline,False,47,159,113208,40704,40704,0,0,31800,56604,226416,262144,1.0500000000000003,1.05,1.0497606554587866,0.0,0.0,public_state_tabular_independent_mc,1,0.0006755458410934919,1.825305899954401,True,accepted_return_check_disabled,0.1,1,,,,,,,2.465190328815662e-32,2.4216239711045616e-08,1.0,,,
T-L,DA,mc_learned_baseline,False,47,160,113920,40960,40960,0,0,32000,56960,227840,262144,1.0500000000000003,1.05,1.0497606554587866,0.0,0.0,public_state_tabular_independent_mc,1,0.0006755458410934919,1.83560619992204,True,accepted_return_check_disabled,0.1,1,,,,,,,2.465190328815662e-32,2.4216239711045616e-08,1.0,,,
T-L,DA,mc_learned_baseline,False,47,161,114632,41216,41216,0,0,32200,57316,229264,262144,1.0500000000000003,1.05,1.0497606554587866,0.0,0.0,public_state_tabular_independent_mc,1,0.0006755458410934919,1.8494135999353603,True,accepted_return_check_disabled,0.1,1,,,,,,,2.465190328815662e-32,2.4216239711045616e-08,1.0,,,
T-L,DA,mc_learned_baseline,False,47,162,115344,41472,41472,0,0,32400,57672,230688,262144,1.0500000000000003,1.05,1.0498019956142177,4.1340155431113246e-05,1.044143416852915e-06,public_state_tabular_independent_mc,1,0.0005690761965233188,1.8645940999267623,True,accepted_return_check_disabled,0.1,1,,,,,,,9.335021972656141e-05,9.077120807353402e-05,0.99958740234375,,,
T-L,DA,mc_learned_baseline,False,47,163,116056,41728,41728,0,0,32600,58028,232112,262144,1.0500000000000003,1.05,1.0498019956142177,0.0,0.0,public_state_tabular_independent_mc,1,0.0005690761965233188,1.874993299948983,True,accepted_return_check_disabled,0.1,1,,,,,,,2.465190328815662e-32,1.6552561309670625e-08,1.0,,,
T-L,DA,mc_learned_baseline,False,47,164,116768,41984,41984,0,0,32800,58384,233536,262144,1.0500000000000003,1.05,1.0498019956142177,0.0,0.0,public_state_tabular_independent_mc,1,0.0005690761965233188,1.8870811000233516,True,accepted_return_check_disabled,0.1,1,,,,,,,2.465190328815662e-32,1.6552561309670625e-08,1.0,,,
T-L,DA,mc_learned_baseline,False,47,165,117480,42240,42240,0,0,33000,58740,234960,262144,1.0500000000000003,1.05,1.0498019956142177,0.0,0.0,public_state_tabular_independent_mc,1,0.0005690761965233188,1.9012616999680176,True,accepted_return_check_disabled,0.1,1,,,,,,,2.465190328815662e-32,1.6552561309670625e-08,1.0,,,
T-L,DA,mc_learned_baseline,False,47,166,118192,42496,42496,0,0,33200,59096,236384,262144,1.0500000000000003,1.0383000000000002,1.0498019956142177,0.0,0.0,public_state_tabular_independent_mc,1,0.0005690761965233188,1.9154014999512583,True,accepted_return_check_disabled,0.1,1,,,,,,,2.465190328815662e-32,1.6552561309670625e-08,1.0,,,
T-L,DA,mc_learned_baseline,False,47,167,118904,42752,42752,0,0,33400,59452,237808,262144,1.0500000000000003,1.0383000000000002,1.0498019956142177,0.0,0.0,public_state_tabular_independent_mc,1,0.0005690761965233188,1.9246179999317974,True,accepted_return_check_disabled,0.1,1,,,,,,,2.465190328815662e-32,1.6552561309670625e-08,1.0,,,
T-L,DA,mc_learned_baseline,False,47,168,119616,43008,43008,0,0,33600,59808,239232,262144,1.0500000000000003,1.05,1.0498019956142177,0.0,0.0,public_state_tabular_independent_mc,1,0.0005690761965233188,1.9348831999814138,True,accepted_return_check_disabled,0.1,1,,,,,,,2.465190328815662e-32,1.6552561309670625e-08,1.0,,,
T-L,DA,mc_learned_baseline,False,47,169,120328,43264,43264,0,0,33800,60164,240656,262144,1.0500000000000003,1.05,1.0498019956142177,0.0,0.0,public_state_tabular_independent_mc,1,0.0005690761965233188,1.9462499999208376,True,accepted_return_check_disabled,0.1,1,,,,,,,2.465190328815662e-32,1.6552561309670625e-08,1.0,,,
T-L,DA,mc_learned_baseline,False,47,170,121040,43520,43520,0,0,34000,60520,242080,262144,1.0500000000000003,1.05,1.0498019956142177,0.0,0.0,public_state_tabular_independent_mc,1,0.0005690761965233188,1.9572799999732524,True,accepted_return_check_disabled,0.1,1,,,,,,,2.465190328815662e-32,1.6552561309670625e-08,1.0,,,
T-L,DA,mc_learned_baseline,False,47,171,121752,43776,43776,0,0,34200,60876,243504,262144,1.0500000000000003,1.05,1.049836007688847,3.4012074629385936e-05,8.531330304292905e-07,public_state_tabular_independent_mc,1,0.00047981225316506344,1.9687528000213206,True,accepted_return_check_disabled,0.1,1,,,,,,,9.335021972656141e-05,9.12134580230416e-05,0.99958740234375,,,
T-L,DA,mc_learned_baseline,False,47,172,122464,44032,44032,0,0,34400,61232,244928,262144,1.0500000000000003,1.05,1.049836007688847,0.0,0.0,public_state_tabular_independent_mc,1,0.00047981225316506344,1.9784879999933764,True,accepted_return_check_disabled,0.1,1,,,,,,,2.465190328815662e-32,1.1337701701035975e-08,1.0,,,
T-L,DA,mc_learned_baseline,False,47,173,123176,44288,44288,0,0,34600,61588,246352,262144,1.0500000000000003,1.05,1.049836007688847,0.0,0.0,public_state_tabular_independent_mc,1,0.00047981225316506344,1.988114499952644,True,accepted_return_check_disabled,0.1,1,,,,,,,2.465190328815662e-32,1.1337701701035975e-08,1.0,,,
T-L,DA,mc_learned_baseline,False,47,174,123888,44544,44544,0,0,34800,61944,247776,262144,1.0500000000000003,1.05,1.049836007688847,0.0,0.0,public_state_tabular_independent_mc,1,0.00047981225316506344,1.99728240002878,True,accepted_return_check_disabled,0.1,1,,,,,,,2.465190328815662e-32,1.1337701701035975e-08,1.0,,,
T-L,DA,mc_learned_baseline,False,47,175,124600,44800,44800,0,0,35000,62300,249200,262144,1.0500000000000003,1.05,1.049836007688847,0.0,0.0,public_state_tabular_independent_mc,1,0.00047981225316506344,2.00712119997479,True,accepted_return_check_disabled,0.1,1,,,,,,,2.465190328815662e-32,1.1337701701035975e-08,1.0,,,
T-L,DA,mc_learned_baseline,False,47,176,125312,45056,45056,0,0,35200,62656,250624,262144,1.0500000000000003,1.05,1.049836007688847,0.0,0.0,public_state_tabular_independent_mc,1,0.00047981225316506344,2.0164546000305563,True,accepted_return_check_disabled,0.1,1,,,,,,,2.465190328815662e-32,1.1337701701035975e-08,1.0,,,
T-L,DA,mc_learned_baseline,False,47,177,126024,45312,45312,0,0,35400,63012,252048,262144,1.0500000000000003,1.05,1.049836007688847,0.0,0.0,public_state_tabular_independent_mc,1,0.00047981225316506344,2.026400599977933,True,accepted_return_check_disabled,0.1,1,,,,,,,2.465190328815662e-32,1.1337701701035975e-08,1.0,,,
T-L,DA,mc_learned_baseline,False,47,178,126736,45568,45568,0,0,35600,63368,253472,262144,1.0500000000000003,1.05,1.049836007688847,0.0,0.0,public_state_tabular_independent_mc,1,0.00047981225316506344,2.035305100027472,True,accepted_return_check_disabled,0.1,1,,,,,,,2.465190328815662e-32,1.1337701701035975e-08,1.0,,,
T-L,DA,mc_learned_baseline,False,47,179,127448,45824,45824,0,0,35800,63724,254896,262144,1.0500000000000003,1.05,1.049836007688847,0.0,0.0,public_state_tabular_independent_mc,1,0.00047981225316506344,2.0444063999457285,True,accepted_return_check_disabled,0.1,1,,,,,,,2.465190328815662e-32,1.1337701701035975e-08,1.0,,,
T-L,DA,mc_learned_baseline,False,47,180,128160,46080,46080,0,0,36000,64080,256320,262144,1.0500000000000003,1.05,1.049836007688847,0.0,0.0,public_state_tabular_independent_mc,1,0.00047981225316506344,2.0531018000328913,True,accepted_return_check_disabled,0.1,1,,,,,,,2.465190328815662e-32,1.1337701701035975e-08,1.0,,,
T-L,DA,mc_learned_baseline,False,47,181,128872,46336,46336,0,0,36200,64436,257744,262144,1.0500000000000003,1.05,1.049836007688847,0.0,0.0,public_state_tabular_independent_mc,1,0.00047981225316506344,2.063234300003387,True,accepted_return_check_disabled,0.1,1,,,,,,,2.465190328815662e-32,1.1337701701035975e-08,1.0,,,
T-L,DA,mc_learned_baseline,False,47,182,129584,46592,46592,0,0,36400,64792,259168,262144,1.0500000000000003,1.05,1.049836007688847,0.0,0.0,public_state_tabular_independent_mc,1,0.00047981225316506344,2.0747053999220952,True,accepted_return_check_disabled,0.1,1,,,,,,,2.465190328815662e-32,1.1337701701035975e-08,1.0,,,
T-L,DA,mc_learned_baseline,False,47,183,130296,46848,46848,0,0,36600,65148,260592,262144,1.0500000000000003,1.05,1.049836007688847,0.0,0.0,public_state_tabular_independent_mc,1,0.00047981225316506344,2.084044300019741,True,accepted_return_check_disabled,0.1,1,,,,,,,2.465190328815662e-32,1.1337701701035975e-08,1.0,,,
T-L,DA,mc_learned_baseline,False,47,184,131008,47104,47104,0,0,36800,65504,262016,262144,1.0500000000000003,1.05,1.049836007688847,0.0,0.0,public_state_tabular_independent_mc,1,0.00047981225316506344,2.095083100022748,True,accepted_return_check_disabled,0.1,1,,,,,,,2.465190328815662e-32,1.1337701701035975e-08,1.0,,,
T-L,DA,mc_learned_baseline,False,47,185,131720,47360,47360,0,0,37000,65860,263440,262144,1.0500000000000003,1.05,1.049836007688847,0.0,0.0,public_state_tabular_independent_mc,1,0.00047981225316506344,2.10467949998565,True,accepted_return_check_disabled,0.1,1,,,,,,,2.465190328815662e-32,1.1337701701035975e-08,1.0,,,
T-L,DA,mc_learned_baseline,False,47,186,132432,47616,47616,0,0,37200,66216,264864,262144,1.0500000000000003,1.05,1.049836007688847,0.0,0.0,public_state_tabular_independent_mc,1,0.00047981225316506344,2.1141050999285653,True,accepted_return_check_disabled,0.1,1,,,,,,,2.465190328815662e-32,1.1337701701035975e-08,1.0,,,
T-L,DA,mc_learned_baseline,False,47,187,133144,47872,47872,0,0,37400,66572,266288,262144,1.0500000000000003,1.05,1.049836007688847,0.0,0.0,public_state_tabular_independent_mc,1,0.00047981225316506344,2.124055500025861,True,accepted_return_check_disabled,0.1,1,,,,,,,2.465190328815662e-32,1.1337701701035975e-08,1.0,,,
T-L,DA,mc_learned_baseline,False,47,188,133856,48128,48128,0,0,37600,66928,267712,262144,1.0500000000000003,1.05,1.049836007688847,0.0,0.0,public_state_tabular_independent_mc,1,0.00047981225316506344,2.1348546999506652,True,accepted_return_check_disabled,0.1,1,,,,,,,2.465190328815662e-32,1.1337701701035975e-08,1.0,,,
T-L,DA,mc_learned_baseline,False,47,189,134568,48384,48384,0,0,37800,67284,269136,262144,1.0500000000000003,1.05,1.049836007688847,0.0,0.0,public_state_tabular_independent_mc,1,0.00047981225316506344,2.145594500005245,True,accepted_return_check_disabled,0.1,1,,,,,,,2.465190328815662e-32,1.1337701701035975e-08,1.0,,,
T-L,DA,mc_learned_baseline,False,47,190,135280,48640,48640,0,0,38000,67640,270560,262144,1.0500000000000003,1.05,1.049836007688847,0.0,0.0,public_state_tabular_independent_mc,1,0.00047981225316506344,2.160618399968371,True,accepted_return_check_disabled,0.1,1,,,,,,,2.465190328815662e-32,1.1337701701035975e-08,1.0,,,
T-L,DA,mc_learned_baseline,False,47,191,135992,48896,48896,0,0,38200,67996,271984,262144,1.0500000000000003,1.05,1.049836007688847,0.0,0.0,public_state_tabular_independent_mc,1,0.00047981225316506344,2.170561800012365,True,accepted_return_check_disabled,0.1,1,,,,,,,2.465190328815662e-32,1.1337701701035975e-08,1.0,,,
T-L,DA,mc_learned_baseline,False,47,192,136704,49152,49152,0,0,38400,68352,273408,262144,1.0500000000000003,1.05,1.049836007688847,0.0,0.0,public_state_tabular_independent_mc,1,0.00047981225316506344,2.1802291999338195,True,accepted_return_check_disabled,0.1,1,,,,,,,2.465190328815662e-32,1.1337701701035975e-08,1.0,,,
T-L,DA,mc_learned_baseline,False,47,193,137416,49408,49408,0,0,38600,68708,274832,262144,1.0500000000000003,1.05,1.049836007688847,0.0,0.0,public_state_tabular_independent_mc,1,0.00047981225316506344,2.1914177000289783,True,accepted_return_check_disabled,0.1,1,,,,,,,2.465190328815662e-32,1.1337701701035975e-08,1.0,,,
T-L,DA,mc_learned_baseline,False,47,194,138128,49664,49664,0,0,38800,69064,276256,262144,1.0500000000000003,1.05,1.049836007688847,0.0,0.0,public_state_tabular_independent_mc,1,0.00047981225316506344,2.203830200014636,True,accepted_return_check_disabled,0.1,1,,,,,,,2.465190328815662e-32,1.1337701701035975e-08,1.0,,,
T-L,DA,mc_learned_baseline,False,47,195,138840,49920,49920,0,0,39000,69420,277680,262144,1.0500000000000003,1.05,1.049836007688847,0.0,0.0,public_state_tabular_independent_mc,1,0.00047981225316506344,2.215374100022018,True,accepted_return_check_disabled,0.1,1,,,,,,,2.465190328815662e-32,1.1337701701035975e-08,1.0,,,
T-L,DA,mc_learned_baseline,False,47,196,139552,50176,50176,0,0,39200,69776,279104,262144,1.0500000000000003,1.05,1.049836007688847,0.0,0.0,public_state_tabular_independent_mc,1,0.00047981225316506344,2.2270863000303507,True,accepted_return_check_disabled,0.1,1,,,,,,,2.465190328815662e-32,1.1337701701035975e-08,1.0,,,
T-L,DA,mc_learned_baseline,False,47,197,140264,50432,50432,0,0,39400,70132,280528,262144,1.0500000000000003,1.05,1.049836007688847,0.0,0.0,public_state_tabular_independent_mc,1,0.00047981225316506344,2.23659200000111,True,accepted_return_check_disabled,0.1,1,,,,,,,2.465190328815662e-32,1.1337701701035975e-08,1.0,,,
T-L,DA,mc_learned_baseline,False,47,198,140976,50688,50688,0,0,39600,70488,281952,262144,1.0500000000000003,1.05,1.049836007688847,0.0,0.0,public_state_tabular_independent_mc,1,0.00047981225316506344,2.2481977000134066,True,accepted_return_check_disabled,0.1,1,,,,,,,2.465190328815662e-32,1.1337701701035975e-08,1.0,,,
T-L,DA,mc_learned_baseline,False,47,199,141688,50944,50944,0,0,39800,70844,283376,262144,1.0500000000000003,1.05,1.049836007688847,0.0,0.0,public_state_tabular_independent_mc,1,0.00047981225316506344,2.258061300031841,True,accepted_return_check_disabled,0.1,1,,,,,,,2.465190328815662e-32,1.1337701701035975e-08,1.0,,,
T-L,DA,mc_learned_baseline,False,47,200,142400,51200,51200,0,0,40000,71200,284800,262144,1.0500000000000003,1.05,1.049836007688847,0.0,0.0,public_state_tabular_independent_mc,1,0.00047981225316506344,2.2677335999906063,True,accepted_return_check_disabled,0.1,1,,,,,,,2.465190328815662e-32,1.1337701701035975e-08,1.0,,,
T-L,DA,mc_learned_baseline,False,47,201,143112,51456,51456,0,0,40200,71556,286224,262144,1.0500000000000003,1.05,1.049836007688847,0.0,0.0,public_state_tabular_independent_mc,1,0.00047981225316506344,2.279028999968432,True,accepted_return_check_disabled,0.1,1,,,,,,,2.465190328815662e-32,1.1337701701035975e-08,1.0,,,
T-L,DA,mc_learned_baseline,False,47,202,143824,51712,51712,0,0,40400,71912,287648,262144,1.0500000000000003,1.05,1.049836007688847,0.0,0.0,public_state_tabular_independent_mc,1,0.00047981225316506344,2.29006649996154,True,accepted_return_check_disabled,0.1,1,,,,,,,2.465190328815662e-32,1.1337701701035975e-08,1.0,,,
T-L,DA,mc_learned_baseline,False,47,203,144536,51968,51968,0,0,40600,72268,289072,262144,1.0500000000000003,1.05,1.049836007688847,0.0,0.0,public_state_tabular_independent_mc,1,0.00047981225316506344,2.3125826999312267,True,accepted_return_check_disabled,0.1,1,,,,,,,2.465190328815662e-32,1.1337701701035975e-08,1.0,,,
T-L,DA,mc_learned_baseline,False,47,204,145248,52224,52224,0,0,40800,72624,290496,262144,1.0500000000000003,1.05,1.049836007688847,0.0,0.0,public_state_tabular_independent_mc,1,0.00047981225316506344,2.330456899944693,True,accepted_return_check_disabled,0.1,1,,,,,,,2.465190328815662e-32,1.1337701701035975e-08,1.0,,,
T-L,DA,mc_learned_baseline,False,47,205,145960,52480,52480,0,0,41000,72980,291920,262144,1.0500000000000003,1.05,1.049836007688847,0.0,0.0,public_state_tabular_independent_mc,1,0.00047981225316506344,2.348369700019248,True,accepted_return_check_disabled,0.1,1,,,,,,,2.465190328815662e-32,1.1337701701035975e-08,1.0,,,
T-L,DA,mc_learned_baseline,False,47,206,146672,52736,52736,0,0,41200,73336,293344,262144,1.0500000000000003,1.05,1.049836007688847,0.0,0.0,public_state_tabular_independent_mc,1,0.00047981225316506344,2.3742582999402657,True,accepted_return_check_disabled,0.1,1,,,,,,,2.465190328815662e-32,1.1337701701035975e-08,1.0,,,
T-L,DA,mc_learned_baseline,False,47,207,147384,52992,52992,0,0,41400,73692,294768,262144,1.0500000000000003,1.05,1.049836007688847,0.0,0.0,public_state_tabular_independent_mc,1,0.00047981225316506344,2.389617900014855,True,accepted_return_check_disabled,0.1,1,,,,,,,2.465190328815662e-32,1.1337701701035975e-08,1.0,,,
T-L,DA,mc_learned_baseline,False,47,208,148096,53248,53248,0,0,41600,74048,296192,262144,1.0500000000000003,1.05,1.049836007688847,0.0,0.0,public_state_tabular_independent_mc,1,0.00047981225316506344,2.4027637999970466,True,accepted_return_check_disabled,0.1,1,,,,,,,2.465190328815662e-32,1.1337701701035975e-08,1.0,,,
T-L,DA,mc_learned_baseline,False,47,209,148808,53504,53504,0,0,41800,74404,297616,262144,1.0500000000000003,1.05,1.049836007688847,0.0,0.0,public_state_tabular_independent_mc,1,0.00047981225316506344,2.412732299999334,True,accepted_return_check_disabled,0.1,1,,,,,,,2.465190328815662e-32,1.1337701701035975e-08,1.0,,,
T-L,DA,mc_learned_baseline,False,47,210,149520,53760,53760,0,0,42000,74760,299040,262144,1.0500000000000003,1.05,1.049836007688847,0.0,0.0,public_state_tabular_independent_mc,1,0.00047981225316506344,2.4219018999719992,True,accepted_return_check_disabled,0.1,1,,,,,,,2.465190328815662e-32,1.1337701701035975e-08,1.0,,,
T-L,DA,mc_learned_baseline,False,47,211,150232,54016,54016,0,0,42200,75116,300464,262144,1.0500000000000003,1.05,1.049836007688847,0.0,0.0,public_state_tabular_independent_mc,1,0.00047981225316506344,2.4331940999254584,True,accepted_return_check_disabled,0.1,1,,,,,,,2.465190328815662e-32,1.1337701701035975e-08,1.0,,,
T-L,DA,mc_learned_baseline,False,47,212,150944,54272,54272,0,0,42400,75472,301888,262144,1.0500000000000003,1.05,1.049836007688847,0.0,0.0,public_state_tabular_independent_mc,1,0.00047981225316506344,2.442302600014955,True,accepted_return_check_disabled,0.1,1,,,,,,,2.465190328815662e-32,1.1337701701035975e-08,1.0,,,
T-L,DA,mc_learned_baseline,False,47,213,151656,54528,54528,0,0,42600,75828,303312,262144,1.0500000000000003,1.05,1.049836007688847,0.0,0.0,public_state_tabular_independent_mc,1,0.00047981225316506344,2.4522669999860227,True,accepted_return_check_disabled,0.1,1,,,,,,,2.465190328815662e-32,1.1337701701035975e-08,1.0,,,
T-L,DA,mc_learned_baseline,False,47,214,152368,54784,54784,0,0,42800,76184,304736,262144,1.0500000000000003,1.0383000000000002,1.049836007688847,0.0,0.0,public_state_tabular_independent_mc,1,0.00047981225316506344,2.4621499999193475,True,accepted_return_check_disabled,0.1,1,,,,,,,2.465190328815662e-32,1.1337701701035975e-08,1.0,,,
T-L,DA,mc_learned_baseline,False,47,215,153080,55040,55040,0,0,43000,76540,306160,262144,1.0500000000000003,1.05,1.049836007688847,0.0,0.0,public_state_tabular_independent_mc,1,0.00047981225316506344,2.472105999942869,True,accepted_return_check_disabled,0.1,1,,,,,,,2.465190328815662e-32,1.1337701701035975e-08,1.0,,,
T-L,DA,mc_learned_baseline,False,47,216,153792,55296,55296,0,0,43200,76896,307584,262144,1.0500000000000003,1.05,1.049836007688847,0.0,0.0,public_state_tabular_independent_mc,1,0.00047981225316506344,2.483381800004281,True,accepted_return_check_disabled,0.1,1,,,,,,,2.465190328815662e-32,1.1337701701035975e-08,1.0,,,
T-L,DA,mc_learned_baseline,False,47,217,154504,55552,55552,0,0,43400,77252,309008,262144,1.0500000000000003,1.05,1.049836007688847,0.0,0.0,public_state_tabular_independent_mc,1,0.00047981225316506344,2.4934088999871165,True,accepted_return_check_disabled,0.1,1,,,,,,,2.465190328815662e-32,1.1337701701035975e-08,1.0,,,
T-L,DA,mc_learned_baseline,False,47,218,155216,55808,55808,0,0,43600,77608,310432,262144,1.0500000000000003,1.05,1.049836007688847,0.0,0.0,public_state_tabular_independent_mc,1,0.00047981225316506344,2.50288239994552,True,accepted_return_check_disabled,0.1,1,,,,,,,2.465190328815662e-32,1.1337701701035975e-08,1.0,,,
T-L,DA,mc_learned_baseline,False,47,219,155928,56064,56064,0,0,43800,77964,311856,262144,1.0500000000000003,1.05,1.049836007688847,0.0,0.0,public_state_tabular_independent_mc,1,0.00047981225316506344,2.5136804999783635,True,accepted_return_check_disabled,0.1,1,,,,,,,2.465190328815662e-32,1.1337701701035975e-08,1.0,,,
T-L,DA,mc_learned_baseline,False,47,220,156640,56320,56320,0,0,44000,78320,313280,262144,1.0500000000000003,1.05,1.049836007688847,0.0,0.0,public_state_tabular_independent_mc,1,0.00047981225316506344,2.523641199921258,True,accepted_return_check_disabled,0.1,1,,,,,,,2.465190328815662e-32,1.1337701701035975e-08,1.0,,,
T-L,DA,mc_learned_baseline,False,47,221,157352,56576,56576,0,0,44200,78676,314704,262144,1.0500000000000003,1.05,1.049836007688847,0.0,0.0,public_state_tabular_independent_mc,1,0.00047981225316506344,2.533458099933341,True,accepted_return_check_disabled,0.1,1,,,,,,,2.465190328815662e-32,1.1337701701035975e-08,1.0,,,
T-L,DA,mc_learned_baseline,False,47,222,158064,56832,56832,0,0,44400,79032,316128,262144,1.0500000000000003,1.05,1.049836007688847,0.0,0.0,public_state_tabular_independent_mc,1,0.00047981225316506344,2.5429344000294805,True,accepted_return_check_disabled,0.1,1,,,,,,,2.465190328815662e-32,1.1337701701035975e-08,1.0,,,
T-L,DA,mc_learned_baseline,False,47,223,158776,57088,57088,0,0,44600,79388,317552,262144,1.0500000000000003,1.05,1.049836007688847,0.0,0.0,public_state_tabular_independent_mc,1,0.00047981225316506344,2.5534802000038326,True,accepted_return_check_disabled,0.1,1,,,,,,,2.465190328815662e-32,1.1337701701035975e-08,1.0,,,
T-L,DA,mc_learned_baseline,False,47,224,159488,57344,57344,0,0,44800,79744,318976,262144,1.0500000000000003,1.05,1.049836007688847,0.0,0.0,public_state_tabular_independent_mc,1,0.00047981225316506344,2.564134299987927,True,accepted_return_check_disabled,0.1,1,,,,,,,2.465190328815662e-32,1.1337701701035975e-08,1.0,,,
T-L,DA,mc_learned_baseline,False,47,225,160200,57600,57600,0,0,45000,80100,320400,262144,1.0500000000000003,1.05,1.049836007688847,0.0,0.0,public_state_tabular_independent_mc,1,0.00047981225316506344,2.5771696999436244,True,accepted_return_check_disabled,0.1,1,,,,,,,2.465190328815662e-32,1.1337701701035975e-08,1.0,,,
T-L,DA,mc_learned_baseline,False,47,226,160912,57856,57856,0,0,45200,80456,321824,262144,1.0500000000000003,1.05,1.049836007688847,0.0,0.0,public_state_tabular_independent_mc,1,0.00047981225316506344,2.5898778999689966,True,accepted_return_check_disabled,0.1,1,,,,,,,2.465190328815662e-32,1.1337701701035975e-08,1.0,,,
T-L,DA,mc_learned_baseline,False,47,227,161624,58112,58112,0,0,45400,80812,323248,262144,1.0500000000000003,1.05,1.049836007688847,0.0,0.0,public_state_tabular_independent_mc,1,0.00047981225316506344,2.603011199971661,True,accepted_return_check_disabled,0.1,1,,,,,,,2.465190328815662e-32,1.1337701701035975e-08,1.0,,,
T-L,DA,mc_learned_baseline,False,47,228,162336,58368,58368,0,0,45600,81168,324672,262144,1.0500000000000003,1.05,1.049836007688847,0.0,0.0,public_state_tabular_independent_mc,1,0.00047981225316506344,2.6131087000248954,True,accepted_return_check_disabled,0.1,1,,,,,,,2.465190328815662e-32,1.1337701701035975e-08,1.0,,,
T-L,DA,mc_learned_baseline,False,47,229,163048,58624,58624,0,0,45800,81524,326096,262144,1.0500000000000003,1.05,1.049836007688847,0.0,0.0,public_state_tabular_independent_mc,1,0.00047981225316506344,2.6235116999596357,True,accepted_return_check_disabled,0.1,1,,,,,,,2.465190328815662e-32,1.1337701701035975e-08,1.0,,,
T-L,DA,mc_learned_baseline,False,47,230,163760,58880,58880,0,0,46000,81880,327520,262144,1.0500000000000003,1.05,1.049836007688847,0.0,0.0,public_state_tabular_independent_mc,1,0.00047981225316506344,2.6353311999700963,True,accepted_return_check_disabled,0.1,1,,,,,,,2.465190328815662e-32,1.1337701701035975e-08,1.0,,,
T-L,DA,mc_learned_baseline,False,47,231,164472,59136,59136,0,0,46200,82236,328944,262144,1.0500000000000003,1.05,1.049836007688847,0.0,0.0,public_state_tabular_independent_mc,1,0.00047981225316506344,2.646298100007698,True,accepted_return_check_disabled,0.1,1,,,,,,,2.465190328815662e-32,1.1337701701035975e-08,1.0,,,
T-L,DA,mc_learned_baseline,False,47,232,165184,59392,59392,0,0,46400,82592,330368,262144,1.0500000000000003,1.05,1.049836007688847,0.0,0.0,public_state_tabular_independent_mc,1,0.00047981225316506344,2.6575026999926195,True,accepted_return_check_disabled,0.1,1,,,,,,,2.465190328815662e-32,1.1337701701035975e-08,1.0,,,
T-L,DA,mc_learned_baseline,False,47,233,165896,59648,59648,0,0,46600,82948,331792,262144,1.0500000000000003,1.05,1.049836007688847,0.0,0.0,public_state_tabular_independent_mc,1,0.00047981225316506344,2.668981199967675,True,accepted_return_check_disabled,0.1,1,,,,,,,2.465190328815662e-32,1.1337701701035975e-08,1.0,,,
T-L,DA,mc_learned_baseline,False,47,234,166608,59904,59904,0,0,46800,83304,333216,262144,1.0500000000000003,1.05,1.049836007688847,0.0,0.0,public_state_tabular_independent_mc,1,0.00047981225316506344,2.681848399923183,True,accepted_return_check_disabled,0.1,1,,,,,,,2.465190328815662e-32,1.1337701701035975e-08,1.0,,,
T-L,DA,mc_learned_baseline,False,47,235,167320,60160,60160,0,0,47000,83660,334640,262144,1.0500000000000003,1.05,1.049836007688847,0.0,0.0,public_state_tabular_independent_mc,1,0.00047981225316506344,2.694296699948609,True,accepted_return_check_disabled,0.1,1,,,,,,,2.465190328815662e-32,1.1337701701035975e-08,1.0,,,
T-L,DA,mc_learned_baseline,False,47,236,168032,60416,60416,0,0,47200,84016,336064,262144,1.0500000000000003,1.05,1.049836007688847,0.0,0.0,public_state_tabular_independent_mc,1,0.00047981225316506344,2.7034148999955505,True,accepted_return_check_disabled,0.1,1,,,,,,,2.465190328815662e-32,1.1337701701035975e-08,1.0,,,
T-L,DA,mc_learned_baseline,False,47,237,168744,60672,60672,0,0,47400,84372,337488,262144,1.0500000000000003,1.05,1.049836007688847,0.0,0.0,public_state_tabular_independent_mc,1,0.00047981225316506344,2.7153628999367356,True,accepted_return_check_disabled,0.1,1,,,,,,,2.465190328815662e-32,1.1337701701035975e-08,1.0,,,
T-L,DA,mc_learned_baseline,False,47,238,169456,60928,60928,0,0,47600,84728,338912,262144,1.0500000000000003,1.05,1.049836007688847,0.0,0.0,public_state_tabular_independent_mc,1,0.00047981225316506344,2.7263339000055566,True,accepted_return_check_disabled,0.1,1,,,,,,,2.465190328815662e-32,1.1337701701035975e-08,1.0,,,
T-L,DA,mc_learned_baseline,False,47,239,170168,61184,61184,0,0,47800,85084,340336,262144,1.0500000000000003,1.05,1.049836007688847,0.0,0.0,public_state_tabular_independent_mc,1,0.00047981225316506344,2.7359277999494225,True,accepted_return_check_disabled,0.1,1,,,,,,,2.465190328815662e-32,1.1337701701035975e-08,1.0,,,
T-L,DA,mc_learned_baseline,False,47,240,170880,61440,61440,0,0,48000,85440,341760,262144,1.0500000000000003,1.05,1.049836007688847,0.0,0.0,public_state_tabular_independent_mc,1,0.00047981225316506344,2.7482310999184847,True,accepted_return_check_disabled,0.1,1,,,,,,,2.465190328815662e-32,1.1337701701035975e-08,1.0,,,
T-L,DA,mc_learned_baseline,False,47,241,171592,61696,61696,0,0,48200,85796,343184,262144,1.0500000000000003,1.05,1.049836007688847,0.0,0.0,public_state_tabular_independent_mc,1,0.00047981225316506344,2.765779900015332,True,accepted_return_check_disabled,0.1,1,,,,,,,2.465190328815662e-32,1.1337701701035975e-08,1.0,,,
T-L,DA,mc_learned_baseline,False,47,242,172304,61952,61952,0,0,48400,86152,344608,262144,1.0500000000000003,1.05,1.049836007688847,0.0,0.0,public_state_tabular_independent_mc,1,0.00047981225316506344,2.777203599922359,True,accepted_return_check_disabled,0.1,1,,,,,,,2.465190328815662e-32,1.1337701701035975e-08,1.0,,,
T-L,DA,mc_learned_baseline,False,47,243,173016,62208,62208,0,0,48600,86508,346032,262144,1.0500000000000003,1.05,1.049836007688847,0.0,0.0,public_state_tabular_independent_mc,1,0.00047981225316506344,2.7908761999569833,True,accepted_return_check_disabled,0.1,1,,,,,,,2.465190328815662e-32,1.1337701701035975e-08,1.0,,,
T-L,DA,mc_learned_baseline,False,47,244,173728,62464,62464,0,0,48800,86864,347456,262144,1.0500000000000003,1.05,1.049836007688847,0.0,0.0,public_state_tabular_independent_mc,1,0.00047981225316506344,2.801450999919325,True,accepted_return_check_disabled,0.1,1,,,,,,,2.465190328815662e-32,1.1337701701035975e-08,1.0,,,
T-L,DA,mc_learned_baseline,False,47,245,174440,62720,62720,0,0,49000,87220,348880,262144,1.0500000000000003,1.05,1.0498405311239687,4.52343512158393e-06,1.8211509193475176e-07,public_state_tabular_independent_mc,0,0.0004545148613980541,2.815938299987465,True,accepted_return_check_disabled,0.1,1,,,,,,,2.7465820312496886e-06,2.684191714301102e-06,0.9978027343750002,,,
T-L,DA,mc_learned_baseline,False,47,246,175152,62976,62976,0,0,49200,87576,350304,262144,1.0500000000000003,1.05,1.0498405311239687,0.0,0.0,public_state_tabular_independent_mc,1,0.0004545148613980541,2.8294957999605685,True,accepted_return_check_disabled,0.1,1,,,,,,,2.465190328815662e-32,1.1205637432509316e-08,1.0,,,
T-L,DA,mc_learned_baseline,False,47,247,175864,63232,63232,0,0,49400,87932,351728,262144,1.0500000000000003,1.05,1.0498405311239687,0.0,0.0,public_state_tabular_independent_mc,1,0.0004545148613980541,2.8402674000244588,True,accepted_return_check_disabled,0.1,1,,,,,,,2.465190328815662e-32,1.1205637432509316e-08,1.0,,,
T-L,DA,mc_learned_baseline,False,47,248,176576,63488,63488,0,0,49600,88288,353152,262144,1.0500000000000003,1.05,1.0498405311239687,0.0,0.0,public_state_tabular_independent_mc,1,0.0004545148613980541,2.851230699918233,True,accepted_return_check_disabled,0.1,1,,,,,,,2.465190328815662e-32,1.1205637432509316e-08,1.0,,,
T-L,DA,mc_learned_baseline,False,47,249,177288,63744,63744,0,0,49800,88644,354576,262144,1.0500000000000003,1.05,1.0498405311239687,0.0,0.0,public_state_tabular_independent_mc,1,0.0004545148613980541,2.8604353999253362,True,accepted_return_check_disabled,0.1,1,,,,,,,2.465190328815662e-32,1.1205637432509316e-08,1.0,,,
T-L,DA,mc_learned_baseline,False,47,250,178000,64000,64000,0,0,50000,89000,356000,262144,1.0500000000000003,1.05,1.0498405311239687,0.0,0.0,public_state_tabular_independent_mc,1,0.0004545148613980541,2.870243599987589,True,accepted_return_check_disabled,0.1,1,,,,,,,2.465190328815662e-32,1.1205637432509316e-08,1.0,,,
T-L,DA,mc_learned_baseline,False,47,251,178712,64256,64256,0,0,50200,89356,357424,262144,1.0500000000000003,1.05,1.0498405311239687,0.0,0.0,public_state_tabular_independent_mc,1,0.0004545148613980541,2.880333899985999,True,accepted_return_check_disabled,0.1,1,,,,,,,2.465190328815662e-32,1.1205637432509316e-08,1.0,,,
T-L,DA,mc_learned_baseline,False,47,252,179424,64512,64512,0,0,50400,89712,358848,262144,1.0500000000000003,1.05,1.0498405311239687,0.0,0.0,public_state_tabular_independent_mc,1,0.0004545148613980541,2.889414699980989,True,accepted_return_check_disabled,0.1,1,,,,,,,2.465190328815662e-32,1.1205637432509316e-08,1.0,,,
T-L,DA,mc_learned_baseline,False,47,253,180136,64768,64768,0,0,50600,90068,360272,262144,1.0500000000000003,1.05,1.0498405311239687,0.0,0.0,public_state_tabular_independent_mc,1,0.0004545148613980541,2.8990280999569222,True,accepted_return_check_disabled,0.1,1,,,,,,,2.465190328815662e-32,1.1205637432509316e-08,1.0,,,
T-L,DA,mc_learned_baseline,False,47,254,180848,65024,65024,0,0,50800,90424,361696,262144,1.0500000000000003,1.05,1.0498405311239687,0.0,0.0,public_state_tabular_independent_mc,1,0.0004545148613980541,2.9076612999197096,True,accepted_return_check_disabled,0.1,1,,,,,,,2.465190328815662e-32,1.1205637432509316e-08,1.0,,,
T-L,DA,mc_learned_baseline,False,47,255,181560,65280,65280,0,0,51000,90780,363120,262144,1.0500000000000003,1.05,1.0498405311239687,0.0,0.0,public_state_tabular_independent_mc,1,0.0004545148613980541,2.9225997999310493,True,accepted_return_check_disabled,0.1,1,,,,,,,2.465190328815662e-32,1.1205637432509316e-08,1.0,,,
T-L,DA,mc_learned_baseline,False,47,256,182272,65536,65536,0,0,51200,91136,364544,262144,1.0500000000000003,1.05,1.0498405311239687,0.0,0.0,public_state_tabular_independent_mc,1,0.0004545148613980541,2.932191399973817,True,accepted_return_check_disabled,0.1,1,,,,,,,2.465190328815662e-32,1.1205637432509316e-08,1.0,,,
T-L,DA,mc_learned_baseline,False,47,257,182984,65792,65792,0,0,51400,91492,365968,262144,1.0500000000000003,1.05,1.0498405311239687,0.0,0.0,public_state_tabular_independent_mc,1,0.0004545148613980541,2.9411161999450997,True,accepted_return_check_disabled,0.1,1,,,,,,,2.465190328815662e-32,1.1205637432509316e-08,1.0,,,
T-L,DA,mc_learned_baseline,False,47,258,183696,66048,66048,0,0,51600,91848,367392,262144,1.0500000000000003,1.05,1.0498405311239687,0.0,0.0,public_state_tabular_independent_mc,1,0.0004545148613980541,2.949980399920605,True,accepted_return_check_disabled,0.1,1,,,,,,,2.465190328815662e-32,1.1205637432509316e-08,1.0,,,
T-L,DA,mc_learned_baseline,False,47,259,184408,66304,66304,0,0,51800,92204,368816,262144,1.0500000000000003,1.05,1.0498405311239687,0.0,0.0,public_state_tabular_independent_mc,1,0.0004545148613980541,2.9604552999371663,True,accepted_return_check_disabled,0.1,1,,,,,,,2.465190328815662e-32,1.1205637432509316e-08,1.0,,,
T-L,DA,mc_learned_baseline,False,47,260,185120,66560,66560,0,0,52000,92560,370240,262144,1.0408593750000001,1.0383000000000002,1.049849542552611,9.011428642402564e-06,1.9494725398370284e-06,public_state_tabular_independent_mc,1,0.0004875632708938027,2.9703933999408036,True,accepted_return_check_disabled,0.1,1,,,,,,,0.011948828125000005,0.005347523022886011,0.052005761336454404,,,
T-L,DA,mc_learned_baseline,False,47,261,185832,66816,66816,0,0,52200,92916,371664,262144,1.0500000000000003,1.05,1.049849542552611,0.0,0.0,public_state_tabular_independent_mc,1,0.0004875632708938027,2.9807474999688566,True,accepted_return_check_disabled,0.1,1,,,,,,,2.465190328815662e-32,8.193770913894247e-09,1.0,,,
T-L,DA,mc_learned_baseline,False,47,262,186544,67072,67072,0,0,52400,93272,373088,262144,1.0500000000000003,1.05,1.049849542552611,0.0,0.0,public_state_tabular_independent_mc,1,0.0004875632708938027,2.990598200005479,True,accepted_return_check_disabled,0.1,1,,,,,,,2.465190328815662e-32,8.193770913894247e-09,1.0,,,
T-L,DA,mc_learned_baseline,False,47,263,187256,67328,67328,0,0,52600,93628,374512,262144,1.0500000000000003,1.05,1.049849542552611,0.0,0.0,public_state_tabular_independent_mc,1,0.0004875632708938027,3.000613300013356,True,accepted_return_check_disabled,0.1,1,,,,,,,2.465190328815662e-32,8.193770913894247e-09,1.0,,,
T-L,DA,mc_learned_baseline,False,47,264,187968,67584,67584,0,0,52800,93984,375936,262144,1.0500000000000003,1.05,1.049849542552611,0.0,0.0,public_state_tabular_independent_mc,1,0.0004875632708938027,3.0103953999932855,True,accepted_return_check_disabled,0.1,1,,,,,,,2.465190328815662e-32,8.193770913894247e-09,1.0,,,
T-L,DA,mc_learned_baseline,False,47,265,188680,67840,67840,0,0,53000,94340,377360,262144,1.0500000000000003,1.05,1.049849542552611,0.0,0.0,public_state_tabular_independent_mc,1,0.0004875632708938027,3.020217999932356,True,accepted_return_check_disabled,0.1,1,,,,,,,2.465190328815662e-32,8.193770913894247e-09,1.0,,,
T-L,DA,mc_learned_baseline,False,47,266,189392,68096,68096,0,0,53200,94696,378784,262144,1.0500000000000003,1.05,1.049849542552611,0.0,0.0,public_state_tabular_independent_mc,1,0.0004875632708938027,3.030944300000556,True,accepted_return_check_disabled,0.1,1,,,,,,,2.465190328815662e-32,8.193770913894247e-09,1.0,,,
T-L,DA,mc_learned_baseline,False,47,267,190104,68352,68352,0,0,53400,95052,380208,262144,1.0500000000000003,1.05,1.049849542552611,0.0,0.0,public_state_tabular_independent_mc,1,0.0004875632708938027,3.0413352999603376,True,accepted_return_check_disabled,0.1,1,,,,,,,2.465190328815662e-32,8.193770913894247e-09,1.0,,,
T-L,DA,mc_learned_baseline,False,47,268,190816,68608,68608,0,0,53600,95408,381632,262144,1.0500000000000003,1.05,1.049849542552611,0.0,0.0,public_state_tabular_independent_mc,1,0.0004875632708938027,3.050036499975249,True,accepted_return_check_disabled,0.1,1,,,,,,,2.465190328815662e-32,8.193770913894247e-09,1.0,,,
T-L,DA,mc_learned_baseline,False,47,269,191528,68864,68864,0,0,53800,95764,383056,262144,1.0500000000000003,1.05,1.049849542552611,0.0,0.0,public_state_tabular_independent_mc,1,0.0004875632708938027,3.0602140999399126,True,accepted_return_check_disabled,0.1,1,,,,,,,2.465190328815662e-32,8.193770913894247e-09,1.0,,,
T-L,DA,mc_learned_baseline,False,47,270,192240,69120,69120,0,0,54000,96120,384480,262144,1.0500000000000003,1.0470000000000002,1.049849542552611,0.0,0.0,public_state_tabular_independent_mc,1,0.0004875632708938027,3.0732057000277564,True,accepted_return_check_disabled,0.1,1,,,,,,,2.465190328815662e-32,8.193770913894247e-09,1.0,,,
T-L,DA,mc_learned_baseline,False,47,271,192952,69376,69376,0,0,54200,96476,385904,262144,1.0500000000000003,1.05,1.049849542552611,0.0,0.0,public_state_tabular_independent_mc,1,0.0004875632708938027,3.0841709999367595,True,accepted_return_check_disabled,0.1,1,,,,,,,2.465190328815662e-32,8.193770913894247e-09,1.0,,,
T-L,DA,mc_learned_baseline,False,47,272,193664,69632,69632,0,0,54400,96832,387328,262144,1.0500000000000003,1.05,1.049849542552611,0.0,0.0,public_state_tabular_independent_mc,1,0.0004875632708938027,3.094308599946089,True,accepted_return_check_disabled,0.1,1,,,,,,,2.465190328815662e-32,8.193770913894247e-09,1.0,,,
T-L,DA,mc_learned_baseline,False,47,273,194376,69888,69888,0,0,54600,97188,388752,262144,1.0500000000000003,1.05,1.049849542552611,0.0,0.0,public_state_tabular_independent_mc,1,0.0004875632708938027,3.1039350000210106,True,accepted_return_check_disabled,0.1,1,,,,,,,2.465190328815662e-32,8.193770913894247e-09,1.0,,,
T-L,DA,mc_learned_baseline,False,47,274,195088,70144,70144,0,0,54800,97544,390176,262144,1.0500000000000003,1.05,1.049849542552611,0.0,0.0,public_state_tabular_independent_mc,1,0.0004875632708938027,3.112455999944359,True,accepted_return_check_disabled,0.1,1,,,,,,,2.465190328815662e-32,8.193770913894247e-09,1.0,,,
T-L,DA,mc_learned_baseline,False,47,275,195800,70400,70400,0,0,55000,97900,391600,262144,1.0500000000000003,1.05,1.049849542552611,0.0,0.0,public_state_tabular_independent_mc,1,0.0004875632708938027,3.122638599947095,True,accepted_return_check_disabled,0.1,1,,,,,,,2.465190328815662e-32,8.193770913894247e-09,1.0,,,
T-L,DA,mc_learned_baseline,False,47,276,196512,70656,70656,0,0,55200,98256,393024,262144,1.0500000000000003,1.05,1.049849542552611,0.0,0.0,public_state_tabular_independent_mc,1,0.0004875632708938027,3.1325666999910027,True,accepted_return_check_disabled,0.1,1,,,,,,,2.465190328815662e-32,8.193770913894247e-09,1.0,,,
T-L,DA,mc_learned_baseline,False,47,277,197224,70912,70912,0,0,55400,98612,394448,262144,1.0500000000000003,1.05,1.049849542552611,0.0,0.0,public_state_tabular_independent_mc,1,0.0004875632708938027,3.1426314000273123,True,accepted_return_check_disabled,0.1,1,,,,,,,2.465190328815662e-32,8.193770913894247e-09,1.0,,,
T-L,DA,mc_learned_baseline,False,47,278,197936,71168,71168,0,0,55600,98968,395872,262144,1.0500000000000003,1.05,1.049849542552611,0.0,0.0,public_state_tabular_independent_mc,1,0.0004875632708938027,3.1526856999844313,True,accepted_return_check_disabled,0.1,1,,,,,,,2.465190328815662e-32,8.193770913894247e-09,1.0,,,
T-L,DA,mc_learned_baseline,False,47,279,198648,71424,71424,0,0,55800,99324,397296,262144,1.0500000000000003,1.05,1.049849542552611,0.0,0.0,public_state_tabular_independent_mc,1,0.0004875632708938027,3.164048900012858,True,accepted_return_check_disabled,0.1,1,,,,,,,2.465190328815662e-32,8.193770913894247e-09,1.0,,,
T-L,DA,mc_learned_baseline,False,47,280,199360,71680,71680,0,0,56000,99680,398720,262144,1.0500000000000003,1.0470000000000002,1.049849542552611,0.0,0.0,public_state_tabular_independent_mc,1,0.0004875632708938027,3.1725376999238506,True,accepted_return_check_disabled,0.1,1,,,,,,,2.465190328815662e-32,8.193770913894247e-09,1.0,,,
T-L,DA,mc_learned_baseline,False,47,281,200072,71936,71936,0,0,56200,100036,400144,262144,1.0500000000000003,1.05,1.049849542552611,0.0,0.0,public_state_tabular_independent_mc,1,0.0004875632708938027,3.1833469999255612,True,accepted_return_check_disabled,0.1,1,,,,,,,2.465190328815662e-32,8.193770913894247e-09,1.0,,,
T-L,DA,mc_learned_baseline,False,47,282,200784,72192,72192,0,0,56400,100392,401568,262144,1.0500000000000003,1.05,1.049849542552611,0.0,0.0,public_state_tabular_independent_mc,1,0.0004875632708938027,3.1934474000008777,True,accepted_return_check_disabled,0.1,1,,,,,,,2.465190328815662e-32,8.193770913894247e-09,1.0,,,
T-L,DA,mc_learned_baseline,False,47,283,201496,72448,72448,0,0,56600,100748,402992,262144,1.0500000000000003,1.05,1.049849542552611,0.0,0.0,public_state_tabular_independent_mc,1,0.0004875632708938027,3.2033656999701634,True,accepted_return_check_disabled,0.1,1,,,,,,,2.465190328815662e-32,8.193770913894247e-09,1.0,,,
T-L,DA,mc_learned_baseline,False,47,284,202208,72704,72704,0,0,56800,101104,404416,262144,1.0500000000000003,1.05,1.049849542552611,0.0,0.0,public_state_tabular_independent_mc,1,0.0004875632708938027,3.214598499936983,True,accepted_return_check_disabled,0.1,1,,,,,,,2.465190328815662e-32,8.193770913894247e-09,1.0,,,
T-L,DA,mc_learned_baseline,False,47,285,202920,72960,72960,0,0,57000,101460,405840,262144,1.0476562500000002,1.05,1.049852054759981,2.512207369909092e-06,5.968558631302513e-07,public_state_tabular_independent_mc,1,0.0004495940221991273,3.226399999926798,True,accepted_return_check_disabled,0.1,1,,,,,,,0.00035400390625000064,0.00047521550539934376,0.6155422840019975,,,
T-L,DA,mc_learned_baseline,False,47,286,203632,73216,73216,0,0,57200,101816,407264,262144,1.0500000000000003,1.05,1.049852054759981,0.0,0.0,public_state_tabular_independent_mc,1,0.0004495940221991273,3.238720800029114,True,accepted_return_check_disabled,0.1,1,,,,,,,2.465190328815662e-32,8.092789221213502e-09,1.0,,,
T-L,DA,mc_learned_baseline,False,47,287,204344,73472,73472,0,0,57400,102172,408688,262144,1.0500000000000003,1.05,1.049852054759981,0.0,0.0,public_state_tabular_independent_mc,1,0.0004495940221991273,3.248320100014098,True,accepted_return_check_disabled,0.1,1,,,,,,,2.465190328815662e-32,8.092789221213502e-09,1.0,,,
T-L,DA,mc_learned_baseline,False,47,288,205056,73728,73728,0,0,57600,102528,410112,262144,1.0500000000000003,1.05,1.049852054759981,0.0,0.0,public_state_tabular_independent_mc,1,0.0004495940221991273,3.2603009999729693,True,accepted_return_check_disabled,0.1,1,,,,,,,2.465190328815662e-32,8.092789221213502e-09,1.0,,,
T-L,DA,mc_learned_baseline,False,47,289,205768,73984,73984,0,0,57800,102884,411536,262144,1.0500000000000003,1.05,1.049852054759981,0.0,0.0,public_state_tabular_independent_mc,1,0.0004495940221991273,3.2709785000188276,True,accepted_return_check_disabled,0.1,1,,,,,,,2.465190328815662e-32,8.092789221213502e-09,1.0,,,
T-L,DA,mc_learned_baseline,False,47,290,206480,74240,74240,0,0,58000,103240,412960,262144,1.0500000000000003,1.05,1.049852054759981,0.0,0.0,public_state_tabular_independent_mc,1,0.0004495940221991273,3.2851975000230595,True,accepted_return_check_disabled,0.1,1,,,,,,,2.465190328815662e-32,8.092789221213502e-09,1.0,,,
T-L,DA,mc_learned_baseline,False,47,291,207192,74496,74496,0,0,58200,103596,414384,262144,1.0500000000000003,1.05,1.049852054759981,0.0,0.0,public_state_tabular_independent_mc,1,0.0004495940221991273,3.2965180999599397,True,accepted_return_check_disabled,0.1,1,,,,,,,2.465190328815662e-32,8.092789221213502e-09,1.0,,,
T-L,DA,mc_learned_baseline,False,47,292,207904,74752,74752,0,0,58400,103952,415808,262144,1.0500000000000003,1.05,1.049852054759981,0.0,0.0,public_state_tabular_independent_mc,1,0.0004495940221991273,3.3085692999884486,True,accepted_return_check_disabled,0.1,1,,,,,,,2.465190328815662e-32,8.092789221213502e-09,1.0,,,
T-L,DA,mc_learned_baseline,False,47,293,208616,75008,75008,0,0,58600,104308,417232,262144,1.0385156250000003,1.05,1.0498614334805016,9.378720520647477e-06,3.806911870424621e-07,public_state_tabular_independent_mc,1,0.0004144302935322695,3.323574199923314,True,accepted_return_check_disabled,0.1,1,,,,,,,0.015298925781250004,0.0034790026014042937,0.021754569953138847,,,
T-L,DA,mc_learned_baseline,False,47,294,209328,75264,75264,0,0,58800,104664,418656,262144,1.0500000000000003,1.05,1.0498614334805016,0.0,0.0,public_state_tabular_independent_mc,1,0.0004144302935322695,3.335259099956602,True,accepted_return_check_disabled,0.1,1,,,,,,,2.465190328815662e-32,7.771559263053184e-09,1.0,,,
T-L,DA,mc_learned_baseline,False,47,295,210040,75520,75520,0,0,59000,105020,420080,262144,1.0500000000000003,1.05,1.0498614334805016,0.0,0.0,public_state_tabular_independent_mc,1,0.0004144302935322695,3.3449946999317035,True,accepted_return_check_disabled,0.1,1,,,,,,,2.465190328815662e-32,7.771559263053184e-09,1.0,,,
T-L,DA,mc_learned_baseline,False,47,296,210752,75776,75776,0,0,59200,105376,421504,262144,1.0500000000000003,1.05,1.0498614334805016,0.0,0.0,public_state_tabular_independent_mc,1,0.0004144302935322695,3.3550205000210553,True,accepted_return_check_disabled,0.1,1,,,,,,,2.465190328815662e-32,7.771559263053184e-09,1.0,,,
T-L,DA,mc_learned_baseline,False,47,297,211464,76032,76032,0,0,59400,105732,422928,262144,1.0385156250000003,1.05,1.0498684358653738,7.002384872167866e-06,3.037174163777546e-07,public_state_tabular_independent_mc,1,0.0003852730526366011,3.3654888999881223,True,accepted_return_check_disabled,0.1,1,,,,,,,0.015298925781250004,0.0036702240078158974,0.02175456995313929,,,
T-L,DA,mc_learned_baseline,False,47,298,212176,76288,76288,0,0,59600,106088,424352,262144,1.0500000000000003,1.05,1.0498684358653738,0.0,0.0,public_state_tabular_independent_mc,1,0.0003852730526366011,3.3749931999482214,True,accepted_return_check_disabled,0.1,1,,,,,,,2.465190328815662e-32,7.589074427867142e-09,1.0,,,
T-L,DA,mc_learned_baseline,False,47,299,212888,76544,76544,0,0,59800,106444,425776,262144,1.0500000000000003,1.05,1.0498684358653738,0.0,0.0,public_state_tabular_independent_mc,1,0.0003852730526366011,3.3876737999962643,True,accepted_return_check_disabled,0.1,1,,,,,,,2.465190328815662e-32,7.589074427867142e-09,1.0,,,
T-L,DA,mc_learned_baseline,False,47,300,213600,76800,76800,0,0,60000,106800,427200,262144,1.0500000000000003,1.05,1.0498684358653738,0.0,0.0,public_state_tabular_independent_mc,1,0.0003852730526366011,3.3990009999834,True,accepted_return_check_disabled,0.1,1,,,,,,,2.465190328815662e-32,7.589074427867142e-09,1.0,,,
T-L,DA,mc_learned_baseline,False,47,301,214312,77056,77056,0,0,60200,107156,428624,262144,1.0500000000000003,1.05,1.0498684358653738,0.0,0.0,public_state_tabular_independent_mc,1,0.0003852730526366011,3.408577400026843,True,accepted_return_check_disabled,0.1,1,,,,,,,2.465190328815662e-32,7.589074427867142e-09,1.0,,,
T-L,DA,mc_learned_baseline,False,47,302,215024,77312,77312,0,0,60400,107512,430048,262144,1.0500000000000003,1.05,1.0498684358653738,0.0,0.0,public_state_tabular_independent_mc,1,0.0003852730526366011,3.419413199997507,True,accepted_return_check_disabled,0.1,1,,,,,,,2.465190328815662e-32,7.589074427867142e-09,1.0,,,
T-L,DA,mc_learned_baseline,False,47,303,215736,77568,77568,0,0,60600,107868,431472,262144,1.0500000000000003,1.05,1.0498684358653738,0.0,0.0,public_state_tabular_independent_mc,1,0.0003852730526366011,3.430747799924575,True,accepted_return_check_disabled,0.1,1,,,,,,,2.465190328815662e-32,7.589074427867142e-09,1.0,,,
T-L,DA,mc_learned_baseline,False,47,304,216448,77824,77824,0,0,60800,108224,432896,262144,1.0500000000000003,1.05,1.0498684358653738,0.0,0.0,public_state_tabular_independent_mc,1,0.0003852730526366011,3.439989499980584,True,accepted_return_check_disabled,0.1,1,,,,,,,2.465190328815662e-32,7.589074427867142e-09,1.0,,,
T-L,DA,mc_learned_baseline,False,47,305,217160,78080,78080,0,0,61000,108580,434320,262144,1.0500000000000003,1.05,1.0498684358653738,0.0,0.0,public_state_tabular_independent_mc,1,0.0003852730526366011,3.450193600030616,True,accepted_return_check_disabled,0.1,1,,,,,,,2.465190328815662e-32,7.589074427867142e-09,1.0,,,
T-L,DA,mc_learned_baseline,False,47,306,217872,78336,78336,0,0,61200,108936,435744,262144,1.0500000000000003,1.05,1.0498684358653738,0.0,0.0,public_state_tabular_independent_mc,1,0.0003852730526366011,3.4614353999495506,True,accepted_return_check_disabled,0.1,1,,,,,,,2.465190328815662e-32,7.589074427867142e-09,1.0,,,
T-L,DA,mc_learned_baseline,False,47,307,218584,78592,78592,0,0,61400,109292,437168,262144,1.0500000000000003,1.05,1.0498684358653738,0.0,0.0,public_state_tabular_independent_mc,1,0.0003852730526366011,3.470662400010042,True,accepted_return_check_disabled,0.1,1,,,,,,,2.465190328815662e-32,7.589074427867142e-09,1.0,,,
T-L,DA,mc_learned_baseline,False,47,308,219296,78848,78848,0,0,61600,109648,438592,262144,1.0500000000000003,1.05,1.0498684358653738,0.0,0.0,public_state_tabular_independent_mc,1,0.0003852730526366011,3.4841219999361783,True,accepted_return_check_disabled,0.1,1,,,,,,,2.465190328815662e-32,7.589074427867142e-09,1.0,,,
T-L,DA,mc_learned_baseline,False,47,309,220008,79104,79104,0,0,61800,110004,440016,262144,1.0500000000000003,1.05,1.0498684358653738,0.0,0.0,public_state_tabular_independent_mc,1,0.0003852730526366011,3.4934597000246868,True,accepted_return_check_disabled,0.1,1,,,,,,,2.465190328815662e-32,7.589074427867142e-09,1.0,,,
T-L,DA,mc_learned_baseline,False,47,310,220720,79360,79360,0,0,62000,110360,441440,262144,1.0500000000000003,1.05,1.0498684358653738,0.0,0.0,public_state_tabular_independent_mc,1,0.0003852730526366011,3.5025218999944627,True,accepted_return_check_disabled,0.1,1,,,,,,,2.465190328815662e-32,7.589074427867142e-09,1.0,,,
T-L,DA,mc_learned_baseline,False,47,311,221432,79616,79616,0,0,62200,110716,442864,262144,1.0500000000000003,1.05,1.0498684358653738,0.0,0.0,public_state_tabular_independent_mc,1,0.0003852730526366011,3.513589599984698,True,accepted_return_check_disabled,0.1,1,,,,,,,2.465190328815662e-32,7.589074427867142e-09,1.0,,,
T-L,DA,mc_learned_baseline,False,47,312,222144,79872,79872,0,0,62400,111072,444288,262144,1.0500000000000003,1.05,1.0498684358653738,0.0,0.0,public_state_tabular_independent_mc,1,0.0003852730526366011,3.542767599923536,True,accepted_return_check_disabled,0.1,1,,,,,,,2.465190328815662e-32,7.589074427867142e-09,1.0,,,
T-L,DA,mc_learned_baseline,False,47,313,222856,80128,80128,0,0,62600,111428,445712,262144,1.0500000000000003,1.05,1.0498684358653738,0.0,0.0,public_state_tabular_independent_mc,1,0.0003852730526366011,3.557531700003892,True,accepted_return_check_disabled,0.1,1,,,,,,,2.465190328815662e-32,7.589074427867142e-09,1.0,,,
T-L,DA,mc_learned_baseline,False,47,314,223568,80384,80384,0,0,62800,111784,447136,262144,1.0500000000000003,1.05,1.0498684358653738,0.0,0.0,public_state_tabular_independent_mc,1,0.0003852730526366011,3.5722321999492124,True,accepted_return_check_disabled,0.1,1,,,,,,,2.465190328815662e-32,7.589074427867142e-09,1.0,,,
T-L,DA,mc_learned_baseline,False,47,315,224280,80640,80640,0,0,63000,112140,448560,262144,1.0500000000000003,1.05,1.0498684358653738,0.0,0.0,public_state_tabular_independent_mc,1,0.0003852730526366011,3.5878249999368563,True,accepted_return_check_disabled,0.1,1,,,,,,,2.465190328815662e-32,7.589074427867142e-09,1.0,,,
T-L,DA,mc_learned_baseline,False,47,316,224992,80896,80896,0,0,63200,112496,449984,262144,1.0408593750000001,1.05,1.0498757158715104,7.280006136589634e-06,1.6371093766616971e-06,public_state_tabular_independent_mc,1,0.0004147407888813489,3.6029933999525383,True,accepted_return_check_disabled,0.1,1,,,,,,,0.011948828125000005,0.005347479419180253,0.052005761336454515,,,
T-L,DA,mc_learned_baseline,False,47,317,225704,81152,81152,0,0,63400,112852,451408,262144,1.0500000000000003,1.05,1.0498757158715104,0.0,0.0,public_state_tabular_independent_mc,1,0.0004147407888813489,3.6172498000087216,True,accepted_return_check_disabled,0.1,1,,,,,,,2.465190328815662e-32,5.5611142778558516e-09,1.0,,,
T-L,DA,mc_learned_baseline,False,47,318,226416,81408,81408,0,0,63600,113208,452832,262144,1.0500000000000003,1.05,1.0498757158715104,0.0,0.0,public_state_tabular_independent_mc,1,0.0004147407888813489,3.6266704000299796,True,accepted_return_check_disabled,0.1,1,,,,,,,2.465190328815662e-32,5.5611142778558516e-09,1.0,,,
T-L,DA,mc_learned_baseline,False,47,319,227128,81664,81664,0,0,63800,113564,454256,262144,1.0500000000000003,1.05,1.0498757158715104,0.0,0.0,public_state_tabular_independent_mc,1,0.0004147407888813489,3.6362768999533728,True,accepted_return_check_disabled,0.1,1,,,,,,,2.465190328815662e-32,5.5611142778558516e-09,1.0,,,
T-L,DA,mc_learned_baseline,False,47,320,227840,81920,81920,0,0,64000,113920,455680,262144,1.0500000000000003,1.05,1.0498757158715104,0.0,0.0,public_state_tabular_independent_mc,1,0.0004147407888813489,3.6462338999845088,True,accepted_return_check_disabled,0.1,1,,,,,,,2.465190328815662e-32,5.5611142778558516e-09,1.0,,,
T-L,DA,mc_learned_baseline,False,47,321,228552,82176,82176,0,0,64200,114276,457104,262144,1.0500000000000003,1.05,1.0498757158715104,0.0,0.0,public_state_tabular_independent_mc,1,0.0004147407888813489,3.655407299986109,True,accepted_return_check_disabled,0.1,1,,,,,,,2.465190328815662e-32,5.5611142778558516e-09,1.0,,,
T-L,DA,mc_learned_baseline,False,47,322,229264,82432,82432,0,0,64400,114632,458528,262144,1.0500000000000003,1.05,1.0498757158715104,0.0,0.0,public_state_tabular_independent_mc,1,0.0004147407888813489,3.664979699999094,True,accepted_return_check_disabled,0.1,1,,,,,,,2.465190328815662e-32,5.5611142778558516e-09,1.0,,,
T-L,DA,mc_learned_baseline,False,47,323,229976,82688,82688,0,0,64600,114988,459952,262144,1.0500000000000003,1.05,1.0498757158715104,0.0,0.0,public_state_tabular_independent_mc,1,0.0004147407888813489,3.6738510000286624,True,accepted_return_check_disabled,0.1,1,,,,,,,2.465190328815662e-32,5.5611142778558516e-09,1.0,,,
T-L,DA,mc_learned_baseline,False,47,324,230688,82944,82944,0,0,64800,115344,461376,262144,1.0500000000000003,1.05,1.0498757158715104,0.0,0.0,public_state_tabular_independent_mc,1,0.0004147407888813489,3.683185699977912,True,accepted_return_check_disabled,0.1,1,,,,,,,2.465190328815662e-32,5.5611142778558516e-09,1.0,,,
T-L,DA,mc_learned_baseline,False,47,325,231400,83200,83200,0,0,65000,115700,462800,262144,1.0500000000000003,1.05,1.0498757158715104,0.0,0.0,public_state_tabular_independent_mc,1,0.0004147407888813489,3.693109399988316,True,accepted_return_check_disabled,0.1,1,,,,,,,2.465190328815662e-32,5.5611142778558516e-09,1.0,,,
T-L,DA,mc_learned_baseline,False,47,326,232112,83456,83456,0,0,65200,116056,464224,262144,1.0500000000000003,1.05,1.0498757158715104,0.0,0.0,public_state_tabular_independent_mc,1,0.0004147407888813489,3.701829999918118,True,accepted_return_check_disabled,0.1,1,,,,,,,2.465190328815662e-32,5.5611142778558516e-09,1.0,,,
T-L,DA,mc_learned_baseline,False,47,327,232824,83712,83712,0,0,65400,116412,465648,262144,1.0500000000000003,1.05,1.0498757158715104,0.0,0.0,public_state_tabular_independent_mc,1,0.0004147407888813489,3.7112312000244856,True,accepted_return_check_disabled,0.1,1,,,,,,,2.465190328815662e-32,5.5611142778558516e-09,1.0,,,
T-L,DA,mc_learned_baseline,False,47,328,233536,83968,83968,0,0,65600,116768,467072,262144,1.0500000000000003,1.05,1.0498757158715104,0.0,0.0,public_state_tabular_independent_mc,1,0.0004147407888813489,3.7201266000047326,True,accepted_return_check_disabled,0.1,1,,,,,,,2.465190328815662e-32,5.5611142778558516e-09,1.0,,,
T-L,DA,mc_learned_baseline,False,47,329,234248,84224,84224,0,0,65800,117124,468496,262144,1.0500000000000003,1.05,1.0498757158715104,0.0,0.0,public_state_tabular_independent_mc,1,0.0004147407888813489,3.73101480002515,True,accepted_return_check_disabled,0.1,1,,,,,,,2.465190328815662e-32,5.5611142778558516e-09,1.0,,,
T-L,DA,mc_learned_baseline,False,47,330,234960,84480,84480,0,0,66000,117480,469920,262144,1.0500000000000003,1.05,1.0498757158715104,0.0,0.0,public_state_tabular_independent_mc,1,0.0004147407888813489,3.741060599917546,True,accepted_return_check_disabled,0.1,1,,,,,,,2.465190328815662e-32,5.5611142778558516e-09,1.0,,,
T-L,DA,mc_learned_baseline,False,47,331,235672,84736,84736,0,0,66200,117836,471344,262144,1.0500000000000003,1.05,1.0498757158715104,0.0,0.0,public_state_tabular_independent_mc,1,0.0004147407888813489,3.750231400015764,True,accepted_return_check_disabled,0.1,1,,,,,,,2.465190328815662e-32,5.5611142778558516e-09,1.0,,,
T-L,DA,mc_learned_baseline,False,47,332,236384,84992,84992,0,0,66400,118192,472768,262144,1.0500000000000003,1.05,1.0498757158715104,0.0,0.0,public_state_tabular_independent_mc,1,0.0004147407888813489,3.762036200030707,True,accepted_return_check_disabled,0.1,1,,,,,,,2.465190328815662e-32,5.5611142778558516e-09,1.0,,,
T-L,DA,mc_learned_baseline,False,47,333,237096,85248,85248,0,0,66600,118548,474192,262144,1.0500000000000003,1.05,1.0498757158715104,0.0,0.0,public_state_tabular_independent_mc,1,0.0004147407888813489,3.77794369996991,True,accepted_return_check_disabled,0.1,1,,,,,,,2.465190328815662e-32,5.5611142778558516e-09,1.0,,,
T-L,DA,mc_learned_baseline,False,47,334,237808,85504,85504,0,0,66800,118904,475616,262144,1.0500000000000003,1.05,1.0498757158715104,0.0,0.0,public_state_tabular_independent_mc,1,0.0004147407888813489,3.788211299921386,True,accepted_return_check_disabled,0.1,1,,,,,,,2.465190328815662e-32,5.5611142778558516e-09,1.0,,,
T-L,DA,mc_learned_baseline,False,47,335,238520,85760,85760,0,0,67000,119260,477040,262144,1.0500000000000003,1.05,1.0498757158715104,0.0,0.0,public_state_tabular_independent_mc,1,0.0004147407888813489,3.7998789999401197,True,accepted_return_check_disabled,0.1,1,,,,,,,2.465190328815662e-32,5.5611142778558516e-09,1.0,,,
T-L,DA,mc_learned_baseline,False,47,336,239232,86016,86016,0,0,67200,119616,478464,262144,1.0500000000000003,1.05,1.0498757158715104,0.0,0.0,public_state_tabular_independent_mc,1,0.0004147407888813489,3.80985600000713,True,accepted_return_check_disabled,0.1,1,,,,,,,2.465190328815662e-32,5.5611142778558516e-09,1.0,,,
T-L,DA,mc_learned_baseline,False,47,337,239944,86272,86272,0,0,67400,119972,479888,262144,1.0500000000000003,1.0470000000000002,1.0498757158715104,0.0,0.0,public_state_tabular_independent_mc,1,0.0004147407888813489,3.820075699943118,True,accepted_return_check_disabled,0.1,1,,,,,,,2.465190328815662e-32,5.5611142778558516e-09,1.0,,,
T-L,DA,mc_learned_baseline,False,47,338,240656,86528,86528,0,0,67600,120328,481312,262144,1.0500000000000003,1.05,1.0498757158715104,0.0,0.0,public_state_tabular_independent_mc,1,0.0004147407888813489,3.829675499931909,True,accepted_return_check_disabled,0.1,1,,,,,,,2.465190328815662e-32,5.5611142778558516e-09,1.0,,,
T-L,DA,mc_learned_baseline,False,47,339,241368,86784,86784,0,0,67800,120684,482736,262144,1.0500000000000003,1.05,1.0498757158715104,0.0,0.0,public_state_tabular_independent_mc,1,0.0004147407888813489,3.8389284999575466,True,accepted_return_check_disabled,0.1,1,,,,,,,2.465190328815662e-32,5.5611142778558516e-09,1.0,,,
T-L,DA,mc_learned_baseline,False,47,340,242080,87040,87040,0,0,68000,121040,484160,262144,1.0500000000000003,1.05,1.0498757158715104,0.0,0.0,public_state_tabular_independent_mc,1,0.0004147407888813489,3.84867320000194,True,accepted_return_check_disabled,0.1,1,,,,,,,2.465190328815662e-32,5.5611142778558516e-09,1.0,,,
T-L,DA,mc_learned_baseline,False,47,341,242792,87296,87296,0,0,68200,121396,485584,262144,1.0500000000000003,1.05,1.0498757158715104,0.0,0.0,public_state_tabular_independent_mc,1,0.0004147407888813489,3.8571077999658883,True,accepted_return_check_disabled,0.1,1,,,,,,,2.465190328815662e-32,5.5611142778558516e-09,1.0,,,
T-L,DA,mc_learned_baseline,False,47,342,243504,87552,87552,0,0,68400,121752,487008,262144,1.0500000000000003,1.05,1.0498757158715104,0.0,0.0,public_state_tabular_independent_mc,1,0.0004147407888813489,3.8672344000078738,True,accepted_return_check_disabled,0.1,1,,,,,,,2.465190328815662e-32,5.5611142778558516e-09,1.0,,,
T-L,DA,mc_learned_baseline,False,47,343,244216,87808,87808,0,0,68600,122108,488432,262144,1.0500000000000003,1.05,1.0498757158715104,0.0,0.0,public_state_tabular_independent_mc,1,0.0004147407888813489,3.876059899921529,True,accepted_return_check_disabled,0.1,1,,,,,,,2.465190328815662e-32,5.5611142778558516e-09,1.0,,,
T-L,DA,mc_learned_baseline,False,47,344,244928,88064,88064,0,0,68800,122464,489856,262144,1.0500000000000003,1.05,1.0498757158715104,0.0,0.0,public_state_tabular_independent_mc,1,0.0004147407888813489,3.8861017000162974,True,accepted_return_check_disabled,0.1,1,,,,,,,2.465190328815662e-32,5.5611142778558516e-09,1.0,,,
T-L,DA,mc_learned_baseline,False,47,345,245640,88320,88320,0,0,69000,122820,491280,262144,1.0500000000000003,1.05,1.0498757158715104,0.0,0.0,public_state_tabular_independent_mc,1,0.0004147407888813489,3.896249199984595,True,accepted_return_check_disabled,0.1,1,,,,,,,2.465190328815662e-32,5.5611142778558516e-09,1.0,,,
T-L,DA,mc_learned_baseline,False,47,346,246352,88576,88576,0,0,69200,123176,492704,262144,1.0500000000000003,1.05,1.0498757158715104,0.0,0.0,public_state_tabular_independent_mc,1,0.0004147407888813489,3.9058391000144184,True,accepted_return_check_disabled,0.1,1,,,,,,,2.465190328815662e-32,5.5611142778558516e-09,1.0,,,
T-L,DA,mc_learned_baseline,False,47,347,247064,88832,88832,0,0,69400,123532,494128,262144,1.0500000000000003,1.05,1.0498757158715104,0.0,0.0,public_state_tabular_independent_mc,1,0.0004147407888813489,3.9155844999477267,True,accepted_return_check_disabled,0.1,1,,,,,,,2.465190328815662e-32,5.5611142778558516e-09,1.0,,,
T-L,DA,mc_learned_baseline,False,47,348,247776,89088,89088,0,0,69600,123888,495552,262144,1.0500000000000003,1.05,1.0498757158715104,0.0,0.0,public_state_tabular_independent_mc,1,0.0004147407888813489,3.925858599948697,True,accepted_return_check_disabled,0.1,1,,,,,,,2.465190328815662e-32,5.5611142778558516e-09,1.0,,,
T-L,DA,mc_learned_baseline,False,47,349,248488,89344,89344,0,0,69800,124244,496976,262144,1.0500000000000003,1.05,1.0498757158715104,0.0,0.0,public_state_tabular_independent_mc,1,0.0004147407888813489,3.935192200005986,True,accepted_return_check_disabled,0.1,1,,,,,,,2.465190328815662e-32,5.5611142778558516e-09,1.0,,,
T-L,DA,mc_learned_baseline,False,47,350,249200,89600,89600,0,0,70000,124600,498400,262144,1.0500000000000003,1.05,1.0498757158715104,0.0,0.0,public_state_tabular_independent_mc,1,0.0004147407888813489,3.94556159991771,True,accepted_return_check_disabled,0.1,1,,,,,,,2.465190328815662e-32,5.5611142778558516e-09,1.0,,,
T-L,DA,mc_learned_baseline,False,47,351,249912,89856,89856,0,0,70200,124956,499824,262144,1.0500000000000003,1.0470000000000002,1.0498757158715104,0.0,0.0,public_state_tabular_independent_mc,1,0.0004147407888813489,3.9542211999651045,True,accepted_return_check_disabled,0.1,1,,,,,,,2.465190328815662e-32,5.5611142778558516e-09,1.0,,,
T-L,DA,mc_learned_baseline,False,47,352,250624,90112,90112,0,0,70400,125312,501248,262144,1.0500000000000003,1.05,1.0498757158715104,0.0,0.0,public_state_tabular_independent_mc,1,0.0004147407888813489,3.9646236000116915,True,accepted_return_check_disabled,0.1,1,,,,,,,2.465190328815662e-32,5.5611142778558516e-09,1.0,,,
T-L,DA,mc_learned_baseline,False,47,353,251336,90368,90368,0,0,70600,125668,502672,262144,1.0500000000000003,1.05,1.0498757158715104,0.0,0.0,public_state_tabular_independent_mc,1,0.0004147407888813489,3.9774437999585643,True,accepted_return_check_disabled,0.1,1,,,,,,,2.465190328815662e-32,5.5611142778558516e-09,1.0,,,
T-L,DA,mc_learned_baseline,False,47,354,252048,90624,90624,0,0,70800,126024,504096,262144,1.0500000000000003,1.05,1.0498757158715104,0.0,0.0,public_state_tabular_independent_mc,1,0.0004147407888813489,3.9874392999336123,True,accepted_return_check_disabled,0.1,1,,,,,,,2.465190328815662e-32,5.5611142778558516e-09,1.0,,,
T-L,DA,mc_learned_baseline,False,47,355,252760,90880,90880,0,0,71000,126380,505520,262144,1.0500000000000003,1.05,1.0498757158715104,0.0,0.0,public_state_tabular_independent_mc,1,0.0004147407888813489,3.9969283000100404,True,accepted_return_check_disabled,0.1,1,,,,,,,2.465190328815662e-32,5.5611142778558516e-09,1.0,,,
T-L,DA,mc_learned_baseline,False,47,356,253472,91136,91136,0,0,71200,126736,506944,262144,1.0500000000000003,1.05,1.0498757158715104,0.0,0.0,public_state_tabular_independent_mc,1,0.0004147407888813489,4.006810599938035,True,accepted_return_check_disabled,0.1,1,,,,,,,2.465190328815662e-32,5.5611142778558516e-09,1.0,,,
T-L,DA,mc_learned_baseline,False,47,357,254184,91392,91392,0,0,71400,127092,508368,262144,1.0408593750000001,1.05,1.0498727743225778,-2.9415489326556354e-06,2.2904355093006345e-06,public_state_tabular_independent_mc,1,0.0004851078607870343,4.016168399946764,True,accepted_return_check_disabled,0.1,1,,,,,,,0.011948828125000005,0.0053475877437277955,0.052005761336454515,,,
T-L,DA,mc_learned_baseline,False,47,358,254896,91648,91648,0,0,71600,127448,509792,262144,1.0500000000000003,1.05,1.0498727743225778,0.0,0.0,public_state_tabular_independent_mc,1,0.0004851078607870343,4.026579099940136,True,accepted_return_check_disabled,0.1,1,,,,,,,2.465190328815662e-32,4.7867141300586325e-09,1.0,,,
T-L,DA,mc_learned_baseline,False,47,359,255608,91904,91904,0,0,71800,127804,511216,262144,1.0500000000000003,1.05,1.0498727743225778,0.0,0.0,public_state_tabular_independent_mc,1,0.0004851078607870343,4.03812659997493,True,accepted_return_check_disabled,0.1,1,,,,,,,2.465190328815662e-32,4.7867141300586325e-09,1.0,,,
T-L,DA,mc_learned_baseline,False,47,360,256320,92160,92160,0,0,72000,128160,512640,262144,1.0500000000000003,1.05,1.0498727743225778,0.0,0.0,public_state_tabular_independent_mc,1,0.0004851078607870343,4.047600399935618,True,accepted_return_check_disabled,0.1,1,,,,,,,2.465190328815662e-32,4.7867141300586325e-09,1.0,,,
T-L,DA,mc_learned_baseline,False,47,361,257032,92416,92416,0,0,72200,128516,514064,262144,1.0500000000000003,1.05,1.0498727743225778,0.0,0.0,public_state_tabular_independent_mc,1,0.0004851078607870343,4.062810999923386,True,accepted_return_check_disabled,0.1,1,,,,,,,2.465190328815662e-32,4.7867141300586325e-09,1.0,,,
T-L,DA,mc_learned_baseline,False,47,362,257744,92672,92672,0,0,72400,128872,515488,262144,1.0500000000000003,1.05,1.0498727743225778,0.0,0.0,public_state_tabular_independent_mc,1,0.0004851078607870343,4.072105000028387,True,accepted_return_check_disabled,0.1,1,,,,,,,2.465190328815662e-32,4.7867141300586325e-09,1.0,,,
T-L,DA,mc_learned_baseline,False,47,363,258456,92928,92928,0,0,72600,129228,516912,262144,1.0500000000000003,1.05,1.0498727743225778,0.0,0.0,public_state_tabular_independent_mc,1,0.0004851078607870343,4.082177300006151,True,accepted_return_check_disabled,0.1,1,,,,,,,2.465190328815662e-32,4.7867141300586325e-09,1.0,,,
T-L,DA,mc_learned_baseline,False,47,364,259168,93184,93184,0,0,72800,129584,518336,262144,1.0500000000000003,1.05,1.0498727743225778,0.0,0.0,public_state_tabular_independent_mc,1,0.0004851078607870343,4.096342799952254,True,accepted_return_check_disabled,0.1,1,,,,,,,2.465190328815662e-32,4.7867141300586325e-09,1.0,,,
T-L,DA,mc_learned_baseline,False,47,365,259880,93440,93440,0,0,73000,129940,519760,262144,1.0500000000000003,1.05,1.0498727743225778,0.0,0.0,public_state_tabular_independent_mc,1,0.0004851078607870343,4.106825700029731,True,accepted_return_check_disabled,0.1,1,,,,,,,2.465190328815662e-32,4.7867141300586325e-09,1.0,,,
T-L,DA,mc_learned_baseline,False,47,366,260592,93696,93696,0,0,73200,130296,521184,262144,1.0500000000000003,1.0383000000000002,1.0498727743225778,0.0,0.0,public_state_tabular_independent_mc,1,0.0004851078607870343,4.117789599928074,True,accepted_return_check_disabled,0.1,1,,,,,,,2.465190328815662e-32,4.7867141300586325e-09,1.0,,,
T-L,DA,mc_learned_baseline,False,47,367,261304,93952,93952,0,0,73400,130652,522608,262144,1.0500000000000003,1.05,1.0498727743225778,0.0,0.0,public_state_tabular_independent_mc,1,0.0004851078607870343,4.129509899998084,True,accepted_return_check_disabled,0.1,1,,,,,,,2.465190328815662e-32,4.7867141300586325e-09,1.0,,,
T-L,DA,mc_learned_baseline,False,47,368,262016,94208,94208,0,0,73600,131008,524032,262144,1.0500000000000003,1.05,1.0498727743225778,0.0,0.0,public_state_tabular_independent_mc,1,0.0004851078607870343,4.1386259000282735,True,accepted_return_check_disabled,0.1,1,,,,,,,2.465190328815662e-32,4.7867141300586325e-09,1.0,,,
