round,source_episodes,round_source_episodes,direction_passed,candidate_count,fit_kl,accepted,experiment,method,label,seed,source_steps_total
1,456,356,,1,3.3977468699632873e-09,True,P-L,AN,mc_learned_baseline,45,456
2,812,356,,1,3.4779304888906525e-10,True,P-L,AN,mc_learned_baseline,45,812
3,1168,356,,1,8.059224853807717e-10,True,P-L,AN,mc_learned_baseline,45,1168
4,1524,356,,1,7.48593688934542e-10,True,P-L,AN,mc_learned_baseline,45,1524
5,1880,356,,1,1.0091649642303184e-08,True,P-L,AN,mc_learned_baseline,45,1880
6,2236,356,,1,1.0720342827391305e-08,True,P-L,AN,mc_learned_baseline,45,2236
7,2592,356,,1,1.3062641041899713e-08,True,P-L,AN,mc_learned_baseline,45,2592
8,2948,356,,1,6.5732526641123785e-09,True,P-L,AN,mc_learned_baseline,45,2948
9,3304,356,,1,1.8612221650321022e-08,True,P-L,AN,mc_learned_baseline,45,3304
10,3660,356,,1,1.6729942548019246e-08,True,P-L,AN,mc_learned_baseline,45,3660
11,4016,356,,1,1.1452577961263616e-08,True,P-L,AN,mc_learned_baseline,45,4016
12,4372,356,,1,3.4144605311094054e-08,True,P-L,AN,mc_learned_baseline,45,4372
13,4728,356,,1,1.072103005692353e-08,True,P-L,AN,mc_learned_baseline,45,4728
14,5084,356,,1,1.100775814770649e-08,True,P-L,AN,mc_learned_baseline,45,5084
15,5440,356,,1,1.963114279043239e-08,True,P-L,AN,mc_learned_baseline,45,5440
16,5796,356,,1,6.419130737019871e-08,True,P-L,AN,mc_learned_baseline,45,5796
17,6152,356,,1,1.7968001093883977e-08,True,P-L,AN,mc_learned_baseline,45,6152
18,6508,356,,1,6.10762192166114e-08,True,P-L,AN,mc_learned_baseline,45,6508
19,6864,356,,1,6.261574573569138e-08,True,P-L,AN,mc_learned_baseline,45,6864
20,7220,356,,1,4.6159539690498055e-08,True,P-L,AN,mc_learned_baseline,45,7220
21,7576,356,,1,1.5315627067833475e-08,True,P-L,AN,mc_learned_baseline,45,7576
22,7932,356,,1,7.33529512804742e-08,True,P-L,AN,mc_learned_baseline,45,7932
23,8288,356,,1,3.451634256895462e-08,True,P-L,AN,mc_learned_baseline,45,8288
24,8644,356,,1,3.152298802314404e-08,True,P-L,AN,mc_learned_baseline,45,8644
25,9000,356,,1,2.8721802608973435e-08,True,P-L,AN,mc_learned_baseline,45,9000
26,9356,356,,1,1.1044378794278998e-08,True,P-L,AN,mc_learned_baseline,45,9356
27,9712,356,,1,6.82359025383246e-09,True,P-L,AN,mc_learned_baseline,45,9712
28,10068,356,,1,1.0767049856903513e-09,True,P-L,AN,mc_learned_baseline,45,10068
29,10424,356,,1,1.728149476088373e-09,True,P-L,AN,mc_learned_baseline,45,10424
30,10780,356,,1,8.432709470983416e-09,True,P-L,AN,mc_learned_baseline,45,10780
31,11136,356,,1,8.353258102087523e-11,True,P-L,AN,mc_learned_baseline,45,11136
32,11492,356,,1,2.7684365924903256e-09,True,P-L,AN,mc_learned_baseline,45,11492
33,11848,356,,1,1.4567035545065414e-12,True,P-L,AN,mc_learned_baseline,45,11848
34,12204,356,,1,1.8216041599691583e-12,True,P-L,AN,mc_learned_baseline,45,12204
35,12560,356,,1,7.1911845105261304e-12,True,P-L,AN,mc_learned_baseline,45,12560
36,12916,356,,1,8.859491261098398e-11,True,P-L,AN,mc_learned_baseline,45,12916
37,13272,356,,1,4.3038271602366135e-14,True,P-L,AN,mc_learned_baseline,45,13272
38,13628,356,,1,4.674105425678943e-13,True,P-L,AN,mc_learned_baseline,45,13628
39,13984,356,,1,9.426993316889076e-13,True,P-L,AN,mc_learned_baseline,45,13984
40,14340,356,,1,3.1702660903100724e-13,True,P-L,AN,mc_learned_baseline,45,14340
41,14696,356,,1,1.0021858259048166e-13,True,P-L,AN,mc_learned_baseline,45,14696
42,15052,356,,1,2.9141181865139174e-13,True,P-L,AN,mc_learned_baseline,45,15052
43,15408,356,,1,6.019209554784322e-13,True,P-L,AN,mc_learned_baseline,45,15408
44,15764,356,,1,6.952405746670656e-13,True,P-L,AN,mc_learned_baseline,45,15764
45,16120,356,,1,5.7227978348423623e-11,True,P-L,AN,mc_learned_baseline,45,16120
46,16476,356,,1,2.677944092144861e-13,True,P-L,AN,mc_learned_baseline,45,16476
47,16832,356,,1,1.3969703847465848e-13,True,P-L,AN,mc_learned_baseline,45,16832
48,17188,356,,1,2.427873266669657e-13,True,P-L,AN,mc_learned_baseline,45,17188
49,17544,356,,1,2.4306696096863823e-13,True,P-L,AN,mc_learned_baseline,45,17544
50,17900,356,,1,6.112556218700312e-13,True,P-L,AN,mc_learned_baseline,45,17900
51,18256,356,,1,1.3541803503348967e-12,True,P-L,AN,mc_learned_baseline,45,18256
52,18612,356,,1,8.674555565235168e-15,True,P-L,AN,mc_learned_baseline,45,18612
53,18968,356,,1,5.304049573922989e-11,True,P-L,AN,mc_learned_baseline,45,18968
54,19324,356,,1,1.4009165791670513e-13,True,P-L,AN,mc_learned_baseline,45,19324
55,19680,356,,1,9.362495925398474e-14,True,P-L,AN,mc_learned_baseline,45,19680
56,20036,356,,1,2.578605477000773e-11,True,P-L,AN,mc_learned_baseline,45,20036
57,20392,356,,1,1.654933793320445e-13,True,P-L,AN,mc_learned_baseline,45,20392
58,20748,356,,1,1.0393933502929035e-13,True,P-L,AN,mc_learned_baseline,45,20748
59,21104,356,,1,1.476860219612909e-13,True,P-L,AN,mc_learned_baseline,45,21104
60,21460,356,,1,1.686936766010144e-13,True,P-L,AN,mc_learned_baseline,45,21460
61,21816,356,,1,7.315336812971953e-14,True,P-L,AN,mc_learned_baseline,45,21816
62,22172,356,,1,2.010064322830427e-13,True,P-L,AN,mc_learned_baseline,45,22172
63,22528,356,,1,1.5706290181895583e-13,True,P-L,AN,mc_learned_baseline,45,22528
64,22884,356,,1,3.401875757875855e-11,True,P-L,AN,mc_learned_baseline,45,22884
65,23240,356,,1,2.8219598004285637e-14,True,P-L,AN,mc_learned_baseline,45,23240
66,23596,356,,1,1.2066260395164525e-13,True,P-L,AN,mc_learned_baseline,45,23596
67,23952,356,,1,9.43516508605292e-14,True,P-L,AN,mc_learned_baseline,45,23952
68,24308,356,,1,1.0057834388540116e-13,True,P-L,AN,mc_learned_baseline,45,24308
69,24664,356,,1,1.8735994306446063e-13,True,P-L,AN,mc_learned_baseline,45,24664
70,25020,356,,1,1.6605294579615077e-14,True,P-L,AN,mc_learned_baseline,45,25020
71,25376,356,,1,6.885004431150446e-14,True,P-L,AN,mc_learned_baseline,45,25376
72,25732,356,,1,7.363729604154226e-14,True,P-L,AN,mc_learned_baseline,45,25732
73,26088,356,,1,9.647647476144644e-14,True,P-L,AN,mc_learned_baseline,45,26088
74,26444,356,,1,9.85541577326643e-14,True,P-L,AN,mc_learned_baseline,45,26444
75,26800,356,,1,1.9491196726478605e-14,True,P-L,AN,mc_learned_baseline,45,26800
76,27156,356,,1,5.258166498027513e-14,True,P-L,AN,mc_learned_baseline,45,27156
77,27512,356,,1,6.783647170487133e-14,True,P-L,AN,mc_learned_baseline,45,27512
78,27868,356,,1,8.589687922456132e-14,True,P-L,AN,mc_learned_baseline,45,27868
79,28224,356,,1,9.9143301243018e-14,True,P-L,AN,mc_learned_baseline,45,28224
80,28580,356,,1,1.012325625136471e-13,True,P-L,AN,mc_learned_baseline,45,28580
81,28936,356,,1,6.106944973088312e-14,True,P-L,AN,mc_learned_baseline,45,28936
82,29292,356,,1,2.524438322175211e-14,True,P-L,AN,mc_learned_baseline,45,29292
83,29648,356,,1,5.453025058545355e-14,True,P-L,AN,mc_learned_baseline,45,29648
84,30004,356,,1,2.1500445538635613e-14,True,P-L,AN,mc_learned_baseline,45,30004
85,30360,356,,1,7.453443993538151e-14,True,P-L,AN,mc_learned_baseline,45,30360
86,30716,356,,1,4.396370898045703e-14,True,P-L,AN,mc_learned_baseline,45,30716
87,31072,356,,1,5.209526327596291e-14,True,P-L,AN,mc_learned_baseline,45,31072
88,31428,356,,1,8.955119939336646e-14,True,P-L,AN,mc_learned_baseline,45,31428
89,31784,356,,1,8.535992851181539e-14,True,P-L,AN,mc_learned_baseline,45,31784
90,32140,356,,1,5.351215512417212e-14,True,P-L,AN,mc_learned_baseline,45,32140
91,32496,356,,1,5.309538205288885e-14,True,P-L,AN,mc_learned_baseline,45,32496
92,32852,356,,1,6.014322560510082e-14,True,P-L,AN,mc_learned_baseline,45,32852
93,33208,356,,1,6.241239153357349e-14,True,P-L,AN,mc_learned_baseline,45,33208
94,33564,356,,1,1.0057001512140549e-13,True,P-L,AN,mc_learned_baseline,45,33564
95,33920,356,,1,2.1696850427032797e-14,True,P-L,AN,mc_learned_baseline,45,33920
96,34276,356,,1,4.96869223887348e-14,True,P-L,AN,mc_learned_baseline,45,34276
97,34632,356,,1,1.0161122003379532e-13,True,P-L,AN,mc_learned_baseline,45,34632
98,34988,356,,1,1.0147509978046926e-13,True,P-L,AN,mc_learned_baseline,45,34988
99,35344,356,,1,1.1770941259681807e-13,True,P-L,AN,mc_learned_baseline,45,35344
100,35700,356,,1,2.9360023861790957e-13,True,P-L,AN,mc_learned_baseline,45,35700
101,36056,356,,1,8.565580590273769e-14,True,P-L,AN,mc_learned_baseline,45,36056
102,36412,356,,1,7.49881276113995e-14,True,P-L,AN,mc_learned_baseline,45,36412
103,36768,356,,1,7.913895261510102e-14,True,P-L,AN,mc_learned_baseline,45,36768
104,37124,356,,1,7.851376375839535e-14,True,P-L,AN,mc_learned_baseline,45,37124
105,37480,356,,1,9.097886101956302e-14,True,P-L,AN,mc_learned_baseline,45,37480
106,37836,356,,1,3.268856973282357e-14,True,P-L,AN,mc_learned_baseline,45,37836
107,38192,356,,1,1.2193834272689293e-13,True,P-L,AN,mc_learned_baseline,45,38192
108,38548,356,,1,2.167213462633403e-14,True,P-L,AN,mc_learned_baseline,45,38548
109,38904,356,,1,7.672285196041212e-14,True,P-L,AN,mc_learned_baseline,45,38904
110,39260,356,,1,6.015322858306181e-14,True,P-L,AN,mc_learned_baseline,45,39260
111,39616,356,,1,5.3865401829066094e-14,True,P-L,AN,mc_learned_baseline,45,39616
112,39972,356,,1,5.270354872928821e-14,True,P-L,AN,mc_learned_baseline,45,39972
113,40328,356,,1,1.755047718781785e-13,True,P-L,AN,mc_learned_baseline,45,40328
114,40684,356,,1,6.214304540557323e-14,True,P-L,AN,mc_learned_baseline,45,40684
115,41040,356,,1,3.632853680336698e-14,True,P-L,AN,mc_learned_baseline,45,41040
116,41396,356,,1,9.213499048578272e-14,True,P-L,AN,mc_learned_baseline,45,41396
117,41752,356,,1,4.800608543655377e-13,True,P-L,AN,mc_learned_baseline,45,41752
118,42108,356,,1,6.383707888794969e-14,True,P-L,AN,mc_learned_baseline,45,42108
119,42464,356,,1,9.722788747315982e-14,True,P-L,AN,mc_learned_baseline,45,42464
120,42820,356,,1,3.3684765089475414e-14,True,P-L,AN,mc_learned_baseline,45,42820
121,43176,356,,1,5.925992447257436e-14,True,P-L,AN,mc_learned_baseline,45,43176
122,43532,356,,1,8.711414259667171e-14,True,P-L,AN,mc_learned_baseline,45,43532
123,43888,356,,1,6.336070971390404e-14,True,P-L,AN,mc_learned_baseline,45,43888
124,44244,356,,1,5.5149455452593155e-14,True,P-L,AN,mc_learned_baseline,45,44244
125,44600,356,,1,4.5901412768681474e-14,True,P-L,AN,mc_learned_baseline,45,44600
126,44956,356,,1,3.519798974924155e-14,True,P-L,AN,mc_learned_baseline,45,44956
127,45312,356,,1,5.471952112706012e-14,True,P-L,AN,mc_learned_baseline,45,45312
128,45668,356,,1,5.877210439820632e-15,True,P-L,AN,mc_learned_baseline,45,45668
129,46024,356,,1,4.702925579116258e-14,True,P-L,AN,mc_learned_baseline,45,46024
130,46380,356,,1,1.0040236227351165e-13,True,P-L,AN,mc_learned_baseline,45,46380
131,46736,356,,1,3.329512299570935e-14,True,P-L,AN,mc_learned_baseline,45,46736
132,47092,356,,1,7.032270228441596e-14,True,P-L,AN,mc_learned_baseline,45,47092
133,47448,356,,1,8.38377326951248e-14,True,P-L,AN,mc_learned_baseline,45,47448
134,47804,356,,1,1.034430954684885e-13,True,P-L,AN,mc_learned_baseline,45,47804
135,48160,356,,1,5.3129707093058026e-14,True,P-L,AN,mc_learned_baseline,45,48160
136,48516,356,,1,1.1167520866954776e-13,True,P-L,AN,mc_learned_baseline,45,48516
137,48872,356,,1,7.550046114427248e-14,True,P-L,AN,mc_learned_baseline,45,48872
138,49228,356,,1,4.1206929802552056e-13,True,P-L,AN,mc_learned_baseline,45,49228
139,49584,356,,1,3.937973701200224e-14,True,P-L,AN,mc_learned_baseline,45,49584
140,49940,356,,1,3.4499248422028456e-14,True,P-L,AN,mc_learned_baseline,45,49940
141,50296,356,,1,7.39599947190522e-14,True,P-L,AN,mc_learned_baseline,45,50296
142,50652,356,,1,7.462718805732308e-14,True,P-L,AN,mc_learned_baseline,45,50652
143,51008,356,,1,3.0007450872900045e-14,True,P-L,AN,mc_learned_baseline,45,51008
144,51364,356,,1,3.4389268473810734e-14,True,P-L,AN,mc_learned_baseline,45,51364
145,51720,356,,1,7.685384167387725e-14,True,P-L,AN,mc_learned_baseline,45,51720
146,52076,356,,1,7.973508619254473e-14,True,P-L,AN,mc_learned_baseline,45,52076
147,52432,356,,1,4.5712270066407166e-14,True,P-L,AN,mc_learned_baseline,45,52432
148,52788,356,,1,5.362158602652358e-14,True,P-L,AN,mc_learned_baseline,45,52788
149,53144,356,,1,4.689920396672855e-14,True,P-L,AN,mc_learned_baseline,45,53144
150,53500,356,,1,7.459585165249818e-14,True,P-L,AN,mc_learned_baseline,45,53500
151,53856,356,,1,8.269632918414241e-14,True,P-L,AN,mc_learned_baseline,45,53856
152,54212,356,,1,1.175397957909749e-11,True,P-L,AN,mc_learned_baseline,45,54212
153,54568,356,,1,3.74325387241308e-14,True,P-L,AN,mc_learned_baseline,45,54568
154,54924,356,,1,3.936808240363056e-14,True,P-L,AN,mc_learned_baseline,45,54924
155,55280,356,,1,3.0497075748224666e-14,True,P-L,AN,mc_learned_baseline,45,55280
156,55636,356,,1,5.009656974808287e-14,True,P-L,AN,mc_learned_baseline,45,55636
157,55992,356,,1,1.0771274261802673e-11,True,P-L,AN,mc_learned_baseline,45,55992
158,56348,356,,1,2.234929080432936e-15,True,P-L,AN,mc_learned_baseline,45,56348
159,56704,356,,1,6.150463596055023e-15,True,P-L,AN,mc_learned_baseline,45,56704
160,57060,356,,1,1.9219609234301566e-15,True,P-L,AN,mc_learned_baseline,45,57060
161,57416,356,,1,8.198862067669686e-14,True,P-L,AN,mc_learned_baseline,45,57416
162,57772,356,,1,2.7055907381375472e-15,True,P-L,AN,mc_learned_baseline,45,57772
163,58128,356,,1,1.7657227452649042e-14,True,P-L,AN,mc_learned_baseline,45,58128
164,58484,356,,1,2.3203221152449944e-15,True,P-L,AN,mc_learned_baseline,45,58484
165,58840,356,,1,2.463822427383561e-15,True,P-L,AN,mc_learned_baseline,45,58840
166,59196,356,,1,9.660279380945665e-16,True,P-L,AN,mc_learned_baseline,45,59196
167,59552,356,,1,7.128320983617804e-15,True,P-L,AN,mc_learned_baseline,45,59552
168,59908,356,,1,3.611102967804132e-15,True,P-L,AN,mc_learned_baseline,45,59908
169,60264,356,,1,1.233213264772766e-14,True,P-L,AN,mc_learned_baseline,45,60264
170,60620,356,,1,5.000938323046138e-15,True,P-L,AN,mc_learned_baseline,45,60620
171,60976,356,,1,3.556149512434848e-15,True,P-L,AN,mc_learned_baseline,45,60976
172,61332,356,,1,1.8935915199893872e-15,True,P-L,AN,mc_learned_baseline,45,61332
173,61688,356,,1,5.585362905849653e-16,True,P-L,AN,mc_learned_baseline,45,61688
174,62044,356,,1,3.5022539301572552e-15,True,P-L,AN,mc_learned_baseline,45,62044
175,62400,356,,1,9.449449096665568e-15,True,P-L,AN,mc_learned_baseline,45,62400
176,62756,356,,1,1.917989732599278e-15,True,P-L,AN,mc_learned_baseline,45,62756
177,63112,356,,1,1.1570999944390776e-14,True,P-L,AN,mc_learned_baseline,45,63112
178,63468,356,,1,2.9348854477060957e-15,True,P-L,AN,mc_learned_baseline,45,63468
179,63824,356,,1,1.4257785739876804e-15,True,P-L,AN,mc_learned_baseline,45,63824
180,64180,356,,1,3.1332600594186205e-15,True,P-L,AN,mc_learned_baseline,45,64180
181,64536,356,,1,1.4880425249242157e-15,True,P-L,AN,mc_learned_baseline,45,64536
182,64892,356,,1,3.602693703811015e-15,True,P-L,AN,mc_learned_baseline,45,64892
183,65248,356,,1,3.11922264921987e-15,True,P-L,AN,mc_learned_baseline,45,65248
184,65604,356,,1,1.0802298803896056e-15,True,P-L,AN,mc_learned_baseline,45,65604
185,65960,356,,1,5.211799196099457e-15,True,P-L,AN,mc_learned_baseline,45,65960
186,66316,356,,1,4.75401646030737e-15,True,P-L,AN,mc_learned_baseline,45,66316
187,66672,356,,1,2.1012377265515912e-14,True,P-L,AN,mc_learned_baseline,45,66672
188,67028,356,,1,5.085257582910902e-15,True,P-L,AN,mc_learned_baseline,45,67028
189,67384,356,,1,5.164436223287101e-15,True,P-L,AN,mc_learned_baseline,45,67384
190,67740,356,,1,2.53026220674755e-15,True,P-L,AN,mc_learned_baseline,45,67740
191,68096,356,,1,5.412835176127043e-15,True,P-L,AN,mc_learned_baseline,45,68096
192,68452,356,,1,3.1827170816260474e-14,True,P-L,AN,mc_learned_baseline,45,68452
193,68808,356,,1,6.3793216706269466e-15,True,P-L,AN,mc_learned_baseline,45,68808
194,69164,356,,1,3.807730159039814e-15,True,P-L,AN,mc_learned_baseline,45,69164
195,69520,356,,1,3.381116688246564e-16,True,P-L,AN,mc_learned_baseline,45,69520
196,69876,356,,1,9.809440401840379e-16,True,P-L,AN,mc_learned_baseline,45,69876
197,70232,356,,1,4.6856134686967e-15,True,P-L,AN,mc_learned_baseline,45,70232
198,70588,356,,1,9.27572356274995e-15,True,P-L,AN,mc_learned_baseline,45,70588
199,70944,356,,1,1.4855169681645726e-16,True,P-L,AN,mc_learned_baseline,45,70944
200,71300,356,,1,2.9665039069805107e-15,True,P-L,AN,mc_learned_baseline,45,71300
201,71656,356,,1,4.6716740133011365e-12,True,P-L,AN,mc_learned_baseline,45,71656
202,72012,356,,1,2.0307138717338953e-15,True,P-L,AN,mc_learned_baseline,45,72012
203,72368,356,,1,2.030096359021857e-16,True,P-L,AN,mc_learned_baseline,45,72368
204,72724,356,,1,1.050955821325691e-15,True,P-L,AN,mc_learned_baseline,45,72724
205,73080,356,,1,2.782221080063225e-15,True,P-L,AN,mc_learned_baseline,45,73080
206,73436,356,,1,7.945059630473179e-16,True,P-L,AN,mc_learned_baseline,45,73436
207,73792,356,,1,4.3778650546568293e-16,True,P-L,AN,mc_learned_baseline,45,73792
208,74148,356,,1,1.5021143548592123e-15,True,P-L,AN,mc_learned_baseline,45,74148
209,74504,356,,1,1.6698620451963218e-15,True,P-L,AN,mc_learned_baseline,45,74504
210,74860,356,,1,3.225881434343173e-15,True,P-L,AN,mc_learned_baseline,45,74860
211,75216,356,,1,2.358043214908513e-16,True,P-L,AN,mc_learned_baseline,45,75216
212,75572,356,,1,1.808318139769871e-15,True,P-L,AN,mc_learned_baseline,45,75572
213,75928,356,,1,7.323980925109531e-17,True,P-L,AN,mc_learned_baseline,45,75928
214,76284,356,,1,1.5089327948012182e-15,True,P-L,AN,mc_learned_baseline,45,76284
215,76640,356,,1,1.0657294063532721e-17,True,P-L,AN,mc_learned_baseline,45,76640
216,76996,356,,1,9.404944360626734e-16,True,P-L,AN,mc_learned_baseline,45,76996
217,77352,356,,1,2.8497697248942246e-16,True,P-L,AN,mc_learned_baseline,45,77352
218,77708,356,,1,1.7844831995387913e-15,True,P-L,AN,mc_learned_baseline,45,77708
219,78064,356,,1,1.936022639979457e-17,True,P-L,AN,mc_learned_baseline,45,78064
220,78420,356,,1,2.762622569111536e-15,True,P-L,AN,mc_learned_baseline,45,78420
221,78776,356,,1,8.280578786159316e-16,True,P-L,AN,mc_learned_baseline,45,78776
222,79132,356,,1,2.475651608591509e-15,True,P-L,AN,mc_learned_baseline,45,79132
223,79488,356,,1,3.926979063717461e-15,True,P-L,AN,mc_learned_baseline,45,79488
224,79844,356,,1,1.4098102269187297e-15,True,P-L,AN,mc_learned_baseline,45,79844
225,80200,356,,1,2.52834116695305e-15,True,P-L,AN,mc_learned_baseline,45,80200
226,80556,356,,1,1.2906915432063806e-15,True,P-L,AN,mc_learned_baseline,45,80556
227,80912,356,,1,2.7926118036371883e-16,True,P-L,AN,mc_learned_baseline,45,80912
228,81268,356,,1,6.859278867099069e-15,True,P-L,AN,mc_learned_baseline,45,81268
229,81624,356,,1,3.4545828596310802e-15,True,P-L,AN,mc_learned_baseline,45,81624
230,81980,356,,1,7.603589091445101e-16,True,P-L,AN,mc_learned_baseline,45,81980
231,82336,356,,1,2.207939346271349e-16,True,P-L,AN,mc_learned_baseline,45,82336
232,82692,356,,1,1.2068496415014527e-16,True,P-L,AN,mc_learned_baseline,45,82692
233,83048,356,,1,2.2115543814674945e-16,True,P-L,AN,mc_learned_baseline,45,83048
234,83404,356,,1,2.906445500046694e-15,True,P-L,AN,mc_learned_baseline,45,83404
235,83760,356,,1,8.987931982949499e-16,True,P-L,AN,mc_learned_baseline,45,83760
236,84116,356,,1,8.129970067898108e-15,True,P-L,AN,mc_learned_baseline,45,84116
237,84472,356,,1,1.2172874355713753e-15,True,P-L,AN,mc_learned_baseline,45,84472
238,84828,356,,1,1.3209065799301908e-15,True,P-L,AN,mc_learned_baseline,45,84828
239,85184,356,,1,2.524200973256365e-15,True,P-L,AN,mc_learned_baseline,45,85184
240,85540,356,,1,1.1364231292132627e-14,True,P-L,AN,mc_learned_baseline,45,85540
241,85896,356,,1,3.5470660873342838e-15,True,P-L,AN,mc_learned_baseline,45,85896
242,86252,356,,1,1.3543116592067248e-15,True,P-L,AN,mc_learned_baseline,45,86252
243,86608,356,,1,1.400205017920987e-15,True,P-L,AN,mc_learned_baseline,45,86608
244,86964,356,,1,2.877155725534628e-15,True,P-L,AN,mc_learned_baseline,45,86964
245,87320,356,,1,7.29010567123633e-15,True,P-L,AN,mc_learned_baseline,45,87320
246,87676,356,,1,2.3769356768418493e-15,True,P-L,AN,mc_learned_baseline,45,87676
247,88032,356,,1,3.800694352790949e-15,True,P-L,AN,mc_learned_baseline,45,88032
248,88388,356,,1,1.8570941071766546e-15,True,P-L,AN,mc_learned_baseline,45,88388
249,88744,356,,1,2.7583877388894186e-15,True,P-L,AN,mc_learned_baseline,45,88744
250,89100,356,,1,1.7462026029295927e-16,True,P-L,AN,mc_learned_baseline,45,89100
251,89456,356,,1,5.5526926994208e-15,True,P-L,AN,mc_learned_baseline,45,89456
252,89812,356,,1,1.5379812019605935e-16,True,P-L,AN,mc_learned_baseline,45,89812
253,90168,356,,1,2.7548499041534744e-15,True,P-L,AN,mc_learned_baseline,45,90168
254,90524,356,,1,8.482377099439413e-16,True,P-L,AN,mc_learned_baseline,45,90524
255,90880,356,,1,1.5978087611816466e-15,True,P-L,AN,mc_learned_baseline,45,90880
256,91236,356,,1,2.323324756021485e-16,True,P-L,AN,mc_learned_baseline,45,91236
257,91592,356,,1,1.030130638418447e-15,True,P-L,AN,mc_learned_baseline,45,91592
258,91948,356,,1,6.057601005847982e-16,True,P-L,AN,mc_learned_baseline,45,91948
259,92304,356,,1,1.0377943151598467e-15,True,P-L,AN,mc_learned_baseline,45,92304
260,92660,356,,1,2.817448358610298e-15,True,P-L,AN,mc_learned_baseline,45,92660
261,93016,356,,1,3.343810026106205e-15,True,P-L,AN,mc_learned_baseline,45,93016
262,93372,356,,1,2.0415125674654316e-15,True,P-L,AN,mc_learned_baseline,45,93372
263,93728,356,,1,2.6021862399335153e-16,True,P-L,AN,mc_learned_baseline,45,93728
264,94084,356,,1,1.5852514086523948e-15,True,P-L,AN,mc_learned_baseline,45,94084
265,94440,356,,1,1.2619635031948479e-15,True,P-L,AN,mc_learned_baseline,45,94440
266,94796,356,,1,1.2209732246587348e-15,True,P-L,AN,mc_learned_baseline,45,94796
267,95152,356,,1,8.603612255255196e-17,True,P-L,AN,mc_learned_baseline,45,95152
268,95508,356,,1,6.87863660470753e-16,True,P-L,AN,mc_learned_baseline,45,95508
269,95864,356,,1,1.844196637608038e-15,True,P-L,AN,mc_learned_baseline,45,95864
270,96220,356,,1,5.354144293336529e-17,True,P-L,AN,mc_learned_baseline,45,96220
271,96576,356,,1,2.0907651280357742e-16,True,P-L,AN,mc_learned_baseline,45,96576
272,96932,356,,1,1.2565296338622827e-16,True,P-L,AN,mc_learned_baseline,45,96932
273,97288,356,,1,1.3375875430350565e-15,True,P-L,AN,mc_learned_baseline,45,97288
274,97644,356,,1,4.929419048349476e-16,True,P-L,AN,mc_learned_baseline,45,97644
275,98000,356,,1,2.683865697112803e-17,True,P-L,AN,mc_learned_baseline,45,98000
276,98356,356,,1,2.8038397046343e-15,True,P-L,AN,mc_learned_baseline,45,98356
277,98712,356,,1,4.330237369105724e-16,True,P-L,AN,mc_learned_baseline,45,98712
278,99068,356,,1,1.8689516336209112e-15,True,P-L,AN,mc_learned_baseline,45,99068
279,99424,356,,1,2.7531844740557077e-16,True,P-L,AN,mc_learned_baseline,45,99424
280,99780,356,,1,-5.890836430287051e-17,True,P-L,AN,mc_learned_baseline,45,99780
281,100136,356,,1,5.613782038907858e-16,True,P-L,AN,mc_learned_baseline,45,100136
282,100492,356,,1,2.514558813767901e-15,True,P-L,AN,mc_learned_baseline,45,100492
283,100848,356,,1,7.371659385137743e-16,True,P-L,AN,mc_learned_baseline,45,100848
284,101204,356,,1,3.562987556988386e-16,True,P-L,AN,mc_learned_baseline,45,101204
285,101560,356,,1,5.348768260089629e-16,True,P-L,AN,mc_learned_baseline,45,101560
286,101916,356,,1,1.8269050955181708e-16,True,P-L,AN,mc_learned_baseline,45,101916
287,102272,356,,1,1.5284812453066702e-15,True,P-L,AN,mc_learned_baseline,45,102272
288,102628,356,,1,4.930146139793697e-15,True,P-L,AN,mc_learned_baseline,45,102628
289,102984,356,,1,6.652290283281194e-15,True,P-L,AN,mc_learned_baseline,45,102984
290,103340,356,,1,3.1398059524506106e-15,True,P-L,AN,mc_learned_baseline,45,103340
291,103696,356,,1,3.0149634392871038e-15,True,P-L,AN,mc_learned_baseline,45,103696
292,104052,356,,1,1.0507116680588742e-15,True,P-L,AN,mc_learned_baseline,45,104052
293,104408,356,,1,2.1378469264087505e-15,True,P-L,AN,mc_learned_baseline,45,104408
294,104764,356,,1,2.1291408225021906e-15,True,P-L,AN,mc_learned_baseline,45,104764
295,105120,356,,1,2.250541619786301e-15,True,P-L,AN,mc_learned_baseline,45,105120
296,105476,356,,1,-3.9889440353206204e-17,True,P-L,AN,mc_learned_baseline,45,105476
297,105832,356,,1,1.2009785185056303e-15,True,P-L,AN,mc_learned_baseline,45,105832
298,106188,356,,1,7.649751532997441e-15,True,P-L,AN,mc_learned_baseline,45,106188
299,106544,356,,1,1.8800168207390506e-15,True,P-L,AN,mc_learned_baseline,45,106544
300,106900,356,,1,1.6550703252594384e-15,True,P-L,AN,mc_learned_baseline,45,106900
301,107256,356,,1,1.5712904273738531e-15,True,P-L,AN,mc_learned_baseline,45,107256
302,107612,356,,1,6.34206271275646e-17,True,P-L,AN,mc_learned_baseline,45,107612
303,107968,356,,1,1.3881166468513256e-15,True,P-L,AN,mc_learned_baseline,45,107968
304,108324,356,,1,2.641666572162017e-16,True,P-L,AN,mc_learned_baseline,45,108324
305,108680,356,,1,4.789864107149589e-16,True,P-L,AN,mc_learned_baseline,45,108680
306,109036,356,,1,3.210700480552136e-16,True,P-L,AN,mc_learned_baseline,45,109036
307,109392,356,,1,4.4193086457556805e-15,True,P-L,AN,mc_learned_baseline,45,109392
308,109748,356,,1,3.5023063868802852e-15,True,P-L,AN,mc_learned_baseline,45,109748
309,110104,356,,1,1.6753125726542002e-15,True,P-L,AN,mc_learned_baseline,45,110104
310,110460,356,,1,2.1938630421970218e-15,True,P-L,AN,mc_learned_baseline,45,110460
311,110816,356,,1,2.3265277615491666e-15,True,P-L,AN,mc_learned_baseline,45,110816
312,111172,356,,1,7.784845531369661e-17,True,P-L,AN,mc_learned_baseline,45,111172
313,111528,356,,1,2.3108669208435055e-15,True,P-L,AN,mc_learned_baseline,45,111528
314,111884,356,,1,1.9826457579332964e-15,True,P-L,AN,mc_learned_baseline,45,111884
315,112240,356,,1,6.05792605319003e-16,True,P-L,AN,mc_learned_baseline,45,112240
316,112596,356,,1,3.526831913230858e-15,True,P-L,AN,mc_learned_baseline,45,112596
317,112952,356,,1,9.468462799206342e-16,True,P-L,AN,mc_learned_baseline,45,112952
318,113308,356,,1,1.3919723288901622e-15,True,P-L,AN,mc_learned_baseline,45,113308
319,113664,356,,1,1.2936356012870347e-15,True,P-L,AN,mc_learned_baseline,45,113664
320,114020,356,,1,4.281924527885008e-15,True,P-L,AN,mc_learned_baseline,45,114020
321,114376,356,,1,2.2337959062863837e-15,True,P-L,AN,mc_learned_baseline,45,114376
322,114732,356,,1,1.4263675262867292e-15,True,P-L,AN,mc_learned_baseline,45,114732
323,115088,356,,1,1.975008843773665e-15,True,P-L,AN,mc_learned_baseline,45,115088
324,115444,356,,1,2.5705136292456683e-12,True,P-L,AN,mc_learned_baseline,45,115444
325,115800,356,,1,2.5188282986769204e-15,True,P-L,AN,mc_learned_baseline,45,115800
326,116156,356,,1,3.141077610784003e-15,True,P-L,AN,mc_learned_baseline,45,116156
327,116512,356,,1,6.629495487486658e-17,True,P-L,AN,mc_learned_baseline,45,116512
328,116868,356,,1,1.8114872605392837e-15,True,P-L,AN,mc_learned_baseline,45,116868
329,117224,356,,1,1.193299962630651e-15,True,P-L,AN,mc_learned_baseline,45,117224
330,117580,356,,1,8.867847508162284e-15,True,P-L,AN,mc_learned_baseline,45,117580
331,117936,356,,1,2.2079579154819606e-15,True,P-L,AN,mc_learned_baseline,45,117936
332,118292,356,,1,4.608875510991802e-16,True,P-L,AN,mc_learned_baseline,45,118292
333,118648,356,,1,1.0079818176958838e-15,True,P-L,AN,mc_learned_baseline,45,118648
334,119004,356,,1,1.7083396430409394e-15,True,P-L,AN,mc_learned_baseline,45,119004
335,119360,356,,1,2.5087964604638422e-15,True,P-L,AN,mc_learned_baseline,45,119360
336,119716,356,,1,-3.789666673045957e-18,True,P-L,AN,mc_learned_baseline,45,119716
337,120072,356,,1,1.0483877412450443e-15,True,P-L,AN,mc_learned_baseline,45,120072
338,120428,356,,1,4.422383347618526e-16,True,P-L,AN,mc_learned_baseline,45,120428
339,120784,356,,1,1.9513237160571766e-15,True,P-L,AN,mc_learned_baseline,45,120784
340,121140,356,,1,2.79714433280833e-15,True,P-L,AN,mc_learned_baseline,45,121140
341,121496,356,,1,1.4062563979934975e-15,True,P-L,AN,mc_learned_baseline,45,121496
342,121852,356,,1,8.828328343174353e-16,True,P-L,AN,mc_learned_baseline,45,121852
343,122208,356,,1,3.7335821120501555e-16,True,P-L,AN,mc_learned_baseline,45,122208
344,122564,356,,1,7.575964996842826e-16,True,P-L,AN,mc_learned_baseline,45,122564
345,122920,356,,1,9.920416619209798e-16,True,P-L,AN,mc_learned_baseline,45,122920
346,123276,356,,1,1.416956690984782e-15,True,P-L,AN,mc_learned_baseline,45,123276
347,123632,356,,1,1.967810246556227e-15,True,P-L,AN,mc_learned_baseline,45,123632
348,123988,356,,1,3.826941000078138e-15,True,P-L,AN,mc_learned_baseline,45,123988
349,124344,356,,1,8.379097851656659e-17,True,P-L,AN,mc_learned_baseline,45,124344
350,124700,356,,1,1.6307581540623836e-15,True,P-L,AN,mc_learned_baseline,45,124700
351,125056,356,,1,2.9604561857618865e-16,True,P-L,AN,mc_learned_baseline,45,125056
352,125412,356,,1,2.866252733224921e-15,True,P-L,AN,mc_learned_baseline,45,125412
353,125768,356,,1,5.383941577825038e-16,True,P-L,AN,mc_learned_baseline,45,125768
354,126124,356,,1,2.3638054707492483e-15,True,P-L,AN,mc_learned_baseline,45,126124
355,126480,356,,1,1.5704486528293912e-15,True,P-L,AN,mc_learned_baseline,45,126480
356,126836,356,,1,1.607260011488551e-15,True,P-L,AN,mc_learned_baseline,45,126836
357,127192,356,,1,2.618761342772843e-15,True,P-L,AN,mc_learned_baseline,45,127192
358,127548,356,,1,6.160303019554176e-16,True,P-L,AN,mc_learned_baseline,45,127548
359,127904,356,,1,2.562994169522507e-15,True,P-L,AN,mc_learned_baseline,45,127904
360,128260,356,,1,1.3838929356814085e-15,True,P-L,AN,mc_learned_baseline,45,128260
361,128616,356,,1,2.026788255038075e-15,True,P-L,AN,mc_learned_baseline,45,128616
362,128972,356,,1,8.683146844559732e-15,True,P-L,AN,mc_learned_baseline,45,128972
363,129328,356,,1,9.797194828391224e-16,True,P-L,AN,mc_learned_baseline,45,129328
364,129684,356,,1,4.006317482230578e-16,True,P-L,AN,mc_learned_baseline,45,129684
365,130040,356,,1,7.284252065612734e-16,True,P-L,AN,mc_learned_baseline,45,130040
366,130396,356,,1,8.578428348928157e-16,True,P-L,AN,mc_learned_baseline,45,130396
367,130752,356,,1,9.0647202238295e-17,True,P-L,AN,mc_learned_baseline,45,130752
368,131108,356,,1,2.6424654991720583e-15,True,P-L,AN,mc_learned_baseline,45,131108
369,131464,356,,1,3.9034488872919267e-17,True,P-L,AN,mc_learned_baseline,45,131464
370,131820,356,,1,6.712872865794899e-16,True,P-L,AN,mc_learned_baseline,45,131820
371,132176,356,,1,2.7011549408165863e-16,True,P-L,AN,mc_learned_baseline,45,132176
372,132532,356,,1,2.29034396778232e-17,True,P-L,AN,mc_learned_baseline,45,132532
373,132888,356,,1,1.3523706324063536e-16,True,P-L,AN,mc_learned_baseline,45,132888
374,133244,356,,1,1.4914498096807486e-15,True,P-L,AN,mc_learned_baseline,45,133244
375,133600,356,,1,6.052065926749169e-17,True,P-L,AN,mc_learned_baseline,45,133600
376,133956,356,,1,1.8834310821548435e-15,True,P-L,AN,mc_learned_baseline,45,133956
377,134312,356,,1,1.375055985207832e-15,True,P-L,AN,mc_learned_baseline,45,134312
378,134668,356,,1,3.5943541930600604e-16,True,P-L,AN,mc_learned_baseline,45,134668
379,135024,356,,1,3.27674036056048e-16,True,P-L,AN,mc_learned_baseline,45,135024
380,135380,356,,1,-9.418895974402997e-17,True,P-L,AN,mc_learned_baseline,45,135380
381,135736,356,,1,4.023577842484807e-16,True,P-L,AN,mc_learned_baseline,45,135736
382,136092,356,,1,-3.983417429472575e-18,True,P-L,AN,mc_learned_baseline,45,136092
383,136448,356,,1,2.4598776096944782e-15,True,P-L,AN,mc_learned_baseline,45,136448
384,136804,356,,1,3.029352471862647e-16,True,P-L,AN,mc_learned_baseline,45,136804
385,137160,356,,1,7.767219056062287e-17,True,P-L,AN,mc_learned_baseline,45,137160
386,137516,356,,1,8.336016867503399e-15,True,P-L,AN,mc_learned_baseline,45,137516
387,137872,356,,1,1.1871878599635095e-15,True,P-L,AN,mc_learned_baseline,45,137872
388,138228,356,,1,5.101033692747221e-16,True,P-L,AN,mc_learned_baseline,45,138228
389,138584,356,,1,8.958504817699554e-16,True,P-L,AN,mc_learned_baseline,45,138584
390,138940,356,,1,1.5450802449587948e-15,True,P-L,AN,mc_learned_baseline,45,138940
391,139296,356,,1,6.588038532215909e-17,True,P-L,AN,mc_learned_baseline,45,139296
392,139652,356,,1,2.036741889772772e-15,True,P-L,AN,mc_learned_baseline,45,139652
393,140008,356,,1,1.0696372464758841e-16,True,P-L,AN,mc_learned_baseline,45,140008
394,140364,356,,1,2.0743279382215e-15,True,P-L,AN,mc_learned_baseline,45,140364
395,140720,356,,1,1.6145370697169484e-16,True,P-L,AN,mc_learned_baseline,45,140720
396,141076,356,,1,3.157004056239215e-16,True,P-L,AN,mc_learned_baseline,45,141076
397,141432,356,,1,2.014476664766446e-15,True,P-L,AN,mc_learned_baseline,45,141432
398,141788,356,,1,2.116026217059257e-15,True,P-L,AN,mc_learned_baseline,45,141788
399,142144,356,,1,1.3592809286517599e-15,True,P-L,AN,mc_learned_baseline,45,142144
400,142500,356,,1,1.0412501974327808e-15,True,P-L,AN,mc_learned_baseline,45,142500
401,142856,356,,1,2.5345354781178323e-16,True,P-L,AN,mc_learned_baseline,45,142856
402,143212,356,,1,2.2623174273075196e-15,True,P-L,AN,mc_learned_baseline,45,143212
403,143568,356,,1,2.131214576135558e-15,True,P-L,AN,mc_learned_baseline,45,143568
404,143924,356,,1,2.740113837737201e-15,True,P-L,AN,mc_learned_baseline,45,143924
405,144280,356,,1,8.809058107049304e-16,True,P-L,AN,mc_learned_baseline,45,144280
406,144636,356,,1,2.714333819650134e-15,True,P-L,AN,mc_learned_baseline,45,144636
407,144992,356,,1,1.3700718309219531e-16,True,P-L,AN,mc_learned_baseline,45,144992
408,145348,356,,1,8.702354812781374e-16,True,P-L,AN,mc_learned_baseline,45,145348
409,145704,356,,1,4.832903326643894e-12,True,P-L,AN,mc_learned_baseline,45,145704
410,146060,356,,1,-9.541852590504409e-17,True,P-L,AN,mc_learned_baseline,45,146060
411,146416,356,,1,1.563493800794456e-15,True,P-L,AN,mc_learned_baseline,45,146416
412,146772,356,,1,2.9593605441205415e-15,True,P-L,AN,mc_learned_baseline,45,146772
413,147128,356,,1,9.852969521557251e-18,True,P-L,AN,mc_learned_baseline,45,147128
414,147484,356,,1,6.866892050859159e-18,True,P-L,AN,mc_learned_baseline,45,147484
415,147840,356,,1,3.356904390925775e-17,True,P-L,AN,mc_learned_baseline,45,147840
416,148196,356,,1,3.764292978493465e-17,True,P-L,AN,mc_learned_baseline,45,148196
417,148552,356,,1,9.036825428964677e-17,True,P-L,AN,mc_learned_baseline,45,148552
418,148908,356,,1,8.289153819556323e-17,True,P-L,AN,mc_learned_baseline,45,148908
419,149264,356,,1,1.2975306475290808e-17,True,P-L,AN,mc_learned_baseline,45,149264
420,149620,356,,1,1.4284422662310892e-17,True,P-L,AN,mc_learned_baseline,45,149620
421,149976,356,,1,7.968566051687247e-17,True,P-L,AN,mc_learned_baseline,45,149976
422,150332,356,,1,-5.796626291876151e-17,True,P-L,AN,mc_learned_baseline,45,150332
423,150688,356,,1,-1.35904707006918e-17,True,P-L,AN,mc_learned_baseline,45,150688
424,151044,356,,1,2.5557267936608246e-17,True,P-L,AN,mc_learned_baseline,45,151044
425,151400,356,,1,-8.918510225282993e-17,True,P-L,AN,mc_learned_baseline,45,151400
426,151756,356,,1,-3.271236482232895e-17,True,P-L,AN,mc_learned_baseline,45,151756
427,152112,356,,1,3.66660399358086e-17,True,P-L,AN,mc_learned_baseline,45,152112
428,152468,356,,1,-4.904455734376538e-17,True,P-L,AN,mc_learned_baseline,45,152468
429,152824,356,,1,-1.6057541514054777e-18,True,P-L,AN,mc_learned_baseline,45,152824
430,153180,356,,1,4.904457922191479e-17,True,P-L,AN,mc_learned_baseline,45,153180
431,153536,356,,1,4.5122707346977636e-17,True,P-L,AN,mc_learned_baseline,45,153536
432,153892,356,,1,-7.712511916957896e-17,True,P-L,AN,mc_learned_baseline,45,153892
433,154248,356,,1,-4.316200332014923e-17,True,P-L,AN,mc_learned_baseline,45,154248
434,154604,356,,1,5.42693182601877e-17,True,P-L,AN,mc_learned_baseline,45,154604
435,154960,356,,1,1.146515818636359e-16,True,P-L,AN,mc_learned_baseline,45,154960
436,155316,356,,1,-1.510040012682045e-17,True,P-L,AN,mc_learned_baseline,45,155316
437,155672,356,,1,-4.076409307532e-17,True,P-L,AN,mc_learned_baseline,45,155672
438,156028,356,,1,-2.0018762213850275e-17,True,P-L,AN,mc_learned_baseline,45,156028
439,156384,356,,1,-1.6298859389533872e-17,True,P-L,AN,mc_learned_baseline,45,156384
440,156740,356,,1,5.938288600892141e-17,True,P-L,AN,mc_learned_baseline,45,156740
441,157096,356,,1,-1.775046655096765e-17,True,P-L,AN,mc_learned_baseline,45,157096
442,157452,356,,1,1.9485771619934744e-17,True,P-L,AN,mc_learned_baseline,45,157452
443,157808,356,,1,-8.174042881831599e-17,True,P-L,AN,mc_learned_baseline,45,157808
444,158164,356,,1,6.208838711064032e-17,True,P-L,AN,mc_learned_baseline,45,158164
445,158520,356,,1,-5.1532896790624675e-19,True,P-L,AN,mc_learned_baseline,45,158520
446,158876,356,,1,-3.195795339917798e-17,True,P-L,AN,mc_learned_baseline,45,158876
447,159232,356,,1,1.806222239009676e-15,True,P-L,AN,mc_learned_baseline,45,159232
448,159588,356,,1,-2.2557466848605284e-17,True,P-L,AN,mc_learned_baseline,45,159588
449,159944,356,,1,3.346091000158412e-17,True,P-L,AN,mc_learned_baseline,45,159944
450,160300,356,,1,-1.5149684543132308e-18,True,P-L,AN,mc_learned_baseline,45,160300
451,160656,356,,1,1.923224602079312e-17,True,P-L,AN,mc_learned_baseline,45,160656
452,161012,356,,1,1.32682398022545e-16,True,P-L,AN,mc_learned_baseline,45,161012
453,161368,356,,1,4.2639011480648945e-17,True,P-L,AN,mc_learned_baseline,45,161368
454,161724,356,,1,1.607023325010056e-17,True,P-L,AN,mc_learned_baseline,45,161724
455,162080,356,,1,1.1215485576814574e-16,True,P-L,AN,mc_learned_baseline,45,162080
456,162436,356,,1,-4.911200727433407e-17,True,P-L,AN,mc_learned_baseline,45,162436
457,162792,356,,1,-2.3531618941972914e-17,True,P-L,AN,mc_learned_baseline,45,162792
458,163148,356,,1,2.957361795423079e-17,True,P-L,AN,mc_learned_baseline,45,163148
459,163504,356,,1,-3.547447579114204e-17,True,P-L,AN,mc_learned_baseline,45,163504
460,163860,356,,1,-4.8286390970431394e-17,True,P-L,AN,mc_learned_baseline,45,163860
461,164216,356,,1,1.3533900558145254e-16,True,P-L,AN,mc_learned_baseline,45,164216
462,164572,356,,1,5.936709392170179e-17,True,P-L,AN,mc_learned_baseline,45,164572
463,164928,356,,1,-1.1685146528883318e-17,True,P-L,AN,mc_learned_baseline,45,164928
464,165284,356,,1,3.126753256389235e-17,True,P-L,AN,mc_learned_baseline,45,165284
465,165640,356,,1,1.0941874490906023e-16,True,P-L,AN,mc_learned_baseline,45,165640
466,165996,356,,1,-3.533814084598924e-17,True,P-L,AN,mc_learned_baseline,45,165996
467,166352,356,,1,1.891668176938353e-17,True,P-L,AN,mc_learned_baseline,45,166352
468,166708,356,,1,1.6308309611540092e-15,True,P-L,AN,mc_learned_baseline,45,166708
469,167064,356,,1,-7.64516701301749e-17,True,P-L,AN,mc_learned_baseline,45,167064
470,167420,356,,1,3.656343455987127e-16,True,P-L,AN,mc_learned_baseline,45,167420
471,167776,356,,1,3.417387970173131e-17,True,P-L,AN,mc_learned_baseline,45,167776
472,168132,356,,1,-4.1843300372230233e-17,True,P-L,AN,mc_learned_baseline,45,168132
473,168488,356,,1,-1.622988939752118e-17,True,P-L,AN,mc_learned_baseline,45,168488
474,168844,356,,1,-5.27389751307204e-17,True,P-L,AN,mc_learned_baseline,45,168844
475,169200,356,,1,2.307917719753956e-18,True,P-L,AN,mc_learned_baseline,45,169200
476,169556,356,,1,1.1067231668390599e-17,True,P-L,AN,mc_learned_baseline,45,169556
477,169912,356,,1,-4.327693034071664e-17,True,P-L,AN,mc_learned_baseline,45,169912
478,170268,356,,1,4.876541415745843e-17,True,P-L,AN,mc_learned_baseline,45,170268
479,170624,356,,1,-1.051164313642438e-17,True,P-L,AN,mc_learned_baseline,45,170624
480,170980,356,,1,2.1362977073807626e-17,True,P-L,AN,mc_learned_baseline,45,170980
481,171336,356,,1,4.4740621218871844e-17,True,P-L,AN,mc_learned_baseline,45,171336
482,171692,356,,1,4.695264036338978e-18,True,P-L,AN,mc_learned_baseline,45,171692
483,172048,356,,1,-4.3694382811917304e-17,True,P-L,AN,mc_learned_baseline,45,172048
484,172404,356,,1,1.6969777320776865e-18,True,P-L,AN,mc_learned_baseline,45,172404
485,172760,356,,1,4.477065676068579e-17,True,P-L,AN,mc_learned_baseline,45,172760
486,173116,356,,1,1.4301887216780703e-17,True,P-L,AN,mc_learned_baseline,45,173116
487,173472,356,,1,1.838603493089639e-15,True,P-L,AN,mc_learned_baseline,45,173472
488,173828,356,,1,-8.891091868925252e-17,True,P-L,AN,mc_learned_baseline,45,173828
489,174184,356,,1,2.8619668871964227e-17,True,P-L,AN,mc_learned_baseline,45,174184
490,174540,356,,1,-5.387151134263776e-17,True,P-L,AN,mc_learned_baseline,45,174540
491,174896,356,,1,-1.8954752638259188e-17,True,P-L,AN,mc_learned_baseline,45,174896
492,175252,356,,1,-8.231445897589085e-19,True,P-L,AN,mc_learned_baseline,45,175252
493,175608,356,,1,-7.147489042225983e-17,True,P-L,AN,mc_learned_baseline,45,175608
494,175964,356,,1,9.138915797054567e-17,True,P-L,AN,mc_learned_baseline,45,175964
495,176320,356,,1,-1.2609203919785095e-17,True,P-L,AN,mc_learned_baseline,45,176320
496,176676,356,,1,4.6737814545970164e-17,True,P-L,AN,mc_learned_baseline,45,176676
497,177032,356,,1,2.0359647983729176e-17,True,P-L,AN,mc_learned_baseline,45,177032
498,177388,356,,1,7.725489510662286e-17,True,P-L,AN,mc_learned_baseline,45,177388
499,177744,356,,1,-8.044410024023677e-17,True,P-L,AN,mc_learned_baseline,45,177744
500,178100,356,,1,-1.209385381538529e-18,True,P-L,AN,mc_learned_baseline,45,178100
501,178456,356,,1,9.725127831570221e-16,True,P-L,AN,mc_learned_baseline,45,178456
502,178812,356,,1,-4.791228568145829e-17,True,P-L,AN,mc_learned_baseline,45,178812
503,179168,356,,1,-2.952258188800769e-18,True,P-L,AN,mc_learned_baseline,45,179168
504,179524,356,,1,-1.3646927739271073e-17,True,P-L,AN,mc_learned_baseline,45,179524
505,179880,356,,1,4.8007462320968687e-17,True,P-L,AN,mc_learned_baseline,45,179880
506,180236,356,,1,-3.6186766861598035e-17,True,P-L,AN,mc_learned_baseline,45,180236
507,180592,356,,1,7.148295286521961e-18,True,P-L,AN,mc_learned_baseline,45,180592
508,180948,356,,1,-1.5643715957637465e-18,True,P-L,AN,mc_learned_baseline,45,180948
509,181304,356,,1,2.80048608880565e-17,True,P-L,AN,mc_learned_baseline,45,181304
510,181660,356,,1,-4.386593624445283e-17,True,P-L,AN,mc_learned_baseline,45,181660
511,182016,356,,1,-8.776805386347951e-17,True,P-L,AN,mc_learned_baseline,45,182016
512,182372,356,,1,2.1563401595052768e-17,True,P-L,AN,mc_learned_baseline,45,182372
513,182728,356,,1,3.974306462869574e-17,True,P-L,AN,mc_learned_baseline,45,182728
514,183084,356,,1,3.906546080586726e-20,True,P-L,AN,mc_learned_baseline,45,183084
515,183440,356,,1,8.944952040641075e-17,True,P-L,AN,mc_learned_baseline,45,183440
516,183796,356,,1,-5.895958783376813e-17,True,P-L,AN,mc_learned_baseline,45,183796
517,184152,356,,1,-3.278206525953902e-17,True,P-L,AN,mc_learned_baseline,45,184152
518,184508,356,,1,-1.2368317390685527e-16,True,P-L,AN,mc_learned_baseline,45,184508
519,184864,356,,1,1.485044287214989e-15,True,P-L,AN,mc_learned_baseline,45,184864
520,185220,356,,1,-1.234774756826719e-17,True,P-L,AN,mc_learned_baseline,45,185220
521,185576,356,,1,7.629942749196392e-17,True,P-L,AN,mc_learned_baseline,45,185576
522,185932,356,,1,6.094783648118597e-17,True,P-L,AN,mc_learned_baseline,45,185932
523,186288,356,,1,2.3404447973177934e-18,True,P-L,AN,mc_learned_baseline,45,186288
524,186644,356,,1,-2.340178211296398e-17,True,P-L,AN,mc_learned_baseline,45,186644
525,187000,356,,1,-4.6009894845983143e-17,True,P-L,AN,mc_learned_baseline,45,187000
526,187356,356,,1,4.929292730905471e-17,True,P-L,AN,mc_learned_baseline,45,187356
527,187712,356,,1,1.3921711806940902e-17,True,P-L,AN,mc_learned_baseline,45,187712
528,188068,356,,1,-1.7643272476807074e-17,True,P-L,AN,mc_learned_baseline,45,188068
529,188424,356,,1,2.6403388904115196e-17,True,P-L,AN,mc_learned_baseline,45,188424
530,188780,356,,1,-1.2709787889753644e-17,True,P-L,AN,mc_learned_baseline,45,188780
531,189136,356,,1,1.851794251581383e-17,True,P-L,AN,mc_learned_baseline,45,189136
532,189492,356,,1,1.002810535621826e-17,True,P-L,AN,mc_learned_baseline,45,189492
533,189848,356,,1,-9.799433655362597e-17,True,P-L,AN,mc_learned_baseline,45,189848
534,190204,356,,1,-4.7485800404725655e-17,True,P-L,AN,mc_learned_baseline,45,190204
535,190560,356,,1,-6.9125826597670144e-18,True,P-L,AN,mc_learned_baseline,45,190560
536,190916,356,,1,-5.585588184587169e-17,True,P-L,AN,mc_learned_baseline,45,190916
537,191272,356,,1,5.471050415770009e-17,True,P-L,AN,mc_learned_baseline,45,191272
538,191628,356,,1,-6.21323853541851e-17,True,P-L,AN,mc_learned_baseline,45,191628
539,191984,356,,1,2.1885307994700534e-16,True,P-L,AN,mc_learned_baseline,45,191984
540,192340,356,,1,4.675265855306091e-17,True,P-L,AN,mc_learned_baseline,45,192340
541,192696,356,,1,9.626450733813845e-17,True,P-L,AN,mc_learned_baseline,45,192696
542,193052,356,,1,-1.1058011565312446e-16,True,P-L,AN,mc_learned_baseline,45,193052
543,193408,356,,1,-4.336159843495754e-18,True,P-L,AN,mc_learned_baseline,45,193408
544,193764,356,,1,-1.4378686294467388e-18,True,P-L,AN,mc_learned_baseline,45,193764
545,194120,356,,1,1.4699305550573006e-17,True,P-L,AN,mc_learned_baseline,45,194120
546,194476,356,,1,-2.7827236716244805e-17,True,P-L,AN,mc_learned_baseline,45,194476
547,194832,356,,1,3.636931294989232e-17,True,P-L,AN,mc_learned_baseline,45,194832
548,195188,356,,1,-4.2847645187164277e-19,True,P-L,AN,mc_learned_baseline,45,195188
549,195544,356,,1,-7.090397924397376e-17,True,P-L,AN,mc_learned_baseline,45,195544
550,195900,356,,1,-8.912535758665738e-17,True,P-L,AN,mc_learned_baseline,45,195900
551,196256,356,,1,1.6307216703880954e-17,True,P-L,AN,mc_learned_baseline,45,196256
552,196612,356,,1,-3.1307921395004876e-17,True,P-L,AN,mc_learned_baseline,45,196612
553,196968,356,,1,2.025535390231174e-17,True,P-L,AN,mc_learned_baseline,45,196968
554,197324,356,,1,-1.1911993969883407e-17,True,P-L,AN,mc_learned_baseline,45,197324
555,197680,356,,1,-4.905831585644496e-17,True,P-L,AN,mc_learned_baseline,45,197680
556,198036,356,,1,-7.448514018501336e-17,True,P-L,AN,mc_learned_baseline,45,198036
557,198392,356,,1,-7.556462007403928e-17,True,P-L,AN,mc_learned_baseline,45,198392
558,198748,356,,1,-7.003018366227309e-17,True,P-L,AN,mc_learned_baseline,45,198748
559,199104,356,,1,8.215973610729046e-17,True,P-L,AN,mc_learned_baseline,45,199104
560,199460,356,,1,-2.526783709668193e-17,True,P-L,AN,mc_learned_baseline,45,199460
561,199816,356,,1,-1.02918033738376e-16,True,P-L,AN,mc_learned_baseline,45,199816
562,200172,356,,1,-9.213596044043435e-17,True,P-L,AN,mc_learned_baseline,45,200172
563,200528,356,,1,-2.8708173314320317e-17,True,P-L,AN,mc_learned_baseline,45,200528
564,200884,356,,1,2.960954047141005e-18,True,P-L,AN,mc_learned_baseline,45,200884
565,201240,356,,1,1.9226812141191117e-17,True,P-L,AN,mc_learned_baseline,45,201240
566,201596,356,,1,-9.05704733693738e-18,True,P-L,AN,mc_learned_baseline,45,201596
567,201952,356,,1,3.527897201631333e-17,True,P-L,AN,mc_learned_baseline,45,201952
568,202308,356,,1,-2.0662922275793568e-17,True,P-L,AN,mc_learned_baseline,45,202308
569,202664,356,,1,-3.4189547514025283e-17,True,P-L,AN,mc_learned_baseline,45,202664
570,203020,356,,1,4.116287444591306e-17,True,P-L,AN,mc_learned_baseline,45,203020
571,203376,356,,1,5.129876732970834e-17,True,P-L,AN,mc_learned_baseline,45,203376
572,203732,356,,1,-9.612318852827044e-17,True,P-L,AN,mc_learned_baseline,45,203732
573,204088,356,,1,5.627183417996797e-17,True,P-L,AN,mc_learned_baseline,45,204088
574,204444,356,,1,-3.291993451750325e-17,True,P-L,AN,mc_learned_baseline,45,204444
575,204800,356,,1,5.967278438894709e-17,True,P-L,AN,mc_learned_baseline,45,204800
576,205156,356,,1,-8.846175645975589e-17,True,P-L,AN,mc_learned_baseline,45,205156
577,205512,356,,1,-1.3040462925968152e-18,True,P-L,AN,mc_learned_baseline,45,205512
578,205868,356,,1,-3.954799442116733e-17,True,P-L,AN,mc_learned_baseline,45,205868
579,206224,356,,1,5.652087722610145e-17,True,P-L,AN,mc_learned_baseline,45,206224
580,206580,356,,1,3.609135781824593e-17,True,P-L,AN,mc_learned_baseline,45,206580
581,206936,356,,1,-7.105069872308508e-17,True,P-L,AN,mc_learned_baseline,45,206936
582,207292,356,,1,-2.64254508213352e-17,True,P-L,AN,mc_learned_baseline,45,207292
583,207648,356,,1,-7.741461559150157e-18,True,P-L,AN,mc_learned_baseline,45,207648
584,208004,356,,1,-2.2550078705573254e-18,True,P-L,AN,mc_learned_baseline,45,208004
585,208360,356,,1,-4.7656909784973116e-17,True,P-L,AN,mc_learned_baseline,45,208360
586,208716,356,,1,-5.334395159097105e-17,True,P-L,AN,mc_learned_baseline,45,208716
587,209072,356,,1,2.7595020390574455e-17,True,P-L,AN,mc_learned_baseline,45,209072
588,209428,356,,1,-8.664523636844215e-18,True,P-L,AN,mc_learned_baseline,45,209428
589,209784,356,,1,3.4762473812147197e-17,True,P-L,AN,mc_learned_baseline,45,209784
590,210140,356,,1,-2.926477184360475e-17,True,P-L,AN,mc_learned_baseline,45,210140
591,210496,356,,1,-3.624029520673423e-17,True,P-L,AN,mc_learned_baseline,45,210496
592,210852,356,,1,2.690213790573723e-16,True,P-L,AN,mc_learned_baseline,45,210852
593,211208,356,,1,-7.658116068351666e-17,True,P-L,AN,mc_learned_baseline,45,211208
594,211564,356,,1,1.3595044040396629e-17,True,P-L,AN,mc_learned_baseline,45,211564
595,211920,356,,1,1.0334899477964707e-17,True,P-L,AN,mc_learned_baseline,45,211920
596,212276,356,,1,8.473945856492253e-17,True,P-L,AN,mc_learned_baseline,45,212276
597,212632,356,,1,-3.5631155555602465e-17,True,P-L,AN,mc_learned_baseline,45,212632
598,212988,356,,1,3.411014912265995e-18,True,P-L,AN,mc_learned_baseline,45,212988
599,213344,356,,1,3.492372531128486e-17,True,P-L,AN,mc_learned_baseline,45,213344
600,213700,356,,1,3.384021170241228e-17,True,P-L,AN,mc_learned_baseline,45,213700
601,214056,356,,1,8.837673112855702e-17,True,P-L,AN,mc_learned_baseline,45,214056
602,214412,356,,1,-6.974854630593075e-17,True,P-L,AN,mc_learned_baseline,45,214412
603,214768,356,,1,-1.9748225137046142e-17,True,P-L,AN,mc_learned_baseline,45,214768
604,215124,356,,1,7.16183847710582e-17,True,P-L,AN,mc_learned_baseline,45,215124
605,215480,356,,1,-1.1629746988533379e-17,True,P-L,AN,mc_learned_baseline,45,215480
606,215836,356,,1,3.4509011931280614e-17,True,P-L,AN,mc_learned_baseline,45,215836
607,216192,356,,1,-2.5912652625776403e-17,True,P-L,AN,mc_learned_baseline,45,216192
608,216548,356,,1,-5.861603564687837e-17,True,P-L,AN,mc_learned_baseline,45,216548
609,216904,356,,1,1.7324375109653297e-16,True,P-L,AN,mc_learned_baseline,45,216904
610,217260,356,,1,-4.2917728612614677e-17,True,P-L,AN,mc_learned_baseline,45,217260
611,217616,356,,1,2.929754668399809e-17,True,P-L,AN,mc_learned_baseline,45,217616
612,217972,356,,1,-5.451509892833122e-17,True,P-L,AN,mc_learned_baseline,45,217972
613,218328,356,,1,5.951605616265964e-19,True,P-L,AN,mc_learned_baseline,45,218328
614,218684,356,,1,1.065115712772074e-15,True,P-L,AN,mc_learned_baseline,45,218684
615,219040,356,,1,9.331183774137985e-17,True,P-L,AN,mc_learned_baseline,45,219040
616,219396,356,,1,2.2468850078029977e-15,True,P-L,AN,mc_learned_baseline,45,219396
617,219752,356,,1,1.464192968190488e-17,True,P-L,AN,mc_learned_baseline,45,219752
618,220108,356,,1,-5.536675639952537e-17,True,P-L,AN,mc_learned_baseline,45,220108
619,220464,356,,1,3.4177715517588563e-17,True,P-L,AN,mc_learned_baseline,45,220464
620,220820,356,,1,-2.3868564589316344e-18,True,P-L,AN,mc_learned_baseline,45,220820
621,221176,356,,1,-6.010660690222741e-17,True,P-L,AN,mc_learned_baseline,45,221176
622,221532,356,,1,6.362788128933339e-17,True,P-L,AN,mc_learned_baseline,45,221532
623,221888,356,,1,-9.695505764182333e-17,True,P-L,AN,mc_learned_baseline,45,221888
624,222244,356,,1,-6.779843230515071e-17,True,P-L,AN,mc_learned_baseline,45,222244
625,222600,356,,1,-4.020981477190102e-17,True,P-L,AN,mc_learned_baseline,45,222600
626,222956,356,,1,2.22146833612855e-17,True,P-L,AN,mc_learned_baseline,45,222956
627,223312,356,,1,4.383544005029055e-17,True,P-L,AN,mc_learned_baseline,45,223312
628,223668,356,,1,-2.4773048732667197e-18,True,P-L,AN,mc_learned_baseline,45,223668
629,224024,356,,1,-7.219257907168488e-17,True,P-L,AN,mc_learned_baseline,45,224024
630,224380,356,,1,1.0241099269260869e-16,True,P-L,AN,mc_learned_baseline,45,224380
631,224736,356,,1,8.635432346774214e-16,True,P-L,AN,mc_learned_baseline,45,224736
632,225092,356,,1,-3.408070380456948e-17,True,P-L,AN,mc_learned_baseline,45,225092
633,225448,356,,1,5.2371379474525994e-17,True,P-L,AN,mc_learned_baseline,45,225448
634,225804,356,,1,2.807499778339664e-15,True,P-L,AN,mc_learned_baseline,45,225804
635,226160,356,,1,6.00693102257419e-15,True,P-L,AN,mc_learned_baseline,45,226160
636,226516,356,,1,6.382457203202504e-18,True,P-L,AN,mc_learned_baseline,45,226516
637,226872,356,,1,3.4550823306839823e-17,True,P-L,AN,mc_learned_baseline,45,226872
638,227228,356,,1,-1.3941321596766843e-17,True,P-L,AN,mc_learned_baseline,45,227228
639,227584,356,,1,3.5285488887434756e-17,True,P-L,AN,mc_learned_baseline,45,227584
640,227940,356,,1,8.342220685168761e-18,True,P-L,AN,mc_learned_baseline,45,227940
641,228296,356,,1,1.1497445448615687e-17,True,P-L,AN,mc_learned_baseline,45,228296
642,228652,356,,1,3.425068535066237e-17,True,P-L,AN,mc_learned_baseline,45,228652
643,229008,356,,1,2.897200975838739e-17,True,P-L,AN,mc_learned_baseline,45,229008
644,229364,356,,1,7.334557538881055e-17,True,P-L,AN,mc_learned_baseline,45,229364
645,229720,356,,1,-6.134415201176597e-17,True,P-L,AN,mc_learned_baseline,45,229720
646,230076,356,,1,1.1445075428062924e-16,True,P-L,AN,mc_learned_baseline,45,230076
647,230432,356,,1,-6.42809064172727e-17,True,P-L,AN,mc_learned_baseline,45,230432
648,230788,356,,1,7.420562892920038e-17,True,P-L,AN,mc_learned_baseline,45,230788
649,231144,356,,1,-6.620825368999362e-17,True,P-L,AN,mc_learned_baseline,45,231144
650,231500,356,,1,-3.907350179093977e-17,True,P-L,AN,mc_learned_baseline,45,231500
651,231856,356,,1,1.1716338579733041e-17,True,P-L,AN,mc_learned_baseline,45,231856
652,232212,356,,1,3.5804017839170994e-17,True,P-L,AN,mc_learned_baseline,45,232212
653,232568,356,,1,-1.0156060759228391e-16,True,P-L,AN,mc_learned_baseline,45,232568
654,232924,356,,1,-6.413194816677211e-17,True,P-L,AN,mc_learned_baseline,45,232924
655,233280,356,,1,4.2415496707053995e-17,True,P-L,AN,mc_learned_baseline,45,233280
656,233636,356,,1,4.741929505918065e-17,True,P-L,AN,mc_learned_baseline,45,233636
657,233992,356,,1,9.390462480898775e-16,True,P-L,AN,mc_learned_baseline,45,233992
658,234348,356,,1,4.72257346725212e-16,True,P-L,AN,mc_learned_baseline,45,234348
659,234704,356,,1,4.341035602437541e-18,True,P-L,AN,mc_learned_baseline,45,234704
660,235060,356,,1,-3.1844967783945265e-17,True,P-L,AN,mc_learned_baseline,45,235060
661,235416,356,,1,6.827450025658677e-17,True,P-L,AN,mc_learned_baseline,45,235416
662,235772,356,,1,-4.925709622089248e-17,True,P-L,AN,mc_learned_baseline,45,235772
663,236128,356,,1,6.835556618632344e-17,True,P-L,AN,mc_learned_baseline,45,236128
664,236484,356,,1,7.238943997742263e-17,True,P-L,AN,mc_learned_baseline,45,236484
665,236840,356,,1,-2.6726062415862954e-17,True,P-L,AN,mc_learned_baseline,45,236840
666,237196,356,,1,8.159863047735683e-17,True,P-L,AN,mc_learned_baseline,45,237196
667,237552,356,,1,-1.896566233185719e-19,True,P-L,AN,mc_learned_baseline,45,237552
668,237908,356,,1,-7.218661447497822e-17,True,P-L,AN,mc_learned_baseline,45,237908
669,238264,356,,1,9.190503435186809e-17,True,P-L,AN,mc_learned_baseline,45,238264
670,238620,356,,1,-5.2105542573851074e-17,True,P-L,AN,mc_learned_baseline,45,238620
671,238976,356,,1,5.2529828550021856e-17,True,P-L,AN,mc_learned_baseline,45,238976
672,239332,356,,1,-4.078148131697328e-18,True,P-L,AN,mc_learned_baseline,45,239332
673,239688,356,,1,-4.3330119244900896e-18,True,P-L,AN,mc_learned_baseline,45,239688
674,240044,356,,1,-4.512982385520011e-17,True,P-L,AN,mc_learned_baseline,45,240044
675,240400,356,,1,4.546639928754692e-16,True,P-L,AN,mc_learned_baseline,45,240400
676,240756,356,,1,-5.791474884389675e-17,True,P-L,AN,mc_learned_baseline,45,240756
677,241112,356,,1,6.278885837864214e-17,True,P-L,AN,mc_learned_baseline,45,241112
678,241468,356,,1,5.057418583442483e-18,True,P-L,AN,mc_learned_baseline,45,241468
679,241824,356,,1,7.424075919292307e-17,True,P-L,AN,mc_learned_baseline,45,241824
680,242180,356,,1,-2.984327250011072e-17,True,P-L,AN,mc_learned_baseline,45,242180
681,242536,356,,1,1.6966756791750919e-15,True,P-L,AN,mc_learned_baseline,45,242536
682,242892,356,,1,-1.337944131572936e-18,True,P-L,AN,mc_learned_baseline,45,242892
683,243248,356,,1,2.1429325333431545e-17,True,P-L,AN,mc_learned_baseline,45,243248
684,243604,356,,1,3.047399063081403e-17,True,P-L,AN,mc_learned_baseline,45,243604
685,243960,356,,1,-6.281584080777648e-17,True,P-L,AN,mc_learned_baseline,45,243960
686,244316,356,,1,-1.5360615968244515e-17,True,P-L,AN,mc_learned_baseline,45,244316
687,244672,356,,1,2.298114079876663e-17,True,P-L,AN,mc_learned_baseline,45,244672
688,245028,356,,1,-3.6484571159457275e-17,True,P-L,AN,mc_learned_baseline,45,245028
689,245384,356,,1,-5.173068245420991e-17,True,P-L,AN,mc_learned_baseline,45,245384
690,245740,356,,1,-9.275629153947624e-17,True,P-L,AN,mc_learned_baseline,45,245740
691,246096,356,,1,-1.954108378550103e-17,True,P-L,AN,mc_learned_baseline,45,246096
692,246452,356,,1,-7.384746500413538e-17,True,P-L,AN,mc_learned_baseline,45,246452
693,246808,356,,1,2.2834430545879806e-17,True,P-L,AN,mc_learned_baseline,45,246808
694,247164,356,,1,-2.6095621394820238e-17,True,P-L,AN,mc_learned_baseline,45,247164
695,247520,356,,1,1.3102866024559079e-17,True,P-L,AN,mc_learned_baseline,45,247520
696,247876,356,,1,-8.33470640335349e-17,True,P-L,AN,mc_learned_baseline,45,247876
697,248232,356,,1,7.822464754729669e-17,True,P-L,AN,mc_learned_baseline,45,248232
698,248588,356,,1,-4.569572796450572e-17,True,P-L,AN,mc_learned_baseline,45,248588
699,248944,356,,1,8.227436705136547e-17,True,P-L,AN,mc_learned_baseline,45,248944
700,249300,356,,1,1.9775013947916778e-17,True,P-L,AN,mc_learned_baseline,45,249300
701,249656,356,,1,-4.2293067241721203e-17,True,P-L,AN,mc_learned_baseline,45,249656
702,250012,356,,1,1.5564257937898289e-18,True,P-L,AN,mc_learned_baseline,45,250012
703,250368,356,,1,-5.4650738564792396e-17,True,P-L,AN,mc_learned_baseline,45,250368
704,250724,356,,1,4.091553301891931e-17,True,P-L,AN,mc_learned_baseline,45,250724
705,251080,356,,1,8.541715877683854e-17,True,P-L,AN,mc_learned_baseline,45,251080
706,251436,356,,1,-1.6244090998266297e-17,True,P-L,AN,mc_learned_baseline,45,251436
707,251792,356,,1,3.921181933136127e-17,True,P-L,AN,mc_learned_baseline,45,251792
708,252148,356,,1,6.569621246822381e-16,True,P-L,AN,mc_learned_baseline,45,252148
709,252504,356,,1,9.53735502686763e-17,True,P-L,AN,mc_learned_baseline,45,252504
710,252860,356,,1,-1.0487300958004594e-17,True,P-L,AN,mc_learned_baseline,45,252860
711,253216,356,,1,1.574036196856506e-17,True,P-L,AN,mc_learned_baseline,45,253216
712,253572,356,,1,-2.1796232591364605e-17,True,P-L,AN,mc_learned_baseline,45,253572
713,253928,356,,1,-2.7533499981554915e-17,True,P-L,AN,mc_learned_baseline,45,253928
714,254284,356,,1,-1.7357558720705695e-17,True,P-L,AN,mc_learned_baseline,45,254284
715,254640,356,,1,4.848250207543858e-18,True,P-L,AN,mc_learned_baseline,45,254640
716,254996,356,,1,3.29444606396374e-17,True,P-L,AN,mc_learned_baseline,45,254996
717,255352,356,,1,1.7402486811261585e-17,True,P-L,AN,mc_learned_baseline,45,255352
718,255708,356,,1,7.109529655264587e-17,True,P-L,AN,mc_learned_baseline,45,255708
719,256064,356,,1,6.924751009244668e-17,True,P-L,AN,mc_learned_baseline,45,256064
720,256420,356,,1,1.0923712448400725e-15,True,P-L,AN,mc_learned_baseline,45,256420
721,256776,356,,1,4.158528618714673e-17,True,P-L,AN,mc_learned_baseline,45,256776
722,257132,356,,1,4.9166052106000353e-17,True,P-L,AN,mc_learned_baseline,45,257132
723,257488,356,,1,1.4389562955876532e-16,True,P-L,AN,mc_learned_baseline,45,257488
724,257844,356,,1,3.6108613393645183e-16,True,P-L,AN,mc_learned_baseline,45,257844
725,258200,356,,1,5.510410851574795e-18,True,P-L,AN,mc_learned_baseline,45,258200
726,258556,356,,1,9.338259284428206e-17,True,P-L,AN,mc_learned_baseline,45,258556
727,258912,356,,1,1.2283191367231625e-18,True,P-L,AN,mc_learned_baseline,45,258912
728,259268,356,,1,-9.60925920194192e-18,True,P-L,AN,mc_learned_baseline,45,259268
729,259624,356,,1,-1.0888409853186631e-17,True,P-L,AN,mc_learned_baseline,45,259624
730,259980,356,,1,3.233136876215065e-17,True,P-L,AN,mc_learned_baseline,45,259980
731,260336,356,,1,-8.122008265255678e-17,True,P-L,AN,mc_learned_baseline,45,260336
732,260692,356,,1,5.1239136351601713e-17,True,P-L,AN,mc_learned_baseline,45,260692
733,261048,356,,1,1.700978015630646e-17,True,P-L,AN,mc_learned_baseline,45,261048
734,261404,356,,1,-1.0300464839930922e-16,True,P-L,AN,mc_learned_baseline,45,261404
735,261760,356,,1,-5.255528441182386e-17,True,P-L,AN,mc_learned_baseline,45,261760
736,262116,356,,1,8.838680913557226e-17,True,P-L,AN,mc_learned_baseline,45,262116
1,456,356,,1,1.7919863863751072e-09,True,P-L,SA,mc_learned_baseline,45,456
2,812,356,,1,4.4655707589753064e-09,True,P-L,SA,mc_learned_baseline,45,812
3,1168,356,,1,7.611608588012862e-09,True,P-L,SA,mc_learned_baseline,45,1168
4,1524,356,,1,2.943708488362619e-10,True,P-L,SA,mc_learned_baseline,45,1524
5,1880,356,,1,1.4460443413315693e-09,True,P-L,SA,mc_learned_baseline,45,1880
6,2236,356,,1,3.3337710018319553e-10,True,P-L,SA,mc_learned_baseline,45,2236
7,2592,356,,1,2.2429462166294753e-10,True,P-L,SA,mc_learned_baseline,45,2592
8,2948,356,,1,7.653238944030765e-09,True,P-L,SA,mc_learned_baseline,45,2948
9,3304,356,,1,1.7419497925207426e-09,True,P-L,SA,mc_learned_baseline,45,3304
10,3660,356,,1,5.756326773314545e-09,True,P-L,SA,mc_learned_baseline,45,3660
11,4016,356,,1,4.155992830927653e-09,True,P-L,SA,mc_learned_baseline,45,4016
12,4372,356,,1,1.5100343062037682e-08,True,P-L,SA,mc_learned_baseline,45,4372
13,4728,356,,1,9.8502491424159e-09,True,P-L,SA,mc_learned_baseline,45,4728
14,5084,356,,1,1.5994274401316156e-08,True,P-L,SA,mc_learned_baseline,45,5084
15,5440,356,,1,5.020075016241585e-08,True,P-L,SA,mc_learned_baseline,45,5440
16,5796,356,,1,4.8972590176416256e-08,True,P-L,SA,mc_learned_baseline,45,5796
17,6152,356,,1,3.5356512116044235e-08,True,P-L,SA,mc_learned_baseline,45,6152
18,6508,356,,1,3.436941212839698e-08,True,P-L,SA,mc_learned_baseline,45,6508
19,6864,356,,1,4.628892798407398e-08,True,P-L,SA,mc_learned_baseline,45,6864
20,7220,356,,1,1.8377110172081865e-08,True,P-L,SA,mc_learned_baseline,45,7220
21,7576,356,,1,8.151322898344501e-10,True,P-L,SA,mc_learned_baseline,45,7576
22,7932,356,,1,3.984640991253996e-08,True,P-L,SA,mc_learned_baseline,45,7932
23,8288,356,,1,2.7561565933119145e-08,True,P-L,SA,mc_learned_baseline,45,8288
24,8644,356,,1,1.4408690075042084e-08,True,P-L,SA,mc_learned_baseline,45,8644
25,9000,356,,1,2.1490002859857777e-08,True,P-L,SA,mc_learned_baseline,45,9000
26,9356,356,,1,1.0029100736543742e-08,True,P-L,SA,mc_learned_baseline,45,9356
27,9712,356,,1,7.930257592236872e-09,True,P-L,SA,mc_learned_baseline,45,9712
28,10068,356,,1,3.1519723263217905e-09,True,P-L,SA,mc_learned_baseline,45,10068
29,10424,356,,1,8.43256186026966e-09,True,P-L,SA,mc_learned_baseline,45,10424
30,10780,356,,1,3.0997227233788345e-09,True,P-L,SA,mc_learned_baseline,45,10780
31,11136,356,,1,1.2580582026748018e-08,True,P-L,SA,mc_learned_baseline,45,11136
32,11492,356,,1,5.0244069684795365e-09,True,P-L,SA,mc_learned_baseline,45,11492
33,11848,356,,1,1.9921055421390494e-09,True,P-L,SA,mc_learned_baseline,45,11848
34,12204,356,,1,4.5776301560881296e-10,True,P-L,SA,mc_learned_baseline,45,12204
35,12560,356,,1,9.145652366125802e-10,True,P-L,SA,mc_learned_baseline,45,12560
36,12916,356,,1,3.0770921646750524e-10,True,P-L,SA,mc_learned_baseline,45,12916
37,13272,356,,1,1.634155080862824e-12,True,P-L,SA,mc_learned_baseline,45,13272
38,13628,356,,1,1.666053625226149e-10,True,P-L,SA,mc_learned_baseline,45,13628
39,13984,356,,1,3.0633774083337086e-11,True,P-L,SA,mc_learned_baseline,45,13984
40,14340,356,,1,4.6510026578314716e-14,True,P-L,SA,mc_learned_baseline,45,14340
41,14696,356,,1,8.56427694344122e-14,True,P-L,SA,mc_learned_baseline,45,14696
42,15052,356,,1,1.966750797438565e-14,True,P-L,SA,mc_learned_baseline,45,15052
43,15408,356,,1,2.1515585612067452e-13,True,P-L,SA,mc_learned_baseline,45,15408
44,15764,356,,1,2.159847059091978e-13,True,P-L,SA,mc_learned_baseline,45,15764
45,16120,356,,1,1.5852489387935796e-10,True,P-L,SA,mc_learned_baseline,45,16120
46,16476,356,,1,2.5760597012805104e-13,True,P-L,SA,mc_learned_baseline,45,16476
47,16832,356,,1,1.7754730040752604e-13,True,P-L,SA,mc_learned_baseline,45,16832
48,17188,356,,1,2.8955237290330785e-13,True,P-L,SA,mc_learned_baseline,45,17188
49,17544,356,,1,3.11304009310913e-13,True,P-L,SA,mc_learned_baseline,45,17544
50,17900,356,,1,2.8474781808395696e-13,True,P-L,SA,mc_learned_baseline,45,17900
51,18256,356,,1,4.232777051424577e-11,True,P-L,SA,mc_learned_baseline,45,18256
52,18612,356,,1,4.376242551243596e-14,True,P-L,SA,mc_learned_baseline,45,18612
53,18968,356,,1,4.264755594497879e-15,True,P-L,SA,mc_learned_baseline,45,18968
54,19324,356,,1,3.911417592932188e-14,True,P-L,SA,mc_learned_baseline,45,19324
55,19680,356,,1,4.115374337282949e-14,True,P-L,SA,mc_learned_baseline,45,19680
56,20036,356,,1,2.8740252859137145e-14,True,P-L,SA,mc_learned_baseline,45,20036
57,20392,356,,1,1.2935823274672249e-14,True,P-L,SA,mc_learned_baseline,45,20392
58,20748,356,,1,1.598011783636646e-14,True,P-L,SA,mc_learned_baseline,45,20748
59,21104,356,,1,4.093327490482312e-14,True,P-L,SA,mc_learned_baseline,45,21104
60,21460,356,,1,2.1989121502840606e-14,True,P-L,SA,mc_learned_baseline,45,21460
61,21816,356,,1,7.367686860777275e-15,True,P-L,SA,mc_learned_baseline,45,21816
62,22172,356,,1,2.7539593300469917e-14,True,P-L,SA,mc_learned_baseline,45,22172
63,22528,356,,1,3.0585144410413446e-15,True,P-L,SA,mc_learned_baseline,45,22528
64,22884,356,,1,1.2999318309909072e-14,True,P-L,SA,mc_learned_baseline,45,22884
65,23240,356,,1,2.033616143729758e-14,True,P-L,SA,mc_learned_baseline,45,23240
66,23596,356,,1,2.6175047784281382e-15,True,P-L,SA,mc_learned_baseline,45,23596
67,23952,356,,1,3.2298801989534454e-15,True,P-L,SA,mc_learned_baseline,45,23952
68,24308,356,,1,2.4281906779594777e-14,True,P-L,SA,mc_learned_baseline,45,24308
69,24664,356,,1,2.809926675674272e-11,True,P-L,SA,mc_learned_baseline,45,24664
70,25020,356,,1,-5.612581665019466e-17,True,P-L,SA,mc_learned_baseline,45,25020
71,25376,356,,1,-3.675180977609316e-17,True,P-L,SA,mc_learned_baseline,45,25376
72,25732,356,,1,-2.359869351093227e-17,True,P-L,SA,mc_learned_baseline,45,25732
73,26088,356,,1,-2.0450971561496574e-17,True,P-L,SA,mc_learned_baseline,45,26088
74,26444,356,,1,-6.465824351484039e-17,True,P-L,SA,mc_learned_baseline,45,26444
75,26800,356,,1,-1.1654495686238179e-16,True,P-L,SA,mc_learned_baseline,45,26800
76,27156,356,,1,-1.2526642416364103e-16,True,P-L,SA,mc_learned_baseline,45,27156
77,27512,356,,1,-1.2385022618746038e-16,True,P-L,SA,mc_learned_baseline,45,27512
78,27868,356,,1,-1.1030606150004898e-16,True,P-L,SA,mc_learned_baseline,45,27868
79,28224,356,,1,-1.161929434359022e-16,True,P-L,SA,mc_learned_baseline,45,28224
80,28580,356,,1,-4.6293280773398514e-17,True,P-L,SA,mc_learned_baseline,45,28580
81,28936,356,,1,-1.1968855099594546e-16,True,P-L,SA,mc_learned_baseline,45,28936
82,29292,356,,1,-1.1169911883530474e-16,True,P-L,SA,mc_learned_baseline,45,29292
83,29648,356,,1,-1.1173144690836702e-16,True,P-L,SA,mc_learned_baseline,45,29648
84,30004,356,,1,-3.525430157355811e-17,True,P-L,SA,mc_learned_baseline,45,30004
85,30360,356,,1,-3.0004969115130346e-17,True,P-L,SA,mc_learned_baseline,45,30360
86,30716,356,,1,-1.8037045784030363e-17,True,P-L,SA,mc_learned_baseline,45,30716
87,31072,356,,1,-2.8379282127740703e-17,True,P-L,SA,mc_learned_baseline,45,31072
88,31428,356,,1,-1.1515387319028887e-16,True,P-L,SA,mc_learned_baseline,45,31428
89,31784,356,,1,-1.0860158918958138e-16,True,P-L,SA,mc_learned_baseline,45,31784
90,32140,356,,1,-3.032051347846484e-17,True,P-L,SA,mc_learned_baseline,45,32140
91,32496,356,,1,-1.5679923911698198e-17,True,P-L,SA,mc_learned_baseline,45,32496
92,32852,356,,1,-2.4631886973863474e-17,True,P-L,SA,mc_learned_baseline,45,32852
93,33208,356,,1,-2.3323745217258092e-17,True,P-L,SA,mc_learned_baseline,45,33208
94,33564,356,,1,-8.24113943866168e-17,True,P-L,SA,mc_learned_baseline,45,33564
95,33920,356,,1,-6.606669402607024e-17,True,P-L,SA,mc_learned_baseline,45,33920
96,34276,356,,1,-3.434348726284865e-17,True,P-L,SA,mc_learned_baseline,45,34276
97,34632,356,,1,-7.737039714383654e-17,True,P-L,SA,mc_learned_baseline,45,34632
98,34988,356,,1,-2.997594198475026e-17,True,P-L,SA,mc_learned_baseline,45,34988
99,35344,356,,1,9.233131839753692e-17,True,P-L,SA,mc_learned_baseline,45,35344
100,35700,356,,1,1.2479348830738869e-11,True,P-L,SA,mc_learned_baseline,45,35700
101,36056,356,,1,-1.114560864311062e-16,True,P-L,SA,mc_learned_baseline,45,36056
102,36412,356,,1,1.0496995750802149e-17,True,P-L,SA,mc_learned_baseline,45,36412
103,36768,356,,1,2.009919228447341e-17,True,P-L,SA,mc_learned_baseline,45,36768
104,37124,356,,1,1.0309375989852846e-17,True,P-L,SA,mc_learned_baseline,45,37124
105,37480,356,,1,-1.1421257963474484e-16,True,P-L,SA,mc_learned_baseline,45,37480
106,37836,356,,1,-1.1212238782561634e-16,True,P-L,SA,mc_learned_baseline,45,37836
107,38192,356,,1,1.4158070569894508e-17,True,P-L,SA,mc_learned_baseline,45,38192
108,38548,356,,1,-1.0610498636781743e-16,True,P-L,SA,mc_learned_baseline,45,38548
109,38904,356,,1,1.0522377182044632e-17,True,P-L,SA,mc_learned_baseline,45,38904
110,39260,356,,1,-1.0724595283880274e-16,True,P-L,SA,mc_learned_baseline,45,39260
111,39616,356,,1,-1.1106827384297363e-16,True,P-L,SA,mc_learned_baseline,45,39616
112,39972,356,,1,1.5938347670136286e-17,True,P-L,SA,mc_learned_baseline,45,39972
113,40328,356,,1,6.48696910774326e-12,True,P-L,SA,mc_learned_baseline,45,40328
114,40684,356,,1,1.98847057743902e-17,True,P-L,SA,mc_learned_baseline,45,40684
115,41040,356,,1,1.4569682815305926e-17,True,P-L,SA,mc_learned_baseline,45,41040
116,41396,356,,1,2.0141118994274127e-17,True,P-L,SA,mc_learned_baseline,45,41396
117,41752,356,,1,4.58653263095253e-12,True,P-L,SA,mc_learned_baseline,45,41752
118,42108,356,,1,1.1094120122535183e-16,True,P-L,SA,mc_learned_baseline,45,42108
119,42464,356,,1,1.1112287342834265e-16,True,P-L,SA,mc_learned_baseline,45,42464
120,42820,356,,1,1.1080528430539706e-16,True,P-L,SA,mc_learned_baseline,45,42820
121,43176,356,,1,1.1093953669356879e-16,True,P-L,SA,mc_learned_baseline,45,43176
122,43532,356,,1,1.1111332773863995e-16,True,P-L,SA,mc_learned_baseline,45,43532
123,43888,356,,1,1.1109952843521295e-16,True,P-L,SA,mc_learned_baseline,45,43888
124,44244,356,,1,1.1085780288545625e-16,True,P-L,SA,mc_learned_baseline,45,44244
125,44600,356,,1,1.1110343065923643e-16,True,P-L,SA,mc_learned_baseline,45,44600
126,44956,356,,1,1.1101946971543069e-16,True,P-L,SA,mc_learned_baseline,45,44956
127,45312,356,,1,1.108511861238117e-16,True,P-L,SA,mc_learned_baseline,45,45312
128,45668,356,,1,1.1081215670133851e-16,True,P-L,SA,mc_learned_baseline,45,45668
129,46024,356,,1,1.1095712885165891e-16,True,P-L,SA,mc_learned_baseline,45,46024
130,46380,356,,1,1.1152126720264012e-16,True,P-L,SA,mc_learned_baseline,45,46380
131,46736,356,,1,1.1103422551010567e-16,True,P-L,SA,mc_learned_baseline,45,46736
132,47092,356,,1,1.1124254441224342e-16,True,P-L,SA,mc_learned_baseline,45,47092
133,47448,356,,1,1.1122981186742804e-16,True,P-L,SA,mc_learned_baseline,45,47448
134,47804,356,,1,1.1078917362320074e-16,True,P-L,SA,mc_learned_baseline,45,47804
135,48160,356,,1,1.1092980181517592e-16,True,P-L,SA,mc_learned_baseline,45,48160
136,48516,356,,1,1.1078078316785757e-16,True,P-L,SA,mc_learned_baseline,45,48516
137,48872,356,,1,1.111186094182776e-16,True,P-L,SA,mc_learned_baseline,45,48872
138,49228,356,,1,4.351630840084293e-12,True,P-L,SA,mc_learned_baseline,45,49228
139,49584,356,,1,-1.8625397922508887e-17,True,P-L,SA,mc_learned_baseline,45,49584
140,49940,356,,1,-1.6482655388981095e-17,True,P-L,SA,mc_learned_baseline,45,49940
141,50296,356,,1,-2.1741545947325027e-17,True,P-L,SA,mc_learned_baseline,45,50296
142,50652,356,,1,-2.4312801139326712e-17,True,P-L,SA,mc_learned_baseline,45,50652
143,51008,356,,1,-2.433831233397758e-17,True,P-L,SA,mc_learned_baseline,45,51008
144,51364,356,,1,-1.432541034933989e-17,True,P-L,SA,mc_learned_baseline,45,51364
145,51720,356,,1,-2.380752163393821e-17,True,P-L,SA,mc_learned_baseline,45,51720
146,52076,356,,1,-1.561677639378435e-17,True,P-L,SA,mc_learned_baseline,45,52076
147,52432,356,,1,1.788937207583133e-12,True,P-L,SA,mc_learned_baseline,45,52432
148,52788,356,,1,5.92590236486353e-14,True,P-L,SA,mc_learned_baseline,45,52788
149,53144,356,,1,-1.4754399344441904e-17,True,P-L,SA,mc_learned_baseline,45,53144
150,53500,356,,1,-1.6920469881217384e-17,True,P-L,SA,mc_learned_baseline,45,53500
151,53856,356,,1,-2.512907661575493e-17,True,P-L,SA,mc_learned_baseline,45,53856
152,54212,356,,1,-1.6507239221635518e-17,True,P-L,SA,mc_learned_baseline,45,54212
153,54568,356,,1,-1.735929425760881e-17,True,P-L,SA,mc_learned_baseline,45,54568
154,54924,356,,1,-1.954058549400972e-17,True,P-L,SA,mc_learned_baseline,45,54924
155,55280,356,,1,-1.997361922893201e-17,True,P-L,SA,mc_learned_baseline,45,55280
156,55636,356,,1,-2.475349348226537e-17,True,P-L,SA,mc_learned_baseline,45,55636
157,55992,356,,1,-1.995807129262578e-17,True,P-L,SA,mc_learned_baseline,45,55992
158,56348,356,,1,-2.991973750910831e-17,True,P-L,SA,mc_learned_baseline,45,56348
159,56704,356,,1,-3.3422036492449866e-17,True,P-L,SA,mc_learned_baseline,45,56704
160,57060,356,,1,-2.5586190885355855e-17,True,P-L,SA,mc_learned_baseline,45,57060
161,57416,356,,1,2.502348615289705e-11,True,P-L,SA,mc_learned_baseline,45,57416
162,57772,356,,1,-1.1105027729611052e-16,True,P-L,SA,mc_learned_baseline,45,57772
163,58128,356,,1,1.2217529931362648e-10,True,P-L,SA,mc_learned_baseline,45,58128
164,58484,356,,1,-2.3855137206195934e-17,True,P-L,SA,mc_learned_baseline,45,58484
165,58840,356,,1,-2.038519628785172e-17,True,P-L,SA,mc_learned_baseline,45,58840
166,59196,356,,1,-2.255924744337786e-17,True,P-L,SA,mc_learned_baseline,45,59196
167,59552,356,,1,-1.1712534142198597e-17,True,P-L,SA,mc_learned_baseline,45,59552
168,59908,356,,1,-2.1693909803792287e-17,True,P-L,SA,mc_learned_baseline,45,59908
169,60264,356,,1,-2.602431892799719e-17,True,P-L,SA,mc_learned_baseline,45,60264
170,60620,356,,1,-1.0408932608193908e-17,True,P-L,SA,mc_learned_baseline,45,60620
171,60976,356,,1,-1.8652650782996158e-17,True,P-L,SA,mc_learned_baseline,45,60976
172,61332,356,,1,-1.9953516450323962e-17,True,P-L,SA,mc_learned_baseline,45,61332
173,61688,356,,1,-2.5154369987917574e-17,True,P-L,SA,mc_learned_baseline,45,61688
174,62044,356,,1,-2.3421941217858037e-17,True,P-L,SA,mc_learned_baseline,45,62044
175,62400,356,,1,-2.515620674721017e-17,True,P-L,SA,mc_learned_baseline,45,62400
176,62756,356,,1,-3.0360760589524235e-17,True,P-L,SA,mc_learned_baseline,45,62756
177,63112,356,,1,-1.778350091113706e-17,True,P-L,SA,mc_learned_baseline,45,63112
178,63468,356,,1,-2.342126120745115e-17,True,P-L,SA,mc_learned_baseline,45,63468
179,63824,356,,1,-2.1247889559019424e-17,True,P-L,SA,mc_learned_baseline,45,63824
180,64180,356,,1,-2.0818419145275862e-17,True,P-L,SA,mc_learned_baseline,45,64180
181,64536,356,,1,-2.1251660039173258e-17,True,P-L,SA,mc_learned_baseline,45,64536
182,64892,356,,1,-2.472347227171302e-17,True,P-L,SA,mc_learned_baseline,45,64892
183,65248,356,,1,-2.6023143984060013e-17,True,P-L,SA,mc_learned_baseline,45,65248
184,65604,356,,1,-2.8628588968171856e-17,True,P-L,SA,mc_learned_baseline,45,65604
185,65960,356,,1,-2.6453760346528653e-17,True,P-L,SA,mc_learned_baseline,45,65960
186,66316,356,,1,-2.211925543540859e-17,True,P-L,SA,mc_learned_baseline,45,66316
187,66672,356,,1,-2.429000783304205e-17,True,P-L,SA,mc_learned_baseline,45,66672
188,67028,356,,1,-2.9503093015207784e-17,True,P-L,SA,mc_learned_baseline,45,67028
189,67384,356,,1,-1.604747844944288e-17,True,P-L,SA,mc_learned_baseline,45,67384
190,67740,356,,1,-2.6889803536791558e-17,True,P-L,SA,mc_learned_baseline,45,67740
191,68096,356,,1,-2.5155997010324156e-17,True,P-L,SA,mc_learned_baseline,45,68096
192,68452,356,,1,1.9163665682518512e-10,True,P-L,SA,mc_learned_baseline,45,68452
193,68808,356,,1,-1.6480199522387536e-17,True,P-L,SA,mc_learned_baseline,45,68808
194,69164,356,,1,-2.2985329920186315e-17,True,P-L,SA,mc_learned_baseline,45,69164
195,69520,356,,1,-3.165965024360022e-17,True,P-L,SA,mc_learned_baseline,45,69520
196,69876,356,,1,-1.951590010224493e-17,True,P-L,SA,mc_learned_baseline,45,69876
197,70232,356,,1,-2.2118078696620562e-17,True,P-L,SA,mc_learned_baseline,45,70232
198,70588,356,,1,2.1530828547072617e-10,True,P-L,SA,mc_learned_baseline,45,70588
199,70944,356,,1,-1.110226530739573e-16,True,P-L,SA,mc_learned_baseline,45,70944
200,71300,356,,1,-1.1102308198061875e-16,True,P-L,SA,mc_learned_baseline,45,71300
201,71656,356,,1,-1.1102285192601848e-16,True,P-L,SA,mc_learned_baseline,45,71656
202,72012,356,,1,-1.1102159661327429e-16,True,P-L,SA,mc_learned_baseline,45,72012
203,72368,356,,1,-1.1102264154653306e-16,True,P-L,SA,mc_learned_baseline,45,72368
204,72724,356,,1,-1.1102264615750273e-16,True,P-L,SA,mc_learned_baseline,45,72724
205,73080,356,,1,-1.1102239252388078e-16,True,P-L,SA,mc_learned_baseline,45,73080
206,73436,356,,1,-1.11023087996474e-16,True,P-L,SA,mc_learned_baseline,45,73436
207,73792,356,,1,-1.110234414793509e-16,True,P-L,SA,mc_learned_baseline,45,73792
208,74148,356,,1,-1.1102265537944211e-16,True,P-L,SA,mc_learned_baseline,45,74148
209,74504,356,,1,-1.1102263463007847e-16,True,P-L,SA,mc_learned_baseline,45,74504
210,74860,356,,1,-1.110231389423725e-16,True,P-L,SA,mc_learned_baseline,45,74860
211,75216,356,,1,-1.1102283638019514e-16,True,P-L,SA,mc_learned_baseline,45,75216
212,75572,356,,1,-1.1102264961573e-16,True,P-L,SA,mc_learned_baseline,45,75572
213,75928,356,,1,-1.1102274184882e-16,True,P-L,SA,mc_learned_baseline,45,75928
214,76284,356,,1,-1.1102321735335302e-16,True,P-L,SA,mc_learned_baseline,45,76284
215,76640,356,,1,-1.1102258175971195e-16,True,P-L,SA,mc_learned_baseline,45,76640
216,76996,356,,1,-1.110224766697745e-16,True,P-L,SA,mc_learned_baseline,45,76996
217,77352,356,,1,-1.1102270872817452e-16,True,P-L,SA,mc_learned_baseline,45,77352
218,77708,356,,1,-1.1102299276560094e-16,True,P-L,SA,mc_learned_baseline,45,77708
219,78064,356,,1,-1.1102301622460588e-16,True,P-L,SA,mc_learned_baseline,45,78064
220,78420,356,,1,-1.1102303694157074e-16,True,P-L,SA,mc_learned_baseline,45,78420
221,78776,356,,1,-1.1102263808830576e-16,True,P-L,SA,mc_learned_baseline,45,78776
222,79132,356,,1,-1.1102273176862357e-16,True,P-L,SA,mc_learned_baseline,45,79132
223,79488,356,,1,-1.1102307146984554e-16,True,P-L,SA,mc_learned_baseline,45,79488
224,79844,356,,1,-1.1102213077786348e-16,True,P-L,SA,mc_learned_baseline,45,79844
225,80200,356,,1,-1.1102256920094973e-16,True,P-L,SA,mc_learned_baseline,45,80200
226,80556,356,,1,-1.1102282256168548e-16,True,P-L,SA,mc_learned_baseline,45,80556
227,80912,356,,1,-1.1102265307395727e-16,True,P-L,SA,mc_learned_baseline,45,80912
228,81268,356,,1,1.7922101816771018e-10,True,P-L,SA,mc_learned_baseline,45,81268
229,81624,356,,1,-1.1102256459916948e-16,True,P-L,SA,mc_learned_baseline,45,81624
230,81980,356,,1,-1.110226493386069e-16,True,P-L,SA,mc_learned_baseline,45,81980
231,82336,356,,1,-1.1102282401318948e-16,True,P-L,SA,mc_learned_baseline,45,82336
232,82692,356,,1,-1.110228326563249e-16,True,P-L,SA,mc_learned_baseline,45,82692
233,83048,356,,1,-1.1102272860487743e-16,True,P-L,SA,mc_learned_baseline,45,83048
234,83404,356,,1,-1.1102280499829154e-16,True,P-L,SA,mc_learned_baseline,45,83404
235,83760,356,,1,-1.1102330529033574e-16,True,P-L,SA,mc_learned_baseline,45,83760
236,84116,356,,1,1.813475329207781e-10,True,P-L,SA,mc_learned_baseline,45,84116
237,84472,356,,1,-1.1102283113693324e-16,True,P-L,SA,mc_learned_baseline,45,84472
238,84828,356,,1,-1.1102320291183464e-16,True,P-L,SA,mc_learned_baseline,45,84828
239,85184,356,,1,-1.1102273458557284e-16,True,P-L,SA,mc_learned_baseline,45,85184
240,85540,356,,1,1.482464424760691e-10,True,P-L,SA,mc_learned_baseline,45,85540
241,85896,356,,1,3.599512944647656e-17,True,P-L,SA,mc_learned_baseline,45,85896
242,86252,356,,1,1.821444631681513e-17,True,P-L,SA,mc_learned_baseline,45,86252
243,86608,356,,1,2.2985084815909745e-17,True,P-L,SA,mc_learned_baseline,45,86608
244,86964,356,,1,1.5612400620320947e-17,True,P-L,SA,mc_learned_baseline,45,86964
245,87320,356,,1,1.0518598800362045e-10,True,P-L,SA,mc_learned_baseline,45,87320
246,87676,356,,1,2.3852213308327448e-17,True,P-L,SA,mc_learned_baseline,45,87676
247,88032,356,,1,2.7755534322131762e-17,True,P-L,SA,mc_learned_baseline,45,88032
248,88388,356,,1,1.5612400601286097e-17,True,P-L,SA,mc_learned_baseline,45,88388
249,88744,356,,1,2.2551288447511348e-17,True,P-L,SA,mc_learned_baseline,45,88744
250,89100,356,,1,2.905657654320479e-17,True,P-L,SA,mc_learned_baseline,45,89100
251,89456,356,,1,3.4260661688016465e-17,True,P-L,SA,mc_learned_baseline,45,89456
252,89812,356,,1,2.5587051880234897e-17,True,P-L,SA,mc_learned_baseline,45,89812
253,90168,356,,1,2.2117723067661814e-17,True,P-L,SA,mc_learned_baseline,45,90168
254,90524,356,,1,2.4285971413966317e-17,True,P-L,SA,mc_learned_baseline,45,90524
255,90880,356,,1,2.862289580284712e-17,True,P-L,SA,mc_learned_baseline,45,90880
256,91236,356,,1,2.5587051880234897e-17,True,P-L,SA,mc_learned_baseline,45,91236
257,91592,356,,1,2.6454412861013057e-17,True,P-L,SA,mc_learned_baseline,45,91592
258,91948,356,,1,1.908191951497823e-17,True,P-L,SA,mc_learned_baseline,45,91948
259,92304,356,,1,2.92711506187603e-11,True,P-L,SA,mc_learned_baseline,45,92304
260,92660,356,,1,2.0382885986833992e-17,True,P-L,SA,mc_learned_baseline,45,92660
261,93016,356,,1,2.298496560034677e-17,True,P-L,SA,mc_learned_baseline,45,93016
262,93372,356,,1,3.079117688730876e-17,True,P-L,SA,mc_learned_baseline,45,93372
263,93728,356,,1,1.864816402511056e-17,True,P-L,SA,mc_learned_baseline,45,93728
264,94084,356,,1,2.0383075338047253e-17,True,P-L,SA,mc_learned_baseline,45,94084
265,94440,356,,1,1.8648126654805108e-17,True,P-L,SA,mc_learned_baseline,45,94440
266,94796,356,,1,1.778091440525941e-17,True,P-L,SA,mc_learned_baseline,45,94796
267,95152,356,,1,2.4719690891142575e-17,True,P-L,SA,mc_learned_baseline,45,95152
268,95508,356,,1,2.558705187200429e-17,True,P-L,SA,mc_learned_baseline,45,95508
269,95864,356,,1,1.9081919506120925e-17,True,P-L,SA,mc_learned_baseline,45,95864
270,96220,356,,1,2.4719573530885644e-17,True,P-L,SA,mc_learned_baseline,45,96220
271,96576,356,,1,2.3852407650514944e-17,True,P-L,SA,mc_learned_baseline,45,96576
272,96932,356,,1,1.647976157295627e-17,True,P-L,SA,mc_learned_baseline,45,96932
273,97288,356,,1,1.9949054515369725e-17,True,P-L,SA,mc_learned_baseline,45,97288
274,97644,356,,1,1.994928098691984e-17,True,P-L,SA,mc_learned_baseline,45,97644
275,98000,356,,1,2.47198082513995e-17,True,P-L,SA,mc_learned_baseline,45,98000
276,98356,356,,1,2.4286010400711714e-17,True,P-L,SA,mc_learned_baseline,45,98356
277,98712,356,,1,1.1275595687785972e-17,True,P-L,SA,mc_learned_baseline,45,98712
278,99068,356,,1,2.2551285093516537e-17,True,P-L,SA,mc_learned_baseline,45,99068
279,99424,356,,1,2.2984930309270692e-17,True,P-L,SA,mc_learned_baseline,45,99424
280,99780,356,,1,2.5587130612112776e-17,True,P-L,SA,mc_learned_baseline,45,99780
281,100136,356,,1,2.81890946946294e-17,True,P-L,SA,mc_learned_baseline,45,100136
282,100492,356,,1,1.69135526744919e-17,True,P-L,SA,mc_learned_baseline,45,100492
283,100848,356,,1,1.9949202052535163e-17,True,P-L,SA,mc_learned_baseline,45,100848
284,101204,356,,1,9.974623957732338e-18,True,P-L,SA,mc_learned_baseline,45,101204
285,101560,356,,1,2.7755454324158582e-17,True,P-L,SA,mc_learned_baseline,45,101560
286,101916,356,,1,2.2985046169716032e-17,True,P-L,SA,mc_learned_baseline,45,101916
287,102272,356,,1,1.517882921295688e-17,True,P-L,SA,mc_learned_baseline,45,102272
288,102628,356,,1,1.4191987339756648e-10,True,P-L,SA,mc_learned_baseline,45,102628
289,102984,356,,1,1.6072234121422462e-10,True,P-L,SA,mc_learned_baseline,45,102984
290,103340,356,,1,-1.1102230244445296e-16,True,P-L,SA,mc_learned_baseline,45,103340
291,103696,356,,1,-1.1102232957083063e-16,True,P-L,SA,mc_learned_baseline,45,103696
292,104052,356,,1,-1.1102230244700359e-16,True,P-L,SA,mc_learned_baseline,45,104052
293,104408,356,,1,-1.110223301100708e-16,True,P-L,SA,mc_learned_baseline,45,104408
294,104764,356,,1,-1.1102230243616341e-16,True,P-L,SA,mc_learned_baseline,45,104764
295,105120,356,,1,-1.1102230244572829e-16,True,P-L,SA,mc_learned_baseline,45,105120
296,105476,356,,1,-1.1102230243680106e-16,True,P-L,SA,mc_learned_baseline,45,105476
297,105832,356,,1,-1.1102230244062701e-16,True,P-L,SA,mc_learned_baseline,45,105832
298,106188,356,,1,6.23330967479474e-11,True,P-L,SA,mc_learned_baseline,45,106188
299,106544,356,,1,-1.1102233118279522e-16,True,P-L,SA,mc_learned_baseline,45,106544
300,106900,356,,1,-1.110223025365573e-16,True,P-L,SA,mc_learned_baseline,45,106900
301,107256,356,,1,-1.1102230253300676e-16,True,P-L,SA,mc_learned_baseline,45,107256
302,107612,356,,1,-1.1102232858923957e-16,True,P-L,SA,mc_learned_baseline,45,107612
303,107968,356,,1,-1.1102230253438754e-16,True,P-L,SA,mc_learned_baseline,45,107968
304,108324,356,,1,-1.110223306461975e-16,True,P-L,SA,mc_learned_baseline,45,108324
305,108680,356,,1,-1.1102231627786893e-16,True,P-L,SA,mc_learned_baseline,45,108680
306,109036,356,,1,-1.110223304673316e-16,True,P-L,SA,mc_learned_baseline,45,109036
307,109392,356,,1,-1.1102233216655772e-16,True,P-L,SA,mc_learned_baseline,45,109392
308,109748,356,,1,-1.110223025373463e-16,True,P-L,SA,mc_learned_baseline,45,109748
309,110104,356,,1,-1.110223025328095e-16,True,P-L,SA,mc_learned_baseline,45,110104
310,110460,356,,1,-1.110223025357683e-16,True,P-L,SA,mc_learned_baseline,45,110460
311,110816,356,,1,-1.110223302884657e-16,True,P-L,SA,mc_learned_baseline,45,110816
312,111172,356,,1,-1.11022302533204e-16,True,P-L,SA,mc_learned_baseline,45,111172
313,111528,356,,1,-1.1102233055676457e-16,True,P-L,SA,mc_learned_baseline,45,111528
314,111884,356,,1,-1.110223610781357e-16,True,P-L,SA,mc_learned_baseline,45,111884
315,112240,356,,1,-1.1102232939413617e-16,True,P-L,SA,mc_learned_baseline,45,112240
316,112596,356,,1,-1.110223306461975e-16,True,P-L,SA,mc_learned_baseline,45,112596
317,112952,356,,1,-1.1102233091449637e-16,True,P-L,SA,mc_learned_baseline,45,112952
318,113308,356,,1,-1.1102232921527024e-16,True,P-L,SA,mc_learned_baseline,45,113308
319,113664,356,,1,-1.1102230253596556e-16,True,P-L,SA,mc_learned_baseline,45,113664
320,114020,356,,1,8.410811987114654e-11,True,P-L,SA,mc_learned_baseline,45,114020
321,114376,356,,1,-1.1102230254028558e-16,True,P-L,SA,mc_learned_baseline,45,114376
322,114732,356,,1,-1.1102230254223217e-16,True,P-L,SA,mc_learned_baseline,45,114732
323,115088,356,,1,-1.1102231646413696e-16,True,P-L,SA,mc_learned_baseline,45,115088
324,115444,356,,1,-1.1102233056370208e-16,True,P-L,SA,mc_learned_baseline,45,115444
325,115800,356,,1,1.1398513348702019e-10,True,P-L,SA,mc_learned_baseline,45,115800
326,116156,356,,1,-1.1102230266033115e-16,True,P-L,SA,mc_learned_baseline,45,116156
327,116512,356,,1,-1.1102231288983687e-16,True,P-L,SA,mc_learned_baseline,45,116512
328,116868,356,,1,-1.1102230265377525e-16,True,P-L,SA,mc_learned_baseline,45,116868
329,117224,356,,1,-1.1102230265780966e-16,True,P-L,SA,mc_learned_baseline,45,117224
330,117580,356,,1,-1.1102230264873224e-16,True,P-L,SA,mc_learned_baseline,45,117580
331,117936,356,,1,-1.1102230265276664e-16,True,P-L,SA,mc_learned_baseline,45,117936
332,118292,356,,1,-1.1102230266184407e-16,True,P-L,SA,mc_learned_baseline,45,118292
333,118648,356,,1,-1.1102230265579244e-16,True,P-L,SA,mc_learned_baseline,45,118648
334,119004,356,,1,-1.1102230265478386e-16,True,P-L,SA,mc_learned_baseline,45,119004
335,119360,356,,1,-1.1102230265629675e-16,True,P-L,SA,mc_learned_baseline,45,119360
336,119716,356,,1,-1.1102230265478384e-16,True,P-L,SA,mc_learned_baseline,45,119716
337,120072,356,,1,-1.1102231238727188e-16,True,P-L,SA,mc_learned_baseline,45,120072
338,120428,356,,1,-1.1102230266587847e-16,True,P-L,SA,mc_learned_baseline,45,120428
339,120784,356,,1,-1.1102230265528816e-16,True,P-L,SA,mc_learned_baseline,45,120784
340,121140,356,,1,-1.110223234523687e-16,True,P-L,SA,mc_learned_baseline,45,121140
341,121496,356,,1,-1.1102230265932255e-16,True,P-L,SA,mc_learned_baseline,45,121496
342,121852,356,,1,-1.110223228538294e-16,True,P-L,SA,mc_learned_baseline,45,121852
343,122208,356,,1,9.44758439061616e-12,True,P-L,SA,mc_learned_baseline,45,122208
344,122564,356,,1,-1.1102232312199646e-16,True,P-L,SA,mc_learned_baseline,45,122564
345,122920,356,,1,-1.110223026649384e-16,True,P-L,SA,mc_learned_baseline,45,122920
346,123276,356,,1,-1.1102231531564465e-16,True,P-L,SA,mc_learned_baseline,45,123276
347,123632,356,,1,-1.110223026575335e-16,True,P-L,SA,mc_learned_baseline,45,123632
348,123988,356,,1,2.514566689614639e-10,True,P-L,SA,mc_learned_baseline,45,123988
349,124344,356,,1,-1.110223025071014e-16,True,P-L,SA,mc_learned_baseline,45,124344
350,124700,356,,1,-1.1102230250701717e-16,True,P-L,SA,mc_learned_baseline,45,124700
351,125056,356,,1,-1.110223025067223e-16,True,P-L,SA,mc_learned_baseline,45,125056
352,125412,356,,1,-1.1102230250684868e-16,True,P-L,SA,mc_learned_baseline,45,125412
353,125768,356,,1,-1.1102230250642745e-16,True,P-L,SA,mc_learned_baseline,45,125768
354,126124,356,,1,-1.110223025067223e-16,True,P-L,SA,mc_learned_baseline,45,126124
355,126480,356,,1,-1.1102230250659592e-16,True,P-L,SA,mc_learned_baseline,45,126480
356,126836,356,,1,-1.1102230250659594e-16,True,P-L,SA,mc_learned_baseline,45,126836
357,127192,356,,1,-1.1102230250651168e-16,True,P-L,SA,mc_learned_baseline,45,127192
358,127548,356,,1,-1.110223025069329e-16,True,P-L,SA,mc_learned_baseline,45,127548
359,127904,356,,1,-1.1102230250630106e-16,True,P-L,SA,mc_learned_baseline,45,127904
360,128260,356,,1,-1.110223025067223e-16,True,P-L,SA,mc_learned_baseline,45,128260
361,128616,356,,1,-1.1102230250651168e-16,True,P-L,SA,mc_learned_baseline,45,128616
362,128972,356,,1,6.423390148701396e-11,True,P-L,SA,mc_learned_baseline,45,128972
363,129328,356,,1,-1.1102231011464578e-16,True,P-L,SA,mc_learned_baseline,45,129328
364,129684,356,,1,-1.1102230243000114e-16,True,P-L,SA,mc_learned_baseline,45,129684
365,130040,356,,1,-1.1102230242660109e-16,True,P-L,SA,mc_learned_baseline,45,130040
366,130396,356,,1,-1.1102230242660109e-16,True,P-L,SA,mc_learned_baseline,45,130396
367,130752,356,,1,-1.1102230242966115e-16,True,P-L,SA,mc_learned_baseline,45,130752
368,131108,356,,1,-1.1102231617637078e-16,True,P-L,SA,mc_learned_baseline,45,131108
369,131464,356,,1,-1.1102230242218099e-16,True,P-L,SA,mc_learned_baseline,45,131464
370,131820,356,,1,-1.1102230242966115e-16,True,P-L,SA,mc_learned_baseline,45,131820
371,132176,356,,1,-1.1102230243102117e-16,True,P-L,SA,mc_learned_baseline,45,132176
372,132532,356,,1,-1.1102230242966115e-16,True,P-L,SA,mc_learned_baseline,45,132532
373,132888,356,,1,-1.1102230242898113e-16,True,P-L,SA,mc_learned_baseline,45,132888
374,133244,356,,1,-1.1102230243102117e-16,True,P-L,SA,mc_learned_baseline,45,133244
375,133600,356,,1,-1.110223024272811e-16,True,P-L,SA,mc_learned_baseline,45,133600
376,133956,356,,1,-1.1102230243136117e-16,True,P-L,SA,mc_learned_baseline,45,133956
377,134312,356,,1,-1.110223024276211e-16,True,P-L,SA,mc_learned_baseline,45,134312
378,134668,356,,1,-1.1102230243374121e-16,True,P-L,SA,mc_learned_baseline,45,134668
379,135024,356,,1,-1.1102230243204119e-16,True,P-L,SA,mc_learned_baseline,45,135024
380,135380,356,,1,-1.1102230243068116e-16,True,P-L,SA,mc_learned_baseline,45,135380
381,135736,356,,1,-1.1102230243136117e-16,True,P-L,SA,mc_learned_baseline,45,135736
382,136092,356,,1,-1.1102230242456104e-16,True,P-L,SA,mc_learned_baseline,45,136092
383,136448,356,,1,-1.110223024279611e-16,True,P-L,SA,mc_learned_baseline,45,136448
384,136804,356,,1,-1.11022302423201e-16,True,P-L,SA,mc_learned_baseline,45,136804
385,137160,356,,1,-1.1102231746164983e-16,True,P-L,SA,mc_learned_baseline,45,137160
386,137516,356,,1,1.160229734943477e-10,True,P-L,SA,mc_learned_baseline,45,137516
387,137872,356,,1,-1.1102230231049378e-16,True,P-L,SA,mc_learned_baseline,45,137872
388,138228,356,,1,-1.1102231629126921e-16,True,P-L,SA,mc_learned_baseline,45,138228
389,138584,356,,1,-1.1102230230896824e-16,True,P-L,SA,mc_learned_baseline,45,138584
390,138940,356,,1,-1.1102230230210328e-16,True,P-L,SA,mc_learned_baseline,45,138940
391,139296,356,,1,-1.1102230809311102e-16,True,P-L,SA,mc_learned_baseline,45,139296
392,139652,356,,1,-1.1102230230820546e-16,True,P-L,SA,mc_learned_baseline,45,139652
393,140008,356,,1,-1.110223079608599e-16,True,P-L,SA,mc_learned_baseline,45,140008
394,140364,356,,1,-1.110223081875761e-16,True,P-L,SA,mc_learned_baseline,45,140364
395,140720,356,,1,-1.1102230841429233e-16,True,P-L,SA,mc_learned_baseline,45,140720
396,141076,356,,1,-1.1102230230286606e-16,True,P-L,SA,mc_learned_baseline,45,141076
397,141432,356,,1,-1.110223023013405e-16,True,P-L,SA,mc_learned_baseline,45,141432
398,141788,356,,1,-1.1102230835761327e-16,True,P-L,SA,mc_learned_baseline,45,141788
399,142144,356,,1,-1.1102230230973101e-16,True,P-L,SA,mc_learned_baseline,45,142144
400,142500,356,,1,-1.1102230843318536e-16,True,P-L,SA,mc_learned_baseline,45,142500
401,142856,356,,1,-1.1102230848986444e-16,True,P-L,SA,mc_learned_baseline,45,142856
402,143212,356,,1,-1.1102230831982725e-16,True,P-L,SA,mc_learned_baseline,45,143212
403,143568,356,,1,-1.1102230229600107e-16,True,P-L,SA,mc_learned_baseline,45,143568
404,143924,356,,1,-1.1102230858432953e-16,True,P-L,SA,mc_learned_baseline,45,143924
405,144280,356,,1,1.3310038323868318e-10,True,P-L,SA,mc_learned_baseline,45,144280
406,144636,356,,1,-1.110223129980677e-16,True,P-L,SA,mc_learned_baseline,45,144636
407,144992,356,,1,-1.1102230724861247e-16,True,P-L,SA,mc_learned_baseline,45,144992
408,145348,356,,1,-1.110223071833748e-16,True,P-L,SA,mc_learned_baseline,45,145348
409,145704,356,,1,-1.110223074117066e-16,True,P-L,SA,mc_learned_baseline,45,145704
410,146060,356,,1,-1.11022307428016e-16,True,P-L,SA,mc_learned_baseline,45,146060
411,146416,356,,1,4.001286699818471e-11,True,P-L,SA,mc_learned_baseline,45,146416
412,146772,356,,1,5.247593002764011e-11,True,P-L,SA,mc_learned_baseline,45,146772
413,147128,356,,1,-1.1102230659229671e-16,True,P-L,SA,mc_learned_baseline,45,147128
414,147484,356,,1,-1.1102230669783933e-16,True,P-L,SA,mc_learned_baseline,45,147484
415,147840,356,,1,-1.1102230660548952e-16,True,P-L,SA,mc_learned_baseline,45,147840
416,148196,356,,1,-1.1102230663187517e-16,True,P-L,SA,mc_learned_baseline,45,148196
417,148552,356,,1,-1.1102230646036843e-16,True,P-L,SA,mc_learned_baseline,45,148552
418,148908,356,,1,-1.1102230237027942e-16,True,P-L,SA,mc_learned_baseline,45,148908
419,149264,356,,1,-1.1102230644717562e-16,True,P-L,SA,mc_learned_baseline,45,149264
420,149620,356,,1,-1.1102230689573171e-16,True,P-L,SA,mc_learned_baseline,45,149620
421,149976,356,,1,-1.1102230664506803e-16,True,P-L,SA,mc_learned_baseline,45,149976
422,150332,356,,1,-1.1102230665826084e-16,True,P-L,SA,mc_learned_baseline,45,150332
423,150688,356,,1,-1.1102230659229671e-16,True,P-L,SA,mc_learned_baseline,45,150688
424,151044,356,,1,-1.1102230660548952e-16,True,P-L,SA,mc_learned_baseline,45,151044
425,151400,356,,1,-1.1102230676380345e-16,True,P-L,SA,mc_learned_baseline,45,151400
426,151756,356,,1,-1.1102230236231532e-16,True,P-L,SA,mc_learned_baseline,45,151756
427,152112,356,,1,-1.1102230656591107e-16,True,P-L,SA,mc_learned_baseline,45,152112
428,152468,356,,1,-1.1102230237640567e-16,True,P-L,SA,mc_learned_baseline,45,152468
429,152824,356,,1,-1.1102230652633256e-16,True,P-L,SA,mc_learned_baseline,45,152824
430,153180,356,,1,-1.1102230671103216e-16,True,P-L,SA,mc_learned_baseline,45,153180
431,153536,356,,1,-1.1102230685615326e-16,True,P-L,SA,mc_learned_baseline,45,153536
432,153892,356,,1,-1.110223066846465e-16,True,P-L,SA,mc_learned_baseline,45,153892
433,154248,356,,1,-1.1102230643398278e-16,True,P-L,SA,mc_learned_baseline,45,154248
434,154604,356,,1,-1.1102230236905418e-16,True,P-L,SA,mc_learned_baseline,45,154604
435,154960,356,,1,-1.1102230672422497e-16,True,P-L,SA,mc_learned_baseline,45,154960
436,155316,356,,1,-1.1102230237334255e-16,True,P-L,SA,mc_learned_baseline,45,155316
437,155672,356,,1,-1.1102230236599105e-16,True,P-L,SA,mc_learned_baseline,45,155672
438,156028,356,,1,-1.1102230236537843e-16,True,P-L,SA,mc_learned_baseline,45,156028
439,156384,356,,1,-1.1102230236721631e-16,True,P-L,SA,mc_learned_baseline,45,156384
440,156740,356,,1,-1.1102230236660368e-16,True,P-L,SA,mc_learned_baseline,45,156740
441,157096,356,,1,-1.1102230659229671e-16,True,P-L,SA,mc_learned_baseline,45,157096
442,157452,356,,1,-1.1102230671103216e-16,True,P-L,SA,mc_learned_baseline,45,157452
443,157808,356,,1,-1.1102230660548952e-16,True,P-L,SA,mc_learned_baseline,45,157808
444,158164,356,,1,-1.1102230647356126e-16,True,P-L,SA,mc_learned_baseline,45,158164
445,158520,356,,1,-1.110223066846465e-16,True,P-L,SA,mc_learned_baseline,45,158520
446,158876,356,,1,-1.1102230655271823e-16,True,P-L,SA,mc_learned_baseline,45,158876
447,159232,356,,1,2.82196230698769e-11,True,P-L,SA,mc_learned_baseline,45,159232
448,159588,356,,1,-1.110223066206309e-16,True,P-L,SA,mc_learned_baseline,45,159588
449,159944,356,,1,-1.1102230637014867e-16,True,P-L,SA,mc_learned_baseline,45,159944
450,160300,356,,1,-1.1102230651516468e-16,True,P-L,SA,mc_learned_baseline,45,160300
451,160656,356,,1,-1.110223066206309e-16,True,P-L,SA,mc_learned_baseline,45,160656
452,161012,356,,1,3.586370352914647e-12,True,P-L,SA,mc_learned_baseline,45,161012
453,161368,356,,1,-1.1102230651180477e-16,True,P-L,SA,mc_learned_baseline,45,161368
454,161724,356,,1,-1.1102230675630893e-16,True,P-L,SA,mc_learned_baseline,45,161724
455,162080,356,,1,-1.1102230638955268e-16,True,P-L,SA,mc_learned_baseline,45,162080
456,162436,356,,1,-1.1102230678347607e-16,True,P-L,SA,mc_learned_baseline,45,162436
457,162792,356,,1,-1.1102230228977775e-16,True,P-L,SA,mc_learned_baseline,45,162792
458,163148,356,,1,-1.110223066204733e-16,True,P-L,SA,mc_learned_baseline,45,163148
459,163504,356,,1,-1.1102230645747052e-16,True,P-L,SA,mc_learned_baseline,45,163504
460,163860,356,,1,-1.1102230660688973e-16,True,P-L,SA,mc_learned_baseline,45,163860
461,164216,356,,1,9.93426939751187e-12,True,P-L,SA,mc_learned_baseline,45,164216
462,164572,356,,1,-1.1102230653023542e-16,True,P-L,SA,mc_learned_baseline,45,164572
463,164928,356,,1,-1.1102230237605714e-16,True,P-L,SA,mc_learned_baseline,45,164928
464,165284,356,,1,-1.110223065565841e-16,True,P-L,SA,mc_learned_baseline,45,165284
465,165640,356,,1,-1.110223066488044e-16,True,P-L,SA,mc_learned_baseline,45,165640
466,165996,356,,1,-1.1102230692546534e-16,True,P-L,SA,mc_learned_baseline,45,165996
467,166352,356,,1,-1.1102230684641935e-16,True,P-L,SA,mc_learned_baseline,45,166352
468,166708,356,,1,2.4653170226938534e-11,True,P-L,SA,mc_learned_baseline,45,166708
469,167064,356,,1,-1.1102230654278763e-16,True,P-L,SA,mc_learned_baseline,45,167064
470,167420,356,,1,2.929002744047381e-11,True,P-L,SA,mc_learned_baseline,45,167420
471,167776,356,,1,-1.1102230657120484e-16,True,P-L,SA,mc_learned_baseline,45,167776
472,168132,356,,1,-1.1102230669144548e-16,True,P-L,SA,mc_learned_baseline,45,168132
473,168488,356,,1,-1.110223065578448e-16,True,P-L,SA,mc_learned_baseline,45,168488
474,168844,356,,1,-1.1102230671816563e-16,True,P-L,SA,mc_learned_baseline,45,168844
475,169200,356,,1,-1.1102230677160588e-16,True,P-L,SA,mc_learned_baseline,45,169200
476,169556,356,,1,-1.1102230675824583e-16,True,P-L,SA,mc_learned_baseline,45,169556
477,169912,356,,1,-1.1102230670480553e-16,True,P-L,SA,mc_learned_baseline,45,169912
478,170268,356,,1,-1.1102230665136526e-16,True,P-L,SA,mc_learned_baseline,45,170268
479,170624,356,,1,-1.110223023338224e-16,True,P-L,SA,mc_learned_baseline,45,170624
480,170980,356,,1,-1.1102230234005774e-16,True,P-L,SA,mc_learned_baseline,45,170980
481,171336,356,,1,-1.1102230647768437e-16,True,P-L,SA,mc_learned_baseline,45,171336
482,171692,356,,1,-1.1102230654448472e-16,True,P-L,SA,mc_learned_baseline,45,171692
483,172048,356,,1,-1.1102230658456491e-16,True,P-L,SA,mc_learned_baseline,45,172048
484,172404,356,,1,-1.1102230649104447e-16,True,P-L,SA,mc_learned_baseline,45,172404
485,172760,356,,1,-1.1102230659792501e-16,True,P-L,SA,mc_learned_baseline,45,172760
486,173116,356,,1,-1.1102230658456491e-16,True,P-L,SA,mc_learned_baseline,45,173116
487,173472,356,,1,5.4860231919020036e-11,True,P-L,SA,mc_learned_baseline,45,173472
488,173828,356,,1,-1.1102230246970733e-16,True,P-L,SA,mc_learned_baseline,45,173828
489,174184,356,,1,-1.1102230246971832e-16,True,P-L,SA,mc_learned_baseline,45,174184
490,174540,356,,1,-1.110223024697954e-16,True,P-L,SA,mc_learned_baseline,45,174540
491,174896,356,,1,-1.1102230246949813e-16,True,P-L,SA,mc_learned_baseline,45,174896
492,175252,356,,1,-1.1102230246937702e-16,True,P-L,SA,mc_learned_baseline,45,175252
493,175608,356,,1,-1.1102230246985043e-16,True,P-L,SA,mc_learned_baseline,45,175608
494,175964,356,,1,-1.1102230246970733e-16,True,P-L,SA,mc_learned_baseline,45,175964
495,176320,356,,1,-1.1102230246936602e-16,True,P-L,SA,mc_learned_baseline,45,176320
496,176676,356,,1,-1.110223024696963e-16,True,P-L,SA,mc_learned_baseline,45,176676
497,177032,356,,1,-1.110223024698064e-16,True,P-L,SA,mc_learned_baseline,45,177032
498,177388,356,,1,-1.1102230246949813e-16,True,P-L,SA,mc_learned_baseline,45,177388
499,177744,356,,1,-1.1102230246955318e-16,True,P-L,SA,mc_learned_baseline,45,177744
500,178100,356,,1,-1.1102230246954219e-16,True,P-L,SA,mc_learned_baseline,45,178100
501,178456,356,,1,1.3597701318397959e-11,True,P-L,SA,mc_learned_baseline,45,178456
502,178812,356,,1,-1.1102230242692854e-16,True,P-L,SA,mc_learned_baseline,45,178812
503,179168,356,,1,-1.110223024280435e-16,True,P-L,SA,mc_learned_baseline,45,179168
504,179524,356,,1,-1.1102230243101677e-16,True,P-L,SA,mc_learned_baseline,45,179524
505,179880,356,,1,-1.1102230242822933e-16,True,P-L,SA,mc_learned_baseline,45,179880
506,180236,356,,1,-1.1102230242841516e-16,True,P-L,SA,mc_learned_baseline,45,180236
507,180592,356,,1,-1.1102230243417588e-16,True,P-L,SA,mc_learned_baseline,45,180592
508,180948,356,,1,-1.1102230242804349e-16,True,P-L,SA,mc_learned_baseline,45,180948
509,181304,356,,1,-1.1102230243027345e-16,True,P-L,SA,mc_learned_baseline,45,181304
510,181660,356,,1,-1.1102230242953014e-16,True,P-L,SA,mc_learned_baseline,45,181660
511,182016,356,,1,-1.1102230242785768e-16,True,P-L,SA,mc_learned_baseline,45,182016
512,182372,356,,1,1.8738050084160945e-11,True,P-L,SA,mc_learned_baseline,45,182372
513,182728,356,,1,-1.1102230247173588e-16,True,P-L,SA,mc_learned_baseline,45,182728
514,183084,356,,1,-1.1102230247206304e-16,True,P-L,SA,mc_learned_baseline,45,183084
515,183440,356,,1,-1.1102230247195398e-16,True,P-L,SA,mc_learned_baseline,45,183440
516,183796,356,,1,-1.1102230247184492e-16,True,P-L,SA,mc_learned_baseline,45,183796
517,184152,356,,1,-1.1102230247164864e-16,True,P-L,SA,mc_learned_baseline,45,184152
518,184508,356,,1,-1.1102230247188858e-16,True,P-L,SA,mc_learned_baseline,45,184508
519,184864,356,,1,2.7578676231993874e-11,True,P-L,SA,mc_learned_baseline,45,184864
520,185220,356,,1,-1.1102230247264433e-16,True,P-L,SA,mc_learned_baseline,45,185220
521,185576,356,,1,-1.1102230349658613e-16,True,P-L,SA,mc_learned_baseline,45,185576
522,185932,356,,1,-1.1102230358102898e-16,True,P-L,SA,mc_learned_baseline,45,185932
523,186288,356,,1,-1.1102230358102898e-16,True,P-L,SA,mc_learned_baseline,45,186288
524,186644,356,,1,-1.110223035493629e-16,True,P-L,SA,mc_learned_baseline,45,186644
525,187000,356,,1,-1.1102230367074949e-16,True,P-L,SA,mc_learned_baseline,45,187000
526,187356,356,,1,-1.1102230362325037e-16,True,P-L,SA,mc_learned_baseline,45,187356
527,187712,356,,1,-1.1102230247216345e-16,True,P-L,SA,mc_learned_baseline,45,187712
528,188068,356,,1,-1.1102230351241919e-16,True,P-L,SA,mc_learned_baseline,45,188068
529,188424,356,,1,-1.1102230247309697e-16,True,P-L,SA,mc_learned_baseline,45,188424
530,188780,356,,1,-1.110223036179727e-16,True,P-L,SA,mc_learned_baseline,45,188780
531,189136,356,,1,-1.110223035704736e-16,True,P-L,SA,mc_learned_baseline,45,189136
532,189492,356,,1,-1.1102230352297457e-16,True,P-L,SA,mc_learned_baseline,45,189492
533,189848,356,,1,-1.110223035071415e-16,True,P-L,SA,mc_learned_baseline,45,189848
534,190204,356,,1,-1.110223024730404e-16,True,P-L,SA,mc_learned_baseline,45,190204
535,190560,356,,1,-1.110223035704736e-16,True,P-L,SA,mc_learned_baseline,45,190560
536,190916,356,,1,-1.1102230346492012e-16,True,P-L,SA,mc_learned_baseline,45,190916
537,191272,356,,1,-1.1102230247318184e-16,True,P-L,SA,mc_learned_baseline,45,191272
538,191628,356,,1,-1.1102230247318184e-16,True,P-L,SA,mc_learned_baseline,45,191628
539,191984,356,,1,5.5901867735956216e-12,True,P-L,SA,mc_learned_baseline,45,191984
540,192340,356,,1,-1.110223024312172e-16,True,P-L,SA,mc_learned_baseline,45,192340
541,192696,356,,1,1.0596192651294918e-11,True,P-L,SA,mc_learned_baseline,45,192696
542,193052,356,,1,-1.110223024740032e-16,True,P-L,SA,mc_learned_baseline,45,193052
543,193408,356,,1,-1.1102230247445709e-16,True,P-L,SA,mc_learned_baseline,45,193408
544,193764,356,,1,-1.110223024745269e-16,True,P-L,SA,mc_learned_baseline,45,193764
545,194120,356,,1,-1.110223024740381e-16,True,P-L,SA,mc_learned_baseline,45,194120
546,194476,356,,1,-1.1102230247459674e-16,True,P-L,SA,mc_learned_baseline,45,194476
547,194832,356,,1,-1.1102230247466658e-16,True,P-L,SA,mc_learned_baseline,45,194832
548,195188,356,,1,-1.1102230247494588e-16,True,P-L,SA,mc_learned_baseline,45,195188
549,195544,356,,1,-1.1102230247445709e-16,True,P-L,SA,mc_learned_baseline,45,195544
550,195900,356,,1,-1.1102230247396829e-16,True,P-L,SA,mc_learned_baseline,45,195900
551,196256,356,,1,-1.110223024747713e-16,True,P-L,SA,mc_learned_baseline,45,196256
552,196612,356,,1,-1.1102230247505063e-16,True,P-L,SA,mc_learned_baseline,45,196612
553,196968,356,,1,-1.110223024748062e-16,True,P-L,SA,mc_learned_baseline,45,196968
554,197324,356,,1,-1.1102230247438725e-16,True,P-L,SA,mc_learned_baseline,45,197324
555,197680,356,,1,-1.1102230247487607e-16,True,P-L,SA,mc_learned_baseline,45,197680
556,198036,356,,1,-1.1102230247470148e-16,True,P-L,SA,mc_learned_baseline,45,198036
557,198392,356,,1,-1.1102230247494588e-16,True,P-L,SA,mc_learned_baseline,45,198392
558,198748,356,,1,-1.110223024747713e-16,True,P-L,SA,mc_learned_baseline,45,198748
559,199104,356,,1,-1.1102230247435231e-16,True,P-L,SA,mc_learned_baseline,45,199104
560,199460,356,,1,-1.110223024742476e-16,True,P-L,SA,mc_learned_baseline,45,199460
561,199816,356,,1,-1.1102230247484114e-16,True,P-L,SA,mc_learned_baseline,45,199816
562,200172,356,,1,-1.1102230247581873e-16,True,P-L,SA,mc_learned_baseline,45,200172
563,200528,356,,1,-1.1102230247466655e-16,True,P-L,SA,mc_learned_baseline,45,200528
564,200884,356,,1,-1.1102230247442215e-16,True,P-L,SA,mc_learned_baseline,45,200884
565,201240,356,,1,-1.1102230247519028e-16,True,P-L,SA,mc_learned_baseline,45,201240
566,201596,356,,1,-1.110223024742476e-16,True,P-L,SA,mc_learned_baseline,45,201596
567,201952,356,,1,-1.1102230247463165e-16,True,P-L,SA,mc_learned_baseline,45,201952
568,202308,356,,1,-1.1102230247386352e-16,True,P-L,SA,mc_learned_baseline,45,202308
569,202664,356,,1,-1.110223024742476e-16,True,P-L,SA,mc_learned_baseline,45,202664
570,203020,356,,1,-1.110223024743174e-16,True,P-L,SA,mc_learned_baseline,45,203020
571,203376,356,,1,-1.1102230247459674e-16,True,P-L,SA,mc_learned_baseline,45,203376
572,203732,356,,1,-1.11022302474073e-16,True,P-L,SA,mc_learned_baseline,45,203732
573,204088,356,,1,-1.1102230247463167e-16,True,P-L,SA,mc_learned_baseline,45,204088
574,204444,356,,1,-1.1102230247484114e-16,True,P-L,SA,mc_learned_baseline,45,204444
575,204800,356,,1,-1.1102230247484111e-16,True,P-L,SA,mc_learned_baseline,45,204800
576,205156,356,,1,-1.1102230247491095e-16,True,P-L,SA,mc_learned_baseline,45,205156
577,205512,356,,1,-1.1102230247459671e-16,True,P-L,SA,mc_learned_baseline,45,205512
578,205868,356,,1,-1.1102230247438725e-16,True,P-L,SA,mc_learned_baseline,45,205868
579,206224,356,,1,-1.110223024750157e-16,True,P-L,SA,mc_learned_baseline,45,206224
580,206580,356,,1,-1.1102230247438722e-16,True,P-L,SA,mc_learned_baseline,45,206580
581,206936,356,,1,-1.1102230247463165e-16,True,P-L,SA,mc_learned_baseline,45,206936
582,207292,356,,1,-1.1102230247536487e-16,True,P-L,SA,mc_learned_baseline,45,207292
583,207648,356,,1,-1.1102230247515538e-16,True,P-L,SA,mc_learned_baseline,45,207648
584,208004,356,,1,-1.11022302474492e-16,True,P-L,SA,mc_learned_baseline,45,208004
585,208360,356,,1,-1.11022302474492e-16,True,P-L,SA,mc_learned_baseline,45,208360
586,208716,356,,1,-1.1102230247466658e-16,True,P-L,SA,mc_learned_baseline,45,208716
587,209072,356,,1,-1.1102230247491098e-16,True,P-L,SA,mc_learned_baseline,45,209072
588,209428,356,,1,-1.1102230247456183e-16,True,P-L,SA,mc_learned_baseline,45,209428
589,209784,356,,1,-1.110223024749808e-16,True,P-L,SA,mc_learned_baseline,45,209784
590,210140,356,,1,-1.1102230247484114e-16,True,P-L,SA,mc_learned_baseline,45,210140
591,210496,356,,1,-1.110223024747364e-16,True,P-L,SA,mc_learned_baseline,45,210496
592,210852,356,,1,4.812409920689486e-12,True,P-L,SA,mc_learned_baseline,45,210852
593,211208,356,,1,-1.1102230247497113e-16,True,P-L,SA,mc_learned_baseline,45,211208
594,211564,356,,1,-1.1102230247534399e-16,True,P-L,SA,mc_learned_baseline,45,211564
595,211920,356,,1,-1.1102230247441182e-16,True,P-L,SA,mc_learned_baseline,45,211920
596,212276,356,,1,-1.1102230247467284e-16,True,P-L,SA,mc_learned_baseline,45,212276
597,212632,356,,1,-1.1102230247556773e-16,True,P-L,SA,mc_learned_baseline,45,212632
598,212988,356,,1,-1.1102230247467284e-16,True,P-L,SA,mc_learned_baseline,45,212988
599,213344,356,,1,-1.110223024750084e-16,True,P-L,SA,mc_learned_baseline,45,213344
600,213700,356,,1,-1.1102230247523214e-16,True,P-L,SA,mc_learned_baseline,45,213700
601,214056,356,,1,-1.1102230247456097e-16,True,P-L,SA,mc_learned_baseline,45,214056
602,214412,356,,1,-1.11022302475083e-16,True,P-L,SA,mc_learned_baseline,45,214412
603,214768,356,,1,-1.1102230247512027e-16,True,P-L,SA,mc_learned_baseline,45,214768
604,215124,356,,1,-1.1102230247471014e-16,True,P-L,SA,mc_learned_baseline,45,215124
605,215480,356,,1,-1.1102230247553043e-16,True,P-L,SA,mc_learned_baseline,45,215480
606,215836,356,,1,-1.1102230247489653e-16,True,P-L,SA,mc_learned_baseline,45,215836
607,216192,356,,1,-1.1102230247482198e-16,True,P-L,SA,mc_learned_baseline,45,216192
608,216548,356,,1,-1.1102230247497113e-16,True,P-L,SA,mc_learned_baseline,45,216548
609,216904,356,,1,4.73899006624181e-12,True,P-L,SA,mc_learned_baseline,45,216904
610,217260,356,,1,-1.1102230243270096e-16,True,P-L,SA,mc_learned_baseline,45,217260
611,217616,356,,1,-1.1102230243205167e-16,True,P-L,SA,mc_learned_baseline,45,217616
612,217972,356,,1,-1.1102230243156466e-16,True,P-L,SA,mc_learned_baseline,45,217972
613,218328,356,,1,-1.1102230243270096e-16,True,P-L,SA,mc_learned_baseline,45,218328
614,218684,356,,1,1.9520582902293127e-11,True,P-L,SA,mc_learned_baseline,45,218684
615,219040,356,,1,-1.1102230248254202e-16,True,P-L,SA,mc_learned_baseline,45,219040
616,219396,356,,1,6.013896934153409e-11,True,P-L,SA,mc_learned_baseline,45,219396
617,219752,356,,1,-1.1102230249319746e-16,True,P-L,SA,mc_learned_baseline,45,219752
618,220108,356,,1,-1.110223024933225e-16,True,P-L,SA,mc_learned_baseline,45,220108
619,220464,356,,1,-1.1102230249339068e-16,True,P-L,SA,mc_learned_baseline,45,220464
620,220820,356,,1,-1.1102230249320883e-16,True,P-L,SA,mc_learned_baseline,45,220820
621,221176,356,,1,-1.1102230249320883e-16,True,P-L,SA,mc_learned_baseline,45,221176
622,221532,356,,1,-1.1102230249329977e-16,True,P-L,SA,mc_learned_baseline,45,221532
623,221888,356,,1,-1.110223024932486e-16,True,P-L,SA,mc_learned_baseline,45,221888
624,222244,356,,1,-1.1102230249325998e-16,True,P-L,SA,mc_learned_baseline,45,222244
625,222600,356,,1,-1.1102230249327137e-16,True,P-L,SA,mc_learned_baseline,45,222600
626,222956,356,,1,-1.1102230249320883e-16,True,P-L,SA,mc_learned_baseline,45,222956
627,223312,356,,1,-1.1102230249333956e-16,True,P-L,SA,mc_learned_baseline,45,223312
628,223668,356,,1,-1.1102230249331113e-16,True,P-L,SA,mc_learned_baseline,45,223668
629,224024,356,,1,-1.1102230249323725e-16,True,P-L,SA,mc_learned_baseline,45,224024
630,224380,356,,1,-1.110223024932827e-16,True,P-L,SA,mc_learned_baseline,45,224380
631,224736,356,,1,1.2646256695266645e-11,True,P-L,SA,mc_learned_baseline,45,224736
632,225092,356,,1,-1.1102230249400765e-16,True,P-L,SA,mc_learned_baseline,45,225092
633,225448,356,,1,-1.1102230249398635e-16,True,P-L,SA,mc_learned_baseline,45,225448
634,225804,356,,1,4.280125428991099e-11,True,P-L,SA,mc_learned_baseline,45,225804
635,226160,356,,1,8.046829225617639e-11,True,P-L,SA,mc_learned_baseline,45,226160
636,226516,356,,1,-1.1102230251211398e-16,True,P-L,SA,mc_learned_baseline,45,226516
637,226872,356,,1,-1.1102230251216506e-16,True,P-L,SA,mc_learned_baseline,45,226872
638,227228,356,,1,-1.1102230251226716e-16,True,P-L,SA,mc_learned_baseline,45,227228
639,227584,356,,1,-1.110223025117055e-16,True,P-L,SA,mc_learned_baseline,45,227584
640,227940,356,,1,-1.1102230251262457e-16,True,P-L,SA,mc_learned_baseline,45,227940
641,228296,356,,1,-1.1102230251226714e-16,True,P-L,SA,mc_learned_baseline,45,228296
642,228652,356,,1,-1.1102230251206292e-16,True,P-L,SA,mc_learned_baseline,45,228652
643,229008,356,,1,-1.1102230251262457e-16,True,P-L,SA,mc_learned_baseline,45,229008
644,229364,356,,1,-1.1102230251272668e-16,True,P-L,SA,mc_learned_baseline,45,229364
645,229720,356,,1,-1.1102230251027583e-16,True,P-L,SA,mc_learned_baseline,45,229720
646,230076,356,,1,-1.1102230251231822e-16,True,P-L,SA,mc_learned_baseline,45,230076
647,230432,356,,1,-1.1102230251201184e-16,True,P-L,SA,mc_learned_baseline,45,230432
648,230788,356,,1,-1.110223025128288e-16,True,P-L,SA,mc_learned_baseline,45,230788
649,231144,356,,1,-1.110223025128288e-16,True,P-L,SA,mc_learned_baseline,45,231144
650,231500,356,,1,-1.1102230251206292e-16,True,P-L,SA,mc_learned_baseline,45,231500
651,231856,356,,1,-1.11022302512982e-16,True,P-L,SA,mc_learned_baseline,45,231856
652,232212,356,,1,-1.1102230251272668e-16,True,P-L,SA,mc_learned_baseline,45,232212
653,232568,356,,1,-1.1102230251267562e-16,True,P-L,SA,mc_learned_baseline,45,232568
654,232924,356,,1,-1.110223025126246e-16,True,P-L,SA,mc_learned_baseline,45,232924
655,233280,356,,1,-1.110223025127267e-16,True,P-L,SA,mc_learned_baseline,45,233280
656,233636,356,,1,-1.110223025128288e-16,True,P-L,SA,mc_learned_baseline,45,233636
657,233992,356,,1,7.976982123403198e-11,True,P-L,SA,mc_learned_baseline,45,233992
658,234348,356,,1,6.373528612749315e-12,True,P-L,SA,mc_learned_baseline,45,234348
659,234704,356,,1,-1.1102230507345038e-16,True,P-L,SA,mc_learned_baseline,45,234704
660,235060,356,,1,-1.1102230490608493e-16,True,P-L,SA,mc_learned_baseline,45,235060
661,235416,356,,1,-1.1102230239459191e-16,True,P-L,SA,mc_learned_baseline,45,235416
662,235772,356,,1,-1.110223049539036e-16,True,P-L,SA,mc_learned_baseline,45,235772
663,236128,356,,1,-1.1102230239657835e-16,True,P-L,SA,mc_learned_baseline,45,236128
664,236484,356,,1,-1.1102230239426084e-16,True,P-L,SA,mc_learned_baseline,45,236484
665,236840,356,,1,-1.1102230240121333e-16,True,P-L,SA,mc_learned_baseline,45,236840
666,237196,356,,1,-1.110223024061794e-16,True,P-L,SA,mc_learned_baseline,45,237196
667,237552,356,,1,-1.1102230239790262e-16,True,P-L,SA,mc_learned_baseline,45,237552
668,237908,356,,1,-1.1102230239558512e-16,True,P-L,SA,mc_learned_baseline,45,237908
669,238264,356,,1,-1.110223024005512e-16,True,P-L,SA,mc_learned_baseline,45,238264
670,238620,356,,1,-1.1102230239359872e-16,True,P-L,SA,mc_learned_baseline,45,238620
671,238976,356,,1,-1.11022302394923e-16,True,P-L,SA,mc_learned_baseline,45,238976
672,239332,356,,1,-1.1102230239459192e-16,True,P-L,SA,mc_learned_baseline,45,239332
673,239688,356,,1,-1.1102230239492297e-16,True,P-L,SA,mc_learned_baseline,45,239688
674,240044,356,,1,-1.1102230239624727e-16,True,P-L,SA,mc_learned_baseline,45,240044
675,240400,356,,1,5.8613756220864095e-12,True,P-L,SA,mc_learned_baseline,45,240400
676,240756,356,,1,-1.1102230235460832e-16,True,P-L,SA,mc_learned_baseline,45,240756
677,241112,356,,1,-1.1102230494578574e-16,True,P-L,SA,mc_learned_baseline,45,241112
678,241468,356,,1,-1.1102230235565699e-16,True,P-L,SA,mc_learned_baseline,45,241468
679,241824,356,,1,-1.1102230235565701e-16,True,P-L,SA,mc_learned_baseline,45,241824
680,242180,356,,1,-1.1102230235552591e-16,True,P-L,SA,mc_learned_baseline,45,242180
681,242536,356,,1,1.5183778003210413e-11,True,P-L,SA,mc_learned_baseline,45,242536
682,242892,356,,1,-1.1102230252403458e-16,True,P-L,SA,mc_learned_baseline,45,242892
683,243248,356,,1,-1.1102230252550664e-16,True,P-L,SA,mc_learned_baseline,45,243248
684,243604,356,,1,-1.1102230252426702e-16,True,P-L,SA,mc_learned_baseline,45,243604
685,243960,356,,1,-1.1102230252442198e-16,True,P-L,SA,mc_learned_baseline,45,243960
686,244316,356,,1,-1.110223025243445e-16,True,P-L,SA,mc_learned_baseline,45,244316
687,244672,356,,1,-1.1102230252659132e-16,True,P-L,SA,mc_learned_baseline,45,244672
688,245028,356,,1,-1.1102230252473188e-16,True,P-L,SA,mc_learned_baseline,45,245028
689,245384,356,,1,-1.1102230252542914e-16,True,P-L,SA,mc_learned_baseline,45,245384
690,245740,356,,1,-1.1102230252480934e-16,True,P-L,SA,mc_learned_baseline,45,245740
691,246096,356,,1,-1.1102230252519672e-16,True,P-L,SA,mc_learned_baseline,45,246096
692,246452,356,,1,-1.110223025255841e-16,True,P-L,SA,mc_learned_baseline,45,246452
693,246808,356,,1,-1.1102230252418954e-16,True,P-L,SA,mc_learned_baseline,45,246808
694,247164,356,,1,-1.1102230252504176e-16,True,P-L,SA,mc_learned_baseline,45,247164
695,247520,356,,1,-1.1102230252349224e-16,True,P-L,SA,mc_learned_baseline,45,247520
696,247876,356,,1,-1.110223025262814e-16,True,P-L,SA,mc_learned_baseline,45,247876
697,248232,356,,1,-1.1102230252542916e-16,True,P-L,SA,mc_learned_baseline,45,248232
698,248588,356,,1,-1.110223025252742e-16,True,P-L,SA,mc_learned_baseline,45,248588
699,248944,356,,1,-1.1102230511659488e-16,True,P-L,SA,mc_learned_baseline,45,248944
700,249300,356,,1,-1.1102230252473188e-16,True,P-L,SA,mc_learned_baseline,45,249300
701,249656,356,,1,-1.1102230252480934e-16,True,P-L,SA,mc_learned_baseline,45,249656
702,250012,356,,1,-1.1102230252473188e-16,True,P-L,SA,mc_learned_baseline,45,250012
703,250368,356,,1,-1.1102230252434448e-16,True,P-L,SA,mc_learned_baseline,45,250368
704,250724,356,,1,-1.1102230252550664e-16,True,P-L,SA,mc_learned_baseline,45,250724
705,251080,356,,1,-1.110223025252742e-16,True,P-L,SA,mc_learned_baseline,45,251080
706,251436,356,,1,-1.1102230252504178e-16,True,P-L,SA,mc_learned_baseline,45,251436
707,251792,356,,1,-1.110223025259715e-16,True,P-L,SA,mc_learned_baseline,45,251792
708,252148,356,,1,5.69114474659062e-12,True,P-L,SA,mc_learned_baseline,45,252148
709,252504,356,,1,-1.1102230252611308e-16,True,P-L,SA,mc_learned_baseline,45,252504
710,252860,356,,1,-1.110223025239969e-16,True,P-L,SA,mc_learned_baseline,45,252860
711,253216,356,,1,-1.1102230252505502e-16,True,P-L,SA,mc_learned_baseline,45,253216
712,253572,356,,1,-1.1102230252361902e-16,True,P-L,SA,mc_learned_baseline,45,253572
713,253928,356,,1,-1.110223025251306e-16,True,P-L,SA,mc_learned_baseline,45,253928
714,254284,356,,1,-1.1102230252550847e-16,True,P-L,SA,mc_learned_baseline,45,254284
715,254640,356,,1,-1.1102230252497944e-16,True,P-L,SA,mc_learned_baseline,45,254640
716,254996,356,,1,-1.1102230252513058e-16,True,P-L,SA,mc_learned_baseline,45,254996
717,255352,356,,1,-1.1102230252452596e-16,True,P-L,SA,mc_learned_baseline,45,255352
718,255708,356,,1,-1.1102230252520616e-16,True,P-L,SA,mc_learned_baseline,45,255708
719,256064,356,,1,-1.1102230252724674e-16,True,P-L,SA,mc_learned_baseline,45,256064
720,256420,356,,1,3.1939116996458816e-11,True,P-L,SA,mc_learned_baseline,45,256420
721,256776,356,,1,-1.1102230248596765e-16,True,P-L,SA,mc_learned_baseline,45,256776
722,257132,356,,1,-1.1102230248596765e-16,True,P-L,SA,mc_learned_baseline,45,257132
723,257488,356,,1,-1.1102230248970794e-16,True,P-L,SA,mc_learned_baseline,45,257488
724,257844,356,,1,1.8287874356411123e-11,True,P-L,SA,mc_learned_baseline,45,257844
725,258200,356,,1,-1.1102230253102531e-16,True,P-L,SA,mc_learned_baseline,45,258200
726,258556,356,,1,-1.11022302532403e-16,True,P-L,SA,mc_learned_baseline,45,258556
727,258912,356,,1,-1.1102230253304593e-16,True,P-L,SA,mc_learned_baseline,45,258912
728,259268,356,,1,-1.11022302533597e-16,True,P-L,SA,mc_learned_baseline,45,259268
729,259624,356,,1,-1.110223025308416e-16,True,P-L,SA,mc_learned_baseline,45,259624
730,259980,356,,1,7.512767874829782e-13,True,P-L,SA,mc_learned_baseline,45,259980
731,260336,356,,1,-1.1102230253427695e-16,True,P-L,SA,mc_learned_baseline,45,260336
732,260692,356,,1,-1.1102230253354752e-16,True,P-L,SA,mc_learned_baseline,45,260692
733,261048,356,,1,-1.1102230253227107e-16,True,P-L,SA,mc_learned_baseline,45,261048
734,261404,356,,1,-1.11022302534824e-16,True,P-L,SA,mc_learned_baseline,45,261404
735,261760,356,,1,-1.1102230253309166e-16,True,P-L,SA,mc_learned_baseline,45,261760
736,262116,356,,1,-1.1102230253300047e-16,True,P-L,SA,mc_learned_baseline,45,262116
