experiment,method,label,actor_class,sample_episodes,fit_steps,direction_method,smoke_only,metric,mean,std,independent_units,ci95_low,ci95_high,interval_unit,small_sample
P-EA,AN,mc_raw,table,32,1,AN,False,source_steps_total,532.0,0.0,20,532.0,532.0,training_seed_or_data_batch,False
P-EA,AN,mc_raw,table,32,1,AN,False,eta,0.10000000000000002,1.4238309865648918e-17,20,0.10000000000000002,0.10000000000000002,training_seed_or_data_batch,False
P-EA,AN,mc_raw,table,32,1,AN,False,ideal_return_gain,0.03537876561801473,0.02157830326092101,20,0.025754674378622992,0.044212644218388455,training_seed_or_data_batch,False
P-EA,AN,mc_raw,table,32,1,AN,False,actual_return_gain,0.011007349433238237,0.005415400958834965,20,0.008437134883204786,0.012519495252939892,training_seed_or_data_batch,False
P-EA,AN,mc_raw,table,32,1,AN,False,learned_direction_derivative,0.31800007688182713,0.18745926001855992,20,0.23252964849050245,0.3930665216133758,training_seed_or_data_batch,False
P-EA,AN,mc_raw,table,32,1,AN,False,projected_direction_derivative,0.31800007688182713,0.18745926001855992,20,0.23252964849050245,0.3930665216133758,training_seed_or_data_batch,False
P-EA,AN,mc_raw,table,32,1,AN,False,realized_path_derivative,0.10523465297517835,0.05396645563640017,20,0.079832756548967,0.11974983162189892,training_seed_or_data_batch,False
P-EA,AN,mc_raw,table,32,1,AN,False,forward_kl_training,0.0004148657014976599,0.0003886650155646088,20,0.00025469691224172796,0.000584572629738093,training_seed_or_data_batch,False
P-EA,AN,mc_raw,table,32,1,AN,False,forward_kl_validation,0.0004161470956620166,0.000392480924166276,20,0.00025782823349838283,0.0005910911127428274,training_seed_or_data_batch,False
P-EA,AN,mc_raw,table,32,1,AN,False,forward_kl_exact,0.0004163242608131899,0.0003923894596215495,20,0.000258431942710032,0.0005917768905675421,training_seed_or_data_batch,False
P-EA,AN,mc_raw,table,32,1,AN,False,old_new_kl,9.438239546109792e-05,1.1853028138854139e-07,20,9.43279007532005e-05,9.442936926972444e-05,training_seed_or_data_batch,False
P-EA,AN,mc_raw,table,32,1,AN,False,direction_realization_residual,0.08486967278772864,0.07924880276901013,20,0.05272763674204427,0.1201200701977921,training_seed_or_data_batch,False
P-EA,AN,mc_raw,table,32,1,AN,False,seconds,0.0014032649982254953,0.001610539949662525,20,0.00096249075664673,0.0021571643737843256,training_seed_or_data_batch,False
P-EA,AN,mc_raw,table,32,1,AN,False,learned_q_0,0.16184827478767766,0.31791117053584295,20,0.023236487353917673,0.2944675496373465,training_seed_or_data_batch,False
P-EA,AN,mc_raw,table,32,1,AN,False,learned_q_1,0.4201783399511534,0.2384559228736152,20,0.31036816819630375,0.5151219333292392,training_seed_or_data_batch,False
P-EA,AN,mc_raw,table,32,1,AN,False,candidate_p_0,0.3038174860055177,0.005170628697027449,20,0.301297600404775,0.30570750372210015,training_seed_or_data_batch,False
P-EA,AN,mc_raw,table,32,1,AN,False,candidate_p_1,0.7056319695057345,0.002817329370152372,20,0.7043720120517999,0.706261953044158,training_seed_or_data_batch,False
P-EA,AN,mc_raw,table,32,1,AN,False,source_direction_error,0.06479645941567201,0.07087894998605476,20,0.035038925702452046,0.09499760313857682,training_seed_or_data_batch,False
P-EA,AN,mc_raw,table,32,1,AN,False,source_exact_score,0.0017315405843279098,0.07087894998605478,20,-0.028469603138576948,0.031489074297547874,training_seed_or_data_batch,False
P-EA,AN,mc_raw,table,32,1,AN,False,additional_training_environment_steps,0.0,0.0,20,0.0,0.0,training_seed_or_data_batch,False
P-EA,AN,mc_raw,table,32,1,AN,False,replayed_source_episodes,32.0,0.0,20,32.0,32.0,training_seed_or_data_batch,False
P-EA,AN,mc_raw,table,32,1,AN,False,report_validation_episodes,500.0,0.0,20,500.0,500.0,training_seed_or_data_batch,False
P-EA,AN,mc_raw,table,32,10,AN,False,source_steps_total,532.0,0.0,20,532.0,532.0,training_seed_or_data_batch,False
P-EA,AN,mc_raw,table,32,10,AN,False,eta,0.10000000000000002,1.4238309865648918e-17,20,0.10000000000000002,0.10000000000000002,training_seed_or_data_batch,False
P-EA,AN,mc_raw,table,32,10,AN,False,ideal_return_gain,0.03537876561801473,0.02157830326092101,20,0.025754674378622992,0.044212644218388455,training_seed_or_data_batch,False
P-EA,AN,mc_raw,table,32,10,AN,False,actual_return_gain,0.04785262239590349,0.03271362916852454,20,0.03369022230180521,0.061433757841428814,training_seed_or_data_batch,False
P-EA,AN,mc_raw,table,32,10,AN,False,learned_direction_derivative,0.31800007688182713,0.18745926001855992,20,0.23252964849050245,0.3930665216133758,training_seed_or_data_batch,False
P-EA,AN,mc_raw,table,32,10,AN,False,projected_direction_derivative,0.31800007688182713,0.18745926001855992,20,0.23252964849050245,0.3930665216133758,training_seed_or_data_batch,False
P-EA,AN,mc_raw,table,32,10,AN,False,realized_path_derivative,0.415754629689651,0.26913777649668197,20,0.2979813110511901,0.5268666393081005,training_seed_or_data_batch,False
P-EA,AN,mc_raw,table,32,10,AN,False,forward_kl_training,0.0001069503503134943,0.00010897671005009269,20,6.28799574670108e-05,0.00015426331742619793,training_seed_or_data_batch,False
P-EA,AN,mc_raw,table,32,10,AN,False,forward_kl_validation,0.00010694643241759745,0.00010887332952008663,20,6.317110757762703e-05,0.00015453871800229303,training_seed_or_data_batch,False
P-EA,AN,mc_raw,table,32,10,AN,False,forward_kl_exact,0.00010690735906637055,0.0001086861274831904,20,6.342027789766029e-05,0.00015425450796717694,training_seed_or_data_batch,False
P-EA,AN,mc_raw,table,32,10,AN,False,old_new_kl,0.0013982232889242984,0.0012597061434162886,20,0.0008803532371664243,0.0019498161071000075,training_seed_or_data_batch,False
P-EA,AN,mc_raw,table,32,10,AN,False,direction_realization_residual,0.022137639858623766,0.022402734927476645,20,0.013134610927913242,0.03199147743026487,training_seed_or_data_batch,False
P-EA,AN,mc_raw,table,32,10,AN,False,seconds,0.0028291349881328642,0.0012021934617735981,20,0.002406977361970348,0.0033950148522853846,training_seed_or_data_batch,False
P-EA,AN,mc_raw,table,32,10,AN,False,learned_q_0,0.16184827478767766,0.31791117053584295,20,0.023236487353917673,0.2944675496373465,training_seed_or_data_batch,False
P-EA,AN,mc_raw,table,32,10,AN,False,learned_q_1,0.4201783399511534,0.2384559228736152,20,0.31036816819630375,0.5151219333292392,training_seed_or_data_batch,False
P-EA,AN,mc_raw,table,32,10,AN,False,candidate_p_0,0.30921045147446546,0.018408605002410768,20,0.3011786063192387,0.31691152782048426,training_seed_or_data_batch,False
P-EA,AN,mc_raw,table,32,10,AN,False,candidate_p_1,0.7223559870569848,0.013894658141646933,20,0.7163619670988488,0.7280175132812143,training_seed_or_data_batch,False
P-EA,AN,mc_raw,table,32,10,AN,False,source_direction_error,0.06479645941567201,0.07087894998605476,20,0.035038925702452046,0.09499760313857682,training_seed_or_data_batch,False
P-EA,AN,mc_raw,table,32,10,AN,False,source_exact_score,0.0017315405843279098,0.07087894998605478,20,-0.028469603138576948,0.031489074297547874,training_seed_or_data_batch,False
P-EA,AN,mc_raw,table,32,10,AN,False,additional_training_environment_steps,0.0,0.0,20,0.0,0.0,training_seed_or_data_batch,False
P-EA,AN,mc_raw,table,32,10,AN,False,replayed_source_episodes,32.0,0.0,20,32.0,32.0,training_seed_or_data_batch,False
P-EA,AN,mc_raw,table,32,10,AN,False,report_validation_episodes,500.0,0.0,20,500.0,500.0,training_seed_or_data_batch,False
P-EA,AN,mc_raw,table,32,100,AN,False,source_steps_total,532.0,0.0,20,532.0,532.0,training_seed_or_data_batch,False
P-EA,AN,mc_raw,table,32,100,AN,False,eta,0.10000000000000002,1.4238309865648918e-17,20,0.10000000000000002,0.10000000000000002,training_seed_or_data_batch,False
P-EA,AN,mc_raw,table,32,100,AN,False,ideal_return_gain,0.03537876561801473,0.02157830326092101,20,0.025754674378622992,0.044212644218388455,training_seed_or_data_batch,False
P-EA,AN,mc_raw,table,32,100,AN,False,actual_return_gain,0.03534876357166168,0.021559096622206612,20,0.02574105939705112,0.044170975952168956,training_seed_or_data_batch,False
P-EA,AN,mc_raw,table,32,100,AN,False,learned_direction_derivative,0.31800007688182713,0.18745926001855992,20,0.23252964849050245,0.3930665216133758,training_seed_or_data_batch,False
P-EA,AN,mc_raw,table,32,100,AN,False,projected_direction_derivative,0.31800007688182713,0.18745926001855992,20,0.23252964849050245,0.3930665216133758,training_seed_or_data_batch,False
P-EA,AN,mc_raw,table,32,100,AN,False,realized_path_derivative,0.3177661575109776,0.18730703079712532,20,0.2322755895890641,0.3926004377268114,training_seed_or_data_batch,False
P-EA,AN,mc_raw,table,32,100,AN,False,forward_kl_training,6.094432756689177e-09,5.051941490311669e-09,20,4.020591253906045e-09,8.265694057168867e-09,training_seed_or_data_batch,False
P-EA,AN,mc_raw,table,32,100,AN,False,forward_kl_validation,6.053778149384493e-09,4.903909549636599e-09,20,4.032288069990073e-09,8.135811619351792e-09,training_seed_or_data_batch,False
P-EA,AN,mc_raw,table,32,100,AN,False,forward_kl_exact,6.042338396861974e-09,4.8798754845178645e-09,20,4.021055827744978e-09,8.111857726073258e-09,training_seed_or_data_batch,False
P-EA,AN,mc_raw,table,32,100,AN,False,old_new_kl,0.0007789102363279901,0.0006053436944459642,20,0.0005296763463028085,0.0010492752696789254,training_seed_or_data_batch,False
P-EA,AN,mc_raw,table,32,100,AN,False,direction_realization_residual,1.2403354331137374e-06,1.0128853753285692e-06,20,8.169032685554227e-07,1.6767037382420282e-06,training_seed_or_data_batch,False
P-EA,AN,mc_raw,table,32,100,AN,False,seconds,0.01940870500402525,0.00502698221510534,20,0.01749264662634232,0.021716709508036728,training_seed_or_data_batch,False
P-EA,AN,mc_raw,table,32,100,AN,False,learned_q_0,0.16184827478767766,0.31791117053584295,20,0.023236487353917673,0.2944675496373465,training_seed_or_data_batch,False
P-EA,AN,mc_raw,table,32,100,AN,False,learned_q_1,0.4201783399511534,0.2384559228736152,20,0.31036816819630375,0.5151219333292392,training_seed_or_data_batch,False
P-EA,AN,mc_raw,table,32,100,AN,False,candidate_p_0,0.3069903793720955,0.013549593592299253,20,0.30110431634196283,0.312637189714289,training_seed_or_data_batch,False
P-EA,AN,mc_raw,table,32,100,AN,False,candidate_p_1,0.7172391579126816,0.00974879068725834,20,0.7127101814524147,0.7211065027550725,training_seed_or_data_batch,False
P-EA,AN,mc_raw,table,32,100,AN,False,source_direction_error,0.06479645941567201,0.07087894998605476,20,0.035038925702452046,0.09499760313857682,training_seed_or_data_batch,False
P-EA,AN,mc_raw,table,32,100,AN,False,source_exact_score,0.0017315405843279098,0.07087894998605478,20,-0.028469603138576948,0.031489074297547874,training_seed_or_data_batch,False
P-EA,AN,mc_raw,table,32,100,AN,False,additional_training_environment_steps,0.0,0.0,20,0.0,0.0,training_seed_or_data_batch,False
P-EA,AN,mc_raw,table,32,100,AN,False,replayed_source_episodes,32.0,0.0,20,32.0,32.0,training_seed_or_data_batch,False
P-EA,AN,mc_raw,table,32,100,AN,False,report_validation_episodes,500.0,0.0,20,500.0,500.0,training_seed_or_data_batch,False
P-EA,AN,mc_raw,table,32,1000,AN,False,source_steps_total,532.0,0.0,20,532.0,532.0,training_seed_or_data_batch,False
P-EA,AN,mc_raw,table,32,1000,AN,False,eta,0.10000000000000002,1.4238309865648918e-17,20,0.10000000000000002,0.10000000000000002,training_seed_or_data_batch,False
P-EA,AN,mc_raw,table,32,1000,AN,False,ideal_return_gain,0.03537876561801473,0.02157830326092101,20,0.025754674378622992,0.044212644218388455,training_seed_or_data_batch,False
P-EA,AN,mc_raw,table,32,1000,AN,False,actual_return_gain,0.03537876561801471,0.021578303260920972,20,0.025754674378622885,0.0442126442183884,training_seed_or_data_batch,False
P-EA,AN,mc_raw,table,32,1000,AN,False,learned_direction_derivative,0.31800007688182713,0.18745926001855992,20,0.23252964849050245,0.3930665216133758,training_seed_or_data_batch,False
P-EA,AN,mc_raw,table,32,1000,AN,False,projected_direction_derivative,0.31800007688182713,0.18745926001855992,20,0.23252964849050245,0.3930665216133758,training_seed_or_data_batch,False
P-EA,AN,mc_raw,table,32,1000,AN,False,realized_path_derivative,0.3180000768818271,0.18745926001855964,20,0.23252964849050306,0.39306652161337524,training_seed_or_data_batch,False
P-EA,AN,mc_raw,table,32,1000,AN,False,forward_kl_training,9.83200204223525e-18,2.5219977648622526e-17,20,-1.1271608163028126e-18,1.9748673573063755e-17,training_seed_or_data_batch,False
P-EA,AN,mc_raw,table,32,1000,AN,False,forward_kl_validation,1.0115814607875764e-17,2.4898240576835633e-17,20,-6.871118456055635e-19,1.9810771196383693e-17,training_seed_or_data_batch,False
P-EA,AN,mc_raw,table,32,1000,AN,False,forward_kl_exact,1.040419880519426e-17,2.4812674367333457e-17,20,-3.8951672216701568e-19,2.0076796562977195e-17,training_seed_or_data_batch,False
P-EA,AN,mc_raw,table,32,1000,AN,False,old_new_kl,0.0007798599628840863,0.0006057221291766984,20,0.000530374192443842,0.0010507133999200149,training_seed_or_data_batch,False
P-EA,AN,mc_raw,table,32,1000,AN,False,direction_realization_residual,1.0150605316947622e-29,1.1361912856741576e-29,20,5.7940088583916646e-30,1.5540452472817348e-29,training_seed_or_data_batch,False
P-EA,AN,mc_raw,table,32,1000,AN,False,seconds,0.18521781999152154,0.04937719948178074,20,0.16798152098752325,0.20835425661876797,training_seed_or_data_batch,False
P-EA,AN,mc_raw,table,32,1000,AN,False,learned_q_0,0.16184827478767766,0.31791117053584295,20,0.023236487353917673,0.2944675496373465,training_seed_or_data_batch,False
P-EA,AN,mc_raw,table,32,1000,AN,False,learned_q_1,0.4201783399511534,0.2384559228736152,20,0.31036816819630375,0.5151219333292392,training_seed_or_data_batch,False
P-EA,AN,mc_raw,table,32,1000,AN,False,candidate_p_0,0.3069983457845841,0.013552434218743395,20,0.3011199513234707,0.3126319294020279,training_seed_or_data_batch,False
P-EA,AN,mc_raw,table,32,1000,AN,False,candidate_p_1,0.7172512782060716,0.009755285213982483,20,0.7127151815755537,0.7211239796383462,training_seed_or_data_batch,False
P-EA,AN,mc_raw,table,32,1000,AN,False,source_direction_error,0.06479645941567201,0.07087894998605476,20,0.035038925702452046,0.09499760313857682,training_seed_or_data_batch,False
P-EA,AN,mc_raw,table,32,1000,AN,False,source_exact_score,0.0017315405843279098,0.07087894998605478,20,-0.028469603138576948,0.031489074297547874,training_seed_or_data_batch,False
P-EA,AN,mc_raw,table,32,1000,AN,False,additional_training_environment_steps,0.0,0.0,20,0.0,0.0,training_seed_or_data_batch,False
P-EA,AN,mc_raw,table,32,1000,AN,False,replayed_source_episodes,32.0,0.0,20,32.0,32.0,training_seed_or_data_batch,False
P-EA,AN,mc_raw,table,32,1000,AN,False,report_validation_episodes,500.0,0.0,20,500.0,500.0,training_seed_or_data_batch,False
P-EA,AN,mc_raw,shared_offset,32,1,AN,False,source_steps_total,532.0,0.0,20,532.0,532.0,training_seed_or_data_batch,False
P-EA,AN,mc_raw,shared_offset,32,1,AN,False,eta,0.10000000000000002,1.4238309865648918e-17,20,0.10000000000000002,0.10000000000000002,training_seed_or_data_batch,False
P-EA,AN,mc_raw,shared_offset,32,1,AN,False,ideal_return_gain,0.03537876561801473,0.02157830326092101,20,0.025754674378622992,0.044212644218388455,training_seed_or_data_batch,False
P-EA,AN,mc_raw,shared_offset,32,1,AN,False,actual_return_gain,0.010252116431851916,0.007444897675554307,20,0.006623920746607858,0.01267093134232114,training_seed_or_data_batch,False
P-EA,AN,mc_raw,shared_offset,32,1,AN,False,learned_direction_derivative,0.31800007688182713,0.18745926001855992,20,0.23252964849050245,0.3930665216133758,training_seed_or_data_batch,False
P-EA,AN,mc_raw,shared_offset,32,1,AN,False,projected_direction_derivative,0.25550486751747914,0.18951475638541532,20,0.17163665298539368,0.33336985469496244,training_seed_or_data_batch,False
P-EA,AN,mc_raw,shared_offset,32,1,AN,False,realized_path_derivative,0.09676778162194985,0.0744612634125625,20,0.06047983878202134,0.12095990637796518,training_seed_or_data_batch,False
P-EA,AN,mc_raw,shared_offset,32,1,AN,False,forward_kl_training,0.00043567553560474876,0.00038761074824098895,20,0.0002775820874252128,0.0006044573648087734,training_seed_or_data_batch,False
P-EA,AN,mc_raw,shared_offset,32,1,AN,False,forward_kl_validation,0.00043754170019811206,0.00039083604339000896,20,0.0002784017072759712,0.0006136634253374565,training_seed_or_data_batch,False
P-EA,AN,mc_raw,shared_offset,32,1,AN,False,forward_kl_exact,0.00043750379777726786,0.000390899685845146,20,0.000278262647513657,0.0006138245691694779,training_seed_or_data_batch,False
P-EA,AN,mc_raw,shared_offset,32,1,AN,False,old_new_kl,9.443727956940227e-05,4.6580826093082233e-08,20,9.442192867246653e-05,9.44601673524623e-05,training_seed_or_data_batch,False
P-EA,AN,mc_raw,shared_offset,32,1,AN,False,direction_realization_residual,0.08911963317956993,0.07898695477461053,20,0.057068686277287596,0.12465154574505807,training_seed_or_data_batch,False
P-EA,AN,mc_raw,shared_offset,32,1,AN,False,seconds,0.0006057900027371943,0.00011975032511650696,20,0.0005589982513629365,0.0006605703925015405,training_seed_or_data_batch,False
P-EA,AN,mc_raw,shared_offset,32,1,AN,False,learned_q_0,0.16184827478767766,0.31791117053584295,20,0.023236487353917673,0.2944675496373465,training_seed_or_data_batch,False
P-EA,AN,mc_raw,shared_offset,32,1,AN,False,learned_q_1,0.4201783399511534,0.2384559228736152,20,0.31036816819630375,0.5151219333292392,training_seed_or_data_batch,False
P-EA,AN,mc_raw,shared_offset,32,1,AN,False,candidate_p_0,0.3050775875975073,0.003878039540386884,20,0.3031876642790632,0.3063375450567477,training_seed_or_data_batch,False
P-EA,AN,mc_raw,shared_offset,32,1,AN,False,candidate_p_1,0.7050019965368992,0.0038780395669385523,20,0.7031120732290237,0.7062619537914212,training_seed_or_data_batch,False
P-EA,AN,mc_raw,shared_offset,32,1,AN,False,source_direction_error,0.06479645941567201,0.07087894998605476,20,0.035038925702452046,0.09499760313857682,training_seed_or_data_batch,False
P-EA,AN,mc_raw,shared_offset,32,1,AN,False,source_exact_score,0.0017315405843279098,0.07087894998605478,20,-0.028469603138576948,0.031489074297547874,training_seed_or_data_batch,False
P-EA,AN,mc_raw,shared_offset,32,1,AN,False,additional_training_environment_steps,0.0,0.0,20,0.0,0.0,training_seed_or_data_batch,False
P-EA,AN,mc_raw,shared_offset,32,1,AN,False,replayed_source_episodes,32.0,0.0,20,32.0,32.0,training_seed_or_data_batch,False
P-EA,AN,mc_raw,shared_offset,32,1,AN,False,report_validation_episodes,500.0,0.0,20,500.0,500.0,training_seed_or_data_batch,False
P-EA,AN,mc_raw,shared_offset,32,10,AN,False,source_steps_total,532.0,0.0,20,532.0,532.0,training_seed_or_data_batch,False
P-EA,AN,mc_raw,shared_offset,32,10,AN,False,eta,0.10000000000000002,1.4238309865648918e-17,20,0.10000000000000002,0.10000000000000002,training_seed_or_data_batch,False
P-EA,AN,mc_raw,shared_offset,32,10,AN,False,ideal_return_gain,0.03537876561801473,0.02157830326092101,20,0.025754674378622992,0.044212644218388455,training_seed_or_data_batch,False
P-EA,AN,mc_raw,shared_offset,32,10,AN,False,actual_return_gain,0.03546843913211051,0.03494751300588635,20,0.020653736578283927,0.050261757980986255,training_seed_or_data_batch,False
P-EA,AN,mc_raw,shared_offset,32,10,AN,False,learned_direction_derivative,0.31800007688182713,0.18745926001855992,20,0.23252964849050245,0.3930665216133758,training_seed_or_data_batch,False
P-EA,AN,mc_raw,shared_offset,32,10,AN,False,projected_direction_derivative,0.25550486751747914,0.18951475638541532,20,0.17163665298539368,0.33336985469496244,training_seed_or_data_batch,False
P-EA,AN,mc_raw,shared_offset,32,10,AN,False,realized_path_derivative,0.29401817184588797,0.27240594743677743,20,0.17678570100633054,0.40798231328661466,training_seed_or_data_batch,False
P-EA,AN,mc_raw,shared_offset,32,10,AN,False,forward_kl_training,0.0002204463417144643,0.00017943041305344728,20,0.0001440006621038934,0.00030116545869686423,training_seed_or_data_batch,False
P-EA,AN,mc_raw,shared_offset,32,10,AN,False,forward_kl_validation,0.00022618907035779892,0.0001912849567350962,20,0.00014599511460070244,0.00031302403233069115,training_seed_or_data_batch,False
P-EA,AN,mc_raw,shared_offset,32,10,AN,False,forward_kl_exact,0.00022638453105202776,0.0001914436979352325,20,0.00014616495353953764,0.000313514953503068,training_seed_or_data_batch,False
P-EA,AN,mc_raw,shared_offset,32,10,AN,False,old_new_kl,0.001008927570263588,0.0013507546996231366,20,0.0004517290362187212,0.001598233103281076,training_seed_or_data_batch,False
P-EA,AN,mc_raw,shared_offset,32,10,AN,False,direction_realization_residual,0.045771169537984525,0.03833453829857233,20,0.029710543611380247,0.06323163775914248,training_seed_or_data_batch,False
P-EA,AN,mc_raw,shared_offset,32,10,AN,False,seconds,0.0021000399894546716,0.000602328666784083,20,0.001873122729593888,0.002406192730850307,training_seed_or_data_batch,False
P-EA,AN,mc_raw,shared_offset,32,10,AN,False,learned_q_0,0.16184827478767766,0.31791117053584295,20,0.023236487353917673,0.2944675496373465,training_seed_or_data_batch,False
P-EA,AN,mc_raw,shared_offset,32,10,AN,False,learned_q_1,0.4201783399511534,0.2384559228736152,20,0.31036816819630375,0.5151219333292392,training_seed_or_data_batch,False
P-EA,AN,mc_raw,shared_offset,32,10,AN,False,candidate_p_0,0.3157040686336875,0.014676146674104423,20,0.3093666220983616,0.32184687030797055,training_seed_or_data_batch,False
P-EA,AN,mc_raw,shared_offset,32,10,AN,False,candidate_p_1,0.7148958288258731,0.013661082007766168,20,0.7090211175537118,0.7205797375302169,training_seed_or_data_batch,False
P-EA,AN,mc_raw,shared_offset,32,10,AN,False,source_direction_error,0.06479645941567201,0.07087894998605476,20,0.035038925702452046,0.09499760313857682,training_seed_or_data_batch,False
P-EA,AN,mc_raw,shared_offset,32,10,AN,False,source_exact_score,0.0017315405843279098,0.07087894998605478,20,-0.028469603138576948,0.031489074297547874,training_seed_or_data_batch,False
P-EA,AN,mc_raw,shared_offset,32,10,AN,False,additional_training_environment_steps,0.0,0.0,20,0.0,0.0,training_seed_or_data_batch,False
P-EA,AN,mc_raw,shared_offset,32,10,AN,False,replayed_source_episodes,32.0,0.0,20,32.0,32.0,training_seed_or_data_batch,False
P-EA,AN,mc_raw,shared_offset,32,10,AN,False,report_validation_episodes,500.0,0.0,20,500.0,500.0,training_seed_or_data_batch,False
P-EA,AN,mc_raw,shared_offset,32,100,AN,False,source_steps_total,532.0,0.0,20,532.0,532.0,training_seed_or_data_batch,False
P-EA,AN,mc_raw,shared_offset,32,100,AN,False,eta,0.10000000000000002,1.4238309865648918e-17,20,0.10000000000000002,0.10000000000000002,training_seed_or_data_batch,False
P-EA,AN,mc_raw,shared_offset,32,100,AN,False,ideal_return_gain,0.03537876561801473,0.02157830326092101,20,0.025754674378622992,0.044212644218388455,training_seed_or_data_batch,False
P-EA,AN,mc_raw,shared_offset,32,100,AN,False,actual_return_gain,0.029002474849923,0.022503651247132623,20,0.01891620911897868,0.038434585235800206,training_seed_or_data_batch,False
P-EA,AN,mc_raw,shared_offset,32,100,AN,False,learned_direction_derivative,0.31800007688182713,0.18745926001855992,20,0.23252964849050245,0.3930665216133758,training_seed_or_data_batch,False
P-EA,AN,mc_raw,shared_offset,32,100,AN,False,projected_direction_derivative,0.25550486751747914,0.18951475638541532,20,0.17163665298539368,0.33336985469496244,training_seed_or_data_batch,False
P-EA,AN,mc_raw,shared_offset,32,100,AN,False,realized_path_derivative,0.2518095479761534,0.19123055641454917,20,0.16603781587392294,0.33113134271214034,training_seed_or_data_batch,False
P-EA,AN,mc_raw,shared_offset,32,100,AN,False,forward_kl_training,0.00014225814928840247,0.0001666975218458029,20,7.153108087689958e-05,0.00021958505305901194,training_seed_or_data_batch,False
P-EA,AN,mc_raw,shared_offset,32,100,AN,False,forward_kl_validation,0.00014363993179031704,0.00016622078087088512,20,7.295785026206768e-05,0.00022023202692893405,training_seed_or_data_batch,False
P-EA,AN,mc_raw,shared_offset,32,100,AN,False,forward_kl_exact,0.0001437844921827063,0.00016650756904772068,20,7.300803611072729e-05,0.0002204764156726197,training_seed_or_data_batch,False
P-EA,AN,mc_raw,shared_offset,32,100,AN,False,old_new_kl,0.0006320412602226147,0.0006235041786201731,20,0.00037456634606490823,0.0009027382709780871,training_seed_or_data_batch,False
P-EA,AN,mc_raw,shared_offset,32,100,AN,False,direction_realization_residual,0.02910341467027185,0.033887236620832754,20,0.014687455424317578,0.04478829443880778,training_seed_or_data_batch,False
P-EA,AN,mc_raw,shared_offset,32,100,AN,False,seconds,0.017257189989322796,0.0032646920904024095,20,0.01594231924493215,0.018708507353876483,training_seed_or_data_batch,False
P-EA,AN,mc_raw,shared_offset,32,100,AN,False,learned_q_0,0.16184827478767766,0.31791117053584295,20,0.023236487353917673,0.2944675496373465,training_seed_or_data_batch,False
P-EA,AN,mc_raw,shared_offset,32,100,AN,False,learned_q_1,0.4201783399511534,0.2384559228736152,20,0.31036816819630375,0.5151219333292392,training_seed_or_data_batch,False
P-EA,AN,mc_raw,shared_offset,32,100,AN,False,candidate_p_0,0.3133626894575745,0.010174269992281722,20,0.3087837577887977,0.3175807231166257,training_seed_or_data_batch,False
P-EA,AN,mc_raw,shared_offset,32,100,AN,False,candidate_p_1,0.7128563014736213,0.009734100222957927,20,0.7084890121638641,0.7168802372767743,training_seed_or_data_batch,False
P-EA,AN,mc_raw,shared_offset,32,100,AN,False,source_direction_error,0.06479645941567201,0.07087894998605476,20,0.035038925702452046,0.09499760313857682,training_seed_or_data_batch,False
P-EA,AN,mc_raw,shared_offset,32,100,AN,False,source_exact_score,0.0017315405843279098,0.07087894998605478,20,-0.028469603138576948,0.031489074297547874,training_seed_or_data_batch,False
P-EA,AN,mc_raw,shared_offset,32,100,AN,False,additional_training_environment_steps,0.0,0.0,20,0.0,0.0,training_seed_or_data_batch,False
P-EA,AN,mc_raw,shared_offset,32,100,AN,False,replayed_source_episodes,32.0,0.0,20,32.0,32.0,training_seed_or_data_batch,False
P-EA,AN,mc_raw,shared_offset,32,100,AN,False,report_validation_episodes,500.0,0.0,20,500.0,500.0,training_seed_or_data_batch,False
P-EA,AN,mc_raw,shared_offset,32,1000,AN,False,source_steps_total,532.0,0.0,20,532.0,532.0,training_seed_or_data_batch,False
P-EA,AN,mc_raw,shared_offset,32,1000,AN,False,eta,0.10000000000000002,1.4238309865648918e-17,20,0.10000000000000002,0.10000000000000002,training_seed_or_data_batch,False
P-EA,AN,mc_raw,shared_offset,32,1000,AN,False,ideal_return_gain,0.03537876561801473,0.02157830326092101,20,0.025754674378622992,0.044212644218388455,training_seed_or_data_batch,False
P-EA,AN,mc_raw,shared_offset,32,1000,AN,False,actual_return_gain,0.028991091593510175,0.022472381360302135,20,0.018903943034126135,0.038428177216710595,training_seed_or_data_batch,False
P-EA,AN,mc_raw,shared_offset,32,1000,AN,False,learned_direction_derivative,0.31800007688182713,0.18745926001855992,20,0.23252964849050245,0.3930665216133758,training_seed_or_data_batch,False
P-EA,AN,mc_raw,shared_offset,32,1000,AN,False,projected_direction_derivative,0.25550486751747914,0.18951475638541532,20,0.17163665298539368,0.33336985469496244,training_seed_or_data_batch,False
P-EA,AN,mc_raw,shared_offset,32,1000,AN,False,realized_path_derivative,0.2517346434206662,0.1910527931223273,20,0.16598700454193266,0.3310391837645945,training_seed_or_data_batch,False
P-EA,AN,mc_raw,shared_offset,32,1000,AN,False,forward_kl_training,0.00014225151796298986,0.000166699887774098,20,7.15218299026018e-05,0.00021957648955773818,training_seed_or_data_batch,False
P-EA,AN,mc_raw,shared_offset,32,1000,AN,False,forward_kl_validation,0.0001436716957679321,0.00016626232590923789,20,7.297952324773245e-05,0.00022028698558194715,training_seed_or_data_batch,False
P-EA,AN,mc_raw,shared_offset,32,1000,AN,False,forward_kl_exact,0.00014381104535724656,0.00016654753316083342,20,7.301200551695916e-05,0.00022049109618675007,training_seed_or_data_batch,False
P-EA,AN,mc_raw,shared_offset,32,1000,AN,False,old_new_kl,0.0006313861160158323,0.0006211611925365031,20,0.0003747041630946562,0.000900679187977651,training_seed_or_data_batch,False
P-EA,AN,mc_raw,shared_offset,32,1000,AN,False,direction_realization_residual,0.029108429032026772,0.03389667493107493,20,0.014686543218253523,0.04478709057478156,training_seed_or_data_batch,False
P-EA,AN,mc_raw,shared_offset,32,1000,AN,False,seconds,0.16797064999118447,0.022406897673171257,20,0.15925121286461946,0.17822089148816303,training_seed_or_data_batch,False
P-EA,AN,mc_raw,shared_offset,32,1000,AN,False,learned_q_0,0.16184827478767766,0.31791117053584295,20,0.023236487353917673,0.2944675496373465,training_seed_or_data_batch,False
P-EA,AN,mc_raw,shared_offset,32,1000,AN,False,learned_q_1,0.4201783399511534,0.2384559228736152,20,0.31036816819630375,0.5151219333292392,training_seed_or_data_batch,False
P-EA,AN,mc_raw,shared_offset,32,1000,AN,False,candidate_p_0,0.3133585409490646,0.010164162950102276,20,0.30879057510692076,0.3175884846986268,training_seed_or_data_batch,False
P-EA,AN,mc_raw,shared_offset,32,1000,AN,False,candidate_p_1,0.7128526779234047,0.009725757985187615,20,0.7084852068207181,0.7168888577351615,training_seed_or_data_batch,False
P-EA,AN,mc_raw,shared_offset,32,1000,AN,False,source_direction_error,0.06479645941567201,0.07087894998605476,20,0.035038925702452046,0.09499760313857682,training_seed_or_data_batch,False
P-EA,AN,mc_raw,shared_offset,32,1000,AN,False,source_exact_score,0.0017315405843279098,0.07087894998605478,20,-0.028469603138576948,0.031489074297547874,training_seed_or_data_batch,False
P-EA,AN,mc_raw,shared_offset,32,1000,AN,False,additional_training_environment_steps,0.0,0.0,20,0.0,0.0,training_seed_or_data_batch,False
P-EA,AN,mc_raw,shared_offset,32,1000,AN,False,replayed_source_episodes,32.0,0.0,20,32.0,32.0,training_seed_or_data_batch,False
P-EA,AN,mc_raw,shared_offset,32,1000,AN,False,report_validation_episodes,500.0,0.0,20,500.0,500.0,training_seed_or_data_batch,False
P-EA,AN,mc_raw,table,128,1,AN,False,source_steps_total,628.0,0.0,20,628.0,628.0,training_seed_or_data_batch,False
P-EA,AN,mc_raw,table,128,1,AN,False,eta,0.10000000000000002,1.4238309865648918e-17,20,0.10000000000000002,0.10000000000000002,training_seed_or_data_batch,False
P-EA,AN,mc_raw,table,128,1,AN,False,ideal_return_gain,0.0298946115315188,0.013985595043571082,20,0.024182602864163735,0.03622376521969177,training_seed_or_data_batch,False
P-EA,AN,mc_raw,table,128,1,AN,False,actual_return_gain,0.011611290686612355,0.0014815039512530808,20,0.011005791977971111,0.012216781541222146,training_seed_or_data_batch,False
P-EA,AN,mc_raw,table,128,1,AN,False,learned_direction_derivative,0.2799119813818556,0.11924751314370449,20,0.23114930612236095,0.334127819515302,training_seed_or_data_batch,False
P-EA,AN,mc_raw,table,128,1,AN,False,projected_direction_derivative,0.2799119813818556,0.11924751314370449,20,0.23114930612236095,0.334127819515302,training_seed_or_data_batch,False
P-EA,AN,mc_raw,table,128,1,AN,False,realized_path_derivative,0.11249253768243402,0.011838433493397893,20,0.10765413187250543,0.11733090262062569,training_seed_or_data_batch,False
P-EA,AN,mc_raw,table,128,1,AN,False,forward_kl_training,0.00021149389826485786,0.00024302619524884937,20,0.0001168763265974442,0.0003225794086224784,training_seed_or_data_batch,False
P-EA,AN,mc_raw,table,128,1,AN,False,forward_kl_validation,0.00021200411540550252,0.00024611102640937797,20,0.0001160726616131561,0.0003255846764935679,training_seed_or_data_batch,False
P-EA,AN,mc_raw,table,128,1,AN,False,forward_kl_exact,0.00021137788111752438,0.0002436591800893468,20,0.0001165636109211796,0.00032343438765013036,training_seed_or_data_batch,False
P-EA,AN,mc_raw,table,128,1,AN,False,old_new_kl,9.431526214605617e-05,1.4757124414101696e-07,20,9.425430881043921e-05,9.437581655888171e-05,training_seed_or_data_batch,False
P-EA,AN,mc_raw,table,128,1,AN,False,direction_realization_residual,0.04345406651095805,0.050482306631935626,20,0.023774912688216045,0.06665163840956853,training_seed_or_data_batch,False
P-EA,AN,mc_raw,table,128,1,AN,False,seconds,0.0011353049951139838,0.0002920826417933086,20,0.001021167357248487,0.0012676351210393476,training_seed_or_data_batch,False
P-EA,AN,mc_raw,table,128,1,AN,False,learned_q_0,0.07853622775209639,0.19687749411658387,20,-0.006858880856874211,0.16297472846628736,training_seed_or_data_batch,False
P-EA,AN,mc_raw,table,128,1,AN,False,learned_q_1,0.37695494374989896,0.15310839735674336,20,0.3143071376408197,0.44621040370689613,training_seed_or_data_batch,False
P-EA,AN,mc_raw,table,128,1,AN,False,candidate_p_0,0.30192765428517193,0.006165604047759683,20,0.29940774777582374,0.30444753066675384,training_seed_or_data_batch,False
P-EA,AN,mc_raw,table,128,1,AN,False,candidate_p_1,0.7062619508982776,3.0170888245802505e-09,20,0.7062619495277841,0.7062619521769132,training_seed_or_data_batch,False
P-EA,AN,mc_raw,table,128,1,AN,False,source_direction_error,0.023856878852319928,0.027646871742605487,20,0.013479940768276214,0.036803704282178336,training_seed_or_data_batch,False
P-EA,AN,mc_raw,table,128,1,AN,False,source_exact_score,0.04267112114768,0.02764687174260549,20,0.02972429571782156,0.053048059231723704,training_seed_or_data_batch,False
P-EA,AN,mc_raw,table,128,1,AN,False,additional_training_environment_steps,0.0,0.0,20,0.0,0.0,training_seed_or_data_batch,False
P-EA,AN,mc_raw,table,128,1,AN,False,replayed_source_episodes,128.0,0.0,20,128.0,128.0,training_seed_or_data_batch,False
P-EA,AN,mc_raw,table,128,1,AN,False,report_validation_episodes,500.0,0.0,20,500.0,500.0,training_seed_or_data_batch,False
P-EA,AN,mc_raw,table,128,10,AN,False,source_steps_total,628.0,0.0,20,628.0,628.0,training_seed_or_data_batch,False
P-EA,AN,mc_raw,table,128,10,AN,False,eta,0.10000000000000002,1.4238309865648918e-17,20,0.10000000000000002,0.10000000000000002,training_seed_or_data_batch,False
P-EA,AN,mc_raw,table,128,10,AN,False,ideal_return_gain,0.0298946115315188,0.013985595043571082,20,0.024182602864163735,0.03622376521969177,training_seed_or_data_batch,False
P-EA,AN,mc_raw,table,128,10,AN,False,actual_return_gain,0.03399408227116042,0.025697210821729134,20,0.023513689005824654,0.04540318951835842,training_seed_or_data_batch,False
P-EA,AN,mc_raw,table,128,10,AN,False,learned_direction_derivative,0.2799119813818556,0.11924751314370449,20,0.23114930612236095,0.334127819515302,training_seed_or_data_batch,False
P-EA,AN,mc_raw,table,128,10,AN,False,projected_direction_derivative,0.2799119813818556,0.11924751314370449,20,0.23114930612236095,0.334127819515302,training_seed_or_data_batch,False
P-EA,AN,mc_raw,table,128,10,AN,False,realized_path_derivative,0.31142121177220206,0.21852611926681662,20,0.22188627160640112,0.4094601762722405,training_seed_or_data_batch,False
P-EA,AN,mc_raw,table,128,10,AN,False,forward_kl_training,5.270539487428878e-05,7.189788221859202e-05,20,2.5119047221449557e-05,8.432446418613224e-05,training_seed_or_data_batch,False
P-EA,AN,mc_raw,table,128,10,AN,False,forward_kl_validation,5.2863294645141814e-05,7.29661982275562e-05,20,2.5095033607549343e-05,8.539280872601123e-05,training_seed_or_data_batch,False
P-EA,AN,mc_raw,table,128,10,AN,False,forward_kl_exact,5.2663727092857345e-05,7.224986203413708e-05,20,2.514360590256335e-05,8.512472387977466e-05,training_seed_or_data_batch,False
P-EA,AN,mc_raw,table,128,10,AN,False,old_new_kl,0.0007094486548897916,0.0008694420001134676,20,0.00036715761588706434,0.0011020161607580112,training_seed_or_data_batch,False
P-EA,AN,mc_raw,table,128,10,AN,False,direction_realization_residual,0.01106271478977244,0.015372528047730967,20,0.0051935051038871855,0.017987636545205268,training_seed_or_data_batch,False
P-EA,AN,mc_raw,table,128,10,AN,False,seconds,0.002682685002218932,0.0007065588174149422,20,0.002412316362024285,0.0030113576268195174,training_seed_or_data_batch,False
P-EA,AN,mc_raw,table,128,10,AN,False,learned_q_0,0.07853622775209639,0.19687749411658387,20,-0.006858880856874211,0.16297472846628736,training_seed_or_data_batch,False
P-EA,AN,mc_raw,table,128,10,AN,False,learned_q_1,0.37695494374989896,0.15310839735674336,20,0.3143071376408197,0.44621040370689613,training_seed_or_data_batch,False
P-EA,AN,mc_raw,table,128,10,AN,False,candidate_p_0,0.3042058292025494,0.008651340517855448,20,0.3006190342590892,0.307931250461354,training_seed_or_data_batch,False
P-EA,AN,mc_raw,table,128,10,AN,False,candidate_p_1,0.7171247227805246,0.01156408852313264,20,0.7123384099538899,0.7223255268069461,training_seed_or_data_batch,False
P-EA,AN,mc_raw,table,128,10,AN,False,source_direction_error,0.023856878852319928,0.027646871742605487,20,0.013479940768276214,0.036803704282178336,training_seed_or_data_batch,False
P-EA,AN,mc_raw,table,128,10,AN,False,source_exact_score,0.04267112114768,0.02764687174260549,20,0.02972429571782156,0.053048059231723704,training_seed_or_data_batch,False
P-EA,AN,mc_raw,table,128,10,AN,False,additional_training_environment_steps,0.0,0.0,20,0.0,0.0,training_seed_or_data_batch,False
P-EA,AN,mc_raw,table,128,10,AN,False,replayed_source_episodes,128.0,0.0,20,128.0,128.0,training_seed_or_data_batch,False
P-EA,AN,mc_raw,table,128,10,AN,False,report_validation_episodes,500.0,0.0,20,500.0,500.0,training_seed_or_data_batch,False
P-EA,AN,mc_raw,table,128,100,AN,False,source_steps_total,628.0,0.0,20,628.0,628.0,training_seed_or_data_batch,False
P-EA,AN,mc_raw,table,128,100,AN,False,eta,0.10000000000000002,1.4238309865648918e-17,20,0.10000000000000002,0.10000000000000002,training_seed_or_data_batch,False
P-EA,AN,mc_raw,table,128,100,AN,False,ideal_return_gain,0.0298946115315188,0.013985595043571082,20,0.024182602864163735,0.03622376521969177,training_seed_or_data_batch,False
P-EA,AN,mc_raw,table,128,100,AN,False,actual_return_gain,0.029882350997245344,0.013976979602792204,20,0.02416913267610055,0.03618893390912633,training_seed_or_data_batch,False
P-EA,AN,mc_raw,table,128,100,AN,False,learned_direction_derivative,0.2799119813818556,0.11924751314370449,20,0.23114930612236095,0.334127819515302,training_seed_or_data_batch,False
P-EA,AN,mc_raw,table,128,100,AN,False,projected_direction_derivative,0.2799119813818556,0.11924751314370449,20,0.23114930612236095,0.334127819515302,training_seed_or_data_batch,False
P-EA,AN,mc_raw,table,128,100,AN,False,realized_path_derivative,0.27981137161613684,0.11917445743433995,20,0.23096084657832036,0.3338015926106297,training_seed_or_data_batch,False
P-EA,AN,mc_raw,table,128,100,AN,False,forward_kl_training,5.207411409312885e-09,5.838794847878798e-09,20,3.040033225217131e-09,7.817049940915628e-09,training_seed_or_data_batch,False
P-EA,AN,mc_raw,table,128,100,AN,False,forward_kl_validation,5.243761132992279e-09,5.8830859497602315e-09,20,3.0745089711166166e-09,7.89028936607836e-09,training_seed_or_data_batch,False
P-EA,AN,mc_raw,table,128,100,AN,False,forward_kl_exact,5.254863799204469e-09,5.892558800791481e-09,20,3.071831677575856e-09,7.894907254326188e-09,training_seed_or_data_batch,False
P-EA,AN,mc_raw,table,128,100,AN,False,old_new_kl,0.000480943353216246,0.00039295541217705595,20,0.00033089259237858716,0.0006603299901884156,training_seed_or_data_batch,False
P-EA,AN,mc_raw,table,128,100,AN,False,direction_realization_residual,1.0850194806310765e-06,1.2304962153400264e-06,20,6.303053362203481e-07,1.636619350669653e-06,training_seed_or_data_batch,False
P-EA,AN,mc_raw,table,128,100,AN,False,seconds,0.019689179986016825,0.006572783248097396,20,0.017322969224478582,0.02275282636139309,training_seed_or_data_batch,False
P-EA,AN,mc_raw,table,128,100,AN,False,learned_q_0,0.07853622775209639,0.19687749411658387,20,-0.006858880856874211,0.16297472846628736,training_seed_or_data_batch,False
P-EA,AN,mc_raw,table,128,100,AN,False,learned_q_1,0.37695494374989896,0.15310839735674336,20,0.3143071376408197,0.44621040370689613,training_seed_or_data_batch,False
P-EA,AN,mc_raw,table,128,100,AN,False,candidate_p_0,0.3033613310074184,0.008336682554787733,20,0.29975130312544346,0.30693829721404464,training_seed_or_data_batch,False
P-EA,AN,mc_raw,table,128,100,AN,False,candidate_p_1,0.7155457429024772,0.006194655423907788,20,0.7130059743434867,0.7183509311178976,training_seed_or_data_batch,False
P-EA,AN,mc_raw,table,128,100,AN,False,source_direction_error,0.023856878852319928,0.027646871742605487,20,0.013479940768276214,0.036803704282178336,training_seed_or_data_batch,False
P-EA,AN,mc_raw,table,128,100,AN,False,source_exact_score,0.04267112114768,0.02764687174260549,20,0.02972429571782156,0.053048059231723704,training_seed_or_data_batch,False
P-EA,AN,mc_raw,table,128,100,AN,False,additional_training_environment_steps,0.0,0.0,20,0.0,0.0,training_seed_or_data_batch,False
P-EA,AN,mc_raw,table,128,100,AN,False,replayed_source_episodes,128.0,0.0,20,128.0,128.0,training_seed_or_data_batch,False
P-EA,AN,mc_raw,table,128,100,AN,False,report_validation_episodes,500.0,0.0,20,500.0,500.0,training_seed_or_data_batch,False
P-EA,AN,mc_raw,table,128,1000,AN,False,source_steps_total,628.0,0.0,20,628.0,628.0,training_seed_or_data_batch,False
P-EA,AN,mc_raw,table,128,1000,AN,False,eta,0.10000000000000002,1.4238309865648918e-17,20,0.10000000000000002,0.10000000000000002,training_seed_or_data_batch,False
P-EA,AN,mc_raw,table,128,1000,AN,False,ideal_return_gain,0.0298946115315188,0.013985595043571082,20,0.024182602864163735,0.03622376521969177,training_seed_or_data_batch,False
P-EA,AN,mc_raw,table,128,1000,AN,False,actual_return_gain,0.02989461153151881,0.013985595043571065,20,0.02418260286416379,0.03622376521969177,training_seed_or_data_batch,False
P-EA,AN,mc_raw,table,128,1000,AN,False,learned_direction_derivative,0.2799119813818556,0.11924751314370449,20,0.23114930612236095,0.334127819515302,training_seed_or_data_batch,False
P-EA,AN,mc_raw,table,128,1000,AN,False,projected_direction_derivative,0.2799119813818556,0.11924751314370449,20,0.23114930612236095,0.334127819515302,training_seed_or_data_batch,False
P-EA,AN,mc_raw,table,128,1000,AN,False,realized_path_derivative,0.2799119813818559,0.11924751314370441,20,0.23114930612236115,0.33412781951530196,training_seed_or_data_batch,False
P-EA,AN,mc_raw,table,128,1000,AN,False,forward_kl_training,1.523030680628005e-17,2.5609774603867144e-17,20,4.811309473843923e-18,2.7191305269448397e-17,training_seed_or_data_batch,False
P-EA,AN,mc_raw,table,128,1000,AN,False,forward_kl_validation,1.498147352311956e-17,2.5399539910709115e-17,20,4.605827733826305e-18,2.696343776986003e-17,training_seed_or_data_batch,False
P-EA,AN,mc_raw,table,128,1000,AN,False,forward_kl_exact,1.497307277492269e-17,2.5496252044458636e-17,20,4.495775703197664e-18,2.6901853683941902e-17,training_seed_or_data_batch,False
P-EA,AN,mc_raw,table,128,1000,AN,False,old_new_kl,0.0004813780569705571,0.0003932929733849401,20,0.00033163228775348955,0.0006602949786877451,training_seed_or_data_batch,False
P-EA,AN,mc_raw,table,128,1000,AN,False,direction_realization_residual,3.428482620627419e-30,3.825041441470162e-30,20,1.9974131067049926e-30,5.192578396337689e-30,training_seed_or_data_batch,False
P-EA,AN,mc_raw,table,128,1000,AN,False,seconds,0.17373723001219332,0.015636307326440013,20,0.16779832762666047,0.18090157525235553,training_seed_or_data_batch,False
P-EA,AN,mc_raw,table,128,1000,AN,False,learned_q_0,0.07853622775209639,0.19687749411658387,20,-0.006858880856874211,0.16297472846628736,training_seed_or_data_batch,False
P-EA,AN,mc_raw,table,128,1000,AN,False,learned_q_1,0.37695494374989896,0.15310839735674336,20,0.3143071376408197,0.44621040370689613,training_seed_or_data_batch,False
P-EA,AN,mc_raw,table,128,1000,AN,False,candidate_p_0,0.30336984554558166,0.008342623314024453,20,0.2997553701596353,0.3069541599033983,training_seed_or_data_batch,False
P-EA,AN,mc_raw,table,128,1000,AN,False,candidate_p_1,0.7155504236955361,0.0061992282642035065,20,0.7130003508036659,0.7183584955982687,training_seed_or_data_batch,False
P-EA,AN,mc_raw,table,128,1000,AN,False,source_direction_error,0.023856878852319928,0.027646871742605487,20,0.013479940768276214,0.036803704282178336,training_seed_or_data_batch,False
P-EA,AN,mc_raw,table,128,1000,AN,False,source_exact_score,0.04267112114768,0.02764687174260549,20,0.02972429571782156,0.053048059231723704,training_seed_or_data_batch,False
P-EA,AN,mc_raw,table,128,1000,AN,False,additional_training_environment_steps,0.0,0.0,20,0.0,0.0,training_seed_or_data_batch,False
P-EA,AN,mc_raw,table,128,1000,AN,False,replayed_source_episodes,128.0,0.0,20,128.0,128.0,training_seed_or_data_batch,False
P-EA,AN,mc_raw,table,128,1000,AN,False,report_validation_episodes,500.0,0.0,20,500.0,500.0,training_seed_or_data_batch,False
P-EA,AN,mc_raw,shared_offset,128,1,AN,False,source_steps_total,628.0,0.0,20,628.0,628.0,training_seed_or_data_batch,False
P-EA,AN,mc_raw,shared_offset,128,1,AN,False,eta,0.10000000000000002,1.4238309865648918e-17,20,0.10000000000000002,0.10000000000000002,training_seed_or_data_batch,False
P-EA,AN,mc_raw,shared_offset,128,1,AN,False,ideal_return_gain,0.0298946115315188,0.013985595043571082,20,0.024182602864163735,0.03622376521969177,training_seed_or_data_batch,False
P-EA,AN,mc_raw,shared_offset,128,1,AN,False,actual_return_gain,0.012670924023126745,1.1520583621468564e-08,20,0.012670918595995135,0.012670928427693974,training_seed_or_data_batch,False
P-EA,AN,mc_raw,shared_offset,128,1,AN,False,learned_direction_derivative,0.2799119813818556,0.11924751314370449,20,0.23114930612236095,0.334127819515302,training_seed_or_data_batch,False
P-EA,AN,mc_raw,shared_offset,128,1,AN,False,projected_direction_derivative,0.2077185256076671,0.11764959697471838,20,0.15973807649017602,0.259801798639924,training_seed_or_data_batch,False
P-EA,AN,mc_raw,shared_offset,128,1,AN,False,realized_path_derivative,0.12095983952935663,1.052212807015969e-07,20,0.12095978996157819,0.12095987975771685,training_seed_or_data_batch,False
P-EA,AN,mc_raw,shared_offset,128,1,AN,False,forward_kl_training,0.0002515108568846214,0.0002270752700216659,20,0.00016282868488924976,0.0003572257691668675,training_seed_or_data_batch,False
P-EA,AN,mc_raw,shared_offset,128,1,AN,False,forward_kl_validation,0.00025064069580323117,0.00023069935793470865,20,0.00016103715549050374,0.00035836380733955843,training_seed_or_data_batch,False
P-EA,AN,mc_raw,shared_offset,128,1,AN,False,forward_kl_exact,0.00025031382454177053,0.00022815669695548963,20,0.00016184616584882574,0.000356417523804126,training_seed_or_data_batch,False
P-EA,AN,mc_raw,shared_offset,128,1,AN,False,old_new_kl,9.44223119944885e-05,1.6420425798638094e-10,20,9.442223464093347e-05,9.442237477334037e-05,training_seed_or_data_batch,False
P-EA,AN,mc_raw,shared_offset,128,1,AN,False,direction_realization_residual,0.051272841787173826,0.047338131308988805,20,0.03289189428490438,0.07316745661299304,training_seed_or_data_batch,False
P-EA,AN,mc_raw,shared_offset,128,1,AN,False,seconds,0.0006538450135849417,0.00019437666320965696,20,0.0005786725228244904,0.0007433451393444556,training_seed_or_data_batch,False
P-EA,AN,mc_raw,shared_offset,128,1,AN,False,learned_q_0,0.07853622775209639,0.19687749411658387,20,-0.006858880856874211,0.16297472846628736,training_seed_or_data_batch,False
P-EA,AN,mc_raw,shared_offset,128,1,AN,False,learned_q_1,0.37695494374989896,0.15310839735674336,20,0.3143071376408197,0.44621040370689613,training_seed_or_data_batch,False
P-EA,AN,mc_raw,shared_offset,128,1,AN,False,candidate_p_0,0.30633754153368586,5.545382019215948e-09,20,0.3063375389213601,0.3063375436538048,training_seed_or_data_batch,False
P-EA,AN,mc_raw,shared_offset,128,1,AN,False,candidate_p_1,0.706261950351901,5.413885666017405e-09,20,0.7062619478015205,0.706261952421746,training_seed_or_data_batch,False
P-EA,AN,mc_raw,shared_offset,128,1,AN,False,source_direction_error,0.023856878852319928,0.027646871742605487,20,0.013479940768276214,0.036803704282178336,training_seed_or_data_batch,False
P-EA,AN,mc_raw,shared_offset,128,1,AN,False,source_exact_score,0.04267112114768,0.02764687174260549,20,0.02972429571782156,0.053048059231723704,training_seed_or_data_batch,False
P-EA,AN,mc_raw,shared_offset,128,1,AN,False,additional_training_environment_steps,0.0,0.0,20,0.0,0.0,training_seed_or_data_batch,False
P-EA,AN,mc_raw,shared_offset,128,1,AN,False,replayed_source_episodes,128.0,0.0,20,128.0,128.0,training_seed_or_data_batch,False
P-EA,AN,mc_raw,shared_offset,128,1,AN,False,report_validation_episodes,500.0,0.0,20,500.0,500.0,training_seed_or_data_batch,False
P-EA,AN,mc_raw,shared_offset,128,10,AN,False,source_steps_total,628.0,0.0,20,628.0,628.0,training_seed_or_data_batch,False
P-EA,AN,mc_raw,shared_offset,128,10,AN,False,eta,0.10000000000000002,1.4238309865648918e-17,20,0.10000000000000002,0.10000000000000002,training_seed_or_data_batch,False
P-EA,AN,mc_raw,shared_offset,128,10,AN,False,ideal_return_gain,0.0298946115315188,0.013985595043571082,20,0.024182602864163735,0.03622376521969177,training_seed_or_data_batch,False
P-EA,AN,mc_raw,shared_offset,128,10,AN,False,actual_return_gain,0.023592421123849395,0.022307708300858115,20,0.01513580153698461,0.03382720834450668,training_seed_or_data_batch,False
P-EA,AN,mc_raw,shared_offset,128,10,AN,False,learned_direction_derivative,0.2799119813818556,0.11924751314370449,20,0.23114930612236095,0.334127819515302,training_seed_or_data_batch,False
P-EA,AN,mc_raw,shared_offset,128,10,AN,False,projected_direction_derivative,0.2077185256076671,0.11764959697471838,20,0.15973807649017602,0.259801798639924,training_seed_or_data_batch,False
P-EA,AN,mc_raw,shared_offset,128,10,AN,False,realized_path_derivative,0.20772148382003328,0.17614290856488987,20,0.14006299792338822,0.28783117416316223,training_seed_or_data_batch,False
P-EA,AN,mc_raw,shared_offset,128,10,AN,False,forward_kl_training,0.0001569039204127852,9.913847693750709e-05,20,0.00011518911670026749,0.00019947830583774467,training_seed_or_data_batch,False
P-EA,AN,mc_raw,shared_offset,128,10,AN,False,forward_kl_validation,0.00015554795434631353,9.736081853405415e-05,20,0.00011479445643498037,0.00019733759347904608,training_seed_or_data_batch,False
P-EA,AN,mc_raw,shared_offset,128,10,AN,False,forward_kl_exact,0.00015647746641804687,9.873426243999269e-05,20,0.00011513048479711118,0.00019951983992863752,training_seed_or_data_batch,False
P-EA,AN,mc_raw,shared_offset,128,10,AN,False,old_new_kl,0.00046737870265903486,0.0007988294477473279,20,0.000176487987009375,0.0008398601344632344,training_seed_or_data_batch,False
P-EA,AN,mc_raw,shared_offset,128,10,AN,False,direction_realization_residual,0.03136885782577396,0.019597191161621046,20,0.023198152215456954,0.039828807942599506,training_seed_or_data_batch,False
P-EA,AN,mc_raw,shared_offset,128,10,AN,False,seconds,0.0019905350112821908,0.00044888096825513685,20,0.0018240130005870016,0.0021961843917961232,training_seed_or_data_batch,False
P-EA,AN,mc_raw,shared_offset,128,10,AN,False,learned_q_0,0.07853622775209639,0.19687749411658387,20,-0.006858880856874211,0.16297472846628736,training_seed_or_data_batch,False
P-EA,AN,mc_raw,shared_offset,128,10,AN,False,learned_q_1,0.37695494374989896,0.15310839735674336,20,0.3143071376408197,0.44621040370689613,training_seed_or_data_batch,False
P-EA,AN,mc_raw,shared_offset,128,10,AN,False,candidate_p_0,0.311001150755033,0.00947472259812709,20,0.30736443752049214,0.31530473664535824,training_seed_or_data_batch,False
P-EA,AN,mc_raw,shared_offset,128,10,AN,False,candidate_p_1,0.7106267080908553,0.008853196171247458,20,0.7072238909917165,0.7146750248780955,training_seed_or_data_batch,False
P-EA,AN,mc_raw,shared_offset,128,10,AN,False,source_direction_error,0.023856878852319928,0.027646871742605487,20,0.013479940768276214,0.036803704282178336,training_seed_or_data_batch,False
P-EA,AN,mc_raw,shared_offset,128,10,AN,False,source_exact_score,0.04267112114768,0.02764687174260549,20,0.02972429571782156,0.053048059231723704,training_seed_or_data_batch,False
P-EA,AN,mc_raw,shared_offset,128,10,AN,False,additional_training_environment_steps,0.0,0.0,20,0.0,0.0,training_seed_or_data_batch,False
P-EA,AN,mc_raw,shared_offset,128,10,AN,False,replayed_source_episodes,128.0,0.0,20,128.0,128.0,training_seed_or_data_batch,False
P-EA,AN,mc_raw,shared_offset,128,10,AN,False,report_validation_episodes,500.0,0.0,20,500.0,500.0,training_seed_or_data_batch,False
P-EA,AN,mc_raw,shared_offset,128,100,AN,False,source_steps_total,628.0,0.0,20,628.0,628.0,training_seed_or_data_batch,False
P-EA,AN,mc_raw,shared_offset,128,100,AN,False,eta,0.10000000000000002,1.4238309865648918e-17,20,0.10000000000000002,0.10000000000000002,training_seed_or_data_batch,False
P-EA,AN,mc_raw,shared_offset,128,100,AN,False,ideal_return_gain,0.0298946115315188,0.013985595043571082,20,0.024182602864163735,0.03622376521969177,training_seed_or_data_batch,False
P-EA,AN,mc_raw,shared_offset,128,100,AN,False,actual_return_gain,0.02261161264779888,0.014074822859636736,20,0.01678224212124796,0.028823336060117295,training_seed_or_data_batch,False
P-EA,AN,mc_raw,shared_offset,128,100,AN,False,learned_direction_derivative,0.2799119813818556,0.11924751314370449,20,0.23114930612236095,0.334127819515302,training_seed_or_data_batch,False
P-EA,AN,mc_raw,shared_offset,128,100,AN,False,projected_direction_derivative,0.2077185256076671,0.11764959697471838,20,0.15973807649017602,0.259801798639924,training_seed_or_data_batch,False
P-EA,AN,mc_raw,shared_offset,128,100,AN,False,realized_path_derivative,0.2046314013051679,0.11765600824062634,20,0.15556808386413631,0.25727103411580143,training_seed_or_data_batch,False
P-EA,AN,mc_raw,shared_offset,128,100,AN,False,forward_kl_training,0.00012182096052736513,8.932320935912116e-05,20,8.487511634753031e-05,0.0001605217374483565,training_seed_or_data_batch,False
P-EA,AN,mc_raw,shared_offset,128,100,AN,False,forward_kl_validation,0.00012184169431514894,8.964789876389747e-05,20,8.496611645234625e-05,0.00016076986846033238,training_seed_or_data_batch,False
P-EA,AN,mc_raw,shared_offset,128,100,AN,False,forward_kl_exact,0.00012195548326184267,8.990943708974657e-05,20,8.488918123465518e-05,0.0001608950645085542,training_seed_or_data_batch,False
P-EA,AN,mc_raw,shared_offset,128,100,AN,False,old_new_kl,0.0003545723976534149,0.0003922267223376592,20,0.00020115860065351103,0.0005320776188174822,training_seed_or_data_batch,False
P-EA,AN,mc_raw,shared_offset,128,100,AN,False,direction_realization_residual,0.024607239767366434,0.018196080697880285,20,0.017109254996886578,0.032465557606138166,training_seed_or_data_batch,False
P-EA,AN,mc_raw,shared_offset,128,100,AN,False,seconds,0.016620149981463328,0.0034702049159500924,20,0.015479019233025611,0.018241209103580333,training_seed_or_data_batch,False
P-EA,AN,mc_raw,shared_offset,128,100,AN,False,learned_q_0,0.07853622775209639,0.19687749411658387,20,-0.006858880856874211,0.16297472846628736,training_seed_or_data_batch,False
P-EA,AN,mc_raw,shared_offset,128,100,AN,False,learned_q_1,0.37695494374989896,0.15310839735674336,20,0.3143071376408197,0.44621040370689613,training_seed_or_data_batch,False
P-EA,AN,mc_raw,shared_offset,128,100,AN,False,candidate_p_0,0.31079743056844233,0.006276766668788657,20,0.3081822828752315,0.313610469202733,training_seed_or_data_batch,False
P-EA,AN,mc_raw,shared_offset,128,100,AN,False,candidate_p_1,0.7105133811981751,0.005972108653407565,20,0.7080191018973668,0.7131676197033642,training_seed_or_data_batch,False
P-EA,AN,mc_raw,shared_offset,128,100,AN,False,source_direction_error,0.023856878852319928,0.027646871742605487,20,0.013479940768276214,0.036803704282178336,training_seed_or_data_batch,False
P-EA,AN,mc_raw,shared_offset,128,100,AN,False,source_exact_score,0.04267112114768,0.02764687174260549,20,0.02972429571782156,0.053048059231723704,training_seed_or_data_batch,False
P-EA,AN,mc_raw,shared_offset,128,100,AN,False,additional_training_environment_steps,0.0,0.0,20,0.0,0.0,training_seed_or_data_batch,False
P-EA,AN,mc_raw,shared_offset,128,100,AN,False,replayed_source_episodes,128.0,0.0,20,128.0,128.0,training_seed_or_data_batch,False
P-EA,AN,mc_raw,shared_offset,128,100,AN,False,report_validation_episodes,500.0,0.0,20,500.0,500.0,training_seed_or_data_batch,False
P-EA,AN,mc_raw,shared_offset,128,1000,AN,False,source_steps_total,628.0,0.0,20,628.0,628.0,training_seed_or_data_batch,False
P-EA,AN,mc_raw,shared_offset,128,1000,AN,False,eta,0.10000000000000002,1.4238309865648918e-17,20,0.10000000000000002,0.10000000000000002,training_seed_or_data_batch,False
P-EA,AN,mc_raw,shared_offset,128,1000,AN,False,ideal_return_gain,0.0298946115315188,0.013985595043571082,20,0.024182602864163735,0.03622376521969177,training_seed_or_data_batch,False
P-EA,AN,mc_raw,shared_offset,128,1000,AN,False,actual_return_gain,0.0226172099801021,0.014104437722951805,20,0.016778766399903805,0.028857931359912485,training_seed_or_data_batch,False
P-EA,AN,mc_raw,shared_offset,128,1000,AN,False,learned_direction_derivative,0.2799119813818556,0.11924751314370449,20,0.23114930612236095,0.334127819515302,training_seed_or_data_batch,False
P-EA,AN,mc_raw,shared_offset,128,1000,AN,False,projected_direction_derivative,0.2077185256076671,0.11764959697471838,20,0.15973807649017602,0.259801798639924,training_seed_or_data_batch,False
P-EA,AN,mc_raw,shared_offset,128,1000,AN,False,realized_path_derivative,0.20466219654151901,0.11789141427376769,20,0.15542527675989956,0.25714194319641975,training_seed_or_data_batch,False
P-EA,AN,mc_raw,shared_offset,128,1000,AN,False,forward_kl_training,0.00012181683222612611,8.932432544334933e-05,20,8.487154179297381e-05,0.00016051821018602035,training_seed_or_data_batch,False
P-EA,AN,mc_raw,shared_offset,128,1000,AN,False,forward_kl_validation,0.00012182863666956158,8.964600258267607e-05,20,8.494664660761387e-05,0.00016076974064133014,training_seed_or_data_batch,False
P-EA,AN,mc_raw,shared_offset,128,1000,AN,False,forward_kl_exact,0.00012195518865613586,8.990573276718183e-05,20,8.489444927087878e-05,0.00016088001591244944,training_seed_or_data_batch,False
P-EA,AN,mc_raw,shared_offset,128,1000,AN,False,old_new_kl,0.00035499185806940473,0.0003932791213258879,20,0.00020088485894426215,0.000533168304300623,training_seed_or_data_batch,False
P-EA,AN,mc_raw,shared_offset,128,1000,AN,False,direction_realization_residual,0.024606064008794355,0.018193686916432854,20,0.017110531134113656,0.03246014196649719,training_seed_or_data_batch,False
P-EA,AN,mc_raw,shared_offset,128,1000,AN,False,seconds,0.15909973499947228,0.0135313247792896,20,0.1534651541193307,0.16514248112318455,training_seed_or_data_batch,False
P-EA,AN,mc_raw,shared_offset,128,1000,AN,False,learned_q_0,0.07853622775209639,0.19687749411658387,20,-0.006858880856874211,0.16297472846628736,training_seed_or_data_batch,False
P-EA,AN,mc_raw,shared_offset,128,1000,AN,False,learned_q_1,0.37695494374989896,0.15310839735674336,20,0.3143071376408197,0.44621040370689613,training_seed_or_data_batch,False
P-EA,AN,mc_raw,shared_offset,128,1000,AN,False,candidate_p_0,0.3107991962727735,0.006289415641150134,20,0.30817974852460667,0.31361425965115103,training_seed_or_data_batch,False
P-EA,AN,mc_raw,shared_offset,128,1000,AN,False,candidate_p_1,0.7105148106469384,0.0059839564153402434,20,0.7080072739346934,0.713160735267683,training_seed_or_data_batch,False
P-EA,AN,mc_raw,shared_offset,128,1000,AN,False,source_direction_error,0.023856878852319928,0.027646871742605487,20,0.013479940768276214,0.036803704282178336,training_seed_or_data_batch,False
P-EA,AN,mc_raw,shared_offset,128,1000,AN,False,source_exact_score,0.04267112114768,0.02764687174260549,20,0.02972429571782156,0.053048059231723704,training_seed_or_data_batch,False
P-EA,AN,mc_raw,shared_offset,128,1000,AN,False,additional_training_environment_steps,0.0,0.0,20,0.0,0.0,training_seed_or_data_batch,False
P-EA,AN,mc_raw,shared_offset,128,1000,AN,False,replayed_source_episodes,128.0,0.0,20,128.0,128.0,training_seed_or_data_batch,False
P-EA,AN,mc_raw,shared_offset,128,1000,AN,False,report_validation_episodes,500.0,0.0,20,500.0,500.0,training_seed_or_data_batch,False
P-EA,AN,mc_raw,table,512,1,AN,False,source_steps_total,1012.0,0.0,20,1012.0,1012.0,training_seed_or_data_batch,False
P-EA,AN,mc_raw,table,512,1,AN,False,eta,0.10000000000000002,1.4238309865648918e-17,20,0.10000000000000002,0.10000000000000002,training_seed_or_data_batch,False
P-EA,AN,mc_raw,table,512,1,AN,False,ideal_return_gain,0.026176424295734267,0.004816741872795579,20,0.024033922748297465,0.028159131598687916,training_seed_or_data_batch,False
P-EA,AN,mc_raw,table,512,1,AN,False,actual_return_gain,0.012216752702046158,0.0011090728727823065,20,0.011762609593936556,0.01267084590103143,training_seed_or_data_batch,False
P-EA,AN,mc_raw,table,512,1,AN,False,learned_direction_derivative,0.25114217079115375,0.04472581872702312,20,0.23089783148301202,0.2694001368428649,training_seed_or_data_batch,False
P-EA,AN,mc_raw,table,512,1,AN,False,projected_direction_derivative,0.25114217079115375,0.04472581872702312,20,0.23089783148301202,0.2694001368428649,training_seed_or_data_batch,False
P-EA,AN,mc_raw,table,512,1,AN,False,realized_path_derivative,0.11733070620234147,0.008862404551152774,20,0.11370176741691176,0.12095930009907466,training_seed_or_data_batch,False
P-EA,AN,mc_raw,table,512,1,AN,False,forward_kl_training,0.00011336374630191058,5.967481479266416e-05,20,8.778670811817024e-05,0.000138679978009477,training_seed_or_data_batch,False
P-EA,AN,mc_raw,table,512,1,AN,False,forward_kl_validation,0.0001133972385987656,5.921091465211578e-05,20,8.78012255394652e-05,0.0001381330683307247,training_seed_or_data_batch,False
P-EA,AN,mc_raw,table,512,1,AN,False,forward_kl_exact,0.00011318835589733839,5.922091534381288e-05,20,8.758257607006478e-05,0.00013810450863966416,training_seed_or_data_batch,False
P-EA,AN,mc_raw,table,512,1,AN,False,old_new_kl,9.437429109982125e-05,1.1044995497550396e-07,20,9.432780063135475e-05,9.441883185684989e-05,training_seed_or_data_batch,False
P-EA,AN,mc_raw,table,512,1,AN,False,direction_realization_residual,0.023120506144126595,0.012178613317134752,20,0.0178201318017597,0.028270272078183573,training_seed_or_data_batch,False
P-EA,AN,mc_raw,table,512,1,AN,False,seconds,0.001033494994044304,0.0002059131168694016,20,0.0009554713738907594,0.0011300963537360076,training_seed_or_data_batch,False
P-EA,AN,mc_raw,table,512,1,AN,False,learned_q_0,0.04432204114307564,0.07643603101797979,20,0.010674912560030558,0.0763798672321246,training_seed_or_data_batch,False
P-EA,AN,mc_raw,table,512,1,AN,False,learned_q_1,0.34111557731671116,0.06218602127946054,20,0.31319887326304824,0.36725703522470643,training_seed_or_data_batch,False
P-EA,AN,mc_raw,table,512,1,AN,False,candidate_p_0,0.3044474327220458,0.004615657036886693,20,0.3025574335919583,0.30633724832009823,training_seed_or_data_batch,False
P-EA,AN,mc_raw,table,512,1,AN,False,candidate_p_1,0.7062619510403417,1.4530045114339148e-09,20,0.7062619503706327,0.7062619516352602,training_seed_or_data_batch,False
P-EA,AN,mc_raw,table,512,1,AN,False,source_direction_error,0.003978808945639961,0.004302679619542244,20,0.0023048939320322146,0.005840107059995641,training_seed_or_data_batch,False
P-EA,AN,mc_raw,table,512,1,AN,False,source_exact_score,0.06254919105435998,0.004302679619542249,20,0.06068789294000429,0.06422310606796772,training_seed_or_data_batch,False
P-EA,AN,mc_raw,table,512,1,AN,False,additional_training_environment_steps,0.0,0.0,20,0.0,0.0,training_seed_or_data_batch,False
P-EA,AN,mc_raw,table,512,1,AN,False,replayed_source_episodes,512.0,0.0,20,512.0,512.0,training_seed_or_data_batch,False
P-EA,AN,mc_raw,table,512,1,AN,False,report_validation_episodes,500.0,0.0,20,500.0,500.0,training_seed_or_data_batch,False
P-EA,AN,mc_raw,table,512,10,AN,False,source_steps_total,1012.0,0.0,20,1012.0,1012.0,training_seed_or_data_batch,False
P-EA,AN,mc_raw,table,512,10,AN,False,eta,0.10000000000000002,1.4238309865648918e-17,20,0.10000000000000002,0.10000000000000002,training_seed_or_data_batch,False
P-EA,AN,mc_raw,table,512,10,AN,False,ideal_return_gain,0.026176424295734267,0.004816741872795579,20,0.024033922748297465,0.028159131598687916,training_seed_or_data_batch,False
P-EA,AN,mc_raw,table,512,10,AN,False,actual_return_gain,0.02680901178301104,0.010121438240875346,20,0.02229489921395953,0.03105468977938181,training_seed_or_data_batch,False
P-EA,AN,mc_raw,table,512,10,AN,False,learned_direction_derivative,0.25114217079115375,0.04472581872702312,20,0.23089783148301202,0.2694001368428649,training_seed_or_data_batch,False
P-EA,AN,mc_raw,table,512,10,AN,False,projected_direction_derivative,0.25114217079115375,0.04472581872702312,20,0.23089783148301202,0.2694001368428649,training_seed_or_data_batch,False
P-EA,AN,mc_raw,table,512,10,AN,False,realized_path_derivative,0.2552833877419552,0.09425873886058356,20,0.2136039431479738,0.2951418845802303,training_seed_or_data_batch,False
P-EA,AN,mc_raw,table,512,10,AN,False,forward_kl_training,1.5228981320545727e-05,1.0149096758888537e-05,20,1.1068090847501039e-05,1.965582234078506e-05,training_seed_or_data_batch,False
P-EA,AN,mc_raw,table,512,10,AN,False,forward_kl_validation,1.5116225491681958e-05,9.959752148076665e-06,20,1.0992340413985768e-05,1.942632981808667e-05,training_seed_or_data_batch,False
P-EA,AN,mc_raw,table,512,10,AN,False,forward_kl_exact,1.516600110883629e-05,1.0051224055761451e-05,20,1.1067403164505098e-05,1.9526183108148628e-05,training_seed_or_data_batch,False
P-EA,AN,mc_raw,table,512,10,AN,False,old_new_kl,0.0003555256098196907,0.0002260800613703645,20,0.0002583891835671879,0.00045132256849197847,training_seed_or_data_batch,False
P-EA,AN,mc_raw,table,512,10,AN,False,direction_realization_residual,0.0030972777165220312,0.0020687498809920466,20,0.0022527653905137987,0.003987842913177714,training_seed_or_data_batch,False
P-EA,AN,mc_raw,table,512,10,AN,False,seconds,0.0024434950028080493,0.00032093489081205556,20,0.0023102120068506336,0.0025876086245989424,training_seed_or_data_batch,False
P-EA,AN,mc_raw,table,512,10,AN,False,learned_q_0,0.04432204114307564,0.07643603101797979,20,0.010674912560030558,0.0763798672321246,training_seed_or_data_batch,False
P-EA,AN,mc_raw,table,512,10,AN,False,learned_q_1,0.34111557731671116,0.06218602127946054,20,0.31319887326304824,0.36725703522470643,training_seed_or_data_batch,False
P-EA,AN,mc_raw,table,512,10,AN,False,candidate_p_0,0.3030171933001621,0.003572821839895557,20,0.3014579826503209,0.3043726637158107,training_seed_or_data_batch,False
P-EA,AN,mc_raw,table,512,10,AN,False,candidate_p_1,0.7142101376357256,0.005368525591834541,20,0.7118362502288583,0.7164721985786995,training_seed_or_data_batch,False
P-EA,AN,mc_raw,table,512,10,AN,False,source_direction_error,0.003978808945639961,0.004302679619542244,20,0.0023048939320322146,0.005840107059995641,training_seed_or_data_batch,False
P-EA,AN,mc_raw,table,512,10,AN,False,source_exact_score,0.06254919105435998,0.004302679619542249,20,0.06068789294000429,0.06422310606796772,training_seed_or_data_batch,False
P-EA,AN,mc_raw,table,512,10,AN,False,additional_training_environment_steps,0.0,0.0,20,0.0,0.0,training_seed_or_data_batch,False
P-EA,AN,mc_raw,table,512,10,AN,False,replayed_source_episodes,512.0,0.0,20,512.0,512.0,training_seed_or_data_batch,False
P-EA,AN,mc_raw,table,512,10,AN,False,report_validation_episodes,500.0,0.0,20,500.0,500.0,training_seed_or_data_batch,False
P-EA,AN,mc_raw,table,512,100,AN,False,source_steps_total,1012.0,0.0,20,1012.0,1012.0,training_seed_or_data_batch,False
P-EA,AN,mc_raw,table,512,100,AN,False,eta,0.10000000000000002,1.4238309865648918e-17,20,0.10000000000000002,0.10000000000000002,training_seed_or_data_batch,False
P-EA,AN,mc_raw,table,512,100,AN,False,ideal_return_gain,0.026176424295734267,0.004816741872795579,20,0.024033922748297465,0.028159131598687916,training_seed_or_data_batch,False
P-EA,AN,mc_raw,table,512,100,AN,False,actual_return_gain,0.026183119648443533,0.004812709656927315,20,0.0240300529622081,0.02815034107309262,training_seed_or_data_batch,False
P-EA,AN,mc_raw,table,512,100,AN,False,learned_direction_derivative,0.25114217079115375,0.04472581872702312,20,0.23089783148301202,0.2694001368428649,training_seed_or_data_batch,False
P-EA,AN,mc_raw,table,512,100,AN,False,projected_direction_derivative,0.25114217079115375,0.04472581872702312,20,0.23089783148301202,0.2694001368428649,training_seed_or_data_batch,False
P-EA,AN,mc_raw,table,512,100,AN,False,realized_path_derivative,0.2512070122084556,0.0446794626565383,20,0.2309984400991779,0.26933031818296715,training_seed_or_data_batch,False
P-EA,AN,mc_raw,table,512,100,AN,False,forward_kl_training,3.204842721513845e-09,2.105135543784057e-09,20,2.3498149617253713e-09,4.0850101777985946e-09,training_seed_or_data_batch,False
P-EA,AN,mc_raw,table,512,100,AN,False,forward_kl_validation,3.1922475757343508e-09,2.0728160952822063e-09,20,2.350625119700033e-09,4.0601532176606134e-09,training_seed_or_data_batch,False
P-EA,AN,mc_raw,table,512,100,AN,False,forward_kl_exact,3.2002292867562193e-09,2.09586722799873e-09,20,2.3475124257094846e-09,4.071857646725243e-09,training_seed_or_data_batch,False
P-EA,AN,mc_raw,table,512,100,AN,False,old_new_kl,0.00031233514706145406,0.00010774976079195298,20,0.0002649527836741868,0.00035667417383902365,training_seed_or_data_batch,False
P-EA,AN,mc_raw,table,512,100,AN,False,direction_realization_residual,6.568515236527835e-07,4.3195829109009366e-07,20,4.812975997261504e-07,8.362913438284442e-07,training_seed_or_data_batch,False
P-EA,AN,mc_raw,table,512,100,AN,False,seconds,0.018187454994767906,0.001968595503153937,20,0.0174024269846268,0.019078582254296633,training_seed_or_data_batch,False
P-EA,AN,mc_raw,table,512,100,AN,False,learned_q_0,0.04432204114307564,0.07643603101797979,20,0.010674912560030558,0.0763798672321246,training_seed_or_data_batch,False
P-EA,AN,mc_raw,table,512,100,AN,False,learned_q_1,0.34111557731671116,0.06218602127946054,20,0.31319887326304824,0.36725703522470643,training_seed_or_data_batch,False
P-EA,AN,mc_raw,table,512,100,AN,False,candidate_p_0,0.3018716189259932,0.0032170605997171348,20,0.30045765308178923,0.3032234311695509,training_seed_or_data_batch,False
P-EA,AN,mc_raw,table,512,100,AN,False,candidate_p_1,0.7141261053349359,0.002537149146379563,20,0.7129930570258453,0.7151838253550077,training_seed_or_data_batch,False
P-EA,AN,mc_raw,table,512,100,AN,False,source_direction_error,0.003978808945639961,0.004302679619542244,20,0.0023048939320322146,0.005840107059995641,training_seed_or_data_batch,False
P-EA,AN,mc_raw,table,512,100,AN,False,source_exact_score,0.06254919105435998,0.004302679619542249,20,0.06068789294000429,0.06422310606796772,training_seed_or_data_batch,False
P-EA,AN,mc_raw,table,512,100,AN,False,additional_training_environment_steps,0.0,0.0,20,0.0,0.0,training_seed_or_data_batch,False
P-EA,AN,mc_raw,table,512,100,AN,False,replayed_source_episodes,512.0,0.0,20,512.0,512.0,training_seed_or_data_batch,False
P-EA,AN,mc_raw,table,512,100,AN,False,report_validation_episodes,500.0,0.0,20,500.0,500.0,training_seed_or_data_batch,False
P-EA,AN,mc_raw,table,512,1000,AN,False,source_steps_total,1012.0,0.0,20,1012.0,1012.0,training_seed_or_data_batch,False
P-EA,AN,mc_raw,table,512,1000,AN,False,eta,0.10000000000000002,1.4238309865648918e-17,20,0.10000000000000002,0.10000000000000002,training_seed_or_data_batch,False
P-EA,AN,mc_raw,table,512,1000,AN,False,ideal_return_gain,0.026176424295734267,0.004816741872795579,20,0.024033922748297465,0.028159131598687916,training_seed_or_data_batch,False
P-EA,AN,mc_raw,table,512,1000,AN,False,actual_return_gain,0.026176424295734246,0.004816741872795616,20,0.024033922748297385,0.02815913159868791,training_seed_or_data_batch,False
P-EA,AN,mc_raw,table,512,1000,AN,False,learned_direction_derivative,0.25114217079115375,0.04472581872702312,20,0.23089783148301202,0.2694001368428649,training_seed_or_data_batch,False
P-EA,AN,mc_raw,table,512,1000,AN,False,projected_direction_derivative,0.25114217079115375,0.04472581872702312,20,0.23089783148301202,0.2694001368428649,training_seed_or_data_batch,False
P-EA,AN,mc_raw,table,512,1000,AN,False,realized_path_derivative,0.25114217079115353,0.04472581872702331,20,0.2308978314830118,0.2694001368428648,training_seed_or_data_batch,False
P-EA,AN,mc_raw,table,512,1000,AN,False,forward_kl_training,6.5357375034869385e-18,2.492967227277083e-17,20,-3.913717207090403e-18,1.7343090674364438e-17,training_seed_or_data_batch,False
P-EA,AN,mc_raw,table,512,1000,AN,False,forward_kl_validation,6.661445244118544e-18,2.4891600663776958e-17,20,-3.726266904161782e-18,1.7653585410471516e-17,training_seed_or_data_batch,False
P-EA,AN,mc_raw,table,512,1000,AN,False,forward_kl_exact,6.631436308607721e-18,2.4855044785710863e-17,20,-3.667286726718832e-18,1.747979270410249e-17,training_seed_or_data_batch,False
P-EA,AN,mc_raw,table,512,1000,AN,False,old_new_kl,0.0003121781183692408,0.00010776563624826094,20,0.00026494721738192927,0.000356707312409639,training_seed_or_data_batch,False
P-EA,AN,mc_raw,table,512,1000,AN,False,direction_realization_residual,3.791564530977201e-30,3.731423329870271e-30,20,2.343863534502419e-30,5.47455181091257e-30,training_seed_or_data_batch,False
P-EA,AN,mc_raw,table,512,1000,AN,False,seconds,0.1706467249779962,0.009597356050262676,20,0.16653011035479723,0.17488812608484294,training_seed_or_data_batch,False
P-EA,AN,mc_raw,table,512,1000,AN,False,learned_q_0,0.04432204114307564,0.07643603101797979,20,0.010674912560030558,0.0763798672321246,training_seed_or_data_batch,False
P-EA,AN,mc_raw,table,512,1000,AN,False,learned_q_1,0.34111557731671116,0.06218602127946054,20,0.31319887326304824,0.36725703522470643,training_seed_or_data_batch,False
P-EA,AN,mc_raw,table,512,1000,AN,False,candidate_p_0,0.30187411536017955,0.0032133613294699644,20,0.3004596955176869,0.30322667763136235,training_seed_or_data_batch,False
P-EA,AN,mc_raw,table,512,1000,AN,False,candidate_p_1,0.7141221733186808,0.002539782575146812,20,0.7129816339395202,0.715189504750224,training_seed_or_data_batch,False
P-EA,AN,mc_raw,table,512,1000,AN,False,source_direction_error,0.003978808945639961,0.004302679619542244,20,0.0023048939320322146,0.005840107059995641,training_seed_or_data_batch,False
P-EA,AN,mc_raw,table,512,1000,AN,False,source_exact_score,0.06254919105435998,0.004302679619542249,20,0.06068789294000429,0.06422310606796772,training_seed_or_data_batch,False
P-EA,AN,mc_raw,table,512,1000,AN,False,additional_training_environment_steps,0.0,0.0,20,0.0,0.0,training_seed_or_data_batch,False
P-EA,AN,mc_raw,table,512,1000,AN,False,replayed_source_episodes,512.0,0.0,20,512.0,512.0,training_seed_or_data_batch,False
P-EA,AN,mc_raw,table,512,1000,AN,False,report_validation_episodes,500.0,0.0,20,500.0,500.0,training_seed_or_data_batch,False
P-EA,AN,mc_raw,shared_offset,512,1,AN,False,source_steps_total,1012.0,0.0,20,1012.0,1012.0,training_seed_or_data_batch,False
P-EA,AN,mc_raw,shared_offset,512,1,AN,False,eta,0.10000000000000002,1.4238309865648918e-17,20,0.10000000000000002,0.10000000000000002,training_seed_or_data_batch,False
P-EA,AN,mc_raw,shared_offset,512,1,AN,False,ideal_return_gain,0.026176424295734267,0.004816741872795579,20,0.024033922748297465,0.028159131598687916,training_seed_or_data_batch,False
P-EA,AN,mc_raw,shared_offset,512,1,AN,False,actual_return_gain,0.012670926638467788,3.3436425803956837e-09,20,0.012670925089553225,0.012670928047115844,training_seed_or_data_batch,False
P-EA,AN,mc_raw,shared_offset,512,1,AN,False,learned_direction_derivative,0.25114217079115375,0.04472581872702312,20,0.23089783148301202,0.2694001368428649,training_seed_or_data_batch,False
P-EA,AN,mc_raw,shared_offset,512,1,AN,False,projected_direction_derivative,0.17934187852002786,0.03625601742463334,20,0.16320643950437588,0.1949265868100734,training_seed_or_data_batch,False
P-EA,AN,mc_raw,shared_offset,512,1,AN,False,realized_path_derivative,0.1209598634161289,3.053858606560992e-08,20,0.12095984926938307,0.12095987628177396,training_seed_or_data_batch,False
P-EA,AN,mc_raw,shared_offset,512,1,AN,False,forward_kl_training,0.00012732676021971631,7.534875353480513e-05,20,9.611800941747997e-05,0.00015906000136918462,training_seed_or_data_batch,False
P-EA,AN,mc_raw,shared_offset,512,1,AN,False,forward_kl_validation,0.00012729797125740703,7.496503214510339e-05,20,9.603868872196117e-05,0.00015905072843185646,training_seed_or_data_batch,False
P-EA,AN,mc_raw,shared_offset,512,1,AN,False,forward_kl_exact,0.0001269480478949513,7.487000841299635e-05,20,9.585651485814272e-05,0.00015863043161114777,training_seed_or_data_batch,False
P-EA,AN,mc_raw,shared_offset,512,1,AN,False,old_new_kl,9.442234927122301e-05,4.765737535159892e-11,20,9.442232719434483e-05,9.442236934886471e-05,training_seed_or_data_batch,False
P-EA,AN,mc_raw,shared_offset,512,1,AN,False,direction_realization_residual,0.02587757530308122,0.015290656090861538,20,0.019519314923475188,0.032340802497638314,training_seed_or_data_batch,False
P-EA,AN,mc_raw,shared_offset,512,1,AN,False,seconds,0.0006462749734055251,0.00019458655274496914,20,0.0005722394856275059,0.0007383144924824591,training_seed_or_data_batch,False
P-EA,AN,mc_raw,shared_offset,512,1,AN,False,learned_q_0,0.04432204114307564,0.07643603101797979,20,0.010674912560030558,0.0763798672321246,training_seed_or_data_batch,False
P-EA,AN,mc_raw,shared_offset,512,1,AN,False,learned_q_1,0.34111557731671116,0.06218602127946054,20,0.31319887326304824,0.36725703522470643,training_seed_or_data_batch,False
P-EA,AN,mc_raw,shared_offset,512,1,AN,False,candidate_p_0,0.30633754279256886,1.609447506246362e-09,20,0.30633754204700575,0.30633754347061537,training_seed_or_data_batch,False
P-EA,AN,mc_raw,shared_offset,512,1,AN,False,candidate_p_1,0.7062619515809323,1.5712830220862355e-09,20,0.7062619508530487,0.7062619522429004,training_seed_or_data_batch,False
P-EA,AN,mc_raw,shared_offset,512,1,AN,False,source_direction_error,0.003978808945639961,0.004302679619542244,20,0.0023048939320322146,0.005840107059995641,training_seed_or_data_batch,False
P-EA,AN,mc_raw,shared_offset,512,1,AN,False,source_exact_score,0.06254919105435998,0.004302679619542249,20,0.06068789294000429,0.06422310606796772,training_seed_or_data_batch,False
P-EA,AN,mc_raw,shared_offset,512,1,AN,False,additional_training_environment_steps,0.0,0.0,20,0.0,0.0,training_seed_or_data_batch,False
P-EA,AN,mc_raw,shared_offset,512,1,AN,False,replayed_source_episodes,512.0,0.0,20,512.0,512.0,training_seed_or_data_batch,False
P-EA,AN,mc_raw,shared_offset,512,1,AN,False,report_validation_episodes,500.0,0.0,20,500.0,500.0,training_seed_or_data_batch,False
P-EA,AN,mc_raw,shared_offset,512,10,AN,False,source_steps_total,1012.0,0.0,20,1012.0,1012.0,training_seed_or_data_batch,False
P-EA,AN,mc_raw,shared_offset,512,10,AN,False,eta,0.10000000000000002,1.4238309865648918e-17,20,0.10000000000000002,0.10000000000000002,training_seed_or_data_batch,False
P-EA,AN,mc_raw,shared_offset,512,10,AN,False,ideal_return_gain,0.026176424295734267,0.004816741872795579,20,0.024033922748297465,0.028159131598687916,training_seed_or_data_batch,False
P-EA,AN,mc_raw,shared_offset,512,10,AN,False,actual_return_gain,0.01214372195433947,0.004046184652804143,20,0.010551614911203216,0.013969288241243228,training_seed_or_data_batch,False
P-EA,AN,mc_raw,shared_offset,512,10,AN,False,learned_direction_derivative,0.25114217079115375,0.04472581872702312,20,0.23089783148301202,0.2694001368428649,training_seed_or_data_batch,False
P-EA,AN,mc_raw,shared_offset,512,10,AN,False,projected_direction_derivative,0.17934187852002786,0.03625601742463334,20,0.16320643950437588,0.1949265868100734,training_seed_or_data_batch,False
P-EA,AN,mc_raw,shared_offset,512,10,AN,False,realized_path_derivative,0.11568924023152713,0.03630967077855818,20,0.10132936259166611,0.1320319282986337,training_seed_or_data_batch,False
P-EA,AN,mc_raw,shared_offset,512,10,AN,False,forward_kl_training,0.00012619534719450728,6.93414613380862e-05,20,9.902977984324674e-05,0.00015799518746202596,training_seed_or_data_batch,False
P-EA,AN,mc_raw,shared_offset,512,10,AN,False,forward_kl_validation,0.00012620957265914624,6.952564667205474e-05,20,9.884594988802287e-05,0.0001580673490081552,training_seed_or_data_batch,False
P-EA,AN,mc_raw,shared_offset,512,10,AN,False,forward_kl_exact,0.0001260642126429873,6.952885821487978e-05,20,9.873962384041629e-05,0.00015801065777277452,training_seed_or_data_batch,False
P-EA,AN,mc_raw,shared_offset,512,10,AN,False,old_new_kl,9.444256466241112e-05,6.896715560123575e-05,20,6.84628179109088e-05,0.000126389948979266,training_seed_or_data_batch,False
P-EA,AN,mc_raw,shared_offset,512,10,AN,False,direction_realization_residual,0.0256896369098,0.014182872382206783,20,0.02012245917546379,0.03219907414379448,training_seed_or_data_batch,False
P-EA,AN,mc_raw,shared_offset,512,10,AN,False,seconds,0.002055654994910583,0.0003837348133649772,20,0.0018958957504946739,0.0022215772395429664,training_seed_or_data_batch,False
P-EA,AN,mc_raw,shared_offset,512,10,AN,False,learned_q_0,0.04432204114307564,0.07643603101797979,20,0.010674912560030558,0.0763798672321246,training_seed_or_data_batch,False
P-EA,AN,mc_raw,shared_offset,512,10,AN,False,learned_q_1,0.34111557731671116,0.06218602127946054,20,0.31319887326304824,0.36725703522470643,training_seed_or_data_batch,False
P-EA,AN,mc_raw,shared_offset,512,10,AN,False,candidate_p_0,0.3060630022731789,0.0019181441600946037,20,0.3053051018032714,0.30692671551733475,training_seed_or_data_batch,False
P-EA,AN,mc_raw,shared_offset,512,10,AN,False,candidate_p_1,0.7059873886536596,0.0018634389045214435,20,0.7052497265563668,0.7068257089873398,training_seed_or_data_batch,False
P-EA,AN,mc_raw,shared_offset,512,10,AN,False,source_direction_error,0.003978808945639961,0.004302679619542244,20,0.0023048939320322146,0.005840107059995641,training_seed_or_data_batch,False
P-EA,AN,mc_raw,shared_offset,512,10,AN,False,source_exact_score,0.06254919105435998,0.004302679619542249,20,0.06068789294000429,0.06422310606796772,training_seed_or_data_batch,False
P-EA,AN,mc_raw,shared_offset,512,10,AN,False,additional_training_environment_steps,0.0,0.0,20,0.0,0.0,training_seed_or_data_batch,False
P-EA,AN,mc_raw,shared_offset,512,10,AN,False,replayed_source_episodes,512.0,0.0,20,512.0,512.0,training_seed_or_data_batch,False
P-EA,AN,mc_raw,shared_offset,512,10,AN,False,report_validation_episodes,500.0,0.0,20,500.0,500.0,training_seed_or_data_batch,False
P-EA,AN,mc_raw,shared_offset,512,100,AN,False,source_steps_total,1012.0,0.0,20,1012.0,1012.0,training_seed_or_data_batch,False
P-EA,AN,mc_raw,shared_offset,512,100,AN,False,eta,0.10000000000000002,1.4238309865648918e-17,20,0.10000000000000002,0.10000000000000002,training_seed_or_data_batch,False
P-EA,AN,mc_raw,shared_offset,512,100,AN,False,ideal_return_gain,0.026176424295734267,0.004816741872795579,20,0.024033922748297465,0.028159131598687916,training_seed_or_data_batch,False
P-EA,AN,mc_raw,shared_offset,512,100,AN,False,actual_return_gain,0.019067088253147006,0.0041513459257916385,20,0.017231829122011592,0.02084719227583292,training_seed_or_data_batch,False
P-EA,AN,mc_raw,shared_offset,512,100,AN,False,learned_direction_derivative,0.25114217079115375,0.04472581872702312,20,0.23089783148301202,0.2694001368428649,training_seed_or_data_batch,False
P-EA,AN,mc_raw,shared_offset,512,100,AN,False,projected_direction_derivative,0.17934187852002786,0.03625601742463334,20,0.16320643950437588,0.1949265868100734,training_seed_or_data_batch,False
P-EA,AN,mc_raw,shared_offset,512,100,AN,False,realized_path_derivative,0.17778437367074823,0.03637747685987182,20,0.1616015517343505,0.1932934896079638,training_seed_or_data_batch,False
P-EA,AN,mc_raw,shared_offset,512,100,AN,False,forward_kl_training,9.847223187139421e-05,7.025162474040023e-05,20,7.152289006203097e-05,0.00012981326088459547,training_seed_or_data_batch,False
P-EA,AN,mc_raw,shared_offset,512,100,AN,False,forward_kl_validation,9.868100558614485e-05,7.026866111512719e-05,20,7.160998913037419e-05,0.00013001106700859003,training_seed_or_data_batch,False
P-EA,AN,mc_raw,shared_offset,512,100,AN,False,forward_kl_exact,9.867282746578653e-05,7.00127696215353e-05,20,7.159653369475354e-05,0.00012978717276088532,training_seed_or_data_batch,False
P-EA,AN,mc_raw,shared_offset,512,100,AN,False,old_new_kl,0.0002119834516736779,8.529776381139367e-05,20,0.00017462031154910488,0.0002495245898915624,training_seed_or_data_batch,False
P-EA,AN,mc_raw,shared_offset,512,100,AN,False,direction_realization_residual,0.01987984576743316,0.014189658676308156,20,0.014419044431258524,0.026190281978075724,training_seed_or_data_batch,False
P-EA,AN,mc_raw,shared_offset,512,100,AN,False,seconds,0.01601769500412047,0.0012425684192054077,20,0.015541866888379446,0.016547379110852488,training_seed_or_data_batch,False
P-EA,AN,mc_raw,shared_offset,512,100,AN,False,learned_q_0,0.04432204114307564,0.07643603101797979,20,0.010674912560030558,0.0763798672321246,training_seed_or_data_batch,False
P-EA,AN,mc_raw,shared_offset,512,100,AN,False,learned_q_1,0.34111557731671116,0.06218602127946054,20,0.31319887326304824,0.36725703522470643,training_seed_or_data_batch,False
P-EA,AN,mc_raw,shared_offset,512,100,AN,False,candidate_p_0,0.3093436088470071,0.001928031757781275,20,0.3084866387071952,0.31016587623216174,training_seed_or_data_batch,False
P-EA,AN,mc_raw,shared_offset,512,100,AN,False,candidate_p_1,0.7091738485481615,0.0018602783646276173,20,0.7083455241400939,0.709967533498738,training_seed_or_data_batch,False
P-EA,AN,mc_raw,shared_offset,512,100,AN,False,source_direction_error,0.003978808945639961,0.004302679619542244,20,0.0023048939320322146,0.005840107059995641,training_seed_or_data_batch,False
P-EA,AN,mc_raw,shared_offset,512,100,AN,False,source_exact_score,0.06254919105435998,0.004302679619542249,20,0.06068789294000429,0.06422310606796772,training_seed_or_data_batch,False
P-EA,AN,mc_raw,shared_offset,512,100,AN,False,additional_training_environment_steps,0.0,0.0,20,0.0,0.0,training_seed_or_data_batch,False
P-EA,AN,mc_raw,shared_offset,512,100,AN,False,replayed_source_episodes,512.0,0.0,20,512.0,512.0,training_seed_or_data_batch,False
P-EA,AN,mc_raw,shared_offset,512,100,AN,False,report_validation_episodes,500.0,0.0,20,500.0,500.0,training_seed_or_data_batch,False
P-EA,AN,mc_raw,shared_offset,512,1000,AN,False,source_steps_total,1012.0,0.0,20,1012.0,1012.0,training_seed_or_data_batch,False
P-EA,AN,mc_raw,shared_offset,512,1000,AN,False,eta,0.10000000000000002,1.4238309865648918e-17,20,0.10000000000000002,0.10000000000000002,training_seed_or_data_batch,False
P-EA,AN,mc_raw,shared_offset,512,1000,AN,False,ideal_return_gain,0.026176424295734267,0.004816741872795579,20,0.024033922748297465,0.028159131598687916,training_seed_or_data_batch,False
P-EA,AN,mc_raw,shared_offset,512,1000,AN,False,actual_return_gain,0.019066753910867363,0.004150314956434568,20,0.01721438658743444,0.02085723385780148,training_seed_or_data_batch,False
P-EA,AN,mc_raw,shared_offset,512,1000,AN,False,learned_direction_derivative,0.25114217079115375,0.04472581872702312,20,0.23089783148301202,0.2694001368428649,training_seed_or_data_batch,False
P-EA,AN,mc_raw,shared_offset,512,1000,AN,False,projected_direction_derivative,0.17934187852002786,0.03625601742463334,20,0.16320643950437588,0.1949265868100734,training_seed_or_data_batch,False
P-EA,AN,mc_raw,shared_offset,512,1000,AN,False,realized_path_derivative,0.177781508119324,0.03637424008930505,20,0.16163148648237202,0.19346065797691997,training_seed_or_data_batch,False
P-EA,AN,mc_raw,shared_offset,512,1000,AN,False,forward_kl_training,9.847011273996608e-05,7.02516266946222e-05,20,7.152090689706751e-05,0.00012981107233581038,training_seed_or_data_batch,False
P-EA,AN,mc_raw,shared_offset,512,1000,AN,False,forward_kl_validation,9.86726439009215e-05,7.026950907276523e-05,20,7.160438118783759e-05,0.00013000899953600215,training_seed_or_data_batch,False
P-EA,AN,mc_raw,shared_offset,512,1000,AN,False,forward_kl_exact,9.866363541850351e-05,7.00154412956329e-05,20,7.159429422280827e-05,0.00012978207356983173,training_seed_or_data_batch,False
P-EA,AN,mc_raw,shared_offset,512,1000,AN,False,old_new_kl,0.0002119754726753951,8.518530158945887e-05,20,0.00017454067376728908,0.00024937494975916564,training_seed_or_data_batch,False
P-EA,AN,mc_raw,shared_offset,512,1000,AN,False,direction_realization_residual,0.019878008189663014,0.01419055509114248,20,0.01441811066974435,0.026190784320375738,training_seed_or_data_batch,False
P-EA,AN,mc_raw,shared_offset,512,1000,AN,False,seconds,0.16020996501320042,0.012218447467041703,20,0.1553629383906082,0.1659354518975306,training_seed_or_data_batch,False
P-EA,AN,mc_raw,shared_offset,512,1000,AN,False,learned_q_0,0.04432204114307564,0.07643603101797979,20,0.010674912560030558,0.0763798672321246,training_seed_or_data_batch,False
P-EA,AN,mc_raw,shared_offset,512,1000,AN,False,learned_q_1,0.34111557731671116,0.06218602127946054,20,0.31319887326304824,0.36725703522470643,training_seed_or_data_batch,False
P-EA,AN,mc_raw,shared_offset,512,1000,AN,False,candidate_p_0,0.309343456536888,0.0019278172654292824,20,0.30848591790066276,0.3101745715078754,training_seed_or_data_batch,False
P-EA,AN,mc_raw,shared_offset,512,1000,AN,False,candidate_p_1,0.7091737026376016,0.0018601582938006565,20,0.7083488360000294,0.7099753908311237,training_seed_or_data_batch,False
P-EA,AN,mc_raw,shared_offset,512,1000,AN,False,source_direction_error,0.003978808945639961,0.004302679619542244,20,0.0023048939320322146,0.005840107059995641,training_seed_or_data_batch,False
P-EA,AN,mc_raw,shared_offset,512,1000,AN,False,source_exact_score,0.06254919105435998,0.004302679619542249,20,0.06068789294000429,0.06422310606796772,training_seed_or_data_batch,False
P-EA,AN,mc_raw,shared_offset,512,1000,AN,False,additional_training_environment_steps,0.0,0.0,20,0.0,0.0,training_seed_or_data_batch,False
P-EA,AN,mc_raw,shared_offset,512,1000,AN,False,replayed_source_episodes,512.0,0.0,20,512.0,512.0,training_seed_or_data_batch,False
P-EA,AN,mc_raw,shared_offset,512,1000,AN,False,report_validation_episodes,500.0,0.0,20,500.0,500.0,training_seed_or_data_batch,False
P-EA,SA,mc_raw,table,32,1,SA,False,source_steps_total,532.0,0.0,20,532.0,532.0,training_seed_or_data_batch,False
P-EA,SA,mc_raw,table,32,1,SA,False,eta,0.10000000000000002,1.4238309865648918e-17,20,0.10000000000000002,0.10000000000000002,training_seed_or_data_batch,False
P-EA,SA,mc_raw,table,32,1,SA,False,ideal_return_gain,0.036846706242122586,0.022249267310033186,20,0.026718984153376216,0.04585740227640964,training_seed_or_data_batch,False
P-EA,SA,mc_raw,table,32,1,SA,False,actual_return_gain,0.011007350885685389,0.005415401164257841,20,0.008437136521066401,0.012519496670248409,training_seed_or_data_batch,False
P-EA,SA,mc_raw,table,32,1,SA,False,learned_direction_derivative,0.3326902540197253,0.19551606043086905,20,0.24322611595828705,0.41145666313200807,training_seed_or_data_batch,False
P-EA,SA,mc_raw,table,32,1,SA,False,projected_direction_derivative,0.3326902540197253,0.19551606043086905,20,0.24322611595828705,0.41145666313200807,training_seed_or_data_batch,False
P-EA,SA,mc_raw,table,32,1,SA,False,realized_path_derivative,0.10523466155361741,0.053966455739969305,20,0.07983276416946228,0.11974984013830689,training_seed_or_data_batch,False
P-EA,SA,mc_raw,table,32,1,SA,False,forward_kl_training,0.00044488686408653493,0.00039293477771996607,20,0.0002835913505152441,0.000620578502508457,training_seed_or_data_batch,False
P-EA,SA,mc_raw,table,32,1,SA,False,forward_kl_validation,0.00044311596643586504,0.00038534862702556194,20,0.0002872537826336885,0.0006180828930793643,training_seed_or_data_batch,False
P-EA,SA,mc_raw,table,32,1,SA,False,forward_kl_exact,0.0004430853841716394,0.00038512315215204646,20,0.0002872946308689359,0.0006177272731940484,training_seed_or_data_batch,False
P-EA,SA,mc_raw,table,32,1,SA,False,old_new_kl,9.438248963479303e-05,1.1852606165366051e-07,20,9.43280415430232e-05,9.44294245831219e-05,training_seed_or_data_batch,False
P-EA,SA,mc_raw,table,32,1,SA,False,direction_realization_residual,0.09100428451059667,0.07878831958860467,20,0.05911464803939389,0.1264094212211438,training_seed_or_data_batch,False
P-EA,SA,mc_raw,table,32,1,SA,False,seconds,0.0010843049851246179,0.00028132271575282883,20,0.0009698992541234474,0.0012085623577877413,training_seed_or_data_batch,False
P-EA,SA,mc_raw,table,32,1,SA,False,learned_q_0,0.13705555688926027,0.30777358603164656,20,-0.0015798711929249079,0.2627385018181789,training_seed_or_data_batch,False
P-EA,SA,mc_raw,table,32,1,SA,False,learned_q_1,0.4431741814266089,0.25016919569469703,20,0.3297262399985742,0.5446064119448375,training_seed_or_data_batch,False
P-EA,SA,mc_raw,table,32,1,SA,False,candidate_p_0,0.30381749252648615,0.0051706344652825,20,0.30129760598276406,0.30570750848056233,training_seed_or_data_batch,False
P-EA,SA,mc_raw,table,32,1,SA,False,candidate_p_1,0.7056319692928821,0.0028173290011988244,20,0.7043720114846258,0.7062619532636681,training_seed_or_data_batch,False
P-EA,SA,mc_raw,table,32,1,SA,False,source_direction_error,0.06568326895319002,0.068727679921646,20,0.0373486762128535,0.09470547366981856,training_seed_or_data_batch,False
P-EA,SA,mc_raw,table,32,1,SA,False,source_exact_score,0.0008447310468099143,0.06872767992164598,20,-0.02817747366981865,0.02917932378714638,training_seed_or_data_batch,False
P-EA,SA,mc_raw,table,32,1,SA,False,additional_training_environment_steps,0.0,0.0,20,0.0,0.0,training_seed_or_data_batch,False
P-EA,SA,mc_raw,table,32,1,SA,False,replayed_source_episodes,32.0,0.0,20,32.0,32.0,training_seed_or_data_batch,False
P-EA,SA,mc_raw,table,32,1,SA,False,report_validation_episodes,500.0,0.0,20,500.0,500.0,training_seed_or_data_batch,False
P-EA,SA,mc_raw,table,32,10,SA,False,source_steps_total,532.0,0.0,20,532.0,532.0,training_seed_or_data_batch,False
P-EA,SA,mc_raw,table,32,10,SA,False,eta,0.10000000000000002,1.4238309865648918e-17,20,0.10000000000000002,0.10000000000000002,training_seed_or_data_batch,False
P-EA,SA,mc_raw,table,32,10,SA,False,ideal_return_gain,0.036846706242122586,0.022249267310033186,20,0.026718984153376216,0.04585740227640964,training_seed_or_data_batch,False
P-EA,SA,mc_raw,table,32,10,SA,False,actual_return_gain,0.050403833759358266,0.0337128258103038,20,0.03566492943253109,0.06455101597791281,training_seed_or_data_batch,False
P-EA,SA,mc_raw,table,32,10,SA,False,learned_direction_derivative,0.3326902540197253,0.19551606043086905,20,0.24322611595828705,0.41145666313200807,training_seed_or_data_batch,False
P-EA,SA,mc_raw,table,32,10,SA,False,projected_direction_derivative,0.3326902540197253,0.19551606043086905,20,0.24322611595828705,0.41145666313200807,training_seed_or_data_batch,False
P-EA,SA,mc_raw,table,32,10,SA,False,realized_path_derivative,0.4411168007424478,0.2819825968471726,20,0.31549780741576483,0.557089590935996,training_seed_or_data_batch,False
P-EA,SA,mc_raw,table,32,10,SA,False,forward_kl_training,0.00011582194929817887,0.0001128405689068569,20,7.001198002011518e-05,0.00016581580139110057,training_seed_or_data_batch,False
P-EA,SA,mc_raw,table,32,10,SA,False,forward_kl_validation,0.00011611504864603292,0.00011217816358363383,20,7.19459159769123e-05,0.00016550005771553015,training_seed_or_data_batch,False
P-EA,SA,mc_raw,table,32,10,SA,False,forward_kl_exact,0.00011600356971276848,0.00011201572079462772,20,7.189040226889376e-05,0.0001652003030379821,training_seed_or_data_batch,False
P-EA,SA,mc_raw,table,32,10,SA,False,old_new_kl,0.0014919303359757815,0.0012586151450321157,20,0.0009751916234619955,0.002055328948497419,training_seed_or_data_batch,False
P-EA,SA,mc_raw,table,32,10,SA,False,direction_realization_residual,0.02427018834841201,0.023283584002900815,20,0.01505675865894494,0.03451150028682625,training_seed_or_data_batch,False
P-EA,SA,mc_raw,table,32,10,SA,False,seconds,0.002412244997685775,0.00040778041034295363,20,0.0022478838611277754,0.0025920245154702573,training_seed_or_data_batch,False
P-EA,SA,mc_raw,table,32,10,SA,False,learned_q_0,0.13705555688926027,0.30777358603164656,20,-0.0015798711929249079,0.2627385018181789,training_seed_or_data_batch,False
P-EA,SA,mc_raw,table,32,10,SA,False,learned_q_1,0.4431741814266089,0.25016919569469703,20,0.3297262399985742,0.5446064119448375,training_seed_or_data_batch,False
P-EA,SA,mc_raw,table,32,10,SA,False,candidate_p_0,0.30763960633675846,0.01760320464144116,20,0.29965582057919077,0.31488739036339164,training_seed_or_data_batch,False
P-EA,SA,mc_raw,table,32,10,SA,False,candidate_p_1,0.7238933360272244,0.014637186281917874,20,0.7174352622932616,0.7299466892889367,training_seed_or_data_batch,False
P-EA,SA,mc_raw,table,32,10,SA,False,source_direction_error,0.06568326895319002,0.068727679921646,20,0.0373486762128535,0.09470547366981856,training_seed_or_data_batch,False
P-EA,SA,mc_raw,table,32,10,SA,False,source_exact_score,0.0008447310468099143,0.06872767992164598,20,-0.02817747366981865,0.02917932378714638,training_seed_or_data_batch,False
P-EA,SA,mc_raw,table,32,10,SA,False,additional_training_environment_steps,0.0,0.0,20,0.0,0.0,training_seed_or_data_batch,False
P-EA,SA,mc_raw,table,32,10,SA,False,replayed_source_episodes,32.0,0.0,20,32.0,32.0,training_seed_or_data_batch,False
P-EA,SA,mc_raw,table,32,10,SA,False,report_validation_episodes,500.0,0.0,20,500.0,500.0,training_seed_or_data_batch,False
P-EA,SA,mc_raw,table,32,100,SA,False,source_steps_total,532.0,0.0,20,532.0,532.0,training_seed_or_data_batch,False
P-EA,SA,mc_raw,table,32,100,SA,False,eta,0.10000000000000002,1.4238309865648918e-17,20,0.10000000000000002,0.10000000000000002,training_seed_or_data_batch,False
P-EA,SA,mc_raw,table,32,100,SA,False,ideal_return_gain,0.036846706242122586,0.022249267310033186,20,0.026718984153376216,0.04585740227640964,training_seed_or_data_batch,False
P-EA,SA,mc_raw,table,32,100,SA,False,actual_return_gain,0.03680733540518458,0.022292569007360586,20,0.02667656074754506,0.0459107641139193,training_seed_or_data_batch,False
P-EA,SA,mc_raw,table,32,100,SA,False,learned_direction_derivative,0.3326902540197253,0.19551606043086905,20,0.24322611595828705,0.41145666313200807,training_seed_or_data_batch,False
P-EA,SA,mc_raw,table,32,100,SA,False,projected_direction_derivative,0.3326902540197253,0.19551606043086905,20,0.24322611595828705,0.41145666313200807,training_seed_or_data_batch,False
P-EA,SA,mc_raw,table,32,100,SA,False,realized_path_derivative,0.3323065472797152,0.19582215243579346,20,0.2425390149776092,0.4113192937927212,training_seed_or_data_batch,False
P-EA,SA,mc_raw,table,32,100,SA,False,forward_kl_training,8.659193934752793e-09,8.653502733762551e-09,20,5.275346913803742e-09,1.2404579835639569e-08,training_seed_or_data_batch,False
P-EA,SA,mc_raw,table,32,100,SA,False,forward_kl_validation,8.796576039560507e-09,8.7102274591416e-09,20,5.3028133811591025e-09,1.2605837347995853e-08,training_seed_or_data_batch,False
P-EA,SA,mc_raw,table,32,100,SA,False,forward_kl_exact,8.784529874052952e-09,8.730385555588797e-09,20,5.304785824738622e-09,1.2607833074935413e-08,training_seed_or_data_batch,False
P-EA,SA,mc_raw,table,32,100,SA,False,old_new_kl,0.0008176427291155782,0.0005978322503548975,20,0.0005680217409981924,0.0010815464690236288,training_seed_or_data_batch,False
P-EA,SA,mc_raw,table,32,100,SA,False,direction_realization_residual,1.8064207585970838e-06,1.7875582615920321e-06,20,1.0911026075639978e-06,2.596578918649641e-06,training_seed_or_data_batch,False
P-EA,SA,mc_raw,table,32,100,SA,False,seconds,0.017153699992923065,0.0015404455838951383,20,0.016561484381963965,0.01785037111825659,training_seed_or_data_batch,False
P-EA,SA,mc_raw,table,32,100,SA,False,learned_q_0,0.13705555688926027,0.30777358603164656,20,-0.0015798711929249079,0.2627385018181789,training_seed_or_data_batch,False
P-EA,SA,mc_raw,table,32,100,SA,False,learned_q_1,0.4431741814266089,0.25016919569469703,20,0.3297262399985742,0.5446064119448375,training_seed_or_data_batch,False
P-EA,SA,mc_raw,table,32,100,SA,False,candidate_p_0,0.305937410484168,0.013026011178088924,20,0.3001241996047254,0.3113064861139808,training_seed_or_data_batch,False
P-EA,SA,mc_raw,table,32,100,SA,False,candidate_p_1,0.7181512582283784,0.01022839872251652,20,0.7134895512735656,0.7222967327597587,training_seed_or_data_batch,False
P-EA,SA,mc_raw,table,32,100,SA,False,source_direction_error,0.06568326895319002,0.068727679921646,20,0.0373486762128535,0.09470547366981856,training_seed_or_data_batch,False
P-EA,SA,mc_raw,table,32,100,SA,False,source_exact_score,0.0008447310468099143,0.06872767992164598,20,-0.02817747366981865,0.02917932378714638,training_seed_or_data_batch,False
P-EA,SA,mc_raw,table,32,100,SA,False,additional_training_environment_steps,0.0,0.0,20,0.0,0.0,training_seed_or_data_batch,False
P-EA,SA,mc_raw,table,32,100,SA,False,replayed_source_episodes,32.0,0.0,20,32.0,32.0,training_seed_or_data_batch,False
P-EA,SA,mc_raw,table,32,100,SA,False,report_validation_episodes,500.0,0.0,20,500.0,500.0,training_seed_or_data_batch,False
P-EA,SA,mc_raw,table,32,1000,SA,False,source_steps_total,532.0,0.0,20,532.0,532.0,training_seed_or_data_batch,False
P-EA,SA,mc_raw,table,32,1000,SA,False,eta,0.10000000000000002,1.4238309865648918e-17,20,0.10000000000000002,0.10000000000000002,training_seed_or_data_batch,False
P-EA,SA,mc_raw,table,32,1000,SA,False,ideal_return_gain,0.036846706242122586,0.022249267310033186,20,0.026718984153376216,0.04585740227640964,training_seed_or_data_batch,False
P-EA,SA,mc_raw,table,32,1000,SA,False,actual_return_gain,0.03684670624212254,0.022249267310033183,20,0.02671898415337618,0.04585740227640959,training_seed_or_data_batch,False
P-EA,SA,mc_raw,table,32,1000,SA,False,learned_direction_derivative,0.3326902540197253,0.19551606043086905,20,0.24322611595828705,0.41145666313200807,training_seed_or_data_batch,False
P-EA,SA,mc_raw,table,32,1000,SA,False,projected_direction_derivative,0.3326902540197253,0.19551606043086905,20,0.24322611595828705,0.41145666313200807,training_seed_or_data_batch,False
P-EA,SA,mc_raw,table,32,1000,SA,False,realized_path_derivative,0.33269025401972474,0.19551606043086908,20,0.24322611595828647,0.41145666313200707,training_seed_or_data_batch,False
P-EA,SA,mc_raw,table,32,1000,SA,False,forward_kl_training,1.1022437528932021e-17,3.41421261433027e-17,20,-4.350662087860471e-18,2.4808719617232004e-17,training_seed_or_data_batch,False
P-EA,SA,mc_raw,table,32,1000,SA,False,forward_kl_validation,1.1231328633969575e-17,3.536745471438621e-17,20,-4.805843020888692e-18,2.5562348361507925e-17,training_seed_or_data_batch,False
P-EA,SA,mc_raw,table,32,1000,SA,False,forward_kl_exact,1.1245794070495192e-17,3.540473814870337e-17,20,-4.667280120303023e-18,2.544041466573942e-17,training_seed_or_data_batch,False
P-EA,SA,mc_raw,table,32,1000,SA,False,old_new_kl,0.0008184035595449904,0.0005950909222524708,20,0.0005695369425980687,0.0010799803701636163,training_seed_or_data_batch,False
P-EA,SA,mc_raw,table,32,1000,SA,False,direction_realization_residual,4.7802923883632704e-30,7.364961801851019e-30,20,2.0087430445845415e-30,8.306347308784271e-30,training_seed_or_data_batch,False
P-EA,SA,mc_raw,table,32,1000,SA,False,seconds,0.16424661499331705,0.009472206336539182,20,0.1606146987367538,0.1684606470054132,training_seed_or_data_batch,False
P-EA,SA,mc_raw,table,32,1000,SA,False,learned_q_0,0.13705555688926027,0.30777358603164656,20,-0.0015798711929249079,0.2627385018181789,training_seed_or_data_batch,False
P-EA,SA,mc_raw,table,32,1000,SA,False,learned_q_1,0.4431741814266089,0.25016919569469703,20,0.3297262399985742,0.5446064119448375,training_seed_or_data_batch,False
P-EA,SA,mc_raw,table,32,1000,SA,False,candidate_p_0,0.3059362969200697,0.013027626372141745,20,0.30010424521395396,0.31130324471165843,training_seed_or_data_batch,False
P-EA,SA,mc_raw,table,32,1000,SA,False,candidate_p_1,0.7181731065095349,0.01021303535958662,20,0.7135208267210232,0.7223112378698482,training_seed_or_data_batch,False
P-EA,SA,mc_raw,table,32,1000,SA,False,source_direction_error,0.06568326895319002,0.068727679921646,20,0.0373486762128535,0.09470547366981856,training_seed_or_data_batch,False
P-EA,SA,mc_raw,table,32,1000,SA,False,source_exact_score,0.0008447310468099143,0.06872767992164598,20,-0.02817747366981865,0.02917932378714638,training_seed_or_data_batch,False
P-EA,SA,mc_raw,table,32,1000,SA,False,additional_training_environment_steps,0.0,0.0,20,0.0,0.0,training_seed_or_data_batch,False
P-EA,SA,mc_raw,table,32,1000,SA,False,replayed_source_episodes,32.0,0.0,20,32.0,32.0,training_seed_or_data_batch,False
P-EA,SA,mc_raw,table,32,1000,SA,False,report_validation_episodes,500.0,0.0,20,500.0,500.0,training_seed_or_data_batch,False
P-EA,SA,mc_raw,shared_offset,32,1,SA,False,source_steps_total,532.0,0.0,20,532.0,532.0,training_seed_or_data_batch,False
P-EA,SA,mc_raw,shared_offset,32,1,SA,False,eta,0.10000000000000002,1.4238309865648918e-17,20,0.10000000000000002,0.10000000000000002,training_seed_or_data_batch,False
P-EA,SA,mc_raw,shared_offset,32,1,SA,False,ideal_return_gain,0.036846706242122586,0.022249267310033186,20,0.026718984153376216,0.04585740227640964,training_seed_or_data_batch,False
P-EA,SA,mc_raw,shared_offset,32,1,SA,False,actual_return_gain,0.010252115755114935,0.00744489839425144,20,0.006623919239906633,0.0126709317655892,training_seed_or_data_batch,False
P-EA,SA,mc_raw,shared_offset,32,1,SA,False,learned_direction_derivative,0.3326902540197253,0.19551606043086905,20,0.24322611595828705,0.41145666313200807,training_seed_or_data_batch,False
P-EA,SA,mc_raw,shared_offset,32,1,SA,False,projected_direction_derivative,0.25863403637165006,0.19208009107854768,20,0.1741625694788126,0.3380314041764185,training_seed_or_data_batch,False
P-EA,SA,mc_raw,shared_offset,32,1,SA,False,realized_path_derivative,0.09676777490568292,0.07446127162452722,20,0.06047982288304522,0.12095991024381153,training_seed_or_data_batch,False
P-EA,SA,mc_raw,shared_offset,32,1,SA,False,forward_kl_training,0.00046512584261889435,0.00039561418034665105,20,0.00030120203747567467,0.0006401751458607122,training_seed_or_data_batch,False
P-EA,SA,mc_raw,shared_offset,32,1,SA,False,forward_kl_validation,0.00046387294482722486,0.000387442801603524,20,0.0003049551714171604,0.0006370000827073436,training_seed_or_data_batch,False
P-EA,SA,mc_raw,shared_offset,32,1,SA,False,forward_kl_exact,0.0004636638086080218,0.0003874344316319817,20,0.0003043302093287134,0.0006359374931920873,training_seed_or_data_batch,False
P-EA,SA,mc_raw,shared_offset,32,1,SA,False,old_new_kl,9.443727869048416e-05,4.6598664564055245e-08,20,9.442191304667785e-05,9.446018541258759e-05,training_seed_or_data_batch,False
P-EA,SA,mc_raw,shared_offset,32,1,SA,False,direction_realization_residual,0.09513094564012216,0.07929072324734769,20,0.06237179337426547,0.1303181949327517,training_seed_or_data_batch,False
P-EA,SA,mc_raw,shared_offset,32,1,SA,False,seconds,0.0006603749934583902,0.0001581264206222086,20,0.0005969207437010481,0.0007297747305710801,training_seed_or_data_batch,False
P-EA,SA,mc_raw,shared_offset,32,1,SA,False,learned_q_0,0.13705555688926027,0.30777358603164656,20,-0.0015798711929249079,0.2627385018181789,training_seed_or_data_batch,False
P-EA,SA,mc_raw,shared_offset,32,1,SA,False,learned_q_1,0.4431741814266089,0.25016919569469703,20,0.3297262399985742,0.5446064119448375,training_seed_or_data_batch,False
P-EA,SA,mc_raw,shared_offset,32,1,SA,False,candidate_p_0,0.3050775872473861,0.003878039961355391,20,0.3031876634564869,0.30633754526048584,training_seed_or_data_batch,False
P-EA,SA,mc_raw,shared_offset,32,1,SA,False,candidate_p_1,0.7050019961874908,0.003878040001282948,20,0.7031120723956503,0.706261953990328,training_seed_or_data_batch,False
P-EA,SA,mc_raw,shared_offset,32,1,SA,False,source_direction_error,0.06568326895319002,0.068727679921646,20,0.0373486762128535,0.09470547366981856,training_seed_or_data_batch,False
P-EA,SA,mc_raw,shared_offset,32,1,SA,False,source_exact_score,0.0008447310468099143,0.06872767992164598,20,-0.02817747366981865,0.02917932378714638,training_seed_or_data_batch,False
P-EA,SA,mc_raw,shared_offset,32,1,SA,False,additional_training_environment_steps,0.0,0.0,20,0.0,0.0,training_seed_or_data_batch,False
P-EA,SA,mc_raw,shared_offset,32,1,SA,False,replayed_source_episodes,32.0,0.0,20,32.0,32.0,training_seed_or_data_batch,False
P-EA,SA,mc_raw,shared_offset,32,1,SA,False,report_validation_episodes,500.0,0.0,20,500.0,500.0,training_seed_or_data_batch,False
P-EA,SA,mc_raw,shared_offset,32,10,SA,False,source_steps_total,532.0,0.0,20,532.0,532.0,training_seed_or_data_batch,False
P-EA,SA,mc_raw,shared_offset,32,10,SA,False,eta,0.10000000000000002,1.4238309865648918e-17,20,0.10000000000000002,0.10000000000000002,training_seed_or_data_batch,False
P-EA,SA,mc_raw,shared_offset,32,10,SA,False,ideal_return_gain,0.036846706242122586,0.022249267310033186,20,0.026718984153376216,0.04585740227640964,training_seed_or_data_batch,False
P-EA,SA,mc_raw,shared_offset,32,10,SA,False,actual_return_gain,0.03627727974159638,0.034178070156797996,20,0.021519784580144273,0.051087897722797496,training_seed_or_data_batch,False
P-EA,SA,mc_raw,shared_offset,32,10,SA,False,learned_direction_derivative,0.3326902540197253,0.19551606043086905,20,0.24322611595828705,0.41145666313200807,training_seed_or_data_batch,False
P-EA,SA,mc_raw,shared_offset,32,10,SA,False,projected_direction_derivative,0.25863403637165006,0.19208009107854768,20,0.1741625694788126,0.3380314041764185,training_seed_or_data_batch,False
P-EA,SA,mc_raw,shared_offset,32,10,SA,False,realized_path_derivative,0.3017116642385703,0.26537800370395787,20,0.18499377463169933,0.41552266220071743,training_seed_or_data_batch,False
P-EA,SA,mc_raw,shared_offset,32,10,SA,False,forward_kl_training,0.00024204338710844976,0.00020504498041134403,20,0.00015506070620684338,0.00033508678528519647,training_seed_or_data_batch,False
P-EA,SA,mc_raw,shared_offset,32,10,SA,False,forward_kl_validation,0.0002484003545085802,0.0002157475827762756,20,0.0001576277893035244,0.0003470336720228414,training_seed_or_data_batch,False
P-EA,SA,mc_raw,shared_offset,32,10,SA,False,forward_kl_exact,0.0002489857114914653,0.0002163211080860905,20,0.00015717342301813846,0.00034749478246295804,training_seed_or_data_batch,False
P-EA,SA,mc_raw,shared_offset,32,10,SA,False,old_new_kl,0.0010153524274002484,0.0013425320120094928,20,0.0004709544076544054,0.0016004235606880677,training_seed_or_data_batch,False
P-EA,SA,mc_raw,shared_offset,32,10,SA,False,direction_realization_residual,0.05018466958507391,0.04346186544849387,20,0.03189933040659151,0.06974403023374172,training_seed_or_data_batch,False
P-EA,SA,mc_raw,shared_offset,32,10,SA,False,seconds,0.0020383099908940494,0.0003468304089166046,20,0.0018986481064348483,0.0021933245012769474,training_seed_or_data_batch,False
P-EA,SA,mc_raw,shared_offset,32,10,SA,False,learned_q_0,0.13705555688926027,0.30777358603164656,20,-0.0015798711929249079,0.2627385018181789,training_seed_or_data_batch,False
P-EA,SA,mc_raw,shared_offset,32,10,SA,False,learned_q_1,0.4431741814266089,0.25016919569469703,20,0.3297262399985742,0.5446064119448375,training_seed_or_data_batch,False
P-EA,SA,mc_raw,shared_offset,32,10,SA,False,candidate_p_0,0.31610737747068485,0.014305342170168243,20,0.3098300090295601,0.3222709209685299,training_seed_or_data_batch,False
P-EA,SA,mc_raw,shared_offset,32,10,SA,False,candidate_p_1,0.7152940006686492,0.01329982393302997,20,0.7094340094624693,0.7209899725396944,training_seed_or_data_batch,False
P-EA,SA,mc_raw,shared_offset,32,10,SA,False,source_direction_error,0.06568326895319002,0.068727679921646,20,0.0373486762128535,0.09470547366981856,training_seed_or_data_batch,False
P-EA,SA,mc_raw,shared_offset,32,10,SA,False,source_exact_score,0.0008447310468099143,0.06872767992164598,20,-0.02817747366981865,0.02917932378714638,training_seed_or_data_batch,False
P-EA,SA,mc_raw,shared_offset,32,10,SA,False,additional_training_environment_steps,0.0,0.0,20,0.0,0.0,training_seed_or_data_batch,False
P-EA,SA,mc_raw,shared_offset,32,10,SA,False,replayed_source_episodes,32.0,0.0,20,32.0,32.0,training_seed_or_data_batch,False
P-EA,SA,mc_raw,shared_offset,32,10,SA,False,report_validation_episodes,500.0,0.0,20,500.0,500.0,training_seed_or_data_batch,False
P-EA,SA,mc_raw,shared_offset,32,100,SA,False,source_steps_total,532.0,0.0,20,532.0,532.0,training_seed_or_data_batch,False
P-EA,SA,mc_raw,shared_offset,32,100,SA,False,eta,0.10000000000000002,1.4238309865648918e-17,20,0.10000000000000002,0.10000000000000002,training_seed_or_data_batch,False
P-EA,SA,mc_raw,shared_offset,32,100,SA,False,ideal_return_gain,0.036846706242122586,0.022249267310033186,20,0.026718984153376216,0.04585740227640964,training_seed_or_data_batch,False
P-EA,SA,mc_raw,shared_offset,32,100,SA,False,actual_return_gain,0.029392793815085288,0.02271825130738815,20,0.01933402618973378,0.03885497197197508,training_seed_or_data_batch,False
P-EA,SA,mc_raw,shared_offset,32,100,SA,False,learned_direction_derivative,0.3326902540197253,0.19551606043086905,20,0.24322611595828705,0.41145666313200807,training_seed_or_data_batch,False
P-EA,SA,mc_raw,shared_offset,32,100,SA,False,projected_direction_derivative,0.25863403637165006,0.19208009107854768,20,0.1741625694788126,0.3380314041764185,training_seed_or_data_batch,False
P-EA,SA,mc_raw,shared_offset,32,100,SA,False,realized_path_derivative,0.2546819494456537,0.19445037940091936,20,0.16787073091246835,0.33443312232208333,training_seed_or_data_batch,False
P-EA,SA,mc_raw,shared_offset,32,100,SA,False,forward_kl_training,0.0001665933901624194,0.00019704129649591217,20,8.36012644357531e-05,0.00025604606974041386,training_seed_or_data_batch,False
P-EA,SA,mc_raw,shared_offset,32,100,SA,False,forward_kl_validation,0.00016809167244677238,0.00019635116475992236,20,8.448402756474419e-05,0.0002559322626834483,training_seed_or_data_batch,False
P-EA,SA,mc_raw,shared_offset,32,100,SA,False,forward_kl_exact,0.00016826932289654958,0.00019672912748683956,20,8.43729980809156e-05,0.00025594600624038116,training_seed_or_data_batch,False
P-EA,SA,mc_raw,shared_offset,32,100,SA,False,old_new_kl,0.0006490260345712511,0.0006177459004556852,20,0.00039397077886675955,0.0009174941154803581,training_seed_or_data_batch,False
P-EA,SA,mc_raw,shared_offset,32,100,SA,False,direction_realization_residual,0.03412881274068286,0.040114388356428825,20,0.017094757110463498,0.05211143216074081,training_seed_or_data_batch,False
P-EA,SA,mc_raw,shared_offset,32,100,SA,False,seconds,0.01639353499049321,0.0017943150480353237,20,0.015658778978395276,0.017213407366652972,training_seed_or_data_batch,False
P-EA,SA,mc_raw,shared_offset,32,100,SA,False,learned_q_0,0.13705555688926027,0.30777358603164656,20,-0.0015798711929249079,0.2627385018181789,training_seed_or_data_batch,False
P-EA,SA,mc_raw,shared_offset,32,100,SA,False,learned_q_1,0.4431741814266089,0.25016919569469703,20,0.3297262399985742,0.5446064119448375,training_seed_or_data_batch,False
P-EA,SA,mc_raw,shared_offset,32,100,SA,False,candidate_p_0,0.31351900109582503,0.010334372600999533,20,0.3088886667210388,0.3177511857812252,training_seed_or_data_batch,False
P-EA,SA,mc_raw,shared_offset,32,100,SA,False,candidate_p_1,0.712999014780717,0.009909686368028477,20,0.7085704209739737,0.717052536116798,training_seed_or_data_batch,False
P-EA,SA,mc_raw,shared_offset,32,100,SA,False,source_direction_error,0.06568326895319002,0.068727679921646,20,0.0373486762128535,0.09470547366981856,training_seed_or_data_batch,False
P-EA,SA,mc_raw,shared_offset,32,100,SA,False,source_exact_score,0.0008447310468099143,0.06872767992164598,20,-0.02817747366981865,0.02917932378714638,training_seed_or_data_batch,False
P-EA,SA,mc_raw,shared_offset,32,100,SA,False,additional_training_environment_steps,0.0,0.0,20,0.0,0.0,training_seed_or_data_batch,False
P-EA,SA,mc_raw,shared_offset,32,100,SA,False,replayed_source_episodes,32.0,0.0,20,32.0,32.0,training_seed_or_data_batch,False
P-EA,SA,mc_raw,shared_offset,32,100,SA,False,report_validation_episodes,500.0,0.0,20,500.0,500.0,training_seed_or_data_batch,False
P-EA,SA,mc_raw,shared_offset,32,1000,SA,False,source_steps_total,532.0,0.0,20,532.0,532.0,training_seed_or_data_batch,False
P-EA,SA,mc_raw,shared_offset,32,1000,SA,False,eta,0.10000000000000002,1.4238309865648918e-17,20,0.10000000000000002,0.10000000000000002,training_seed_or_data_batch,False
P-EA,SA,mc_raw,shared_offset,32,1000,SA,False,ideal_return_gain,0.036846706242122586,0.022249267310033186,20,0.026718984153376216,0.04585740227640964,training_seed_or_data_batch,False
P-EA,SA,mc_raw,shared_offset,32,1000,SA,False,actual_return_gain,0.029355307322522985,0.022657478540346457,20,0.019340498527260823,0.03876820402920757,training_seed_or_data_batch,False
P-EA,SA,mc_raw,shared_offset,32,1000,SA,False,learned_direction_derivative,0.3326902540197253,0.19551606043086905,20,0.24322611595828705,0.41145666313200807,training_seed_or_data_batch,False
P-EA,SA,mc_raw,shared_offset,32,1000,SA,False,projected_direction_derivative,0.25863403637165006,0.19208009107854768,20,0.1741625694788126,0.3380314041764185,training_seed_or_data_batch,False
P-EA,SA,mc_raw,shared_offset,32,1000,SA,False,realized_path_derivative,0.2544192237504937,0.19402337321269736,20,0.1678178682792713,0.3338277370489868,training_seed_or_data_batch,False
P-EA,SA,mc_raw,shared_offset,32,1000,SA,False,forward_kl_training,0.00016658664815109736,0.0001970421872747368,20,8.359538747749947e-05,0.00025603702197790444,training_seed_or_data_batch,False
P-EA,SA,mc_raw,shared_offset,32,1000,SA,False,forward_kl_validation,0.00016805038859971346,0.0001963310291480685,20,8.44068531877655e-05,0.0002559690624991083,training_seed_or_data_batch,False
P-EA,SA,mc_raw,shared_offset,32,1000,SA,False,forward_kl_exact,0.0001682336961805888,0.000196729237360024,20,8.42844605602994e-05,0.0002559428593939825,training_seed_or_data_batch,False
P-EA,SA,mc_raw,shared_offset,32,1000,SA,False,old_new_kl,0.0006471549525086551,0.0006143235664429548,20,0.0003929453598783539,0.0009136067734215374,training_seed_or_data_batch,False
P-EA,SA,mc_raw,shared_offset,32,1000,SA,False,direction_realization_residual,0.03412550330164962,0.040118122036880054,20,0.01708585924395769,0.05212001080811122,training_seed_or_data_batch,False
P-EA,SA,mc_raw,shared_offset,32,1000,SA,False,seconds,0.1542483149911277,0.00604308450790084,20,0.15179446511145217,0.1568811816215748,training_seed_or_data_batch,False
P-EA,SA,mc_raw,shared_offset,32,1000,SA,False,learned_q_0,0.13705555688926027,0.30777358603164656,20,-0.0015798711929249079,0.2627385018181789,training_seed_or_data_batch,False
P-EA,SA,mc_raw,shared_offset,32,1000,SA,False,learned_q_1,0.4431741814266089,0.25016919569469703,20,0.3297262399985742,0.5446064119448375,training_seed_or_data_batch,False
P-EA,SA,mc_raw,shared_offset,32,1000,SA,False,candidate_p_0,0.31350459812018955,0.01031101448316708,20,0.30889267300304346,0.3177205817972843,training_seed_or_data_batch,False
P-EA,SA,mc_raw,shared_offset,32,1000,SA,False,candidate_p_1,0.7129861109075015,0.009888656862623023,20,0.7085593862210712,0.7170214245890779,training_seed_or_data_batch,False
P-EA,SA,mc_raw,shared_offset,32,1000,SA,False,source_direction_error,0.06568326895319002,0.068727679921646,20,0.0373486762128535,0.09470547366981856,training_seed_or_data_batch,False
P-EA,SA,mc_raw,shared_offset,32,1000,SA,False,source_exact_score,0.0008447310468099143,0.06872767992164598,20,-0.02817747366981865,0.02917932378714638,training_seed_or_data_batch,False
P-EA,SA,mc_raw,shared_offset,32,1000,SA,False,additional_training_environment_steps,0.0,0.0,20,0.0,0.0,training_seed_or_data_batch,False
P-EA,SA,mc_raw,shared_offset,32,1000,SA,False,replayed_source_episodes,32.0,0.0,20,32.0,32.0,training_seed_or_data_batch,False
P-EA,SA,mc_raw,shared_offset,32,1000,SA,False,report_validation_episodes,500.0,0.0,20,500.0,500.0,training_seed_or_data_batch,False
P-EA,SA,mc_raw,table,128,1,SA,False,source_steps_total,628.0,0.0,20,628.0,628.0,training_seed_or_data_batch,False
P-EA,SA,mc_raw,table,128,1,SA,False,eta,0.10000000000000002,1.4238309865648918e-17,20,0.10000000000000002,0.10000000000000002,training_seed_or_data_batch,False
P-EA,SA,mc_raw,table,128,1,SA,False,ideal_return_gain,0.030488973283247255,0.015159884437389982,20,0.024251368938210463,0.03726256960614927,training_seed_or_data_batch,False
P-EA,SA,mc_raw,table,128,1,SA,False,actual_return_gain,0.011611291428101616,0.0014815048177391783,20,0.011005793196924879,0.012216782634492978,training_seed_or_data_batch,False
P-EA,SA,mc_raw,table,128,1,SA,False,learned_direction_derivative,0.28530300550306503,0.13031246836592503,20,0.23144694150938744,0.3439175711417007,training_seed_or_data_batch,False
P-EA,SA,mc_raw,table,128,1,SA,False,projected_direction_derivative,0.28530300550306503,0.13031246836592503,20,0.23144694150938744,0.3439175711417007,training_seed_or_data_batch,False
P-EA,SA,mc_raw,table,128,1,SA,False,realized_path_derivative,0.11249254288884072,0.011838440481835393,20,0.10765413776374182,0.11733090925549386,training_seed_or_data_batch,False
P-EA,SA,mc_raw,table,128,1,SA,False,forward_kl_training,0.00022932047247819264,0.0002744625078835648,20,0.00012165187431782276,0.0003542150411522454,training_seed_or_data_batch,False
P-EA,SA,mc_raw,table,128,1,SA,False,forward_kl_validation,0.0002299602666738745,0.0002781443654733569,20,0.00012106212042792656,0.00035729941501375453,training_seed_or_data_batch,False
P-EA,SA,mc_raw,table,128,1,SA,False,forward_kl_exact,0.00022918577011512051,0.0002750680337880425,20,0.00012206069404795768,0.00035437558715981944,training_seed_or_data_batch,False
P-EA,SA,mc_raw,table,128,1,SA,False,old_new_kl,9.431529341519163e-05,1.4759493916602906e-07,20,9.42543668718572e-05,9.437584833087041e-05,training_seed_or_data_batch,False
P-EA,SA,mc_raw,table,128,1,SA,False,direction_realization_residual,0.047265597342461774,0.05726999266072066,20,0.024975981008260977,0.07338673918884778,training_seed_or_data_batch,False
P-EA,SA,mc_raw,table,128,1,SA,False,seconds,0.0010998749930877239,0.00022028968288444282,20,0.0010103789810091259,0.0012023463516379704,training_seed_or_data_batch,False
P-EA,SA,mc_raw,table,128,1,SA,False,learned_q_0,0.07518795292542246,0.19199038181077765,20,-0.008905512969708986,0.1572734179168008,training_seed_or_data_batch,False
P-EA,SA,mc_raw,table,128,1,SA,False,learned_q_1,0.384755082918815,0.1689627493074281,20,0.31449683251908195,0.46112886816566817,training_seed_or_data_batch,False
P-EA,SA,mc_raw,table,128,1,SA,False,candidate_p_0,0.3019276568057698,0.006165606013466349,20,0.2994077523264908,0.3044475332614228,training_seed_or_data_batch,False
P-EA,SA,mc_raw,table,128,1,SA,False,candidate_p_1,0.7062619509225825,3.0761384039592636e-09,20,0.706261949512298,0.7062619522275929,training_seed_or_data_batch,False
P-EA,SA,mc_raw,table,128,1,SA,False,source_direction_error,0.025821153678858576,0.02965439658446008,20,0.014545075930286271,0.039624858409519036,training_seed_or_data_batch,False
P-EA,SA,mc_raw,table,128,1,SA,False,source_exact_score,0.04070684632114134,0.029654396584460077,20,0.026903141590480864,0.051982924069713644,training_seed_or_data_batch,False
P-EA,SA,mc_raw,table,128,1,SA,False,additional_training_environment_steps,0.0,0.0,20,0.0,0.0,training_seed_or_data_batch,False
P-EA,SA,mc_raw,table,128,1,SA,False,replayed_source_episodes,128.0,0.0,20,128.0,128.0,training_seed_or_data_batch,False
P-EA,SA,mc_raw,table,128,1,SA,False,report_validation_episodes,500.0,0.0,20,500.0,500.0,training_seed_or_data_batch,False
P-EA,SA,mc_raw,table,128,10,SA,False,source_steps_total,628.0,0.0,20,628.0,628.0,training_seed_or_data_batch,False
P-EA,SA,mc_raw,table,128,10,SA,False,eta,0.10000000000000002,1.4238309865648918e-17,20,0.10000000000000002,0.10000000000000002,training_seed_or_data_batch,False
P-EA,SA,mc_raw,table,128,10,SA,False,ideal_return_gain,0.030488973283247255,0.015159884437389982,20,0.024251368938210463,0.03726256960614927,training_seed_or_data_batch,False
P-EA,SA,mc_raw,table,128,10,SA,False,actual_return_gain,0.03477275647487453,0.027260701136508518,20,0.02367501659174978,0.04699274239612388,training_seed_or_data_batch,False
P-EA,SA,mc_raw,table,128,10,SA,False,learned_direction_derivative,0.28530300550306503,0.13031246836592503,20,0.23144694150938744,0.3439175711417007,training_seed_or_data_batch,False
P-EA,SA,mc_raw,table,128,10,SA,False,projected_direction_derivative,0.28530300550306503,0.13031246836592503,20,0.23144694150938744,0.3439175711417007,training_seed_or_data_batch,False
P-EA,SA,mc_raw,table,128,10,SA,False,realized_path_derivative,0.3186155193833481,0.23420163581006292,20,0.22232035818889942,0.42425968556406574,training_seed_or_data_batch,False
P-EA,SA,mc_raw,table,128,10,SA,False,forward_kl_training,5.7085308356223584e-05,7.754677714157735e-05,20,2.6757173268011184e-05,9.178795452065684e-05,training_seed_or_data_batch,False
P-EA,SA,mc_raw,table,128,10,SA,False,forward_kl_validation,5.722310626191079e-05,7.845536798480689e-05,20,2.686004180812989e-05,9.277565066378744e-05,training_seed_or_data_batch,False
P-EA,SA,mc_raw,table,128,10,SA,False,forward_kl_exact,5.6987274146755686e-05,7.775491347731782e-05,20,2.6788266782195122e-05,9.140676227824885e-05,training_seed_or_data_batch,False
P-EA,SA,mc_raw,table,128,10,SA,False,old_new_kl,0.0007534342923685492,0.0009392866254125914,20,0.0003855872162059511,0.0011750497166702549,training_seed_or_data_batch,False
P-EA,SA,mc_raw,table,128,10,SA,False,direction_realization_residual,0.012025537448950466,0.01664858483298601,20,0.005556990065618609,0.019434195916865914,training_seed_or_data_batch,False
P-EA,SA,mc_raw,table,128,10,SA,False,seconds,0.0025500949879642574,0.000639599030322598,20,0.0023197636287659406,0.002833428860467393,training_seed_or_data_batch,False
P-EA,SA,mc_raw,table,128,10,SA,False,learned_q_0,0.07518795292542246,0.19199038181077765,20,-0.008905512969708986,0.1572734179168008,training_seed_or_data_batch,False
P-EA,SA,mc_raw,table,128,10,SA,False,learned_q_1,0.384755082918815,0.1689627493074281,20,0.31449683251908195,0.46112886816566817,training_seed_or_data_batch,False
P-EA,SA,mc_raw,table,128,10,SA,False,candidate_p_0,0.3039446009020566,0.00812332443657895,20,0.3005222186221636,0.307373116601411,training_seed_or_data_batch,False
P-EA,SA,mc_raw,table,128,10,SA,False,candidate_p_1,0.7175299006319467,0.01246503086592452,20,0.7123741621000951,0.723225601607444,training_seed_or_data_batch,False
P-EA,SA,mc_raw,table,128,10,SA,False,source_direction_error,0.025821153678858576,0.02965439658446008,20,0.014545075930286271,0.039624858409519036,training_seed_or_data_batch,False
P-EA,SA,mc_raw,table,128,10,SA,False,source_exact_score,0.04070684632114134,0.029654396584460077,20,0.026903141590480864,0.051982924069713644,training_seed_or_data_batch,False
P-EA,SA,mc_raw,table,128,10,SA,False,additional_training_environment_steps,0.0,0.0,20,0.0,0.0,training_seed_or_data_batch,False
P-EA,SA,mc_raw,table,128,10,SA,False,replayed_source_episodes,128.0,0.0,20,128.0,128.0,training_seed_or_data_batch,False
P-EA,SA,mc_raw,table,128,10,SA,False,report_validation_episodes,500.0,0.0,20,500.0,500.0,training_seed_or_data_batch,False
P-EA,SA,mc_raw,table,128,100,SA,False,source_steps_total,628.0,0.0,20,628.0,628.0,training_seed_or_data_batch,False
P-EA,SA,mc_raw,table,128,100,SA,False,eta,0.10000000000000002,1.4238309865648918e-17,20,0.10000000000000002,0.10000000000000002,training_seed_or_data_batch,False
P-EA,SA,mc_raw,table,128,100,SA,False,ideal_return_gain,0.030488973283247255,0.015159884437389982,20,0.024251368938210463,0.03726256960614927,training_seed_or_data_batch,False
P-EA,SA,mc_raw,table,128,100,SA,False,actual_return_gain,0.030478163436609258,0.015183592588494691,20,0.024234604026747913,0.037248395563869795,training_seed_or_data_batch,False
P-EA,SA,mc_raw,table,128,100,SA,False,learned_direction_derivative,0.28530300550306503,0.13031246836592503,20,0.23144694150938744,0.3439175711417007,training_seed_or_data_batch,False
P-EA,SA,mc_raw,table,128,100,SA,False,projected_direction_derivative,0.28530300550306503,0.13031246836592503,20,0.23144694150938744,0.3439175711417007,training_seed_or_data_batch,False
P-EA,SA,mc_raw,table,128,100,SA,False,realized_path_derivative,0.2851978541891488,0.13048388016051016,20,0.23135572154057288,0.34370137588254795,training_seed_or_data_batch,False
P-EA,SA,mc_raw,table,128,100,SA,False,forward_kl_training,5.437505679869359e-09,6.465709122897882e-09,20,3.0096996726690972e-09,8.617577648921562e-09,training_seed_or_data_batch,False
P-EA,SA,mc_raw,table,128,100,SA,False,forward_kl_validation,5.465716951263605e-09,6.567789859765563e-09,20,3.0101798655971687e-09,8.691950914616905e-09,training_seed_or_data_batch,False
P-EA,SA,mc_raw,table,128,100,SA,False,forward_kl_exact,5.432796483686441e-09,6.431655410385238e-09,20,3.0157945622938227e-09,8.602252529241388e-09,training_seed_or_data_batch,False
P-EA,SA,mc_raw,table,128,100,SA,False,old_new_kl,0.0005036525214802318,0.0004332991883062484,20,0.00033471979777999563,0.0006960078242964078,training_seed_or_data_batch,False
P-EA,SA,mc_raw,table,128,100,SA,False,direction_realization_residual,1.1261778279452767e-06,1.3664674128460086e-06,20,6.143448103596863e-07,1.8011929082287952e-06,training_seed_or_data_batch,False
P-EA,SA,mc_raw,table,128,100,SA,False,seconds,0.017829499999061228,0.0013899985941134862,20,0.01731196700464352,0.018449147746432575,training_seed_or_data_batch,False
P-EA,SA,mc_raw,table,128,100,SA,False,learned_q_0,0.07518795292542246,0.19199038181077765,20,-0.008905512969708986,0.1572734179168008,training_seed_or_data_batch,False
P-EA,SA,mc_raw,table,128,100,SA,False,learned_q_1,0.384755082918815,0.1689627493074281,20,0.31449683251908195,0.46112886816566817,training_seed_or_data_batch,False
P-EA,SA,mc_raw,table,128,100,SA,False,candidate_p_0,0.30321931087486315,0.008123472790136373,20,0.2996646954924273,0.30669372146316837,training_seed_or_data_batch,False
P-EA,SA,mc_raw,table,128,100,SA,False,candidate_p_1,0.7158538385637973,0.00683579554014013,20,0.7130139421929507,0.7189399212735001,training_seed_or_data_batch,False
P-EA,SA,mc_raw,table,128,100,SA,False,source_direction_error,0.025821153678858576,0.02965439658446008,20,0.014545075930286271,0.039624858409519036,training_seed_or_data_batch,False
P-EA,SA,mc_raw,table,128,100,SA,False,source_exact_score,0.04070684632114134,0.029654396584460077,20,0.026903141590480864,0.051982924069713644,training_seed_or_data_batch,False
P-EA,SA,mc_raw,table,128,100,SA,False,additional_training_environment_steps,0.0,0.0,20,0.0,0.0,training_seed_or_data_batch,False
P-EA,SA,mc_raw,table,128,100,SA,False,replayed_source_episodes,128.0,0.0,20,128.0,128.0,training_seed_or_data_batch,False
P-EA,SA,mc_raw,table,128,100,SA,False,report_validation_episodes,500.0,0.0,20,500.0,500.0,training_seed_or_data_batch,False
P-EA,SA,mc_raw,table,128,1000,SA,False,source_steps_total,628.0,0.0,20,628.0,628.0,training_seed_or_data_batch,False
P-EA,SA,mc_raw,table,128,1000,SA,False,eta,0.10000000000000002,1.4238309865648918e-17,20,0.10000000000000002,0.10000000000000002,training_seed_or_data_batch,False
P-EA,SA,mc_raw,table,128,1000,SA,False,ideal_return_gain,0.030488973283247255,0.015159884437389982,20,0.024251368938210463,0.03726256960614927,training_seed_or_data_batch,False
P-EA,SA,mc_raw,table,128,1000,SA,False,actual_return_gain,0.03048897328324729,0.01515988443738996,20,0.024251368938210557,0.037262569606149334,training_seed_or_data_batch,False
P-EA,SA,mc_raw,table,128,1000,SA,False,learned_direction_derivative,0.28530300550306503,0.13031246836592503,20,0.23144694150938744,0.3439175711417007,training_seed_or_data_batch,False
P-EA,SA,mc_raw,table,128,1000,SA,False,projected_direction_derivative,0.28530300550306503,0.13031246836592503,20,0.23144694150938744,0.3439175711417007,training_seed_or_data_batch,False
P-EA,SA,mc_raw,table,128,1000,SA,False,realized_path_derivative,0.28530300550306553,0.13031246836592503,20,0.23144694150938766,0.3439175711417016,training_seed_or_data_batch,False
P-EA,SA,mc_raw,table,128,1000,SA,False,forward_kl_training,1.4353675534190005e-17,2.5004450610446643e-17,20,3.555647601397914e-18,2.4883558481835127e-17,training_seed_or_data_batch,False
P-EA,SA,mc_raw,table,128,1000,SA,False,forward_kl_validation,1.3918509496508538e-17,2.4560158942891844e-17,20,3.254258989962056e-18,2.4456265485727912e-17,training_seed_or_data_batch,False
P-EA,SA,mc_raw,table,128,1000,SA,False,forward_kl_exact,1.400325721824231e-17,2.447521762979057e-17,20,3.4638711685159805e-18,2.4358237454531456e-17,training_seed_or_data_batch,False
P-EA,SA,mc_raw,table,128,1000,SA,False,old_new_kl,0.0005038657731058098,0.0004321711667898994,20,0.00033442693993377494,0.0006960037227602795,training_seed_or_data_batch,False
P-EA,SA,mc_raw,table,128,1000,SA,False,direction_realization_residual,5.8344037794813985e-30,8.259861778825661e-30,20,2.5412485042984172e-30,9.333526430259966e-30,training_seed_or_data_batch,False
P-EA,SA,mc_raw,table,128,1000,SA,False,seconds,0.1719016449933406,0.02130330513697016,20,0.16450321811120375,0.1827855721193191,training_seed_or_data_batch,False
P-EA,SA,mc_raw,table,128,1000,SA,False,learned_q_0,0.07518795292542246,0.19199038181077765,20,-0.008905512969708986,0.1572734179168008,training_seed_or_data_batch,False
P-EA,SA,mc_raw,table,128,1000,SA,False,learned_q_1,0.384755082918815,0.1689627493074281,20,0.31449683251908195,0.46112886816566817,training_seed_or_data_batch,False
P-EA,SA,mc_raw,table,128,1000,SA,False,candidate_p_0,0.30322543364224636,0.008128846565677205,20,0.2996674982314779,0.30669580943158625,training_seed_or_data_batch,False
P-EA,SA,mc_raw,table,128,1000,SA,False,candidate_p_1,0.7158591916675329,0.006828521756747324,20,0.7130181403820318,0.7189446844559189,training_seed_or_data_batch,False
P-EA,SA,mc_raw,table,128,1000,SA,False,source_direction_error,0.025821153678858576,0.02965439658446008,20,0.014545075930286271,0.039624858409519036,training_seed_or_data_batch,False
P-EA,SA,mc_raw,table,128,1000,SA,False,source_exact_score,0.04070684632114134,0.029654396584460077,20,0.026903141590480864,0.051982924069713644,training_seed_or_data_batch,False
P-EA,SA,mc_raw,table,128,1000,SA,False,additional_training_environment_steps,0.0,0.0,20,0.0,0.0,training_seed_or_data_batch,False
P-EA,SA,mc_raw,table,128,1000,SA,False,replayed_source_episodes,128.0,0.0,20,128.0,128.0,training_seed_or_data_batch,False
P-EA,SA,mc_raw,table,128,1000,SA,False,report_validation_episodes,500.0,0.0,20,500.0,500.0,training_seed_or_data_batch,False
P-EA,SA,mc_raw,shared_offset,128,1,SA,False,source_steps_total,628.0,0.0,20,628.0,628.0,training_seed_or_data_batch,False
P-EA,SA,mc_raw,shared_offset,128,1,SA,False,eta,0.10000000000000002,1.4238309865648918e-17,20,0.10000000000000002,0.10000000000000002,training_seed_or_data_batch,False
P-EA,SA,mc_raw,shared_offset,128,1,SA,False,ideal_return_gain,0.030488973283247255,0.015159884437389982,20,0.024251368938210463,0.03726256960614927,training_seed_or_data_batch,False
P-EA,SA,mc_raw,shared_offset,128,1,SA,False,actual_return_gain,0.012670923525377012,1.3055451273043004e-08,20,0.012670917288173256,0.012670928470911868,training_seed_or_data_batch,False
P-EA,SA,mc_raw,shared_offset,128,1,SA,False,learned_direction_derivative,0.28530300550306503,0.13031246836592503,20,0.23144694150938744,0.3439175711417007,training_seed_or_data_batch,False
P-EA,SA,mc_raw,shared_offset,128,1,SA,False,projected_direction_derivative,0.2104125254150635,0.12273318345089128,20,0.15952886145129425,0.26449499276609095,training_seed_or_data_batch,False
P-EA,SA,mc_raw,shared_offset,128,1,SA,False,realized_path_derivative,0.12095983498324367,1.1923973440346515e-07,20,0.12095977801680949,0.12095988015243939,training_seed_or_data_batch,False
P-EA,SA,mc_raw,shared_offset,128,1,SA,False,forward_kl_training,0.0002693516752471498,0.0002569491971735354,20,0.00016535964424521592,0.000388778951928244,training_seed_or_data_batch,False
P-EA,SA,mc_raw,shared_offset,128,1,SA,False,forward_kl_validation,0.0002686247823338226,0.00026124434188002016,20,0.00016416962981888813,0.00039011528330823214,training_seed_or_data_batch,False
P-EA,SA,mc_raw,shared_offset,128,1,SA,False,forward_kl_exact,0.00026814898128703954,0.0002580301830763334,20,0.00016429924012431924,0.0003874898703569985,training_seed_or_data_batch,False
P-EA,SA,mc_raw,shared_offset,128,1,SA,False,old_new_kl,9.442230490002028e-05,1.8608087734657066e-10,20,9.442221600040482e-05,9.442237538934351e-05,training_seed_or_data_batch,False
P-EA,SA,mc_raw,shared_offset,128,1,SA,False,direction_realization_residual,0.05509075236751858,0.05382181946470807,20,0.03348029845035577,0.08008068544847978,training_seed_or_data_batch,False
P-EA,SA,mc_raw,shared_offset,128,1,SA,False,seconds,0.0006188649975229054,0.00013122277159948188,20,0.0005688681376341265,0.0006768359907437116,training_seed_or_data_batch,False
P-EA,SA,mc_raw,shared_offset,128,1,SA,False,learned_q_0,0.07518795292542246,0.19199038181077765,20,-0.008905512969708986,0.1572734179168008,training_seed_or_data_batch,False
P-EA,SA,mc_raw,shared_offset,128,1,SA,False,learned_q_1,0.384755082918815,0.1689627493074281,20,0.31449683251908195,0.46112886816566817,training_seed_or_data_batch,False
P-EA,SA,mc_raw,shared_offset,128,1,SA,False,candidate_p_0,0.3063375412940962,6.2841838938397065e-09,20,0.3063375382918457,0.30633754367460747,training_seed_or_data_batch,False
P-EA,SA,mc_raw,shared_offset,128,1,SA,False,candidate_p_1,0.7062619501179926,6.1351685284043755e-09,20,0.7062619471869338,0.7062619524420554,training_seed_or_data_batch,False
P-EA,SA,mc_raw,shared_offset,128,1,SA,False,source_direction_error,0.025821153678858576,0.02965439658446008,20,0.014545075930286271,0.039624858409519036,training_seed_or_data_batch,False
P-EA,SA,mc_raw,shared_offset,128,1,SA,False,source_exact_score,0.04070684632114134,0.029654396584460077,20,0.026903141590480864,0.051982924069713644,training_seed_or_data_batch,False
P-EA,SA,mc_raw,shared_offset,128,1,SA,False,additional_training_environment_steps,0.0,0.0,20,0.0,0.0,training_seed_or_data_batch,False
P-EA,SA,mc_raw,shared_offset,128,1,SA,False,replayed_source_episodes,128.0,0.0,20,128.0,128.0,training_seed_or_data_batch,False
P-EA,SA,mc_raw,shared_offset,128,1,SA,False,report_validation_episodes,500.0,0.0,20,500.0,500.0,training_seed_or_data_batch,False
P-EA,SA,mc_raw,shared_offset,128,10,SA,False,source_steps_total,628.0,0.0,20,628.0,628.0,training_seed_or_data_batch,False
P-EA,SA,mc_raw,shared_offset,128,10,SA,False,eta,0.10000000000000002,1.4238309865648918e-17,20,0.10000000000000002,0.10000000000000002,training_seed_or_data_batch,False
P-EA,SA,mc_raw,shared_offset,128,10,SA,False,ideal_return_gain,0.030488973283247255,0.015159884437389982,20,0.024251368938210463,0.03726256960614927,training_seed_or_data_batch,False
P-EA,SA,mc_raw,shared_offset,128,10,SA,False,actual_return_gain,0.024388797678262637,0.023328968934344486,20,0.015237378315889684,0.034700180953996,training_seed_or_data_batch,False
P-EA,SA,mc_raw,shared_offset,128,10,SA,False,learned_direction_derivative,0.28530300550306503,0.13031246836592503,20,0.23144694150938744,0.3439175711417007,training_seed_or_data_batch,False
P-EA,SA,mc_raw,shared_offset,128,10,SA,False,projected_direction_derivative,0.2104125254150635,0.12273318345089128,20,0.15952886145129425,0.26449499276609095,training_seed_or_data_batch,False
P-EA,SA,mc_raw,shared_offset,128,10,SA,False,realized_path_derivative,0.21365801205433846,0.18417291464984445,20,0.141150555801264,0.29566842216691186,training_seed_or_data_batch,False
P-EA,SA,mc_raw,shared_offset,128,10,SA,False,forward_kl_training,0.00016766283426781388,0.00011513414106475981,20,0.00011931173675739657,0.00021742547067424558,training_seed_or_data_batch,False
P-EA,SA,mc_raw,shared_offset,128,10,SA,False,forward_kl_validation,0.0001663721817566094,0.00011326661135415348,20,0.0001184587671356303,0.00021472595823027359,training_seed_or_data_batch,False
P-EA,SA,mc_raw,shared_offset,128,10,SA,False,forward_kl_exact,0.0001674557391649875,0.00011510849851341186,20,0.0001189928200990222,0.00021649692792173828,training_seed_or_data_batch,False
P-EA,SA,mc_raw,shared_offset,128,10,SA,False,old_new_kl,0.0005011222035914347,0.0008357311776572086,20,0.00019106205304113893,0.0008851500867722847,training_seed_or_data_batch,False
P-EA,SA,mc_raw,shared_offset,128,10,SA,False,direction_realization_residual,0.033463743885045846,0.022645963850059,20,0.02396565957475885,0.04314172890788622,training_seed_or_data_batch,False
P-EA,SA,mc_raw,shared_offset,128,10,SA,False,seconds,0.0020964999916031958,0.0003379748286849108,20,0.001955525994999334,0.00224766137660481,training_seed_or_data_batch,False
P-EA,SA,mc_raw,shared_offset,128,10,SA,False,learned_q_0,0.07518795292542246,0.19199038181077765,20,-0.008905512969708986,0.1572734179168008,training_seed_or_data_batch,False
P-EA,SA,mc_raw,shared_offset,128,10,SA,False,learned_q_1,0.384755082918815,0.1689627493074281,20,0.31449683251908195,0.46112886816566817,training_seed_or_data_batch,False
P-EA,SA,mc_raw,shared_offset,128,10,SA,False,candidate_p_0,0.31132338486007527,0.009906940632389274,20,0.30742028231848395,0.31573842399270025,training_seed_or_data_batch,False
P-EA,SA,mc_raw,shared_offset,128,10,SA,False,candidate_p_1,0.7109219018807902,0.0092564188280467,20,0.7072736255232923,0.7150519093266511,training_seed_or_data_batch,False
P-EA,SA,mc_raw,shared_offset,128,10,SA,False,source_direction_error,0.025821153678858576,0.02965439658446008,20,0.014545075930286271,0.039624858409519036,training_seed_or_data_batch,False
P-EA,SA,mc_raw,shared_offset,128,10,SA,False,source_exact_score,0.04070684632114134,0.029654396584460077,20,0.026903141590480864,0.051982924069713644,training_seed_or_data_batch,False
P-EA,SA,mc_raw,shared_offset,128,10,SA,False,additional_training_environment_steps,0.0,0.0,20,0.0,0.0,training_seed_or_data_batch,False
P-EA,SA,mc_raw,shared_offset,128,10,SA,False,replayed_source_episodes,128.0,0.0,20,128.0,128.0,training_seed_or_data_batch,False
P-EA,SA,mc_raw,shared_offset,128,10,SA,False,report_validation_episodes,500.0,0.0,20,500.0,500.0,training_seed_or_data_batch,False
P-EA,SA,mc_raw,shared_offset,128,100,SA,False,source_steps_total,628.0,0.0,20,628.0,628.0,training_seed_or_data_batch,False
P-EA,SA,mc_raw,shared_offset,128,100,SA,False,eta,0.10000000000000002,1.4238309865648918e-17,20,0.10000000000000002,0.10000000000000002,training_seed_or_data_batch,False
P-EA,SA,mc_raw,shared_offset,128,100,SA,False,ideal_return_gain,0.030488973283247255,0.015159884437389982,20,0.024251368938210463,0.03726256960614927,training_seed_or_data_batch,False
P-EA,SA,mc_raw,shared_offset,128,100,SA,False,actual_return_gain,0.02296255504017836,0.014646486609177783,20,0.016846325460481874,0.029388251079087303,training_seed_or_data_batch,False
P-EA,SA,mc_raw,shared_offset,128,100,SA,False,learned_direction_derivative,0.28530300550306503,0.13031246836592503,20,0.23144694150938744,0.3439175711417007,training_seed_or_data_batch,False
P-EA,SA,mc_raw,shared_offset,128,100,SA,False,projected_direction_derivative,0.2104125254150635,0.12273318345089128,20,0.15952886145129425,0.26449499276609095,training_seed_or_data_batch,False
P-EA,SA,mc_raw,shared_offset,128,100,SA,False,realized_path_derivative,0.20729855092440977,0.1223624699945648,20,0.15618145802971292,0.2608048946529918,training_seed_or_data_batch,False
P-EA,SA,mc_raw,shared_offset,128,100,SA,False,forward_kl_training,0.00013021719389180768,9.553414892899367e-05,20,9.169031129642483e-05,0.00017330917711059024,training_seed_or_data_batch,False
P-EA,SA,mc_raw,shared_offset,128,100,SA,False,forward_kl_validation,0.00013028790615943756,9.617375642771528e-05,20,9.152218379929903e-05,0.00017354585901046513,training_seed_or_data_batch,False
P-EA,SA,mc_raw,shared_offset,128,100,SA,False,forward_kl_exact,0.000130410456116549,9.642718726569613e-05,20,9.148648999663758e-05,0.00017386488342103733,training_seed_or_data_batch,False
P-EA,SA,mc_raw,shared_offset,128,100,SA,False,old_new_kl,0.00036854532698329246,0.00040938889832088383,20,0.00020681124184931255,0.0005521796722771927,training_seed_or_data_batch,False
P-EA,SA,mc_raw,shared_offset,128,100,SA,False,direction_realization_residual,0.026318344421998763,0.019515830700663064,20,0.018446858076233745,0.03510092563056172,training_seed_or_data_batch,False
P-EA,SA,mc_raw,shared_offset,128,100,SA,False,seconds,0.01595513501088135,0.001474012249807591,20,0.01536437063201447,0.016621555389137937,training_seed_or_data_batch,False
P-EA,SA,mc_raw,shared_offset,128,100,SA,False,learned_q_0,0.07518795292542246,0.19199038181077765,20,-0.008905512969708986,0.1572734179168008,training_seed_or_data_batch,False
P-EA,SA,mc_raw,shared_offset,128,100,SA,False,learned_q_1,0.384755082918815,0.1689627493074281,20,0.31449683251908195,0.46112886816566817,training_seed_or_data_batch,False
P-EA,SA,mc_raw,shared_offset,128,100,SA,False,candidate_p_0,0.31094178297014385,0.00652839167861904,20,0.3082121761337681,0.31378811800605105,training_seed_or_data_batch,False
P-EA,SA,mc_raw,shared_offset,128,100,SA,False,candidate_p_1,0.7106465342238285,0.0062103814611088526,20,0.7080558434297705,0.7133580782428202,training_seed_or_data_batch,False
P-EA,SA,mc_raw,shared_offset,128,100,SA,False,source_direction_error,0.025821153678858576,0.02965439658446008,20,0.014545075930286271,0.039624858409519036,training_seed_or_data_batch,False
P-EA,SA,mc_raw,shared_offset,128,100,SA,False,source_exact_score,0.04070684632114134,0.029654396584460077,20,0.026903141590480864,0.051982924069713644,training_seed_or_data_batch,False
P-EA,SA,mc_raw,shared_offset,128,100,SA,False,additional_training_environment_steps,0.0,0.0,20,0.0,0.0,training_seed_or_data_batch,False
P-EA,SA,mc_raw,shared_offset,128,100,SA,False,replayed_source_episodes,128.0,0.0,20,128.0,128.0,training_seed_or_data_batch,False
P-EA,SA,mc_raw,shared_offset,128,100,SA,False,report_validation_episodes,500.0,0.0,20,500.0,500.0,training_seed_or_data_batch,False
P-EA,SA,mc_raw,shared_offset,128,1000,SA,False,source_steps_total,628.0,0.0,20,628.0,628.0,training_seed_or_data_batch,False
P-EA,SA,mc_raw,shared_offset,128,1000,SA,False,eta,0.10000000000000002,1.4238309865648918e-17,20,0.10000000000000002,0.10000000000000002,training_seed_or_data_batch,False
P-EA,SA,mc_raw,shared_offset,128,1000,SA,False,ideal_return_gain,0.030488973283247255,0.015159884437389982,20,0.024251368938210463,0.03726256960614927,training_seed_or_data_batch,False
P-EA,SA,mc_raw,shared_offset,128,1000,SA,False,actual_return_gain,0.022944103622816726,0.014669166292124627,20,0.016812426827239838,0.029384229898029635,training_seed_or_data_batch,False
P-EA,SA,mc_raw,shared_offset,128,1000,SA,False,learned_direction_derivative,0.28530300550306503,0.13031246836592503,20,0.23144694150938744,0.3439175711417007,training_seed_or_data_batch,False
P-EA,SA,mc_raw,shared_offset,128,1000,SA,False,projected_direction_derivative,0.2104125254150635,0.12273318345089128,20,0.15952886145129425,0.26449499276609095,training_seed_or_data_batch,False
P-EA,SA,mc_raw,shared_offset,128,1000,SA,False,realized_path_derivative,0.20712806529420824,0.12251540519959475,20,0.15597299150907554,0.2606778878382066,training_seed_or_data_batch,False
P-EA,SA,mc_raw,shared_offset,128,1000,SA,False,forward_kl_training,0.0001302117670823278,9.553355869697855e-05,20,9.168459274328237e-05,0.00017330065392140835,training_seed_or_data_batch,False
P-EA,SA,mc_raw,shared_offset,128,1000,SA,False,forward_kl_validation,0.00013025858024622196,9.61523695603827e-05,20,9.151654775764416e-05,0.00017351002000589861,training_seed_or_data_batch,False
P-EA,SA,mc_raw,shared_offset,128,1000,SA,False,forward_kl_exact,0.00013039673019725587,9.640852254645641e-05,20,9.148500271179345e-05,0.00017383510152560168,training_seed_or_data_batch,False
P-EA,SA,mc_raw,shared_offset,128,1000,SA,False,old_new_kl,0.0003683180092772599,0.0004107180466542729,20,0.000206969771439218,0.0005530052866876104,training_seed_or_data_batch,False
P-EA,SA,mc_raw,shared_offset,128,1000,SA,False,direction_realization_residual,0.026315664728775102,0.01951267799051893,20,0.01845078415456058,0.035095772574231784,training_seed_or_data_batch,False
P-EA,SA,mc_raw,shared_offset,128,1000,SA,False,seconds,0.1557576899882406,0.00854019886104761,20,0.15210122949269136,0.15931832550966646,training_seed_or_data_batch,False
P-EA,SA,mc_raw,shared_offset,128,1000,SA,False,learned_q_0,0.07518795292542246,0.19199038181077765,20,-0.008905512969708986,0.1572734179168008,training_seed_or_data_batch,False
P-EA,SA,mc_raw,shared_offset,128,1000,SA,False,learned_q_1,0.384755082918815,0.1689627493074281,20,0.31449683251908195,0.46112886816566817,training_seed_or_data_batch,False
P-EA,SA,mc_raw,shared_offset,128,1000,SA,False,candidate_p_0,0.31093281053954536,0.006536822853641213,20,0.30820587133646743,0.31378683063910906,training_seed_or_data_batch,False
P-EA,SA,mc_raw,shared_offset,128,1000,SA,False,candidate_p_1,0.7106377438752821,0.006217842287716272,20,0.7080418327046247,0.7133522737046307,training_seed_or_data_batch,False
P-EA,SA,mc_raw,shared_offset,128,1000,SA,False,source_direction_error,0.025821153678858576,0.02965439658446008,20,0.014545075930286271,0.039624858409519036,training_seed_or_data_batch,False
P-EA,SA,mc_raw,shared_offset,128,1000,SA,False,source_exact_score,0.04070684632114134,0.029654396584460077,20,0.026903141590480864,0.051982924069713644,training_seed_or_data_batch,False
P-EA,SA,mc_raw,shared_offset,128,1000,SA,False,additional_training_environment_steps,0.0,0.0,20,0.0,0.0,training_seed_or_data_batch,False
P-EA,SA,mc_raw,shared_offset,128,1000,SA,False,replayed_source_episodes,128.0,0.0,20,128.0,128.0,training_seed_or_data_batch,False
P-EA,SA,mc_raw,shared_offset,128,1000,SA,False,report_validation_episodes,500.0,0.0,20,500.0,500.0,training_seed_or_data_batch,False
P-EA,SA,mc_raw,table,512,1,SA,False,source_steps_total,1012.0,0.0,20,1012.0,1012.0,training_seed_or_data_batch,False
P-EA,SA,mc_raw,table,512,1,SA,False,eta,0.10000000000000002,1.4238309865648918e-17,20,0.10000000000000002,0.10000000000000002,training_seed_or_data_batch,False
P-EA,SA,mc_raw,table,512,1,SA,False,ideal_return_gain,0.026016663429914915,0.004829342762318451,20,0.0238480322016825,0.028003839061585222,training_seed_or_data_batch,False
P-EA,SA,mc_raw,table,512,1,SA,False,actual_return_gain,0.012216753315586961,0.0011090731024721698,20,0.011762610651841319,0.012670846803824323,training_seed_or_data_batch,False
P-EA,SA,mc_raw,table,512,1,SA,False,learned_direction_derivative,0.24968512859307124,0.044927395378224114,20,0.22959979777444858,0.2681395150414118,training_seed_or_data_batch,False
P-EA,SA,mc_raw,table,512,1,SA,False,projected_direction_derivative,0.24968512859307124,0.044927395378224114,20,0.22959979777444858,0.2681395150414118,training_seed_or_data_batch,False
P-EA,SA,mc_raw,table,512,1,SA,False,realized_path_derivative,0.11733071027756184,0.008862405987799554,20,0.1137017763965052,0.12095930634842154,training_seed_or_data_batch,False
P-EA,SA,mc_raw,table,512,1,SA,False,forward_kl_training,0.00011153453656261494,5.886251100924645e-05,20,8.58172527736626e-05,0.00013593040007253687,training_seed_or_data_batch,False
P-EA,SA,mc_raw,table,512,1,SA,False,forward_kl_validation,0.00011170264607280778,5.8899012579422746e-05,20,8.622252893890907e-05,0.0001362384833964774,training_seed_or_data_batch,False
P-EA,SA,mc_raw,table,512,1,SA,False,forward_kl_exact,0.00011146491291543982,5.873777584751078e-05,20,8.585672026696646e-05,0.00013560631710369424,training_seed_or_data_batch,False
P-EA,SA,mc_raw,table,512,1,SA,False,old_new_kl,9.437431962245166e-05,1.1045956368843749e-07,20,9.432784777283103e-05,9.441887185831516e-05,training_seed_or_data_batch,False
P-EA,SA,mc_raw,table,512,1,SA,False,direction_realization_residual,0.022765728025792333,0.012071616008650508,20,0.01751857150449852,0.027731241309806576,training_seed_or_data_batch,False
P-EA,SA,mc_raw,table,512,1,SA,False,seconds,0.0010190650064032525,0.00022117568513132534,20,0.0009326450174557976,0.001115140003530541,training_seed_or_data_batch,False
P-EA,SA,mc_raw,table,512,1,SA,False,learned_q_0,0.04366645507339125,0.07676644285435327,20,0.00964217941989189,0.07580329321287851,training_seed_or_data_batch,False
P-EA,SA,mc_raw,table,512,1,SA,False,learned_q_1,0.33918081136457384,0.0626437679607036,20,0.3118798188488517,0.36520423799460283,training_seed_or_data_batch,False
P-EA,SA,mc_raw,table,512,1,SA,False,candidate_p_0,0.3044474353256803,0.0046156579629361765,20,0.30255743830179005,0.30633725213470225,training_seed_or_data_batch,False
P-EA,SA,mc_raw,table,512,1,SA,False,candidate_p_1,0.7062619509907065,1.4823228913769223e-09,20,0.7062619503155951,0.7062619516006596,training_seed_or_data_batch,False
P-EA,SA,mc_raw,table,512,1,SA,False,source_direction_error,0.0040680929169750225,0.004381828351511858,20,0.0023441633630175234,0.005941306066282218,training_seed_or_data_batch,False
P-EA,SA,mc_raw,table,512,1,SA,False,source_exact_score,0.062459907083024915,0.0043818283515118525,20,0.060586693933717704,0.06418383663698239,training_seed_or_data_batch,False
P-EA,SA,mc_raw,table,512,1,SA,False,additional_training_environment_steps,0.0,0.0,20,0.0,0.0,training_seed_or_data_batch,False
P-EA,SA,mc_raw,table,512,1,SA,False,replayed_source_episodes,512.0,0.0,20,512.0,512.0,training_seed_or_data_batch,False
P-EA,SA,mc_raw,table,512,1,SA,False,report_validation_episodes,500.0,0.0,20,500.0,500.0,training_seed_or_data_batch,False
P-EA,SA,mc_raw,table,512,10,SA,False,source_steps_total,1012.0,0.0,20,1012.0,1012.0,training_seed_or_data_batch,False
P-EA,SA,mc_raw,table,512,10,SA,False,eta,0.10000000000000002,1.4238309865648918e-17,20,0.10000000000000002,0.10000000000000002,training_seed_or_data_batch,False
P-EA,SA,mc_raw,table,512,10,SA,False,ideal_return_gain,0.026016663429914915,0.004829342762318451,20,0.0238480322016825,0.028003839061585222,training_seed_or_data_batch,False
P-EA,SA,mc_raw,table,512,10,SA,False,actual_return_gain,0.026523459652713376,0.010138849005027008,20,0.022086486760949212,0.03068210415046912,training_seed_or_data_batch,False
P-EA,SA,mc_raw,table,512,10,SA,False,learned_direction_derivative,0.24968512859307124,0.044927395378224114,20,0.22959979777444858,0.2681395150414118,training_seed_or_data_batch,False
P-EA,SA,mc_raw,table,512,10,SA,False,projected_direction_derivative,0.24968512859307124,0.044927395378224114,20,0.22959979777444858,0.2681395150414118,training_seed_or_data_batch,False
P-EA,SA,mc_raw,table,512,10,SA,False,realized_path_derivative,0.2526231124341951,0.09455711338901657,20,0.21088475915795385,0.29169774992146547,training_seed_or_data_batch,False
P-EA,SA,mc_raw,table,512,10,SA,False,forward_kl_training,1.519523885267102e-05,8.61833846496223e-06,20,1.159015724675667e-05,1.8849375177458394e-05,training_seed_or_data_batch,False
P-EA,SA,mc_raw,table,512,10,SA,False,forward_kl_validation,1.5130266221246539e-05,8.57303713115661e-06,20,1.1553909595681867e-05,1.8825241744333675e-05,training_seed_or_data_batch,False
P-EA,SA,mc_raw,table,512,10,SA,False,forward_kl_exact,1.5161581859393359e-05,8.606563108140558e-06,20,1.1575698056110323e-05,1.88455068617764e-05,training_seed_or_data_batch,False
P-EA,SA,mc_raw,table,512,10,SA,False,old_new_kl,0.00034955583470212056,0.0002208484463611976,20,0.0002543625315449519,0.0004427686583139983,training_seed_or_data_batch,False
P-EA,SA,mc_raw,table,512,10,SA,False,direction_realization_residual,0.003094000203862519,0.0017637887810691994,20,0.002358505317497844,0.0038444828308283057,training_seed_or_data_batch,False
P-EA,SA,mc_raw,table,512,10,SA,False,seconds,0.002658514981158078,0.00058555938316073,20,0.002425595727399923,0.0029169743391685185,training_seed_or_data_batch,False
P-EA,SA,mc_raw,table,512,10,SA,False,learned_q_0,0.04366645507339125,0.07676644285435327,20,0.00964217941989189,0.07580329321287851,training_seed_or_data_batch,False
P-EA,SA,mc_raw,table,512,10,SA,False,learned_q_1,0.33918081136457384,0.0626437679607036,20,0.3118798188488517,0.36520423799460283,training_seed_or_data_batch,False
P-EA,SA,mc_raw,table,512,10,SA,False,candidate_p_0,0.3030384155227144,0.003552712351455091,20,0.3014891498556145,0.3043825949239868,training_seed_or_data_batch,False
P-EA,SA,mc_raw,table,512,10,SA,False,candidate_p_1,0.7140579702283184,0.005395086443201531,20,0.7117063204334348,0.7163099351866892,training_seed_or_data_batch,False
P-EA,SA,mc_raw,table,512,10,SA,False,source_direction_error,0.0040680929169750225,0.004381828351511858,20,0.0023441633630175234,0.005941306066282218,training_seed_or_data_batch,False
P-EA,SA,mc_raw,table,512,10,SA,False,source_exact_score,0.062459907083024915,0.0043818283515118525,20,0.060586693933717704,0.06418383663698239,training_seed_or_data_batch,False
P-EA,SA,mc_raw,table,512,10,SA,False,additional_training_environment_steps,0.0,0.0,20,0.0,0.0,training_seed_or_data_batch,False
P-EA,SA,mc_raw,table,512,10,SA,False,replayed_source_episodes,512.0,0.0,20,512.0,512.0,training_seed_or_data_batch,False
P-EA,SA,mc_raw,table,512,10,SA,False,report_validation_episodes,500.0,0.0,20,500.0,500.0,training_seed_or_data_batch,False
P-EA,SA,mc_raw,table,512,100,SA,False,source_steps_total,1012.0,0.0,20,1012.0,1012.0,training_seed_or_data_batch,False
P-EA,SA,mc_raw,table,512,100,SA,False,eta,0.10000000000000002,1.4238309865648918e-17,20,0.10000000000000002,0.10000000000000002,training_seed_or_data_batch,False
P-EA,SA,mc_raw,table,512,100,SA,False,ideal_return_gain,0.026016663429914915,0.004829342762318451,20,0.0238480322016825,0.028003839061585222,training_seed_or_data_batch,False
P-EA,SA,mc_raw,table,512,100,SA,False,actual_return_gain,0.026039031418165874,0.004833237853392124,20,0.023867103723062923,0.02803391988057159,training_seed_or_data_batch,False
P-EA,SA,mc_raw,table,512,100,SA,False,learned_direction_derivative,0.24968512859307124,0.044927395378224114,20,0.22959979777444858,0.2681395150414118,training_seed_or_data_batch,False
P-EA,SA,mc_raw,table,512,100,SA,False,projected_direction_derivative,0.24968512859307124,0.044927395378224114,20,0.22959979777444858,0.2681395150414118,training_seed_or_data_batch,False
P-EA,SA,mc_raw,table,512,100,SA,False,realized_path_derivative,0.2498926807514387,0.04495244441068522,20,0.22977884446335195,0.2683591988786219,training_seed_or_data_batch,False
P-EA,SA,mc_raw,table,512,100,SA,False,forward_kl_training,2.7354965191476757e-09,1.9009732758773567e-09,20,1.925342137338813e-09,3.506293215316783e-09,training_seed_or_data_batch,False
P-EA,SA,mc_raw,table,512,100,SA,False,forward_kl_validation,2.726782103214863e-09,1.908232023300018e-09,20,1.909328394250939e-09,3.5013410450656196e-09,training_seed_or_data_batch,False
P-EA,SA,mc_raw,table,512,100,SA,False,forward_kl_exact,2.7295513486448957e-09,1.914757772627322e-09,20,1.90509660824883e-09,3.5085078760055063e-09,training_seed_or_data_batch,False
P-EA,SA,mc_raw,table,512,100,SA,False,old_new_kl,0.0003095280290138848,0.00010713117495669101,20,0.00026308919265048914,0.00035413552071284805,training_seed_or_data_batch,False
P-EA,SA,mc_raw,table,512,100,SA,False,direction_realization_residual,5.593040798678263e-07,3.938063359735818e-07,20,3.8956330017299193e-07,7.192465777608498e-07,training_seed_or_data_batch,False
P-EA,SA,mc_raw,table,512,100,SA,False,seconds,0.01759859500452876,0.0017064241905531932,20,0.016952103358635215,0.01837098136456916,training_seed_or_data_batch,False
P-EA,SA,mc_raw,table,512,100,SA,False,learned_q_0,0.04366645507339125,0.07676644285435327,20,0.00964217941989189,0.07580329321287851,training_seed_or_data_batch,False
P-EA,SA,mc_raw,table,512,100,SA,False,learned_q_1,0.33918081136457384,0.0626437679607036,20,0.3118798188488517,0.36520423799460283,training_seed_or_data_batch,False
P-EA,SA,mc_raw,table,512,100,SA,False,candidate_p_0,0.3018473220355174,0.0032284339114227105,20,0.30042045841827275,0.30320332275109985,training_seed_or_data_batch,False
P-EA,SA,mc_raw,table,512,100,SA,False,candidate_p_1,0.7140546689869302,0.0025605905061729444,20,0.7129394955407334,0.715118616124498,training_seed_or_data_batch,False
P-EA,SA,mc_raw,table,512,100,SA,False,source_direction_error,0.0040680929169750225,0.004381828351511858,20,0.0023441633630175234,0.005941306066282218,training_seed_or_data_batch,False
P-EA,SA,mc_raw,table,512,100,SA,False,source_exact_score,0.062459907083024915,0.0043818283515118525,20,0.060586693933717704,0.06418383663698239,training_seed_or_data_batch,False
P-EA,SA,mc_raw,table,512,100,SA,False,additional_training_environment_steps,0.0,0.0,20,0.0,0.0,training_seed_or_data_batch,False
P-EA,SA,mc_raw,table,512,100,SA,False,replayed_source_episodes,512.0,0.0,20,512.0,512.0,training_seed_or_data_batch,False
P-EA,SA,mc_raw,table,512,100,SA,False,report_validation_episodes,500.0,0.0,20,500.0,500.0,training_seed_or_data_batch,False
P-EA,SA,mc_raw,table,512,1000,SA,False,source_steps_total,1012.0,0.0,20,1012.0,1012.0,training_seed_or_data_batch,False
P-EA,SA,mc_raw,table,512,1000,SA,False,eta,0.10000000000000002,1.4238309865648918e-17,20,0.10000000000000002,0.10000000000000002,training_seed_or_data_batch,False
P-EA,SA,mc_raw,table,512,1000,SA,False,ideal_return_gain,0.026016663429914915,0.004829342762318451,20,0.0238480322016825,0.028003839061585222,training_seed_or_data_batch,False
P-EA,SA,mc_raw,table,512,1000,SA,False,actual_return_gain,0.026016663429914898,0.0048293427623184795,20,0.023848032201682436,0.02800383906158522,training_seed_or_data_batch,False
P-EA,SA,mc_raw,table,512,1000,SA,False,learned_direction_derivative,0.24968512859307124,0.044927395378224114,20,0.22959979777444858,0.2681395150414118,training_seed_or_data_batch,False
P-EA,SA,mc_raw,table,512,1000,SA,False,projected_direction_derivative,0.24968512859307124,0.044927395378224114,20,0.22959979777444858,0.2681395150414118,training_seed_or_data_batch,False
P-EA,SA,mc_raw,table,512,1000,SA,False,realized_path_derivative,0.24968512859307132,0.044927395378224745,20,0.22959979777444917,0.26813951504141187,training_seed_or_data_batch,False
P-EA,SA,mc_raw,table,512,1000,SA,False,forward_kl_training,1.2154012605944071e-17,2.793258197253716e-17,20,2.8623174217051154e-20,2.3947195069722518e-17,training_seed_or_data_batch,False
P-EA,SA,mc_raw,table,512,1000,SA,False,forward_kl_validation,1.214793655322097e-17,2.7845465255834305e-17,20,9.387369991300811e-20,2.3807110949612467e-17,training_seed_or_data_batch,False
P-EA,SA,mc_raw,table,512,1000,SA,False,forward_kl_exact,1.2149770603540816e-17,2.781659702955693e-17,20,1.228755080207859e-19,2.3796686969669162e-17,training_seed_or_data_batch,False
P-EA,SA,mc_raw,table,512,1000,SA,False,old_new_kl,0.00030902430143181395,0.00010684586928728476,20,0.0002627467690137187,0.0003535920869946807,training_seed_or_data_batch,False
P-EA,SA,mc_raw,table,512,1000,SA,False,direction_realization_residual,5.934991958690676e-30,6.117795600100295e-30,20,3.641195882638604e-30,8.544099180320526e-30,training_seed_or_data_batch,False
P-EA,SA,mc_raw,table,512,1000,SA,False,seconds,0.16796124498941936,0.010381038780998946,20,0.16363992674116162,0.17266914499035918,training_seed_or_data_batch,False
P-EA,SA,mc_raw,table,512,1000,SA,False,learned_q_0,0.04366645507339125,0.07676644285435327,20,0.00964217941989189,0.07580329321287851,training_seed_or_data_batch,False
P-EA,SA,mc_raw,table,512,1000,SA,False,learned_q_1,0.33918081136457384,0.0626437679607036,20,0.3118798188488517,0.36520423799460283,training_seed_or_data_batch,False
P-EA,SA,mc_raw,table,512,1000,SA,False,candidate_p_0,0.3018465680839102,0.0032262647389328593,20,0.300417975031245,0.3031978764557787,training_seed_or_data_batch,False
P-EA,SA,mc_raw,table,512,1000,SA,False,candidate_p_1,0.7140430779620457,0.0025593109407523232,20,0.712928463903619,0.7151062146110538,training_seed_or_data_batch,False
P-EA,SA,mc_raw,table,512,1000,SA,False,source_direction_error,0.0040680929169750225,0.004381828351511858,20,0.0023441633630175234,0.005941306066282218,training_seed_or_data_batch,False
P-EA,SA,mc_raw,table,512,1000,SA,False,source_exact_score,0.062459907083024915,0.0043818283515118525,20,0.060586693933717704,0.06418383663698239,training_seed_or_data_batch,False
P-EA,SA,mc_raw,table,512,1000,SA,False,additional_training_environment_steps,0.0,0.0,20,0.0,0.0,training_seed_or_data_batch,False
P-EA,SA,mc_raw,table,512,1000,SA,False,replayed_source_episodes,512.0,0.0,20,512.0,512.0,training_seed_or_data_batch,False
P-EA,SA,mc_raw,table,512,1000,SA,False,report_validation_episodes,500.0,0.0,20,500.0,500.0,training_seed_or_data_batch,False
P-EA,SA,mc_raw,shared_offset,512,1,SA,False,source_steps_total,1012.0,0.0,20,1012.0,1012.0,training_seed_or_data_batch,False
P-EA,SA,mc_raw,shared_offset,512,1,SA,False,eta,0.10000000000000002,1.4238309865648918e-17,20,0.10000000000000002,0.10000000000000002,training_seed_or_data_batch,False
P-EA,SA,mc_raw,shared_offset,512,1,SA,False,ideal_return_gain,0.026016663429914915,0.004829342762318451,20,0.0238480322016825,0.028003839061585222,training_seed_or_data_batch,False
P-EA,SA,mc_raw,shared_offset,512,1,SA,False,actual_return_gain,0.012670926540149705,3.3711634474747363e-09,20,0.012670924974488148,0.0126709279175398,training_seed_or_data_batch,False
P-EA,SA,mc_raw,shared_offset,512,1,SA,False,learned_direction_derivative,0.24968512859307124,0.044927395378224114,20,0.22959979777444858,0.2681395150414118,training_seed_or_data_batch,False
P-EA,SA,mc_raw,shared_offset,512,1,SA,False,projected_direction_derivative,0.17819429551910831,0.03605823830340337,20,0.162467469020185,0.1938551433945754,training_seed_or_data_batch,False
P-EA,SA,mc_raw,shared_offset,512,1,SA,False,realized_path_derivative,0.12095986251815742,3.078994326183086e-08,20,0.1209598482184558,0.12095987509831366,training_seed_or_data_batch,False
P-EA,SA,mc_raw,shared_offset,512,1,SA,False,forward_kl_training,0.00012587012040610502,7.506214180394606e-05,20,9.4673101383645e-05,0.0001573007923246707,training_seed_or_data_batch,False
P-EA,SA,mc_raw,shared_offset,512,1,SA,False,forward_kl_validation,0.0001259732694176547,7.504151559033982e-05,20,9.466565344518907e-05,0.00015764341273974113,training_seed_or_data_batch,False
P-EA,SA,mc_raw,shared_offset,512,1,SA,False,forward_kl_exact,0.00012559151766606562,7.481093405464599e-05,20,9.46120489500542e-05,0.00015703992637631245,training_seed_or_data_batch,False
P-EA,SA,mc_raw,shared_offset,512,1,SA,False,old_new_kl,9.442234786989036e-05,4.804961946504943e-11,20,9.442232555432333e-05,9.442236750200634e-05,training_seed_or_data_batch,False
P-EA,SA,mc_raw,shared_offset,512,1,SA,False,direction_realization_residual,0.025596957587331014,0.015268565984686655,20,0.019262756096171278,0.03202311838874337,training_seed_or_data_batch,False
P-EA,SA,mc_raw,shared_offset,512,1,SA,False,seconds,0.0005933649896178395,9.901478048123713e-05,20,0.0005538526167219971,0.0006371892588504124,training_seed_or_data_batch,False
P-EA,SA,mc_raw,shared_offset,512,1,SA,False,learned_q_0,0.04366645507339125,0.07676644285435327,20,0.00964217941989189,0.07580329321287851,training_seed_or_data_batch,False
P-EA,SA,mc_raw,shared_offset,512,1,SA,False,learned_q_1,0.33918081136457384,0.0626437679607036,20,0.3118798188488517,0.36520423799460283,training_seed_or_data_batch,False
P-EA,SA,mc_raw,shared_offset,512,1,SA,False,candidate_p_0,0.30633754274524383,1.6226945483982221e-09,20,0.30633754199161956,0.3063375434082445,training_seed_or_data_batch,False
P-EA,SA,mc_raw,shared_offset,512,1,SA,False,candidate_p_1,0.7062619515347296,1.5842159506931117e-09,20,0.7062619507989758,0.7062619521820086,training_seed_or_data_batch,False
P-EA,SA,mc_raw,shared_offset,512,1,SA,False,source_direction_error,0.0040680929169750225,0.004381828351511858,20,0.0023441633630175234,0.005941306066282218,training_seed_or_data_batch,False
P-EA,SA,mc_raw,shared_offset,512,1,SA,False,source_exact_score,0.062459907083024915,0.0043818283515118525,20,0.060586693933717704,0.06418383663698239,training_seed_or_data_batch,False
P-EA,SA,mc_raw,shared_offset,512,1,SA,False,additional_training_environment_steps,0.0,0.0,20,0.0,0.0,training_seed_or_data_batch,False
P-EA,SA,mc_raw,shared_offset,512,1,SA,False,replayed_source_episodes,512.0,0.0,20,512.0,512.0,training_seed_or_data_batch,False
P-EA,SA,mc_raw,shared_offset,512,1,SA,False,report_validation_episodes,500.0,0.0,20,500.0,500.0,training_seed_or_data_batch,False
P-EA,SA,mc_raw,shared_offset,512,10,SA,False,source_steps_total,1012.0,0.0,20,1012.0,1012.0,training_seed_or_data_batch,False
P-EA,SA,mc_raw,shared_offset,512,10,SA,False,eta,0.10000000000000002,1.4238309865648918e-17,20,0.10000000000000002,0.10000000000000002,training_seed_or_data_batch,False
P-EA,SA,mc_raw,shared_offset,512,10,SA,False,ideal_return_gain,0.026016663429914915,0.004829342762318451,20,0.0238480322016825,0.028003839061585222,training_seed_or_data_batch,False
P-EA,SA,mc_raw,shared_offset,512,10,SA,False,actual_return_gain,0.012014163259413662,0.003826993523673655,20,0.010536666179550062,0.013752690818855095,training_seed_or_data_batch,False
P-EA,SA,mc_raw,shared_offset,512,10,SA,False,learned_direction_derivative,0.24968512859307124,0.044927395378224114,20,0.22959979777444858,0.2681395150414118,training_seed_or_data_batch,False
P-EA,SA,mc_raw,shared_offset,512,10,SA,False,projected_direction_derivative,0.17819429551910831,0.03605823830340337,20,0.162467469020185,0.1938551433945754,training_seed_or_data_batch,False
P-EA,SA,mc_raw,shared_offset,512,10,SA,False,realized_path_derivative,0.11454593649848843,0.03443304110450598,20,0.10118775728620563,0.12997944919936202,training_seed_or_data_batch,False
P-EA,SA,mc_raw,shared_offset,512,10,SA,False,forward_kl_training,0.00012569552646339485,6.976675794152657e-05,20,9.817447015248605e-05,0.00015765695453384197,training_seed_or_data_batch,False
P-EA,SA,mc_raw,shared_offset,512,10,SA,False,forward_kl_validation,0.0001256553208157427,6.999879560288834e-05,20,9.810339434805239e-05,0.00015740821481660664,training_seed_or_data_batch,False
P-EA,SA,mc_raw,shared_offset,512,10,SA,False,forward_kl_exact,0.0001255278779809885,6.99727609129764e-05,20,9.762272271687176e-05,0.00015754851994433523,training_seed_or_data_batch,False
P-EA,SA,mc_raw,shared_offset,512,10,SA,False,old_new_kl,9.193264496532372e-05,6.375235105833335e-05,20,6.850210194215074e-05,0.0001222339408335843,training_seed_or_data_batch,False
P-EA,SA,mc_raw,shared_offset,512,10,SA,False,direction_realization_residual,0.025581074228341428,0.014271241540135114,20,0.019888097026255307,0.03211590626060095,training_seed_or_data_batch,False
P-EA,SA,mc_raw,shared_offset,512,10,SA,False,seconds,0.002100495022023097,0.0004156102894250001,20,0.0019357356554246508,0.002302280521544162,training_seed_or_data_batch,False
P-EA,SA,mc_raw,shared_offset,512,10,SA,False,learned_q_0,0.04366645507339125,0.07676644285435327,20,0.00964217941989189,0.07580329321287851,training_seed_or_data_batch,False
P-EA,SA,mc_raw,shared_offset,512,10,SA,False,learned_q_1,0.33918081136457384,0.0626437679607036,20,0.3118798188488517,0.36520423799460283,training_seed_or_data_batch,False
P-EA,SA,mc_raw,shared_offset,512,10,SA,False,candidate_p_0,0.30600246466503,0.0018183552544019253,20,0.305298417940965,0.30681899534727547,training_seed_or_data_batch,False
P-EA,SA,mc_raw,shared_offset,512,10,SA,False,candidate_p_1,0.7059288617199788,0.001767814110292968,20,0.7052416002824428,0.7067196355305262,training_seed_or_data_batch,False
P-EA,SA,mc_raw,shared_offset,512,10,SA,False,source_direction_error,0.0040680929169750225,0.004381828351511858,20,0.0023441633630175234,0.005941306066282218,training_seed_or_data_batch,False
P-EA,SA,mc_raw,shared_offset,512,10,SA,False,source_exact_score,0.062459907083024915,0.0043818283515118525,20,0.060586693933717704,0.06418383663698239,training_seed_or_data_batch,False
P-EA,SA,mc_raw,shared_offset,512,10,SA,False,additional_training_environment_steps,0.0,0.0,20,0.0,0.0,training_seed_or_data_batch,False
P-EA,SA,mc_raw,shared_offset,512,10,SA,False,replayed_source_episodes,512.0,0.0,20,512.0,512.0,training_seed_or_data_batch,False
P-EA,SA,mc_raw,shared_offset,512,10,SA,False,report_validation_episodes,500.0,0.0,20,500.0,500.0,training_seed_or_data_batch,False
P-EA,SA,mc_raw,shared_offset,512,100,SA,False,source_steps_total,1012.0,0.0,20,1012.0,1012.0,training_seed_or_data_batch,False
P-EA,SA,mc_raw,shared_offset,512,100,SA,False,eta,0.10000000000000002,1.4238309865648918e-17,20,0.10000000000000002,0.10000000000000002,training_seed_or_data_batch,False
P-EA,SA,mc_raw,shared_offset,512,100,SA,False,ideal_return_gain,0.026016663429914915,0.004829342762318451,20,0.0238480322016825,0.028003839061585222,training_seed_or_data_batch,False
P-EA,SA,mc_raw,shared_offset,512,100,SA,False,actual_return_gain,0.01891933073966632,0.004092448573677687,20,0.01714558365023452,0.02066948914464607,training_seed_or_data_batch,False
P-EA,SA,mc_raw,shared_offset,512,100,SA,False,learned_direction_derivative,0.24968512859307124,0.044927395378224114,20,0.22959979777444858,0.2681395150414118,training_seed_or_data_batch,False
P-EA,SA,mc_raw,shared_offset,512,100,SA,False,projected_direction_derivative,0.17819429551910831,0.03605823830340337,20,0.162467469020185,0.1938551433945754,training_seed_or_data_batch,False
P-EA,SA,mc_raw,shared_offset,512,100,SA,False,realized_path_derivative,0.1764974574597943,0.03591303835319076,20,0.16089484282655755,0.19189947484119665,training_seed_or_data_batch,False
P-EA,SA,mc_raw,shared_offset,512,100,SA,False,forward_kl_training,9.804819999514492e-05,7.052404517895726e-05,20,7.090686640305922e-05,0.0001295077773857234,training_seed_or_data_batch,False
P-EA,SA,mc_raw,shared_offset,512,100,SA,False,forward_kl_validation,9.821176530653125e-05,7.044425956259434e-05,20,7.082265666710973e-05,0.00012964357651212274,training_seed_or_data_batch,False
P-EA,SA,mc_raw,shared_offset,512,100,SA,False,forward_kl_exact,9.821335385976865e-05,7.0226851830206e-05,20,7.103309644918235e-05,0.0001293199817528348,training_seed_or_data_batch,False
P-EA,SA,mc_raw,shared_offset,512,100,SA,False,old_new_kl,0.0002088392399112647,8.321107548589573e-05,20,0.00017290354481374934,0.0002452491056636477,training_seed_or_data_batch,False
P-EA,SA,mc_raw,shared_offset,512,100,SA,False,direction_realization_residual,0.01978926698286817,0.014233929347297695,20,0.014281953847276345,0.026096981333387864,training_seed_or_data_batch,False
P-EA,SA,mc_raw,shared_offset,512,100,SA,False,seconds,0.0164090650039725,0.0020535579593812217,20,0.015579752646735869,0.0173850768932607,training_seed_or_data_batch,False
P-EA,SA,mc_raw,shared_offset,512,100,SA,False,learned_q_0,0.04366645507339125,0.07676644285435327,20,0.00964217941989189,0.07580329321287851,training_seed_or_data_batch,False
P-EA,SA,mc_raw,shared_offset,512,100,SA,False,learned_q_1,0.33918081136457384,0.0626437679607036,20,0.3118798188488517,0.36520423799460283,training_seed_or_data_batch,False
P-EA,SA,mc_raw,shared_offset,512,100,SA,False,candidate_p_0,0.30927534260345957,0.001903036993023028,20,0.30844935862292866,0.3100914519732384,training_seed_or_data_batch,False
P-EA,SA,mc_raw,shared_offset,512,100,SA,False,candidate_p_1,0.7091081012997988,0.0018369305287071868,20,0.708308357395418,0.7098946163649281,training_seed_or_data_batch,False
P-EA,SA,mc_raw,shared_offset,512,100,SA,False,source_direction_error,0.0040680929169750225,0.004381828351511858,20,0.0023441633630175234,0.005941306066282218,training_seed_or_data_batch,False
P-EA,SA,mc_raw,shared_offset,512,100,SA,False,source_exact_score,0.062459907083024915,0.0043818283515118525,20,0.060586693933717704,0.06418383663698239,training_seed_or_data_batch,False
P-EA,SA,mc_raw,shared_offset,512,100,SA,False,additional_training_environment_steps,0.0,0.0,20,0.0,0.0,training_seed_or_data_batch,False
P-EA,SA,mc_raw,shared_offset,512,100,SA,False,replayed_source_episodes,512.0,0.0,20,512.0,512.0,training_seed_or_data_batch,False
P-EA,SA,mc_raw,shared_offset,512,100,SA,False,report_validation_episodes,500.0,0.0,20,500.0,500.0,training_seed_or_data_batch,False
P-EA,SA,mc_raw,shared_offset,512,1000,SA,False,source_steps_total,1012.0,0.0,20,1012.0,1012.0,training_seed_or_data_batch,False
P-EA,SA,mc_raw,shared_offset,512,1000,SA,False,eta,0.10000000000000002,1.4238309865648918e-17,20,0.10000000000000002,0.10000000000000002,training_seed_or_data_batch,False
P-EA,SA,mc_raw,shared_offset,512,1000,SA,False,ideal_return_gain,0.026016663429914915,0.004829342762318451,20,0.0238480322016825,0.028003839061585222,training_seed_or_data_batch,False
P-EA,SA,mc_raw,shared_offset,512,1000,SA,False,actual_return_gain,0.01893126095748273,0.004098309538051613,20,0.017141205109113936,0.020689253716111928,training_seed_or_data_batch,False
P-EA,SA,mc_raw,shared_offset,512,1000,SA,False,learned_direction_derivative,0.24968512859307124,0.044927395378224114,20,0.22959979777444858,0.2681395150414118,training_seed_or_data_batch,False
P-EA,SA,mc_raw,shared_offset,512,1000,SA,False,projected_direction_derivative,0.17819429551910831,0.03605823830340337,20,0.162467469020185,0.1938551433945754,training_seed_or_data_batch,False
P-EA,SA,mc_raw,shared_offset,512,1000,SA,False,realized_path_derivative,0.1766010043150527,0.03596770646849479,20,0.16084303694989907,0.1919558420047642,training_seed_or_data_batch,False
P-EA,SA,mc_raw,shared_offset,512,1000,SA,False,forward_kl_training,9.804552762919579e-05,7.052361632931862e-05,20,7.090407303359256e-05,0.00012950521924286006,training_seed_or_data_batch,False
P-EA,SA,mc_raw,shared_offset,512,1000,SA,False,forward_kl_validation,9.820626681789711e-05,7.044549047331922e-05,20,7.082201960132335e-05,0.00012963577727609688,training_seed_or_data_batch,False
P-EA,SA,mc_raw,shared_offset,512,1000,SA,False,forward_kl_exact,9.820560365020419e-05,7.02290748210788e-05,20,7.10257828201852e-05,0.00012931010046389794,training_seed_or_data_batch,False
P-EA,SA,mc_raw,shared_offset,512,1000,SA,False,old_new_kl,0.00020909898269826755,8.327072286548204e-05,20,0.00017327098124787757,0.0002453992719766766,training_seed_or_data_batch,False
P-EA,SA,mc_raw,shared_offset,512,1000,SA,False,direction_realization_residual,0.019786947031849363,0.01423434440369802,20,0.014279546265603831,0.02609426946943862,training_seed_or_data_batch,False
P-EA,SA,mc_raw,shared_offset,512,1000,SA,False,seconds,0.15511792499455623,0.007734097320095653,20,0.15177114074380368,0.15856146512727717,training_seed_or_data_batch,False
P-EA,SA,mc_raw,shared_offset,512,1000,SA,False,learned_q_0,0.04366645507339125,0.07676644285435327,20,0.00964217941989189,0.07580329321287851,training_seed_or_data_batch,False
P-EA,SA,mc_raw,shared_offset,512,1000,SA,False,learned_q_1,0.33918081136457384,0.0626437679607036,20,0.3118798188488517,0.36520423799460283,training_seed_or_data_batch,False
P-EA,SA,mc_raw,shared_offset,512,1000,SA,False,candidate_p_0,0.30928083812116147,0.0019059103909209395,20,0.3084461828717245,0.3100952243105449,training_seed_or_data_batch,False
P-EA,SA,mc_raw,shared_offset,512,1000,SA,False,candidate_p_1,0.7091133887257733,0.0018397517270698415,20,0.7083070027232281,0.7098983462734046,training_seed_or_data_batch,False
P-EA,SA,mc_raw,shared_offset,512,1000,SA,False,source_direction_error,0.0040680929169750225,0.004381828351511858,20,0.0023441633630175234,0.005941306066282218,training_seed_or_data_batch,False
P-EA,SA,mc_raw,shared_offset,512,1000,SA,False,source_exact_score,0.062459907083024915,0.0043818283515118525,20,0.060586693933717704,0.06418383663698239,training_seed_or_data_batch,False
P-EA,SA,mc_raw,shared_offset,512,1000,SA,False,additional_training_environment_steps,0.0,0.0,20,0.0,0.0,training_seed_or_data_batch,False
P-EA,SA,mc_raw,shared_offset,512,1000,SA,False,replayed_source_episodes,512.0,0.0,20,512.0,512.0,training_seed_or_data_batch,False
P-EA,SA,mc_raw,shared_offset,512,1000,SA,False,report_validation_episodes,500.0,0.0,20,500.0,500.0,training_seed_or_data_batch,False
