experiment,method,label,actor_class,sample_episodes,fit_steps,direction_method,smoke_only,metric,mean,std,independent_units,ci95_low,ci95_high,interval_unit,small_sample,variant,source_n,target_n
P-A,AN,mc_raw,table,2048,1,AN,False,source_steps_total,2548.0,0.0,10,2548.0,2548.0,training_seed_or_data_batch,False,,,
P-A,AN,mc_raw,table,2048,1,AN,False,eta,0.1,0.0,10,0.1,0.1,training_seed_or_data_batch,False,,,
P-A,AN,mc_raw,table,2048,1,AN,False,ideal_return_gain,0.028095038930868323,0.003819092414698901,10,0.025932588426519534,0.030450052617563,training_seed_or_data_batch,False,,,
P-A,AN,mc_raw,table,2048,1,AN,False,actual_return_gain,0.01236809733860943,0.0009573359235906185,10,0.011762577499609407,0.012670907156366526,training_seed_or_data_batch,False,,,
P-A,AN,mc_raw,table,2048,1,AN,False,learned_direction_derivative,0.2689447348620944,0.03406325569789694,10,0.24942490920208993,0.29005128375369194,training_seed_or_data_batch,False,,,
P-A,AN,mc_raw,table,2048,1,AN,False,projected_direction_derivative,0.2689447348620944,0.03406325569789694,10,0.24942490920208993,0.29005128375369194,training_seed_or_data_batch,False,,,
P-A,AN,mc_raw,table,2048,1,AN,False,realized_path_derivative,0.11854010003418272,0.007649914751599642,10,0.11370154007714713,0.12095972822984484,training_seed_or_data_batch,False,,,
P-A,AN,mc_raw,table,2048,1,AN,False,forward_kl_training,0.00013589189376954797,4.376345335828618e-05,10,0.00010943262251004329,0.00016250405415153683,training_seed_or_data_batch,False,,,
P-A,AN,mc_raw,table,2048,1,AN,False,forward_kl_validation,0.00013599137708874117,4.480127434052809e-05,10,0.00010908170735320603,0.00016327820022429907,training_seed_or_data_batch,False,,,
P-A,AN,mc_raw,table,2048,1,AN,False,forward_kl_exact,0.00013612219821319105,4.373487410906191e-05,10,0.00010977236433130932,0.00016258478071095,training_seed_or_data_batch,False,,,
P-A,AN,mc_raw,table,2048,1,AN,False,old_new_kl,9.43883358170233e-05,9.487463787629485e-08,10,9.432637249167916e-05,9.442151165054104e-05,training_seed_or_data_batch,False,,,
P-A,AN,mc_raw,table,2048,1,AN,False,direction_realization_residual,0.0278114815638054,0.009037487752631676,10,0.022359166374498606,0.033322714932891455,training_seed_or_data_batch,False,,,
P-A,AN,mc_raw,table,2048,1,AN,False,seconds,0.00048275995068252086,0.0002308504902792054,10,0.0003978199325501919,0.0006329519185237587,training_seed_or_data_batch,False,,,
P-A,AN,mc_raw,table,2048,1,AN,False,learned_q_0,0.047796754880908406,0.05223633653812122,10,0.01711915834341735,0.07872300189482168,training_seed_or_data_batch,False,,,
P-A,AN,mc_raw,table,2048,1,AN,False,learned_q_1,0.36525904506792617,0.04451961442341994,10,0.3389202291671817,0.3925180948558074,training_seed_or_data_batch,False,,,
P-A,AN,mc_raw,table,2048,1,AN,False,candidate_p_0,0.3050772942787719,0.003984174308880046,10,0.30255730532871755,0.30633747201831185,training_seed_or_data_batch,False,,,
P-A,AN,mc_raw,table,2048,1,AN,False,candidate_p_1,0.7062619516364175,8.566198132881007e-10,10,0.7062619511117836,0.706261952135841,training_seed_or_data_batch,False,,,
P-A,DA,mc_raw,table,2048,1,,False,source_steps_total,2548.0,0.0,10,2548.0,2548.0,training_seed_or_data_batch,False,,,
P-A,DA,mc_raw,table,2048,1,,False,actual_return_gain,0.012368182147164758,0.0009573680354950732,10,0.011762683250408513,0.012670938174374036,training_seed_or_data_batch,False,,,
P-A,DA,mc_raw,table,2048,1,,False,realized_path_derivative,0.011854071575707623,0.0007650150264677415,10,0.011370229295651462,0.012095997303430263,training_seed_or_data_batch,False,,,
P-A,DA,mc_raw,table,2048,1,,False,old_new_kl,9.439183496121986e-05,9.549684524970438e-08,10,9.433116716943228e-05,9.442245792438733e-05,training_seed_or_data_batch,False,,,
P-A,DA,mc_raw,table,2048,1,,False,candidate_p_0,0.3050775610466675,0.003984297746892704,10,0.3025576470098139,0.30633754222829496,training_seed_or_data_batch,False,,,
P-A,DA,mc_raw,table,2048,1,,False,candidate_p_1,0.7062619579211297,8.647477017237709e-11,10,0.7062619578681165,0.7062619579715589,training_seed_or_data_batch,False,,,
P-A,AN,mc_raw,table,2048,10,AN,False,source_steps_total,2548.0,0.0,10,2548.0,2548.0,training_seed_or_data_batch,False,,,
P-A,AN,mc_raw,table,2048,10,AN,False,eta,0.1,0.0,10,0.1,0.1,training_seed_or_data_batch,False,,,
P-A,AN,mc_raw,table,2048,10,AN,False,ideal_return_gain,0.028095038930868323,0.003819092414698901,10,0.025932588426519534,0.030450052617563,training_seed_or_data_batch,False,,,
P-A,AN,mc_raw,table,2048,10,AN,False,actual_return_gain,0.030767093913138206,0.007981957760019613,10,0.026123797612819286,0.035749274761621735,training_seed_or_data_batch,False,,,
P-A,AN,mc_raw,table,2048,10,AN,False,learned_direction_derivative,0.2689447348620944,0.03406325569789694,10,0.24942490920208993,0.29005128375369194,training_seed_or_data_batch,False,,,
P-A,AN,mc_raw,table,2048,10,AN,False,projected_direction_derivative,0.2689447348620944,0.03406325569789694,10,0.24942490920208993,0.29005128375369194,training_seed_or_data_batch,False,,,
P-A,AN,mc_raw,table,2048,10,AN,False,realized_path_derivative,0.29174708545496525,0.0725133754291188,10,0.24948833302743728,0.33625318456124437,training_seed_or_data_batch,False,,,
P-A,AN,mc_raw,table,2048,10,AN,False,forward_kl_training,1.1753269884787965e-05,9.752902456729033e-06,10,6.875867263967575e-06,1.8332492839365367e-05,training_seed_or_data_batch,False,,,
P-A,AN,mc_raw,table,2048,10,AN,False,forward_kl_validation,1.185550476848333e-05,9.962540455023093e-06,10,6.883527706241025e-06,1.8567379860993636e-05,training_seed_or_data_batch,False,,,
P-A,AN,mc_raw,table,2048,10,AN,False,forward_kl_exact,1.1759372477912978e-05,9.770138128756306e-06,10,6.8919466212335215e-06,1.8404096270112703e-05,training_seed_or_data_batch,False,,,
P-A,AN,mc_raw,table,2048,10,AN,False,old_new_kl,0.00042292087713199087,0.00019915706149991675,10,0.0003145375160044915,0.0005474039464772285,training_seed_or_data_batch,False,,,
P-A,AN,mc_raw,table,2048,10,AN,False,direction_realization_residual,0.002410546658023956,0.002046429948752064,10,0.001394253222453756,0.0037954150911158795,training_seed_or_data_batch,False,,,
P-A,AN,mc_raw,table,2048,10,AN,False,seconds,0.0009178200736641884,0.00010498708194677595,10,0.0008710370201151818,0.00098699192982167,training_seed_or_data_batch,False,,,
P-A,AN,mc_raw,table,2048,10,AN,False,learned_q_0,0.047796754880908406,0.05223633653812122,10,0.01711915834341735,0.07872300189482168,training_seed_or_data_batch,False,,,
P-A,AN,mc_raw,table,2048,10,AN,False,learned_q_1,0.36525904506792617,0.04451961442341994,10,0.3389202291671817,0.3925180948558074,training_seed_or_data_batch,False,,,
P-A,AN,mc_raw,table,2048,10,AN,False,candidate_p_0,0.30335991910782134,0.002515986114075968,10,0.30158380836117316,0.30458210560821564,training_seed_or_data_batch,False,,,
P-A,AN,mc_raw,table,2048,10,AN,False,candidate_p_1,0.7162326003457278,0.004019480581573134,10,0.7138645436968225,0.7186959489745882,training_seed_or_data_batch,False,,,
P-A,DA,mc_raw,table,2048,10,,False,source_steps_total,2548.0,0.0,10,2548.0,2548.0,training_seed_or_data_batch,False,,,
P-A,DA,mc_raw,table,2048,10,,False,actual_return_gain,0.1674326967430129,0.026336398169142766,10,0.15077585514529035,0.17576137318832732,training_seed_or_data_batch,False,,,
P-A,DA,mc_raw,table,2048,10,,False,realized_path_derivative,0.11808766017805124,0.007645213865283124,10,0.11325236027572601,0.12050535513680163,training_seed_or_data_batch,False,,,
P-A,DA,mc_raw,table,2048,10,,False,old_new_kl,0.009298452552318075,0.00011330666999306022,10,0.009226763001195135,0.009334327166931595,training_seed_or_data_batch,False,,,
P-A,DA,mc_raw,table,2048,10,,False,candidate_p_0,0.35416870265555417,0.039681876967859596,10,0.3290714347455515,0.3667175956055304,training_seed_or_data_batch,False,,,
P-A,DA,mc_raw,table,2048,10,,False,candidate_p_1,0.7587679780739081,7.773559843415708e-10,10,0.7587679775973523,0.7587679785272378,training_seed_or_data_batch,False,,,
P-A,AN,mc_raw,table,2048,100,AN,False,source_steps_total,2548.0,0.0,10,2548.0,2548.0,training_seed_or_data_batch,False,,,
P-A,AN,mc_raw,table,2048,100,AN,False,eta,0.1,0.0,10,0.1,0.1,training_seed_or_data_batch,False,,,
P-A,AN,mc_raw,table,2048,100,AN,False,ideal_return_gain,0.028095038930868323,0.003819092414698901,10,0.025932588426519534,0.030450052617563,training_seed_or_data_batch,False,,,
P-A,AN,mc_raw,table,2048,100,AN,False,actual_return_gain,0.028104703934187607,0.003793563569885694,10,0.02596348430170198,0.030434935512751025,training_seed_or_data_batch,False,,,
P-A,AN,mc_raw,table,2048,100,AN,False,learned_direction_derivative,0.2689447348620944,0.03406325569789694,10,0.24942490920208993,0.29005128375369194,training_seed_or_data_batch,False,,,
P-A,AN,mc_raw,table,2048,100,AN,False,projected_direction_derivative,0.2689447348620944,0.03406325569789694,10,0.24942490920208993,0.29005128375369194,training_seed_or_data_batch,False,,,
P-A,AN,mc_raw,table,2048,100,AN,False,realized_path_derivative,0.269039290006031,0.033832853252925996,10,0.24981348536959483,0.2901036819802793,training_seed_or_data_batch,False,,,
P-A,AN,mc_raw,table,2048,100,AN,False,forward_kl_training,3.326599021451087e-09,2.9145240519885228e-09,10,1.6275356076891302e-09,5.118383969958492e-09,training_seed_or_data_batch,False,,,
P-A,AN,mc_raw,table,2048,100,AN,False,forward_kl_validation,3.334216960856734e-09,2.941307471196065e-09,10,1.624645037356849e-09,5.145778331723783e-09,training_seed_or_data_batch,False,,,
P-A,AN,mc_raw,table,2048,100,AN,False,forward_kl_exact,3.3392206283328742e-09,2.9332504602826004e-09,10,1.6264813353038495e-09,5.155851878330903e-09,training_seed_or_data_batch,False,,,
P-A,AN,mc_raw,table,2048,100,AN,False,old_new_kl,0.00034540387067810545,8.644990417617446e-05,10,0.0002968934469578777,0.0003982815395534923,training_seed_or_data_batch,False,,,
P-A,AN,mc_raw,table,2048,100,AN,False,direction_realization_residual,6.87690628001654e-07,6.07044151417734e-07,10,3.335301584374462e-07,1.0634460071195917e-06,training_seed_or_data_batch,False,,,
P-A,AN,mc_raw,table,2048,100,AN,False,seconds,0.0064171401783823965,0.0003452048940928826,10,0.006234870700864121,0.006623106662882492,training_seed_or_data_batch,False,,,
P-A,AN,mc_raw,table,2048,100,AN,False,learned_q_0,0.047796754880908406,0.05223633653812122,10,0.01711915834341735,0.07872300189482168,training_seed_or_data_batch,False,,,
P-A,AN,mc_raw,table,2048,100,AN,False,learned_q_1,0.36525904506792617,0.04451961442341994,10,0.3389202291671817,0.3925180948558074,training_seed_or_data_batch,False,,,
P-A,AN,mc_raw,table,2048,100,AN,False,candidate_p_0,0.3020127570455565,0.002200529039528118,10,0.30071657492030035,0.3033186757537148,training_seed_or_data_batch,False,,,
P-A,AN,mc_raw,table,2048,100,AN,False,candidate_p_1,0.7151158572144936,0.00180058443929823,10,0.7140516181165016,0.716213736038229,training_seed_or_data_batch,False,,,
P-A,DA,mc_raw,table,2048,100,,False,source_steps_total,2548.0,0.0,10,2548.0,2548.0,training_seed_or_data_batch,False,,,
P-A,DA,mc_raw,table,2048,100,,False,actual_return_gain,2.6270350957248745,0.7713884795789174,10,2.139162419216444,2.870975418919455,training_seed_or_data_batch,False,,,
P-A,DA,mc_raw,table,2048,100,,False,realized_path_derivative,0.884959988183639,0.06307037807727912,10,0.8450705145901327,0.9049050076013984,training_seed_or_data_batch,False,,,
P-A,DA,mc_raw,table,2048,100,,False,old_new_kl,0.5332923417992168,0.06565767035716336,10,0.4917652714811896,0.554057478664609,training_seed_or_data_batch,False,,,
P-A,DA,mc_raw,table,2048,100,,False,candidate_p_0,0.7887315302959769,0.2610052062887773,10,0.6236566000994412,0.8712697804916929,training_seed_or_data_batch,False,,,
P-A,DA,mc_raw,table,2048,100,,False,candidate_p_1,0.9541024346001411,1.2318078356658852e-09,10,0.9541024338449848,0.9541024353184929,training_seed_or_data_batch,False,,,
P-A,AN,mc_raw,table,2048,1000,AN,False,source_steps_total,2548.0,0.0,10,2548.0,2548.0,training_seed_or_data_batch,False,,,
P-A,AN,mc_raw,table,2048,1000,AN,False,eta,0.1,0.0,10,0.1,0.1,training_seed_or_data_batch,False,,,
P-A,AN,mc_raw,table,2048,1000,AN,False,ideal_return_gain,0.028095038930868323,0.003819092414698901,10,0.025932588426519534,0.030450052617563,training_seed_or_data_batch,False,,,
P-A,AN,mc_raw,table,2048,1000,AN,False,actual_return_gain,0.02809503893086825,0.003819092414698972,10,0.025932588426519375,0.03045005261756296,training_seed_or_data_batch,False,,,
P-A,AN,mc_raw,table,2048,1000,AN,False,learned_direction_derivative,0.2689447348620944,0.03406325569789694,10,0.24942490920208993,0.29005128375369194,training_seed_or_data_batch,False,,,
P-A,AN,mc_raw,table,2048,1000,AN,False,projected_direction_derivative,0.2689447348620944,0.03406325569789694,10,0.24942490920208993,0.29005128375369194,training_seed_or_data_batch,False,,,
P-A,AN,mc_raw,table,2048,1000,AN,False,realized_path_derivative,0.26894473486209397,0.03406325569789743,10,0.24942490920208918,0.2900512837536915,training_seed_or_data_batch,False,,,
P-A,AN,mc_raw,table,2048,1000,AN,False,forward_kl_training,1.0074590028987516e-17,3.197780145547594e-17,10,-8.647404369074642e-18,2.900878039369834e-17,training_seed_or_data_batch,False,,,
P-A,AN,mc_raw,table,2048,1000,AN,False,forward_kl_validation,1.0141626243101721e-17,3.2402833630486804e-17,10,-8.594612101331232e-18,2.936018453763541e-17,training_seed_or_data_batch,False,,,
P-A,AN,mc_raw,table,2048,1000,AN,False,forward_kl_exact,1.0045569143502488e-17,3.1944742377537465e-17,10,-8.678535610441675e-18,2.8873174589244296e-17,training_seed_or_data_batch,False,,,
P-A,AN,mc_raw,table,2048,1000,AN,False,old_new_kl,0.00034523702363620777,8.71489358274588e-05,10,0.00029653797292866736,0.0003993119763452632,training_seed_or_data_batch,False,,,
P-A,AN,mc_raw,table,2048,1000,AN,False,direction_realization_residual,5.460349331654037e-30,5.747362398865986e-30,10,2.4613507439316655e-30,9.42834790421303e-30,training_seed_or_data_batch,False,,,
P-A,AN,mc_raw,table,2048,1000,AN,False,seconds,0.061903460044413806,0.0014663873963703946,10,0.061071764260996135,0.0627925647632219,training_seed_or_data_batch,False,,,
P-A,AN,mc_raw,table,2048,1000,AN,False,learned_q_0,0.047796754880908406,0.05223633653812122,10,0.01711915834341735,0.07872300189482168,training_seed_or_data_batch,False,,,
P-A,AN,mc_raw,table,2048,1000,AN,False,learned_q_1,0.36525904506792617,0.04451961442341994,10,0.3389202291671817,0.3925180948558074,training_seed_or_data_batch,False,,,
P-A,AN,mc_raw,table,2048,1000,AN,False,candidate_p_0,0.3020153924153885,0.002202730234670317,10,0.30072133082986974,0.3033214689119742,training_seed_or_data_batch,False,,,
P-A,AN,mc_raw,table,2048,1000,AN,False,candidate_p_1,0.715110220881676,0.0018138540327330454,10,0.7140353682007337,0.7162192646480589,training_seed_or_data_batch,False,,,
P-A,DA,mc_raw,table,2048,1000,,False,source_steps_total,2548.0,0.0,10,2548.0,2548.0,training_seed_or_data_batch,False,,,
P-A,DA,mc_raw,table,2048,1000,,False,actual_return_gain,3.6542957838813024,1.102925807170527,10,2.956744039984284,4.003071884734694,training_seed_or_data_batch,False,,,
P-A,DA,mc_raw,table,2048,1000,,False,realized_path_derivative,2.244788645549001,0.15590075412985382,10,2.146187883586874,2.2940895320396217,training_seed_or_data_batch,False,,,
P-A,DA,mc_raw,table,2048,1000,,False,old_new_kl,2.086657820638468,0.26935792868311165,10,1.9162976169737238,2.1718414098957752,training_seed_or_data_batch,False,,,
P-A,DA,mc_raw,table,2048,1000,,False,candidate_p_0,0.897433942054694,0.3147610737438712,10,0.6983615239815262,0.9969701887996057,training_seed_or_data_batch,False,,,
P-A,DA,mc_raw,table,2048,1000,,False,candidate_p_1,0.9983917914364385,1.267248060343659e-10,10,0.9983917913587502,0.9983917915103405,training_seed_or_data_batch,False,,,
P-A,AN,mc_raw,shared_offset,2048,1,AN,False,source_steps_total,2548.0,0.0,10,2548.0,2548.0,training_seed_or_data_batch,False,,,
P-A,AN,mc_raw,shared_offset,2048,1,AN,False,eta,0.1,0.0,10,0.1,0.1,training_seed_or_data_batch,False,,,
P-A,AN,mc_raw,shared_offset,2048,1,AN,False,ideal_return_gain,0.028095038930868323,0.003819092414698901,10,0.025932588426519534,0.030450052617563,training_seed_or_data_batch,False,,,
P-A,AN,mc_raw,shared_offset,2048,1,AN,False,actual_return_gain,0.012670927841074547,2.0929977277037943e-09,10,0.012670926639717167,0.012670929122044707,training_seed_or_data_batch,False,,,
P-A,AN,mc_raw,shared_offset,2048,1,AN,False,learned_direction_derivative,0.2689447348620944,0.03406325569789694,10,0.24942490920208993,0.29005128375369194,training_seed_or_data_batch,False,,,
P-A,AN,mc_raw,shared_offset,2048,1,AN,False,projected_direction_derivative,0.19214425762005108,0.03179298441616814,10,0.1747406327751948,0.2116751137969372,training_seed_or_data_batch,False,,,
P-A,AN,mc_raw,shared_offset,2048,1,AN,False,realized_path_derivative,0.12095987439993146,1.911603533237127e-08,10,0.12095986342754005,0.12095988609945235,training_seed_or_data_batch,False,,,
P-A,AN,mc_raw,shared_offset,2048,1,AN,False,forward_kl_training,0.00013989389735615405,4.540704846989316e-05,10,0.00011341620980529677,0.0001667068982055102,training_seed_or_data_batch,False,,,
P-A,AN,mc_raw,shared_offset,2048,1,AN,False,forward_kl_validation,0.00013995407496939898,4.641978289672302e-05,10,0.00011303765796582574,0.00016706424059985677,training_seed_or_data_batch,False,,,
P-A,AN,mc_raw,shared_offset,2048,1,AN,False,forward_kl_exact,0.00014002636378614993,4.540984216615775e-05,10,0.00011334706097387197,0.0001668942517273967,training_seed_or_data_batch,False,,,
P-A,AN,mc_raw,shared_offset,2048,1,AN,False,old_new_kl,9.442236641212876e-05,2.9831762844968845e-11,10,9.442234928903377e-05,9.442238466997305e-05,training_seed_or_data_batch,False,,,
P-A,AN,mc_raw,shared_offset,2048,1,AN,False,direction_realization_residual,0.028587457481284245,0.009358405962607647,10,0.02309350384270117,0.034115208471762554,training_seed_or_data_batch,False,,,
P-A,AN,mc_raw,shared_offset,2048,1,AN,False,seconds,0.0003168999683111906,0.0001434907142220967,10,0.00025400905520655214,0.000408510526176542,training_seed_or_data_batch,False,,,
P-A,AN,mc_raw,shared_offset,2048,1,AN,False,learned_q_0,0.047796754880908406,0.05223633653812122,10,0.01711915834341735,0.07872300189482168,training_seed_or_data_batch,False,,,
P-A,AN,mc_raw,shared_offset,2048,1,AN,False,learned_q_1,0.36525904506792617,0.04451961442341994,10,0.3389202291671817,0.3925180948558074,training_seed_or_data_batch,False,,,
P-A,AN,mc_raw,shared_offset,2048,1,AN,False,candidate_p_0,0.30633754337143826,1.0074551475370625e-09,10,0.3063375427931702,0.3063375439880275,training_seed_or_data_batch,False,,,
P-A,AN,mc_raw,shared_offset,2048,1,AN,False,candidate_p_1,0.7062619521460751,9.835655732611811e-10,10,0.7062619515815194,0.7062619527480435,training_seed_or_data_batch,False,,,
P-A,DA,mc_raw,shared_offset,2048,1,,False,source_steps_total,2548.0,0.0,10,2548.0,2548.0,training_seed_or_data_batch,False,,,
P-A,DA,mc_raw,shared_offset,2048,1,,False,actual_return_gain,0.012670940235728827,2.0737059567052637e-10,10,0.012670940116640897,0.012670940361821722,training_seed_or_data_batch,False,,,
P-A,DA,mc_raw,shared_offset,2048,1,,False,realized_path_derivative,0.012095998760437427,1.893983548709794e-10,10,0.012095998651670511,0.012095998875602202,training_seed_or_data_batch,False,,,
P-A,DA,mc_raw,shared_offset,2048,1,,False,old_new_kl,9.442254307485565e-05,2.9556869928382886e-12,10,9.442254137747491e-05,9.442254487207186e-05,training_seed_or_data_batch,False,,,
P-A,DA,mc_raw,shared_offset,2048,1,,False,candidate_p_0,0.30633754933754975,9.98169219330246e-11,10,0.3063375492802273,0.30633754939824404,training_seed_or_data_batch,False,,,
P-A,DA,mc_raw,shared_offset,2048,1,,False,candidate_p_1,0.7062619579707133,9.744996760593999e-11,10,0.7062619579147502,0.7062619580299684,training_seed_or_data_batch,False,,,
P-A,AN,mc_raw,shared_offset,2048,10,AN,False,source_steps_total,2548.0,0.0,10,2548.0,2548.0,training_seed_or_data_batch,False,,,
P-A,AN,mc_raw,shared_offset,2048,10,AN,False,eta,0.1,0.0,10,0.1,0.1,training_seed_or_data_batch,False,,,
P-A,AN,mc_raw,shared_offset,2048,10,AN,False,ideal_return_gain,0.028095038930868323,0.003819092414698901,10,0.025932588426519534,0.030450052617563,training_seed_or_data_batch,False,,,
P-A,AN,mc_raw,shared_offset,2048,10,AN,False,actual_return_gain,0.01282174978206806,0.004848606963566852,10,0.01031745835439938,0.015933345909760213,training_seed_or_data_batch,False,,,
P-A,AN,mc_raw,shared_offset,2048,10,AN,False,learned_direction_derivative,0.2689447348620944,0.03406325569789694,10,0.24942490920208993,0.29005128375369194,training_seed_or_data_batch,False,,,
P-A,AN,mc_raw,shared_offset,2048,10,AN,False,projected_direction_derivative,0.19214425762005108,0.03179298441616814,10,0.1747406327751948,0.2116751137969372,training_seed_or_data_batch,False,,,
P-A,AN,mc_raw,shared_offset,2048,10,AN,False,realized_path_derivative,0.12173645393736968,0.04332651762905562,10,0.09916639580578465,0.1494238749986632,training_seed_or_data_batch,False,,,
P-A,AN,mc_raw,shared_offset,2048,10,AN,False,forward_kl_training,0.00013461710697101946,3.660256547616101e-05,10,0.00011325630587987728,0.00015584891602446872,training_seed_or_data_batch,False,,,
P-A,AN,mc_raw,shared_offset,2048,10,AN,False,forward_kl_validation,0.00013395279122415223,3.666468084567536e-05,10,0.00011278104056503003,0.00015512160209968842,training_seed_or_data_batch,False,,,
P-A,AN,mc_raw,shared_offset,2048,10,AN,False,forward_kl_exact,0.0001348372259425288,3.686758834702986e-05,10,0.00011335362726028921,0.00015631759062906728,training_seed_or_data_batch,False,,,
P-A,AN,mc_raw,shared_offset,2048,10,AN,False,old_new_kl,0.00010651747271953567,8.571280541781477e-05,10,6.508208239234842e-05,0.00016398404616267117,training_seed_or_data_batch,False,,,
P-A,AN,mc_raw,shared_offset,2048,10,AN,False,direction_realization_residual,0.02750175880448404,0.007524328499375646,10,0.023122530148740595,0.03188698741222054,training_seed_or_data_batch,False,,,
P-A,AN,mc_raw,shared_offset,2048,10,AN,False,seconds,0.0007648799568414688,0.00019461218138150645,10,0.0006888297211844474,0.000889858214650303,training_seed_or_data_batch,False,,,
P-A,AN,mc_raw,shared_offset,2048,10,AN,False,learned_q_0,0.047796754880908406,0.05223633653812122,10,0.01711915834341735,0.07872300189482168,training_seed_or_data_batch,False,,,
P-A,AN,mc_raw,shared_offset,2048,10,AN,False,learned_q_1,0.36525904506792617,0.04451961442341994,10,0.3389202291671817,0.3925180948558074,training_seed_or_data_batch,False,,,
P-A,AN,mc_raw,shared_offset,2048,10,AN,False,candidate_p_0,0.3063827329182035,0.00229014893368362,10,0.30519110355188517,0.3078462673350502,training_seed_or_data_batch,False,,,
P-A,AN,mc_raw,shared_offset,2048,10,AN,False,candidate_p_1,0.7062974471287479,0.0022221539172244255,10,0.7051384254588118,0.7077189586537085,training_seed_or_data_batch,False,,,
P-A,DA,mc_raw,shared_offset,2048,10,,False,source_steps_total,2548.0,0.0,10,2548.0,2548.0,training_seed_or_data_batch,False,,,
P-A,DA,mc_raw,shared_offset,2048,10,,False,actual_return_gain,0.17538015718954075,0.00016701267578464682,10,0.17527631433918503,0.17547388374132167,training_seed_or_data_batch,False,,,
P-A,DA,mc_raw,shared_offset,2048,10,,False,realized_path_derivative,0.12049163964432925,8.844795039757867e-05,10,0.12043665062637075,0.12054127364116489,training_seed_or_data_batch,False,,,
P-A,DA,mc_raw,shared_offset,2048,10,,False,old_new_kl,0.009284598924497425,1.3548103174050737e-05,10,0.009276174209026076,0.009292202525893231,training_seed_or_data_batch,False,,,
P-A,DA,mc_raw,shared_offset,2048,10,,False,candidate_p_0,0.36622189923787635,5.091462423857285e-05,10,0.36619024455561716,0.36625047106714154,training_seed_or_data_batch,False,,,
P-A,DA,mc_raw,shared_offset,2048,10,,False,candidate_p_1,0.7588044781577467,4.0149343676894484e-05,10,0.7587795176931124,0.7588270082065199,training_seed_or_data_batch,False,,,
P-A,AN,mc_raw,shared_offset,2048,100,AN,False,source_steps_total,2548.0,0.0,10,2548.0,2548.0,training_seed_or_data_batch,False,,,
P-A,AN,mc_raw,shared_offset,2048,100,AN,False,eta,0.1,0.0,10,0.1,0.1,training_seed_or_data_batch,False,,,
P-A,AN,mc_raw,shared_offset,2048,100,AN,False,ideal_return_gain,0.028095038930868323,0.003819092414698901,10,0.025932588426519534,0.030450052617563,training_seed_or_data_batch,False,,,
P-A,AN,mc_raw,shared_offset,2048,100,AN,False,actual_return_gain,0.02036834641790916,0.0036632361057235274,10,0.01834421356804508,0.022602452313032175,training_seed_or_data_batch,False,,,
P-A,AN,mc_raw,shared_offset,2048,100,AN,False,learned_direction_derivative,0.2689447348620944,0.03406325569789694,10,0.24942490920208993,0.29005128375369194,training_seed_or_data_batch,False,,,
P-A,AN,mc_raw,shared_offset,2048,100,AN,False,projected_direction_derivative,0.19214425762005108,0.03179298441616814,10,0.1747406327751948,0.2116751137969372,training_seed_or_data_batch,False,,,
P-A,AN,mc_raw,shared_offset,2048,100,AN,False,realized_path_derivative,0.18928459189274816,0.03164551036082504,10,0.1718165199865634,0.2085286092871123,training_seed_or_data_batch,False,,,
P-A,AN,mc_raw,shared_offset,2048,100,AN,False,forward_kl_training,0.00010382732362344939,3.440613855607299e-05,10,8.359336926571693e-05,0.0001242026090539507,training_seed_or_data_batch,False,,,
P-A,AN,mc_raw,shared_offset,2048,100,AN,False,forward_kl_validation,0.00010402115695839269,3.435646358877716e-05,10,8.3720315626393e-05,0.0001244019512344787,training_seed_or_data_batch,False,,,
P-A,AN,mc_raw,shared_offset,2048,100,AN,False,forward_kl_exact,0.00010372202003117723,3.42613440308513e-05,10,8.343764410550492e-05,0.0001239800175007351,training_seed_or_data_batch,False,,,
P-A,AN,mc_raw,shared_offset,2048,100,AN,False,old_new_kl,0.00023690412700900763,8.24630593826061e-05,10,0.00019254720482281246,0.00028782189184059693,training_seed_or_data_batch,False,,,
P-A,AN,mc_raw,shared_offset,2048,100,AN,False,direction_realization_residual,0.02088080825089262,0.006928455471723838,10,0.01678716938629212,0.02498261534062846,training_seed_or_data_batch,False,,,
P-A,AN,mc_raw,shared_offset,2048,100,AN,False,seconds,0.00611807000823319,0.001177647383076674,10,0.0055672277801204475,0.006900315458187832,training_seed_or_data_batch,False,,,
P-A,AN,mc_raw,shared_offset,2048,100,AN,False,learned_q_0,0.047796754880908406,0.05223633653812122,10,0.01711915834341735,0.07872300189482168,training_seed_or_data_batch,False,,,
P-A,AN,mc_raw,shared_offset,2048,100,AN,False,learned_q_1,0.36525904506792617,0.04451961442341994,10,0.3389202291671817,0.3925180948558074,training_seed_or_data_batch,False,,,
P-A,AN,mc_raw,shared_offset,2048,100,AN,False,candidate_p_0,0.309952418513619,0.0016806007546731512,10,0.3090246009868109,0.3109752934812597,training_seed_or_data_batch,False,,,
P-A,AN,mc_raw,shared_offset,2048,100,AN,False,candidate_p_1,0.7097626951816718,0.001614721705767931,10,0.7088715289501145,0.7107436837015073,training_seed_or_data_batch,False,,,
P-A,DA,mc_raw,shared_offset,2048,100,,False,source_steps_total,2548.0,0.0,10,2548.0,2548.0,training_seed_or_data_batch,False,,,
P-A,DA,mc_raw,shared_offset,2048,100,,False,actual_return_gain,2.5618031318967946,0.08476144193044838,10,2.507855465785298,2.6084921299302555,training_seed_or_data_batch,False,,,
P-A,DA,mc_raw,shared_offset,2048,100,,False,realized_path_derivative,0.9091243858407679,0.030700303284834262,10,0.889693619636464,0.9261395390308171,training_seed_or_data_batch,False,,,
P-A,DA,mc_raw,shared_offset,2048,100,,False,old_new_kl,0.45579532717635196,0.026908391283294454,10,0.4388195827650664,0.47074479474035524,training_seed_or_data_batch,False,,,
P-A,DA,mc_raw,shared_offset,2048,100,,False,candidate_p_0,0.8031172446773919,0.012199570007780864,10,0.7953302233415435,0.8098256947184191,training_seed_or_data_batch,False,,,
P-A,DA,mc_raw,shared_offset,2048,100,,False,candidate_p_1,0.9568786160976934,0.0032078645261309005,10,0.9548259627150989,0.9586349950242381,training_seed_or_data_batch,False,,,
P-A,AN,mc_raw,shared_offset,2048,1000,AN,False,source_steps_total,2548.0,0.0,10,2548.0,2548.0,training_seed_or_data_batch,False,,,
P-A,AN,mc_raw,shared_offset,2048,1000,AN,False,eta,0.1,0.0,10,0.1,0.1,training_seed_or_data_batch,False,,,
P-A,AN,mc_raw,shared_offset,2048,1000,AN,False,ideal_return_gain,0.028095038930868323,0.003819092414698901,10,0.025932588426519534,0.030450052617563,training_seed_or_data_batch,False,,,
P-A,AN,mc_raw,shared_offset,2048,1000,AN,False,actual_return_gain,0.02039960580042712,0.003662452210240232,10,0.018364352155717047,0.022637827249125483,training_seed_or_data_batch,False,,,
P-A,AN,mc_raw,shared_offset,2048,1000,AN,False,learned_direction_derivative,0.2689447348620944,0.03406325569789694,10,0.24942490920208993,0.29005128375369194,training_seed_or_data_batch,False,,,
P-A,AN,mc_raw,shared_offset,2048,1000,AN,False,projected_direction_derivative,0.19214425762005108,0.03179298441616814,10,0.1747406327751948,0.2116751137969372,training_seed_or_data_batch,False,,,
P-A,AN,mc_raw,shared_offset,2048,1000,AN,False,realized_path_derivative,0.189557061659115,0.031635116783827154,10,0.17192676246651198,0.20899531610443975,training_seed_or_data_batch,False,,,
P-A,AN,mc_raw,shared_offset,2048,1000,AN,False,forward_kl_training,0.00010382528215769694,3.4405673196177744e-05,10,8.359144885799612e-05,0.00012420059075506461,training_seed_or_data_batch,False,,,
P-A,AN,mc_raw,shared_offset,2048,1000,AN,False,forward_kl_validation,0.00010401302851610024,3.4355191830716465e-05,10,8.371715505617174e-05,0.00012438981101116402,training_seed_or_data_batch,False,,,
P-A,AN,mc_raw,shared_offset,2048,1000,AN,False,forward_kl_exact,0.00010371898288839673,3.425888383149414e-05,10,8.343136096363833e-05,0.0001239706612581937,training_seed_or_data_batch,False,,,
P-A,AN,mc_raw,shared_offset,2048,1000,AN,False,old_new_kl,0.00023756566698808135,8.24989407063672e-05,10,0.00019300479520326905,0.00028863968208007416,training_seed_or_data_batch,False,,,
P-A,AN,mc_raw,shared_offset,2048,1000,AN,False,direction_realization_residual,0.020878575302199748,0.006927173735185677,10,0.016784857547829966,0.024976969327614777,training_seed_or_data_batch,False,,,
P-A,AN,mc_raw,shared_offset,2048,1000,AN,False,seconds,0.055872540036216375,0.0032844663296166146,10,0.05412355310865678,0.057891567361075424,training_seed_or_data_batch,False,,,
P-A,AN,mc_raw,shared_offset,2048,1000,AN,False,learned_q_0,0.047796754880908406,0.05223633653812122,10,0.01711915834341735,0.07872300189482168,training_seed_or_data_batch,False,,,
P-A,AN,mc_raw,shared_offset,2048,1000,AN,False,learned_q_1,0.36525904506792617,0.04451961442341994,10,0.3389202291671817,0.3925180948558074,training_seed_or_data_batch,False,,,
P-A,AN,mc_raw,shared_offset,2048,1000,AN,False,candidate_p_0,0.309966870539322,0.001680076209358075,10,0.30903052695076255,0.31099803383676955,training_seed_or_data_batch,False,,,
P-A,AN,mc_raw,shared_offset,2048,1000,AN,False,candidate_p_1,0.7097766172225097,0.0016141622678419218,10,0.7088770782102354,0.7107689841693376,training_seed_or_data_batch,False,,,
P-A,DA,mc_raw,shared_offset,2048,1000,,False,source_steps_total,2548.0,0.0,10,2548.0,2548.0,training_seed_or_data_batch,False,,,
P-A,DA,mc_raw,shared_offset,2048,1000,,False,actual_return_gain,3.9787741313119716,0.01499768120995769,10,3.9685553102621585,3.9864317368645277,training_seed_or_data_batch,False,,,
P-A,DA,mc_raw,shared_offset,2048,1000,,False,realized_path_derivative,2.323814696058954,0.09175791724107994,10,2.2636990090923113,2.3725459711853327,training_seed_or_data_batch,False,,,
P-A,DA,mc_raw,shared_offset,2048,1000,,False,old_new_kl,1.9594041665673518,0.10372167938397282,10,1.8914681817587347,2.0145130157834927,training_seed_or_data_batch,False,,,
P-A,DA,mc_raw,shared_offset,2048,1000,,False,candidate_p_0,0.9925460531118968,0.0018807070272441361,10,0.9912638723040975,0.9935060151196985,training_seed_or_data_batch,False,,,
P-A,DA,mc_raw,shared_offset,2048,1000,,False,candidate_p_1,0.9986220388399598,0.0003504135648005057,10,0.9983827986307583,0.9988007568363821,training_seed_or_data_batch,False,,,
P-T,AN,,,,,,False,target_plus_type_probability,0.5999999999999999,1.1702778228589004e-16,10,0.5999999999999999,0.5999999999999999,training_seed_or_data_batch,False,normalized,4,2
P-T,AN,,,,,,False,density_ratio,1.0,0.0,10,1.0,1.0,training_seed_or_data_batch,False,normalized,4,2
P-T,AN,,,,,,False,neighbor_weight,2.0,0.0,10,2.0,2.0,training_seed_or_data_batch,False,normalized,4,2
P-T,AN,,,,,,False,semantic_drift,0.0,0.0,10,0.0,0.0,training_seed_or_data_batch,False,normalized,4,2
P-T,AN,,,,,,False,target_local_energy,0.06652799999999993,0.0,10,0.06652799999999993,0.06652799999999993,training_seed_or_data_batch,False,normalized,4,2
P-T,AN,,,,,,False,target_path_derivative,0.09144195502916563,0.0648907859293008,10,0.05012765008828286,0.1260301761949335,training_seed_or_data_batch,False,normalized,4,2
P-T,AN,,,,,,False,target_normalized_path_derivative,0.04572097751458282,0.0324453929646504,10,0.02506382504414143,0.06301508809746675,training_seed_or_data_batch,False,normalized,4,2
P-T,AN,,,,,,False,old_return,0.14079999999999998,0.0,10,0.14079999999999998,0.14079999999999998,training_seed_or_data_batch,False,normalized,4,2
P-T,AN,,,,,,False,return,0.150349040973332,0.006808684688980065,10,0.146023588875844,0.154006557942177,training_seed_or_data_batch,False,normalized,4,2
P-T,AN,,,,,,False,return_gain,0.009549040973332049,0.006808684688980065,10,0.005223588875844019,0.013206557942177012,training_seed_or_data_batch,False,normalized,4,2
P-T,AN,,,,,,False,source_steps_total,2067.2,7.728734264634367,10,2062.4,2070.4,training_seed_or_data_batch,False,normalized,4,2
P-T,AN,,,,,,False,source_steps_training,2048.0,0.0,10,2048.0,2048.0,training_seed_or_data_batch,False,normalized,4,2
P-T,AN,,,,,,False,source_steps_direction_check,8.0,0.0,10,8.0,8.0,training_seed_or_data_batch,False,normalized,4,2
P-T,AN,,,,,,False,source_steps_return_check,11.2,7.728734264634366,10,6.4,14.4,training_seed_or_data_batch,False,normalized,4,2
P-T,AN,,,,,,False,eta,0.06999999999999999,0.0483045891539648,10,0.04,0.09,training_seed_or_data_batch,False,normalized,4,2
P-T,AN,,,,,,False,attempts,0.7,0.4830458915396479,10,0.4,0.9,training_seed_or_data_batch,False,normalized,4,2
P-T,AN,,,,,,False,forward_kl_training,3.496296021814758e-09,2.7271692624220566e-09,7,1.7137266558387966e-09,5.359831226849557e-09,training_seed_or_data_batch,False,normalized,4,2
P-T,AN,,,,,,False,direction_loss,-0.06956381576423196,0.017826978136562255,10,-0.08078784601714657,-0.059661588488773606,training_seed_or_data_batch,False,normalized,4,2
P-T,AN,,,,,,False,direction_steps,100.0,0.0,10,100.0,100.0,training_seed_or_data_batch,False,normalized,4,2
P-T,AN,,,,,,False,q_bound,5.0,0.0,10,5.0,5.0,training_seed_or_data_batch,False,normalized,4,2
P-T,AN,,,,,,False,direction_check_score,0.08344295991510982,0.14995686264665897,10,0.0022735990419888363,0.17587122417538603,training_seed_or_data_batch,False,normalized,4,2
P-T,AN,,,,,,False,return_check_gain,0.05119047619047618,0.09006537895757996,7,0.0,0.1226190476190476,training_seed_or_data_batch,False,normalized,4,2
P-T,AN,,,,,,False,return_check_standard_error,0.05119047619047618,0.09006537895757995,7,0.0,0.1226190476190476,training_seed_or_data_batch,False,normalized,4,2
P-T,AN,,,,,,False,target_true_coefficient_0,0.05999999999999981,7.314236392868128e-18,10,0.05999999999999981,0.05999999999999981,training_seed_or_data_batch,False,normalized,4,2
P-T,AN,,,,,,False,target_true_coefficient_1,0.3599999999999998,0.0,10,0.3599999999999998,0.3599999999999998,training_seed_or_data_batch,False,normalized,4,2
P-T,AN,,,,,,False,frozen_actor_p_0,0.30144091050256194,0.002394403211466181,10,0.3000896372162375,0.30286140851436905,training_seed_or_data_batch,False,normalized,4,2
P-T,AN,,,,,,False,frozen_actor_p_1,0.7102717833222199,0.007264960044969036,10,0.7056798881862306,0.7141336555096555,training_seed_or_data_batch,False,normalized,4,2
P-T,AN,,,,,,False,source_direction_error,0.0017881488528157948,0.0015516113406845243,10,0.0009955464128000083,0.0027581877109285158,training_seed_or_data_batch,False,normalized,4,2
P-T,AN,,,,,,False,source_realization_residual,0.023255324250316203,0.037716338730160844,10,0.006831949566063625,0.04651590447557531,training_seed_or_data_batch,False,normalized,4,2
P-T,AN,,,,,,False,target_direction_error,0.02149866315310811,0.03110071358928512,10,0.007724388884334824,0.040915326535605395,training_seed_or_data_batch,False,normalized,4,2
P-T,AN,,,,,,False,transport_error_upper_bound,0.029500278662403408,0.044537886175789694,10,0.009041352706876631,0.057308387298109484,training_seed_or_data_batch,False,normalized,4,2
P-T,AN,,,,,,False,normalized_derivative_lower_bound,0.034767209758908034,0.032555025932407174,10,0.014253151863739698,0.051181927336457926,training_seed_or_data_batch,False,normalized,4,2
P-T,AN,,,,,,False,target_plus_type_probability,0.5999999999999999,1.1702778228589004e-16,10,0.5999999999999999,0.5999999999999999,training_seed_or_data_batch,False,normalized,4,4
P-T,AN,,,,,,False,density_ratio,1.0,0.0,10,1.0,1.0,training_seed_or_data_batch,False,normalized,4,4
P-T,AN,,,,,,False,neighbor_weight,2.0,0.0,10,2.0,2.0,training_seed_or_data_batch,False,normalized,4,4
P-T,AN,,,,,,False,semantic_drift,0.0,0.0,10,0.0,0.0,training_seed_or_data_batch,False,normalized,4,4
P-T,AN,,,,,,False,target_local_energy,0.06652799999999993,0.0,10,0.06652799999999993,0.06652799999999993,training_seed_or_data_batch,False,normalized,4,4
P-T,AN,,,,,,False,target_path_derivative,0.18288391005833127,0.1297815718586016,10,0.10025530017656573,0.252060352389867,training_seed_or_data_batch,False,normalized,4,4
P-T,AN,,,,,,False,target_normalized_path_derivative,0.04572097751458282,0.0324453929646504,10,0.02506382504414143,0.06301508809746675,training_seed_or_data_batch,False,normalized,4,4
P-T,AN,,,,,,False,old_return,0.28159999999999996,0.0,10,0.28159999999999996,0.28159999999999996,training_seed_or_data_batch,False,normalized,4,4
P-T,AN,,,,,,False,return,0.300698081946664,0.01361736937796013,10,0.292047177751688,0.308013115884354,training_seed_or_data_batch,False,normalized,4,4
P-T,AN,,,,,,False,return_gain,0.019098081946664097,0.01361736937796013,10,0.010447177751688038,0.026413115884354025,training_seed_or_data_batch,False,normalized,4,4
P-T,AN,,,,,,False,source_steps_total,2067.2,7.728734264634367,10,2062.4,2070.4,training_seed_or_data_batch,False,normalized,4,4
P-T,AN,,,,,,False,source_steps_training,2048.0,0.0,10,2048.0,2048.0,training_seed_or_data_batch,False,normalized,4,4
P-T,AN,,,,,,False,source_steps_direction_check,8.0,0.0,10,8.0,8.0,training_seed_or_data_batch,False,normalized,4,4
P-T,AN,,,,,,False,source_steps_return_check,11.2,7.728734264634366,10,6.4,14.4,training_seed_or_data_batch,False,normalized,4,4
P-T,AN,,,,,,False,eta,0.06999999999999999,0.0483045891539648,10,0.04,0.09,training_seed_or_data_batch,False,normalized,4,4
P-T,AN,,,,,,False,attempts,0.7,0.4830458915396479,10,0.4,0.9,training_seed_or_data_batch,False,normalized,4,4
P-T,AN,,,,,,False,forward_kl_training,3.496296021814758e-09,2.7271692624220566e-09,7,1.7137266558387966e-09,5.359831226849557e-09,training_seed_or_data_batch,False,normalized,4,4
P-T,AN,,,,,,False,direction_loss,-0.06956381576423196,0.017826978136562255,10,-0.08078784601714657,-0.059661588488773606,training_seed_or_data_batch,False,normalized,4,4
P-T,AN,,,,,,False,direction_steps,100.0,0.0,10,100.0,100.0,training_seed_or_data_batch,False,normalized,4,4
P-T,AN,,,,,,False,q_bound,5.0,0.0,10,5.0,5.0,training_seed_or_data_batch,False,normalized,4,4
P-T,AN,,,,,,False,direction_check_score,0.08344295991510982,0.14995686264665897,10,0.0022735990419888363,0.17587122417538603,training_seed_or_data_batch,False,normalized,4,4
P-T,AN,,,,,,False,return_check_gain,0.05119047619047618,0.09006537895757996,7,0.0,0.1226190476190476,training_seed_or_data_batch,False,normalized,4,4
P-T,AN,,,,,,False,return_check_standard_error,0.05119047619047618,0.09006537895757995,7,0.0,0.1226190476190476,training_seed_or_data_batch,False,normalized,4,4
P-T,AN,,,,,,False,target_true_coefficient_0,0.05999999999999981,7.314236392868128e-18,10,0.05999999999999981,0.05999999999999981,training_seed_or_data_batch,False,normalized,4,4
P-T,AN,,,,,,False,target_true_coefficient_1,0.3599999999999998,0.0,10,0.3599999999999998,0.3599999999999998,training_seed_or_data_batch,False,normalized,4,4
P-T,AN,,,,,,False,frozen_actor_p_0,0.30144091050256194,0.002394403211466181,10,0.3000896372162375,0.30286140851436905,training_seed_or_data_batch,False,normalized,4,4
P-T,AN,,,,,,False,frozen_actor_p_1,0.7102717833222199,0.007264960044969036,10,0.7056798881862306,0.7141336555096555,training_seed_or_data_batch,False,normalized,4,4
P-T,AN,,,,,,False,source_direction_error,0.0017881488528157948,0.0015516113406845243,10,0.0009955464128000083,0.0027581877109285158,training_seed_or_data_batch,False,normalized,4,4
P-T,AN,,,,,,False,source_realization_residual,0.023255324250316203,0.037716338730160844,10,0.006831949566063625,0.04651590447557531,training_seed_or_data_batch,False,normalized,4,4
P-T,AN,,,,,,False,target_direction_error,0.02149866315310811,0.03110071358928512,10,0.007724388884334824,0.040915326535605395,training_seed_or_data_batch,False,normalized,4,4
P-T,AN,,,,,,False,transport_error_upper_bound,0.029500278662403408,0.044537886175789694,10,0.009041352706876631,0.057308387298109484,training_seed_or_data_batch,False,normalized,4,4
P-T,AN,,,,,,False,normalized_derivative_lower_bound,0.034767209758908034,0.032555025932407174,10,0.014253151863739698,0.051181927336457926,training_seed_or_data_batch,False,normalized,4,4
P-T,AN,,,,,,False,target_plus_type_probability,0.5999999999999999,1.1702778228589004e-16,10,0.5999999999999999,0.5999999999999999,training_seed_or_data_batch,False,normalized,4,6
P-T,AN,,,,,,False,density_ratio,1.0,0.0,10,1.0,1.0,training_seed_or_data_batch,False,normalized,4,6
P-T,AN,,,,,,False,neighbor_weight,2.0,0.0,10,2.0,2.0,training_seed_or_data_batch,False,normalized,4,6
P-T,AN,,,,,,False,semantic_drift,0.0,0.0,10,0.0,0.0,training_seed_or_data_batch,False,normalized,4,6
P-T,AN,,,,,,False,target_local_energy,0.06652799999999993,0.0,10,0.06652799999999993,0.06652799999999993,training_seed_or_data_batch,False,normalized,4,6
P-T,AN,,,,,,False,target_path_derivative,0.2743258650874969,0.1946723577879024,10,0.1503829502648486,0.37809052858480047,training_seed_or_data_batch,False,normalized,4,6
P-T,AN,,,,,,False,target_normalized_path_derivative,0.04572097751458282,0.0324453929646504,10,0.02506382504414143,0.06301508809746675,training_seed_or_data_batch,False,normalized,4,6
P-T,AN,,,,,,False,old_return,0.42239999999999994,0.0,10,0.42239999999999994,0.42239999999999994,training_seed_or_data_batch,False,normalized,4,6
P-T,AN,,,,,,False,return,0.45104712291999605,0.020426054066940192,10,0.4380707666275319,0.46201967382653086,training_seed_or_data_batch,False,normalized,4,6
P-T,AN,,,,,,False,return_gain,0.028647122919996142,0.020426054066940192,10,0.015670766627532057,0.03961967382653103,training_seed_or_data_batch,False,normalized,4,6
P-T,AN,,,,,,False,source_steps_total,2067.2,7.728734264634367,10,2062.4,2070.4,training_seed_or_data_batch,False,normalized,4,6
P-T,AN,,,,,,False,source_steps_training,2048.0,0.0,10,2048.0,2048.0,training_seed_or_data_batch,False,normalized,4,6
P-T,AN,,,,,,False,source_steps_direction_check,8.0,0.0,10,8.0,8.0,training_seed_or_data_batch,False,normalized,4,6
P-T,AN,,,,,,False,source_steps_return_check,11.2,7.728734264634366,10,6.4,14.4,training_seed_or_data_batch,False,normalized,4,6
P-T,AN,,,,,,False,eta,0.06999999999999999,0.0483045891539648,10,0.04,0.09,training_seed_or_data_batch,False,normalized,4,6
P-T,AN,,,,,,False,attempts,0.7,0.4830458915396479,10,0.4,0.9,training_seed_or_data_batch,False,normalized,4,6
P-T,AN,,,,,,False,forward_kl_training,3.496296021814758e-09,2.7271692624220566e-09,7,1.7137266558387966e-09,5.359831226849557e-09,training_seed_or_data_batch,False,normalized,4,6
P-T,AN,,,,,,False,direction_loss,-0.06956381576423196,0.017826978136562255,10,-0.08078784601714657,-0.059661588488773606,training_seed_or_data_batch,False,normalized,4,6
P-T,AN,,,,,,False,direction_steps,100.0,0.0,10,100.0,100.0,training_seed_or_data_batch,False,normalized,4,6
P-T,AN,,,,,,False,q_bound,5.0,0.0,10,5.0,5.0,training_seed_or_data_batch,False,normalized,4,6
P-T,AN,,,,,,False,direction_check_score,0.08344295991510982,0.14995686264665897,10,0.0022735990419888363,0.17587122417538603,training_seed_or_data_batch,False,normalized,4,6
P-T,AN,,,,,,False,return_check_gain,0.05119047619047618,0.09006537895757996,7,0.0,0.1226190476190476,training_seed_or_data_batch,False,normalized,4,6
P-T,AN,,,,,,False,return_check_standard_error,0.05119047619047618,0.09006537895757995,7,0.0,0.1226190476190476,training_seed_or_data_batch,False,normalized,4,6
P-T,AN,,,,,,False,target_true_coefficient_0,0.05999999999999981,7.314236392868128e-18,10,0.05999999999999981,0.05999999999999981,training_seed_or_data_batch,False,normalized,4,6
P-T,AN,,,,,,False,target_true_coefficient_1,0.3599999999999998,0.0,10,0.3599999999999998,0.3599999999999998,training_seed_or_data_batch,False,normalized,4,6
P-T,AN,,,,,,False,frozen_actor_p_0,0.30144091050256194,0.002394403211466181,10,0.3000896372162375,0.30286140851436905,training_seed_or_data_batch,False,normalized,4,6
P-T,AN,,,,,,False,frozen_actor_p_1,0.7102717833222199,0.007264960044969036,10,0.7056798881862306,0.7141336555096555,training_seed_or_data_batch,False,normalized,4,6
P-T,AN,,,,,,False,source_direction_error,0.0017881488528157948,0.0015516113406845243,10,0.0009955464128000083,0.0027581877109285158,training_seed_or_data_batch,False,normalized,4,6
P-T,AN,,,,,,False,source_realization_residual,0.023255324250316203,0.037716338730160844,10,0.006831949566063625,0.04651590447557531,training_seed_or_data_batch,False,normalized,4,6
P-T,AN,,,,,,False,target_direction_error,0.02149866315310811,0.03110071358928512,10,0.007724388884334824,0.040915326535605395,training_seed_or_data_batch,False,normalized,4,6
P-T,AN,,,,,,False,transport_error_upper_bound,0.029500278662403408,0.044537886175789694,10,0.009041352706876631,0.057308387298109484,training_seed_or_data_batch,False,normalized,4,6
P-T,AN,,,,,,False,normalized_derivative_lower_bound,0.034767209758908034,0.032555025932407174,10,0.014253151863739698,0.051181927336457926,training_seed_or_data_batch,False,normalized,4,6
P-T,AN,,,,,,False,target_plus_type_probability,0.5999999999999999,1.1702778228589004e-16,10,0.5999999999999999,0.5999999999999999,training_seed_or_data_batch,False,fixed-edge,4,2
P-T,AN,,,,,,False,density_ratio,1.0,0.0,10,1.0,1.0,training_seed_or_data_batch,False,fixed-edge,4,2
P-T,AN,,,,,,False,neighbor_weight,0.6666666666666667,1.1702778228589004e-16,10,0.6666666666666667,0.6666666666666667,training_seed_or_data_batch,False,fixed-edge,4,2
P-T,AN,,,,,,False,semantic_drift,0.00955733333333331,0.0,10,0.00955733333333331,0.00955733333333331,training_seed_or_data_batch,False,fixed-edge,4,2
P-T,AN,,,,,,False,target_local_energy,0.033077333333333334,0.0,10,0.033077333333333334,0.033077333333333334,training_seed_or_data_batch,False,fixed-edge,4,2
P-T,AN,,,,,,False,target_path_derivative,0.06230841891589174,0.044024826306186655,10,0.034631398295943666,0.0855729933859118,training_seed_or_data_batch,False,fixed-edge,4,2
P-T,AN,,,,,,False,target_normalized_path_derivative,0.03115420945794587,0.022012413153093328,10,0.017315699147971833,0.0427864966929559,training_seed_or_data_batch,False,fixed-edge,4,2
P-T,AN,,,,,,False,old_return,0.1322666666666667,2.925694557147251e-17,10,0.1322666666666667,0.1322666666666667,training_seed_or_data_batch,False,fixed-edge,4,2
P-T,AN,,,,,,False,return,0.1385829538672811,0.004468301481249673,10,0.13577715130644183,0.14096717695954528,training_seed_or_data_batch,False,fixed-edge,4,2
P-T,AN,,,,,,False,return_gain,0.006316287200614409,0.004468301481249674,10,0.0035104846397751603,0.008700510292878636,training_seed_or_data_batch,False,fixed-edge,4,2
P-T,AN,,,,,,False,source_steps_total,2067.2,7.728734264634367,10,2062.4,2070.4,training_seed_or_data_batch,False,fixed-edge,4,2
P-T,AN,,,,,,False,source_steps_training,2048.0,0.0,10,2048.0,2048.0,training_seed_or_data_batch,False,fixed-edge,4,2
P-T,AN,,,,,,False,source_steps_direction_check,8.0,0.0,10,8.0,8.0,training_seed_or_data_batch,False,fixed-edge,4,2
P-T,AN,,,,,,False,source_steps_return_check,11.2,7.728734264634366,10,6.4,14.4,training_seed_or_data_batch,False,fixed-edge,4,2
P-T,AN,,,,,,False,eta,0.06999999999999999,0.0483045891539648,10,0.04,0.09,training_seed_or_data_batch,False,fixed-edge,4,2
P-T,AN,,,,,,False,attempts,0.7,0.4830458915396479,10,0.4,0.9,training_seed_or_data_batch,False,fixed-edge,4,2
P-T,AN,,,,,,False,forward_kl_training,3.496296021814758e-09,2.7271692624220566e-09,7,1.7137266558387966e-09,5.359831226849557e-09,training_seed_or_data_batch,False,fixed-edge,4,2
P-T,AN,,,,,,False,direction_loss,-0.06956381576423196,0.017826978136562255,10,-0.08078784601714657,-0.059661588488773606,training_seed_or_data_batch,False,fixed-edge,4,2
P-T,AN,,,,,,False,direction_steps,100.0,0.0,10,100.0,100.0,training_seed_or_data_batch,False,fixed-edge,4,2
P-T,AN,,,,,,False,q_bound,5.0,0.0,10,5.0,5.0,training_seed_or_data_batch,False,fixed-edge,4,2
P-T,AN,,,,,,False,direction_check_score,0.08344295991510982,0.14995686264665897,10,0.0022735990419888363,0.17587122417538603,training_seed_or_data_batch,False,fixed-edge,4,2
P-T,AN,,,,,,False,return_check_gain,0.05119047619047618,0.09006537895757996,7,0.0,0.1226190476190476,training_seed_or_data_batch,False,fixed-edge,4,2
P-T,AN,,,,,,False,return_check_standard_error,0.05119047619047618,0.09006537895757995,7,0.0,0.1226190476190476,training_seed_or_data_batch,False,fixed-edge,4,2
P-T,AN,,,,,,False,target_true_coefficient_0,-0.04666666666666674,0.0,10,-0.04666666666666674,-0.04666666666666674,training_seed_or_data_batch,False,fixed-edge,4,2
P-T,AN,,,,,,False,target_true_coefficient_1,0.2533333333333333,0.0,10,0.2533333333333333,0.2533333333333333,training_seed_or_data_batch,False,fixed-edge,4,2
P-T,AN,,,,,,False,frozen_actor_p_0,0.30144091050256194,0.002394403211466181,10,0.3000896372162375,0.30286140851436905,training_seed_or_data_batch,False,fixed-edge,4,2
P-T,AN,,,,,,False,frozen_actor_p_1,0.7102717833222199,0.007264960044969036,10,0.7056798881862306,0.7141336555096555,training_seed_or_data_batch,False,fixed-edge,4,2
P-T,AN,,,,,,False,source_direction_error,0.0017881488528157948,0.0015516113406845243,10,0.0009955464128000083,0.0027581877109285158,training_seed_or_data_batch,False,fixed-edge,4,2
P-T,AN,,,,,,False,source_realization_residual,0.023255324250316203,0.037716338730160844,10,0.006831949566063625,0.04651590447557531,training_seed_or_data_batch,False,fixed-edge,4,2
P-T,AN,,,,,,False,target_direction_error,0.017181532599715395,0.013242619081030103,10,0.00951755877242098,0.02495586464533852,training_seed_or_data_batch,False,fixed-edge,4,2
P-T,AN,,,,,,False,transport_error_upper_bound,0.06313378348523387,0.06912487478582534,10,0.030231730253942907,0.10698884639606952,training_seed_or_data_batch,False,fixed-edge,4,2
P-T,AN,,,,,,False,normalized_derivative_lower_bound,-0.007097909883590198,0.022955198718775265,10,-0.02156278165146319,0.00447643518643291,training_seed_or_data_batch,False,fixed-edge,4,2
P-T,AN,,,,,,False,target_plus_type_probability,0.5999999999999999,1.1702778228589004e-16,10,0.5999999999999999,0.5999999999999999,training_seed_or_data_batch,False,fixed-edge,4,4
P-T,AN,,,,,,False,density_ratio,1.0,0.0,10,1.0,1.0,training_seed_or_data_batch,False,fixed-edge,4,4
P-T,AN,,,,,,False,neighbor_weight,2.0,0.0,10,2.0,2.0,training_seed_or_data_batch,False,fixed-edge,4,4
P-T,AN,,,,,,False,semantic_drift,0.0,0.0,10,0.0,0.0,training_seed_or_data_batch,False,fixed-edge,4,4
P-T,AN,,,,,,False,target_local_energy,0.06652799999999993,0.0,10,0.06652799999999993,0.06652799999999993,training_seed_or_data_batch,False,fixed-edge,4,4
P-T,AN,,,,,,False,target_path_derivative,0.18288391005833127,0.1297815718586016,10,0.10025530017656573,0.252060352389867,training_seed_or_data_batch,False,fixed-edge,4,4
P-T,AN,,,,,,False,target_normalized_path_derivative,0.04572097751458282,0.0324453929646504,10,0.02506382504414143,0.06301508809746675,training_seed_or_data_batch,False,fixed-edge,4,4
P-T,AN,,,,,,False,old_return,0.28159999999999996,0.0,10,0.28159999999999996,0.28159999999999996,training_seed_or_data_batch,False,fixed-edge,4,4
P-T,AN,,,,,,False,return,0.300698081946664,0.01361736937796013,10,0.292047177751688,0.308013115884354,training_seed_or_data_batch,False,fixed-edge,4,4
P-T,AN,,,,,,False,return_gain,0.019098081946664097,0.01361736937796013,10,0.010447177751688038,0.026413115884354025,training_seed_or_data_batch,False,fixed-edge,4,4
P-T,AN,,,,,,False,source_steps_total,2067.2,7.728734264634367,10,2062.4,2070.4,training_seed_or_data_batch,False,fixed-edge,4,4
P-T,AN,,,,,,False,source_steps_training,2048.0,0.0,10,2048.0,2048.0,training_seed_or_data_batch,False,fixed-edge,4,4
P-T,AN,,,,,,False,source_steps_direction_check,8.0,0.0,10,8.0,8.0,training_seed_or_data_batch,False,fixed-edge,4,4
P-T,AN,,,,,,False,source_steps_return_check,11.2,7.728734264634366,10,6.4,14.4,training_seed_or_data_batch,False,fixed-edge,4,4
P-T,AN,,,,,,False,eta,0.06999999999999999,0.0483045891539648,10,0.04,0.09,training_seed_or_data_batch,False,fixed-edge,4,4
P-T,AN,,,,,,False,attempts,0.7,0.4830458915396479,10,0.4,0.9,training_seed_or_data_batch,False,fixed-edge,4,4
P-T,AN,,,,,,False,forward_kl_training,3.496296021814758e-09,2.7271692624220566e-09,7,1.7137266558387966e-09,5.359831226849557e-09,training_seed_or_data_batch,False,fixed-edge,4,4
P-T,AN,,,,,,False,direction_loss,-0.06956381576423196,0.017826978136562255,10,-0.08078784601714657,-0.059661588488773606,training_seed_or_data_batch,False,fixed-edge,4,4
P-T,AN,,,,,,False,direction_steps,100.0,0.0,10,100.0,100.0,training_seed_or_data_batch,False,fixed-edge,4,4
P-T,AN,,,,,,False,q_bound,5.0,0.0,10,5.0,5.0,training_seed_or_data_batch,False,fixed-edge,4,4
P-T,AN,,,,,,False,direction_check_score,0.08344295991510982,0.14995686264665897,10,0.0022735990419888363,0.17587122417538603,training_seed_or_data_batch,False,fixed-edge,4,4
P-T,AN,,,,,,False,return_check_gain,0.05119047619047618,0.09006537895757996,7,0.0,0.1226190476190476,training_seed_or_data_batch,False,fixed-edge,4,4
P-T,AN,,,,,,False,return_check_standard_error,0.05119047619047618,0.09006537895757995,7,0.0,0.1226190476190476,training_seed_or_data_batch,False,fixed-edge,4,4
P-T,AN,,,,,,False,target_true_coefficient_0,0.05999999999999981,7.314236392868128e-18,10,0.05999999999999981,0.05999999999999981,training_seed_or_data_batch,False,fixed-edge,4,4
P-T,AN,,,,,,False,target_true_coefficient_1,0.3599999999999998,0.0,10,0.3599999999999998,0.3599999999999998,training_seed_or_data_batch,False,fixed-edge,4,4
P-T,AN,,,,,,False,frozen_actor_p_0,0.30144091050256194,0.002394403211466181,10,0.3000896372162375,0.30286140851436905,training_seed_or_data_batch,False,fixed-edge,4,4
P-T,AN,,,,,,False,frozen_actor_p_1,0.7102717833222199,0.007264960044969036,10,0.7056798881862306,0.7141336555096555,training_seed_or_data_batch,False,fixed-edge,4,4
P-T,AN,,,,,,False,source_direction_error,0.0017881488528157948,0.0015516113406845243,10,0.0009955464128000083,0.0027581877109285158,training_seed_or_data_batch,False,fixed-edge,4,4
P-T,AN,,,,,,False,source_realization_residual,0.023255324250316203,0.037716338730160844,10,0.006831949566063625,0.04651590447557531,training_seed_or_data_batch,False,fixed-edge,4,4
P-T,AN,,,,,,False,target_direction_error,0.02149866315310811,0.03110071358928512,10,0.007724388884334824,0.040915326535605395,training_seed_or_data_batch,False,fixed-edge,4,4
P-T,AN,,,,,,False,transport_error_upper_bound,0.029500278662403408,0.044537886175789694,10,0.009041352706876631,0.057308387298109484,training_seed_or_data_batch,False,fixed-edge,4,4
P-T,AN,,,,,,False,normalized_derivative_lower_bound,0.034767209758908034,0.032555025932407174,10,0.014253151863739698,0.051181927336457926,training_seed_or_data_batch,False,fixed-edge,4,4
P-T,AN,,,,,,False,target_plus_type_probability,0.5999999999999999,1.1702778228589004e-16,10,0.5999999999999999,0.5999999999999999,training_seed_or_data_batch,False,fixed-edge,4,6
P-T,AN,,,,,,False,density_ratio,1.0,0.0,10,1.0,1.0,training_seed_or_data_batch,False,fixed-edge,4,6
P-T,AN,,,,,,False,neighbor_weight,3.333333333333333,0.0,10,3.333333333333333,3.333333333333333,training_seed_or_data_batch,False,fixed-edge,4,6
P-T,AN,,,,,,False,semantic_drift,0.009557333333333307,0.0,10,0.009557333333333307,0.009557333333333307,training_seed_or_data_batch,False,fixed-edge,4,6
P-T,AN,,,,,,False,target_local_energy,0.11909333333333313,1.4628472785736255e-17,10,0.11909333333333313,0.11909333333333313,training_seed_or_data_batch,False,fixed-edge,4,6
P-T,AN,,,,,,False,target_path_derivative,0.36172647342731856,0.25770808293910075,10,0.1975768942511682,0.4992518916831057,training_seed_or_data_batch,False,fixed-edge,4,6
P-T,AN,,,,,,False,target_normalized_path_derivative,0.06028774557121976,0.04295134715651679,10,0.032929482375194705,0.08320864861385092,training_seed_or_data_batch,False,fixed-edge,4,6
P-T,AN,,,,,,False,old_return,0.4479999999999998,5.851389114294502e-17,10,0.4479999999999998,0.4479999999999998,training_seed_or_data_batch,False,fixed-edge,4,6
P-T,AN,,,,,,False,return,0.4863453842381489,0.027506289610580888,10,0.46885509368409634,0.5010662157045822,training_seed_or_data_batch,False,fixed-edge,4,6
P-T,AN,,,,,,False,return_gain,0.03834538423814907,0.027506289610580888,10,0.020855093684096482,0.053066215704582455,training_seed_or_data_batch,False,fixed-edge,4,6
P-T,AN,,,,,,False,source_steps_total,2067.2,7.728734264634367,10,2062.4,2070.4,training_seed_or_data_batch,False,fixed-edge,4,6
P-T,AN,,,,,,False,source_steps_training,2048.0,0.0,10,2048.0,2048.0,training_seed_or_data_batch,False,fixed-edge,4,6
P-T,AN,,,,,,False,source_steps_direction_check,8.0,0.0,10,8.0,8.0,training_seed_or_data_batch,False,fixed-edge,4,6
P-T,AN,,,,,,False,source_steps_return_check,11.2,7.728734264634366,10,6.4,14.4,training_seed_or_data_batch,False,fixed-edge,4,6
P-T,AN,,,,,,False,eta,0.06999999999999999,0.0483045891539648,10,0.04,0.09,training_seed_or_data_batch,False,fixed-edge,4,6
P-T,AN,,,,,,False,attempts,0.7,0.4830458915396479,10,0.4,0.9,training_seed_or_data_batch,False,fixed-edge,4,6
P-T,AN,,,,,,False,forward_kl_training,3.496296021814758e-09,2.7271692624220566e-09,7,1.7137266558387966e-09,5.359831226849557e-09,training_seed_or_data_batch,False,fixed-edge,4,6
P-T,AN,,,,,,False,direction_loss,-0.06956381576423196,0.017826978136562255,10,-0.08078784601714657,-0.059661588488773606,training_seed_or_data_batch,False,fixed-edge,4,6
P-T,AN,,,,,,False,direction_steps,100.0,0.0,10,100.0,100.0,training_seed_or_data_batch,False,fixed-edge,4,6
P-T,AN,,,,,,False,q_bound,5.0,0.0,10,5.0,5.0,training_seed_or_data_batch,False,fixed-edge,4,6
P-T,AN,,,,,,False,direction_check_score,0.08344295991510982,0.14995686264665897,10,0.0022735990419888363,0.17587122417538603,training_seed_or_data_batch,False,fixed-edge,4,6
P-T,AN,,,,,,False,return_check_gain,0.05119047619047618,0.09006537895757996,7,0.0,0.1226190476190476,training_seed_or_data_batch,False,fixed-edge,4,6
P-T,AN,,,,,,False,return_check_standard_error,0.05119047619047618,0.09006537895757995,7,0.0,0.1226190476190476,training_seed_or_data_batch,False,fixed-edge,4,6
P-T,AN,,,,,,False,target_true_coefficient_0,0.16666666666666632,0.0,10,0.16666666666666632,0.16666666666666632,training_seed_or_data_batch,False,fixed-edge,4,6
P-T,AN,,,,,,False,target_true_coefficient_1,0.46666666666666645,1.1702778228589004e-16,10,0.46666666666666645,0.46666666666666645,training_seed_or_data_batch,False,fixed-edge,4,6
P-T,AN,,,,,,False,frozen_actor_p_0,0.30144091050256194,0.002394403211466181,10,0.3000896372162375,0.30286140851436905,training_seed_or_data_batch,False,fixed-edge,4,6
P-T,AN,,,,,,False,frozen_actor_p_1,0.7102717833222199,0.007264960044969036,10,0.7056798881862306,0.7141336555096555,training_seed_or_data_batch,False,fixed-edge,4,6
P-T,AN,,,,,,False,source_direction_error,0.0017881488528157948,0.0015516113406845243,10,0.0009955464128000083,0.0027581877109285158,training_seed_or_data_batch,False,fixed-edge,4,6
P-T,AN,,,,,,False,source_realization_residual,0.023255324250316203,0.037716338730160844,10,0.006831949566063625,0.04651590447557531,training_seed_or_data_batch,False,fixed-edge,4,6
P-T,AN,,,,,,False,target_direction_error,0.04493046037316745,0.051526418814855916,10,0.0187926068205315,0.07723032336631705,training_seed_or_data_batch,False,fixed-edge,4,6
P-T,AN,,,,,,False,transport_error_upper_bound,0.06313378348523385,0.06912487478582532,10,0.030231730253942903,0.1069888463960695,training_seed_or_data_batch,False,fixed-edge,4,6
P-T,AN,,,,,,False,normalized_derivative_lower_bound,0.04286138928124429,0.04355715819779075,10,0.015414503910189828,0.06482354196949225,training_seed_or_data_batch,False,fixed-edge,4,6
P-T,AN,,,,,,False,target_plus_type_probability,0.4,0.0,10,0.4,0.4,training_seed_or_data_batch,False,composition,4,2
P-T,AN,,,,,,False,density_ratio,1.4999999999999998,0.0,10,1.4999999999999998,1.4999999999999998,training_seed_or_data_batch,False,composition,4,2
P-T,AN,,,,,,False,neighbor_weight,2.0,0.0,10,2.0,2.0,training_seed_or_data_batch,False,composition,4,2
P-T,AN,,,,,,False,semantic_drift,0.08601599999999991,1.4628472785736255e-17,10,0.08601599999999991,0.08601599999999991,training_seed_or_data_batch,False,composition,4,2
P-T,AN,,,,,,False,target_local_energy,0.03460799999999999,7.314236392868128e-18,10,0.03460799999999999,0.03460799999999999,training_seed_or_data_batch,False,composition,4,2
P-T,AN,,,,,,False,target_path_derivative,-0.002277351184367369,0.013249473401350475,10,-0.010043292396229852,0.005325063713008264,training_seed_or_data_batch,False,composition,4,2
P-T,AN,,,,,,False,target_normalized_path_derivative,-0.0011386755921836845,0.0066247367006752374,10,-0.005021646198114926,0.002662531856504132,training_seed_or_data_batch,False,composition,4,2
P-T,AN,,,,,,False,old_return,0.1248,0.0,10,0.1248,0.1248,training_seed_or_data_batch,False,composition,4,2
P-T,AN,,,,,,False,return,0.12486091853053309,0.001141847765912056,10,0.12420970122800833,0.12555925092737233,training_seed_or_data_batch,False,composition,4,2
P-T,AN,,,,,,False,return_gain,6.0918530533102254e-05,0.0011418477659120559,10,-0.0005902987719916739,0.000759250927372334,training_seed_or_data_batch,False,composition,4,2
P-T,AN,,,,,,False,source_steps_total,2067.2,7.728734264634367,10,2062.4,2070.4,training_seed_or_data_batch,False,composition,4,2
P-T,AN,,,,,,False,source_steps_training,2048.0,0.0,10,2048.0,2048.0,training_seed_or_data_batch,False,composition,4,2
P-T,AN,,,,,,False,source_steps_direction_check,8.0,0.0,10,8.0,8.0,training_seed_or_data_batch,False,composition,4,2
P-T,AN,,,,,,False,source_steps_return_check,11.2,7.728734264634366,10,6.4,14.4,training_seed_or_data_batch,False,composition,4,2
P-T,AN,,,,,,False,eta,0.06999999999999999,0.0483045891539648,10,0.04,0.09,training_seed_or_data_batch,False,composition,4,2
P-T,AN,,,,,,False,attempts,0.7,0.4830458915396479,10,0.4,0.9,training_seed_or_data_batch,False,composition,4,2
P-T,AN,,,,,,False,forward_kl_training,3.496296021814758e-09,2.7271692624220566e-09,7,1.7137266558387966e-09,5.359831226849557e-09,training_seed_or_data_batch,False,composition,4,2
P-T,AN,,,,,,False,direction_loss,-0.06956381576423196,0.017826978136562255,10,-0.08078784601714657,-0.059661588488773606,training_seed_or_data_batch,False,composition,4,2
P-T,AN,,,,,,False,direction_steps,100.0,0.0,10,100.0,100.0,training_seed_or_data_batch,False,composition,4,2
P-T,AN,,,,,,False,q_bound,5.0,0.0,10,5.0,5.0,training_seed_or_data_batch,False,composition,4,2
P-T,AN,,,,,,False,direction_check_score,0.08344295991510982,0.14995686264665897,10,0.0022735990419888363,0.17587122417538603,training_seed_or_data_batch,False,composition,4,2
P-T,AN,,,,,,False,return_check_gain,0.05119047619047618,0.09006537895757996,7,0.0,0.1226190476190476,training_seed_or_data_batch,False,composition,4,2
P-T,AN,,,,,,False,return_check_standard_error,0.05119047619047618,0.09006537895757995,7,0.0,0.1226190476190476,training_seed_or_data_batch,False,composition,4,2
P-T,AN,,,,,,False,target_true_coefficient_0,-0.25999999999999995,5.851389114294502e-17,10,-0.25999999999999995,-0.25999999999999995,training_seed_or_data_batch,False,composition,4,2
P-T,AN,,,,,,False,target_true_coefficient_1,0.03999999999999998,0.0,10,0.03999999999999998,0.03999999999999998,training_seed_or_data_batch,False,composition,4,2
P-T,AN,,,,,,False,frozen_actor_p_0,0.30144091050256194,0.002394403211466181,10,0.3000896372162375,0.30286140851436905,training_seed_or_data_batch,False,composition,4,2
P-T,AN,,,,,,False,frozen_actor_p_1,0.7102717833222199,0.007264960044969036,10,0.7056798881862306,0.7141336555096555,training_seed_or_data_batch,False,composition,4,2
P-T,AN,,,,,,False,source_direction_error,0.0017881488528157948,0.0015516113406845243,10,0.0009955464128000083,0.0027581877109285158,training_seed_or_data_batch,False,composition,4,2
P-T,AN,,,,,,False,source_realization_residual,0.023255324250316203,0.037716338730160844,10,0.006831949566063625,0.04651590447557531,training_seed_or_data_batch,False,composition,4,2
P-T,AN,,,,,,False,target_direction_error,0.06896587137886737,0.03224025217862429,10,0.05131253480858234,0.08765721256149815,training_seed_or_data_batch,False,composition,4,2
P-T,AN,,,,,,False,transport_error_upper_bound,0.21872792065712315,0.15725941904594581,10,0.14232056277863805,0.3189736428063713,training_seed_or_data_batch,False,composition,4,2
P-T,AN,,,,,,False,normalized_derivative_lower_bound,-0.04800825974822206,0.02875740490756772,10,-0.06612930411210906,-0.033508357926578275,training_seed_or_data_batch,False,composition,4,2
P-T,AN,,,,,,False,target_plus_type_probability,0.5999999999999999,1.1702778228589004e-16,10,0.5999999999999999,0.5999999999999999,training_seed_or_data_batch,False,composition,4,4
P-T,AN,,,,,,False,density_ratio,1.0,0.0,10,1.0,1.0,training_seed_or_data_batch,False,composition,4,4
P-T,AN,,,,,,False,neighbor_weight,2.0,0.0,10,2.0,2.0,training_seed_or_data_batch,False,composition,4,4
P-T,AN,,,,,,False,semantic_drift,0.0,0.0,10,0.0,0.0,training_seed_or_data_batch,False,composition,4,4
P-T,AN,,,,,,False,target_local_energy,0.06652799999999993,0.0,10,0.06652799999999993,0.06652799999999993,training_seed_or_data_batch,False,composition,4,4
P-T,AN,,,,,,False,target_path_derivative,0.18288391005833127,0.1297815718586016,10,0.10025530017656573,0.252060352389867,training_seed_or_data_batch,False,composition,4,4
P-T,AN,,,,,,False,target_normalized_path_derivative,0.04572097751458282,0.0324453929646504,10,0.02506382504414143,0.06301508809746675,training_seed_or_data_batch,False,composition,4,4
P-T,AN,,,,,,False,old_return,0.28159999999999996,0.0,10,0.28159999999999996,0.28159999999999996,training_seed_or_data_batch,False,composition,4,4
P-T,AN,,,,,,False,return,0.300698081946664,0.01361736937796013,10,0.292047177751688,0.308013115884354,training_seed_or_data_batch,False,composition,4,4
P-T,AN,,,,,,False,return_gain,0.019098081946664097,0.01361736937796013,10,0.010447177751688038,0.026413115884354025,training_seed_or_data_batch,False,composition,4,4
P-T,AN,,,,,,False,source_steps_total,2067.2,7.728734264634367,10,2062.4,2070.4,training_seed_or_data_batch,False,composition,4,4
P-T,AN,,,,,,False,source_steps_training,2048.0,0.0,10,2048.0,2048.0,training_seed_or_data_batch,False,composition,4,4
P-T,AN,,,,,,False,source_steps_direction_check,8.0,0.0,10,8.0,8.0,training_seed_or_data_batch,False,composition,4,4
P-T,AN,,,,,,False,source_steps_return_check,11.2,7.728734264634366,10,6.4,14.4,training_seed_or_data_batch,False,composition,4,4
P-T,AN,,,,,,False,eta,0.06999999999999999,0.0483045891539648,10,0.04,0.09,training_seed_or_data_batch,False,composition,4,4
P-T,AN,,,,,,False,attempts,0.7,0.4830458915396479,10,0.4,0.9,training_seed_or_data_batch,False,composition,4,4
P-T,AN,,,,,,False,forward_kl_training,3.496296021814758e-09,2.7271692624220566e-09,7,1.7137266558387966e-09,5.359831226849557e-09,training_seed_or_data_batch,False,composition,4,4
P-T,AN,,,,,,False,direction_loss,-0.06956381576423196,0.017826978136562255,10,-0.08078784601714657,-0.059661588488773606,training_seed_or_data_batch,False,composition,4,4
P-T,AN,,,,,,False,direction_steps,100.0,0.0,10,100.0,100.0,training_seed_or_data_batch,False,composition,4,4
P-T,AN,,,,,,False,q_bound,5.0,0.0,10,5.0,5.0,training_seed_or_data_batch,False,composition,4,4
P-T,AN,,,,,,False,direction_check_score,0.08344295991510982,0.14995686264665897,10,0.0022735990419888363,0.17587122417538603,training_seed_or_data_batch,False,composition,4,4
P-T,AN,,,,,,False,return_check_gain,0.05119047619047618,0.09006537895757996,7,0.0,0.1226190476190476,training_seed_or_data_batch,False,composition,4,4
P-T,AN,,,,,,False,return_check_standard_error,0.05119047619047618,0.09006537895757995,7,0.0,0.1226190476190476,training_seed_or_data_batch,False,composition,4,4
P-T,AN,,,,,,False,target_true_coefficient_0,0.05999999999999981,7.314236392868128e-18,10,0.05999999999999981,0.05999999999999981,training_seed_or_data_batch,False,composition,4,4
P-T,AN,,,,,,False,target_true_coefficient_1,0.3599999999999998,0.0,10,0.3599999999999998,0.3599999999999998,training_seed_or_data_batch,False,composition,4,4
P-T,AN,,,,,,False,frozen_actor_p_0,0.30144091050256194,0.002394403211466181,10,0.3000896372162375,0.30286140851436905,training_seed_or_data_batch,False,composition,4,4
P-T,AN,,,,,,False,frozen_actor_p_1,0.7102717833222199,0.007264960044969036,10,0.7056798881862306,0.7141336555096555,training_seed_or_data_batch,False,composition,4,4
P-T,AN,,,,,,False,source_direction_error,0.0017881488528157948,0.0015516113406845243,10,0.0009955464128000083,0.0027581877109285158,training_seed_or_data_batch,False,composition,4,4
P-T,AN,,,,,,False,source_realization_residual,0.023255324250316203,0.037716338730160844,10,0.006831949566063625,0.04651590447557531,training_seed_or_data_batch,False,composition,4,4
P-T,AN,,,,,,False,target_direction_error,0.02149866315310811,0.03110071358928512,10,0.007724388884334824,0.040915326535605395,training_seed_or_data_batch,False,composition,4,4
P-T,AN,,,,,,False,transport_error_upper_bound,0.029500278662403408,0.044537886175789694,10,0.009041352706876631,0.057308387298109484,training_seed_or_data_batch,False,composition,4,4
P-T,AN,,,,,,False,normalized_derivative_lower_bound,0.034767209758908034,0.032555025932407174,10,0.014253151863739698,0.051181927336457926,training_seed_or_data_batch,False,composition,4,4
P-T,AN,,,,,,False,target_plus_type_probability,0.4,0.0,10,0.4,0.4,training_seed_or_data_batch,False,composition,4,6
P-T,AN,,,,,,False,density_ratio,1.4999999999999998,0.0,10,1.4999999999999998,1.4999999999999998,training_seed_or_data_batch,False,composition,4,6
P-T,AN,,,,,,False,neighbor_weight,2.0,0.0,10,2.0,2.0,training_seed_or_data_batch,False,composition,4,6
P-T,AN,,,,,,False,semantic_drift,0.08601599999999991,1.4628472785736255e-17,10,0.08601599999999991,0.08601599999999991,training_seed_or_data_batch,False,composition,4,6
P-T,AN,,,,,,False,target_local_energy,0.03460799999999999,7.314236392868128e-18,10,0.03460799999999999,0.03460799999999999,training_seed_or_data_batch,False,composition,4,6
P-T,AN,,,,,,False,target_path_derivative,-0.006832053553102108,0.03974842020405143,10,-0.030129877188689556,0.01597519113902479,training_seed_or_data_batch,False,composition,4,6
P-T,AN,,,,,,False,target_normalized_path_derivative,-0.0011386755921836845,0.0066247367006752374,10,-0.005021646198114926,0.002662531856504132,training_seed_or_data_batch,False,composition,4,6
P-T,AN,,,,,,False,old_return,0.3744,0.0,10,0.3744,0.3744,training_seed_or_data_batch,False,composition,4,6
P-T,AN,,,,,,False,return,0.3745827555915993,0.003425543297736178,10,0.37262910368402496,0.376677752782117,training_seed_or_data_batch,False,composition,4,6
P-T,AN,,,,,,False,return_gain,0.00018275559159929843,0.003425543297736178,10,-0.0017708963159750407,0.002277752782116997,training_seed_or_data_batch,False,composition,4,6
P-T,AN,,,,,,False,source_steps_total,2067.2,7.728734264634367,10,2062.4,2070.4,training_seed_or_data_batch,False,composition,4,6
P-T,AN,,,,,,False,source_steps_training,2048.0,0.0,10,2048.0,2048.0,training_seed_or_data_batch,False,composition,4,6
P-T,AN,,,,,,False,source_steps_direction_check,8.0,0.0,10,8.0,8.0,training_seed_or_data_batch,False,composition,4,6
P-T,AN,,,,,,False,source_steps_return_check,11.2,7.728734264634366,10,6.4,14.4,training_seed_or_data_batch,False,composition,4,6
P-T,AN,,,,,,False,eta,0.06999999999999999,0.0483045891539648,10,0.04,0.09,training_seed_or_data_batch,False,composition,4,6
P-T,AN,,,,,,False,attempts,0.7,0.4830458915396479,10,0.4,0.9,training_seed_or_data_batch,False,composition,4,6
P-T,AN,,,,,,False,forward_kl_training,3.496296021814758e-09,2.7271692624220566e-09,7,1.7137266558387966e-09,5.359831226849557e-09,training_seed_or_data_batch,False,composition,4,6
P-T,AN,,,,,,False,direction_loss,-0.06956381576423196,0.017826978136562255,10,-0.08078784601714657,-0.059661588488773606,training_seed_or_data_batch,False,composition,4,6
P-T,AN,,,,,,False,direction_steps,100.0,0.0,10,100.0,100.0,training_seed_or_data_batch,False,composition,4,6
P-T,AN,,,,,,False,q_bound,5.0,0.0,10,5.0,5.0,training_seed_or_data_batch,False,composition,4,6
P-T,AN,,,,,,False,direction_check_score,0.08344295991510982,0.14995686264665897,10,0.0022735990419888363,0.17587122417538603,training_seed_or_data_batch,False,composition,4,6
P-T,AN,,,,,,False,return_check_gain,0.05119047619047618,0.09006537895757996,7,0.0,0.1226190476190476,training_seed_or_data_batch,False,composition,4,6
P-T,AN,,,,,,False,return_check_standard_error,0.05119047619047618,0.09006537895757995,7,0.0,0.1226190476190476,training_seed_or_data_batch,False,composition,4,6
P-T,AN,,,,,,False,target_true_coefficient_0,-0.25999999999999995,5.851389114294502e-17,10,-0.25999999999999995,-0.25999999999999995,training_seed_or_data_batch,False,composition,4,6
P-T,AN,,,,,,False,target_true_coefficient_1,0.03999999999999998,0.0,10,0.03999999999999998,0.03999999999999998,training_seed_or_data_batch,False,composition,4,6
P-T,AN,,,,,,False,frozen_actor_p_0,0.30144091050256194,0.002394403211466181,10,0.3000896372162375,0.30286140851436905,training_seed_or_data_batch,False,composition,4,6
P-T,AN,,,,,,False,frozen_actor_p_1,0.7102717833222199,0.007264960044969036,10,0.7056798881862306,0.7141336555096555,training_seed_or_data_batch,False,composition,4,6
P-T,AN,,,,,,False,source_direction_error,0.0017881488528157948,0.0015516113406845243,10,0.0009955464128000083,0.0027581877109285158,training_seed_or_data_batch,False,composition,4,6
P-T,AN,,,,,,False,source_realization_residual,0.023255324250316203,0.037716338730160844,10,0.006831949566063625,0.04651590447557531,training_seed_or_data_batch,False,composition,4,6
P-T,AN,,,,,,False,target_direction_error,0.06896587137886737,0.03224025217862429,10,0.05131253480858234,0.08765721256149815,training_seed_or_data_batch,False,composition,4,6
P-T,AN,,,,,,False,transport_error_upper_bound,0.21872792065712315,0.15725941904594581,10,0.14232056277863805,0.3189736428063713,training_seed_or_data_batch,False,composition,4,6
P-T,AN,,,,,,False,normalized_derivative_lower_bound,-0.04800825974822206,0.02875740490756772,10,-0.06612930411210906,-0.033508357926578275,training_seed_or_data_batch,False,composition,4,6
P-T,SA,,,,,,False,target_plus_type_probability,0.5999999999999999,1.1702778228589004e-16,10,0.5999999999999999,0.5999999999999999,training_seed_or_data_batch,False,normalized,4,2
P-T,SA,,,,,,False,density_ratio,1.0,0.0,10,1.0,1.0,training_seed_or_data_batch,False,normalized,4,2
P-T,SA,,,,,,False,neighbor_weight,2.0,0.0,10,2.0,2.0,training_seed_or_data_batch,False,normalized,4,2
P-T,SA,,,,,,False,semantic_drift,0.0,0.0,10,0.0,0.0,training_seed_or_data_batch,False,normalized,4,2
P-T,SA,,,,,,False,target_local_energy,0.06652799999999993,0.0,10,0.06652799999999993,0.06652799999999993,training_seed_or_data_batch,False,normalized,4,2
P-T,SA,,,,,,False,target_path_derivative,0.09178788390902795,0.0653700596833279,10,0.050644764841026,0.12682600916846606,training_seed_or_data_batch,False,normalized,4,2
P-T,SA,,,,,,False,target_normalized_path_derivative,0.045893941954513975,0.03268502984166395,10,0.025322382420513,0.06341300458423303,training_seed_or_data_batch,False,normalized,4,2
P-T,SA,,,,,,False,old_return,0.14079999999999998,0.0,10,0.14079999999999998,0.14079999999999998,training_seed_or_data_batch,False,normalized,4,2
P-T,SA,,,,,,False,return,0.15038616731035898,0.006861966064711117,10,0.14603565889455372,0.15405769514456552,training_seed_or_data_batch,False,normalized,4,2
P-T,SA,,,,,,False,return_gain,0.00958616731035897,0.006861966064711117,10,0.005235658894553696,0.013257695144565545,training_seed_or_data_batch,False,normalized,4,2
P-T,SA,,,,,,False,source_steps_total,2067.2,7.728734264634367,10,2062.4,2070.4,training_seed_or_data_batch,False,normalized,4,2
P-T,SA,,,,,,False,source_steps_training,2048.0,0.0,10,2048.0,2048.0,training_seed_or_data_batch,False,normalized,4,2
P-T,SA,,,,,,False,source_steps_direction_check,8.0,0.0,10,8.0,8.0,training_seed_or_data_batch,False,normalized,4,2
P-T,SA,,,,,,False,source_steps_return_check,11.2,7.728734264634366,10,6.4,14.4,training_seed_or_data_batch,False,normalized,4,2
P-T,SA,,,,,,False,eta,0.06999999999999999,0.0483045891539648,10,0.04,0.09,training_seed_or_data_batch,False,normalized,4,2
P-T,SA,,,,,,False,attempts,0.7,0.4830458915396479,10,0.4,0.9,training_seed_or_data_batch,False,normalized,4,2
P-T,SA,,,,,,False,forward_kl_training,3.670239049278225e-09,3.29810230476393e-09,7,1.5946318401324103e-09,5.941821404940085e-09,training_seed_or_data_batch,False,normalized,4,2
P-T,SA,,,,,,False,direction_loss,-0.07003622274930033,0.01841879467338596,10,-0.08163010054922056,-0.05990840058080577,training_seed_or_data_batch,False,normalized,4,2
P-T,SA,,,,,,False,direction_steps,100.0,0.0,10,100.0,100.0,training_seed_or_data_batch,False,normalized,4,2
P-T,SA,,,,,,False,q_bound,5.0,0.0,10,5.0,5.0,training_seed_or_data_batch,False,normalized,4,2
P-T,SA,,,,,,False,direction_check_score,0.08356114740666358,0.15140837175468178,10,0.0013514757517897676,0.17681198824913816,training_seed_or_data_batch,False,normalized,4,2
P-T,SA,,,,,,False,return_check_gain,0.05119047619047618,0.09006537895757996,7,0.0,0.1226190476190476,training_seed_or_data_batch,False,normalized,4,2
P-T,SA,,,,,,False,return_check_standard_error,0.05119047619047618,0.09006537895757995,7,0.0,0.1226190476190476,training_seed_or_data_batch,False,normalized,4,2
P-T,SA,,,,,,False,target_true_coefficient_0,0.05999999999999981,7.314236392868128e-18,10,0.05999999999999981,0.05999999999999981,training_seed_or_data_batch,False,normalized,4,2
P-T,SA,,,,,,False,target_true_coefficient_1,0.3599999999999998,0.0,10,0.3599999999999998,0.3599999999999998,training_seed_or_data_batch,False,normalized,4,2
P-T,SA,,,,,,False,frozen_actor_p_0,0.3014234348255552,0.0023606974584650738,10,0.30008636269278594,0.3028150367227429,training_seed_or_data_batch,False,normalized,4,2
P-T,SA,,,,,,False,frozen_actor_p_1,0.7103121619215143,0.007318188711252966,10,0.7056737321221089,0.7142486171255285,training_seed_or_data_batch,False,normalized,4,2
P-T,SA,,,,,,False,source_direction_error,0.0019148010300353365,0.0017014138818062623,10,0.0010338651549950308,0.002984098369884584,training_seed_or_data_batch,False,normalized,4,2
P-T,SA,,,,,,False,source_realization_residual,0.023692636936781215,0.03848063910458477,10,0.006838064015160799,0.04738651530741281,training_seed_or_data_batch,False,normalized,4,2
P-T,SA,,,,,,False,target_direction_error,0.021578293076539974,0.031052448289002173,10,0.007761609547133233,0.04098603158522268,training_seed_or_data_batch,False,normalized,4,2
P-T,SA,,,,,,False,transport_error_upper_bound,0.030548414768832095,0.046223814712462695,10,0.009054695311928013,0.059384074355107806,training_seed_or_data_batch,False,normalized,4,2
P-T,SA,,,,,,False,normalized_derivative_lower_bound,0.03424362406532999,0.03316698506128185,10,0.013149162250090402,0.05117114413513324,training_seed_or_data_batch,False,normalized,4,2
P-T,SA,,,,,,False,target_plus_type_probability,0.5999999999999999,1.1702778228589004e-16,10,0.5999999999999999,0.5999999999999999,training_seed_or_data_batch,False,normalized,4,4
P-T,SA,,,,,,False,density_ratio,1.0,0.0,10,1.0,1.0,training_seed_or_data_batch,False,normalized,4,4
P-T,SA,,,,,,False,neighbor_weight,2.0,0.0,10,2.0,2.0,training_seed_or_data_batch,False,normalized,4,4
P-T,SA,,,,,,False,semantic_drift,0.0,0.0,10,0.0,0.0,training_seed_or_data_batch,False,normalized,4,4
P-T,SA,,,,,,False,target_local_energy,0.06652799999999993,0.0,10,0.06652799999999993,0.06652799999999993,training_seed_or_data_batch,False,normalized,4,4
P-T,SA,,,,,,False,target_path_derivative,0.1835757678180559,0.1307401193666558,10,0.101289529682052,0.25365201833693213,training_seed_or_data_batch,False,normalized,4,4
P-T,SA,,,,,,False,target_normalized_path_derivative,0.045893941954513975,0.03268502984166395,10,0.025322382420513,0.06341300458423303,training_seed_or_data_batch,False,normalized,4,4
P-T,SA,,,,,,False,old_return,0.28159999999999996,0.0,10,0.28159999999999996,0.28159999999999996,training_seed_or_data_batch,False,normalized,4,4
P-T,SA,,,,,,False,return,0.30077233462071795,0.013723932129422235,10,0.29207131778910744,0.30811539028913104,training_seed_or_data_batch,False,normalized,4,4
P-T,SA,,,,,,False,return_gain,0.01917233462071794,0.013723932129422235,10,0.010471317789107391,0.02651539028913109,training_seed_or_data_batch,False,normalized,4,4
P-T,SA,,,,,,False,source_steps_total,2067.2,7.728734264634367,10,2062.4,2070.4,training_seed_or_data_batch,False,normalized,4,4
P-T,SA,,,,,,False,source_steps_training,2048.0,0.0,10,2048.0,2048.0,training_seed_or_data_batch,False,normalized,4,4
P-T,SA,,,,,,False,source_steps_direction_check,8.0,0.0,10,8.0,8.0,training_seed_or_data_batch,False,normalized,4,4
P-T,SA,,,,,,False,source_steps_return_check,11.2,7.728734264634366,10,6.4,14.4,training_seed_or_data_batch,False,normalized,4,4
P-T,SA,,,,,,False,eta,0.06999999999999999,0.0483045891539648,10,0.04,0.09,training_seed_or_data_batch,False,normalized,4,4
P-T,SA,,,,,,False,attempts,0.7,0.4830458915396479,10,0.4,0.9,training_seed_or_data_batch,False,normalized,4,4
P-T,SA,,,,,,False,forward_kl_training,3.670239049278225e-09,3.29810230476393e-09,7,1.5946318401324103e-09,5.941821404940085e-09,training_seed_or_data_batch,False,normalized,4,4
P-T,SA,,,,,,False,direction_loss,-0.07003622274930033,0.01841879467338596,10,-0.08163010054922056,-0.05990840058080577,training_seed_or_data_batch,False,normalized,4,4
P-T,SA,,,,,,False,direction_steps,100.0,0.0,10,100.0,100.0,training_seed_or_data_batch,False,normalized,4,4
P-T,SA,,,,,,False,q_bound,5.0,0.0,10,5.0,5.0,training_seed_or_data_batch,False,normalized,4,4
P-T,SA,,,,,,False,direction_check_score,0.08356114740666358,0.15140837175468178,10,0.0013514757517897676,0.17681198824913816,training_seed_or_data_batch,False,normalized,4,4
P-T,SA,,,,,,False,return_check_gain,0.05119047619047618,0.09006537895757996,7,0.0,0.1226190476190476,training_seed_or_data_batch,False,normalized,4,4
P-T,SA,,,,,,False,return_check_standard_error,0.05119047619047618,0.09006537895757995,7,0.0,0.1226190476190476,training_seed_or_data_batch,False,normalized,4,4
P-T,SA,,,,,,False,target_true_coefficient_0,0.05999999999999981,7.314236392868128e-18,10,0.05999999999999981,0.05999999999999981,training_seed_or_data_batch,False,normalized,4,4
P-T,SA,,,,,,False,target_true_coefficient_1,0.3599999999999998,0.0,10,0.3599999999999998,0.3599999999999998,training_seed_or_data_batch,False,normalized,4,4
P-T,SA,,,,,,False,frozen_actor_p_0,0.3014234348255552,0.0023606974584650738,10,0.30008636269278594,0.3028150367227429,training_seed_or_data_batch,False,normalized,4,4
P-T,SA,,,,,,False,frozen_actor_p_1,0.7103121619215143,0.007318188711252966,10,0.7056737321221089,0.7142486171255285,training_seed_or_data_batch,False,normalized,4,4
P-T,SA,,,,,,False,source_direction_error,0.0019148010300353365,0.0017014138818062623,10,0.0010338651549950308,0.002984098369884584,training_seed_or_data_batch,False,normalized,4,4
P-T,SA,,,,,,False,source_realization_residual,0.023692636936781215,0.03848063910458477,10,0.006838064015160799,0.04738651530741281,training_seed_or_data_batch,False,normalized,4,4
P-T,SA,,,,,,False,target_direction_error,0.021578293076539974,0.031052448289002173,10,0.007761609547133233,0.04098603158522268,training_seed_or_data_batch,False,normalized,4,4
P-T,SA,,,,,,False,transport_error_upper_bound,0.030548414768832095,0.046223814712462695,10,0.009054695311928013,0.059384074355107806,training_seed_or_data_batch,False,normalized,4,4
P-T,SA,,,,,,False,normalized_derivative_lower_bound,0.03424362406532999,0.03316698506128185,10,0.013149162250090402,0.05117114413513324,training_seed_or_data_batch,False,normalized,4,4
P-T,SA,,,,,,False,target_plus_type_probability,0.5999999999999999,1.1702778228589004e-16,10,0.5999999999999999,0.5999999999999999,training_seed_or_data_batch,False,normalized,4,6
P-T,SA,,,,,,False,density_ratio,1.0,0.0,10,1.0,1.0,training_seed_or_data_batch,False,normalized,4,6
P-T,SA,,,,,,False,neighbor_weight,2.0,0.0,10,2.0,2.0,training_seed_or_data_batch,False,normalized,4,6
P-T,SA,,,,,,False,semantic_drift,0.0,0.0,10,0.0,0.0,training_seed_or_data_batch,False,normalized,4,6
P-T,SA,,,,,,False,target_local_energy,0.06652799999999993,0.0,10,0.06652799999999993,0.06652799999999993,training_seed_or_data_batch,False,normalized,4,6
P-T,SA,,,,,,False,target_path_derivative,0.2753636517270838,0.19611017904998373,10,0.151934294523078,0.38047802750539816,training_seed_or_data_batch,False,normalized,4,6
P-T,SA,,,,,,False,target_normalized_path_derivative,0.045893941954513975,0.03268502984166395,10,0.025322382420513,0.06341300458423303,training_seed_or_data_batch,False,normalized,4,6
P-T,SA,,,,,,False,old_return,0.42239999999999994,0.0,10,0.42239999999999994,0.42239999999999994,training_seed_or_data_batch,False,normalized,4,6
P-T,SA,,,,,,False,return,0.4511585019310768,0.02058589819413336,10,0.43810697668366105,0.46217308543369656,training_seed_or_data_batch,False,normalized,4,6
P-T,SA,,,,,,False,return_gain,0.028758501931076912,0.020585898194133357,10,0.01570697668366109,0.03977308543369665,training_seed_or_data_batch,False,normalized,4,6
P-T,SA,,,,,,False,source_steps_total,2067.2,7.728734264634367,10,2062.4,2070.4,training_seed_or_data_batch,False,normalized,4,6
P-T,SA,,,,,,False,source_steps_training,2048.0,0.0,10,2048.0,2048.0,training_seed_or_data_batch,False,normalized,4,6
P-T,SA,,,,,,False,source_steps_direction_check,8.0,0.0,10,8.0,8.0,training_seed_or_data_batch,False,normalized,4,6
P-T,SA,,,,,,False,source_steps_return_check,11.2,7.728734264634366,10,6.4,14.4,training_seed_or_data_batch,False,normalized,4,6
P-T,SA,,,,,,False,eta,0.06999999999999999,0.0483045891539648,10,0.04,0.09,training_seed_or_data_batch,False,normalized,4,6
P-T,SA,,,,,,False,attempts,0.7,0.4830458915396479,10,0.4,0.9,training_seed_or_data_batch,False,normalized,4,6
P-T,SA,,,,,,False,forward_kl_training,3.670239049278225e-09,3.29810230476393e-09,7,1.5946318401324103e-09,5.941821404940085e-09,training_seed_or_data_batch,False,normalized,4,6
P-T,SA,,,,,,False,direction_loss,-0.07003622274930033,0.01841879467338596,10,-0.08163010054922056,-0.05990840058080577,training_seed_or_data_batch,False,normalized,4,6
P-T,SA,,,,,,False,direction_steps,100.0,0.0,10,100.0,100.0,training_seed_or_data_batch,False,normalized,4,6
P-T,SA,,,,,,False,q_bound,5.0,0.0,10,5.0,5.0,training_seed_or_data_batch,False,normalized,4,6
P-T,SA,,,,,,False,direction_check_score,0.08356114740666358,0.15140837175468178,10,0.0013514757517897676,0.17681198824913816,training_seed_or_data_batch,False,normalized,4,6
P-T,SA,,,,,,False,return_check_gain,0.05119047619047618,0.09006537895757996,7,0.0,0.1226190476190476,training_seed_or_data_batch,False,normalized,4,6
P-T,SA,,,,,,False,return_check_standard_error,0.05119047619047618,0.09006537895757995,7,0.0,0.1226190476190476,training_seed_or_data_batch,False,normalized,4,6
P-T,SA,,,,,,False,target_true_coefficient_0,0.05999999999999981,7.314236392868128e-18,10,0.05999999999999981,0.05999999999999981,training_seed_or_data_batch,False,normalized,4,6
P-T,SA,,,,,,False,target_true_coefficient_1,0.3599999999999998,0.0,10,0.3599999999999998,0.3599999999999998,training_seed_or_data_batch,False,normalized,4,6
P-T,SA,,,,,,False,frozen_actor_p_0,0.3014234348255552,0.0023606974584650738,10,0.30008636269278594,0.3028150367227429,training_seed_or_data_batch,False,normalized,4,6
P-T,SA,,,,,,False,frozen_actor_p_1,0.7103121619215143,0.007318188711252966,10,0.7056737321221089,0.7142486171255285,training_seed_or_data_batch,False,normalized,4,6
P-T,SA,,,,,,False,source_direction_error,0.0019148010300353365,0.0017014138818062623,10,0.0010338651549950308,0.002984098369884584,training_seed_or_data_batch,False,normalized,4,6
P-T,SA,,,,,,False,source_realization_residual,0.023692636936781215,0.03848063910458477,10,0.006838064015160799,0.04738651530741281,training_seed_or_data_batch,False,normalized,4,6
P-T,SA,,,,,,False,target_direction_error,0.021578293076539974,0.031052448289002173,10,0.007761609547133233,0.04098603158522268,training_seed_or_data_batch,False,normalized,4,6
P-T,SA,,,,,,False,transport_error_upper_bound,0.030548414768832095,0.046223814712462695,10,0.009054695311928013,0.059384074355107806,training_seed_or_data_batch,False,normalized,4,6
P-T,SA,,,,,,False,normalized_derivative_lower_bound,0.03424362406532999,0.03316698506128185,10,0.013149162250090402,0.05117114413513324,training_seed_or_data_batch,False,normalized,4,6
P-T,SA,,,,,,False,target_plus_type_probability,0.5999999999999999,1.1702778228589004e-16,10,0.5999999999999999,0.5999999999999999,training_seed_or_data_batch,False,fixed-edge,4,2
P-T,SA,,,,,,False,density_ratio,1.0,0.0,10,1.0,1.0,training_seed_or_data_batch,False,fixed-edge,4,2
P-T,SA,,,,,,False,neighbor_weight,0.6666666666666667,1.1702778228589004e-16,10,0.6666666666666667,0.6666666666666667,training_seed_or_data_batch,False,fixed-edge,4,2
P-T,SA,,,,,,False,semantic_drift,0.00955733333333331,0.0,10,0.00955733333333331,0.00955733333333331,training_seed_or_data_batch,False,fixed-edge,4,2
P-T,SA,,,,,,False,target_local_energy,0.033077333333333334,0.0,10,0.033077333333333334,0.033077333333333334,training_seed_or_data_batch,False,fixed-edge,4,2
P-T,SA,,,,,,False,target_path_derivative,0.062576448384032,0.04436054676661105,10,0.03461556983594838,0.08631377878465848,training_seed_or_data_batch,False,fixed-edge,4,2
P-T,SA,,,,,,False,target_normalized_path_derivative,0.031288224192016,0.022180273383305527,10,0.01730778491797419,0.04315688939232924,training_seed_or_data_batch,False,fixed-edge,4,2
P-T,SA,,,,,,False,old_return,0.1322666666666667,2.925694557147251e-17,10,0.1322666666666667,0.1322666666666667,training_seed_or_data_batch,False,fixed-edge,4,2
P-T,SA,,,,,,False,return,0.138610114536945,0.004503037171926346,10,0.135781161299035,0.1410439068655701,training_seed_or_data_batch,False,fixed-edge,4,2
P-T,SA,,,,,,False,return_gain,0.006343447870278326,0.004503037171926345,10,0.0035144946323682996,0.008777240198903446,training_seed_or_data_batch,False,fixed-edge,4,2
P-T,SA,,,,,,False,source_steps_total,2067.2,7.728734264634367,10,2062.4,2070.4,training_seed_or_data_batch,False,fixed-edge,4,2
P-T,SA,,,,,,False,source_steps_training,2048.0,0.0,10,2048.0,2048.0,training_seed_or_data_batch,False,fixed-edge,4,2
P-T,SA,,,,,,False,source_steps_direction_check,8.0,0.0,10,8.0,8.0,training_seed_or_data_batch,False,fixed-edge,4,2
P-T,SA,,,,,,False,source_steps_return_check,11.2,7.728734264634366,10,6.4,14.4,training_seed_or_data_batch,False,fixed-edge,4,2
P-T,SA,,,,,,False,eta,0.06999999999999999,0.0483045891539648,10,0.04,0.09,training_seed_or_data_batch,False,fixed-edge,4,2
P-T,SA,,,,,,False,attempts,0.7,0.4830458915396479,10,0.4,0.9,training_seed_or_data_batch,False,fixed-edge,4,2
P-T,SA,,,,,,False,forward_kl_training,3.670239049278225e-09,3.29810230476393e-09,7,1.5946318401324103e-09,5.941821404940085e-09,training_seed_or_data_batch,False,fixed-edge,4,2
P-T,SA,,,,,,False,direction_loss,-0.07003622274930033,0.01841879467338596,10,-0.08163010054922056,-0.05990840058080577,training_seed_or_data_batch,False,fixed-edge,4,2
P-T,SA,,,,,,False,direction_steps,100.0,0.0,10,100.0,100.0,training_seed_or_data_batch,False,fixed-edge,4,2
P-T,SA,,,,,,False,q_bound,5.0,0.0,10,5.0,5.0,training_seed_or_data_batch,False,fixed-edge,4,2
P-T,SA,,,,,,False,direction_check_score,0.08356114740666358,0.15140837175468178,10,0.0013514757517897676,0.17681198824913816,training_seed_or_data_batch,False,fixed-edge,4,2
P-T,SA,,,,,,False,return_check_gain,0.05119047619047618,0.09006537895757996,7,0.0,0.1226190476190476,training_seed_or_data_batch,False,fixed-edge,4,2
P-T,SA,,,,,,False,return_check_standard_error,0.05119047619047618,0.09006537895757995,7,0.0,0.1226190476190476,training_seed_or_data_batch,False,fixed-edge,4,2
P-T,SA,,,,,,False,target_true_coefficient_0,-0.04666666666666674,0.0,10,-0.04666666666666674,-0.04666666666666674,training_seed_or_data_batch,False,fixed-edge,4,2
P-T,SA,,,,,,False,target_true_coefficient_1,0.2533333333333333,0.0,10,0.2533333333333333,0.2533333333333333,training_seed_or_data_batch,False,fixed-edge,4,2
P-T,SA,,,,,,False,frozen_actor_p_0,0.3014234348255552,0.0023606974584650738,10,0.30008636269278594,0.3028150367227429,training_seed_or_data_batch,False,fixed-edge,4,2
P-T,SA,,,,,,False,frozen_actor_p_1,0.7103121619215143,0.007318188711252966,10,0.7056737321221089,0.7142486171255285,training_seed_or_data_batch,False,fixed-edge,4,2
P-T,SA,,,,,,False,source_direction_error,0.0019148010300353365,0.0017014138818062623,10,0.0010338651549950308,0.002984098369884584,training_seed_or_data_batch,False,fixed-edge,4,2
P-T,SA,,,,,,False,source_realization_residual,0.023692636936781215,0.03848063910458477,10,0.006838064015160799,0.04738651530741281,training_seed_or_data_batch,False,fixed-edge,4,2
P-T,SA,,,,,,False,target_direction_error,0.017339061934869317,0.01332664592780799,10,0.009641917519426262,0.025166561000832977,training_seed_or_data_batch,False,fixed-edge,4,2
P-T,SA,,,,,,False,transport_error_upper_bound,0.06457882215146482,0.07125568424513419,10,0.03025324703231704,0.10969681117382687,training_seed_or_data_batch,False,fixed-edge,4,2
P-T,SA,,,,,,False,normalized_derivative_lower_bound,-0.007467100609082053,0.023386703317796423,10,-0.02234122676827559,0.004468831735901286,training_seed_or_data_batch,False,fixed-edge,4,2
P-T,SA,,,,,,False,target_plus_type_probability,0.5999999999999999,1.1702778228589004e-16,10,0.5999999999999999,0.5999999999999999,training_seed_or_data_batch,False,fixed-edge,4,4
P-T,SA,,,,,,False,density_ratio,1.0,0.0,10,1.0,1.0,training_seed_or_data_batch,False,fixed-edge,4,4
P-T,SA,,,,,,False,neighbor_weight,2.0,0.0,10,2.0,2.0,training_seed_or_data_batch,False,fixed-edge,4,4
P-T,SA,,,,,,False,semantic_drift,0.0,0.0,10,0.0,0.0,training_seed_or_data_batch,False,fixed-edge,4,4
P-T,SA,,,,,,False,target_local_energy,0.06652799999999993,0.0,10,0.06652799999999993,0.06652799999999993,training_seed_or_data_batch,False,fixed-edge,4,4
P-T,SA,,,,,,False,target_path_derivative,0.1835757678180559,0.1307401193666558,10,0.101289529682052,0.25365201833693213,training_seed_or_data_batch,False,fixed-edge,4,4
P-T,SA,,,,,,False,target_normalized_path_derivative,0.045893941954513975,0.03268502984166395,10,0.025322382420513,0.06341300458423303,training_seed_or_data_batch,False,fixed-edge,4,4
P-T,SA,,,,,,False,old_return,0.28159999999999996,0.0,10,0.28159999999999996,0.28159999999999996,training_seed_or_data_batch,False,fixed-edge,4,4
P-T,SA,,,,,,False,return,0.30077233462071795,0.013723932129422235,10,0.29207131778910744,0.30811539028913104,training_seed_or_data_batch,False,fixed-edge,4,4
P-T,SA,,,,,,False,return_gain,0.01917233462071794,0.013723932129422235,10,0.010471317789107391,0.02651539028913109,training_seed_or_data_batch,False,fixed-edge,4,4
P-T,SA,,,,,,False,source_steps_total,2067.2,7.728734264634367,10,2062.4,2070.4,training_seed_or_data_batch,False,fixed-edge,4,4
P-T,SA,,,,,,False,source_steps_training,2048.0,0.0,10,2048.0,2048.0,training_seed_or_data_batch,False,fixed-edge,4,4
P-T,SA,,,,,,False,source_steps_direction_check,8.0,0.0,10,8.0,8.0,training_seed_or_data_batch,False,fixed-edge,4,4
P-T,SA,,,,,,False,source_steps_return_check,11.2,7.728734264634366,10,6.4,14.4,training_seed_or_data_batch,False,fixed-edge,4,4
P-T,SA,,,,,,False,eta,0.06999999999999999,0.0483045891539648,10,0.04,0.09,training_seed_or_data_batch,False,fixed-edge,4,4
P-T,SA,,,,,,False,attempts,0.7,0.4830458915396479,10,0.4,0.9,training_seed_or_data_batch,False,fixed-edge,4,4
P-T,SA,,,,,,False,forward_kl_training,3.670239049278225e-09,3.29810230476393e-09,7,1.5946318401324103e-09,5.941821404940085e-09,training_seed_or_data_batch,False,fixed-edge,4,4
P-T,SA,,,,,,False,direction_loss,-0.07003622274930033,0.01841879467338596,10,-0.08163010054922056,-0.05990840058080577,training_seed_or_data_batch,False,fixed-edge,4,4
P-T,SA,,,,,,False,direction_steps,100.0,0.0,10,100.0,100.0,training_seed_or_data_batch,False,fixed-edge,4,4
P-T,SA,,,,,,False,q_bound,5.0,0.0,10,5.0,5.0,training_seed_or_data_batch,False,fixed-edge,4,4
P-T,SA,,,,,,False,direction_check_score,0.08356114740666358,0.15140837175468178,10,0.0013514757517897676,0.17681198824913816,training_seed_or_data_batch,False,fixed-edge,4,4
P-T,SA,,,,,,False,return_check_gain,0.05119047619047618,0.09006537895757996,7,0.0,0.1226190476190476,training_seed_or_data_batch,False,fixed-edge,4,4
P-T,SA,,,,,,False,return_check_standard_error,0.05119047619047618,0.09006537895757995,7,0.0,0.1226190476190476,training_seed_or_data_batch,False,fixed-edge,4,4
P-T,SA,,,,,,False,target_true_coefficient_0,0.05999999999999981,7.314236392868128e-18,10,0.05999999999999981,0.05999999999999981,training_seed_or_data_batch,False,fixed-edge,4,4
P-T,SA,,,,,,False,target_true_coefficient_1,0.3599999999999998,0.0,10,0.3599999999999998,0.3599999999999998,training_seed_or_data_batch,False,fixed-edge,4,4
P-T,SA,,,,,,False,frozen_actor_p_0,0.3014234348255552,0.0023606974584650738,10,0.30008636269278594,0.3028150367227429,training_seed_or_data_batch,False,fixed-edge,4,4
P-T,SA,,,,,,False,frozen_actor_p_1,0.7103121619215143,0.007318188711252966,10,0.7056737321221089,0.7142486171255285,training_seed_or_data_batch,False,fixed-edge,4,4
P-T,SA,,,,,,False,source_direction_error,0.0019148010300353365,0.0017014138818062623,10,0.0010338651549950308,0.002984098369884584,training_seed_or_data_batch,False,fixed-edge,4,4
P-T,SA,,,,,,False,source_realization_residual,0.023692636936781215,0.03848063910458477,10,0.006838064015160799,0.04738651530741281,training_seed_or_data_batch,False,fixed-edge,4,4
P-T,SA,,,,,,False,target_direction_error,0.021578293076539974,0.031052448289002173,10,0.007761609547133233,0.04098603158522268,training_seed_or_data_batch,False,fixed-edge,4,4
P-T,SA,,,,,,False,transport_error_upper_bound,0.030548414768832095,0.046223814712462695,10,0.009054695311928013,0.059384074355107806,training_seed_or_data_batch,False,fixed-edge,4,4
P-T,SA,,,,,,False,normalized_derivative_lower_bound,0.03424362406532999,0.03316698506128185,10,0.013149162250090402,0.05117114413513324,training_seed_or_data_batch,False,fixed-edge,4,4
P-T,SA,,,,,,False,target_plus_type_probability,0.5999999999999999,1.1702778228589004e-16,10,0.5999999999999999,0.5999999999999999,training_seed_or_data_batch,False,fixed-edge,4,6
P-T,SA,,,,,,False,density_ratio,1.0,0.0,10,1.0,1.0,training_seed_or_data_batch,False,fixed-edge,4,6
P-T,SA,,,,,,False,neighbor_weight,3.333333333333333,0.0,10,3.333333333333333,3.333333333333333,training_seed_or_data_batch,False,fixed-edge,4,6
P-T,SA,,,,,,False,semantic_drift,0.009557333333333307,0.0,10,0.009557333333333307,0.009557333333333307,training_seed_or_data_batch,False,fixed-edge,4,6
P-T,SA,,,,,,False,target_local_energy,0.11909333333333313,1.4628472785736255e-17,10,0.11909333333333313,0.11909333333333313,training_seed_or_data_batch,False,fixed-edge,4,6
P-T,SA,,,,,,False,target_path_derivative,0.3629979583020716,0.259557469733559,10,0.19729020972793343,0.502540554959477,training_seed_or_data_batch,False,fixed-edge,4,6
P-T,SA,,,,,,False,target_normalized_path_derivative,0.06049965971701195,0.0432595782889265,10,0.03288170162132224,0.08375675915991283,training_seed_or_data_batch,False,fixed-edge,4,6
P-T,SA,,,,,,False,old_return,0.4479999999999998,5.851389114294502e-17,10,0.4479999999999998,0.4479999999999998,training_seed_or_data_batch,False,fixed-edge,4,6
P-T,SA,,,,,,False,return,0.4864866602513187,0.027719572243287385,10,0.468822976063154,0.5013348260559468,training_seed_or_data_batch,False,fixed-edge,4,6
P-T,SA,,,,,,False,return_gain,0.03848666025131884,0.027719572243287385,10,0.020822976063154152,0.053334826055946936,training_seed_or_data_batch,False,fixed-edge,4,6
P-T,SA,,,,,,False,source_steps_total,2067.2,7.728734264634367,10,2062.4,2070.4,training_seed_or_data_batch,False,fixed-edge,4,6
P-T,SA,,,,,,False,source_steps_training,2048.0,0.0,10,2048.0,2048.0,training_seed_or_data_batch,False,fixed-edge,4,6
P-T,SA,,,,,,False,source_steps_direction_check,8.0,0.0,10,8.0,8.0,training_seed_or_data_batch,False,fixed-edge,4,6
P-T,SA,,,,,,False,source_steps_return_check,11.2,7.728734264634366,10,6.4,14.4,training_seed_or_data_batch,False,fixed-edge,4,6
P-T,SA,,,,,,False,eta,0.06999999999999999,0.0483045891539648,10,0.04,0.09,training_seed_or_data_batch,False,fixed-edge,4,6
P-T,SA,,,,,,False,attempts,0.7,0.4830458915396479,10,0.4,0.9,training_seed_or_data_batch,False,fixed-edge,4,6
P-T,SA,,,,,,False,forward_kl_training,3.670239049278225e-09,3.29810230476393e-09,7,1.5946318401324103e-09,5.941821404940085e-09,training_seed_or_data_batch,False,fixed-edge,4,6
P-T,SA,,,,,,False,direction_loss,-0.07003622274930033,0.01841879467338596,10,-0.08163010054922056,-0.05990840058080577,training_seed_or_data_batch,False,fixed-edge,4,6
P-T,SA,,,,,,False,direction_steps,100.0,0.0,10,100.0,100.0,training_seed_or_data_batch,False,fixed-edge,4,6
P-T,SA,,,,,,False,q_bound,5.0,0.0,10,5.0,5.0,training_seed_or_data_batch,False,fixed-edge,4,6
P-T,SA,,,,,,False,direction_check_score,0.08356114740666358,0.15140837175468178,10,0.0013514757517897676,0.17681198824913816,training_seed_or_data_batch,False,fixed-edge,4,6
P-T,SA,,,,,,False,return_check_gain,0.05119047619047618,0.09006537895757996,7,0.0,0.1226190476190476,training_seed_or_data_batch,False,fixed-edge,4,6
P-T,SA,,,,,,False,return_check_standard_error,0.05119047619047618,0.09006537895757995,7,0.0,0.1226190476190476,training_seed_or_data_batch,False,fixed-edge,4,6
P-T,SA,,,,,,False,target_true_coefficient_0,0.16666666666666632,0.0,10,0.16666666666666632,0.16666666666666632,training_seed_or_data_batch,False,fixed-edge,4,6
P-T,SA,,,,,,False,target_true_coefficient_1,0.46666666666666645,1.1702778228589004e-16,10,0.46666666666666645,0.46666666666666645,training_seed_or_data_batch,False,fixed-edge,4,6
P-T,SA,,,,,,False,frozen_actor_p_0,0.3014234348255552,0.0023606974584650738,10,0.30008636269278594,0.3028150367227429,training_seed_or_data_batch,False,fixed-edge,4,6
P-T,SA,,,,,,False,frozen_actor_p_1,0.7103121619215143,0.007318188711252966,10,0.7056737321221089,0.7142486171255285,training_seed_or_data_batch,False,fixed-edge,4,6
P-T,SA,,,,,,False,source_direction_error,0.0019148010300353365,0.0017014138818062623,10,0.0010338651549950308,0.002984098369884584,training_seed_or_data_batch,False,fixed-edge,4,6
P-T,SA,,,,,,False,source_realization_residual,0.023692636936781215,0.03848063910458477,10,0.006838064015160799,0.04738651530741281,training_seed_or_data_batch,False,fixed-edge,4,6
P-T,SA,,,,,,False,target_direction_error,0.04493219088487724,0.05155427000908041,10,0.018519293386242038,0.07715840979327532,training_seed_or_data_batch,False,fixed-edge,4,6
P-T,SA,,,,,,False,transport_error_upper_bound,0.0645788221514648,0.07125568424513418,10,0.030253247032317025,0.10969681117382685,training_seed_or_data_batch,False,fixed-edge,4,6
P-T,SA,,,,,,False,normalized_derivative_lower_bound,0.04216085520909735,0.04437593194542405,10,0.013937415538327348,0.06480911453186854,training_seed_or_data_batch,False,fixed-edge,4,6
P-T,SA,,,,,,False,target_plus_type_probability,0.4,0.0,10,0.4,0.4,training_seed_or_data_batch,False,composition,4,2
P-T,SA,,,,,,False,density_ratio,1.4999999999999998,0.0,10,1.4999999999999998,1.4999999999999998,training_seed_or_data_batch,False,composition,4,2
P-T,SA,,,,,,False,neighbor_weight,2.0,0.0,10,2.0,2.0,training_seed_or_data_batch,False,composition,4,2
P-T,SA,,,,,,False,semantic_drift,0.08601599999999991,1.4628472785736255e-17,10,0.08601599999999991,0.08601599999999991,training_seed_or_data_batch,False,composition,4,2
P-T,SA,,,,,,False,target_local_energy,0.03460799999999999,7.314236392868128e-18,10,0.03460799999999999,0.03460799999999999,training_seed_or_data_batch,False,composition,4,2
P-T,SA,,,,,,False,target_path_derivative,-0.0021425730462974833,0.013007223853878598,10,-0.009734453974274833,0.005344613032884699,training_seed_or_data_batch,False,composition,4,2
P-T,SA,,,,,,False,target_normalized_path_derivative,-0.0010712865231487416,0.006503611926939299,10,-0.004867226987137417,0.0026723065164423495,training_seed_or_data_batch,False,composition,4,2
P-T,SA,,,,,,False,old_return,0.1248,0.0,10,0.1248,0.1248,training_seed_or_data_batch,False,composition,4,2
P-T,SA,,,,,,False,return,0.12487556596120583,0.0011197146985290007,10,0.12424472455913707,0.12556881669506312,training_seed_or_data_batch,False,composition,4,2
P-T,SA,,,,,,False,return_gain,7.556596120584097e-05,0.0011197146985290007,10,-0.0005552754408629408,0.0007688166950631223,training_seed_or_data_batch,False,composition,4,2
P-T,SA,,,,,,False,source_steps_total,2067.2,7.728734264634367,10,2062.4,2070.4,training_seed_or_data_batch,False,composition,4,2
P-T,SA,,,,,,False,source_steps_training,2048.0,0.0,10,2048.0,2048.0,training_seed_or_data_batch,False,composition,4,2
P-T,SA,,,,,,False,source_steps_direction_check,8.0,0.0,10,8.0,8.0,training_seed_or_data_batch,False,composition,4,2
P-T,SA,,,,,,False,source_steps_return_check,11.2,7.728734264634366,10,6.4,14.4,training_seed_or_data_batch,False,composition,4,2
P-T,SA,,,,,,False,eta,0.06999999999999999,0.0483045891539648,10,0.04,0.09,training_seed_or_data_batch,False,composition,4,2
P-T,SA,,,,,,False,attempts,0.7,0.4830458915396479,10,0.4,0.9,training_seed_or_data_batch,False,composition,4,2
P-T,SA,,,,,,False,forward_kl_training,3.670239049278225e-09,3.29810230476393e-09,7,1.5946318401324103e-09,5.941821404940085e-09,training_seed_or_data_batch,False,composition,4,2
P-T,SA,,,,,,False,direction_loss,-0.07003622274930033,0.01841879467338596,10,-0.08163010054922056,-0.05990840058080577,training_seed_or_data_batch,False,composition,4,2
P-T,SA,,,,,,False,direction_steps,100.0,0.0,10,100.0,100.0,training_seed_or_data_batch,False,composition,4,2
P-T,SA,,,,,,False,q_bound,5.0,0.0,10,5.0,5.0,training_seed_or_data_batch,False,composition,4,2
P-T,SA,,,,,,False,direction_check_score,0.08356114740666358,0.15140837175468178,10,0.0013514757517897676,0.17681198824913816,training_seed_or_data_batch,False,composition,4,2
P-T,SA,,,,,,False,return_check_gain,0.05119047619047618,0.09006537895757996,7,0.0,0.1226190476190476,training_seed_or_data_batch,False,composition,4,2
P-T,SA,,,,,,False,return_check_standard_error,0.05119047619047618,0.09006537895757995,7,0.0,0.1226190476190476,training_seed_or_data_batch,False,composition,4,2
P-T,SA,,,,,,False,target_true_coefficient_0,-0.25999999999999995,5.851389114294502e-17,10,-0.25999999999999995,-0.25999999999999995,training_seed_or_data_batch,False,composition,4,2
P-T,SA,,,,,,False,target_true_coefficient_1,0.03999999999999998,0.0,10,0.03999999999999998,0.03999999999999998,training_seed_or_data_batch,False,composition,4,2
P-T,SA,,,,,,False,frozen_actor_p_0,0.3014234348255552,0.0023606974584650738,10,0.30008636269278594,0.3028150367227429,training_seed_or_data_batch,False,composition,4,2
P-T,SA,,,,,,False,frozen_actor_p_1,0.7103121619215143,0.007318188711252966,10,0.7056737321221089,0.7142486171255285,training_seed_or_data_batch,False,composition,4,2
P-T,SA,,,,,,False,source_direction_error,0.0019148010300353365,0.0017014138818062623,10,0.0010338651549950308,0.002984098369884584,training_seed_or_data_batch,False,composition,4,2
P-T,SA,,,,,,False,source_realization_residual,0.023692636936781215,0.03848063910458477,10,0.006838064015160799,0.04738651530741281,training_seed_or_data_batch,False,composition,4,2
P-T,SA,,,,,,False,target_direction_error,0.06908447873911526,0.032491701324209823,10,0.05118498475095286,0.08800775419279713,training_seed_or_data_batch,False,composition,4,2
P-T,SA,,,,,,False,transport_error_upper_bound,0.2217584379404462,0.16144561797473495,10,0.1423706105167798,0.32439217985448715,training_seed_or_data_batch,False,composition,4,2
P-T,SA,,,,,,False,normalized_derivative_lower_bound,-0.04847076792822768,0.029297977551941284,10,-0.06710451071766911,-0.03351788324188097,training_seed_or_data_batch,False,composition,4,2
P-T,SA,,,,,,False,target_plus_type_probability,0.5999999999999999,1.1702778228589004e-16,10,0.5999999999999999,0.5999999999999999,training_seed_or_data_batch,False,composition,4,4
P-T,SA,,,,,,False,density_ratio,1.0,0.0,10,1.0,1.0,training_seed_or_data_batch,False,composition,4,4
P-T,SA,,,,,,False,neighbor_weight,2.0,0.0,10,2.0,2.0,training_seed_or_data_batch,False,composition,4,4
P-T,SA,,,,,,False,semantic_drift,0.0,0.0,10,0.0,0.0,training_seed_or_data_batch,False,composition,4,4
P-T,SA,,,,,,False,target_local_energy,0.06652799999999993,0.0,10,0.06652799999999993,0.06652799999999993,training_seed_or_data_batch,False,composition,4,4
P-T,SA,,,,,,False,target_path_derivative,0.1835757678180559,0.1307401193666558,10,0.101289529682052,0.25365201833693213,training_seed_or_data_batch,False,composition,4,4
P-T,SA,,,,,,False,target_normalized_path_derivative,0.045893941954513975,0.03268502984166395,10,0.025322382420513,0.06341300458423303,training_seed_or_data_batch,False,composition,4,4
P-T,SA,,,,,,False,old_return,0.28159999999999996,0.0,10,0.28159999999999996,0.28159999999999996,training_seed_or_data_batch,False,composition,4,4
P-T,SA,,,,,,False,return,0.30077233462071795,0.013723932129422235,10,0.29207131778910744,0.30811539028913104,training_seed_or_data_batch,False,composition,4,4
P-T,SA,,,,,,False,return_gain,0.01917233462071794,0.013723932129422235,10,0.010471317789107391,0.02651539028913109,training_seed_or_data_batch,False,composition,4,4
P-T,SA,,,,,,False,source_steps_total,2067.2,7.728734264634367,10,2062.4,2070.4,training_seed_or_data_batch,False,composition,4,4
P-T,SA,,,,,,False,source_steps_training,2048.0,0.0,10,2048.0,2048.0,training_seed_or_data_batch,False,composition,4,4
P-T,SA,,,,,,False,source_steps_direction_check,8.0,0.0,10,8.0,8.0,training_seed_or_data_batch,False,composition,4,4
P-T,SA,,,,,,False,source_steps_return_check,11.2,7.728734264634366,10,6.4,14.4,training_seed_or_data_batch,False,composition,4,4
P-T,SA,,,,,,False,eta,0.06999999999999999,0.0483045891539648,10,0.04,0.09,training_seed_or_data_batch,False,composition,4,4
P-T,SA,,,,,,False,attempts,0.7,0.4830458915396479,10,0.4,0.9,training_seed_or_data_batch,False,composition,4,4
P-T,SA,,,,,,False,forward_kl_training,3.670239049278225e-09,3.29810230476393e-09,7,1.5946318401324103e-09,5.941821404940085e-09,training_seed_or_data_batch,False,composition,4,4
P-T,SA,,,,,,False,direction_loss,-0.07003622274930033,0.01841879467338596,10,-0.08163010054922056,-0.05990840058080577,training_seed_or_data_batch,False,composition,4,4
P-T,SA,,,,,,False,direction_steps,100.0,0.0,10,100.0,100.0,training_seed_or_data_batch,False,composition,4,4
P-T,SA,,,,,,False,q_bound,5.0,0.0,10,5.0,5.0,training_seed_or_data_batch,False,composition,4,4
P-T,SA,,,,,,False,direction_check_score,0.08356114740666358,0.15140837175468178,10,0.0013514757517897676,0.17681198824913816,training_seed_or_data_batch,False,composition,4,4
P-T,SA,,,,,,False,return_check_gain,0.05119047619047618,0.09006537895757996,7,0.0,0.1226190476190476,training_seed_or_data_batch,False,composition,4,4
P-T,SA,,,,,,False,return_check_standard_error,0.05119047619047618,0.09006537895757995,7,0.0,0.1226190476190476,training_seed_or_data_batch,False,composition,4,4
P-T,SA,,,,,,False,target_true_coefficient_0,0.05999999999999981,7.314236392868128e-18,10,0.05999999999999981,0.05999999999999981,training_seed_or_data_batch,False,composition,4,4
P-T,SA,,,,,,False,target_true_coefficient_1,0.3599999999999998,0.0,10,0.3599999999999998,0.3599999999999998,training_seed_or_data_batch,False,composition,4,4
P-T,SA,,,,,,False,frozen_actor_p_0,0.3014234348255552,0.0023606974584650738,10,0.30008636269278594,0.3028150367227429,training_seed_or_data_batch,False,composition,4,4
P-T,SA,,,,,,False,frozen_actor_p_1,0.7103121619215143,0.007318188711252966,10,0.7056737321221089,0.7142486171255285,training_seed_or_data_batch,False,composition,4,4
P-T,SA,,,,,,False,source_direction_error,0.0019148010300353365,0.0017014138818062623,10,0.0010338651549950308,0.002984098369884584,training_seed_or_data_batch,False,composition,4,4
P-T,SA,,,,,,False,source_realization_residual,0.023692636936781215,0.03848063910458477,10,0.006838064015160799,0.04738651530741281,training_seed_or_data_batch,False,composition,4,4
P-T,SA,,,,,,False,target_direction_error,0.021578293076539974,0.031052448289002173,10,0.007761609547133233,0.04098603158522268,training_seed_or_data_batch,False,composition,4,4
P-T,SA,,,,,,False,transport_error_upper_bound,0.030548414768832095,0.046223814712462695,10,0.009054695311928013,0.059384074355107806,training_seed_or_data_batch,False,composition,4,4
P-T,SA,,,,,,False,normalized_derivative_lower_bound,0.03424362406532999,0.03316698506128185,10,0.013149162250090402,0.05117114413513324,training_seed_or_data_batch,False,composition,4,4
P-T,SA,,,,,,False,target_plus_type_probability,0.4,0.0,10,0.4,0.4,training_seed_or_data_batch,False,composition,4,6
P-T,SA,,,,,,False,density_ratio,1.4999999999999998,0.0,10,1.4999999999999998,1.4999999999999998,training_seed_or_data_batch,False,composition,4,6
P-T,SA,,,,,,False,neighbor_weight,2.0,0.0,10,2.0,2.0,training_seed_or_data_batch,False,composition,4,6
P-T,SA,,,,,,False,semantic_drift,0.08601599999999991,1.4628472785736255e-17,10,0.08601599999999991,0.08601599999999991,training_seed_or_data_batch,False,composition,4,6
P-T,SA,,,,,,False,target_local_energy,0.03460799999999999,7.314236392868128e-18,10,0.03460799999999999,0.03460799999999999,training_seed_or_data_batch,False,composition,4,6
P-T,SA,,,,,,False,target_path_derivative,-0.006427719138892449,0.03902167156163579,10,-0.02920336192282449,0.0160338390986541,training_seed_or_data_batch,False,composition,4,6
P-T,SA,,,,,,False,target_normalized_path_derivative,-0.0010712865231487416,0.006503611926939299,10,-0.004867226987137417,0.0026723065164423495,training_seed_or_data_batch,False,composition,4,6
P-T,SA,,,,,,False,old_return,0.3744,0.0,10,0.3744,0.3744,training_seed_or_data_batch,False,composition,4,6
P-T,SA,,,,,,False,return,0.37462669788361747,0.0033591440955869994,10,0.3727341736774112,0.3767064500851893,training_seed_or_data_batch,False,composition,4,6
P-T,SA,,,,,,False,return_gain,0.00022669788361750486,0.0033591440955869994,10,-0.0016658263225888528,0.0023064500851893432,training_seed_or_data_batch,False,composition,4,6
P-T,SA,,,,,,False,source_steps_total,2067.2,7.728734264634367,10,2062.4,2070.4,training_seed_or_data_batch,False,composition,4,6
P-T,SA,,,,,,False,source_steps_training,2048.0,0.0,10,2048.0,2048.0,training_seed_or_data_batch,False,composition,4,6
P-T,SA,,,,,,False,source_steps_direction_check,8.0,0.0,10,8.0,8.0,training_seed_or_data_batch,False,composition,4,6
P-T,SA,,,,,,False,source_steps_return_check,11.2,7.728734264634366,10,6.4,14.4,training_seed_or_data_batch,False,composition,4,6
P-T,SA,,,,,,False,eta,0.06999999999999999,0.0483045891539648,10,0.04,0.09,training_seed_or_data_batch,False,composition,4,6
P-T,SA,,,,,,False,attempts,0.7,0.4830458915396479,10,0.4,0.9,training_seed_or_data_batch,False,composition,4,6
P-T,SA,,,,,,False,forward_kl_training,3.670239049278225e-09,3.29810230476393e-09,7,1.5946318401324103e-09,5.941821404940085e-09,training_seed_or_data_batch,False,composition,4,6
P-T,SA,,,,,,False,direction_loss,-0.07003622274930033,0.01841879467338596,10,-0.08163010054922056,-0.05990840058080577,training_seed_or_data_batch,False,composition,4,6
P-T,SA,,,,,,False,direction_steps,100.0,0.0,10,100.0,100.0,training_seed_or_data_batch,False,composition,4,6
P-T,SA,,,,,,False,q_bound,5.0,0.0,10,5.0,5.0,training_seed_or_data_batch,False,composition,4,6
P-T,SA,,,,,,False,direction_check_score,0.08356114740666358,0.15140837175468178,10,0.0013514757517897676,0.17681198824913816,training_seed_or_data_batch,False,composition,4,6
P-T,SA,,,,,,False,return_check_gain,0.05119047619047618,0.09006537895757996,7,0.0,0.1226190476190476,training_seed_or_data_batch,False,composition,4,6
P-T,SA,,,,,,False,return_check_standard_error,0.05119047619047618,0.09006537895757995,7,0.0,0.1226190476190476,training_seed_or_data_batch,False,composition,4,6
P-T,SA,,,,,,False,target_true_coefficient_0,-0.25999999999999995,5.851389114294502e-17,10,-0.25999999999999995,-0.25999999999999995,training_seed_or_data_batch,False,composition,4,6
P-T,SA,,,,,,False,target_true_coefficient_1,0.03999999999999998,0.0,10,0.03999999999999998,0.03999999999999998,training_seed_or_data_batch,False,composition,4,6
P-T,SA,,,,,,False,frozen_actor_p_0,0.3014234348255552,0.0023606974584650738,10,0.30008636269278594,0.3028150367227429,training_seed_or_data_batch,False,composition,4,6
P-T,SA,,,,,,False,frozen_actor_p_1,0.7103121619215143,0.007318188711252966,10,0.7056737321221089,0.7142486171255285,training_seed_or_data_batch,False,composition,4,6
P-T,SA,,,,,,False,source_direction_error,0.0019148010300353365,0.0017014138818062623,10,0.0010338651549950308,0.002984098369884584,training_seed_or_data_batch,False,composition,4,6
P-T,SA,,,,,,False,source_realization_residual,0.023692636936781215,0.03848063910458477,10,0.006838064015160799,0.04738651530741281,training_seed_or_data_batch,False,composition,4,6
P-T,SA,,,,,,False,target_direction_error,0.06908447873911526,0.032491701324209823,10,0.05118498475095286,0.08800775419279713,training_seed_or_data_batch,False,composition,4,6
P-T,SA,,,,,,False,transport_error_upper_bound,0.2217584379404462,0.16144561797473495,10,0.1423706105167798,0.32439217985448715,training_seed_or_data_batch,False,composition,4,6
P-T,SA,,,,,,False,normalized_derivative_lower_bound,-0.04847076792822768,0.029297977551941284,10,-0.06710451071766911,-0.03351788324188097,training_seed_or_data_batch,False,composition,4,6
P-T,DA,,,,,,False,target_plus_type_probability,0.5999999999999999,1.1702778228589004e-16,10,0.5999999999999999,0.5999999999999999,training_seed_or_data_batch,False,normalized,4,2
P-T,DA,,,,,,False,density_ratio,1.0,0.0,10,1.0,1.0,training_seed_or_data_batch,False,normalized,4,2
P-T,DA,,,,,,False,neighbor_weight,2.0,0.0,10,2.0,2.0,training_seed_or_data_batch,False,normalized,4,2
P-T,DA,,,,,,False,semantic_drift,0.0,0.0,10,0.0,0.0,training_seed_or_data_batch,False,normalized,4,2
P-T,DA,,,,,,False,target_local_energy,0.06652799999999993,0.0,10,0.06652799999999993,0.06652799999999993,training_seed_or_data_batch,False,normalized,4,2
P-T,DA,,,,,,False,target_path_derivative,0.44247999409181854,0.031535189038638986,10,0.42253525729506547,0.45245250380069857,training_seed_or_data_batch,False,normalized,4,2
P-T,DA,,,,,,False,target_normalized_path_derivative,0.22123999704590927,0.015767594519319493,10,0.21126762864753273,0.22622625190034928,training_seed_or_data_batch,False,normalized,4,2
P-T,DA,,,,,,False,old_return,0.14079999999999998,0.0,10,0.14079999999999998,0.14079999999999998,training_seed_or_data_batch,False,normalized,4,2
P-T,DA,,,,,,False,return,0.18136663491435265,0.021767404209086298,10,0.16803928450002512,0.19469393775259428,training_seed_or_data_batch,False,normalized,4,2
P-T,DA,,,,,,False,return_gain,0.04056663491435268,0.0217674042090863,10,0.02723928450002511,0.05389393775259432,training_seed_or_data_batch,False,normalized,4,2
P-T,DA,,,,,,False,source_steps_total,2073.6,11.187294380481617,10,2067.2,2080.0,training_seed_or_data_batch,False,normalized,4,2
P-T,DA,,,,,,False,source_steps_training,2048.0,0.0,10,2048.0,2048.0,training_seed_or_data_batch,False,normalized,4,2
P-T,DA,,,,,,False,source_steps_direction_check,0.0,0.0,10,0.0,0.0,training_seed_or_data_batch,False,normalized,4,2
P-T,DA,,,,,,False,source_steps_return_check,25.6,11.187294380481617,10,19.2,32.0,training_seed_or_data_batch,False,normalized,4,2
P-T,DA,,,,,,False,eta,0.07100000000000001,0.032812599206199236,10,0.051000000000000004,0.09,training_seed_or_data_batch,False,normalized,4,2
P-T,DA,,,,,,False,attempts,1.6,0.6992058987801011,10,1.2,2.0,training_seed_or_data_batch,False,normalized,4,2
P-T,DA,,,,,,False,return_check_gain,0.16,0.1948725446079445,10,0.05500000000000001,0.2775,training_seed_or_data_batch,False,normalized,4,2
P-T,DA,,,,,,False,return_check_standard_error,0.23436512853171926,0.24658507699981527,10,0.09409269339316625,0.3852426764854958,training_seed_or_data_batch,False,normalized,4,2
P-T,DA,,,,,,False,target_true_coefficient_0,0.05999999999999981,7.314236392868128e-18,10,0.05999999999999981,0.05999999999999981,training_seed_or_data_batch,False,normalized,4,2
P-T,DA,,,,,,False,target_true_coefficient_1,0.3599999999999998,0.0,10,0.3599999999999998,0.3599999999999998,training_seed_or_data_batch,False,normalized,4,2
P-T,DA,,,,,,False,frozen_actor_p_0,0.33246906198515286,0.03300027298352198,10,0.310781056472347,0.34918067649664036,training_seed_or_data_batch,False,normalized,4,2
P-T,DA,,,,,,False,frozen_actor_p_1,0.7313556887158785,0.014194455124396448,10,0.722801497783104,0.7395591435691086,training_seed_or_data_batch,False,normalized,4,2
P-T,DA,,,,,,False,target_plus_type_probability,0.5999999999999999,1.1702778228589004e-16,10,0.5999999999999999,0.5999999999999999,training_seed_or_data_batch,False,normalized,4,4
P-T,DA,,,,,,False,density_ratio,1.0,0.0,10,1.0,1.0,training_seed_or_data_batch,False,normalized,4,4
P-T,DA,,,,,,False,neighbor_weight,2.0,0.0,10,2.0,2.0,training_seed_or_data_batch,False,normalized,4,4
P-T,DA,,,,,,False,semantic_drift,0.0,0.0,10,0.0,0.0,training_seed_or_data_batch,False,normalized,4,4
P-T,DA,,,,,,False,target_local_energy,0.06652799999999993,0.0,10,0.06652799999999993,0.06652799999999993,training_seed_or_data_batch,False,normalized,4,4
P-T,DA,,,,,,False,target_path_derivative,0.8849599881836371,0.06307037807727797,10,0.8450705145901309,0.9049050076013971,training_seed_or_data_batch,False,normalized,4,4
P-T,DA,,,,,,False,target_normalized_path_derivative,0.22123999704590927,0.015767594519319493,10,0.21126762864753273,0.22622625190034928,training_seed_or_data_batch,False,normalized,4,4
P-T,DA,,,,,,False,old_return,0.28159999999999996,0.0,10,0.28159999999999996,0.28159999999999996,training_seed_or_data_batch,False,normalized,4,4
P-T,DA,,,,,,False,return,0.3627332698287053,0.043534808418172595,10,0.33607856900005023,0.38938787550518855,training_seed_or_data_batch,False,normalized,4,4
P-T,DA,,,,,,False,return_gain,0.08113326982870536,0.0435348084181726,10,0.05447856900005022,0.10778787550518865,training_seed_or_data_batch,False,normalized,4,4
P-T,DA,,,,,,False,source_steps_total,2073.6,11.187294380481617,10,2067.2,2080.0,training_seed_or_data_batch,False,normalized,4,4
P-T,DA,,,,,,False,source_steps_training,2048.0,0.0,10,2048.0,2048.0,training_seed_or_data_batch,False,normalized,4,4
P-T,DA,,,,,,False,source_steps_direction_check,0.0,0.0,10,0.0,0.0,training_seed_or_data_batch,False,normalized,4,4
P-T,DA,,,,,,False,source_steps_return_check,25.6,11.187294380481617,10,19.2,32.0,training_seed_or_data_batch,False,normalized,4,4
P-T,DA,,,,,,False,eta,0.07100000000000001,0.032812599206199236,10,0.051000000000000004,0.09,training_seed_or_data_batch,False,normalized,4,4
P-T,DA,,,,,,False,attempts,1.6,0.6992058987801011,10,1.2,2.0,training_seed_or_data_batch,False,normalized,4,4
P-T,DA,,,,,,False,return_check_gain,0.16,0.1948725446079445,10,0.05500000000000001,0.2775,training_seed_or_data_batch,False,normalized,4,4
P-T,DA,,,,,,False,return_check_standard_error,0.23436512853171926,0.24658507699981527,10,0.09409269339316625,0.3852426764854958,training_seed_or_data_batch,False,normalized,4,4
P-T,DA,,,,,,False,target_true_coefficient_0,0.05999999999999981,7.314236392868128e-18,10,0.05999999999999981,0.05999999999999981,training_seed_or_data_batch,False,normalized,4,4
P-T,DA,,,,,,False,target_true_coefficient_1,0.3599999999999998,0.0,10,0.3599999999999998,0.3599999999999998,training_seed_or_data_batch,False,normalized,4,4
P-T,DA,,,,,,False,frozen_actor_p_0,0.33246906198515286,0.03300027298352198,10,0.310781056472347,0.34918067649664036,training_seed_or_data_batch,False,normalized,4,4
P-T,DA,,,,,,False,frozen_actor_p_1,0.7313556887158785,0.014194455124396448,10,0.722801497783104,0.7395591435691086,training_seed_or_data_batch,False,normalized,4,4
P-T,DA,,,,,,False,target_plus_type_probability,0.5999999999999999,1.1702778228589004e-16,10,0.5999999999999999,0.5999999999999999,training_seed_or_data_batch,False,normalized,4,6
P-T,DA,,,,,,False,density_ratio,1.0,0.0,10,1.0,1.0,training_seed_or_data_batch,False,normalized,4,6
P-T,DA,,,,,,False,neighbor_weight,2.0,0.0,10,2.0,2.0,training_seed_or_data_batch,False,normalized,4,6
P-T,DA,,,,,,False,semantic_drift,0.0,0.0,10,0.0,0.0,training_seed_or_data_batch,False,normalized,4,6
P-T,DA,,,,,,False,target_local_energy,0.06652799999999993,0.0,10,0.06652799999999993,0.06652799999999993,training_seed_or_data_batch,False,normalized,4,6
P-T,DA,,,,,,False,target_path_derivative,1.3274399822754557,0.09460556711591694,10,1.2676057718851967,1.357357511402096,training_seed_or_data_batch,False,normalized,4,6
P-T,DA,,,,,,False,target_normalized_path_derivative,0.22123999704590927,0.015767594519319493,10,0.21126762864753273,0.22622625190034928,training_seed_or_data_batch,False,normalized,4,6
P-T,DA,,,,,,False,old_return,0.42239999999999994,0.0,10,0.42239999999999994,0.42239999999999994,training_seed_or_data_batch,False,normalized,4,6
P-T,DA,,,,,,False,return,0.544099904743058,0.06530221262725891,10,0.5041178535000752,0.5840818132577829,training_seed_or_data_batch,False,normalized,4,6
P-T,DA,,,,,,False,return_gain,0.12169990474305806,0.0653022126272589,10,0.08171785350007536,0.16168181325778302,training_seed_or_data_batch,False,normalized,4,6
P-T,DA,,,,,,False,source_steps_total,2073.6,11.187294380481617,10,2067.2,2080.0,training_seed_or_data_batch,False,normalized,4,6
P-T,DA,,,,,,False,source_steps_training,2048.0,0.0,10,2048.0,2048.0,training_seed_or_data_batch,False,normalized,4,6
P-T,DA,,,,,,False,source_steps_direction_check,0.0,0.0,10,0.0,0.0,training_seed_or_data_batch,False,normalized,4,6
P-T,DA,,,,,,False,source_steps_return_check,25.6,11.187294380481617,10,19.2,32.0,training_seed_or_data_batch,False,normalized,4,6
P-T,DA,,,,,,False,eta,0.07100000000000001,0.032812599206199236,10,0.051000000000000004,0.09,training_seed_or_data_batch,False,normalized,4,6
P-T,DA,,,,,,False,attempts,1.6,0.6992058987801011,10,1.2,2.0,training_seed_or_data_batch,False,normalized,4,6
P-T,DA,,,,,,False,return_check_gain,0.16,0.1948725446079445,10,0.05500000000000001,0.2775,training_seed_or_data_batch,False,normalized,4,6
P-T,DA,,,,,,False,return_check_standard_error,0.23436512853171926,0.24658507699981527,10,0.09409269339316625,0.3852426764854958,training_seed_or_data_batch,False,normalized,4,6
P-T,DA,,,,,,False,target_true_coefficient_0,0.05999999999999981,7.314236392868128e-18,10,0.05999999999999981,0.05999999999999981,training_seed_or_data_batch,False,normalized,4,6
P-T,DA,,,,,,False,target_true_coefficient_1,0.3599999999999998,0.0,10,0.3599999999999998,0.3599999999999998,training_seed_or_data_batch,False,normalized,4,6
P-T,DA,,,,,,False,frozen_actor_p_0,0.33246906198515286,0.03300027298352198,10,0.310781056472347,0.34918067649664036,training_seed_or_data_batch,False,normalized,4,6
P-T,DA,,,,,,False,frozen_actor_p_1,0.7313556887158785,0.014194455124396448,10,0.722801497783104,0.7395591435691086,training_seed_or_data_batch,False,normalized,4,6
P-T,DA,,,,,,False,target_plus_type_probability,0.5999999999999999,1.1702778228589004e-16,10,0.5999999999999999,0.5999999999999999,training_seed_or_data_batch,False,fixed-edge,4,2
P-T,DA,,,,,,False,density_ratio,1.0,0.0,10,1.0,1.0,training_seed_or_data_batch,False,fixed-edge,4,2
P-T,DA,,,,,,False,neighbor_weight,0.6666666666666667,1.1702778228589004e-16,10,0.6666666666666667,0.6666666666666667,training_seed_or_data_batch,False,fixed-edge,4,2
P-T,DA,,,,,,False,semantic_drift,0.00955733333333331,0.0,10,0.00955733333333331,0.00955733333333331,training_seed_or_data_batch,False,fixed-edge,4,2
P-T,DA,,,,,,False,target_local_energy,0.033077333333333334,0.0,10,0.033077333333333334,0.033077333333333334,training_seed_or_data_batch,False,fixed-edge,4,2
P-T,DA,,,,,,False,target_path_derivative,0.24373091846225042,0.024527369279473188,10,0.23597452191783722,0.25924349394110746,training_seed_or_data_batch,False,fixed-edge,4,2
P-T,DA,,,,,,False,target_normalized_path_derivative,0.12186545923112521,0.012263684639736594,10,0.11798726095891861,0.12962174697055373,training_seed_or_data_batch,False,fixed-edge,4,2
P-T,DA,,,,,,False,old_return,0.1322666666666667,2.925694557147251e-17,10,0.1322666666666667,0.1322666666666667,training_seed_or_data_batch,False,fixed-edge,4,2
P-T,DA,,,,,,False,return,0.15235933208211572,0.010111657681860281,10,0.1459192331632584,0.1582920495708188,training_seed_or_data_batch,False,fixed-edge,4,2
P-T,DA,,,,,,False,return_gain,0.02009266541544905,0.01011165768186028,10,0.0136525664965917,0.026025382904152135,training_seed_or_data_batch,False,fixed-edge,4,2
P-T,DA,,,,,,False,source_steps_total,2073.6,11.187294380481617,10,2067.2,2080.0,training_seed_or_data_batch,False,fixed-edge,4,2
P-T,DA,,,,,,False,source_steps_training,2048.0,0.0,10,2048.0,2048.0,training_seed_or_data_batch,False,fixed-edge,4,2
P-T,DA,,,,,,False,source_steps_direction_check,0.0,0.0,10,0.0,0.0,training_seed_or_data_batch,False,fixed-edge,4,2
P-T,DA,,,,,,False,source_steps_return_check,25.6,11.187294380481617,10,19.2,32.0,training_seed_or_data_batch,False,fixed-edge,4,2
P-T,DA,,,,,,False,eta,0.07100000000000001,0.032812599206199236,10,0.051000000000000004,0.09,training_seed_or_data_batch,False,fixed-edge,4,2
P-T,DA,,,,,,False,attempts,1.6,0.6992058987801011,10,1.2,2.0,training_seed_or_data_batch,False,fixed-edge,4,2
P-T,DA,,,,,,False,return_check_gain,0.16,0.1948725446079445,10,0.05500000000000001,0.2775,training_seed_or_data_batch,False,fixed-edge,4,2
P-T,DA,,,,,,False,return_check_standard_error,0.23436512853171926,0.24658507699981527,10,0.09409269339316625,0.3852426764854958,training_seed_or_data_batch,False,fixed-edge,4,2
P-T,DA,,,,,,False,target_true_coefficient_0,-0.04666666666666674,0.0,10,-0.04666666666666674,-0.04666666666666674,training_seed_or_data_batch,False,fixed-edge,4,2
P-T,DA,,,,,,False,target_true_coefficient_1,0.2533333333333333,0.0,10,0.2533333333333333,0.2533333333333333,training_seed_or_data_batch,False,fixed-edge,4,2
P-T,DA,,,,,,False,frozen_actor_p_0,0.33246906198515286,0.03300027298352198,10,0.310781056472347,0.34918067649664036,training_seed_or_data_batch,False,fixed-edge,4,2
P-T,DA,,,,,,False,frozen_actor_p_1,0.7313556887158785,0.014194455124396448,10,0.722801497783104,0.7395591435691086,training_seed_or_data_batch,False,fixed-edge,4,2
P-T,DA,,,,,,False,target_plus_type_probability,0.5999999999999999,1.1702778228589004e-16,10,0.5999999999999999,0.5999999999999999,training_seed_or_data_batch,False,fixed-edge,4,4
P-T,DA,,,,,,False,density_ratio,1.0,0.0,10,1.0,1.0,training_seed_or_data_batch,False,fixed-edge,4,4
P-T,DA,,,,,,False,neighbor_weight,2.0,0.0,10,2.0,2.0,training_seed_or_data_batch,False,fixed-edge,4,4
P-T,DA,,,,,,False,semantic_drift,0.0,0.0,10,0.0,0.0,training_seed_or_data_batch,False,fixed-edge,4,4
P-T,DA,,,,,,False,target_local_energy,0.06652799999999993,0.0,10,0.06652799999999993,0.06652799999999993,training_seed_or_data_batch,False,fixed-edge,4,4
P-T,DA,,,,,,False,target_path_derivative,0.8849599881836371,0.06307037807727797,10,0.8450705145901309,0.9049050076013971,training_seed_or_data_batch,False,fixed-edge,4,4
P-T,DA,,,,,,False,target_normalized_path_derivative,0.22123999704590927,0.015767594519319493,10,0.21126762864753273,0.22622625190034928,training_seed_or_data_batch,False,fixed-edge,4,4
P-T,DA,,,,,,False,old_return,0.28159999999999996,0.0,10,0.28159999999999996,0.28159999999999996,training_seed_or_data_batch,False,fixed-edge,4,4
P-T,DA,,,,,,False,return,0.3627332698287053,0.043534808418172595,10,0.33607856900005023,0.38938787550518855,training_seed_or_data_batch,False,fixed-edge,4,4
P-T,DA,,,,,,False,return_gain,0.08113326982870536,0.0435348084181726,10,0.05447856900005022,0.10778787550518865,training_seed_or_data_batch,False,fixed-edge,4,4
P-T,DA,,,,,,False,source_steps_total,2073.6,11.187294380481617,10,2067.2,2080.0,training_seed_or_data_batch,False,fixed-edge,4,4
P-T,DA,,,,,,False,source_steps_training,2048.0,0.0,10,2048.0,2048.0,training_seed_or_data_batch,False,fixed-edge,4,4
P-T,DA,,,,,,False,source_steps_direction_check,0.0,0.0,10,0.0,0.0,training_seed_or_data_batch,False,fixed-edge,4,4
P-T,DA,,,,,,False,source_steps_return_check,25.6,11.187294380481617,10,19.2,32.0,training_seed_or_data_batch,False,fixed-edge,4,4
P-T,DA,,,,,,False,eta,0.07100000000000001,0.032812599206199236,10,0.051000000000000004,0.09,training_seed_or_data_batch,False,fixed-edge,4,4
P-T,DA,,,,,,False,attempts,1.6,0.6992058987801011,10,1.2,2.0,training_seed_or_data_batch,False,fixed-edge,4,4
P-T,DA,,,,,,False,return_check_gain,0.16,0.1948725446079445,10,0.05500000000000001,0.2775,training_seed_or_data_batch,False,fixed-edge,4,4
P-T,DA,,,,,,False,return_check_standard_error,0.23436512853171926,0.24658507699981527,10,0.09409269339316625,0.3852426764854958,training_seed_or_data_batch,False,fixed-edge,4,4
P-T,DA,,,,,,False,target_true_coefficient_0,0.05999999999999981,7.314236392868128e-18,10,0.05999999999999981,0.05999999999999981,training_seed_or_data_batch,False,fixed-edge,4,4
P-T,DA,,,,,,False,target_true_coefficient_1,0.3599999999999998,0.0,10,0.3599999999999998,0.3599999999999998,training_seed_or_data_batch,False,fixed-edge,4,4
P-T,DA,,,,,,False,frozen_actor_p_0,0.33246906198515286,0.03300027298352198,10,0.310781056472347,0.34918067649664036,training_seed_or_data_batch,False,fixed-edge,4,4
P-T,DA,,,,,,False,frozen_actor_p_1,0.7313556887158785,0.014194455124396448,10,0.722801497783104,0.7395591435691086,training_seed_or_data_batch,False,fixed-edge,4,4
P-T,DA,,,,,,False,target_plus_type_probability,0.5999999999999999,1.1702778228589004e-16,10,0.5999999999999999,0.5999999999999999,training_seed_or_data_batch,False,fixed-edge,4,6
P-T,DA,,,,,,False,density_ratio,1.0,0.0,10,1.0,1.0,training_seed_or_data_batch,False,fixed-edge,4,6
P-T,DA,,,,,,False,neighbor_weight,3.333333333333333,0.0,10,3.333333333333333,3.333333333333333,training_seed_or_data_batch,False,fixed-edge,4,6
P-T,DA,,,,,,False,semantic_drift,0.009557333333333307,0.0,10,0.009557333333333307,0.009557333333333307,training_seed_or_data_batch,False,fixed-edge,4,6
P-T,DA,,,,,,False,target_local_energy,0.11909333333333313,1.4628472785736255e-17,10,0.11909333333333313,0.11909333333333313,training_seed_or_data_batch,False,fixed-edge,4,6
P-T,DA,,,,,,False,target_path_derivative,1.9236872091641601,0.26279324207025084,10,1.7574810619470707,2.006791458149628,training_seed_or_data_batch,False,fixed-edge,4,6
P-T,DA,,,,,,False,target_normalized_path_derivative,0.32061453486069336,0.04379887367837514,10,0.29291351032451185,0.334465243024938,training_seed_or_data_batch,False,fixed-edge,4,6
P-T,DA,,,,,,False,old_return,0.4479999999999998,5.851389114294502e-17,10,0.4479999999999998,0.4479999999999998,training_seed_or_data_batch,False,fixed-edge,4,6
P-T,DA,,,,,,False,return,0.6311218132397689,0.10427352179049222,10,0.5676333883416559,0.6936420056162456,training_seed_or_data_batch,False,fixed-edge,4,6
P-T,DA,,,,,,False,return_gain,0.183121813239769,0.10427352179049222,10,0.11963338834165597,0.24564200561624563,training_seed_or_data_batch,False,fixed-edge,4,6
P-T,DA,,,,,,False,source_steps_total,2073.6,11.187294380481617,10,2067.2,2080.0,training_seed_or_data_batch,False,fixed-edge,4,6
P-T,DA,,,,,,False,source_steps_training,2048.0,0.0,10,2048.0,2048.0,training_seed_or_data_batch,False,fixed-edge,4,6
P-T,DA,,,,,,False,source_steps_direction_check,0.0,0.0,10,0.0,0.0,training_seed_or_data_batch,False,fixed-edge,4,6
P-T,DA,,,,,,False,source_steps_return_check,25.6,11.187294380481617,10,19.2,32.0,training_seed_or_data_batch,False,fixed-edge,4,6
P-T,DA,,,,,,False,eta,0.07100000000000001,0.032812599206199236,10,0.051000000000000004,0.09,training_seed_or_data_batch,False,fixed-edge,4,6
P-T,DA,,,,,,False,attempts,1.6,0.6992058987801011,10,1.2,2.0,training_seed_or_data_batch,False,fixed-edge,4,6
P-T,DA,,,,,,False,return_check_gain,0.16,0.1948725446079445,10,0.05500000000000001,0.2775,training_seed_or_data_batch,False,fixed-edge,4,6
P-T,DA,,,,,,False,return_check_standard_error,0.23436512853171926,0.24658507699981527,10,0.09409269339316625,0.3852426764854958,training_seed_or_data_batch,False,fixed-edge,4,6
P-T,DA,,,,,,False,target_true_coefficient_0,0.16666666666666632,0.0,10,0.16666666666666632,0.16666666666666632,training_seed_or_data_batch,False,fixed-edge,4,6
P-T,DA,,,,,,False,target_true_coefficient_1,0.46666666666666645,1.1702778228589004e-16,10,0.46666666666666645,0.46666666666666645,training_seed_or_data_batch,False,fixed-edge,4,6
P-T,DA,,,,,,False,frozen_actor_p_0,0.33246906198515286,0.03300027298352198,10,0.310781056472347,0.34918067649664036,training_seed_or_data_batch,False,fixed-edge,4,6
P-T,DA,,,,,,False,frozen_actor_p_1,0.7313556887158785,0.014194455124396448,10,0.722801497783104,0.7395591435691086,training_seed_or_data_batch,False,fixed-edge,4,6
P-T,DA,,,,,,False,target_plus_type_probability,0.4,0.0,10,0.4,0.4,training_seed_or_data_batch,False,composition,4,2
P-T,DA,,,,,,False,density_ratio,1.4999999999999998,0.0,10,1.4999999999999998,1.4999999999999998,training_seed_or_data_batch,False,composition,4,2
P-T,DA,,,,,,False,neighbor_weight,2.0,0.0,10,2.0,2.0,training_seed_or_data_batch,False,composition,4,2
P-T,DA,,,,,,False,semantic_drift,0.08601599999999991,1.4628472785736255e-17,10,0.08601599999999991,0.08601599999999991,training_seed_or_data_batch,False,composition,4,2
P-T,DA,,,,,,False,target_local_energy,0.03460799999999999,7.314236392868128e-18,10,0.03460799999999999,0.03460799999999999,training_seed_or_data_batch,False,composition,4,2
P-T,DA,,,,,,False,target_path_derivative,-0.2673934757564612,0.20497872887184415,10,-0.33221479275495375,-0.13775267586226533,training_seed_or_data_batch,False,composition,4,2
P-T,DA,,,,,,False,target_normalized_path_derivative,-0.1336967378782306,0.10248936443592208,10,-0.16610739637747687,-0.06887633793113267,training_seed_or_data_batch,False,composition,4,2
P-T,DA,,,,,,False,old_return,0.1248,0.0,10,0.1248,0.1248,training_seed_or_data_batch,False,composition,4,2
P-T,DA,,,,,,False,return,0.11829610760991778,0.013367572647203776,10,0.1131690369413201,0.12759349509962545,training_seed_or_data_batch,False,composition,4,2
P-T,DA,,,,,,False,return_gain,-0.006503892390082228,0.013367572647203776,10,-0.01163096305867988,0.0027934950996254706,training_seed_or_data_batch,False,composition,4,2
P-T,DA,,,,,,False,source_steps_total,2073.6,11.187294380481617,10,2067.2,2080.0,training_seed_or_data_batch,False,composition,4,2
P-T,DA,,,,,,False,source_steps_training,2048.0,0.0,10,2048.0,2048.0,training_seed_or_data_batch,False,composition,4,2
P-T,DA,,,,,,False,source_steps_direction_check,0.0,0.0,10,0.0,0.0,training_seed_or_data_batch,False,composition,4,2
P-T,DA,,,,,,False,source_steps_return_check,25.6,11.187294380481617,10,19.2,32.0,training_seed_or_data_batch,False,composition,4,2
P-T,DA,,,,,,False,eta,0.07100000000000001,0.032812599206199236,10,0.051000000000000004,0.09,training_seed_or_data_batch,False,composition,4,2
P-T,DA,,,,,,False,attempts,1.6,0.6992058987801011,10,1.2,2.0,training_seed_or_data_batch,False,composition,4,2
P-T,DA,,,,,,False,return_check_gain,0.16,0.1948725446079445,10,0.05500000000000001,0.2775,training_seed_or_data_batch,False,composition,4,2
P-T,DA,,,,,,False,return_check_standard_error,0.23436512853171926,0.24658507699981527,10,0.09409269339316625,0.3852426764854958,training_seed_or_data_batch,False,composition,4,2
P-T,DA,,,,,,False,target_true_coefficient_0,-0.25999999999999995,5.851389114294502e-17,10,-0.25999999999999995,-0.25999999999999995,training_seed_or_data_batch,False,composition,4,2
P-T,DA,,,,,,False,target_true_coefficient_1,0.03999999999999998,0.0,10,0.03999999999999998,0.03999999999999998,training_seed_or_data_batch,False,composition,4,2
P-T,DA,,,,,,False,frozen_actor_p_0,0.33246906198515286,0.03300027298352198,10,0.310781056472347,0.34918067649664036,training_seed_or_data_batch,False,composition,4,2
P-T,DA,,,,,,False,frozen_actor_p_1,0.7313556887158785,0.014194455124396448,10,0.722801497783104,0.7395591435691086,training_seed_or_data_batch,False,composition,4,2
P-T,DA,,,,,,False,target_plus_type_probability,0.5999999999999999,1.1702778228589004e-16,10,0.5999999999999999,0.5999999999999999,training_seed_or_data_batch,False,composition,4,4
P-T,DA,,,,,,False,density_ratio,1.0,0.0,10,1.0,1.0,training_seed_or_data_batch,False,composition,4,4
P-T,DA,,,,,,False,neighbor_weight,2.0,0.0,10,2.0,2.0,training_seed_or_data_batch,False,composition,4,4
P-T,DA,,,,,,False,semantic_drift,0.0,0.0,10,0.0,0.0,training_seed_or_data_batch,False,composition,4,4
P-T,DA,,,,,,False,target_local_energy,0.06652799999999993,0.0,10,0.06652799999999993,0.06652799999999993,training_seed_or_data_batch,False,composition,4,4
P-T,DA,,,,,,False,target_path_derivative,0.8849599881836371,0.06307037807727797,10,0.8450705145901309,0.9049050076013971,training_seed_or_data_batch,False,composition,4,4
P-T,DA,,,,,,False,target_normalized_path_derivative,0.22123999704590927,0.015767594519319493,10,0.21126762864753273,0.22622625190034928,training_seed_or_data_batch,False,composition,4,4
P-T,DA,,,,,,False,old_return,0.28159999999999996,0.0,10,0.28159999999999996,0.28159999999999996,training_seed_or_data_batch,False,composition,4,4
P-T,DA,,,,,,False,return,0.3627332698287053,0.043534808418172595,10,0.33607856900005023,0.38938787550518855,training_seed_or_data_batch,False,composition,4,4
P-T,DA,,,,,,False,return_gain,0.08113326982870536,0.0435348084181726,10,0.05447856900005022,0.10778787550518865,training_seed_or_data_batch,False,composition,4,4
P-T,DA,,,,,,False,source_steps_total,2073.6,11.187294380481617,10,2067.2,2080.0,training_seed_or_data_batch,False,composition,4,4
P-T,DA,,,,,,False,source_steps_training,2048.0,0.0,10,2048.0,2048.0,training_seed_or_data_batch,False,composition,4,4
P-T,DA,,,,,,False,source_steps_direction_check,0.0,0.0,10,0.0,0.0,training_seed_or_data_batch,False,composition,4,4
P-T,DA,,,,,,False,source_steps_return_check,25.6,11.187294380481617,10,19.2,32.0,training_seed_or_data_batch,False,composition,4,4
P-T,DA,,,,,,False,eta,0.07100000000000001,0.032812599206199236,10,0.051000000000000004,0.09,training_seed_or_data_batch,False,composition,4,4
P-T,DA,,,,,,False,attempts,1.6,0.6992058987801011,10,1.2,2.0,training_seed_or_data_batch,False,composition,4,4
P-T,DA,,,,,,False,return_check_gain,0.16,0.1948725446079445,10,0.05500000000000001,0.2775,training_seed_or_data_batch,False,composition,4,4
P-T,DA,,,,,,False,return_check_standard_error,0.23436512853171926,0.24658507699981527,10,0.09409269339316625,0.3852426764854958,training_seed_or_data_batch,False,composition,4,4
P-T,DA,,,,,,False,target_true_coefficient_0,0.05999999999999981,7.314236392868128e-18,10,0.05999999999999981,0.05999999999999981,training_seed_or_data_batch,False,composition,4,4
P-T,DA,,,,,,False,target_true_coefficient_1,0.3599999999999998,0.0,10,0.3599999999999998,0.3599999999999998,training_seed_or_data_batch,False,composition,4,4
P-T,DA,,,,,,False,frozen_actor_p_0,0.33246906198515286,0.03300027298352198,10,0.310781056472347,0.34918067649664036,training_seed_or_data_batch,False,composition,4,4
P-T,DA,,,,,,False,frozen_actor_p_1,0.7313556887158785,0.014194455124396448,10,0.722801497783104,0.7395591435691086,training_seed_or_data_batch,False,composition,4,4
P-T,DA,,,,,,False,target_plus_type_probability,0.4,0.0,10,0.4,0.4,training_seed_or_data_batch,False,composition,4,6
P-T,DA,,,,,,False,density_ratio,1.4999999999999998,0.0,10,1.4999999999999998,1.4999999999999998,training_seed_or_data_batch,False,composition,4,6
P-T,DA,,,,,,False,neighbor_weight,2.0,0.0,10,2.0,2.0,training_seed_or_data_batch,False,composition,4,6
P-T,DA,,,,,,False,semantic_drift,0.08601599999999991,1.4628472785736255e-17,10,0.08601599999999991,0.08601599999999991,training_seed_or_data_batch,False,composition,4,6
P-T,DA,,,,,,False,target_local_energy,0.03460799999999999,7.314236392868128e-18,10,0.03460799999999999,0.03460799999999999,training_seed_or_data_batch,False,composition,4,6
P-T,DA,,,,,,False,target_path_derivative,-0.8021804272693835,0.6149361866155325,10,-0.9966443782648613,-0.413258027586796,training_seed_or_data_batch,False,composition,4,6
P-T,DA,,,,,,False,target_normalized_path_derivative,-0.1336967378782306,0.10248936443592208,10,-0.16610739637747687,-0.06887633793113267,training_seed_or_data_batch,False,composition,4,6
P-T,DA,,,,,,False,old_return,0.3744,0.0,10,0.3744,0.3744,training_seed_or_data_batch,False,composition,4,6
P-T,DA,,,,,,False,return,0.35488832282975336,0.040102717941611334,10,0.33950711082396035,0.3827804852988764,training_seed_or_data_batch,False,composition,4,6
P-T,DA,,,,,,False,return_gain,-0.0195116771702467,0.040102717941611334,10,-0.03489288917603965,0.008380485298876405,training_seed_or_data_batch,False,composition,4,6
P-T,DA,,,,,,False,source_steps_total,2073.6,11.187294380481617,10,2067.2,2080.0,training_seed_or_data_batch,False,composition,4,6
P-T,DA,,,,,,False,source_steps_training,2048.0,0.0,10,2048.0,2048.0,training_seed_or_data_batch,False,composition,4,6
P-T,DA,,,,,,False,source_steps_direction_check,0.0,0.0,10,0.0,0.0,training_seed_or_data_batch,False,composition,4,6
P-T,DA,,,,,,False,source_steps_return_check,25.6,11.187294380481617,10,19.2,32.0,training_seed_or_data_batch,False,composition,4,6
P-T,DA,,,,,,False,eta,0.07100000000000001,0.032812599206199236,10,0.051000000000000004,0.09,training_seed_or_data_batch,False,composition,4,6
P-T,DA,,,,,,False,attempts,1.6,0.6992058987801011,10,1.2,2.0,training_seed_or_data_batch,False,composition,4,6
P-T,DA,,,,,,False,return_check_gain,0.16,0.1948725446079445,10,0.05500000000000001,0.2775,training_seed_or_data_batch,False,composition,4,6
P-T,DA,,,,,,False,return_check_standard_error,0.23436512853171926,0.24658507699981527,10,0.09409269339316625,0.3852426764854958,training_seed_or_data_batch,False,composition,4,6
P-T,DA,,,,,,False,target_true_coefficient_0,-0.25999999999999995,5.851389114294502e-17,10,-0.25999999999999995,-0.25999999999999995,training_seed_or_data_batch,False,composition,4,6
P-T,DA,,,,,,False,target_true_coefficient_1,0.03999999999999998,0.0,10,0.03999999999999998,0.03999999999999998,training_seed_or_data_batch,False,composition,4,6
P-T,DA,,,,,,False,frozen_actor_p_0,0.33246906198515286,0.03300027298352198,10,0.310781056472347,0.34918067649664036,training_seed_or_data_batch,False,composition,4,6
P-T,DA,,,,,,False,frozen_actor_p_1,0.7313556887158785,0.014194455124396448,10,0.722801497783104,0.7395591435691086,training_seed_or_data_batch,False,composition,4,6
P-T,AN - SA,,,,,,False,source_steps_return_check,0.0,0.0,10,0.0,0.0,paired_training_seed_or_data_batch,False,normalized,4,2
P-T,AN - SA,,,,,,False,frozen_actor_p_1,-4.0378599294454975e-05,0.00016359084695765646,10,-0.00013303275746499006,6.127278323218575e-05,paired_training_seed_or_data_batch,False,normalized,4,2
P-T,AN - SA,,,,,,False,source_steps_training,0.0,0.0,10,0.0,0.0,paired_training_seed_or_data_batch,False,normalized,4,2
P-T,AN - SA,,,,,,False,q_bound,0.0,0.0,10,0.0,0.0,paired_training_seed_or_data_batch,False,normalized,4,2
P-T,AN - SA,,,,,,False,return_gain,-3.712633702692148e-05,0.00015333483858688746,10,-0.0001244302890671302,5.814397907827016e-05,paired_training_seed_or_data_batch,False,normalized,4,2
P-T,AN - SA,,,,,,False,density_ratio,0.0,0.0,10,0.0,0.0,paired_training_seed_or_data_batch,False,normalized,4,2
P-T,AN - SA,,,,,,False,source_steps_total,0.0,0.0,10,0.0,0.0,paired_training_seed_or_data_batch,False,normalized,4,2
P-T,AN - SA,,,,,,False,source_realization_residual,-0.0004373126864650058,0.0009093932570639011,10,-0.0010610947625974434,-5.8674531121794154e-06,paired_training_seed_or_data_batch,False,normalized,4,2
P-T,AN - SA,,,,,,False,direction_loss,0.000472406985068375,0.000770238022903967,10,-2.2946514679175714e-06,0.0009190855138575367,paired_training_seed_or_data_batch,False,normalized,4,2
P-T,AN - SA,,,,,,False,frozen_actor_p_0,1.7475677006717483e-05,6.314038987614246e-05,10,-1.600224143571971e-05,5.765347231073328e-05,paired_training_seed_or_data_batch,False,normalized,4,2
P-T,AN - SA,,,,,,False,direction_check_score,-0.0001181874915537763,0.001878271523587264,10,-0.001245117233046831,0.0009296786661070238,paired_training_seed_or_data_batch,False,normalized,4,2
P-T,AN - SA,,,,,,False,return_check_gain,0.0,0.0,7,0.0,0.0,paired_training_seed_or_data_batch,False,normalized,4,2
P-T,AN - SA,,,,,,False,old_return,0.0,0.0,10,0.0,0.0,paired_training_seed_or_data_batch,False,normalized,4,2
P-T,AN - SA,,,,,,False,target_true_coefficient_1,0.0,0.0,10,0.0,0.0,paired_training_seed_or_data_batch,False,normalized,4,2
P-T,AN - SA,,,,,,False,semantic_drift,0.0,0.0,10,0.0,0.0,paired_training_seed_or_data_batch,False,normalized,4,2
P-T,AN - SA,,,,,,False,source_steps_direction_check,0.0,0.0,10,0.0,0.0,paired_training_seed_or_data_batch,False,normalized,4,2
P-T,AN - SA,,,,,,False,source_direction_error,-0.00012665217721954158,0.00023417614868195748,10,-0.00026634580417202864,4.788210662748199e-06,paired_training_seed_or_data_batch,False,normalized,4,2
P-T,AN - SA,,,,,,False,transport_error_upper_bound,-0.001048136106428688,0.001988319400511506,10,-0.0024081499611195312,-6.205388839274003e-05,paired_training_seed_or_data_batch,False,normalized,4,2
P-T,AN - SA,,,,,,False,normalized_derivative_lower_bound,0.0005235856935780374,0.0009051874858993609,10,2.5732257522275565e-05,0.0010925833074360318,paired_training_seed_or_data_batch,False,normalized,4,2
P-T,AN - SA,,,,,,False,eta,0.0,0.0,10,0.0,0.0,paired_training_seed_or_data_batch,False,normalized,4,2
P-T,AN - SA,,,,,,False,target_true_coefficient_0,0.0,0.0,10,0.0,0.0,paired_training_seed_or_data_batch,False,normalized,4,2
P-T,AN - SA,,,,,,False,target_local_energy,0.0,0.0,10,0.0,0.0,paired_training_seed_or_data_batch,False,normalized,4,2
P-T,AN - SA,,,,,,False,forward_kl_training,-1.7394302746346704e-10,1.3759236622990386e-09,7,-1.0618990461030598e-09,8.564264023034605e-10,paired_training_seed_or_data_batch,False,normalized,4,2
P-T,AN - SA,,,,,,False,target_normalized_path_derivative,-0.00017296443993115377,0.0007178244336982504,10,-0.0005798889535665407,0.00027395482243219876,paired_training_seed_or_data_batch,False,normalized,4,2
P-T,AN - SA,,,,,,False,neighbor_weight,0.0,0.0,10,0.0,0.0,paired_training_seed_or_data_batch,False,normalized,4,2
P-T,AN - SA,,,,,,False,target_plus_type_probability,0.0,0.0,10,0.0,0.0,paired_training_seed_or_data_batch,False,normalized,4,2
P-T,AN - SA,,,,,,False,direction_steps,0.0,0.0,10,0.0,0.0,paired_training_seed_or_data_batch,False,normalized,4,2
P-T,AN - SA,,,,,,False,target_path_derivative,-0.00034592887986230754,0.0014356488673965009,10,-0.0011597779071330814,0.0005479096448643975,paired_training_seed_or_data_batch,False,normalized,4,2
P-T,AN - SA,,,,,,False,target_direction_error,-7.962992343186135e-05,0.00022062734665780672,10,-0.00021313865711628657,3.5148142670614556e-05,paired_training_seed_or_data_batch,False,normalized,4,2
P-T,AN - SA,,,,,,False,attempts,0.0,0.0,10,0.0,0.0,paired_training_seed_or_data_batch,False,normalized,4,2
P-T,AN - SA,,,,,,False,return_check_standard_error,0.0,0.0,7,0.0,0.0,paired_training_seed_or_data_batch,False,normalized,4,2
P-T,AN - SA,,,,,,False,return,-3.712633702692148e-05,0.00015333483858688746,10,-0.0001244302890671302,5.814397907827016e-05,paired_training_seed_or_data_batch,False,normalized,4,2
P-T,AN - DA,,,,,,False,source_steps_return_check,-14.4,15.910862816188052,10,-25.6,-6.4,paired_training_seed_or_data_batch,False,normalized,4,2
P-T,AN - DA,,,,,,False,frozen_actor_p_1,-0.02108390539365875,0.01348380384862564,10,-0.02863119400456744,-0.013046882044720062,paired_training_seed_or_data_batch,False,normalized,4,2
P-T,AN - DA,,,,,,False,source_steps_training,0.0,0.0,10,0.0,0.0,paired_training_seed_or_data_batch,False,normalized,4,2
P-T,AN - DA,,,,,,False,return_gain,-0.031017593941020626,0.02123193740901061,10,-0.043149605095900816,-0.018800436424654364,paired_training_seed_or_data_batch,False,normalized,4,2
P-T,AN - DA,,,,,,False,density_ratio,0.0,0.0,10,0.0,0.0,paired_training_seed_or_data_batch,False,normalized,4,2
P-T,AN - DA,,,,,,False,source_steps_total,-6.4,15.910862816188052,10,-17.6,1.6,paired_training_seed_or_data_batch,False,normalized,4,2
P-T,AN - DA,,,,,,False,frozen_actor_p_0,-0.031028151482590936,0.031955475539934976,10,-0.048265413385688745,-0.010509608136532577,paired_training_seed_or_data_batch,False,normalized,4,2
P-T,AN - DA,,,,,,False,return_check_gain,-0.14285714285714285,0.27337180333228017,7,-0.32738095238095244,0.03818452380952332,paired_training_seed_or_data_batch,False,normalized,4,2
P-T,AN - DA,,,,,,False,old_return,0.0,0.0,10,0.0,0.0,paired_training_seed_or_data_batch,False,normalized,4,2
P-T,AN - DA,,,,,,False,target_true_coefficient_1,0.0,0.0,10,0.0,0.0,paired_training_seed_or_data_batch,False,normalized,4,2
P-T,AN - DA,,,,,,False,semantic_drift,0.0,0.0,10,0.0,0.0,paired_training_seed_or_data_batch,False,normalized,4,2
P-T,AN - DA,,,,,,False,source_steps_direction_check,8.0,0.0,10,8.0,8.0,paired_training_seed_or_data_batch,False,normalized,4,2
P-T,AN - DA,,,,,,False,eta,-0.0009999999999999996,0.04724639903973871,10,-0.031,0.025,paired_training_seed_or_data_batch,False,normalized,4,2
P-T,AN - DA,,,,,,False,target_true_coefficient_0,0.0,0.0,10,0.0,0.0,paired_training_seed_or_data_batch,False,normalized,4,2
P-T,AN - DA,,,,,,False,target_local_energy,0.0,0.0,10,0.0,0.0,paired_training_seed_or_data_batch,False,normalized,4,2
P-T,AN - DA,,,,,,False,target_normalized_path_derivative,-0.17551901953132648,0.03902942937511939,10,-0.19968354230137364,-0.15240545077637646,paired_training_seed_or_data_batch,False,normalized,4,2
P-T,AN - DA,,,,,,False,neighbor_weight,0.0,0.0,10,0.0,0.0,paired_training_seed_or_data_batch,False,normalized,4,2
P-T,AN - DA,,,,,,False,target_plus_type_probability,0.0,0.0,10,0.0,0.0,paired_training_seed_or_data_batch,False,normalized,4,2
P-T,AN - DA,,,,,,False,target_path_derivative,-0.35103803906265296,0.07805885875023878,10,-0.3993670846027473,-0.3048109015527529,paired_training_seed_or_data_batch,False,normalized,4,2
P-T,AN - DA,,,,,,False,attempts,-0.9,0.9944289260117533,10,-1.6,-0.4,paired_training_seed_or_data_batch,False,normalized,4,2
P-T,AN - DA,,,,,,False,return_check_standard_error,-0.20850667368011613,0.3347321098052535,7,-0.44367139764041397,0.008076083313543045,paired_training_seed_or_data_batch,False,normalized,4,2
P-T,AN - DA,,,,,,False,return,-0.031017593941020626,0.02123193740901061,10,-0.043149605095900816,-0.018800436424654364,paired_training_seed_or_data_batch,False,normalized,4,2
P-T,AN - SA,,,,,,False,source_steps_return_check,0.0,0.0,10,0.0,0.0,paired_training_seed_or_data_batch,False,normalized,4,4
P-T,AN - SA,,,,,,False,frozen_actor_p_1,-4.0378599294454975e-05,0.00016359084695765646,10,-0.00013303275746499006,6.127278323218575e-05,paired_training_seed_or_data_batch,False,normalized,4,4
P-T,AN - SA,,,,,,False,source_steps_training,0.0,0.0,10,0.0,0.0,paired_training_seed_or_data_batch,False,normalized,4,4
P-T,AN - SA,,,,,,False,q_bound,0.0,0.0,10,0.0,0.0,paired_training_seed_or_data_batch,False,normalized,4,4
P-T,AN - SA,,,,,,False,return_gain,-7.425267405384295e-05,0.00030666967717377493,10,-0.0002488605781342604,0.00011628795815654032,paired_training_seed_or_data_batch,False,normalized,4,4
P-T,AN - SA,,,,,,False,density_ratio,0.0,0.0,10,0.0,0.0,paired_training_seed_or_data_batch,False,normalized,4,4
P-T,AN - SA,,,,,,False,source_steps_total,0.0,0.0,10,0.0,0.0,paired_training_seed_or_data_batch,False,normalized,4,4
P-T,AN - SA,,,,,,False,source_realization_residual,-0.0004373126864650058,0.0009093932570639011,10,-0.0010610947625974434,-5.8674531121794154e-06,paired_training_seed_or_data_batch,False,normalized,4,4
P-T,AN - SA,,,,,,False,direction_loss,0.000472406985068375,0.000770238022903967,10,-2.2946514679175714e-06,0.0009190855138575367,paired_training_seed_or_data_batch,False,normalized,4,4
P-T,AN - SA,,,,,,False,frozen_actor_p_0,1.7475677006717483e-05,6.314038987614246e-05,10,-1.600224143571971e-05,5.765347231073328e-05,paired_training_seed_or_data_batch,False,normalized,4,4
P-T,AN - SA,,,,,,False,direction_check_score,-0.0001181874915537763,0.001878271523587264,10,-0.001245117233046831,0.0009296786661070238,paired_training_seed_or_data_batch,False,normalized,4,4
P-T,AN - SA,,,,,,False,return_check_gain,0.0,0.0,7,0.0,0.0,paired_training_seed_or_data_batch,False,normalized,4,4
P-T,AN - SA,,,,,,False,old_return,0.0,0.0,10,0.0,0.0,paired_training_seed_or_data_batch,False,normalized,4,4
P-T,AN - SA,,,,,,False,target_true_coefficient_1,0.0,0.0,10,0.0,0.0,paired_training_seed_or_data_batch,False,normalized,4,4
P-T,AN - SA,,,,,,False,semantic_drift,0.0,0.0,10,0.0,0.0,paired_training_seed_or_data_batch,False,normalized,4,4
P-T,AN - SA,,,,,,False,source_steps_direction_check,0.0,0.0,10,0.0,0.0,paired_training_seed_or_data_batch,False,normalized,4,4
P-T,AN - SA,,,,,,False,source_direction_error,-0.00012665217721954158,0.00023417614868195748,10,-0.00026634580417202864,4.788210662748199e-06,paired_training_seed_or_data_batch,False,normalized,4,4
P-T,AN - SA,,,,,,False,transport_error_upper_bound,-0.001048136106428688,0.001988319400511506,10,-0.0024081499611195312,-6.205388839274003e-05,paired_training_seed_or_data_batch,False,normalized,4,4
P-T,AN - SA,,,,,,False,normalized_derivative_lower_bound,0.0005235856935780374,0.0009051874858993609,10,2.5732257522275565e-05,0.0010925833074360318,paired_training_seed_or_data_batch,False,normalized,4,4
P-T,AN - SA,,,,,,False,eta,0.0,0.0,10,0.0,0.0,paired_training_seed_or_data_batch,False,normalized,4,4
P-T,AN - SA,,,,,,False,target_true_coefficient_0,0.0,0.0,10,0.0,0.0,paired_training_seed_or_data_batch,False,normalized,4,4
P-T,AN - SA,,,,,,False,target_local_energy,0.0,0.0,10,0.0,0.0,paired_training_seed_or_data_batch,False,normalized,4,4
P-T,AN - SA,,,,,,False,forward_kl_training,-1.7394302746346704e-10,1.3759236622990386e-09,7,-1.0618990461030598e-09,8.564264023034605e-10,paired_training_seed_or_data_batch,False,normalized,4,4
P-T,AN - SA,,,,,,False,target_normalized_path_derivative,-0.00017296443993115377,0.0007178244336982504,10,-0.0005798889535665407,0.00027395482243219876,paired_training_seed_or_data_batch,False,normalized,4,4
P-T,AN - SA,,,,,,False,neighbor_weight,0.0,0.0,10,0.0,0.0,paired_training_seed_or_data_batch,False,normalized,4,4
P-T,AN - SA,,,,,,False,target_plus_type_probability,0.0,0.0,10,0.0,0.0,paired_training_seed_or_data_batch,False,normalized,4,4
P-T,AN - SA,,,,,,False,direction_steps,0.0,0.0,10,0.0,0.0,paired_training_seed_or_data_batch,False,normalized,4,4
P-T,AN - SA,,,,,,False,target_path_derivative,-0.0006918577597246151,0.0028712977347930017,10,-0.002319555814266163,0.001095819289728795,paired_training_seed_or_data_batch,False,normalized,4,4
P-T,AN - SA,,,,,,False,target_direction_error,-7.962992343186135e-05,0.00022062734665780672,10,-0.00021313865711628657,3.5148142670614556e-05,paired_training_seed_or_data_batch,False,normalized,4,4
P-T,AN - SA,,,,,,False,attempts,0.0,0.0,10,0.0,0.0,paired_training_seed_or_data_batch,False,normalized,4,4
P-T,AN - SA,,,,,,False,return_check_standard_error,0.0,0.0,7,0.0,0.0,paired_training_seed_or_data_batch,False,normalized,4,4
P-T,AN - SA,,,,,,False,return,-7.425267405384295e-05,0.00030666967717377493,10,-0.0002488605781342604,0.00011628795815654032,paired_training_seed_or_data_batch,False,normalized,4,4
P-T,AN - DA,,,,,,False,source_steps_return_check,-14.4,15.910862816188052,10,-25.6,-6.4,paired_training_seed_or_data_batch,False,normalized,4,4
P-T,AN - DA,,,,,,False,frozen_actor_p_1,-0.02108390539365875,0.01348380384862564,10,-0.02863119400456744,-0.013046882044720062,paired_training_seed_or_data_batch,False,normalized,4,4
P-T,AN - DA,,,,,,False,source_steps_training,0.0,0.0,10,0.0,0.0,paired_training_seed_or_data_batch,False,normalized,4,4
P-T,AN - DA,,,,,,False,return_gain,-0.06203518788204125,0.04246387481802122,10,-0.08629921019180163,-0.03760087284930873,paired_training_seed_or_data_batch,False,normalized,4,4
P-T,AN - DA,,,,,,False,density_ratio,0.0,0.0,10,0.0,0.0,paired_training_seed_or_data_batch,False,normalized,4,4
P-T,AN - DA,,,,,,False,source_steps_total,-6.4,15.910862816188052,10,-17.6,1.6,paired_training_seed_or_data_batch,False,normalized,4,4
P-T,AN - DA,,,,,,False,frozen_actor_p_0,-0.031028151482590936,0.031955475539934976,10,-0.048265413385688745,-0.010509608136532577,paired_training_seed_or_data_batch,False,normalized,4,4
P-T,AN - DA,,,,,,False,return_check_gain,-0.14285714285714285,0.27337180333228017,7,-0.32738095238095244,0.03818452380952332,paired_training_seed_or_data_batch,False,normalized,4,4
P-T,AN - DA,,,,,,False,old_return,0.0,0.0,10,0.0,0.0,paired_training_seed_or_data_batch,False,normalized,4,4
P-T,AN - DA,,,,,,False,target_true_coefficient_1,0.0,0.0,10,0.0,0.0,paired_training_seed_or_data_batch,False,normalized,4,4
P-T,AN - DA,,,,,,False,semantic_drift,0.0,0.0,10,0.0,0.0,paired_training_seed_or_data_batch,False,normalized,4,4
P-T,AN - DA,,,,,,False,source_steps_direction_check,8.0,0.0,10,8.0,8.0,paired_training_seed_or_data_batch,False,normalized,4,4
P-T,AN - DA,,,,,,False,eta,-0.0009999999999999996,0.04724639903973871,10,-0.031,0.025,paired_training_seed_or_data_batch,False,normalized,4,4
P-T,AN - DA,,,,,,False,target_true_coefficient_0,0.0,0.0,10,0.0,0.0,paired_training_seed_or_data_batch,False,normalized,4,4
P-T,AN - DA,,,,,,False,target_local_energy,0.0,0.0,10,0.0,0.0,paired_training_seed_or_data_batch,False,normalized,4,4
P-T,AN - DA,,,,,,False,target_normalized_path_derivative,-0.17551901953132648,0.03902942937511939,10,-0.19968354230137364,-0.15240545077637646,paired_training_seed_or_data_batch,False,normalized,4,4
P-T,AN - DA,,,,,,False,neighbor_weight,0.0,0.0,10,0.0,0.0,paired_training_seed_or_data_batch,False,normalized,4,4
P-T,AN - DA,,,,,,False,target_plus_type_probability,0.0,0.0,10,0.0,0.0,paired_training_seed_or_data_batch,False,normalized,4,4
P-T,AN - DA,,,,,,False,target_path_derivative,-0.7020760781253059,0.15611771750047757,10,-0.7987341692054946,-0.6096218031055058,paired_training_seed_or_data_batch,False,normalized,4,4
P-T,AN - DA,,,,,,False,attempts,-0.9,0.9944289260117533,10,-1.6,-0.4,paired_training_seed_or_data_batch,False,normalized,4,4
P-T,AN - DA,,,,,,False,return_check_standard_error,-0.20850667368011613,0.3347321098052535,7,-0.44367139764041397,0.008076083313543045,paired_training_seed_or_data_batch,False,normalized,4,4
P-T,AN - DA,,,,,,False,return,-0.06203518788204125,0.04246387481802122,10,-0.08629921019180163,-0.03760087284930873,paired_training_seed_or_data_batch,False,normalized,4,4
P-T,AN - SA,,,,,,False,source_steps_return_check,0.0,0.0,10,0.0,0.0,paired_training_seed_or_data_batch,False,normalized,4,6
P-T,AN - SA,,,,,,False,frozen_actor_p_1,-4.0378599294454975e-05,0.00016359084695765646,10,-0.00013303275746499006,6.127278323218575e-05,paired_training_seed_or_data_batch,False,normalized,4,6
P-T,AN - SA,,,,,,False,source_steps_training,0.0,0.0,10,0.0,0.0,paired_training_seed_or_data_batch,False,normalized,4,6
P-T,AN - SA,,,,,,False,q_bound,0.0,0.0,10,0.0,0.0,paired_training_seed_or_data_batch,False,normalized,4,6
P-T,AN - SA,,,,,,False,return_gain,-0.00011137901108076997,0.0004600045157606688,10,-0.00037329086720137665,0.00017443193723479675,paired_training_seed_or_data_batch,False,normalized,4,6
P-T,AN - SA,,,,,,False,density_ratio,0.0,0.0,10,0.0,0.0,paired_training_seed_or_data_batch,False,normalized,4,6
P-T,AN - SA,,,,,,False,source_steps_total,0.0,0.0,10,0.0,0.0,paired_training_seed_or_data_batch,False,normalized,4,6
P-T,AN - SA,,,,,,False,source_realization_residual,-0.0004373126864650058,0.0009093932570639011,10,-0.0010610947625974434,-5.8674531121794154e-06,paired_training_seed_or_data_batch,False,normalized,4,6
P-T,AN - SA,,,,,,False,direction_loss,0.000472406985068375,0.000770238022903967,10,-2.2946514679175714e-06,0.0009190855138575367,paired_training_seed_or_data_batch,False,normalized,4,6
P-T,AN - SA,,,,,,False,frozen_actor_p_0,1.7475677006717483e-05,6.314038987614246e-05,10,-1.600224143571971e-05,5.765347231073328e-05,paired_training_seed_or_data_batch,False,normalized,4,6
P-T,AN - SA,,,,,,False,direction_check_score,-0.0001181874915537763,0.001878271523587264,10,-0.001245117233046831,0.0009296786661070238,paired_training_seed_or_data_batch,False,normalized,4,6
P-T,AN - SA,,,,,,False,return_check_gain,0.0,0.0,7,0.0,0.0,paired_training_seed_or_data_batch,False,normalized,4,6
P-T,AN - SA,,,,,,False,old_return,0.0,0.0,10,0.0,0.0,paired_training_seed_or_data_batch,False,normalized,4,6
P-T,AN - SA,,,,,,False,target_true_coefficient_1,0.0,0.0,10,0.0,0.0,paired_training_seed_or_data_batch,False,normalized,4,6
P-T,AN - SA,,,,,,False,semantic_drift,0.0,0.0,10,0.0,0.0,paired_training_seed_or_data_batch,False,normalized,4,6
P-T,AN - SA,,,,,,False,source_steps_direction_check,0.0,0.0,10,0.0,0.0,paired_training_seed_or_data_batch,False,normalized,4,6
P-T,AN - SA,,,,,,False,source_direction_error,-0.00012665217721954158,0.00023417614868195748,10,-0.00026634580417202864,4.788210662748199e-06,paired_training_seed_or_data_batch,False,normalized,4,6
P-T,AN - SA,,,,,,False,transport_error_upper_bound,-0.001048136106428688,0.001988319400511506,10,-0.0024081499611195312,-6.205388839274003e-05,paired_training_seed_or_data_batch,False,normalized,4,6
P-T,AN - SA,,,,,,False,normalized_derivative_lower_bound,0.0005235856935780374,0.0009051874858993609,10,2.5732257522275565e-05,0.0010925833074360318,paired_training_seed_or_data_batch,False,normalized,4,6
P-T,AN - SA,,,,,,False,eta,0.0,0.0,10,0.0,0.0,paired_training_seed_or_data_batch,False,normalized,4,6
P-T,AN - SA,,,,,,False,target_true_coefficient_0,0.0,0.0,10,0.0,0.0,paired_training_seed_or_data_batch,False,normalized,4,6
P-T,AN - SA,,,,,,False,target_local_energy,0.0,0.0,10,0.0,0.0,paired_training_seed_or_data_batch,False,normalized,4,6
P-T,AN - SA,,,,,,False,forward_kl_training,-1.7394302746346704e-10,1.3759236622990386e-09,7,-1.0618990461030598e-09,8.564264023034605e-10,paired_training_seed_or_data_batch,False,normalized,4,6
P-T,AN - SA,,,,,,False,target_normalized_path_derivative,-0.00017296443993115377,0.0007178244336982504,10,-0.0005798889535665407,0.00027395482243219876,paired_training_seed_or_data_batch,False,normalized,4,6
P-T,AN - SA,,,,,,False,neighbor_weight,0.0,0.0,10,0.0,0.0,paired_training_seed_or_data_batch,False,normalized,4,6
P-T,AN - SA,,,,,,False,target_plus_type_probability,0.0,0.0,10,0.0,0.0,paired_training_seed_or_data_batch,False,normalized,4,6
P-T,AN - SA,,,,,,False,direction_steps,0.0,0.0,10,0.0,0.0,paired_training_seed_or_data_batch,False,normalized,4,6
P-T,AN - SA,,,,,,False,target_path_derivative,-0.001037786639586913,0.004306946602189501,10,-0.003479333721399225,0.0016437289345932007,paired_training_seed_or_data_batch,False,normalized,4,6
P-T,AN - SA,,,,,,False,target_direction_error,-7.962992343186135e-05,0.00022062734665780672,10,-0.00021313865711628657,3.5148142670614556e-05,paired_training_seed_or_data_batch,False,normalized,4,6
P-T,AN - SA,,,,,,False,attempts,0.0,0.0,10,0.0,0.0,paired_training_seed_or_data_batch,False,normalized,4,6
P-T,AN - SA,,,,,,False,return_check_standard_error,0.0,0.0,7,0.0,0.0,paired_training_seed_or_data_batch,False,normalized,4,6
P-T,AN - SA,,,,,,False,return,-0.00011137901108076997,0.0004600045157606688,10,-0.00037329086720137665,0.00017443193723479675,paired_training_seed_or_data_batch,False,normalized,4,6
P-T,AN - DA,,,,,,False,source_steps_return_check,-14.4,15.910862816188052,10,-25.6,-6.4,paired_training_seed_or_data_batch,False,normalized,4,6
P-T,AN - DA,,,,,,False,frozen_actor_p_1,-0.02108390539365875,0.01348380384862564,10,-0.02863119400456744,-0.013046882044720062,paired_training_seed_or_data_batch,False,normalized,4,6
P-T,AN - DA,,,,,,False,source_steps_training,0.0,0.0,10,0.0,0.0,paired_training_seed_or_data_batch,False,normalized,4,6
P-T,AN - DA,,,,,,False,return_gain,-0.09305278182306191,0.06369581222703184,10,-0.12944881528770247,-0.05640130927396311,paired_training_seed_or_data_batch,False,normalized,4,6
P-T,AN - DA,,,,,,False,density_ratio,0.0,0.0,10,0.0,0.0,paired_training_seed_or_data_batch,False,normalized,4,6
P-T,AN - DA,,,,,,False,source_steps_total,-6.4,15.910862816188052,10,-17.6,1.6,paired_training_seed_or_data_batch,False,normalized,4,6
P-T,AN - DA,,,,,,False,frozen_actor_p_0,-0.031028151482590936,0.031955475539934976,10,-0.048265413385688745,-0.010509608136532577,paired_training_seed_or_data_batch,False,normalized,4,6
P-T,AN - DA,,,,,,False,return_check_gain,-0.14285714285714285,0.27337180333228017,7,-0.32738095238095244,0.03818452380952332,paired_training_seed_or_data_batch,False,normalized,4,6
P-T,AN - DA,,,,,,False,old_return,0.0,0.0,10,0.0,0.0,paired_training_seed_or_data_batch,False,normalized,4,6
P-T,AN - DA,,,,,,False,target_true_coefficient_1,0.0,0.0,10,0.0,0.0,paired_training_seed_or_data_batch,False,normalized,4,6
P-T,AN - DA,,,,,,False,semantic_drift,0.0,0.0,10,0.0,0.0,paired_training_seed_or_data_batch,False,normalized,4,6
P-T,AN - DA,,,,,,False,source_steps_direction_check,8.0,0.0,10,8.0,8.0,paired_training_seed_or_data_batch,False,normalized,4,6
P-T,AN - DA,,,,,,False,eta,-0.0009999999999999996,0.04724639903973871,10,-0.031,0.025,paired_training_seed_or_data_batch,False,normalized,4,6
P-T,AN - DA,,,,,,False,target_true_coefficient_0,0.0,0.0,10,0.0,0.0,paired_training_seed_or_data_batch,False,normalized,4,6
P-T,AN - DA,,,,,,False,target_local_energy,0.0,0.0,10,0.0,0.0,paired_training_seed_or_data_batch,False,normalized,4,6
P-T,AN - DA,,,,,,False,target_normalized_path_derivative,-0.17551901953132648,0.03902942937511939,10,-0.19968354230137364,-0.15240545077637646,paired_training_seed_or_data_batch,False,normalized,4,6
P-T,AN - DA,,,,,,False,neighbor_weight,0.0,0.0,10,0.0,0.0,paired_training_seed_or_data_batch,False,normalized,4,6
P-T,AN - DA,,,,,,False,target_plus_type_probability,0.0,0.0,10,0.0,0.0,paired_training_seed_or_data_batch,False,normalized,4,6
P-T,AN - DA,,,,,,False,target_path_derivative,-1.0531141171879588,0.23417657625071633,10,-1.198101253808242,-0.914432704658259,paired_training_seed_or_data_batch,False,normalized,4,6
P-T,AN - DA,,,,,,False,attempts,-0.9,0.9944289260117533,10,-1.6,-0.4,paired_training_seed_or_data_batch,False,normalized,4,6
P-T,AN - DA,,,,,,False,return_check_standard_error,-0.20850667368011613,0.3347321098052535,7,-0.44367139764041397,0.008076083313543045,paired_training_seed_or_data_batch,False,normalized,4,6
P-T,AN - DA,,,,,,False,return,-0.09305278182306191,0.06369581222703184,10,-0.12944881528770247,-0.05640130927396311,paired_training_seed_or_data_batch,False,normalized,4,6
P-T,AN - SA,,,,,,False,source_steps_return_check,0.0,0.0,10,0.0,0.0,paired_training_seed_or_data_batch,False,fixed-edge,4,2
P-T,AN - SA,,,,,,False,frozen_actor_p_1,-4.0378599294454975e-05,0.00016359084695765646,10,-0.00013303275746499006,6.127278323218575e-05,paired_training_seed_or_data_batch,False,fixed-edge,4,2
P-T,AN - SA,,,,,,False,source_steps_training,0.0,0.0,10,0.0,0.0,paired_training_seed_or_data_batch,False,fixed-edge,4,2
P-T,AN - SA,,,,,,False,q_bound,0.0,0.0,10,0.0,0.0,paired_training_seed_or_data_batch,False,fixed-edge,4,2
P-T,AN - SA,,,,,,False,return_gain,-2.716066966391706e-05,0.00010583302039241604,10,-8.786824590659235e-05,3.8308737465635156e-05,paired_training_seed_or_data_batch,False,fixed-edge,4,2
P-T,AN - SA,,,,,,False,density_ratio,0.0,0.0,10,0.0,0.0,paired_training_seed_or_data_batch,False,fixed-edge,4,2
P-T,AN - SA,,,,,,False,source_steps_total,0.0,0.0,10,0.0,0.0,paired_training_seed_or_data_batch,False,fixed-edge,4,2
P-T,AN - SA,,,,,,False,source_realization_residual,-0.0004373126864650058,0.0009093932570639011,10,-0.0010610947625974434,-5.8674531121794154e-06,paired_training_seed_or_data_batch,False,fixed-edge,4,2
P-T,AN - SA,,,,,,False,direction_loss,0.000472406985068375,0.000770238022903967,10,-2.2946514679175714e-06,0.0009190855138575367,paired_training_seed_or_data_batch,False,fixed-edge,4,2
P-T,AN - SA,,,,,,False,frozen_actor_p_0,1.7475677006717483e-05,6.314038987614246e-05,10,-1.600224143571971e-05,5.765347231073328e-05,paired_training_seed_or_data_batch,False,fixed-edge,4,2
P-T,AN - SA,,,,,,False,direction_check_score,-0.0001181874915537763,0.001878271523587264,10,-0.001245117233046831,0.0009296786661070238,paired_training_seed_or_data_batch,False,fixed-edge,4,2
P-T,AN - SA,,,,,,False,return_check_gain,0.0,0.0,7,0.0,0.0,paired_training_seed_or_data_batch,False,fixed-edge,4,2
P-T,AN - SA,,,,,,False,old_return,0.0,0.0,10,0.0,0.0,paired_training_seed_or_data_batch,False,fixed-edge,4,2
P-T,AN - SA,,,,,,False,target_true_coefficient_1,0.0,0.0,10,0.0,0.0,paired_training_seed_or_data_batch,False,fixed-edge,4,2
P-T,AN - SA,,,,,,False,semantic_drift,0.0,0.0,10,0.0,0.0,paired_training_seed_or_data_batch,False,fixed-edge,4,2
P-T,AN - SA,,,,,,False,source_steps_direction_check,0.0,0.0,10,0.0,0.0,paired_training_seed_or_data_batch,False,fixed-edge,4,2
P-T,AN - SA,,,,,,False,source_direction_error,-0.00012665217721954158,0.00023417614868195748,10,-0.00026634580417202864,4.788210662748199e-06,paired_training_seed_or_data_batch,False,fixed-edge,4,2
P-T,AN - SA,,,,,,False,transport_error_upper_bound,-0.001445038666230955,0.0026070612946791634,10,-0.0032276908154312348,-0.00010791049648228935,paired_training_seed_or_data_batch,False,fixed-edge,4,2
P-T,AN - SA,,,,,,False,normalized_derivative_lower_bound,0.0003691907254918563,0.0006382657676178976,10,1.8144328501931994e-05,0.0007704023025840765,paired_training_seed_or_data_batch,False,fixed-edge,4,2
P-T,AN - SA,,,,,,False,eta,0.0,0.0,10,0.0,0.0,paired_training_seed_or_data_batch,False,fixed-edge,4,2
P-T,AN - SA,,,,,,False,target_true_coefficient_0,0.0,0.0,10,0.0,0.0,paired_training_seed_or_data_batch,False,fixed-edge,4,2
P-T,AN - SA,,,,,,False,target_local_energy,0.0,0.0,10,0.0,0.0,paired_training_seed_or_data_batch,False,fixed-edge,4,2
P-T,AN - SA,,,,,,False,forward_kl_training,-1.7394302746346704e-10,1.3759236622990386e-09,7,-1.0618990461030598e-09,8.564264023034605e-10,paired_training_seed_or_data_batch,False,fixed-edge,4,2
P-T,AN - SA,,,,,,False,target_normalized_path_derivative,-0.0001340147340701238,0.0005209077972096722,10,-0.0004338441896620812,0.00018832615255837996,paired_training_seed_or_data_batch,False,fixed-edge,4,2
P-T,AN - SA,,,,,,False,neighbor_weight,0.0,0.0,10,0.0,0.0,paired_training_seed_or_data_batch,False,fixed-edge,4,2
P-T,AN - SA,,,,,,False,target_plus_type_probability,0.0,0.0,10,0.0,0.0,paired_training_seed_or_data_batch,False,fixed-edge,4,2
P-T,AN - SA,,,,,,False,direction_steps,0.0,0.0,10,0.0,0.0,paired_training_seed_or_data_batch,False,fixed-edge,4,2
P-T,AN - SA,,,,,,False,target_path_derivative,-0.0002680294681402476,0.0010418155944193444,10,-0.0008676883793241624,0.0003766523051167599,paired_training_seed_or_data_batch,False,fixed-edge,4,2
P-T,AN - SA,,,,,,False,target_direction_error,-0.0001575293351539242,0.0003637673207307104,10,-0.00038331646629884136,3.795407823594692e-05,paired_training_seed_or_data_batch,False,fixed-edge,4,2
P-T,AN - SA,,,,,,False,attempts,0.0,0.0,10,0.0,0.0,paired_training_seed_or_data_batch,False,fixed-edge,4,2
P-T,AN - SA,,,,,,False,return_check_standard_error,0.0,0.0,7,0.0,0.0,paired_training_seed_or_data_batch,False,fixed-edge,4,2
P-T,AN - SA,,,,,,False,return,-2.716066966391706e-05,0.00010583302039241604,10,-8.786824590659235e-05,3.8308737465635156e-05,paired_training_seed_or_data_batch,False,fixed-edge,4,2
P-T,AN - DA,,,,,,False,source_steps_return_check,-14.4,15.910862816188052,10,-25.6,-6.4,paired_training_seed_or_data_batch,False,fixed-edge,4,2
P-T,AN - DA,,,,,,False,frozen_actor_p_1,-0.02108390539365875,0.01348380384862564,10,-0.02863119400456744,-0.013046882044720062,paired_training_seed_or_data_batch,False,fixed-edge,4,2
P-T,AN - DA,,,,,,False,source_steps_training,0.0,0.0,10,0.0,0.0,paired_training_seed_or_data_batch,False,fixed-edge,4,2
P-T,AN - DA,,,,,,False,return_gain,-0.013776378214834639,0.009576009739143706,10,-0.019189237578609505,-0.008158967063361078,paired_training_seed_or_data_batch,False,fixed-edge,4,2
P-T,AN - DA,,,,,,False,density_ratio,0.0,0.0,10,0.0,0.0,paired_training_seed_or_data_batch,False,fixed-edge,4,2
P-T,AN - DA,,,,,,False,source_steps_total,-6.4,15.910862816188052,10,-17.6,1.6,paired_training_seed_or_data_batch,False,fixed-edge,4,2
P-T,AN - DA,,,,,,False,frozen_actor_p_0,-0.031028151482590936,0.031955475539934976,10,-0.048265413385688745,-0.010509608136532577,paired_training_seed_or_data_batch,False,fixed-edge,4,2
P-T,AN - DA,,,,,,False,return_check_gain,-0.14285714285714285,0.27337180333228017,7,-0.32738095238095244,0.03818452380952332,paired_training_seed_or_data_batch,False,fixed-edge,4,2
P-T,AN - DA,,,,,,False,old_return,0.0,0.0,10,0.0,0.0,paired_training_seed_or_data_batch,False,fixed-edge,4,2
P-T,AN - DA,,,,,,False,target_true_coefficient_1,0.0,0.0,10,0.0,0.0,paired_training_seed_or_data_batch,False,fixed-edge,4,2
P-T,AN - DA,,,,,,False,semantic_drift,0.0,0.0,10,0.0,0.0,paired_training_seed_or_data_batch,False,fixed-edge,4,2
P-T,AN - DA,,,,,,False,source_steps_direction_check,8.0,0.0,10,8.0,8.0,paired_training_seed_or_data_batch,False,fixed-edge,4,2
P-T,AN - DA,,,,,,False,eta,-0.0009999999999999996,0.04724639903973871,10,-0.031,0.025,paired_training_seed_or_data_batch,False,fixed-edge,4,2
P-T,AN - DA,,,,,,False,target_true_coefficient_0,0.0,0.0,10,0.0,0.0,paired_training_seed_or_data_batch,False,fixed-edge,4,2
P-T,AN - DA,,,,,,False,target_local_energy,0.0,0.0,10,0.0,0.0,paired_training_seed_or_data_batch,False,fixed-edge,4,2
P-T,AN - DA,,,,,,False,target_normalized_path_derivative,-0.09071124977317936,0.02224101388848717,10,-0.10428219076130499,-0.07797064389415327,paired_training_seed_or_data_batch,False,fixed-edge,4,2
P-T,AN - DA,,,,,,False,neighbor_weight,0.0,0.0,10,0.0,0.0,paired_training_seed_or_data_batch,False,fixed-edge,4,2
P-T,AN - DA,,,,,,False,target_plus_type_probability,0.0,0.0,10,0.0,0.0,paired_training_seed_or_data_batch,False,fixed-edge,4,2
P-T,AN - DA,,,,,,False,target_path_derivative,-0.18142249954635872,0.04448202777697434,10,-0.20856438152260998,-0.15594128778830654,paired_training_seed_or_data_batch,False,fixed-edge,4,2
P-T,AN - DA,,,,,,False,attempts,-0.9,0.9944289260117533,10,-1.6,-0.4,paired_training_seed_or_data_batch,False,fixed-edge,4,2
P-T,AN - DA,,,,,,False,return_check_standard_error,-0.20850667368011613,0.3347321098052535,7,-0.44367139764041397,0.008076083313543045,paired_training_seed_or_data_batch,False,fixed-edge,4,2
P-T,AN - DA,,,,,,False,return,-0.013776378214834639,0.009576009739143706,10,-0.019189237578609505,-0.008158967063361078,paired_training_seed_or_data_batch,False,fixed-edge,4,2
P-T,AN - SA,,,,,,False,source_steps_return_check,0.0,0.0,10,0.0,0.0,paired_training_seed_or_data_batch,False,fixed-edge,4,4
P-T,AN - SA,,,,,,False,frozen_actor_p_1,-4.0378599294454975e-05,0.00016359084695765646,10,-0.00013303275746499006,6.127278323218575e-05,paired_training_seed_or_data_batch,False,fixed-edge,4,4
P-T,AN - SA,,,,,,False,source_steps_training,0.0,0.0,10,0.0,0.0,paired_training_seed_or_data_batch,False,fixed-edge,4,4
P-T,AN - SA,,,,,,False,q_bound,0.0,0.0,10,0.0,0.0,paired_training_seed_or_data_batch,False,fixed-edge,4,4
P-T,AN - SA,,,,,,False,return_gain,-7.425267405384295e-05,0.00030666967717377493,10,-0.0002488605781342604,0.00011628795815654032,paired_training_seed_or_data_batch,False,fixed-edge,4,4
P-T,AN - SA,,,,,,False,density_ratio,0.0,0.0,10,0.0,0.0,paired_training_seed_or_data_batch,False,fixed-edge,4,4
P-T,AN - SA,,,,,,False,source_steps_total,0.0,0.0,10,0.0,0.0,paired_training_seed_or_data_batch,False,fixed-edge,4,4
P-T,AN - SA,,,,,,False,source_realization_residual,-0.0004373126864650058,0.0009093932570639011,10,-0.0010610947625974434,-5.8674531121794154e-06,paired_training_seed_or_data_batch,False,fixed-edge,4,4
P-T,AN - SA,,,,,,False,direction_loss,0.000472406985068375,0.000770238022903967,10,-2.2946514679175714e-06,0.0009190855138575367,paired_training_seed_or_data_batch,False,fixed-edge,4,4
P-T,AN - SA,,,,,,False,frozen_actor_p_0,1.7475677006717483e-05,6.314038987614246e-05,10,-1.600224143571971e-05,5.765347231073328e-05,paired_training_seed_or_data_batch,False,fixed-edge,4,4
P-T,AN - SA,,,,,,False,direction_check_score,-0.0001181874915537763,0.001878271523587264,10,-0.001245117233046831,0.0009296786661070238,paired_training_seed_or_data_batch,False,fixed-edge,4,4
P-T,AN - SA,,,,,,False,return_check_gain,0.0,0.0,7,0.0,0.0,paired_training_seed_or_data_batch,False,fixed-edge,4,4
P-T,AN - SA,,,,,,False,old_return,0.0,0.0,10,0.0,0.0,paired_training_seed_or_data_batch,False,fixed-edge,4,4
P-T,AN - SA,,,,,,False,target_true_coefficient_1,0.0,0.0,10,0.0,0.0,paired_training_seed_or_data_batch,False,fixed-edge,4,4
P-T,AN - SA,,,,,,False,semantic_drift,0.0,0.0,10,0.0,0.0,paired_training_seed_or_data_batch,False,fixed-edge,4,4
P-T,AN - SA,,,,,,False,source_steps_direction_check,0.0,0.0,10,0.0,0.0,paired_training_seed_or_data_batch,False,fixed-edge,4,4
P-T,AN - SA,,,,,,False,source_direction_error,-0.00012665217721954158,0.00023417614868195748,10,-0.00026634580417202864,4.788210662748199e-06,paired_training_seed_or_data_batch,False,fixed-edge,4,4
P-T,AN - SA,,,,,,False,transport_error_upper_bound,-0.001048136106428688,0.001988319400511506,10,-0.0024081499611195312,-6.205388839274003e-05,paired_training_seed_or_data_batch,False,fixed-edge,4,4
P-T,AN - SA,,,,,,False,normalized_derivative_lower_bound,0.0005235856935780374,0.0009051874858993609,10,2.5732257522275565e-05,0.0010925833074360318,paired_training_seed_or_data_batch,False,fixed-edge,4,4
P-T,AN - SA,,,,,,False,eta,0.0,0.0,10,0.0,0.0,paired_training_seed_or_data_batch,False,fixed-edge,4,4
P-T,AN - SA,,,,,,False,target_true_coefficient_0,0.0,0.0,10,0.0,0.0,paired_training_seed_or_data_batch,False,fixed-edge,4,4
P-T,AN - SA,,,,,,False,target_local_energy,0.0,0.0,10,0.0,0.0,paired_training_seed_or_data_batch,False,fixed-edge,4,4
P-T,AN - SA,,,,,,False,forward_kl_training,-1.7394302746346704e-10,1.3759236622990386e-09,7,-1.0618990461030598e-09,8.564264023034605e-10,paired_training_seed_or_data_batch,False,fixed-edge,4,4
P-T,AN - SA,,,,,,False,target_normalized_path_derivative,-0.00017296443993115377,0.0007178244336982504,10,-0.0005798889535665407,0.00027395482243219876,paired_training_seed_or_data_batch,False,fixed-edge,4,4
P-T,AN - SA,,,,,,False,neighbor_weight,0.0,0.0,10,0.0,0.0,paired_training_seed_or_data_batch,False,fixed-edge,4,4
P-T,AN - SA,,,,,,False,target_plus_type_probability,0.0,0.0,10,0.0,0.0,paired_training_seed_or_data_batch,False,fixed-edge,4,4
P-T,AN - SA,,,,,,False,direction_steps,0.0,0.0,10,0.0,0.0,paired_training_seed_or_data_batch,False,fixed-edge,4,4
P-T,AN - SA,,,,,,False,target_path_derivative,-0.0006918577597246151,0.0028712977347930017,10,-0.002319555814266163,0.001095819289728795,paired_training_seed_or_data_batch,False,fixed-edge,4,4
P-T,AN - SA,,,,,,False,target_direction_error,-7.962992343186135e-05,0.00022062734665780672,10,-0.00021313865711628657,3.5148142670614556e-05,paired_training_seed_or_data_batch,False,fixed-edge,4,4
P-T,AN - SA,,,,,,False,attempts,0.0,0.0,10,0.0,0.0,paired_training_seed_or_data_batch,False,fixed-edge,4,4
P-T,AN - SA,,,,,,False,return_check_standard_error,0.0,0.0,7,0.0,0.0,paired_training_seed_or_data_batch,False,fixed-edge,4,4
P-T,AN - SA,,,,,,False,return,-7.425267405384295e-05,0.00030666967717377493,10,-0.0002488605781342604,0.00011628795815654032,paired_training_seed_or_data_batch,False,fixed-edge,4,4
P-T,AN - DA,,,,,,False,source_steps_return_check,-14.4,15.910862816188052,10,-25.6,-6.4,paired_training_seed_or_data_batch,False,fixed-edge,4,4
P-T,AN - DA,,,,,,False,frozen_actor_p_1,-0.02108390539365875,0.01348380384862564,10,-0.02863119400456744,-0.013046882044720062,paired_training_seed_or_data_batch,False,fixed-edge,4,4
P-T,AN - DA,,,,,,False,source_steps_training,0.0,0.0,10,0.0,0.0,paired_training_seed_or_data_batch,False,fixed-edge,4,4
P-T,AN - DA,,,,,,False,return_gain,-0.06203518788204125,0.04246387481802122,10,-0.08629921019180163,-0.03760087284930873,paired_training_seed_or_data_batch,False,fixed-edge,4,4
P-T,AN - DA,,,,,,False,density_ratio,0.0,0.0,10,0.0,0.0,paired_training_seed_or_data_batch,False,fixed-edge,4,4
P-T,AN - DA,,,,,,False,source_steps_total,-6.4,15.910862816188052,10,-17.6,1.6,paired_training_seed_or_data_batch,False,fixed-edge,4,4
P-T,AN - DA,,,,,,False,frozen_actor_p_0,-0.031028151482590936,0.031955475539934976,10,-0.048265413385688745,-0.010509608136532577,paired_training_seed_or_data_batch,False,fixed-edge,4,4
P-T,AN - DA,,,,,,False,return_check_gain,-0.14285714285714285,0.27337180333228017,7,-0.32738095238095244,0.03818452380952332,paired_training_seed_or_data_batch,False,fixed-edge,4,4
P-T,AN - DA,,,,,,False,old_return,0.0,0.0,10,0.0,0.0,paired_training_seed_or_data_batch,False,fixed-edge,4,4
P-T,AN - DA,,,,,,False,target_true_coefficient_1,0.0,0.0,10,0.0,0.0,paired_training_seed_or_data_batch,False,fixed-edge,4,4
P-T,AN - DA,,,,,,False,semantic_drift,0.0,0.0,10,0.0,0.0,paired_training_seed_or_data_batch,False,fixed-edge,4,4
P-T,AN - DA,,,,,,False,source_steps_direction_check,8.0,0.0,10,8.0,8.0,paired_training_seed_or_data_batch,False,fixed-edge,4,4
P-T,AN - DA,,,,,,False,eta,-0.0009999999999999996,0.04724639903973871,10,-0.031,0.025,paired_training_seed_or_data_batch,False,fixed-edge,4,4
P-T,AN - DA,,,,,,False,target_true_coefficient_0,0.0,0.0,10,0.0,0.0,paired_training_seed_or_data_batch,False,fixed-edge,4,4
P-T,AN - DA,,,,,,False,target_local_energy,0.0,0.0,10,0.0,0.0,paired_training_seed_or_data_batch,False,fixed-edge,4,4
P-T,AN - DA,,,,,,False,target_normalized_path_derivative,-0.17551901953132648,0.03902942937511939,10,-0.19968354230137364,-0.15240545077637646,paired_training_seed_or_data_batch,False,fixed-edge,4,4
P-T,AN - DA,,,,,,False,neighbor_weight,0.0,0.0,10,0.0,0.0,paired_training_seed_or_data_batch,False,fixed-edge,4,4
P-T,AN - DA,,,,,,False,target_plus_type_probability,0.0,0.0,10,0.0,0.0,paired_training_seed_or_data_batch,False,fixed-edge,4,4
P-T,AN - DA,,,,,,False,target_path_derivative,-0.7020760781253059,0.15611771750047757,10,-0.7987341692054946,-0.6096218031055058,paired_training_seed_or_data_batch,False,fixed-edge,4,4
P-T,AN - DA,,,,,,False,attempts,-0.9,0.9944289260117533,10,-1.6,-0.4,paired_training_seed_or_data_batch,False,fixed-edge,4,4
P-T,AN - DA,,,,,,False,return_check_standard_error,-0.20850667368011613,0.3347321098052535,7,-0.44367139764041397,0.008076083313543045,paired_training_seed_or_data_batch,False,fixed-edge,4,4
P-T,AN - DA,,,,,,False,return,-0.06203518788204125,0.04246387481802122,10,-0.08629921019180163,-0.03760087284930873,paired_training_seed_or_data_batch,False,fixed-edge,4,4
P-T,AN - SA,,,,,,False,source_steps_return_check,0.0,0.0,10,0.0,0.0,paired_training_seed_or_data_batch,False,fixed-edge,4,6
P-T,AN - SA,,,,,,False,frozen_actor_p_1,-4.0378599294454975e-05,0.00016359084695765646,10,-0.00013303275746499006,6.127278323218575e-05,paired_training_seed_or_data_batch,False,fixed-edge,4,6
P-T,AN - SA,,,,,,False,source_steps_training,0.0,0.0,10,0.0,0.0,paired_training_seed_or_data_batch,False,fixed-edge,4,6
P-T,AN - SA,,,,,,False,q_bound,0.0,0.0,10,0.0,0.0,paired_training_seed_or_data_batch,False,fixed-edge,4,6
P-T,AN - SA,,,,,,False,return_gain,-0.00014127601316976657,0.0006042094796615762,10,-0.00048655519223935893,0.00023884334455846935,paired_training_seed_or_data_batch,False,fixed-edge,4,6
P-T,AN - SA,,,,,,False,density_ratio,0.0,0.0,10,0.0,0.0,paired_training_seed_or_data_batch,False,fixed-edge,4,6
P-T,AN - SA,,,,,,False,source_steps_total,0.0,0.0,10,0.0,0.0,paired_training_seed_or_data_batch,False,fixed-edge,4,6
P-T,AN - SA,,,,,,False,source_realization_residual,-0.0004373126864650058,0.0009093932570639011,10,-0.0010610947625974434,-5.8674531121794154e-06,paired_training_seed_or_data_batch,False,fixed-edge,4,6
P-T,AN - SA,,,,,,False,direction_loss,0.000472406985068375,0.000770238022903967,10,-2.2946514679175714e-06,0.0009190855138575367,paired_training_seed_or_data_batch,False,fixed-edge,4,6
P-T,AN - SA,,,,,,False,frozen_actor_p_0,1.7475677006717483e-05,6.314038987614246e-05,10,-1.600224143571971e-05,5.765347231073328e-05,paired_training_seed_or_data_batch,False,fixed-edge,4,6
P-T,AN - SA,,,,,,False,direction_check_score,-0.0001181874915537763,0.001878271523587264,10,-0.001245117233046831,0.0009296786661070238,paired_training_seed_or_data_batch,False,fixed-edge,4,6
P-T,AN - SA,,,,,,False,return_check_gain,0.0,0.0,7,0.0,0.0,paired_training_seed_or_data_batch,False,fixed-edge,4,6
P-T,AN - SA,,,,,,False,old_return,0.0,0.0,10,0.0,0.0,paired_training_seed_or_data_batch,False,fixed-edge,4,6
P-T,AN - SA,,,,,,False,target_true_coefficient_1,0.0,0.0,10,0.0,0.0,paired_training_seed_or_data_batch,False,fixed-edge,4,6
P-T,AN - SA,,,,,,False,semantic_drift,0.0,0.0,10,0.0,0.0,paired_training_seed_or_data_batch,False,fixed-edge,4,6
P-T,AN - SA,,,,,,False,source_steps_direction_check,0.0,0.0,10,0.0,0.0,paired_training_seed_or_data_batch,False,fixed-edge,4,6
P-T,AN - SA,,,,,,False,source_direction_error,-0.00012665217721954158,0.00023417614868195748,10,-0.00026634580417202864,4.788210662748199e-06,paired_training_seed_or_data_batch,False,fixed-edge,4,6
P-T,AN - SA,,,,,,False,transport_error_upper_bound,-0.0014450386662309474,0.0026070612946791608,10,-0.0032276908154312183,-0.00010791049648228245,paired_training_seed_or_data_batch,False,fixed-edge,4,6
P-T,AN - SA,,,,,,False,normalized_derivative_lower_bound,0.0007005340721469383,0.001211100080332934,10,3.442860140891246e-05,0.0014618272479667387,paired_training_seed_or_data_batch,False,fixed-edge,4,6
P-T,AN - SA,,,,,,False,eta,0.0,0.0,10,0.0,0.0,paired_training_seed_or_data_batch,False,fixed-edge,4,6
P-T,AN - SA,,,,,,False,target_true_coefficient_0,0.0,0.0,10,0.0,0.0,paired_training_seed_or_data_batch,False,fixed-edge,4,6
P-T,AN - SA,,,,,,False,target_local_energy,0.0,0.0,10,0.0,0.0,paired_training_seed_or_data_batch,False,fixed-edge,4,6
P-T,AN - SA,,,,,,False,forward_kl_training,-1.7394302746346704e-10,1.3759236622990386e-09,7,-1.0618990461030598e-09,8.564264023034605e-10,paired_training_seed_or_data_batch,False,fixed-edge,4,6
P-T,AN - SA,,,,,,False,target_normalized_path_derivative,-0.00021191414579218305,0.0009174239552606175,10,-0.0007345231537810358,0.0003645501218983519,paired_training_seed_or_data_batch,False,fixed-edge,4,6
P-T,AN - SA,,,,,,False,neighbor_weight,0.0,0.0,10,0.0,0.0,paired_training_seed_or_data_batch,False,fixed-edge,4,6
P-T,AN - SA,,,,,,False,target_plus_type_probability,0.0,0.0,10,0.0,0.0,paired_training_seed_or_data_batch,False,fixed-edge,4,6
P-T,AN - SA,,,,,,False,direction_steps,0.0,0.0,10,0.0,0.0,paired_training_seed_or_data_batch,False,fixed-edge,4,6
P-T,AN - SA,,,,,,False,target_path_derivative,-0.0012714848747530983,0.0055045437315637095,10,-0.004407138922686226,0.002187300731390103,paired_training_seed_or_data_batch,False,fixed-edge,4,6
P-T,AN - SA,,,,,,False,target_direction_error,-1.7305117097983015e-06,0.0005430445977640424,10,-0.00036275402355842845,0.0002826267022754176,paired_training_seed_or_data_batch,False,fixed-edge,4,6
P-T,AN - SA,,,,,,False,attempts,0.0,0.0,10,0.0,0.0,paired_training_seed_or_data_batch,False,fixed-edge,4,6
P-T,AN - SA,,,,,,False,return_check_standard_error,0.0,0.0,7,0.0,0.0,paired_training_seed_or_data_batch,False,fixed-edge,4,6
P-T,AN - SA,,,,,,False,return,-0.00014127601316976657,0.0006042094796615762,10,-0.00048655519223935893,0.00023884334455846935,paired_training_seed_or_data_batch,False,fixed-edge,4,6
P-T,AN - DA,,,,,,False,source_steps_return_check,-14.4,15.910862816188052,10,-25.6,-6.4,paired_training_seed_or_data_batch,False,fixed-edge,4,6
P-T,AN - DA,,,,,,False,frozen_actor_p_1,-0.02108390539365875,0.01348380384862564,10,-0.02863119400456744,-0.013046882044720062,paired_training_seed_or_data_batch,False,fixed-edge,4,6
P-T,AN - DA,,,,,,False,source_steps_training,0.0,0.0,10,0.0,0.0,paired_training_seed_or_data_batch,False,fixed-edge,4,6
P-T,AN - DA,,,,,,False,return_gain,-0.1447764290016199,0.10224564352344186,10,-0.20422195410634486,-0.08703903974113705,paired_training_seed_or_data_batch,False,fixed-edge,4,6
P-T,AN - DA,,,,,,False,density_ratio,0.0,0.0,10,0.0,0.0,paired_training_seed_or_data_batch,False,fixed-edge,4,6
P-T,AN - DA,,,,,,False,source_steps_total,-6.4,15.910862816188052,10,-17.6,1.6,paired_training_seed_or_data_batch,False,fixed-edge,4,6
P-T,AN - DA,,,,,,False,frozen_actor_p_0,-0.031028151482590936,0.031955475539934976,10,-0.048265413385688745,-0.010509608136532577,paired_training_seed_or_data_batch,False,fixed-edge,4,6
P-T,AN - DA,,,,,,False,return_check_gain,-0.14285714285714285,0.27337180333228017,7,-0.32738095238095244,0.03818452380952332,paired_training_seed_or_data_batch,False,fixed-edge,4,6
P-T,AN - DA,,,,,,False,old_return,0.0,0.0,10,0.0,0.0,paired_training_seed_or_data_batch,False,fixed-edge,4,6
P-T,AN - DA,,,,,,False,target_true_coefficient_1,0.0,0.0,10,0.0,0.0,paired_training_seed_or_data_batch,False,fixed-edge,4,6
P-T,AN - DA,,,,,,False,semantic_drift,0.0,0.0,10,0.0,0.0,paired_training_seed_or_data_batch,False,fixed-edge,4,6
P-T,AN - DA,,,,,,False,source_steps_direction_check,8.0,0.0,10,8.0,8.0,paired_training_seed_or_data_batch,False,fixed-edge,4,6
P-T,AN - DA,,,,,,False,eta,-0.0009999999999999996,0.04724639903973871,10,-0.031,0.025,paired_training_seed_or_data_batch,False,fixed-edge,4,6
P-T,AN - DA,,,,,,False,target_true_coefficient_0,0.0,0.0,10,0.0,0.0,paired_training_seed_or_data_batch,False,fixed-edge,4,6
P-T,AN - DA,,,,,,False,target_local_energy,0.0,0.0,10,0.0,0.0,paired_training_seed_or_data_batch,False,fixed-edge,4,6
P-T,AN - DA,,,,,,False,target_normalized_path_derivative,-0.26032678928947356,0.06704739032442898,10,-0.2989427589667256,-0.21670799112107092,paired_training_seed_or_data_batch,False,fixed-edge,4,6
P-T,AN - DA,,,,,,False,neighbor_weight,0.0,0.0,10,0.0,0.0,paired_training_seed_or_data_batch,False,fixed-edge,4,6
P-T,AN - DA,,,,,,False,target_plus_type_probability,0.0,0.0,10,0.0,0.0,paired_training_seed_or_data_batch,False,fixed-edge,4,6
P-T,AN - DA,,,,,,False,target_path_derivative,-1.5619607357368417,0.4022843419465739,10,-1.7936565538003537,-1.3002479467264254,paired_training_seed_or_data_batch,False,fixed-edge,4,6
P-T,AN - DA,,,,,,False,attempts,-0.9,0.9944289260117533,10,-1.6,-0.4,paired_training_seed_or_data_batch,False,fixed-edge,4,6
P-T,AN - DA,,,,,,False,return_check_standard_error,-0.20850667368011613,0.3347321098052535,7,-0.44367139764041397,0.008076083313543045,paired_training_seed_or_data_batch,False,fixed-edge,4,6
P-T,AN - DA,,,,,,False,return,-0.1447764290016199,0.10224564352344186,10,-0.20422195410634486,-0.08703903974113705,paired_training_seed_or_data_batch,False,fixed-edge,4,6
P-T,AN - SA,,,,,,False,source_steps_return_check,0.0,0.0,10,0.0,0.0,paired_training_seed_or_data_batch,False,composition,4,2
P-T,AN - SA,,,,,,False,frozen_actor_p_1,-4.0378599294454975e-05,0.00016359084695765646,10,-0.00013303275746499006,6.127278323218575e-05,paired_training_seed_or_data_batch,False,composition,4,2
P-T,AN - SA,,,,,,False,source_steps_training,0.0,0.0,10,0.0,0.0,paired_training_seed_or_data_batch,False,composition,4,2
P-T,AN - SA,,,,,,False,q_bound,0.0,0.0,10,0.0,0.0,paired_training_seed_or_data_batch,False,composition,4,2
P-T,AN - SA,,,,,,False,return_gain,-1.4647430672738715e-05,4.4847621691267815e-05,10,-4.458149068806108e-05,7.088168669009816e-06,paired_training_seed_or_data_batch,False,composition,4,2
P-T,AN - SA,,,,,,False,density_ratio,0.0,0.0,10,0.0,0.0,paired_training_seed_or_data_batch,False,composition,4,2
P-T,AN - SA,,,,,,False,source_steps_total,0.0,0.0,10,0.0,0.0,paired_training_seed_or_data_batch,False,composition,4,2
P-T,AN - SA,,,,,,False,source_realization_residual,-0.0004373126864650058,0.0009093932570639011,10,-0.0010610947625974434,-5.8674531121794154e-06,paired_training_seed_or_data_batch,False,composition,4,2
P-T,AN - SA,,,,,,False,direction_loss,0.000472406985068375,0.000770238022903967,10,-2.2946514679175714e-06,0.0009190855138575367,paired_training_seed_or_data_batch,False,composition,4,2
P-T,AN - SA,,,,,,False,frozen_actor_p_0,1.7475677006717483e-05,6.314038987614246e-05,10,-1.600224143571971e-05,5.765347231073328e-05,paired_training_seed_or_data_batch,False,composition,4,2
P-T,AN - SA,,,,,,False,direction_check_score,-0.0001181874915537763,0.001878271523587264,10,-0.001245117233046831,0.0009296786661070238,paired_training_seed_or_data_batch,False,composition,4,2
P-T,AN - SA,,,,,,False,return_check_gain,0.0,0.0,7,0.0,0.0,paired_training_seed_or_data_batch,False,composition,4,2
P-T,AN - SA,,,,,,False,old_return,0.0,0.0,10,0.0,0.0,paired_training_seed_or_data_batch,False,composition,4,2
P-T,AN - SA,,,,,,False,target_true_coefficient_1,0.0,0.0,10,0.0,0.0,paired_training_seed_or_data_batch,False,composition,4,2
P-T,AN - SA,,,,,,False,semantic_drift,0.0,0.0,10,0.0,0.0,paired_training_seed_or_data_batch,False,composition,4,2
P-T,AN - SA,,,,,,False,source_steps_direction_check,0.0,0.0,10,0.0,0.0,paired_training_seed_or_data_batch,False,composition,4,2
P-T,AN - SA,,,,,,False,source_direction_error,-0.00012665217721954158,0.00023417614868195748,10,-0.00026634580417202864,4.788210662748199e-06,paired_training_seed_or_data_batch,False,composition,4,2
P-T,AN - SA,,,,,,False,transport_error_upper_bound,-0.003030517283323071,0.0053223349667244615,10,-0.006665031171986632,-0.00024228781690193942,paired_training_seed_or_data_batch,False,composition,4,2
P-T,AN - SA,,,,,,False,normalized_derivative_lower_bound,0.00046250818000561494,0.0007995952177497276,10,2.273052862222489e-05,0.0009651308720325809,paired_training_seed_or_data_batch,False,composition,4,2
P-T,AN - SA,,,,,,False,eta,0.0,0.0,10,0.0,0.0,paired_training_seed_or_data_batch,False,composition,4,2
P-T,AN - SA,,,,,,False,target_true_coefficient_0,0.0,0.0,10,0.0,0.0,paired_training_seed_or_data_batch,False,composition,4,2
P-T,AN - SA,,,,,,False,target_local_energy,0.0,0.0,10,0.0,0.0,paired_training_seed_or_data_batch,False,composition,4,2
P-T,AN - SA,,,,,,False,forward_kl_training,-1.7394302746346704e-10,1.3759236622990386e-09,7,-1.0618990461030598e-09,8.564264023034605e-10,paired_training_seed_or_data_batch,False,composition,4,2
P-T,AN - SA,,,,,,False,target_normalized_path_derivative,-6.738906903494282e-05,0.00022003969371556717,10,-0.00021589485456148682,4.228475243098362e-05,paired_training_seed_or_data_batch,False,composition,4,2
P-T,AN - SA,,,,,,False,neighbor_weight,0.0,0.0,10,0.0,0.0,paired_training_seed_or_data_batch,False,composition,4,2
P-T,AN - SA,,,,,,False,target_plus_type_probability,0.0,0.0,10,0.0,0.0,paired_training_seed_or_data_batch,False,composition,4,2
P-T,AN - SA,,,,,,False,direction_steps,0.0,0.0,10,0.0,0.0,paired_training_seed_or_data_batch,False,composition,4,2
P-T,AN - SA,,,,,,False,target_path_derivative,-0.00013477813806988563,0.00044007938743113433,10,-0.00043178970912297363,8.456950486196724e-05,paired_training_seed_or_data_batch,False,composition,4,2
P-T,AN - SA,,,,,,False,target_direction_error,-0.0001186073602478882,0.0007261532573702833,10,-0.0005585953071027962,0.0003199030741795522,paired_training_seed_or_data_batch,False,composition,4,2
P-T,AN - SA,,,,,,False,attempts,0.0,0.0,10,0.0,0.0,paired_training_seed_or_data_batch,False,composition,4,2
P-T,AN - SA,,,,,,False,return_check_standard_error,0.0,0.0,7,0.0,0.0,paired_training_seed_or_data_batch,False,composition,4,2
P-T,AN - SA,,,,,,False,return,-1.4647430672738715e-05,4.4847621691267815e-05,10,-4.458149068806108e-05,7.088168669009816e-06,paired_training_seed_or_data_batch,False,composition,4,2
P-T,AN - DA,,,,,,False,source_steps_return_check,-14.4,15.910862816188052,10,-25.6,-6.4,paired_training_seed_or_data_batch,False,composition,4,2
P-T,AN - DA,,,,,,False,frozen_actor_p_1,-0.02108390539365875,0.01348380384862564,10,-0.02863119400456744,-0.013046882044720062,paired_training_seed_or_data_batch,False,composition,4,2
P-T,AN - DA,,,,,,False,source_steps_training,0.0,0.0,10,0.0,0.0,paired_training_seed_or_data_batch,False,composition,4,2
P-T,AN - DA,,,,,,False,return_gain,0.0065648109206153295,0.012649332376087303,10,-0.001776869482707938,0.011630830557517386,paired_training_seed_or_data_batch,False,composition,4,2
P-T,AN - DA,,,,,,False,density_ratio,0.0,0.0,10,0.0,0.0,paired_training_seed_or_data_batch,False,composition,4,2
P-T,AN - DA,,,,,,False,source_steps_total,-6.4,15.910862816188052,10,-17.6,1.6,paired_training_seed_or_data_batch,False,composition,4,2
P-T,AN - DA,,,,,,False,frozen_actor_p_0,-0.031028151482590936,0.031955475539934976,10,-0.048265413385688745,-0.010509608136532577,paired_training_seed_or_data_batch,False,composition,4,2
P-T,AN - DA,,,,,,False,return_check_gain,-0.14285714285714285,0.27337180333228017,7,-0.32738095238095244,0.03818452380952332,paired_training_seed_or_data_batch,False,composition,4,2
P-T,AN - DA,,,,,,False,old_return,0.0,0.0,10,0.0,0.0,paired_training_seed_or_data_batch,False,composition,4,2
P-T,AN - DA,,,,,,False,target_true_coefficient_1,0.0,0.0,10,0.0,0.0,paired_training_seed_or_data_batch,False,composition,4,2
P-T,AN - DA,,,,,,False,semantic_drift,0.0,0.0,10,0.0,0.0,paired_training_seed_or_data_batch,False,composition,4,2
P-T,AN - DA,,,,,,False,source_steps_direction_check,8.0,0.0,10,8.0,8.0,paired_training_seed_or_data_batch,False,composition,4,2
P-T,AN - DA,,,,,,False,eta,-0.0009999999999999996,0.04724639903973871,10,-0.031,0.025,paired_training_seed_or_data_batch,False,composition,4,2
P-T,AN - DA,,,,,,False,target_true_coefficient_0,0.0,0.0,10,0.0,0.0,paired_training_seed_or_data_batch,False,composition,4,2
P-T,AN - DA,,,,,,False,target_local_energy,0.0,0.0,10,0.0,0.0,paired_training_seed_or_data_batch,False,composition,4,2
P-T,AN - DA,,,,,,False,target_normalized_path_derivative,0.13255806228604694,0.09871324156096695,10,0.06896770331820394,0.16608962665196222,paired_training_seed_or_data_batch,False,composition,4,2
P-T,AN - DA,,,,,,False,neighbor_weight,0.0,0.0,10,0.0,0.0,paired_training_seed_or_data_batch,False,composition,4,2
P-T,AN - DA,,,,,,False,target_plus_type_probability,0.0,0.0,10,0.0,0.0,paired_training_seed_or_data_batch,False,composition,4,2
P-T,AN - DA,,,,,,False,target_path_derivative,0.2651161245720939,0.1974264831219339,10,0.13793540663640788,0.33217925330392445,paired_training_seed_or_data_batch,False,composition,4,2
P-T,AN - DA,,,,,,False,attempts,-0.9,0.9944289260117533,10,-1.6,-0.4,paired_training_seed_or_data_batch,False,composition,4,2
P-T,AN - DA,,,,,,False,return_check_standard_error,-0.20850667368011613,0.3347321098052535,7,-0.44367139764041397,0.008076083313543045,paired_training_seed_or_data_batch,False,composition,4,2
P-T,AN - DA,,,,,,False,return,0.0065648109206153295,0.012649332376087303,10,-0.001776869482707938,0.011630830557517386,paired_training_seed_or_data_batch,False,composition,4,2
P-T,AN - SA,,,,,,False,source_steps_return_check,0.0,0.0,10,0.0,0.0,paired_training_seed_or_data_batch,False,composition,4,4
P-T,AN - SA,,,,,,False,frozen_actor_p_1,-4.0378599294454975e-05,0.00016359084695765646,10,-0.00013303275746499006,6.127278323218575e-05,paired_training_seed_or_data_batch,False,composition,4,4
P-T,AN - SA,,,,,,False,source_steps_training,0.0,0.0,10,0.0,0.0,paired_training_seed_or_data_batch,False,composition,4,4
P-T,AN - SA,,,,,,False,q_bound,0.0,0.0,10,0.0,0.0,paired_training_seed_or_data_batch,False,composition,4,4
P-T,AN - SA,,,,,,False,return_gain,-7.425267405384295e-05,0.00030666967717377493,10,-0.0002488605781342604,0.00011628795815654032,paired_training_seed_or_data_batch,False,composition,4,4
P-T,AN - SA,,,,,,False,density_ratio,0.0,0.0,10,0.0,0.0,paired_training_seed_or_data_batch,False,composition,4,4
P-T,AN - SA,,,,,,False,source_steps_total,0.0,0.0,10,0.0,0.0,paired_training_seed_or_data_batch,False,composition,4,4
P-T,AN - SA,,,,,,False,source_realization_residual,-0.0004373126864650058,0.0009093932570639011,10,-0.0010610947625974434,-5.8674531121794154e-06,paired_training_seed_or_data_batch,False,composition,4,4
P-T,AN - SA,,,,,,False,direction_loss,0.000472406985068375,0.000770238022903967,10,-2.2946514679175714e-06,0.0009190855138575367,paired_training_seed_or_data_batch,False,composition,4,4
P-T,AN - SA,,,,,,False,frozen_actor_p_0,1.7475677006717483e-05,6.314038987614246e-05,10,-1.600224143571971e-05,5.765347231073328e-05,paired_training_seed_or_data_batch,False,composition,4,4
P-T,AN - SA,,,,,,False,direction_check_score,-0.0001181874915537763,0.001878271523587264,10,-0.001245117233046831,0.0009296786661070238,paired_training_seed_or_data_batch,False,composition,4,4
P-T,AN - SA,,,,,,False,return_check_gain,0.0,0.0,7,0.0,0.0,paired_training_seed_or_data_batch,False,composition,4,4
P-T,AN - SA,,,,,,False,old_return,0.0,0.0,10,0.0,0.0,paired_training_seed_or_data_batch,False,composition,4,4
P-T,AN - SA,,,,,,False,target_true_coefficient_1,0.0,0.0,10,0.0,0.0,paired_training_seed_or_data_batch,False,composition,4,4
P-T,AN - SA,,,,,,False,semantic_drift,0.0,0.0,10,0.0,0.0,paired_training_seed_or_data_batch,False,composition,4,4
P-T,AN - SA,,,,,,False,source_steps_direction_check,0.0,0.0,10,0.0,0.0,paired_training_seed_or_data_batch,False,composition,4,4
P-T,AN - SA,,,,,,False,source_direction_error,-0.00012665217721954158,0.00023417614868195748,10,-0.00026634580417202864,4.788210662748199e-06,paired_training_seed_or_data_batch,False,composition,4,4
P-T,AN - SA,,,,,,False,transport_error_upper_bound,-0.001048136106428688,0.001988319400511506,10,-0.0024081499611195312,-6.205388839274003e-05,paired_training_seed_or_data_batch,False,composition,4,4
P-T,AN - SA,,,,,,False,normalized_derivative_lower_bound,0.0005235856935780374,0.0009051874858993609,10,2.5732257522275565e-05,0.0010925833074360318,paired_training_seed_or_data_batch,False,composition,4,4
P-T,AN - SA,,,,,,False,eta,0.0,0.0,10,0.0,0.0,paired_training_seed_or_data_batch,False,composition,4,4
P-T,AN - SA,,,,,,False,target_true_coefficient_0,0.0,0.0,10,0.0,0.0,paired_training_seed_or_data_batch,False,composition,4,4
P-T,AN - SA,,,,,,False,target_local_energy,0.0,0.0,10,0.0,0.0,paired_training_seed_or_data_batch,False,composition,4,4
P-T,AN - SA,,,,,,False,forward_kl_training,-1.7394302746346704e-10,1.3759236622990386e-09,7,-1.0618990461030598e-09,8.564264023034605e-10,paired_training_seed_or_data_batch,False,composition,4,4
P-T,AN - SA,,,,,,False,target_normalized_path_derivative,-0.00017296443993115377,0.0007178244336982504,10,-0.0005798889535665407,0.00027395482243219876,paired_training_seed_or_data_batch,False,composition,4,4
P-T,AN - SA,,,,,,False,neighbor_weight,0.0,0.0,10,0.0,0.0,paired_training_seed_or_data_batch,False,composition,4,4
P-T,AN - SA,,,,,,False,target_plus_type_probability,0.0,0.0,10,0.0,0.0,paired_training_seed_or_data_batch,False,composition,4,4
P-T,AN - SA,,,,,,False,direction_steps,0.0,0.0,10,0.0,0.0,paired_training_seed_or_data_batch,False,composition,4,4
P-T,AN - SA,,,,,,False,target_path_derivative,-0.0006918577597246151,0.0028712977347930017,10,-0.002319555814266163,0.001095819289728795,paired_training_seed_or_data_batch,False,composition,4,4
P-T,AN - SA,,,,,,False,target_direction_error,-7.962992343186135e-05,0.00022062734665780672,10,-0.00021313865711628657,3.5148142670614556e-05,paired_training_seed_or_data_batch,False,composition,4,4
P-T,AN - SA,,,,,,False,attempts,0.0,0.0,10,0.0,0.0,paired_training_seed_or_data_batch,False,composition,4,4
P-T,AN - SA,,,,,,False,return_check_standard_error,0.0,0.0,7,0.0,0.0,paired_training_seed_or_data_batch,False,composition,4,4
P-T,AN - SA,,,,,,False,return,-7.425267405384295e-05,0.00030666967717377493,10,-0.0002488605781342604,0.00011628795815654032,paired_training_seed_or_data_batch,False,composition,4,4
P-T,AN - DA,,,,,,False,source_steps_return_check,-14.4,15.910862816188052,10,-25.6,-6.4,paired_training_seed_or_data_batch,False,composition,4,4
P-T,AN - DA,,,,,,False,frozen_actor_p_1,-0.02108390539365875,0.01348380384862564,10,-0.02863119400456744,-0.013046882044720062,paired_training_seed_or_data_batch,False,composition,4,4
P-T,AN - DA,,,,,,False,source_steps_training,0.0,0.0,10,0.0,0.0,paired_training_seed_or_data_batch,False,composition,4,4
P-T,AN - DA,,,,,,False,return_gain,-0.06203518788204125,0.04246387481802122,10,-0.08629921019180163,-0.03760087284930873,paired_training_seed_or_data_batch,False,composition,4,4
P-T,AN - DA,,,,,,False,density_ratio,0.0,0.0,10,0.0,0.0,paired_training_seed_or_data_batch,False,composition,4,4
P-T,AN - DA,,,,,,False,source_steps_total,-6.4,15.910862816188052,10,-17.6,1.6,paired_training_seed_or_data_batch,False,composition,4,4
P-T,AN - DA,,,,,,False,frozen_actor_p_0,-0.031028151482590936,0.031955475539934976,10,-0.048265413385688745,-0.010509608136532577,paired_training_seed_or_data_batch,False,composition,4,4
P-T,AN - DA,,,,,,False,return_check_gain,-0.14285714285714285,0.27337180333228017,7,-0.32738095238095244,0.03818452380952332,paired_training_seed_or_data_batch,False,composition,4,4
P-T,AN - DA,,,,,,False,old_return,0.0,0.0,10,0.0,0.0,paired_training_seed_or_data_batch,False,composition,4,4
P-T,AN - DA,,,,,,False,target_true_coefficient_1,0.0,0.0,10,0.0,0.0,paired_training_seed_or_data_batch,False,composition,4,4
P-T,AN - DA,,,,,,False,semantic_drift,0.0,0.0,10,0.0,0.0,paired_training_seed_or_data_batch,False,composition,4,4
P-T,AN - DA,,,,,,False,source_steps_direction_check,8.0,0.0,10,8.0,8.0,paired_training_seed_or_data_batch,False,composition,4,4
P-T,AN - DA,,,,,,False,eta,-0.0009999999999999996,0.04724639903973871,10,-0.031,0.025,paired_training_seed_or_data_batch,False,composition,4,4
P-T,AN - DA,,,,,,False,target_true_coefficient_0,0.0,0.0,10,0.0,0.0,paired_training_seed_or_data_batch,False,composition,4,4
P-T,AN - DA,,,,,,False,target_local_energy,0.0,0.0,10,0.0,0.0,paired_training_seed_or_data_batch,False,composition,4,4
P-T,AN - DA,,,,,,False,target_normalized_path_derivative,-0.17551901953132648,0.03902942937511939,10,-0.19968354230137364,-0.15240545077637646,paired_training_seed_or_data_batch,False,composition,4,4
P-T,AN - DA,,,,,,False,neighbor_weight,0.0,0.0,10,0.0,0.0,paired_training_seed_or_data_batch,False,composition,4,4
P-T,AN - DA,,,,,,False,target_plus_type_probability,0.0,0.0,10,0.0,0.0,paired_training_seed_or_data_batch,False,composition,4,4
P-T,AN - DA,,,,,,False,target_path_derivative,-0.7020760781253059,0.15611771750047757,10,-0.7987341692054946,-0.6096218031055058,paired_training_seed_or_data_batch,False,composition,4,4
P-T,AN - DA,,,,,,False,attempts,-0.9,0.9944289260117533,10,-1.6,-0.4,paired_training_seed_or_data_batch,False,composition,4,4
P-T,AN - DA,,,,,,False,return_check_standard_error,-0.20850667368011613,0.3347321098052535,7,-0.44367139764041397,0.008076083313543045,paired_training_seed_or_data_batch,False,composition,4,4
P-T,AN - DA,,,,,,False,return,-0.06203518788204125,0.04246387481802122,10,-0.08629921019180163,-0.03760087284930873,paired_training_seed_or_data_batch,False,composition,4,4
P-T,AN - SA,,,,,,False,source_steps_return_check,0.0,0.0,10,0.0,0.0,paired_training_seed_or_data_batch,False,composition,4,6
P-T,AN - SA,,,,,,False,frozen_actor_p_1,-4.0378599294454975e-05,0.00016359084695765646,10,-0.00013303275746499006,6.127278323218575e-05,paired_training_seed_or_data_batch,False,composition,4,6
P-T,AN - SA,,,,,,False,source_steps_training,0.0,0.0,10,0.0,0.0,paired_training_seed_or_data_batch,False,composition,4,6
P-T,AN - SA,,,,,,False,q_bound,0.0,0.0,10,0.0,0.0,paired_training_seed_or_data_batch,False,composition,4,6
P-T,AN - SA,,,,,,False,return_gain,-4.394229201820643e-05,0.00013454286507383304,10,-0.00013374447206419878,2.1264506007046934e-05,paired_training_seed_or_data_batch,False,composition,4,6
P-T,AN - SA,,,,,,False,density_ratio,0.0,0.0,10,0.0,0.0,paired_training_seed_or_data_batch,False,composition,4,6
P-T,AN - SA,,,,,,False,source_steps_total,0.0,0.0,10,0.0,0.0,paired_training_seed_or_data_batch,False,composition,4,6
P-T,AN - SA,,,,,,False,source_realization_residual,-0.0004373126864650058,0.0009093932570639011,10,-0.0010610947625974434,-5.8674531121794154e-06,paired_training_seed_or_data_batch,False,composition,4,6
P-T,AN - SA,,,,,,False,direction_loss,0.000472406985068375,0.000770238022903967,10,-2.2946514679175714e-06,0.0009190855138575367,paired_training_seed_or_data_batch,False,composition,4,6
P-T,AN - SA,,,,,,False,frozen_actor_p_0,1.7475677006717483e-05,6.314038987614246e-05,10,-1.600224143571971e-05,5.765347231073328e-05,paired_training_seed_or_data_batch,False,composition,4,6
P-T,AN - SA,,,,,,False,direction_check_score,-0.0001181874915537763,0.001878271523587264,10,-0.001245117233046831,0.0009296786661070238,paired_training_seed_or_data_batch,False,composition,4,6
P-T,AN - SA,,,,,,False,return_check_gain,0.0,0.0,7,0.0,0.0,paired_training_seed_or_data_batch,False,composition,4,6
P-T,AN - SA,,,,,,False,old_return,0.0,0.0,10,0.0,0.0,paired_training_seed_or_data_batch,False,composition,4,6
P-T,AN - SA,,,,,,False,target_true_coefficient_1,0.0,0.0,10,0.0,0.0,paired_training_seed_or_data_batch,False,composition,4,6
P-T,AN - SA,,,,,,False,semantic_drift,0.0,0.0,10,0.0,0.0,paired_training_seed_or_data_batch,False,composition,4,6
P-T,AN - SA,,,,,,False,source_steps_direction_check,0.0,0.0,10,0.0,0.0,paired_training_seed_or_data_batch,False,composition,4,6
P-T,AN - SA,,,,,,False,source_direction_error,-0.00012665217721954158,0.00023417614868195748,10,-0.00026634580417202864,4.788210662748199e-06,paired_training_seed_or_data_batch,False,composition,4,6
P-T,AN - SA,,,,,,False,transport_error_upper_bound,-0.003030517283323071,0.0053223349667244615,10,-0.006665031171986632,-0.00024228781690193942,paired_training_seed_or_data_batch,False,composition,4,6
P-T,AN - SA,,,,,,False,normalized_derivative_lower_bound,0.00046250818000561494,0.0007995952177497276,10,2.273052862222489e-05,0.0009651308720325809,paired_training_seed_or_data_batch,False,composition,4,6
P-T,AN - SA,,,,,,False,eta,0.0,0.0,10,0.0,0.0,paired_training_seed_or_data_batch,False,composition,4,6
P-T,AN - SA,,,,,,False,target_true_coefficient_0,0.0,0.0,10,0.0,0.0,paired_training_seed_or_data_batch,False,composition,4,6
P-T,AN - SA,,,,,,False,target_local_energy,0.0,0.0,10,0.0,0.0,paired_training_seed_or_data_batch,False,composition,4,6
P-T,AN - SA,,,,,,False,forward_kl_training,-1.7394302746346704e-10,1.3759236622990386e-09,7,-1.0618990461030598e-09,8.564264023034605e-10,paired_training_seed_or_data_batch,False,composition,4,6
P-T,AN - SA,,,,,,False,target_normalized_path_derivative,-6.738906903494282e-05,0.00022003969371556717,10,-0.00021589485456148682,4.228475243098362e-05,paired_training_seed_or_data_batch,False,composition,4,6
P-T,AN - SA,,,,,,False,neighbor_weight,0.0,0.0,10,0.0,0.0,paired_training_seed_or_data_batch,False,composition,4,6
P-T,AN - SA,,,,,,False,target_plus_type_probability,0.0,0.0,10,0.0,0.0,paired_training_seed_or_data_batch,False,composition,4,6
P-T,AN - SA,,,,,,False,direction_steps,0.0,0.0,10,0.0,0.0,paired_training_seed_or_data_batch,False,composition,4,6
P-T,AN - SA,,,,,,False,target_path_derivative,-0.0004043344142096577,0.0013202381622934042,10,-0.001295369127368922,0.00025370851458590156,paired_training_seed_or_data_batch,False,composition,4,6
P-T,AN - SA,,,,,,False,target_direction_error,-0.0001186073602478882,0.0007261532573702833,10,-0.0005585953071027962,0.0003199030741795522,paired_training_seed_or_data_batch,False,composition,4,6
P-T,AN - SA,,,,,,False,attempts,0.0,0.0,10,0.0,0.0,paired_training_seed_or_data_batch,False,composition,4,6
P-T,AN - SA,,,,,,False,return_check_standard_error,0.0,0.0,7,0.0,0.0,paired_training_seed_or_data_batch,False,composition,4,6
P-T,AN - SA,,,,,,False,return,-4.394229201820643e-05,0.00013454286507383304,10,-0.00013374447206419878,2.1264506007046934e-05,paired_training_seed_or_data_batch,False,composition,4,6
P-T,AN - DA,,,,,,False,source_steps_return_check,-14.4,15.910862816188052,10,-25.6,-6.4,paired_training_seed_or_data_batch,False,composition,4,6
P-T,AN - DA,,,,,,False,frozen_actor_p_1,-0.02108390539365875,0.01348380384862564,10,-0.02863119400456744,-0.013046882044720062,paired_training_seed_or_data_batch,False,composition,4,6
P-T,AN - DA,,,,,,False,source_steps_training,0.0,0.0,10,0.0,0.0,paired_training_seed_or_data_batch,False,composition,4,6
P-T,AN - DA,,,,,,False,return_gain,0.019694432761845997,0.03794799712826189,10,-0.00533060844812381,0.03489249167255214,paired_training_seed_or_data_batch,False,composition,4,6
P-T,AN - DA,,,,,,False,density_ratio,0.0,0.0,10,0.0,0.0,paired_training_seed_or_data_batch,False,composition,4,6
P-T,AN - DA,,,,,,False,source_steps_total,-6.4,15.910862816188052,10,-17.6,1.6,paired_training_seed_or_data_batch,False,composition,4,6
P-T,AN - DA,,,,,,False,frozen_actor_p_0,-0.031028151482590936,0.031955475539934976,10,-0.048265413385688745,-0.010509608136532577,paired_training_seed_or_data_batch,False,composition,4,6
P-T,AN - DA,,,,,,False,return_check_gain,-0.14285714285714285,0.27337180333228017,7,-0.32738095238095244,0.03818452380952332,paired_training_seed_or_data_batch,False,composition,4,6
P-T,AN - DA,,,,,,False,old_return,0.0,0.0,10,0.0,0.0,paired_training_seed_or_data_batch,False,composition,4,6
P-T,AN - DA,,,,,,False,target_true_coefficient_1,0.0,0.0,10,0.0,0.0,paired_training_seed_or_data_batch,False,composition,4,6
P-T,AN - DA,,,,,,False,semantic_drift,0.0,0.0,10,0.0,0.0,paired_training_seed_or_data_batch,False,composition,4,6
P-T,AN - DA,,,,,,False,source_steps_direction_check,8.0,0.0,10,8.0,8.0,paired_training_seed_or_data_batch,False,composition,4,6
P-T,AN - DA,,,,,,False,eta,-0.0009999999999999996,0.04724639903973871,10,-0.031,0.025,paired_training_seed_or_data_batch,False,composition,4,6
P-T,AN - DA,,,,,,False,target_true_coefficient_0,0.0,0.0,10,0.0,0.0,paired_training_seed_or_data_batch,False,composition,4,6
P-T,AN - DA,,,,,,False,target_local_energy,0.0,0.0,10,0.0,0.0,paired_training_seed_or_data_batch,False,composition,4,6
P-T,AN - DA,,,,,,False,target_normalized_path_derivative,0.13255806228604694,0.09871324156096695,10,0.06896770331820394,0.16608962665196222,paired_training_seed_or_data_batch,False,composition,4,6
P-T,AN - DA,,,,,,False,neighbor_weight,0.0,0.0,10,0.0,0.0,paired_training_seed_or_data_batch,False,composition,4,6
P-T,AN - DA,,,,,,False,target_plus_type_probability,0.0,0.0,10,0.0,0.0,paired_training_seed_or_data_batch,False,composition,4,6
P-T,AN - DA,,,,,,False,target_path_derivative,0.7953483737162814,0.5922794493658016,10,0.41380621990922367,0.9965377599117733,paired_training_seed_or_data_batch,False,composition,4,6
P-T,AN - DA,,,,,,False,attempts,-0.9,0.9944289260117533,10,-1.6,-0.4,paired_training_seed_or_data_batch,False,composition,4,6
P-T,AN - DA,,,,,,False,return_check_standard_error,-0.20850667368011613,0.3347321098052535,7,-0.44367139764041397,0.008076083313543045,paired_training_seed_or_data_batch,False,composition,4,6
P-T,AN - DA,,,,,,False,return,0.019694432761845997,0.03794799712826189,10,-0.00533060844812381,0.03489249167255214,paired_training_seed_or_data_batch,False,composition,4,6
