experiment,method,label,oracle_label_group,seed,update,source_steps_total,source_steps_training,source_steps_critic,source_steps_direction_check,source_steps_return_check,source_steps_monitor,source_complete_episodes,agent_decisions,budget,training_return,monitor_return,exact_source_return_diagnostic,actual_return_gain_diagnostic,old_new_kl,baseline_kind,baseline_missing_states,entropy,seconds,accepted,reason,eta,attempts,forward_kl_training,direction_loss,direction_steps,q_bound,direction_check_score,direction_check_mode,critic_validation_mse,label_mse_against_exact_joint_advantage,critic_explained_variance,direction_error,direction_norm,exact_direction_score_diagnostic
T-L,AN,mc_learned_baseline,False,45,1,1736,256,256,1024,0,200,868,3472,262144,0.321796875,0.34680000000000005,0.3530617049642029,0.034047704964202896,0.00046357780805957884,public_state_tabular_independent_mc,0,0.6156492982807455,0.046842899988405406,True,accepted_return_check_disabled,0.1,1,5.621977295252254e-09,-0.09235171529478464,100,5.0,0.08266915155951154,empirical,0.430824551836283,0.17393501452686871,0.02217878325325251,0.002126284610131682,0.09386018123295996,0.08662127612881569
T-L,AN,mc_learned_baseline,False,45,2,3472,512,512,2048,0,400,1736,6944,262144,0.3975000000000001,0.4407,0.3870947405125451,0.034033035548342194,0.00045134290753119345,public_state_tabular_independent_mc,0,0.6054507451030166,0.0907299000537023,True,accepted_return_check_disabled,0.1,1,8.363347803136813e-09,-0.09142609902083465,100,5.0,0.08611036354816076,empirical,0.40806313486586554,0.17561523414316768,0.0012793703710688442,9.249540867256668e-05,0.09149995302899946,0.0894720731324796
T-L,AN,mc_learned_baseline,False,45,3,5208,768,768,3072,0,600,2604,10416,262144,0.36421875,0.4604999999999999,0.41682045681037244,0.02972571629782733,0.0003534192617694981,public_state_tabular_independent_mc,0,0.5967503837633827,0.13348080008290708,True,accepted_return_check_disabled,0.1,1,2.3105275004757255e-09,-0.07259198340052628,100,5.0,0.08262386236778896,empirical,0.4133190587838901,0.16785678902100623,0.01080223121403534,0.0029602404972018754,0.07210295543694628,0.08667290776014841
T-L,AN,mc_learned_baseline,False,45,4,6944,1024,1024,4096,0,800,3472,13888,262144,0.457265625,0.4982999999999999,0.45217755812893556,0.03535710131856312,0.0004940983658334125,public_state_tabular_independent_mc,0,0.5844617320485499,0.17352040007244796,True,accepted_return_check_disabled,0.1,1,7.954275146848727e-10,-0.10038023963493506,100,5.0,0.09240568312721784,empirical,0.4014791446610977,0.16961603942207754,0.007363727392478481,0.0006107272339492885,0.10047667076324335,0.0885382066493347
T-L,AN,mc_learned_baseline,False,45,5,8680,1280,1280,5120,0,1000,4340,17360,262144,0.4284375,0.6389999999999998,0.4848630674362344,0.032685509307298855,0.0004458325941845971,public_state_tabular_independent_mc,0,0.5732888354914221,0.27299530000891536,True,accepted_return_check_disabled,0.1,1,6.3431991186545514e-09,-0.0925658733791811,100,5.0,0.07779750328488935,empirical,0.3915259709327416,0.1715582398322848,-0.005922786063754737,0.003443305595540654,0.09182900429967643,0.08464245985526882
T-L,AN,mc_learned_baseline,False,45,6,10416,1536,1536,6144,0,1200,5208,20832,262144,0.48867187500000003,0.5867999999999999,0.5155879206138699,0.030724853177635514,0.0003884386236909555,public_state_tabular_independent_mc,0,0.5615015768485017,0.31205409998074174,True,accepted_return_check_disabled,0.1,1,4.315532462848506e-09,-0.07902345671727583,100,5.0,0.0866682029780395,empirical,0.36609520039539445,0.1593467042553008,-0.003121620136904202,0.00036851954851981994,0.07939389841923702,0.0858992645142094
T-L,AN,mc_learned_baseline,False,45,7,12152,1792,1792,7168,0,1400,6076,24304,262144,0.6145312500000001,0.5813999999999999,0.5462151985465983,0.030627277932728347,0.00039810005360944335,public_state_tabular_independent_mc,0,0.5488397604851046,0.3546012000879273,True,accepted_return_check_disabled,0.1,1,1.0575679504446458e-09,-0.08103205636464712,100,5.0,0.08412769111480886,empirical,0.35343215271990575,0.1516815184881245,-0.027107150292289717,0.0005501483662685698,0.08125677669439871,0.08364874965855776
T-L,AN,mc_learned_baseline,False,45,8,13888,2048,2048,8192,0,1600,6944,27776,262144,0.5203125000000001,0.5613,0.5749266514546728,0.02871145290807453,0.0003600532977648892,public_state_tabular_independent_mc,0,0.5365671803655376,0.3973310000728816,True,accepted_return_check_disabled,0.1,1,3.278414188723388e-09,-0.07299987364717529,100,5.0,0.07896609981465952,empirical,0.36505661325037164,0.15246694211377837,0.018132356618121404,0.0003887198440854043,0.07318246155617332,0.08131341271857855
T-L,AN,mc_learned_baseline,False,45,9,15624,2304,2304,9216,0,1800,7812,31248,262144,0.57234375,0.5774999999999999,0.6039239092113219,0.028997257756649075,0.00038748846710817296,public_state_tabular_independent_mc,0,0.5230979663703453,0.4402871000347659,True,accepted_return_check_disabled,0.1,1,1.6795176392698363e-09,-0.07906590528397507,100,5.0,0.0770008298761221,empirical,0.34848074982785426,0.14663503123410948,-0.0060514159457987216,0.0013169138830479783,0.07919774576522201,0.07757065086210488
T-L,AN,mc_learned_baseline,False,45,10,17360,2560,2560,10240,0,2000,8680,34720,262144,0.6302343750000001,0.5643,0.6308458288099392,0.02692191959861734,0.00034987791175578617,public_state_tabular_independent_mc,0,0.5105079337428774,0.48532029998023063,True,accepted_return_check_disabled,0.1,1,1.0929085746179235e-09,-0.07241929559430474,100,5.0,0.058159725834076595,empirical,0.311799332084986,0.12430690139814563,0.01211121142994609,0.0013998163972753518,0.07171120875756282,0.07424751959265347
T-L,AN,mc_learned_baseline,False,45,11,19096,2816,2816,11264,0,2200,9548,38192,262144,0.6583593750000001,0.6819000000000002,0.6553369652917018,0.0244911364817626,0.00030748218951822824,public_state_tabular_independent_mc,0,0.4978761211457884,0.5244183000177145,True,accepted_return_check_disabled,0.1,1,2.6193146100909388e-09,-0.06197075214579388,100,5.0,0.07795243410109653,empirical,0.30590923360188804,0.1296063267512199,0.0032957725599822574,0.0024271465853291847,0.062454628967147444,0.06979788994052742
T-L,AN,mc_learned_baseline,False,45,12,20832,3072,3072,12288,0,2400,10416,41664,262144,0.6159375,0.6476999999999999,0.6837979884933855,0.028461023201683644,0.00043558854191398167,public_state_tabular_independent_mc,0,0.4829711064565118,0.5610671000322327,True,accepted_return_check_disabled,0.1,1,3.5839051517035503e-09,-0.08912167861143926,100,5.0,0.06537219221141899,empirical,0.3334946978480626,0.13934142757891785,0.01345678451810084,0.0027283671413938235,0.08990761823838761,0.06608577039464869
T-L,AN,mc_learned_baseline,False,45,13,22568,3328,3328,13312,0,2600,11284,45136,262144,0.595078125,0.7239,0.7121854158536434,0.0283874273602579,0.00046162322462738747,public_state_tabular_independent_mc,0,0.4681298355704317,0.614821600029245,True,accepted_return_check_disabled,0.1,1,3.17066970847544e-09,-0.09536768096782156,100,5.0,0.058577003261008245,empirical,0.33022797587809477,0.13818960730749014,0.008460178956626319,0.0032708859993919206,0.09528732412697777,0.0610894017730953
T-L,AN,mc_learned_baseline,False,45,14,24304,3584,3584,14336,0,2800,12152,48608,262144,0.7319531250000001,0.7839,0.7327769948002307,0.020591578946587363,0.00026107217074068846,public_state_tabular_independent_mc,0,0.45679222180197454,0.6558044999837875,True,accepted_return_check_disabled,0.1,1,3.308015804326491e-09,-0.05293692469793647,100,5.0,0.06252022941640682,empirical,0.24244748701282445,0.1001575365268921,0.005783880149054288,0.00024933787784673446,0.05380180657190329,0.058967744879996724
T-L,AN,mc_learned_baseline,False,45,15,26040,3840,3840,15360,0,3000,13020,52080,262144,0.6827343750000001,0.8036999999999999,0.7511757219191297,0.018398727118899005,0.0002277368662391347,public_state_tabular_independent_mc,0,0.4461882885359185,0.6981138000264764,True,accepted_return_check_disabled,0.1,1,3.5524851759583836e-09,-0.05230867583609212,100,5.0,0.045860200345483534,empirical,0.24629600489967374,0.0981352021194419,0.023773558972293718,0.0013620618321148559,0.047171469522553126,0.053836374082975695
T-L,AN,mc_learned_baseline,False,45,16,27776,4096,4096,16384,0,3200,13888,55552,262144,0.7903125000000002,0.7878000000000001,0.7672435301186353,0.016067808199505595,0.0001873364617811104,public_state_tabular_independent_mc,0,0.43643684635118396,0.7455310000805184,True,accepted_return_check_disabled,0.1,1,1.675211813297487e-09,-0.038580451531671264,100,5.0,0.04751912102004382,empirical,0.18927114050576876,0.07856143477578359,0.006661421028120396,0.0020747749921551737,0.03870329805812267,0.04937035548645266
T-L,AN,mc_learned_baseline,False,45,17,29512,4352,4352,17408,0,3400,14756,59024,262144,0.8043750000000001,0.8181,0.7836365522616752,0.016393022143039837,0.00022050310236449133,public_state_tabular_independent_mc,0,0.4260591411974655,0.7835188000462949,True,accepted_return_check_disabled,0.1,1,2.6594205740113497e-09,-0.046624081676589796,100,5.0,0.04535488468088829,empirical,0.17515968514791533,0.07421104378039398,-0.01677276706758657,0.0032861057594776805,0.045473679780477824,0.044739334476087536
T-L,AN,mc_learned_baseline,False,45,18,31248,4608,4608,18432,0,3600,15624,62496,262144,0.7354687500000001,0.8775000000000002,0.7997388030554881,0.01610225079381289,0.00022026317863540684,public_state_tabular_independent_mc,0,0.41534361890218224,0.8217118000611663,True,accepted_return_check_disabled,0.1,1,1.7241921998250278e-09,-0.04924526030372205,100,5.0,0.03394058221810266,empirical,0.20448865795086746,0.08349756710905956,0.021459969008991164,0.0010911778255971972,0.04537677260510625,0.04324236983525229
T-L,AN,mc_learned_baseline,False,45,19,32984,4864,4864,19456,0,3800,16492,65968,262144,0.8062500000000001,0.8778,0.8143292410317573,0.014590437976269244,0.00019412037755656744,public_state_tabular_independent_mc,0,0.40516808881208033,0.86161030002404,True,accepted_return_check_disabled,0.1,1,2.1336926565867614e-09,-0.04074939831113642,100,5.0,0.04039174729840304,empirical,0.1569900485865971,0.06381172597719609,0.008719760786378483,0.0002980561703409447,0.0403100014897798,0.04035196591192404
T-L,AN,mc_learned_baseline,False,45,20,34720,5120,5120,20480,0,4000,17360,69440,262144,0.8437500000000002,0.8384999999999999,0.8254228869349625,0.011093645903205163,0.00013355757821233716,public_state_tabular_independent_mc,0,0.3970355837942606,0.9026409999933094,True,accepted_return_check_disabled,0.1,1,1.7869694412633673e-09,-0.027077394130717497,100,5.0,0.03515189546786566,empirical,0.13534272930859192,0.05463741062340136,0.021324720132244068,0.0037772849399306794,0.027658567122183897,0.03341847089699872
T-L,AN,mc_learned_baseline,False,45,21,36456,5376,5376,21504,0,4200,18228,72912,262144,0.7842187500000002,0.8600999999999999,0.8412532054786254,0.015830318543662902,0.00027536593701719513,public_state_tabular_independent_mc,0,0.3856004518509867,0.9449207000434399,True,accepted_return_check_disabled,0.1,1,3.1815796285675303e-09,-0.05798369902704743,100,5.0,0.034191483030958904,empirical,0.1858626105860674,0.07457728745298582,0.010668726174484222,0.003242186591164058,0.05783772970950511,0.031285541938412556
T-L,AN,mc_learned_baseline,False,45,22,38192,5632,5632,22528,0,4400,19096,76384,262144,0.9032812500000003,0.9189000000000002,0.8466590042158589,0.005405798737233569,3.7637931248999645e-05,public_state_tabular_independent_mc,0,0.38095444255348637,0.9838896000292152,True,accepted_return_check_disabled,0.1,1,1.7836170923479063e-10,-0.00758041300653795,100,5.0,0.025227489081496378,empirical,0.05843905435212916,0.02167166648168133,0.012424030323618829,0.008995379746170793,0.007637811289662863,0.021433526734206204
T-L,AN,mc_learned_baseline,False,45,23,39928,5888,5888,23552,0,4600,19964,79856,262144,0.8414062500000001,0.7863,0.8466590042158589,0.0,0.0,public_state_tabular_independent_mc,0,0.38095444255348637,1.0091834000777453,False,direction_rejected,0.0,0,,-0.04756779714210839,100,5.0,-0.0021005778738154707,empirical,0.11350233039107538,0.05126435426925088,0.006377775331812163,0.018049077718706563,0.04731117473033072,0.011122728879732945
T-L,AN,mc_learned_baseline,False,45,24,41664,6144,6144,24576,0,4800,20832,83328,262144,0.8388281250000001,0.8745,0.8611772593601258,0.014518255144266856,0.0002852247863358081,public_state_tabular_independent_mc,0,0.36966358734282145,1.0490561000769958,True,accepted_return_check_disabled,0.1,1,4.5847879331925176e-09,-0.05546515551840474,100,5.0,0.016850560258845126,empirical,0.14792760328089521,0.05913207808886335,-0.001995762264917156,0.006728874894988217,0.05967205350652165,0.022442931703451283
T-L,AN,mc_learned_baseline,False,45,25,43400,6400,6400,25600,0,5000,21700,86800,262144,0.8753906250000001,0.8916,0.8675831499627386,0.006405890602612763,6.325076557475186e-05,public_state_tabular_independent_mc,0,0.36383760673983323,1.0891596000874415,True,accepted_return_check_disabled,0.1,1,1.1456842403256846e-09,-0.013302474484842779,100,5.0,0.02252863784418107,empirical,0.07322484244271892,0.027827946868219204,0.019419544495261176,0.0033426728412758117,0.012915676083480798,0.021927523740528317
T-L,AN,mc_learned_baseline,False,45,26,45136,6656,6656,26624,0,5200,22568,90272,262144,0.8385937500000002,0.8597999999999999,0.880241177991621,0.012658028028882495,0.00028423953904983053,public_state_tabular_independent_mc,0,0.35330614294112256,1.130469600087963,True,accepted_return_check_disabled,0.1,1,5.055988953256786e-09,-0.06220151017311329,100,5.0,0.005761531794237058,empirical,0.13408479954093447,0.05583217724831655,0.0038103900011348113,0.011784458895562523,0.061177194526404854,0.011927836846775203
T-L,AN,mc_learned_baseline,False,45,27,46872,6912,6912,27648,0,5400,23436,93744,262144,0.8852343750000002,0.8808,0.8882727453710194,0.008031567379398363,0.000122319884476395,public_state_tabular_independent_mc,0,0.3463068672166726,1.1722945000510663,True,accepted_return_check_disabled,0.1,1,5.892696706753829e-10,-0.025083367216442554,100,5.0,0.0352538802490771,empirical,0.09233380499945745,0.03695023132738663,-0.009793640762362665,0.0007456872222460991,0.0254814351285449,0.019472469805079794
T-L,AN,mc_learned_baseline,False,45,28,48608,7168,7168,28672,0,5600,24304,97216,262144,0.9215625000000002,0.8978999999999999,0.8915177751245307,0.0032450297535112638,3.5152091852709674e-05,public_state_tabular_independent_mc,0,0.3425757806703952,1.2082638000138104,True,accepted_return_check_disabled,0.1,1,5.098840449577778e-10,-0.007316274824450877,100,5.0,0.011358311207367557,empirical,0.03275905822249484,0.011535964178676208,0.0034940371247026425,0.007594234505316097,0.007192260574129199,0.010358769713319949
T-L,AN,mc_learned_baseline,False,45,29,50344,7424,7424,29696,0,5800,25172,100688,262144,0.9058593750000001,0.9036000000000002,0.8980518395176806,0.006534064393149963,9.315795997351411e-05,public_state_tabular_independent_mc,0,0.33606890975074344,1.2541984000708908,True,accepted_return_check_disabled,0.1,1,8.375628623233426e-10,-0.019105344626260477,100,5.0,0.0036784890241951954,empirical,0.07311843839858898,0.029490403714900672,-0.028402851472244972,0.00036942045444633914,0.019230204910949938,0.016942632046539594
T-L,AN,mc_learned_baseline,False,45,30,52080,7680,7680,30720,0,6000,26040,104160,262144,0.9009375000000002,0.8862000000000001,0.9035106428016246,0.0054588032839439915,8.66762696402589e-05,public_state_tabular_independent_mc,0,0.33015574928266034,1.2978014000691473,True,accepted_return_check_disabled,0.1,1,4.864776125360655e-10,-0.018115431389809273,100,5.0,0.014907998805364475,empirical,0.055744348875944275,0.021019427226911157,0.010433336635067736,0.003410901581709357,0.018132910908599774,0.012211687056449351
T-L,AN,mc_learned_baseline,False,45,31,53816,7936,7936,31744,0,6200,26908,107632,262144,0.8828906250000002,0.9272999999999999,0.9116370214348538,0.008126378633229181,0.0001888246897980444,public_state_tabular_independent_mc,0,0.322166733867277,1.3389968000119552,True,accepted_return_check_disabled,0.1,1,1.7965588395136232e-09,-0.03939714063862918,100,5.0,0.010040465028644259,empirical,0.09364887796755975,0.035282039915166305,0.009848519586178162,0.007595734476727706,0.04041674416257796,0.006719895740694239
T-L,AN,mc_learned_baseline,False,45,32,55552,8192,8192,32768,0,6400,27776,111104,262144,0.9079687500000002,0.8832,0.9167347064037413,0.005097684968887517,8.397577944909288e-05,public_state_tabular_independent_mc,0,0.31667426595245446,1.3875003000721335,True,accepted_return_check_disabled,0.1,1,7.28375771554856e-10,-0.017530956975086297,100,5.0,0.025665739973658754,empirical,0.05931249925955083,0.021880734668129776,0.009729698015875865,0.0009111131077324129,0.0176336242267522,0.011060963750614841
T-L,AN,mc_learned_baseline,False,45,33,57288,8448,8448,33792,0,6600,28644,114576,262144,0.9103125000000002,0.9362999999999999,0.9218495334047729,0.005114827001031608,9.898942479912335e-05,public_state_tabular_independent_mc,0,0.3109672312639672,1.430242900038138,True,accepted_return_check_disabled,0.1,1,1.3628011768536376e-09,-0.020770902744659814,100,5.0,0.009831431909115368,empirical,0.05854579298231338,0.021217191784278118,0.005115623354018162,0.002397562981126874,0.020958427168246918,0.00819136545940637
T-L,AN,mc_learned_baseline,False,45,34,59024,8704,8704,34816,0,6800,29512,118048,262144,0.9213281250000003,0.948,0.9238925298667526,0.002042996461979696,2.4338042942792913e-05,public_state_tabular_independent_mc,0,0.3080904555523598,1.4715252000605687,True,accepted_return_check_disabled,0.1,1,1.0881246724909817e-10,-0.005182272678781037,100,5.0,0.005359659061768942,empirical,0.024384252929687506,0.0055841398823947685,0.04607747350482361,0.0030984165373850606,0.004952771613764999,0.006101520656763101
T-L,AN,mc_learned_baseline,False,45,35,60760,8960,8960,35840,0,7000,30380,121520,262144,0.8866406250000001,0.9066,0.9279689153789243,0.00407638551217171,7.103896102864148e-05,public_state_tabular_independent_mc,0,0.30299472471611394,1.5118031000019982,True,accepted_return_check_disabled,0.1,1,4.811795617103131e-10,-0.016032666117158666,100,5.0,0.003060991616324829,empirical,0.04992106933593752,0.01621703544962347,0.03144119743161555,0.0008659021541869512,0.014870051356367625,0.00798651168602495
T-L,AN,mc_learned_baseline,False,45,36,62496,9216,9216,36864,0,7200,31248,124992,262144,0.9515625000000002,0.9159,0.928976711929915,0.0010077965509907028,1.1661605318357097e-05,public_state_tabular_independent_mc,0,0.30111651565405567,1.5551430999767035,True,accepted_return_check_disabled,0.1,1,1.9549117453545465e-10,-0.00237400358640219,100,5.0,0.0029057806708212754,empirical,0.011984731567382815,0.0012306813352162224,-0.01807837932036027,0.004914419454171237,0.0023574068888956834,0.002961846978894524
T-L,AN,mc_learned_baseline,False,45,37,64232,9472,9472,37888,0,7400,32116,128464,262144,0.9194531250000002,0.9213000000000001,0.933418319237292,0.004441607307376971,0.00010382661209533358,public_state_tabular_independent_mc,0,0.2953428673811869,1.5997591000050306,True,accepted_return_check_disabled,0.1,1,7.740424754527189e-10,-0.021800500073344702,100,5.0,0.005604149189561661,empirical,0.047602688370170315,0.015757075365218837,0.017329787055212376,0.00457580148355328,0.022141622727181936,0.003296121728225687
T-L,AN,mc_learned_baseline,False,45,38,65968,9728,9728,38912,0,7600,32984,131936,262144,0.9375000000000002,0.9336,0.9344827757498958,0.0010644565126037842,1.4291831921815657e-05,public_state_tabular_independent_mc,0,0.2932771865234889,1.6504215000895783,True,accepted_return_check_disabled,0.1,1,1.0526500441176745e-11,-0.0028714581005092684,100,5.0,0.002961525659001758,empirical,0.010820970926167057,0.0001854998816351877,0.06456967331031582,0.004089058545095864,0.0028676662296446102,0.002730110091327425
T-L,AN,mc_learned_baseline,False,45,39,67704,9984,9984,39936,0,7800,33852,135408,262144,0.9468750000000001,0.9275999999999999,0.9354637271436994,0.0009809513938036085,1.1896340325508725e-05,public_state_tabular_independent_mc,0,0.2913738987601094,1.694661800051108,True,accepted_return_check_disabled,0.1,1,3.724259791795912e-10,-0.002439867402115953,100,5.0,0.0023803660516158614,empirical,0.010364635258302137,9.496225634699801e-05,0.04642083048611301,0.004061963249161515,0.0024132210417500744,0.0027753220778191233
T-L,AN,mc_learned_baseline,False,45,40,69440,10240,10240,40960,0,8000,34720,138880,262144,0.9356250000000002,0.9213000000000001,0.9354637271436994,0.0,0.0,public_state_tabular_independent_mc,0,0.2913738987601094,1.7156774000031874,False,direction_rejected,0.0,0,,-0.01140042532430963,100,5.0,-0.002018178047754035,empirical,0.03468622068810674,0.010855285301060228,0.005764611868113834,0.0010992557981727475,0.011579734319015936,0.005750850028396804
T-L,AN,mc_learned_baseline,False,45,41,71176,10496,10496,41984,0,8200,35588,142352,262144,0.9285937500000001,0.9630000000000001,0.9386778711804646,0.003214144036765232,5.778988221895804e-05,public_state_tabular_independent_mc,0,0.2869314409287486,1.7552851000800729,True,accepted_return_check_disabled,0.1,1,6.015661067581161e-10,-0.01207690834362847,100,5.0,0.0009491050651991385,empirical,0.034521546140423756,0.01055014910490131,0.019005179671610417,0.000940459386641568,0.012079923479276337,0.0059096464399279805
T-L,AN,mc_learned_baseline,False,45,42,72912,10752,10752,43008,0,8400,36456,145824,262144,0.9445312500000002,0.945,0.9397996772976513,0.0011218061171867078,1.528535021656671e-05,public_state_tabular_independent_mc,0,0.28473712763354286,1.7947835000231862,True,accepted_return_check_disabled,0.1,1,3.968688366066578e-10,-0.0030107168271961745,100,5.0,0.002272256154566962,empirical,0.011012391493055555,0.0005958236118923171,0.035153119662258536,0.003302838732260398,0.0030368941073998174,0.0028414385473147473
T-L,AN,mc_learned_baseline,False,45,43,74648,11008,11008,44032,0,8600,37324,149296,262144,0.9424218750000002,0.9630000000000001,0.9397996772976513,0.0,0.0,public_state_tabular_independent_mc,0,0.28473712763354286,1.8173329000128433,False,direction_rejected,0.0,0,,-0.009200128099630108,100,5.0,-0.00022220948873550661,empirical,0.02371188964843751,0.005398242375605421,0.023239590600043325,0.0032642207200184745,0.009277611044283486,0.002892485935305585
T-L,AN,mc_learned_baseline,False,45,44,76384,11264,11264,45056,0,8800,38192,152768,262144,0.9379687500000002,0.9423,0.9397996772976513,0.0,0.0,public_state_tabular_independent_mc,0,0.28473712763354286,1.841048700036481,False,direction_rejected,0.0,0,,-0.014351633413285405,100,5.0,-0.003255844083966573,empirical,0.03426319562423328,0.010586838362131482,0.012173099290090472,0.0024528701799062984,0.014630984149449452,0.0037038364754177627
T-L,AN,mc_learned_baseline,False,45,45,78120,11520,11520,46080,0,9000,39060,156240,262144,0.9585937500000001,0.9242999999999999,0.9408132356615964,0.0010135583639450108,1.2225719078002204e-05,public_state_tabular_independent_mc,0,0.2827507589160964,1.8833738000830635,True,accepted_return_check_disabled,0.1,1,3.74403055813527e-10,-0.002507316806027217,100,5.0,0.003383399568819622,empirical,0.01157148250118686,0.0013220915688898268,0.027475831274243356,0.0032713535404546266,0.0024800541665411352,0.002885353114869433
T-L,AN,mc_learned_baseline,False,45,46,79856,11776,11776,47104,0,9200,39928,159712,262144,0.9309375000000002,0.9273,0.9440543978357446,0.003241162174148271,6.829648080457588e-05,public_state_tabular_independent_mc,0,0.2781058234087413,1.927323800045997,True,accepted_return_check_disabled,0.1,1,5.034370482473535e-10,-0.014543387861460493,100,5.0,0.0033107899499790535,empirical,0.03468707592017051,0.01064073203429237,0.014732713607451209,0.0022477890610138546,0.014481728038760704,0.003918484566861764
T-L,AN,mc_learned_baseline,False,45,47,81592,12032,12032,48128,0,9400,40796,163184,262144,0.9703125000000002,0.9573,0.9449082862152293,0.0008538883794846353,9.103254205169575e-06,public_state_tabular_independent_mc,0,0.27639555656606524,1.9686874999897555,True,accepted_return_check_disabled,0.1,1,3.194294474850342e-11,-0.001809775798105043,100,5.0,0.002820519654472715,empirical,0.008912658691406252,4.351259925601668e-05,0.017008071627212518,0.0027977991695444376,0.001819019950540985,0.002667987811904267
T-L,AN,mc_learned_baseline,False,45,48,83328,12288,12288,49152,0,9600,41664,166656,262144,0.9424218750000002,0.9483,0.9470100696379191,0.0021017834226898513,4.3336901552021046e-05,public_state_tabular_independent_mc,0,0.2729955517837066,2.0144438000861555,True,accepted_return_check_disabled,0.1,1,5.513217027301079e-10,-0.009243385892849253,100,5.0,0.0024916110941059946,empirical,0.021039214061053767,0.005436773957067684,0.022031005417656457,0.0029325391628012938,0.009258148230442194,0.002549429916961457
T-L,AN,mc_learned_baseline,False,45,49,85064,12544,12544,50176,0,9800,42532,170128,262144,0.9656250000000002,0.9420000000000002,0.9481016921059976,0.0010916224680784792,1.385877224904335e-05,public_state_tabular_independent_mc,0,0.270821482426251,2.056902499985881,True,accepted_return_check_disabled,0.1,1,1.440266913180576e-10,-0.0027527715395533063,100,5.0,0.0025143376099339265,empirical,0.01065532263575188,0.0008721128737661938,0.0028249114931307995,0.0022032862734680195,0.0027645881237388383,0.0029724450918285
T-L,AN,mc_learned_baseline,False,45,50,86800,12800,12800,51200,0,10000,43400,173600,262144,0.9375000000000002,0.963,0.9491697906105424,0.0010680985045448121,1.3112176528197207e-05,public_state_tabular_independent_mc,0,0.26869008408980577,2.0991354000288993,True,accepted_return_check_disabled,0.1,1,5.733748302390101e-12,-0.002632517086394088,100,5.0,0.002424607344219885,empirical,0.011748906900478494,0.0007923805888219146,-0.015225281874963859,0.0021883741491864166,0.0026296968523564163,0.0029943135107475633
T-L,AN,mc_learned_baseline,False,45,51,88536,13056,13056,52224,0,10200,44268,177072,262144,0.9517968750000002,0.9632999999999999,0.9510936027739939,0.0019238121634514993,4.6911608264527266e-05,public_state_tabular_independent_mc,0,0.26552508160689675,2.1385594999883324,True,accepted_return_check_disabled,0.1,1,8.471408510499812e-10,-0.010397486846711788,100,5.0,0.0025407036417801052,empirical,0.020617041015625007,0.005583752041327361,0.016966444607573794,0.00434315652675412,0.010197306766684757,0.0008437995686530614
T-L,AN,mc_learned_baseline,False,45,52,90272,13312,13312,53248,0,10400,45136,180544,262144,0.9398437500000002,0.963,0.95222676499262,0.001133162218626138,1.5083792501736796e-05,public_state_tabular_independent_mc,0,0.26322790671371277,2.179422300076112,True,accepted_return_check_disabled,0.1,1,2.7255034972653234e-10,-0.0029732326685412,100,5.0,0.002896718898132804,empirical,0.01053424576739876,0.0002678007918497405,0.07588333797020241,0.0019461641949860833,0.0030034077974596344,0.002946058340877648
T-L,AN,mc_learned_baseline,False,45,53,92008,13568,13568,54272,0,10600,46004,184016,262144,0.9424218750000002,0.9630000000000001,0.9545303153956533,0.0023035504030332055,5.565715783859524e-05,public_state_tabular_independent_mc,0,0.2593863066782931,2.219247200060636,True,accepted_return_check_disabled,0.1,1,1.173593388077077e-09,-0.012204331408785924,100,5.0,0.0036188485770214506,empirical,0.023841528320312506,0.005366184096579419,0.022527788216073708,0.003693012490046697,0.011792509703657085,0.0012105414712892514
T-L,AN,mc_learned_baseline,False,45,54,93744,13824,13824,55296,0,10800,46872,187488,262144,0.9539062500000002,0.9660000000000001,0.9556053320721446,0.0010750166764913471,1.3716451908312644e-05,public_state_tabular_independent_mc,0,0.2571772869360855,2.3246322000632063,True,accepted_return_check_disabled,0.1,1,3.665580032010467e-10,-0.002701265027147055,100,5.0,0.002861541688281208,empirical,0.009895935058593753,0.00021068454962898915,0.046641157090727026,0.0016340996547601647,0.002725530940142492,0.0029116481688293326
T-L,AN,mc_learned_baseline,False,45,55,95480,14080,14080,56320,0,11000,47740,190960,262144,0.9679687500000003,0.9660000000000002,0.9566924499856643,0.0010871179135196751,1.3875345500762836e-05,public_state_tabular_independent_mc,0,0.2549373078981654,2.3782540999818593,True,accepted_return_check_disabled,0.1,1,4.1614031366190573e-10,-0.00272720654128964,100,5.0,0.0025821776002373452,empirical,0.009007373876861614,9.73282710498689e-05,0.021933220529397168,0.0016120843816182916,0.0027557644201103852,0.0029458403516804065
T-L,AN,mc_learned_baseline,False,45,56,97216,14336,14336,57344,0,11200,48608,194432,262144,0.9682031250000003,0.9363000000000001,0.9566924499856643,0.0,0.0,public_state_tabular_independent_mc,0,0.2549373078981654,2.401738899992779,False,direction_rejected,0.0,0,,-0.01789866297824569,100,5.0,-0.008692158834838783,empirical,0.022285864257812503,0.005610760077939914,0.00523637020234502,0.012070992168666243,0.021040814549001807,-0.007502892833012864
T-L,AN,mc_learned_baseline,False,45,57,98952,14592,14592,58368,0,11400,49476,197904,262144,0.9567187500000003,0.9420000000000001,0.9566924499856643,0.0,0.0,public_state_tabular_independent_mc,0,0.2549373078981654,2.426317000063136,False,direction_rejected,0.0,0,,-0.027568375171611488,100,5.0,-0.009735562748050482,empirical,0.03347267796162141,0.010682852933370856,0.000827468364900219,0.01555851156025681,0.029425612738577855,-0.010990412224603435
T-L,AN,mc_learned_baseline,False,45,58,100688,14848,14848,59392,0,11600,50344,201376,262144,0.9562500000000003,0.9419999999999998,0.9578154891434332,0.0011230391577689014,1.4728205484305439e-05,public_state_tabular_independent_mc,0,0.25261461467312585,2.4649067000718787,True,accepted_return_check_disabled,0.1,1,7.252861839613372e-11,-0.0029253701211875366,100,5.0,0.002730615470728618,empirical,0.00974582783814306,4.833843373610493e-05,0.04000544510742399,0.0016024831181706248,0.002945206001867277,0.002965616217482747
T-L,AN,mc_learned_baseline,False,45,59,102424,15104,15104,60416,0,11800,51212,204848,262144,0.9426562500000002,0.9632999999999999,0.9578154891434332,0.0,0.0,public_state_tabular_independent_mc,0,0.25261461467312585,2.4870289000682533,False,direction_rejected,0.0,0,,-0.04830982594923615,100,5.0,-0.022991616389016242,empirical,0.03170838623046876,0.010750041870022814,0.010837176464504772,0.027170267257965647,0.03870793467714466,-0.02259296642255263
T-L,AN,mc_learned_baseline,False,45,60,104160,15360,15360,61440,0,12000,52080,208320,262144,0.9632812500000002,0.9540000000000001,0.9589861919123761,0.0011707027689429328,1.600440717953353e-05,public_state_tabular_independent_mc,0,0.2501815666917331,2.5355159000027925,True,accepted_return_check_disabled,0.1,1,4.3096635376607897e-10,-0.0032823864713147155,100,5.0,0.002966295291145318,empirical,0.009247741699218753,1.854824170541359e-05,0.0351667595319588,0.0016195546067427308,0.0032486397138166722,0.002957746228670286
T-L,AN,mc_learned_baseline,False,45,61,105896,15616,15616,62464,0,12200,52948,211792,262144,0.9492187500000002,0.9603000000000002,0.9602936382889072,0.0013074463765311295,1.9867929975926292e-05,public_state_tabular_independent_mc,0,0.24745253130117403,2.574778400012292,True,accepted_return_check_disabled,0.1,1,5.303097939895345e-10,-0.003914602525216169,100,5.0,0.003094795529757949,empirical,0.010214538574218756,2.8072431781984273e-05,0.05211740341355375,0.001675949642328331,0.003952125631612886,0.002910456446621427
T-L,AN,mc_learned_baseline,False,45,62,107632,15872,15872,63488,0,12400,53816,215264,262144,0.9703125000000002,0.987,0.9613776255201864,0.0010839872312791154,1.3592908378639394e-05,public_state_tabular_independent_mc,0,0.24518033391764715,2.6123907000292093,True,accepted_return_check_disabled,0.1,1,3.0876985547882005e-10,-0.0026750246444327145,100,5.0,0.002293580947689742,empirical,0.008822021484375001,2.5392409824559936e-05,0.02204436003527077,0.0016082942966538253,0.0027039614933695964,0.002986575294452282
T-L,AN,mc_learned_baseline,False,45,63,109368,16128,16128,64512,0,12600,54684,218736,262144,0.9609375000000002,0.9690000000000001,0.9625314257593955,0.0011538002392091906,1.5089967344965715e-05,public_state_tabular_independent_mc,0,0.24276155027888066,2.6594350000377744,True,accepted_return_check_disabled,0.1,1,3.153746837751572e-10,-0.003086662122898307,100,5.0,0.002886653530376129,empirical,0.009718213229709206,0.00019456018296488733,0.006058053214000991,0.0015450623764188664,0.003059282833372977,0.003055459837395943
T-L,AN,mc_learned_baseline,False,45,64,111104,16384,16384,65536,0,12800,55552,222208,262144,0.9726562500000002,0.9510000000000001,0.9635566463380458,0.0010252205786502877,1.2078185220818628e-05,public_state_tabular_independent_mc,0,0.2405955008433999,2.708041900070384,True,accepted_return_check_disabled,0.1,1,1.8071847435215427e-10,-0.002393420966857293,100,5.0,0.0027480475885587018,empirical,0.008613281250000004,2.2167846173143865e-05,0.021090972161997845,0.001620825785558218,0.0024067654081034217,0.0029802670243407143
T-L,AN,mc_learned_baseline,False,45,65,112840,16640,16640,66560,0,13000,56420,225680,262144,0.9494531250000002,0.966,0.9635566463380458,0.0,0.0,public_state_tabular_independent_mc,0,0.2405955008433999,2.731318400008604,False,direction_rejected,0.0,0,,-0.016349567924851566,100,5.0,-0.007360450077663187,empirical,0.02335703125,0.005310430250564251,0.016863377097904086,0.006846630237277042,0.015157062479574686,-0.002242588374292828
T-L,AN,mc_learned_baseline,False,45,66,114576,16896,16896,67584,0,13200,57288,229152,262144,0.9843750000000002,0.9660000000000001,0.9644502420705712,0.000893595732525343,9.15246118895792e-06,public_state_tabular_independent_mc,0,0.23870090916692507,2.772017000010237,True,accepted_return_check_disabled,0.1,1,2.3182673390183264e-10,-0.0018734560142842538,100,5.0,0.002875256012419559,empirical,0.0077893066406249985,1.8415155060250063e-05,0.0014960629921260127,0.001723216479390034,0.0018556688255702432,0.0028808253835941786
T-L,AN,mc_learned_baseline,False,45,67,116312,17152,17152,68608,0,13400,58156,232624,262144,0.9611718750000002,0.9690000000000002,0.9665855400884132,0.002135298017842069,7.51741151796659e-05,public_state_tabular_independent_mc,0,0.23498398258190373,2.8124193000840023,True,accepted_return_check_disabled,0.1,1,1.3934028610934359e-09,-0.017070141452318464,100,5.0,0.003264079890944247,empirical,0.022740698242187506,0.005347402408008646,0.008981859008450055,0.008994275718976345,0.017150588413507886,-0.004388565617984164
T-L,AN,mc_learned_baseline,False,45,68,118048,17408,17408,69632,0,13600,59024,236096,262144,0.9890625000000002,0.9362999999999999,0.96750803410139,0.0009224940129767267,9.855626359168049e-06,public_state_tabular_independent_mc,0,0.23300613090016237,2.850809800089337,True,accepted_return_check_disabled,0.1,1,2.5456732183651165e-10,-0.002019614916621626,100,5.0,0.0032109597459599906,empirical,0.008181234063042529,0.0003039737013651949,-0.04506664534015736,0.0013424394136359987,0.0019989229713690553,0.002893082882140591
T-L,AN,mc_learned_baseline,False,45,69,119784,17664,17664,70656,0,13800,59892,239568,262144,0.9796875000000003,0.9546000000000001,0.9685832572512729,0.0010752231498829534,1.3322623795373444e-05,public_state_tabular_independent_mc,0,0.23069357160978968,2.8976536000845954,True,accepted_return_check_disabled,0.1,1,4.68008992140288e-12,-0.002665236736560225,100,5.0,0.0035084293087093103,empirical,0.008989062499999992,0.0005800505791699591,-0.0013612956190756087,0.0012361987730697467,0.002674078437585598,0.003000780425955204
T-L,AN,mc_learned_baseline,False,45,70,121520,17920,17920,71680,0,14000,60760,243040,262144,0.9775781250000002,0.9903,0.9685832572512729,0.0,0.0,public_state_tabular_independent_mc,0,0.23069357160978968,2.924389100051485,False,direction_rejected,0.0,0,,-0.0126678760261041,100,5.0,-0.00715433602653587,empirical,0.018820776367187503,0.005453418681291838,0.00113926130589026,0.005301124650805766,0.01206446573985923,-0.0010637694157434319
T-L,AN,mc_learned_baseline,False,45,71,123256,18176,18176,72704,0,14200,61628,246512,262144,0.9522656250000002,0.975,0.9685832572512729,0.0,0.0,public_state_tabular_independent_mc,0,0.23069357160978968,2.949090800015256,False,direction_rejected,0.0,0,,-0.07146173914533512,100,5.0,-0.0413671993479204,empirical,0.044567431640625016,0.016058613874294008,0.0011174304540958468,0.03905276920449306,0.0569101378298368,-0.03481541396943072
T-L,AN,mc_learned_baseline,False,45,72,124992,18432,18432,73728,0,14400,62496,249984,262144,0.9656250000000002,0.966,0.9697561908018633,0.0011729335505903382,1.6042211842491055e-05,public_state_tabular_independent_mc,0,0.2281535817866566,2.9923712000017986,True,accepted_return_check_disabled,0.1,1,3.535101128999016e-12,-0.003234587640198309,100,5.0,0.003155953478121481,empirical,0.009165344238281251,0.00017805297286555108,0.027797634520405845,0.0012665139568723937,0.003227472403756909,0.0029708412781899404
T-L,AN,mc_learned_baseline,False,45,73,126728,18688,18688,74752,0,14600,63364,253456,262144,0.9775781250000002,0.945,0.9697561908018633,0.0,0.0,public_state_tabular_independent_mc,0,0.2281535817866566,3.0178245999850333,False,direction_rejected,0.0,0,,-0.012413316174066907,100,5.0,-0.007318832958820881,empirical,0.018830664062500002,0.005350961512530539,-0.0010224139924659426,0.005376457881058845,0.011834673860598584,-0.001137726904950306
T-L,AN,mc_learned_baseline,False,45,74,128464,18944,18944,75776,0,14800,64232,256928,262144,0.9705468750000003,0.9810000000000001,0.9697561908018633,0.0,0.0,public_state_tabular_independent_mc,0,0.2281535817866566,3.044854099978693,False,direction_rejected,0.0,0,,-0.029957067779244336,100,5.0,-0.015518631178197217,empirical,0.022183691406249997,0.005339530634355565,-0.002549223076677043,0.01408399379947901,0.02196160477183758,-0.00984526282337047
T-L,AN,mc_learned_baseline,False,45,75,130200,19200,19200,76800,0,15000,65100,260400,262144,0.9703125000000001,0.9540000000000001,0.9709664215885305,0.0012102307866672657,1.7065252816484615e-05,public_state_tabular_independent_mc,0,0.22552062925377594,3.091327700065449,True,accepted_return_check_disabled,0.1,1,3.203792344457589e-10,-0.0033780846122568914,100,5.0,0.002243067294151994,empirical,0.008780822753906254,9.021085797472612e-06,0.024333582038933543,0.001274163393946287,0.0034013137212826707,0.002964567582162248
T-L,AN,mc_learned_baseline,False,45,76,131936,19456,19456,77824,0,15200,65968,263872,262144,0.9726562500000002,0.9630000000000001,0.9721012936042706,0.0011348720157400294,1.487075588303495e-05,public_state_tabular_independent_mc,0,0.22304469498201385,3.1379739000694826,True,accepted_return_check_disabled,0.1,1,1.7294306852896795e-10,-0.003031253236799275,100,5.0,0.002706620344596917,empirical,0.008869600852576223,0.00021244214212507757,-0.004557559619827067,0.0012323530064265523,0.003009508772285491,0.003006214288886773
T-L,AN,mc_learned_baseline,False,45,77,133672,19712,19712,78848,0,15400,66836,267344,262144,0.9796875000000003,0.9900000000000001,0.973150121993397,0.001048828389126455,1.2817569443428517e-05,public_state_tabular_independent_mc,0,0.22074198864381905,3.1799132000887766,True,accepted_return_check_disabled,0.1,1,3.560152321635056e-11,-0.0025887083704694614,100,5.0,0.0031373023526568805,empirical,0.008173828124999998,6.000561892521141e-05,0.006567654302559678,0.0012698233319853596,0.002584239189237887,0.002965077643031341
T-L,AN,mc_learned_baseline,False,45,78,135408,19968,19968,79872,0,15600,67704,270816,262144,0.9984375000000003,0.9603,0.973975995172258,0.0008258731788609586,7.94746934121079e-06,public_state_tabular_independent_mc,0,0.2189218499882672,3.2250656000105664,True,accepted_return_check_disabled,0.1,1,1.3338177227146418e-10,-0.0016203272473996155,100,5.0,0.0025617941481444013,empirical,0.006407775878906251,0.00019504699036138626,-0.00011910433539807919,0.0014637467362937113,0.001608615765861013,0.0027685537992739677
T-L,AN,mc_learned_baseline,False,45,79,137144,20224,20224,80896,0,15800,68572,274288,262144,0.9658593750000002,0.99,0.9761148921042845,0.0021388969320265128,6.416771342794308e-05,public_state_tabular_independent_mc,0,0.21500928092533567,3.2687463000183925,True,accepted_return_check_disabled,0.1,1,6.817527646765529e-10,-0.014174796357124781,100,5.0,0.007331084959896916,empirical,0.019659033203125002,0.005320456266867754,0.005914629553448125,0.0061541790247585364,0.014423908291970574,-0.0019247569734011528
T-L,AN,mc_learned_baseline,False,45,80,138880,20480,20480,81920,0,16000,69440,277760,262144,0.9960937500000002,0.9513000000000001,0.9770896921100541,0.0009748000057696604,1.1013089020282856e-05,public_state_tabular_independent_mc,0,0.2128457121645949,3.3178284000605345,True,accepted_return_check_disabled,0.1,1,3.270569413382277e-10,-0.002165828945689559,100,5.0,0.0033111619619463927,empirical,0.006965332031249995,4.0057558014102454e-05,-0.024462581905966063,0.0009870012859969088,0.0021885067449416277,0.002933377856455969
T-L,AN,mc_learned_baseline,False,45,81,140616,20736,20736,82944,0,16200,70308,281232,262144,0.9750000000000003,0.9660000000000001,0.9782887117949367,0.001199019684882563,1.6571646004325968e-05,public_state_tabular_independent_mc,0,0.21017687636097465,3.3693234000820667,True,accepted_return_check_disabled,0.1,1,4.1801579261524e-10,-0.003265196170286738,100,5.0,0.0029518891647164645,empirical,0.008690913792087408,0.00022606016608665345,-0.006147842336301945,0.0009041050828767864,0.003299571308545137,0.0030093970478857475
T-L,AN,mc_learned_baseline,False,45,82,142352,20992,20992,83968,0,16400,71176,284704,262144,0.9846093750000002,0.9693,0.9800209160183838,0.0017322042234471091,7.161720568176523e-05,public_state_tabular_independent_mc,0,0.20692833284625378,3.425680199987255,True,accepted_return_check_disabled,0.1,1,5.770780235112561e-11,-0.018002457010979304,100,5.0,0.011251525437761426,empirical,0.018251684570312503,0.005367179560961672,-0.0018508063958435628,0.01045426552149565,0.017278191080777546,-0.006552588843356228
T-L,AN,mc_learned_baseline,False,45,83,144088,21248,21248,84992,0,16600,72044,288176,262144,0.9843750000000002,0.981,0.9810858332717471,0.0010649172533633289,1.3115515225003545e-05,public_state_tabular_independent_mc,0,0.20453667295914763,3.4636492000427097,True,accepted_return_check_disabled,0.1,1,2.787988744814415e-10,-0.002685958655955365,100,5.0,0.003106159378442246,empirical,0.007823731131661172,9.889570443598022e-05,0.00592475681414506,0.0006378252113254112,0.002661099095523006,0.0029955401549867484
T-L,AN,mc_learned_baseline,False,45,84,145824,21504,21504,86016,0,16800,72912,291648,262144,0.9960937500000002,0.99,0.9820808753920024,0.0009950421202552517,1.1507277663010197e-05,public_state_tabular_independent_mc,0,0.2022911019507449,3.5041190000483766,True,accepted_return_check_disabled,0.1,1,1.4749102161446475e-11,-0.0023184596105047185,100,5.0,0.0027059596165876602,empirical,0.006767578124999998,8.349078999901099e-06,-0.009564317737670969,0.0006720741302856496,0.0023179301149200237,0.002948666752662034
T-L,AN,mc_learned_baseline,False,45,85,147560,21760,21760,87040,0,17000,73780,295120,262144,0.9867187500000003,0.972,0.9832058109849091,0.0011249355929067173,1.4733568628299433e-05,public_state_tabular_independent_mc,0,0.19974133474399017,3.5448310000356287,True,accepted_return_check_disabled,0.1,1,2.841452696605362e-10,-0.002917207058545009,100,5.0,0.003326688056815401,empirical,0.007732207217618372,0.0001847212121214776,0.0017768631218962883,0.0006198268379136544,0.0029373572996813668,0.002988385399376147
T-L,AN,mc_learned_baseline,False,45,86,149296,22016,22016,88064,0,17200,74648,298592,262144,0.9773437500000002,0.9630000000000001,0.984441684188373,0.0012358732034638553,1.7893889433780387e-05,public_state_tabular_independent_mc,0,0.1969245702278004,3.5854700000490993,True,accepted_return_check_disabled,0.1,1,4.509811291079767e-10,-0.003674239014742735,100,5.0,0.0027992820622273454,empirical,0.008357849121093757,2.4252212173937115e-05,0.009405643386031337,0.0006547705558200831,0.003637863018534772,0.002937668360614758
T-L,AN,mc_learned_baseline,False,45,87,151032,22272,22272,89088,0,17400,75516,302064,262144,0.9773437500000002,1.014,0.9856668877067936,0.0012252035184205923,1.7676012920688582e-05,public_state_tabular_independent_mc,0,0.19411640522179424,3.6243232000852004,True,accepted_return_check_disabled,0.1,1,4.6186019281993813e-10,-0.0036312022827417554,100,5.0,0.0035007715867287907,empirical,0.008357849121093757,1.72345283031465e-05,0.009405643386031337,0.0006475632862413029,0.0035945035261335675,0.0029263097293520993
T-L,AN,mc_learned_baseline,False,45,88,152768,22528,22528,90112,0,17600,76384,305536,262144,0.9843750000000002,0.9930000000000001,0.9868048219488795,0.0011379342420859695,1.5326150640951416e-05,public_state_tabular_independent_mc,0,0.1914939849164591,3.6653145999880508,True,accepted_return_check_disabled,0.1,1,1.5350451755349847e-10,-0.003038251677653219,100,5.0,0.0027690779504171282,empirical,0.007759094238281252,0.00011419060930538706,0.0034448818897636624,0.0006132427657109143,0.0030642017321442163,0.002940657465302307
T-L,AN,mc_learned_baseline,False,45,89,154504,22784,22784,91136,0,17800,77252,309008,262144,0.9867187500000002,0.9870000000000002,0.9878970341432035,0.0010922121943239826,1.4195747453716858e-05,public_state_tabular_independent_mc,0,0.18896374429127272,3.7104174999985844,True,accepted_return_check_disabled,0.1,1,3.8611369464184785e-10,-0.0027984755921193765,100,5.0,0.0031122040916945586,empirical,0.0075585937499999985,9.656579376472564e-05,0.0012962025316455295,0.0006086756122682499,0.002826081902942925,0.0029252581949823883
T-L,AN,mc_learned_baseline,False,45,90,156240,23040,23040,92160,0,18000,78120,312480,262144,0.9679687500000003,0.987,0.9892435673000735,0.0013465331568699446,2.174016172403334e-05,public_state_tabular_independent_mc,0,0.18582597910760568,3.746404099976644,True,accepted_return_check_disabled,0.1,1,5.19595012076485e-10,-0.004294535343374204,100,5.0,0.0019631056896022812,empirical,0.009074707031250006,2.013841576307092e-05,0.020573741932272682,0.0007457916556323793,0.004337370103363284,0.002767688389957666
T-L,AN,mc_learned_baseline,False,45,91,157976,23296,23296,93184,0,18200,78988,315952,262144,0.9892968750000003,0.9960000000000001,0.9909152522429271,0.0016716849428536351,7.161428168416632e-05,public_state_tabular_independent_mc,0,0.18240995694127604,3.7847409000387415,True,accepted_return_check_disabled,0.1,1,4.3277944206635287e-10,-0.03451230927142915,100,5.0,0.0001886748534689047,empirical,0.020585180664062508,0.005330529741204707,-0.0007848094774665082,0.011124493700416974,0.017991229753898635,-0.007637897971070293
T-L,AN,mc_learned_baseline,False,45,92,159712,23552,23552,94208,0,18400,79856,319424,262144,1.0007812500000002,0.9990000000000001,0.9918752269479014,0.0009599747049743312,1.1392057466653002e-05,public_state_tabular_independent_mc,0,0.1801390233440382,3.8241075000260025,True,accepted_return_check_disabled,0.1,1,1.3289322884701642e-10,-0.002323934185509643,100,5.0,0.002701148242779492,empirical,0.006174316406250001,2.0852158560182633e-05,-0.00019778970010131403,0.0004478776957426734,0.002306859165799861,0.0027921990980507012
T-L,AN,mc_learned_baseline,False,45,93,161448,23808,23808,95232,0,18600,80724,322896,262144,1.0054687500000004,0.9900000000000001,0.9927461524077354,0.0008709254598340266,9.432836464037257e-06,public_state_tabular_independent_mc,0,0.17806916318238594,3.863500399980694,True,accepted_return_check_disabled,0.1,1,4.175716564596081e-11,-0.0018749428249795574,100,5.0,0.002909773942469481,empirical,0.005712890625000001,1.5294441750143636e-05,-0.0008572882899775536,0.00051114172949824,0.0018882409004768181,0.0027103829441529094
T-L,AN,mc_learned_baseline,False,45,94,163184,24064,24064,96256,0,18800,81592,326368,262144,0.9843750000000002,0.9840000000000001,0.9938928807411829,0.001146728333447422,1.648742142195355e-05,public_state_tabular_independent_mc,0,0.17532961622520002,3.9037152000237256,True,accepted_return_check_disabled,0.1,1,2.492629011014506e-10,-0.003373397474960913,100,5.0,0.0021745716826932627,empirical,0.0077151489257812535,0.00013974589737010898,0.0062795275590552535,0.00044696001980997223,0.003346216431025092,0.002756887674849624
T-L,AN,mc_learned_baseline,False,45,95,164920,24320,24320,97280,0,19000,82460,329840,262144,0.9960937500000002,0.993,0.994914008704016,0.001021127962833157,1.3179566183710154e-05,public_state_tabular_independent_mc,0,0.1728762164029708,3.943095800001174,True,accepted_return_check_disabled,0.1,1,2.480825916762881e-10,-0.00260276305220969,100,5.0,0.0026622193181139236,empirical,0.006632995605468752,1.4718596935974518e-06,0.0005747787101966217,0.00042173714623611235,0.0026292856544015875,0.00275761866920651
T-L,AN,mc_learned_baseline,False,45,96,166656,24576,24576,98304,0,19200,83328,333312,262144,0.9960937500000002,0.9930000000000001,0.9959682458277799,0.001054237123763846,1.4169478665684767e-05,public_state_tabular_independent_mc,0,0.17032925254636136,3.9885705000488088,True,accepted_return_check_disabled,0.1,1,1.2544036623695824e-10,-0.0028842860334156064,100,5.0,0.0028190928303724184,empirical,0.006657714843750002,2.6056314268746832e-05,-0.0012875043108406814,0.00042100575382700056,0.002869642830907405,0.0027353920309091733
T-L,AN,mc_learned_baseline,False,45,97,168392,24832,24832,99328,0,19400,84196,336784,262144,1.0007812500000002,1.002,0.9969001403906713,0.0009318945628914443,1.1162920410844357e-05,public_state_tabular_independent_mc,0,0.16806574522600637,4.02726960007567,True,accepted_return_check_disabled,0.1,1,2.2604442163601158e-11,-0.002237670212900574,100,5.0,0.0024128387625641096,empirical,0.006215515136718749,1.768112560452641e-05,-0.003535490889311488,0.0004413584726145267,0.0022393871127631263,0.002690180345198042
T-L,AN,mc_learned_baseline,False,45,98,170128,25088,25088,100352,0,19600,85064,340256,262144,0.9937500000000001,1.005,0.997947198419159,0.0010470580284877018,1.422617044622128e-05,public_state_tabular_independent_mc,0,0.16550863314847736,4.072142900084145,True,accepted_return_check_disabled,0.1,1,3.4955126959403684e-10,-0.002921635097677392,100,5.0,0.003053190236652509,empirical,0.006866455078125003,4.2144675218610816e-05,0.0006223328591746791,0.00042167212519641383,0.00289319528406853,0.0026869161370438187
T-L,AN,mc_learned_baseline,False,45,99,171864,25344,25344,101376,0,19800,85932,343728,262144,0.9867187500000002,0.9900000000000001,0.999173366788929,0.0012261683697699644,1.9736704079493132e-05,public_state_tabular_independent_mc,0,0.1624950038775536,4.115820000064559,True,accepted_return_check_disabled,0.1,1,2.8567698798218276e-11,-0.003951372759592383,100,5.0,0.0027959176084260276,empirical,0.007712402343750008,3.8168086953256665e-05,-0.00891139240506389,0.000546921754811962,0.003969805431836967,0.00253479461919668
T-L,AN,mc_learned_baseline,False,45,100,173600,25600,25600,102400,0,20000,86800,347200,262144,0.9820312500000002,0.99,1.0004230398658744,0.0012496730769454567,2.0763676092856665e-05,public_state_tabular_independent_mc,0,0.1594018617131281,4.159812500001863,True,accepted_return_check_disabled,0.1,1,3.197959447574046e-10,-0.004252147991702761,100,5.0,0.002884528027301636,empirical,0.008020019531250006,3.0453044631142123e-06,0.0016855977167810066,0.0006030495632752925,0.004221214722074062,0.00244572977280576
T-L,AN,mc_learned_baseline,False,45,101,175336,25856,25856,103424,0,20200,87668,350672,262144,1.0054687500000004,1.026,1.0013547796533797,0.0009317397875052702,1.1667010427530613e-05,public_state_tabular_independent_mc,0,0.1570809789612813,4.205467100022361,True,accepted_return_check_disabled,0.1,1,1.9332312162246998e-10,-0.002306412837871742,100,5.0,0.0019312861867066475,empirical,0.005756835937500006,0.00012196469780010292,-0.004715085594877655,0.000422780306439166,0.0023293039373073056,0.0025907924876130734
T-L,AN,mc_learned_baseline,False,45,102,177072,26112,26112,104448,0,20400,88536,354144,262144,1.021875,0.993,1.0019821029209846,0.0006273232676048401,5.329900801822212e-06,public_state_tabular_independent_mc,0,0.15551115258575368,4.24372700008098,True,accepted_return_check_disabled,0.1,1,1.4808877622646736e-10,-0.0010928070805708086,100,5.0,0.002245019329850044,empirical,0.004045715332031248,2.412384643601758e-06,0.002128482972136525,0.0007321376213040395,0.0010820704715021243,0.002254115897032407
T-L,AN,mc_learned_baseline,False,45,103,178808,26368,26368,105472,0,20600,89404,357616,262144,0.9984375000000002,1.02,1.0030163640492424,0.001034261128257885,1.4651477631942202e-05,public_state_tabular_independent_mc,0,0.15291004830142277,4.284096300019883,True,accepted_return_check_disabled,0.1,1,1.644768566947747e-12,-0.002960443680170023,100,5.0,0.0013570624379728564,empirical,0.006405029296875,1.2352683687868285e-05,9.528346831799706e-05,0.00042892638738848787,0.002954080486479428,0.0025384188088426337
T-L,AN,mc_learned_baseline,False,45,104,180544,26624,26624,106496,0,20800,90272,361088,262144,1.0031250000000003,1.0200000000000002,1.0039905290579485,0.0009741650087060627,1.3156902380373303e-05,public_state_tabular_independent_mc,0,0.15044502193044976,4.32246350008063,True,accepted_return_check_disabled,0.1,1,2.9277778263629335e-10,-0.00270115667416565,100,5.0,0.0023845424821418463,empirical,0.00593536376953125,6.912596955059124e-06,0.00017996709173206948,0.0004158251459101053,0.0026754644218663407,0.002519441622829868
T-L,AN,mc_learned_baseline,False,45,105,182280,26880,26880,107520,0,21000,91140,364560,262144,0.9937500000000002,0.9990000000000001,1.0051308703187245,0.001140341260776001,1.8287543752367337e-05,public_state_tabular_independent_mc,0,0.14754045375764058,4.3717179000377655,True,accepted_return_check_disabled,0.1,1,1.2283132652886217e-10,-0.003723140823364032,100,5.0,0.002190983115716686,empirical,0.007250976562500005,0.00013964703791986745,-0.027382645803698313,0.0005334736426029273,0.0037082103629456284,0.0023705488702717957
T-L,AN,mc_learned_baseline,False,45,106,184016,27136,27136,108544,0,21200,92008,368032,262144,0.9773437500000002,0.9993000000000001,1.0065436538538273,0.0014127835351027684,2.859256559477129e-05,public_state_tabular_independent_mc,0,0.14391258607530039,4.412269100081176,True,accepted_return_check_disabled,0.1,1,2.438759578183161e-10,-0.005842886502409889,100,5.0,0.0007497436461752424,empirical,0.00887695312500001,1.9689167501964617e-05,-0.021540196845380777,0.0011258992042405074,0.0058153316542155385,0.001740280221904973
T-L,AN,mc_learned_baseline,False,45,107,185752,27392,27392,109568,0,21400,92876,371504,262144,1.0127343750000004,1.0050000000000001,1.0065436538538273,0.0,0.0,public_state_tabular_independent_mc,0,0.14391258607530039,4.437095100060105,False,direction_rejected,0.0,0,,-0.027686290154162265,100,5.0,-0.013857641046172738,empirical,0.015485327148437504,0.005349588927952609,0.004768176834607618,0.011617854024432805,0.016433448722935645,-0.008800457315554264
T-L,AN,mc_learned_baseline,False,45,108,187488,27648,27648,110592,0,21600,93744,374976,262144,1.0125000000000002,1.0110000000000001,1.0073820460471836,0.0008383921933563521,1.0209925530960706e-05,public_state_tabular_independent_mc,0,0.14174386924581053,4.474501900025643,True,accepted_return_check_disabled,0.1,1,1.5906891918850692e-10,-0.002019509048455927,100,5.0,0.0026987569634905374,empirical,0.00492462158203125,3.856572545329147e-06,0.007597194881889813,0.0004261618866830247,0.002039303235720658,0.002391234822195516
T-L,AN,mc_learned_baseline,False,45,109,189224,27904,27904,111616,0,21800,94612,378448,262144,1.0007812500000002,1.008,1.0083867903304178,0.0010047442832341602,1.4878087065440853e-05,public_state_tabular_independent_mc,0,0.1391288615482611,4.5146077000536025,True,accepted_return_check_disabled,0.1,1,3.5687945440419107e-10,-0.0029411881812190324,100,5.0,0.0018854018473700635,empirical,0.0061962890625000015,0.0001112372068304261,-0.0019778970010138064,0.0004433825816486585,0.0029703925188353207,0.0023440715074668356
T-L,AN,mc_learned_baseline,False,45,110,190960,28160,28160,112640,0,22000,95480,381920,262144,1.0171875000000001,1.0230000000000001,1.0091177486083618,0.0007309582779440049,7.97287512923238e-06,public_state_tabular_independent_mc,0,0.13721521989309549,4.551129800034687,True,accepted_return_check_disabled,0.1,1,8.227787533242668e-11,-0.0016262668971575049,100,5.0,0.002159136107834033,empirical,0.0044082641601562505,1.0804773203708822e-06,0.013795700397097321,0.00047688710838451306,0.0016146491621726114,0.0022737085325553346
T-L,AN,mc_learned_baseline,False,45,111,192696,28416,28416,113664,0,22200,96348,385392,262144,1.01015625,1.02,1.009991704551517,0.0008739559431552024,1.155375319619042e-05,public_state_tabular_independent_mc,0,0.13491451999219697,4.587871600058861,True,accepted_return_check_disabled,0.1,1,2.1035153998791576e-10,-0.0023687365032696852,100,5.0,0.0014792676738170259,empirical,0.005193786621093752,1.1191448754669235e-05,0.0038962941262628004,0.00040922463300861403,0.0023479377196198733,0.0023138884863852928
T-L,AN,mc_learned_baseline,False,45,112,194432,28672,28672,114688,0,22400,97216,388864,262144,1.0031250000000003,1.0050000000000001,1.011004397573584,0.0010126930220670793,1.5771511187680858e-05,public_state_tabular_independent_mc,0,0.13223087042898912,4.627526600030251,True,accepted_return_check_disabled,0.1,1,8.628163003000456e-11,-0.003207797841436334,100,5.0,0.0022970067650421875,empirical,0.0059765625000000044,1.8079445707146188e-06,-0.0032908268202387347,0.00048559762716235665,0.0031971044209697084,0.002203918330490564
T-L,AN,mc_learned_baseline,False,45,113,196168,28928,28928,115712,0,22600,98084,392336,262144,0.9916406250000003,1.0230000000000001,1.011004397573584,0.0,0.0,public_state_tabular_independent_mc,0,0.13223087042898912,4.651702900067903,False,direction_rejected,0.0,0,,-0.03115591126106125,100,5.0,-0.013329394396579177,empirical,0.017724340820312504,0.005310282051621725,-0.0001458346625560214,0.011859273757169988,0.01910044507400336,-0.009209693955908652
T-L,AN,mc_learned_baseline,False,45,114,197904,29184,29184,116736,0,22800,98952,395808,262144,1.0148437500000003,1.0053,1.0117996497321238,0.0007952521585397054,9.871935769884367e-06,public_state_tabular_independent_mc,0,0.1301097547684882,4.691818000050262,True,accepted_return_check_disabled,0.1,1,6.358237925362416e-11,-0.002006234415605732,100,5.0,0.0028849517261801275,empirical,0.004658203125000001,1.3395739334742724e-05,0.011402286935959238,0.00041471189767416206,0.001998539305447094,0.0022348679035871723
T-L,AN,mc_learned_baseline,False,45,115,199640,29440,29440,117760,0,23000,99820,399280,262144,1.0148437500000003,1.011,1.012591901314568,0.0007922515824443366,9.940244398841254e-06,public_state_tabular_independent_mc,0,0.12798435771023747,4.734352800063789,True,accepted_return_check_disabled,0.1,1,1.840428299821115e-10,-0.0020363407249133735,100,5.0,0.0021903516898450787,empirical,0.004699401855468754,6.399125987858155e-05,0.0070292507531340975,0.0004114394650661817,0.002019766036911713,0.00220602236833627
T-L,AN,mc_learned_baseline,False,45,116,201376,29696,29696,118784,0,23200,100688,402752,262144,1.0127343750000002,1.0200000000000002,1.012591901314568,0.0,0.0,public_state_tabular_independent_mc,0,0.12798435771023747,4.759950299980119,False,direction_rejected,0.0,0,,-0.02784500413151686,100,5.0,-0.013331575763619536,empirical,0.015475439453125003,0.005359151965082096,0.0073818441365408605,0.011723129958801745,0.01697237341887594,-0.009138326857148436
T-L,AN,mc_learned_baseline,False,45,117,203112,29952,29952,119808,0,23400,101556,406224,262144,1.0195312500000002,1.014,1.0132778722314588,0.0006859709168907102,7.552999808295604e-06,public_state_tabular_independent_mc,0,0.126133948629374,4.803109499975108,True,accepted_return_check_disabled,0.1,1,2.6055530721731293e-12,-0.001519731937960169,100,5.0,0.0023926056201134115,empirical,0.00411712646484375,1.4751326668601092e-06,0.02139095696386417,0.0004659297420356237,0.0015184189264522536,0.002118873359617682
T-L,AN,mc_learned_baseline,False,45,118,204848,30208,30208,120832,0,23600,102424,409696,262144,1.0265625000000003,0.99,1.013865245827115,0.0005873735956560822,5.60410204043163e-06,public_state_tabular_independent_mc,0,0.12454187073244993,4.852604000014253,True,accepted_return_check_disabled,0.1,1,1.4447076665862197e-10,-0.0011034263317384401,100,5.0,0.0021952279919651707,empirical,0.0033398437499999995,2.75008177801521e-06,0.03714949098053233,0.000574217688816415,0.0011155602258446664,0.001981774161227758
T-L,AN,mc_learned_baseline,False,45,119,206584,30464,30464,121856,0,23800,103292,413168,262144,0.9984375000000003,0.9930000000000001,1.0149880820014148,0.0011228361742998683,2.0888814063260853e-05,public_state_tabular_independent_mc,0,0.12147831554529465,4.895134599995799,True,accepted_return_check_disabled,0.1,1,1.8926103676821295e-10,-0.004163853007310122,100,5.0,0.0018247365061000269,empirical,0.006539611816406254,1.0185035852566222e-06,-0.010409718913768629,0.0007548662305236271,0.004197546279493848,0.0017760618765906896
T-L,AN,mc_learned_baseline,False,45,120,208320,30720,30720,122880,0,24000,104160,416640,262144,1.0171875000000001,0.9990000000000001,1.0157358637423808,0.0007477817409660137,9.430388255322387e-06,public_state_tabular_independent_mc,0,0.11942302514543189,4.941507400013506,True,accepted_return_check_disabled,0.1,1,2.5029191555262316e-10,-0.0019396724705020418,100,5.0,0.0020557519384960246,empirical,0.004658203125000008,0.0002999146363130632,-0.01424072299055279,0.0004079164652832289,0.0019198920545289648,0.0020740885677579925
T-L,AN,mc_learned_baseline,False,45,121,210056,30976,30976,123904,0,24200,105028,420112,262144,1.0148437500000003,1.02,1.016545492608084,0.000809628865703127,1.1247358001576417e-05,public_state_tabular_independent_mc,0,0.11718378767151374,4.981446300051175,True,accepted_return_check_disabled,0.1,1,1.9734543986558824e-10,-0.002234200969108018,100,5.0,0.0024857339424889584,empirical,0.004680175781250004,1.3177074551158354e-05,0.009070000971785674,0.00040914841227274277,0.0022489160992599042,0.002039538818583303
T-L,AN,mc_learned_baseline,False,45,122,211792,31232,31232,124928,0,24400,105896,423584,262144,1.0148437500000003,1.0200000000000002,1.017369767731506,0.0008242751234219803,1.187594552573876e-05,public_state_tabular_independent_mc,0,0.11488872678789938,5.028090700041503,True,accepted_return_check_disabled,0.1,1,2.174754254992056e-10,-0.00235187823103215,100,5.0,0.0016007484448650254,empirical,0.0046994018554687485,7.612597639460682e-05,0.007029250753134431,0.00041905495656800024,0.002375019295908392,0.001992895196958534
T-L,AN,mc_learned_baseline,False,45,123,213528,31488,31488,125952,0,24600,106764,427056,262144,1.0289062500000001,1.008,1.0179005479706627,0.0005307802391567584,4.995051142623222e-06,public_state_tabular_independent_mc,0,0.11340246975089277,5.0809089000103995,True,accepted_return_check_disabled,0.1,1,1.1559572066099216e-10,-0.0009842014826135805,100,5.0,0.00158710045947357,empirical,0.00295257568359375,1.705363926858259e-05,0.06456143749697318,0.0005682060572736838,0.000994973461501368,0.0018056336069945571
T-L,AN,mc_learned_baseline,False,45,124,215264,31744,31744,126976,0,24800,107632,430528,262144,1.0242187500000002,1.0050000000000001,1.0185264723086518,0.0006259243379891366,7.047144903593781e-06,public_state_tabular_independent_mc,0,0.11164115662928464,5.122352299978957,True,accepted_return_check_disabled,0.1,1,1.8377066028199693e-10,-0.0013919604036519402,100,5.0,0.001486308732398352,empirical,0.0035787963867187533,0.00010637492507090472,0.033862477722053974,0.0004467826636181634,0.0014044722284516867,0.0019021377476881331
T-L,AN,mc_learned_baseline,False,45,125,217000,32000,32000,128000,0,25000,108500,434000,262144,1.0195312500000002,1.02,1.0192346151977343,0.000708142889082497,9.174452523914559e-06,public_state_tabular_independent_mc,0,0.10963695693629932,5.16243420005776,True,accepted_return_check_disabled,0.1,1,4.7098103716802706e-11,-0.0018681199161851094,100,5.0,0.00285750687907703,empirical,0.0041748046875,7.160285473606869e-05,0.014526965680043968,0.0004027030016502208,0.0018577991428513462,0.0019164502412091827
T-L,AN,mc_learned_baseline,False,45,126,218736,32256,32256,129024,0,25200,109368,437472,262144,1.003359375,1.0230000000000001,1.0192346151977343,0.0,0.0,public_state_tabular_independent_mc,0,0.10963695693629932,5.183770700008608,False,direction_rejected,0.0,0,,-0.045748123416197814,100,5.0,-0.0019887657128531367,empirical,0.01955466308593751,0.005456503217916706,-0.0007048953313786299,0.0031742837389132526,0.007490384128823892,-0.0008893049591670405
T-L,AN,mc_learned_baseline,False,45,127,220472,32512,32512,130048,0,25400,110236,440944,262144,1.0265625000000003,1.0410000000000001,1.01979903034228,0.000564415144545638,5.918757536475727e-06,public_state_tabular_independent_mc,0,0.1080305673648388,5.224073100020178,True,accepted_return_check_disabled,0.1,1,3.074876714001682e-11,-0.0012036842954106799,100,5.0,0.0019387693256679131,empirical,0.0032409667968750005,1.9873263069014778e-05,0.05161636006429693,0.0004791898321878889,0.0011968141774152683,0.001805788947558323
T-L,AN,mc_learned_baseline,False,45,128,222208,32768,32768,131072,0,25600,111104,444416,262144,1.0078125000000002,1.0320000000000003,1.020787337450555,0.0009883071082750217,1.8569751483922888e-05,public_state_tabular_independent_mc,0,0.10519801564391476,5.2656532999826595,True,accepted_return_check_disabled,0.1,1,4.865871648905469e-11,-0.0037743374568251723,100,5.0,0.0012597058271462324,empirical,0.005770568847656253,8.022809530654974e-05,-0.027672076105204058,0.0007366190016983888,0.0037691360587207936,0.0015207434849672913
T-L,AN,mc_learned_baseline,False,45,129,223944,33024,33024,132096,0,25800,111972,447888,262144,1.0312500000000004,1.0290000000000001,1.0212585945609702,0.0004712571104152907,4.294052427221671e-06,public_state_tabular_independent_mc,0,0.10383829259639882,5.3179930000333115,True,accepted_return_check_disabled,0.1,1,1.2740897196875044e-10,-0.0008457932110474966,100,5.0,0.001590457719621391,empirical,0.00263946533203125,2.5112450173767343e-05,0.08426906779661103,0.0005771863281245273,0.0008542206655874755,0.001631011570640161
T-L,AN,mc_learned_baseline,False,45,130,225680,33280,33280,133120,0,26000,112840,451360,262144,1.0031250000000003,1.0290000000000001,1.0223331409785303,0.0010745464175601072,2.290700898993134e-05,public_state_tabular_independent_mc,0,0.10071524757573781,5.362029600073583,True,accepted_return_check_disabled,0.1,1,1.3527157879699502e-10,-0.004606943075360646,100,5.0,0.001568205190215561,empirical,0.005976562500000004,5.068255356714759e-05,-0.0032908268202382907,0.0010620824356858166,0.004619280171140187,0.001122310165901052
T-L,AN,mc_learned_baseline,False,45,131,227416,33536,33536,134144,0,26200,113708,454832,262144,1.0125000000000002,1.0230000000000001,1.023213042715675,0.0008799017371445839,1.5757865883067367e-05,public_state_tabular_independent_mc,0,0.09813504719092972,5.407253400073387,True,accepted_return_check_disabled,0.1,1,1.655846631317688e-10,-0.003139768669712597,100,5.0,0.000615574602013304,empirical,0.00498708818803331,6.074427054132769e-05,-0.004149601156701044,0.0006090550994322379,0.003166281990677931,0.0015201831426975444
T-L,AN,mc_learned_baseline,False,45,132,229152,33792,33792,135168,0,26400,114576,458304,262144,1.021875,1.0170000000000001,1.0238980946239014,0.0006850519082264306,9.795363744518914e-06,public_state_tabular_independent_mc,0,0.0961095128981883,5.447016500052996,True,accepted_return_check_disabled,0.1,1,4.433365311661088e-11,-0.0019551191804641826,100,5.0,0.001239575985788293,empirical,0.003847961425781254,1.1109086724961368e-05,0.02720588235294108,0.00040953799188937903,0.001968282374664715,0.0016733622496074717
T-L,AN,mc_learned_baseline,False,45,133,230888,34048,34048,136192,0,26600,115444,461776,262144,1.0125000000000002,1.0290000000000001,1.0247997091542924,0.0009016145303910594,1.7434310751856464e-05,public_state_tabular_independent_mc,0,0.09342199098276399,5.491188600077294,True,accepted_return_check_disabled,0.1,1,3.8031422618682293e-10,-0.0035965215514450546,100,5.0,0.0010629612836031707,empirical,0.005196533203125004,5.976335913467617e-05,-0.019808070866141447,0.0007624345125828071,0.003563121119602198,0.0012840341746411664
T-L,AN,mc_learned_baseline,False,45,134,232624,34304,34304,137216,0,26800,116312,465248,262144,1.0218750000000003,1.0290000000000001,1.0254856034025652,0.0006858942482728114,1.0347655356566078e-05,public_state_tabular_independent_mc,0,0.09136043080466752,5.529406700050458,True,accepted_return_check_disabled,0.1,1,2.3832569061663055e-10,-0.002129665653302549,100,5.0,0.0019706955163870925,empirical,0.003825988769531252,2.1623927806009792e-05,0.02999226006191902,0.00043246131017979686,0.0021097924606045676,0.0015653059393100706
T-L,AN,mc_learned_baseline,False,45,135,234360,34560,34560,138240,0,27000,117180,468720,262144,1.0195312500000004,1.044,1.0262298325002588,0.0007442290976935606,1.2497620644682802e-05,public_state_tabular_independent_mc,0,0.08910626116405494,5.586652500089258,True,accepted_return_check_disabled,0.1,1,1.8766029738467446e-10,-0.0024922093219545477,100,5.0,0.0013122935757662962,empirical,0.004130859375000004,9.018488897322964e-07,0.019756673324859086,0.0005076835768906157,0.0025067490666462735,0.0014524614544310348
T-L,AN,mc_learned_baseline,False,45,136,236096,34816,34816,139264,0,27200,118048,472192,262144,1.0289062500000004,1.0173,1.0267612988081762,0.0005314663079174498,6.512649974159622e-06,public_state_tabular_independent_mc,0,0.08748517218892211,5.679223700077273,True,accepted_return_check_disabled,0.1,1,1.3695395256566838e-10,-0.0013375545300018182,100,5.0,0.001467030416317018,empirical,0.0029525756835937517,2.0121790511316237e-05,0.06456143749697307,0.000403141767009878,0.0013250149292757015,0.0015156211228867882
T-L,AN,mc_learned_baseline,False,45,137,237832,35072,35072,140288,0,27400,118916,475664,262144,1.0359375000000002,1.0320000000000003,1.0271441299617299,0.00038283115355364217,3.433740488401211e-06,public_state_tabular_independent_mc,0,0.0863114353023955,5.737725300015882,True,accepted_return_check_disabled,0.1,1,9.891074102396425e-11,-0.0006760554988834366,100,5.0,0.001296773434598678,empirical,0.002079162597656249,7.610795013125088e-06,0.12365942976719868,0.0005521133804388414,0.0006833100551819809,0.0013367410014392457
T-L,AN,mc_learned_baseline,False,45,138,239568,35328,35328,141312,0,27600,119784,479136,262144,1.0289062500000004,1.0230000000000001,1.0276852761121953,0.0005411461504654103,6.992563825622456e-06,public_state_tabular_independent_mc,0,0.08464350876170114,5.781740700011142,True,accepted_return_check_disabled,0.1,1,1.8363829356330685e-11,-0.0014041186391778272,100,5.0,0.002030988616508988,empirical,0.0029663085937499984,2.1500421657437232e-05,0.06238194410810349,0.0003963724283662375,0.0014056736723370383,0.001470753734487318
T-L,AN,mc_learned_baseline,False,45,139,241304,35584,35584,142336,0,27800,120652,482608,262144,1.0244531250000004,1.0200000000000002,1.0276852761121953,0.0,0.0,public_state_tabular_independent_mc,0,0.08464350876170114,5.803967299987562,False,direction_rejected,0.0,0,,-0.02674502291122149,100,5.0,-0.01457437494398825,empirical,0.014083471679687501,0.005316896953701588,0.019011570802290434,0.012100520069922027,0.017274478630796928,-0.01026437071857986
T-L,AN,mc_learned_baseline,False,45,140,243040,35840,35840,143360,0,28000,121520,486080,262144,1.0406250000000004,1.0263,1.0279471401775409,0.00026186406534556284,1.659842325960276e-06,public_state_tabular_independent_mc,0,0.0838326106729551,5.842954899999313,True,accepted_return_check_disabled,0.1,1,2.2886902843812852e-11,-0.000328084222827262,100,5.0,0.0008622188096421928,empirical,0.0013870239257812484,1.2214486038682356e-05,0.225498624484183,0.0007860717362172432,0.00033086343066153257,0.0010500776151249247
T-L,AN,mc_learned_baseline,False,45,141,244776,36096,36096,144384,0,28200,122388,489552,262144,1.0289062500000004,1.0143,1.0284928142412624,0.000545674063721524,7.342704156174572e-06,public_state_tabular_independent_mc,0,0.08213475386998884,5.891297099995427,True,accepted_return_check_disabled,0.1,1,1.7903472653016614e-10,-0.001453564446590702,100,5.0,0.0015030935132627622,empirical,0.002944335937500001,4.084669922141661e-06,0.06586913353029522,0.00039531961005635015,0.0014667638069273364,0.0014257291916687938
T-L,AN,mc_learned_baseline,False,45,142,246512,36352,36352,145408,0,28400,123256,493024,262144,1.0382812500000003,1.0290000000000001,1.0287988481169559,0.00030603387569350105,2.3459350796619297e-06,public_state_tabular_independent_mc,0,0.0811776472507631,5.931032899999991,True,accepted_return_check_disabled,0.1,1,7.7553165034854e-11,-0.0004823353884242225,100,5.0,0.0012487163314220994,empirical,0.001700134277343749,8.673306694001619e-06,0.17556231905574993,0.0006350428155561278,0.0004770196041820207,0.0011543074390134868
T-L,AN,mc_learned_baseline,False,45,143,248248,36608,36608,146432,0,28600,124124,496496,262144,1.0289062500000004,1.0290000000000001,1.0293437226210735,0.000544874504117665,7.587305936271116e-06,public_state_tabular_independent_mc,0,0.07946466616113952,5.9815223000478,True,accepted_return_check_disabled,0.1,1,5.809691081244288e-11,-0.0015109257922954259,100,5.0,0.001316461445943063,empirical,0.0031640624999999976,0.00024600927982678744,0.030997239308374835,0.00039807948152835465,0.0015228527414528064,0.001373355889082227
T-L,AN,mc_learned_baseline,False,45,144,249984,36864,36864,147456,0,28800,124992,499968,262144,1.0265625000000003,1.038,1.0299387533780342,0.0005950307569606572,9.28127474678169e-06,public_state_tabular_independent_mc,0,0.07758061681049647,6.018966100062244,True,accepted_return_check_disabled,0.1,1,4.365926102304933e-11,-0.0018941641475386803,100,5.0,0.0013234277596579768,empirical,0.003243713378906253,2.1446335499459497e-06,0.05121450258974769,0.0004392107740938924,0.001883651935542544,0.0013000842266870417
T-L,AN,mc_learned_baseline,False,45,145,251720,37120,37120,148480,0,29000,125860,503440,262144,1.0335937500000003,1.0350000000000001,1.0303627077055317,0.00042395432749753326,4.814159415943936e-06,public_state_tabular_independent_mc,0,0.07622946889011718,6.060743400012143,True,accepted_return_check_disabled,0.1,1,1.2090312913419192e-12,-0.0009697578224904451,100,5.0,0.0012674349595144943,empirical,0.0023291015625,8.488610049309032e-07,0.10763381105586423,0.00041893215852729937,0.0009710843427987261,0.001284906929874527
T-L,AN,mc_learned_baseline,False,45,146,253456,37376,37376,149504,0,29200,126728,506912,262144,1.0242187500000002,1.0410000000000001,1.0310201115615054,0.0006574038559736817,1.1898207473050959e-05,public_state_tabular_independent_mc,0,0.07411939477221753,6.102942100027576,True,accepted_return_check_disabled,0.1,1,5.247833581275826e-11,-0.0024244899212833085,100,5.0,0.0012480288293695734,empirical,0.003603515625000003,1.0592604889925884e-05,0.030505243088655765,0.0005709948965855092,0.002418618396609831,0.001107354787282278
T-L,AN,mc_learned_baseline,False,45,147,255192,37632,37632,150528,0,29400,127596,510384,262144,1.0127343750000002,1.0263,1.0310201115615054,0.0,0.0,public_state_tabular_independent_mc,0,0.07411939477221753,6.1250696000643075,False,direction_rejected,0.0,0,,-0.02896373783495862,100,5.0,-0.016817222774325444,empirical,0.01544106010747877,0.005354178335595826,0.008027657848580838,0.012556791546689363,0.019425734557924637,-0.01091834110465732
T-L,AN,mc_learned_baseline,False,45,148,256928,37888,37888,151552,0,29600,128464,513856,262144,1.0382812500000003,1.0320000000000003,1.0313420346299247,0.000321923068419272,2.912288063602742e-06,public_state_tabular_independent_mc,0,0.0730793136280178,6.164475400000811,True,accepted_return_check_disabled,0.1,1,2.693860505519057e-11,-0.0005771733429009953,100,5.0,0.0009279314667981503,empirical,0.001713867187499999,1.2254373493032243e-06,0.17222180981367452,0.0005173503277027341,0.0005824110635024992,0.0011211001143293087
T-L,AN,mc_learned_baseline,False,45,149,258664,38144,38144,152576,0,29800,129332,517328,262144,1.0406250000000004,1.038,1.0316004721182055,0.00025843748828080493,1.9029295864938558e-06,public_state_tabular_independent_mc,0,0.07224102630327509,6.201600400032476,True,accepted_return_check_disabled,0.1,1,3.692526992422032e-11,-0.000388748419399826,100,5.0,0.0009512055090861439,empirical,0.001387023925781251,1.431729304667449e-06,0.22549862448418156,0.0006289011267467239,0.00038586406048866207,0.0009898451873208433
T-L,AN,mc_learned_baseline,False,45,150,260400,38400,38400,153600,0,30000,130200,520800,262144,1.0429687500000004,1.038,1.0318067883956077,0.0002063162774021965,1.2264391775592217e-06,public_state_tabular_independent_mc,0,0.0715696476398272,6.238651700085029,True,accepted_return_check_disabled,0.1,1,1.3058496033160678e-11,-0.0002429516982189123,100,5.0,0.0010554919472191033,empirical,0.0010986328124999993,1.8842127733999458e-06,0.2864450127877256,0.0007591033054057911,0.0002446592713870128,0.0008437457381470998
T-L,AN,mc_learned_baseline,False,45,151,262136,38656,38656,154624,0,30200,131068,524272,262144,1.0382812500000003,1.0350000000000001,1.0321242111376066,0.0003174227419988629,2.9455410501193233e-06,public_state_tabular_independent_mc,0,0.07053291581970035,6.2881463000085205,True,accepted_return_check_disabled,0.1,1,1.4863974301843854e-11,-0.0005968894495965381,100,5.0,0.0005282655716729158,empirical,0.0017001342773437511,1.02616425034808e-06,0.17556231905574993,0.0004964199597232758,0.0005954792817559055,0.0010936874799719778
T-L,SA,mc_learned_baseline,False,45,1,1736,256,256,1024,0,200,868,3472,262144,0.321796875,0.34680000000000005,0.3531923842302609,0.03417838423026087,0.0004592898075221928,public_state_tabular_independent_mc,0,0.6154545475645201,0.04890080005861819,True,accepted_return_check_disabled,0.1,1,6.510869213710528e-09,-0.09218246418906971,100,5.0,0.08396691811926452,empirical,0.430824551836283,0.17393501452686871,0.02217878325325251,0.0005777604424040334,0.09306924536502706,0.08816980029654334
T-L,SA,mc_learned_baseline,False,45,2,3472,512,512,2048,0,400,1736,6944,262144,0.3975000000000001,0.429,0.3881644839984668,0.03497209976820592,0.00047691465979340627,public_state_tabular_independent_mc,0,0.605055913117452,0.09712159994523972,True,accepted_return_check_disabled,0.1,1,5.728177163479443e-09,-0.0937772008562436,100,5.0,0.08577696438286093,empirical,0.40806313486586554,0.17615258045643167,0.0012793703710688442,0.00019357243070242726,0.0965631671273655,0.08926278741036246
T-L,SA,mc_learned_baseline,False,45,3,5208,768,768,3072,0,600,2604,10416,262144,0.36421875,0.47219999999999984,0.41948483997976377,0.031320355981296955,0.00039493671574054986,public_state_tabular_independent_mc,0,0.5957614223188156,0.13935139996465296,True,accepted_return_check_disabled,0.1,1,4.465618121533854e-09,-0.07570165933407466,100,5.0,0.08181747498218495,empirical,0.4133190587838901,0.1679005418949167,0.01080223121403534,0.0026703882597766066,0.07991407868175637,0.08686385510423711
T-L,SA,mc_learned_baseline,False,45,4,6944,1024,1024,4096,0,800,3472,13888,262144,0.457265625,0.4982999999999999,0.45452025373263233,0.03503541375286856,0.0004866663436809643,public_state_tabular_independent_mc,0,0.5835119851329951,0.17803479998838156,True,accepted_return_check_disabled,0.1,1,3.6111493814083387e-09,-0.09932510949400418,100,5.0,0.09286105062107632,empirical,0.4001025008533213,0.16881281621506095,0.007461914969674077,0.0006005907517895752,0.09862997422473349,0.08833741750629467
T-L,SA,mc_learned_baseline,False,45,5,8680,1280,1280,5120,0,1000,4340,17360,262144,0.4284375,0.6389999999999998,0.48591275234068815,0.03139249860805582,0.00040405451647305973,public_state_tabular_independent_mc,0,0.5729778368246796,0.2176949999993667,True,accepted_return_check_disabled,0.1,1,4.331942026394965e-09,-0.08648755569591585,100,5.0,0.07925516169799607,empirical,0.3926874259378529,0.17198662091786782,-0.007821500161752537,0.0018589961253151629,0.08195565070646628,0.08600862605207786
T-L,SA,mc_learned_baseline,False,45,6,10416,1536,1536,6144,0,1200,5208,20832,262144,0.48867187500000003,0.5867999999999999,0.5187503087259655,0.032837556385277356,0.0004443017129632743,public_state_tabular_independent_mc,0,0.5606033561867354,0.2571823999751359,True,accepted_return_check_disabled,0.1,1,6.62549632511171e-09,-0.08464365735556159,100,5.0,0.08623548652293297,empirical,0.36609520039539445,0.15932951821694166,-0.003121620136904202,0.000283497740240276,0.08999378975741651,0.0859230849273103
T-L,SA,mc_learned_baseline,False,45,7,12152,1792,1792,7168,0,1400,6076,24304,262144,0.6145312500000001,0.5930999999999998,0.5536057094596929,0.03485540073372739,0.0005183914484154493,public_state_tabular_independent_mc,0,0.5463940111749473,0.2987008000491187,True,accepted_return_check_disabled,0.1,1,6.465127462067007e-09,-0.0923225923104548,100,5.0,0.08232761410123744,empirical,0.35343215271990575,0.15218735743059497,-0.027107150292289717,0.0018893406590421325,0.1068833556328361,0.08213346303013294
T-L,SA,mc_learned_baseline,False,45,8,13888,2048,2048,8192,0,1600,6944,27776,262144,0.53015625,0.5613,0.5823678350296799,0.02876212556998703,0.0003647966951561911,public_state_tabular_independent_mc,0,0.5339621032646455,0.34199560002889484,True,accepted_return_check_disabled,0.1,1,3.0614886321487525e-10,-0.0721707495974916,100,5.0,0.07768654898657916,empirical,0.35947984575095926,0.15093610306157823,0.015014708226572027,0.00033357681537262774,0.07453306846688017,0.0807635688114897
T-L,SA,mc_learned_baseline,False,45,9,15624,2304,2304,9216,0,1800,7812,31248,262144,0.590625,0.5774999999999999,0.6115117330853411,0.0291438980556612,0.0003940641631178922,public_state_tabular_independent_mc,0,0.5204201409861696,0.388086499995552,True,accepted_return_check_disabled,0.1,1,3.801293413956874e-09,-0.07830270688791596,100,5.0,0.07479421431460943,empirical,0.33472222932004175,0.14290212319783988,-0.004556815467199549,0.0009309158174719551,0.08048047268424857,0.07718068429050595
T-L,SA,mc_learned_baseline,False,45,10,17360,2560,2560,10240,0,2000,8680,34720,262144,0.6302343750000001,0.5876999999999999,0.6403233048811494,0.02881157179580829,0.0004019845154693223,public_state_tabular_independent_mc,0,0.5066084780867524,0.42863139999099076,True,accepted_return_check_disabled,0.1,1,4.537425091630213e-09,-0.07787860013271863,100,5.0,0.05784513166381652,empirical,0.31458123965052054,0.12605998314757777,0.003742200917471683,0.0005053126117320738,0.08275560803003448,0.0741893639513154
T-L,SA,mc_learned_baseline,False,45,11,19096,2816,2816,11264,0,2200,9548,38192,262144,0.674296875,0.7031999999999999,0.6676223387531391,0.02729903387198973,0.00038563525276173673,public_state_tabular_independent_mc,0,0.49258288469176426,0.46756400004960597,True,accepted_return_check_disabled,0.1,1,4.705614531326973e-09,-0.06644764039042955,100,5.0,0.08194397997332063,empirical,0.2926296566433377,0.1208986541426885,0.009397565221393012,0.0012572308931505173,0.07929104763155306,0.06953853867592932
T-L,SA,mc_learned_baseline,False,45,12,20832,3072,3072,12288,0,2400,10416,41664,262144,0.616640625,0.6476999999999999,0.6921147648280132,0.024492426074874007,0.00033257762005949797,public_state_tabular_independent_mc,0,0.4792176313327277,0.502281800028868,True,accepted_return_check_disabled,0.1,1,2.8983755591697234e-09,-0.07720043373580751,100,5.0,0.06350142554891199,empirical,0.33871547271499886,0.14331737628746147,0.01340859147445328,0.0014521670729915018,0.06811260342959952,0.06525187292590762
T-L,SA,mc_learned_baseline,False,45,13,22568,3328,3328,13312,0,2600,11284,45136,262144,0.60421875,0.7239,0.714128679667881,0.02201391483986781,0.0002804509752395515,public_state_tabular_independent_mc,0,0.46747664966905567,0.5387985999695957,True,accepted_return_check_disabled,0.1,1,1.0572884780362644e-09,-0.07470420519027834,100,5.0,0.0603270171417543,empirical,0.3240113651603213,0.1359952044387064,0.00649696019681989,0.0001335664732430183,0.05765383063069135,0.06261304676543461
T-L,SA,mc_learned_baseline,False,45,14,24304,3584,3584,14336,0,2800,12152,48608,262144,0.7502343750000001,0.7839,0.7352800782965773,0.021151398628696305,0.0002776648946942202,public_state_tabular_independent_mc,0,0.4556075664765188,0.57531999994535,True,accepted_return_check_disabled,0.1,1,3.1652991510831595e-09,-0.05139708884578374,100,5.0,0.0628200106806895,empirical,0.22970047835771243,0.09308593005172128,0.004278522927616546,2.0446988973258003e-05,0.05745846233360847,0.05871183725536754
T-L,SA,mc_learned_baseline,False,45,15,26040,3840,3840,15360,0,3000,13020,52080,262144,0.6827343750000001,0.8036999999999999,0.7545686180163949,0.019288539719817588,0.00024925424290030504,public_state_tabular_independent_mc,0,0.44445033421666147,0.615532899973914,True,accepted_return_check_disabled,0.1,1,2.236632949122549e-09,-0.05235048884830255,100,5.0,0.04778285485459353,empirical,0.24629600489967374,0.09812972958191296,0.023773558972293718,0.0001465737469108132,0.0515610592127862,0.05447174698382737
T-L,SA,mc_learned_baseline,False,45,16,27776,4096,4096,16384,0,3200,13888,55552,262144,0.7856250000000002,0.7994999999999999,0.7734243810703653,0.01885576305397041,0.00025819070951259217,public_state_tabular_independent_mc,0,0.43304301114816074,0.6584159999620169,True,accepted_return_check_disabled,0.1,1,3.900529964681098e-09,-0.04556927540123899,100,5.0,0.0472179512020999,empirical,0.18937860160684034,0.07916749675240486,0.0031834758262078156,7.87811944644311e-05,0.053791031405875774,0.05052595691410735
T-L,SA,mc_learned_baseline,False,45,17,29512,4352,4352,17408,0,3400,14756,59024,262144,0.8135156250000002,0.8297999999999999,0.7909388953785891,0.017514514308223816,0.00024365840606370805,public_state_tabular_independent_mc,0,0.42200475465922915,0.6947082000551745,True,accepted_return_check_disabled,0.1,1,2.3709847270187697e-09,-0.04489199081478838,100,5.0,0.04849175323271523,empirical,0.16697830260710875,0.07000602264614642,-0.018220045061530854,0.00018351558296794254,0.05073330136866115,0.04630138884463299
T-L,SA,mc_learned_baseline,False,45,18,31248,4608,4608,18432,0,3600,15624,62496,262144,0.7537500000000001,0.8775000000000002,0.8060586164130568,0.015119721034467681,0.00019814527541173112,public_state_tabular_independent_mc,0,0.4119353951255065,0.7457109000533819,True,accepted_return_check_disabled,0.1,1,1.454535821915396e-09,-0.04131345528462315,100,5.0,0.03624834299907267,empirical,0.18795862893503518,0.07689518910969395,0.02363975962106213,4.3163738644639045e-05,0.041179154866549314,0.04242845698233082
T-L,SA,mc_learned_baseline,False,45,19,32984,4864,4864,19456,0,3800,16492,65968,262144,0.8085937500000001,0.8865000000000001,0.8204600638773966,0.0144014474643398,0.00019762694221911372,public_state_tabular_independent_mc,0,0.40170374274915505,0.7884892000583932,True,accepted_return_check_disabled,0.1,1,3.563997292156094e-09,-0.042034355852522756,100,5.0,0.03729274555705536,empirical,0.15706741706000435,0.06358798154417572,0.008531418417026537,0.0002118920150377915,0.04119100193690988,0.038679107573285416
T-L,SA,mc_learned_baseline,False,45,20,34720,5120,5120,20480,0,4000,17360,69440,262144,0.8437500000000002,0.8384999999999999,0.8335286620982697,0.01306859822087314,0.00017902430252582268,public_state_tabular_independent_mc,0,0.3919631722565235,0.8314293000148609,True,accepted_return_check_disabled,0.1,1,1.7567982376597456e-09,-0.030677214301150654,100,5.0,0.042381221356818,empirical,0.13386967862228552,0.05396915787904977,0.019861004563491602,0.00024305041248123864,0.03722283766768026,0.03519544841277227
T-L,SA,mc_learned_baseline,False,45,21,36456,5376,5376,21504,0,4200,18228,72912,262144,0.7910156250000002,0.8600999999999999,0.8449392445106121,0.011410582412342385,0.00014919132372076267,public_state_tabular_independent_mc,0,0.3832878468455183,0.8770488000009209,True,accepted_return_check_disabled,0.1,1,2.5714978771655363e-09,-0.04183301943308211,100,5.0,0.03545719994748296,empirical,0.17481462712565693,0.07049268310313146,0.008467136551278731,2.6111605527001026e-05,0.03110628952078561,0.03220841838573501
T-L,SA,mc_learned_baseline,False,45,22,38192,5632,5632,22528,0,4400,19096,76384,262144,0.9100781250000002,0.9189000000000002,0.855668420849128,0.010729176338515889,0.00014575210278905995,public_state_tabular_independent_mc,0,0.3748962269770466,0.9275183000136167,True,accepted_return_check_disabled,0.1,1,1.3633605958715049e-09,-0.011975539558622846,100,5.0,0.03998461137200861,empirical,0.04845272712638979,0.01652336212432043,0.016748717877214103,4.983285388552886e-05,0.030328588942030887,0.029279204883297744
T-L,SA,mc_learned_baseline,False,45,23,39928,5888,5888,23552,0,4600,19964,79856,262144,0.8596875000000002,0.8565,0.8649647321278054,0.009296311278677472,0.00012376208972788037,public_state_tabular_independent_mc,0,0.367742153944686,0.9690928000491112,True,accepted_return_check_disabled,0.1,1,8.66455826871448e-10,-0.02398179709087734,100,5.0,0.01757122103951817,empirical,0.09512601623885619,0.04177769713000927,0.0043446051845610345,0.0005667250602425718,0.02581563435012665,0.025952724901364455
T-L,SA,mc_learned_baseline,False,45,24,41664,6144,6144,24576,0,4800,20832,83328,262144,0.8456250000000001,0.8862000000000001,0.8738804334704803,0.008915701342674831,0.0001242051831150884,public_state_tabular_independent_mc,0,0.35988099889338016,1.0110646999673918,True,accepted_return_check_disabled,0.1,1,1.8205841944154779e-09,-0.03815127208445085,100,5.0,0.02017646128348235,empirical,0.1358247421269501,0.05460928667283516,0.003999489098597708,0.00026686070324097414,0.02586232313860208,0.023661049847370053
T-L,SA,mc_learned_baseline,False,45,25,43400,6400,6400,25600,0,5000,21700,86800,262144,0.8913281250000001,0.8895000000000001,0.8738804334704803,0.0,0.0,public_state_tabular_independent_mc,0,0.35988099889338016,1.0359416999854147,False,direction_rejected,0.0,0,,-0.012699816277915776,100,5.0,-0.006053490461367457,empirical,0.05350127868652345,0.01827935627755704,0.0399520172801352,0.013228232847643288,0.057072352625870695,0.008405207888593932
T-L,SA,mc_learned_baseline,False,45,26,45136,6656,6656,26624,0,5200,22568,90272,262144,0.8453906250000002,0.8598,0.8816364377357823,0.007756004265301986,0.00010307417541874193,public_state_tabular_independent_mc,0,0.3529985770426703,1.09341349999886,True,accepted_return_check_disabled,0.1,1,1.3285402280617235e-09,-0.03444268802202158,100,5.0,0.01234843743267232,empirical,0.1243161980895284,0.051127955411712125,0.004302422036497666,8.875545021961458e-07,0.021498928800871175,0.021632553181735015
T-L,SA,mc_learned_baseline,False,45,27,46872,6912,6912,27648,0,5400,23436,93744,262144,0.8943750000000001,0.8778,0.8884583032802802,0.006821865544497929,8.85814523309056e-05,public_state_tabular_independent_mc,0,0.34685237541255987,1.1329466999741271,True,accepted_return_check_disabled,0.1,1,1.0503555412130145e-09,-0.01905470813809969,100,5.0,0.03344776137561816,empirical,0.08272025316026475,0.032118087857164926,-0.014096613535382385,9.023809242518774e-05,0.018470097470106535,0.019466770522542802
T-L,SA,mc_learned_baseline,False,45,28,48608,7168,7168,28672,0,5600,24304,97216,262144,0.9215625000000002,0.8948999999999999,0.8955434792339253,0.0070851759536451064,0.00010786434512165418,public_state_tabular_independent_mc,0,0.34015918591251587,1.1712751999730244,True,accepted_return_check_disabled,0.1,1,7.869468084717331e-10,-0.009114085336689965,100,5.0,0.016895983089604744,empirical,0.03282964878616497,0.011622059817529612,0.002451054364445149,0.0005600787427894042,0.022567284123303975,0.017120432962018584
T-L,SA,mc_learned_baseline,False,45,29,50344,7424,7424,29696,0,5800,25172,100688,262144,0.9150000000000003,0.9036000000000002,0.9016266932775906,0.006083214043665297,8.786114959350271e-05,public_state_tabular_independent_mc,0,0.33400720276788787,1.2087057000026107,True,accepted_return_check_disabled,0.1,1,1.0373443043636091e-09,-0.015697494365553503,100,5.0,1.7968300309255153e-05,empirical,0.06021017123618964,0.023707937944242814,-0.03513822667124655,0.00015216466013125485,0.018163383788588672,0.015593032457386545
T-L,SA,mc_learned_baseline,False,45,30,52080,7680,7680,30720,0,6000,26040,104160,262144,0.9009375000000002,0.9096000000000001,0.9069479423797626,0.005321249102172021,7.469981360573726e-05,public_state_tabular_independent_mc,0,0.3282187145105184,1.2507065000245348,True,accepted_return_check_disabled,0.1,1,8.148679032962771e-10,-0.015701335704455505,100,5.0,0.014508194556688371,empirical,0.05556587662849169,0.021193037985512038,0.014887920123411558,0.00018197305440172053,0.015508175140241678,0.013963799236282277
T-L,SA,mc_learned_baseline,False,45,31,53816,7936,7936,31744,0,6200,26908,107632,262144,0.8805468750000002,0.9272999999999999,0.9114893113987035,0.004541369018940866,5.9367706765353906e-05,public_state_tabular_independent_mc,0,0.32326789408140555,1.2897784999804571,True,accepted_return_check_disabled,0.1,1,6.920972913345723e-10,-0.022605304783605517,100,5.0,0.01363404082166824,empirical,0.0936429867006565,0.035410721248824356,0.01001878007892365,6.01775450078875e-06,0.01235497270176217,0.012824045140378824
T-L,SA,mc_learned_baseline,False,45,32,55552,8192,8192,32768,0,6400,27776,111104,262144,0.9032812500000001,0.8948999999999999,0.9155278686255447,0.004038557226841211,5.17409013566092e-05,public_state_tabular_independent_mc,0,0.31877353057026725,1.3285042999777943,True,accepted_return_check_disabled,0.1,1,5.762896763374944e-10,-0.013685768618221905,100,5.0,0.019672699114521335,empirical,0.06005749249072598,0.022879472206627362,0.011326383998972567,4.7055710141160776e-05,0.010749892591271484,0.011617908027616048
T-L,SA,mc_learned_baseline,False,45,33,57288,8448,8448,33792,0,6600,28644,114576,262144,0.9194531250000002,0.9303,0.9192718389508612,0.0037439703253164813,4.887321524275483e-05,public_state_tabular_independent_mc,0,0.3144541463949252,1.3733537000371143,True,accepted_return_check_disabled,0.1,1,2.1419730476251224e-10,-0.011134207475217515,100,5.0,0.010480901871731587,empirical,0.04592154464289012,0.016218335039186495,-0.00480879004178969,3.755102989046901e-05,0.010132446974044033,0.010583660639821874
T-L,SA,mc_learned_baseline,False,45,34,59024,8704,8704,34816,0,6800,29512,118048,262144,0.9121875000000002,0.9393,0.9227204305078492,0.0034485915569880676,4.5313618930374743e-05,public_state_tabular_independent_mc,0,0.31027998206965246,1.4181678999448195,True,accepted_return_check_disabled,0.1,1,1.886120200013817e-10,-0.00849951941788,100,5.0,0.012201709888951792,empirical,0.03504384874676734,0.010823218893645504,0.029900961001072757,8.688230361610242e-06,0.009397020934029015,0.009663927984389377
T-L,SA,mc_learned_baseline,False,45,35,60760,8960,8960,35840,0,7000,30380,121520,262144,0.8889843750000002,0.9066,0.9258828215574796,0.003162391049630342,4.158953273985866e-05,public_state_tabular_independent_mc,0,0.3062959790706411,1.4556437999708578,True,accepted_return_check_disabled,0.1,1,2.989544103659515e-10,-0.011847462570541081,100,5.0,0.005304708318326036,empirical,0.04982219238281252,0.016241838094255993,0.030116944364649845,4.118097780769797e-06,0.008623856950893396,0.008834698972421265
T-L,SA,mc_learned_baseline,False,45,36,62496,9216,9216,36864,0,7200,31248,124992,262144,0.9468750000000002,0.9099,0.9258828215574796,0.0,0.0,public_state_tabular_independent_mc,0,0.3062959790706411,1.478891700040549,False,direction_rejected,0.0,0,,-0.004059406830000393,100,5.0,-0.09231154731047327,empirical,0.013399853515624997,0.002302407798450724,-0.04899707668090847,0.09389308672826793,0.1283719156301462,-0.08578878515773666
T-L,SA,mc_learned_baseline,False,45,37,64232,9472,9472,37888,0,7400,32116,128464,262144,0.9194531250000002,0.9183,0.9291975204217204,0.0033146988642408504,5.0982967111001383e-05,public_state_tabular_independent_mc,0,0.30168227039645396,1.519306099973619,True,accepted_return_check_disabled,0.1,1,8.932484257621416e-10,-0.013739269756425929,100,5.0,0.007441337950875696,empirical,0.047602688370170315,0.01576207824248427,0.017329787055212376,0.00041209782628629513,0.010413195710411719,0.0076922037442449485
T-L,SA,mc_learned_baseline,False,45,38,65968,9728,9728,38912,0,7600,32984,131936,262144,0.9328125,0.9275999999999999,0.9291975204217204,0.0,0.0,public_state_tabular_independent_mc,0,0.30168227039645396,1.5467814999865368,False,direction_rejected,0.0,0,,-0.003090102612557188,100,5.0,-0.008395495401395375,empirical,0.011014402036313662,0.00019749123939741113,0.07101765459464238,0.03509765027085134,0.055675148343680696,-0.027620970241479123
T-L,SA,mc_learned_baseline,False,45,39,67704,9984,9984,39936,0,7800,33852,135408,262144,0.9239062500000002,0.9216,0.9318683757791114,0.0026708553573909777,3.489526885749143e-05,public_state_tabular_independent_mc,0,0.2980598902362437,1.5889208000153303,True,accepted_return_check_disabled,0.1,1,4.182617311117105e-10,-0.008555209270229198,100,5.0,0.0053000575844165294,empirical,0.03477758664884309,0.010645018949737895,0.020180227676939166,3.801983033474067e-06,0.007229101537006247,0.007472878046338748
T-L,SA,mc_learned_baseline,False,45,40,69440,10240,10240,40960,0,8000,34720,138880,262144,0.9356250000000002,0.9213000000000001,0.9342568080533397,0.002388432274228247,3.0233285561271508e-05,public_state_tabular_independent_mc,0,0.2947482807714495,1.6262072999961674,True,accepted_return_check_disabled,0.1,1,1.358485149502851e-10,-0.008100603348026586,100,5.0,0.003281892048171117,empirical,0.03464049658203125,0.010776171642636003,0.006544091694051013,3.843279570067652e-05,0.006241064439529679,0.0068699465596879904
T-L,SA,mc_learned_baseline,False,45,41,71176,10496,10496,41984,0,8200,35588,142352,262144,0.9377343750000002,0.9660000000000001,0.9342568080533397,0.0,0.0,public_state_tabular_independent_mc,0,0.2947482807714495,1.6473724000388756,False,direction_rejected,0.0,0,,-0.005932195171704929,100,5.0,-0.01135678555707202,empirical,0.02124660101755891,0.00541859789965999,0.028166573355924762,0.009514922349638516,0.02465246108153554,-0.003106337870939835
T-L,SA,mc_learned_baseline,False,45,42,72912,10752,10752,43008,0,8400,36456,145824,262144,0.9351562500000002,0.948,0.9342568080533397,0.0,0.0,public_state_tabular_independent_mc,0,0.2947482807714495,1.672182200010866,False,direction_rejected,0.0,0,,-0.0036682905679929225,100,5.0,-0.057679192140347495,empirical,0.011306787178602024,0.0005591281211803943,0.05536175478026928,0.05259886769583156,0.07521679414880135,-0.04619028321713288
T-L,SA,mc_learned_baseline,False,45,43,74648,11008,11008,44032,0,8600,37324,149296,262144,0.9447656250000003,0.9630000000000001,0.936034977996217,0.0017781699428773834,2.529670063470843e-05,public_state_tabular_independent_mc,0,0.29188875652165736,1.709921499947086,True,accepted_return_check_disabled,0.1,1,5.12566416739485e-10,-0.006097775103330472,100,5.0,0.003802306134919754,empirical,0.023577856445312503,0.005433285916880735,0.02080711405137481,0.0019337694528834583,0.005119793909548294,0.004474815025815222
T-L,SA,mc_learned_baseline,False,45,44,76384,11264,11264,45056,0,8800,38192,152768,262144,0.9332812500000003,0.9423,0.9384890522924978,0.0024540742962807505,3.560028837502334e-05,public_state_tabular_independent_mc,0,0.2881432314139455,1.7562896000454202,True,accepted_return_check_disabled,0.1,1,5.630341899188195e-10,-0.009545072800979793,100,5.0,0.001802813284377623,empirical,0.03445983915272245,0.010649861164006083,0.015459882129272629,0.00011224122876370333,0.0073325439268736095,0.006069278268139333
T-L,SA,mc_learned_baseline,False,45,45,78120,11520,11520,46080,0,9000,39060,156240,262144,0.9585937500000001,0.9273,0.9384890522924978,0.0,0.0,public_state_tabular_independent_mc,0,0.2881432314139455,1.7842926000012085,False,direction_rejected,0.0,0,,-0.002871831708877036,100,5.0,-0.03809652831620665,empirical,0.011711146312935522,0.001349920948623321,0.024518203494165336,0.06614062214964725,0.09880801880242816,-0.06036165730419682
T-L,SA,mc_learned_baseline,False,45,46,79856,11776,11776,47104,0,9200,39928,159712,262144,0.9285937500000001,0.9303,0.9408449957311551,0.002355943438657304,3.509092219074444e-05,public_state_tabular_independent_mc,0,0.2844229046863611,1.8220662999665365,True,accepted_return_check_disabled,0.1,1,2.857351334321183e-10,-0.009865947829083907,100,5.0,0.006202631036834027,empirical,0.03479112316952592,0.010680290715975715,0.016257099147988785,0.00015691259252087087,0.007202284158909262,0.005622052252929553
T-L,SA,mc_learned_baseline,False,45,47,81592,12032,12032,48128,0,9400,40796,163184,262144,0.9679687500000003,0.9453,0.941662697311284,0.0008177015801289489,8.620129574337854e-06,public_state_tabular_independent_mc,0,0.2828000045289076,1.857000399962999,True,accepted_return_check_disabled,0.1,1,1.0149730259890282e-10,-0.0017060827686700554,100,5.0,0.0026675112857976677,empirical,0.009074707031249997,4.6097866090889154e-05,0.020573741932272904,0.002854397891207599,0.001716748383216139,0.0025717276699158045
T-L,SA,mc_learned_baseline,False,45,48,83328,12288,12288,49152,0,9600,41664,166656,262144,0.9424218750000002,0.9453,0.941662697311284,0.0,0.0,public_state_tabular_independent_mc,0,0.2828000045289076,1.8782583000138402,False,direction_rejected,0.0,0,,-0.006169703014767216,100,5.0,-0.017893180007751967,empirical,0.021067074707434224,0.005441442138867691,0.022730329534584537,0.019688562295097894,0.035510475969854606,-0.014243911378525681
T-L,SA,mc_learned_baseline,False,45,49,85064,12544,12544,50176,0,9800,42532,170128,262144,0.9656250000000002,0.9359999999999999,0.941662697311284,0.0,0.0,public_state_tabular_independent_mc,0,0.2828000045289076,1.8998460000148043,False,direction_rejected,0.0,0,,-0.004023840749401354,100,5.0,-0.11684415056759574,empirical,0.011580891235822108,0.0013637859712010408,0.014423400683723275,0.09450068854315691,0.13312270352794436,-0.08905603762658472
T-L,SA,mc_learned_baseline,False,45,50,86800,12800,12800,51200,0,10000,43400,173600,262144,0.9304687500000002,0.963,0.941662697311284,0.0,0.0,public_state_tabular_independent_mc,0,0.2828000045289076,1.9208908999571577,False,direction_rejected,0.0,0,,-0.002621729329644612,100,5.0,-0.05840209780801056,empirical,0.012183279957490821,0.0008446341736939541,-0.014087594354342814,0.04776979536766199,0.06372326039439344,-0.04232514445108977
T-L,SA,mc_learned_baseline,False,45,51,88536,13056,13056,52224,0,10200,44268,177072,262144,0.9447656250000003,0.9543,0.9430845415767297,0.0014218442654456709,1.7161611541532014e-05,public_state_tabular_independent_mc,0,0.28039495480930665,1.958406100049615,True,accepted_return_check_disabled,0.1,1,2.4012877382933425e-11,-0.005126709698200976,100,5.0,0.00420399653141731,empirical,0.0208488525390625,0.0054229034455894505,0.023737595890874874,0.0012889235869706745,0.003507177256220257,0.00415572732960154
T-L,SA,mc_learned_baseline,False,45,52,90272,13312,13312,53248,0,10400,45136,180544,262144,0.9375000000000002,0.9570000000000001,0.9430845415767297,0.0,0.0,public_state_tabular_independent_mc,0,0.28039495480930665,1.9813785000005737,False,direction_rejected,0.0,0,,-0.002525260756343696,100,5.0,-0.039868261644221935,empirical,0.010897818803568613,0.0005053714078510866,0.08294229908016293,0.03602981722650763,0.05977193829970283,-0.03073327068501987
T-L,SA,mc_learned_baseline,False,45,53,92008,13568,13568,54272,0,10600,46004,184016,262144,0.9377343750000001,0.9600000000000002,0.9449284796457345,0.0018439380690047358,3.100840473063754e-05,public_state_tabular_independent_mc,0,0.27710091323985625,2.022754400037229,True,accepted_return_check_disabled,0.1,1,3.705783624229573e-11,-0.007594239528244779,100,5.0,0.004503925140312977,empirical,0.02392392578125,0.005346612264838684,0.027706708968317395,0.001681727285396006,0.006271990538102466,0.0036148192560917563
T-L,SA,mc_learned_baseline,False,45,54,93744,13824,13824,55296,0,10800,46872,187488,262144,0.9445312500000003,0.9540000000000001,0.9449284796457345,0.0,0.0,public_state_tabular_independent_mc,0,0.27710091323985625,2.0470021000364795,False,direction_rejected,0.0,0,,-0.002647022515903748,100,5.0,-0.012561898301573308,empirical,0.010594868774414064,0.00046088232925495264,0.05965086964342514,0.017261234867793043,0.027561456453669683,-0.012104911759958746
T-L,SA,mc_learned_baseline,False,45,55,95480,14080,14080,56320,0,11000,47740,190960,262144,0.9656250000000002,0.9630000000000001,0.9477795161340682,0.002851036488333736,0.00012264746197769238,public_state_tabular_independent_mc,0,0.2726438087309528,2.0979993999935687,True,accepted_return_check_disabled,0.1,1,2.5504113338852996e-09,-0.002942723439233192,100,5.0,0.009686127890828917,empirical,0.009210211314325749,4.916791665488407e-05,0.029276857460924344,0.015936144349339015,0.028402056212723757,-0.010779821241504717
T-L,SA,mc_learned_baseline,False,45,56,97216,14336,14336,57344,0,11200,48608,194432,262144,0.9567187500000002,0.9303000000000001,0.9500090385373939,0.0022295224033257455,3.9378942596963185e-05,public_state_tabular_independent_mc,0,0.26867366226957046,2.1460389000130817,True,accepted_return_check_disabled,0.1,1,2.286215908824358e-11,-0.011339543296284579,100,5.0,0.0019367798300042338,empirical,0.033602429199218756,0.011085056693280231,0.0033276410517646404,0.0006452599707278759,0.00799013057159039,0.004001495905745766
T-L,SA,mc_learned_baseline,False,45,57,98952,14592,14592,58368,0,11400,49476,197904,262144,0.9473437500000002,0.9420000000000001,0.9516289298995698,0.0016198913621758848,2.1114110167015608e-05,public_state_tabular_independent_mc,0,0.26583730004596157,2.1916447000112385,True,accepted_return_check_disabled,0.1,1,1.1147318054455252e-10,-0.008761950805332269,100,5.0,0.00489585221174001,empirical,0.03399696031653364,0.010768741370595419,0.005231581556725318,1.7114522693788366e-06,0.004290824328940185,0.004438198830536534
T-L,SA,mc_learned_baseline,False,45,58,100688,14848,14848,59392,0,11600,50344,201376,262144,0.9562500000000003,0.948,0.9525300145124519,0.0009010846128820749,9.832211764218183e-06,public_state_tabular_independent_mc,0,0.2640090645595327,2.236815999960527,True,accepted_return_check_disabled,0.1,1,5.188710330774645e-11,-0.0021700382666734654,100,5.0,0.0026766213507568937,empirical,0.0097119140625,6.502430551368913e-05,0.044995187680461735,0.0014770670671445949,0.0019816771534544907,0.0027759921001817177
T-L,SA,mc_learned_baseline,False,45,59,102424,15104,15104,60416,0,11800,51212,204848,262144,0.9471093750000001,0.9573000000000002,0.9537303870573036,0.0012003725448517244,1.4533315027352428e-05,public_state_tabular_independent_mc,0,0.26170530133615805,2.279531499953009,True,accepted_return_check_disabled,0.1,1,2.831206156015877e-10,-0.0055270567999334734,100,5.0,0.002075006111775858,empirical,0.020813696289062506,0.005425869660801607,0.021454553729028825,0.0008117245370163449,0.002964781664348693,0.00345465765786225
T-L,SA,mc_learned_baseline,False,45,60,104160,15360,15360,61440,0,12000,52080,208320,262144,0.9539062500000002,0.945,0.9549680735779449,0.001237686520641268,1.8269471392509626e-05,public_state_tabular_independent_mc,0,0.259178156624761,2.32498419994954,True,accepted_return_check_disabled,0.1,1,2.1291258119328288e-10,-0.0035057965232616955,100,5.0,0.0032400964129873124,empirical,0.009808044433593753,1.646504658396272e-05,0.05089603616647198,0.0013619739589455083,0.0036952245624766148,0.002850199031273624
T-L,SA,mc_learned_baseline,False,45,61,105896,15616,15616,62464,0,12200,52948,211792,262144,0.9492187500000002,0.9543,0.9562772060720555,0.0013091324941105764,2.0289115091114497e-05,public_state_tabular_independent_mc,0,0.2564938105980958,2.3746034000068903,True,accepted_return_check_disabled,0.1,1,3.5218790131231393e-10,-0.0038319032123385202,100,5.0,0.0028842724277763124,empirical,0.010173339843750004,3.870243293383345e-05,0.05404556166535712,0.0013975656994514145,0.004042955817527049,0.0028297622821672527
T-L,SA,mc_learned_baseline,False,45,62,107632,15872,15872,63488,0,12400,53816,215264,262144,0.9656250000000002,0.9840000000000001,0.9574085790769502,0.0011313730048947424,1.504847454084714e-05,public_state_tabular_independent_mc,0,0.2541644344579886,2.4197455999674276,True,accepted_return_check_disabled,0.1,1,3.794356894299265e-11,-0.002848343622930842,100,5.0,0.0022952722511495284,empirical,0.009121398925781253,1.559215968271077e-05,0.03013711983363665,0.0012994431466251078,0.003012537130644875,0.0029421598527701025
T-L,SA,mc_learned_baseline,False,45,63,109368,16128,16128,64512,0,12600,54684,218736,262144,0.9609375000000002,0.9570000000000002,0.9574085790769502,0.0,0.0,public_state_tabular_independent_mc,0,0.2541644344579886,2.445019599981606,False,direction_rejected,0.0,0,,-0.0025379900647530436,100,5.0,-0.032733872335750765,empirical,0.009718213229709206,0.00023109675334747145,0.006058053214000769,0.027539538855488068,0.03871434346029081,-0.023287052382102068
T-L,SA,mc_learned_baseline,False,45,64,111104,16384,16384,65536,0,12800,55552,222208,262144,0.9609375000000002,0.9330000000000002,0.958340328362958,0.0009317492860078103,1.0150356304089602e-05,public_state_tabular_independent_mc,0,0.2522393369427389,2.482973200036213,True,accepted_return_check_disabled,0.1,1,3.0659836671776003e-10,-0.0022841238395857966,100,5.0,0.0025420355464970974,empirical,0.009404296874999999,2.491530327636597e-05,0.0384639400561968,0.0013739379539735319,0.0020596124192810493,0.002878548519412464
T-L,SA,mc_learned_baseline,False,45,65,112840,16640,16640,66560,0,13000,56420,225680,262144,0.9517968750000001,0.96,0.9598156012245062,0.001475272861548138,2.0728610713488568e-05,public_state_tabular_independent_mc,0,0.24941247462043178,2.521574900019914,True,accepted_return_check_disabled,0.1,1,2.778319174325142e-10,-0.006637554367682264,100,5.0,0.0020782185953936274,empirical,0.0232284912109375,0.005288437883348803,0.01422758100979693,0.0005670970908540976,0.004222042635963943,0.0036933407917973922
T-L,SA,mc_learned_baseline,False,45,66,114576,16896,16896,67584,0,13200,57288,229152,262144,0.9820312500000001,0.9660000000000001,0.9606814567674308,0.0008658555429246206,8.738707088367606e-06,public_state_tabular_independent_mc,0,0.2476079472625546,2.5610205000266433,True,accepted_return_check_disabled,0.1,1,9.318420706394862e-12,-0.001762440308584173,100,5.0,0.0027022242567571447,empirical,0.008020019531249999,1.3355368237619145e-05,0.0016855977167812286,0.0013512907779154807,0.0017567772401696905,0.002812914367281389
T-L,SA,mc_learned_baseline,False,45,67,116312,17152,17152,68608,0,13400,58156,232624,262144,0.9656250000000003,0.9690000000000001,0.961791931605346,0.0011104748379152651,1.4319594412786837e-05,public_state_tabular_independent_mc,0,0.2452857914067958,2.6014477000571787,True,accepted_return_check_disabled,0.1,1,4.849741343282664e-11,-0.0028337152503215644,100,5.0,0.0032190384867316524,empirical,0.009099426269531252,1.8850615514799635e-05,0.031306862490252274,0.001189661366087228,0.0028655404313604957,0.0029809058214186326
T-L,SA,mc_learned_baseline,False,45,68,118048,17408,17408,69632,0,13600,59024,236096,262144,0.9796875000000003,0.9333,0.961791931605346,0.0,0.0,public_state_tabular_independent_mc,0,0.2452857914067958,2.6223627999424934,False,direction_rejected,0.0,0,,-0.0025319062325721104,100,5.0,-0.0064353782195623035,empirical,0.008881586046283745,0.00032605386064132706,-0.025430828425108132,0.021794460644411526,0.03178533157618204,-0.017616997176418472
T-L,SA,mc_learned_baseline,False,45,69,119784,17664,17664,70656,0,13800,59892,239568,262144,0.9773437500000002,0.9575999999999999,0.9629128010085565,0.0011208694032104338,1.4533261219798311e-05,public_state_tabular_independent_mc,0,0.24293259635437736,2.6603844000492245,True,accepted_return_check_disabled,0.1,1,1.102720667152012e-11,-0.002680651394805374,100,5.0,0.003353605877885359,empirical,0.00853363037109375,7.307165979596249e-05,-0.0010733712955044439,0.0011836191303246256,0.0029244693840564068,0.0029938443376684248
T-L,SA,mc_learned_baseline,False,45,70,121520,17920,17920,71680,0,14000,60760,243040,262144,0.9728906250000002,0.9813000000000001,0.9642805383884387,0.0013677373798822723,1.8395306559263996e-05,public_state_tabular_independent_mc,0,0.24018672022729665,2.6970435000257567,True,accepted_return_check_disabled,0.1,1,4.468182204450069e-10,-0.005756829455455036,100,5.0,0.002247676261819171,empirical,0.019181127929687507,0.005531167811148911,0.003320258226404804,0.0006228487145287678,0.0037522629488365034,0.0035602592466407066
T-L,SA,mc_learned_baseline,False,45,71,123256,18176,18176,72704,0,14200,61628,246512,262144,0.9658593750000002,0.975,0.9657208939854265,0.0014403555969877413,2.016220063289789e-05,public_state_tabular_independent_mc,0,0.2373334413614912,2.7351923000533134,True,accepted_return_check_disabled,0.1,1,1.0515766067875152e-11,-0.006432957525161229,100,5.0,0.002164095974009215,empirical,0.022424291992187505,0.005388156942816492,0.006268106024606257,0.0005081298104840881,0.004073764767610351,0.003617019456473426
T-L,SA,mc_learned_baseline,False,45,72,124992,18432,18432,73728,0,14400,62496,249984,262144,0.9424218750000002,0.9689999999999999,0.9671340947022917,0.0014132007168652372,1.9858373616011964e-05,public_state_tabular_independent_mc,0,0.23449200509220647,2.7797902999445796,True,accepted_return_check_disabled,0.1,1,6.51660454398938e-11,-0.007024177177693052,100,5.0,0.005693704725073613,empirical,0.023680029296875005,0.005375905500815128,0.022913978871206275,0.0005118895859368544,0.004000133759868469,0.003527894610498023
T-L,SA,mc_learned_baseline,False,45,73,126728,18688,18688,74752,0,14600,63364,253456,262144,0.9728906250000002,0.948,0.9683394312699937,0.0012053365677019423,1.4543768069908233e-05,public_state_tabular_independent_mc,0,0.23203651685427268,2.818637300049886,True,accepted_return_check_disabled,0.1,1,3.49706753664131e-10,-0.005345260012654781,100,5.0,0.002329692361734483,empirical,0.019174536132812506,0.005364526787632101,0.0016315061974576661,0.0004912950647764006,0.002915495881684413,0.0034740678489373835
T-L,SA,mc_learned_baseline,False,45,74,128464,18944,18944,75776,0,14800,64232,256928,262144,0.9728906250000002,0.9810000000000001,0.969897901786979,0.001558470516985322,2.4700865673787432e-05,public_state_tabular_independent_mc,0,0.22882875008899445,2.8542052999837324,True,accepted_return_check_disabled,0.1,1,5.658558339760542e-10,-0.00708143615605074,100,5.0,0.002201679775147232,empirical,0.022140844726562504,0.005339473820068379,-0.008022565029421225,0.0006025866174737533,0.00503263219540835,0.0033084391572357416
T-L,SA,mc_learned_baseline,False,45,75,130200,19200,19200,76800,0,15000,65100,260400,262144,0.9703125000000001,0.9540000000000001,0.9711888589694381,0.0012909571824590849,1.9212366911731068e-05,public_state_tabular_independent_mc,0,0.22603777565521263,2.8935952000319958,True,accepted_return_check_disabled,0.1,1,1.2665873695103124e-10,-0.0035673244266271895,100,5.0,0.0021902751310844413,empirical,0.008778076171875003,7.4398225452511735e-06,0.024486196839177632,0.0008856568045793746,0.003843831197123706,0.0029592852237331022
T-L,SA,mc_learned_baseline,False,45,76,131936,19456,19456,77824,0,15200,65968,263872,262144,0.9679687500000003,0.963,0.9711888589694381,0.0,0.0,public_state_tabular_independent_mc,0,0.22603777565521263,2.915597500046715,False,direction_rejected,0.0,0,,-0.003202470585673609,100,5.0,-0.016719948861913657,empirical,0.009200175306532122,0.00020853680618209563,0.0019503391164720218,0.015139829005719361,0.022684823031319773,-0.011296054255606185
T-L,SA,mc_learned_baseline,False,45,77,133672,19712,19712,78848,0,15400,66836,267344,262144,0.9750000000000002,0.9900000000000001,0.9722420657771794,0.001053206807741347,1.2776595983008241e-05,public_state_tabular_independent_mc,0,0.22375024372868388,2.967304200050421,True,accepted_return_check_disabled,0.1,1,2.8611462088838955e-11,-0.0026368603727217055,100,5.0,0.00313189116013361,empirical,0.008506164550781249,5.851522308139765e-05,0.014186789772727249,0.0008493315111440363,0.0025593875152553833,0.00299444323896914
T-L,SA,mc_learned_baseline,False,45,78,135408,19968,19968,79872,0,15600,67704,270816,262144,0.9984375000000003,0.9573,0.9731837750050316,0.0009417092278521944,1.0211335416917508e-05,public_state_tabular_independent_mc,0,0.22169678263762368,3.053942700033076,True,accepted_return_check_disabled,0.1,1,2.342487797944973e-12,-0.0018006850883825066,100,5.0,0.002725654525199769,empirical,0.006407775878906251,0.00023828913397462345,-0.00011910433539807919,0.0009197225679186513,0.002052550883548641,0.002921849903847249
T-L,SA,mc_learned_baseline,False,45,79,137144,20224,20224,80896,0,15800,68572,274288,262144,0.9611718750000002,0.99,0.974630501480574,0.001446726475542337,2.1201207580904145e-05,public_state_tabular_independent_mc,0,0.21864371245399816,3.0913115999428555,True,accepted_return_check_disabled,0.1,1,1.2467423350011222e-11,-0.006690700504523755,100,5.0,0.006502903016907631,empirical,0.01997983398437501,0.005318435558627212,0.01007911008832918,0.00042528309112241917,0.004286799306927504,0.0034133364555420055
T-L,SA,mc_learned_baseline,False,45,80,138880,20480,20480,81920,0,16000,69440,277760,262144,0.9960937500000002,0.9513000000000001,0.9758720025373564,0.0012415010567824458,1.77537379799039e-05,public_state_tabular_independent_mc,0,0.2159111527544076,3.12869739998132,True,accepted_return_check_disabled,0.1,1,2.63358980946486e-10,-0.0027555579005778437,100,5.0,0.003428629525247223,empirical,0.007097167968749995,6.523591765182982e-05,-0.03439475801816272,0.0007873876794258385,0.0035432030747368543,0.002995092138963105
T-L,SA,mc_learned_baseline,False,45,81,140616,20736,20736,82944,0,16200,70308,281232,262144,0.9750000000000003,0.963,0.9758720025373564,0.0,0.0,public_state_tabular_independent_mc,0,0.2159111527544076,3.1490825000219047,False,direction_rejected,0.0,0,,-0.0033001405164523358,100,5.0,-0.015475422818393335,empirical,0.008680421855819343,0.00022231815354315318,-0.0013982034058395154,0.014202732749893717,0.02179077795821821,-0.010427579988564667
T-L,SA,mc_learned_baseline,False,45,82,142352,20992,20992,83968,0,16400,71176,284704,262144,0.9775781250000002,0.9693,0.9770504833226916,0.001178480785335223,1.427137687913382e-05,public_state_tabular_independent_mc,0,0.21340698846829306,3.185600099968724,True,accepted_return_check_disabled,0.1,1,2.7067298497583532e-11,-0.005462959894017307,100,5.0,0.00662158559113282,empirical,0.018830664062500002,0.005322644105533853,-0.0010224139924661646,0.0003873978320650355,0.0028906777844393216,0.003387754929264014
T-L,SA,mc_learned_baseline,False,45,83,144088,21248,21248,84992,0,16600,72044,288176,262144,0.9843750000000002,0.975,0.9770504833226916,0.0,0.0,public_state_tabular_independent_mc,0,0.21340698846829306,3.206533699994907,False,direction_rejected,0.0,0,,-0.0027073612636514654,100,5.0,-0.01490378630843675,empirical,0.007854775843368078,9.39384019174815e-05,0.005547071184251018,0.013775891914804479,0.020815584928658,-0.010053008188531833
T-L,SA,mc_learned_baseline,False,45,84,145824,21504,21504,86016,0,16800,72912,291648,262144,0.9960937500000002,0.987,0.9782494983603706,0.001199015037678941,1.658636282832251e-05,public_state_tabular_independent_mc,0,0.21074372386411058,3.244310599984601,True,accepted_return_check_disabled,0.1,1,4.418061178116723e-10,-0.0026372119162238698,100,5.0,0.002715873223972892,empirical,0.006808776855468751,5.123571918684354e-06,-0.012668122772732548,0.0007167595439483227,0.0033014027190018257,0.0030061241823243277
T-L,SA,mc_learned_baseline,False,45,85,147560,21760,21760,87040,0,17000,73780,295120,262144,0.9843750000000002,0.9660000000000001,0.9782494983603706,0.0,0.0,public_state_tabular_independent_mc,0,0.21074372386411058,3.2647265000268817,False,direction_rejected,0.0,0,,-0.0033472079514939787,100,5.0,-0.014442662340970294,empirical,0.008034334307593313,0.0002453692482657406,0.0008076586298716437,0.013898694894850587,0.02192720670110706,-0.010185988533248272
T-L,SA,mc_learned_baseline,False,45,86,149296,22016,22016,88064,0,17200,74648,298592,262144,0.9679687500000003,0.9540000000000001,0.9795324303176589,0.0012829319572883469,1.9040025117521416e-05,public_state_tabular_independent_mc,0,0.20787904878564084,3.3009139000205323,True,accepted_return_check_disabled,0.1,1,4.4259189659929993e-10,-0.003969529181138341,100,5.0,0.002974098214331142,empirical,0.009039001464843755,6.360064982087499e-06,0.022514974033946533,0.0007602394220942463,0.0038685777958862135,0.0029524669395080694
T-L,SA,mc_learned_baseline,False,45,87,151032,22272,22272,89088,0,17400,75516,302064,262144,0.9750000000000002,0.9990000000000001,0.9807498571997677,0.0012174268821087963,1.7192356606302356e-05,public_state_tabular_independent_mc,0,0.20514607620667527,3.339810200035572,True,accepted_return_check_disabled,0.1,1,2.2300355795610626e-11,-0.003470254234848707,100,5.0,0.003470933455072982,empirical,0.008506164550781254,1.7602129190383562e-05,0.014186789772727249,0.0007174568547740287,0.003450927279096976,0.0029827022270821936
T-L,SA,mc_learned_baseline,False,45,88,152768,22528,22528,90112,0,17600,76384,305536,262144,0.9773437500000002,0.9780000000000001,0.9818754571400661,0.0011255999402983718,1.473932417996249e-05,public_state_tabular_independent_mc,0,0.20260641968014081,3.377001899993047,True,accepted_return_check_disabled,0.1,1,1.916270850057488e-10,-0.0030868690823695486,100,5.0,0.0028376241468321536,empirical,0.008302917480468752,0.00011541969142094203,0.012680335474011928,0.0006975387843601813,0.002942854066454982,0.002989093837056851
T-L,SA,mc_learned_baseline,False,45,89,154504,22784,22784,91136,0,17800,77252,309008,262144,0.9843750000000002,0.9780000000000001,0.9828451897205683,0.0009697325805022583,1.0973169125343584e-05,public_state_tabular_independent_mc,0,0.20040827094004002,3.420664199977182,True,accepted_return_check_disabled,0.1,1,4.713394136685897e-11,-0.0023970709826088817,100,5.0,0.003172733579993101,empirical,0.007715148925781253,2.5881590362616084e-05,0.0062795275590551425,0.0007530185372896627,0.0021961612977942015,0.002919682674150994
T-L,SA,mc_learned_baseline,False,45,90,156240,23040,23040,92160,0,18000,78120,312480,262144,0.9585937500000002,0.9840000000000001,0.983863908263616,0.001018718543047692,1.2157356346991974e-05,public_state_tabular_independent_mc,0,0.19808867231243202,3.4600136999506503,True,accepted_return_check_disabled,0.1,1,3.500098949245339e-10,-0.003394513688326222,100,5.0,0.0024147072126057944,empirical,0.009808044433593757,1.0343024987334177e-05,0.029240124373917875,0.0007129971993934288,0.002470495868240405,0.0029466469544177335
T-L,SA,mc_learned_baseline,False,45,91,157976,23296,23296,93184,0,18200,78988,315952,262144,0.9869531250000003,0.9930000000000001,0.9854817135150783,0.0016178052514622676,2.825388145037923e-05,public_state_tabular_independent_mc,0,0.1944971921505933,3.496180700021796,True,accepted_return_check_disabled,0.1,1,3.5258741407389343e-10,-0.0073438028606723875,100,5.0,0.003441402650165097,empirical,0.0207917236328125,0.005363387697342533,-0.0006798029013017626,0.0007336053665315157,0.00574642079640746,0.002911306262433231
T-L,SA,mc_learned_baseline,False,45,92,159712,23552,23552,94208,0,18400,79856,319424,262144,0.9960937500000002,0.9960000000000001,0.9866515997520161,0.0011698862369378116,1.6272622121088453e-05,public_state_tabular_independent_mc,0,0.19179946507765142,3.5374315000372007,True,accepted_return_check_disabled,0.1,1,6.00612841056455e-11,-0.0027959457429732946,100,5.0,0.003112238257225888,empirical,0.0066329956054687516,4.183297642054239e-05,0.0005747787101966217,0.000653515014629793,0.0032874765586042433,0.0029189924577189825
T-L,SA,mc_learned_baseline,False,45,93,161448,23808,23808,95232,0,18600,80724,322896,262144,1.0054687500000001,0.99,0.9876177987930537,0.0009661990410375632,1.115090165739326e-05,public_state_tabular_independent_mc,0,0.18956027202178516,3.57949000003282,True,accepted_return_check_disabled,0.1,1,2.818479686632485e-10,-0.0019743869402756384,100,5.0,0.0027773795663998996,empirical,0.005822753906249999,3.002709213738904e-06,-0.010501781552227696,0.0006806219980564317,0.0022645630972465943,0.0028724455886319387
T-L,SA,mc_learned_baseline,False,45,94,163184,24064,24064,96256,0,18800,81592,326368,262144,0.9796875000000002,0.978,0.9886654834541059,0.0010476846610522061,1.318644812213211e-05,public_state_tabular_independent_mc,0,0.18712047395712064,3.6233186000026762,True,accepted_return_check_disabled,0.1,1,1.4246080854909101e-10,-0.003005161930184151,100,5.0,0.002534889231255611,empirical,0.008099670410156252,0.00014666024752298752,0.011101574744384224,0.0006433273143388184,0.0026350027467863615,0.0028925750414607785
T-L,SA,mc_learned_baseline,False,45,95,164920,24320,24320,97280,0,19000,82460,329840,262144,0.9937500000000002,0.987,0.9897202065762776,0.0010547231221716968,1.3445763167671324e-05,public_state_tabular_independent_mc,0,0.18465174909780735,3.663067899993621,True,accepted_return_check_disabled,0.1,1,3.1923356946323084e-10,-0.0026108239629204664,100,5.0,0.0026483988661434345,empirical,0.006866455078125002,4.207010133196569e-06,0.000622332859174346,0.0006377493756136146,0.0026786028829406286,0.0028784540641027243
T-L,SA,mc_learned_baseline,False,45,96,166656,24576,24576,98304,0,19200,83328,333312,262144,0.9937500000000002,0.9930000000000001,0.9908406750378153,0.0011204684615376825,1.527983951296037e-05,public_state_tabular_independent_mc,0,0.18201507306953296,3.70263509999495,True,accepted_return_check_disabled,0.1,1,9.435412135208137e-11,-0.0029094968212261475,100,5.0,0.002925998916988237,empirical,0.006880187988281253,1.4853072191156813e-05,-0.0003778449502129799,0.0006353072280805571,0.003090927661748556,0.002859897872850199
T-L,SA,mc_learned_baseline,False,45,97,168392,24832,24832,99328,0,19400,84196,336784,262144,0.9869531250000002,1.002,0.9920248656648136,0.0011841906269983715,1.5924681137112528e-05,public_state_tabular_independent_mc,0,0.17930681590141745,3.747720199986361,True,accepted_return_check_disabled,0.1,1,1.4775408555513124e-11,-0.006236856883876766,100,5.0,0.0021177443611058765,empirical,0.020799414062500004,0.005320598348687804,-0.00029134410055808857,0.0003747161558978873,0.003220462840526926,0.003096898936743731
T-L,SA,mc_learned_baseline,False,45,98,170128,25088,25088,100352,0,19600,85064,340256,262144,0.9843750000000003,0.9990000000000001,0.9930224906816387,0.0009976250168250989,1.2329306257767134e-05,public_state_tabular_independent_mc,0,0.17693186690689908,3.805518800043501,True,accepted_return_check_disabled,0.1,1,1.6439362186797479e-10,-0.0028696774782863144,100,5.0,0.0031378371323863086,empirical,0.0077151489257812535,0.00013876647847216507,0.0062795275590552535,0.000606212133039738,0.002462318259317831,0.002802104409625066
T-L,SA,mc_learned_baseline,False,45,99,171864,25344,25344,101376,0,19800,85932,343728,262144,0.9752343750000002,0.978,0.9943315835592714,0.0013090928776327004,2.006786654310572e-05,public_state_tabular_independent_mc,0,0.17387686575127412,3.853759999969043,True,accepted_return_check_disabled,0.1,1,3.951520874210446e-10,-0.007365246461580868,100,5.0,0.0028915980391175356,empirical,0.02195737304687501,0.005347595399295031,0.0011369558008427205,0.00045412603532487644,0.00401668091528703,0.0029315048324248
T-L,SA,mc_learned_baseline,False,45,100,173600,25600,25600,102400,0,20000,86800,347200,262144,0.9773437500000003,0.987,0.9953169084955675,0.0009853249362961058,1.2271358938953592e-05,public_state_tabular_independent_mc,0,0.17150235121406804,3.8989534999709576,True,accepted_return_check_disabled,0.1,1,3.0780627475878586e-10,-0.003213281978828555,100,5.0,0.0029258303966293586,empirical,0.008393554687500006,5.199333188628437e-06,0.007277093528844203,0.0005733307900916904,0.0024444456359537818,0.0027496700426765273
T-L,SA,mc_learned_baseline,False,45,101,175336,25856,25856,103424,0,20200,87668,350672,262144,0.9960937500000002,1.0200000000000002,0.9964563377519189,0.0011394292563513542,1.6568585139323484e-05,public_state_tabular_independent_mc,0,0.16874075302938957,3.9419861000496894,True,accepted_return_check_disabled,0.1,1,4.809027396835088e-12,-0.003100541641572155,100,5.0,0.0018232897391967165,empirical,0.006808776855468756,0.0001619182552405,-0.01266812277273277,0.0005920654043317511,0.003340973359121628,0.002706702583158911
T-L,SA,mc_learned_baseline,False,45,102,177072,26112,26112,104448,0,20400,88536,354144,262144,1.0148437500000003,0.9870000000000002,0.9973930966718833,0.0009367589199643644,1.129600710698302e-05,public_state_tabular_independent_mc,0,0.16645751839398176,3.9845750000094995,True,accepted_return_check_disabled,0.1,1,1.204668625677308e-10,-0.0017977211068669545,100,5.0,0.0026515681293741,empirical,0.0048312377929687475,3.6199197243696475e-06,-0.006964465031906064,0.0005804158922810939,0.0022579348530471556,0.0026890591634763914
T-L,SA,mc_learned_baseline,False,45,103,178808,26368,26368,105472,0,20600,89404,357616,262144,0.9960937500000002,1.014,0.9984045131042112,0.0010114164323279384,1.329450095858565e-05,public_state_tabular_independent_mc,0,0.16397895830330617,4.030225700000301,True,accepted_return_check_disabled,0.1,1,7.263057732823222e-11,-0.00279962129385545,100,5.0,0.0024105840396552664,empirical,0.00667694091796875,7.80931034709028e-05,-0.002735946660535893,0.0005580744092677729,0.0026891817532088127,0.0026862754210250682
T-L,SA,mc_learned_baseline,False,45,104,180544,26624,26624,106496,0,20800,90272,361088,262144,1.0007812500000002,1.0170000000000001,0.9995215525226169,0.0011170394184056853,1.6396347938154054e-05,public_state_tabular_independent_mc,0,0.16122507198489744,4.077142399968579,True,accepted_return_check_disabled,0.1,1,1.0146772997578746e-10,-0.002967278088780714,100,5.0,0.002420222006608295,empirical,0.006182556152343751,9.79888148029528e-06,-0.0008653299379435264,0.0005893455588523903,0.003287316867367117,0.0026268395624545614
T-L,SA,mc_learned_baseline,False,45,105,182280,26880,26880,107520,0,21000,91140,364560,262144,0.9890625000000003,0.9960000000000001,1.000511398713803,0.000989846191186139,1.3013560302824371e-05,public_state_tabular_independent_mc,0,0.15876995232015587,4.118484399979934,True,accepted_return_check_disabled,0.1,1,1.8910509640217696e-10,-0.0031943678523523363,100,5.0,0.002652701276581793,empirical,0.007679443359375013,0.0001298839893698617,-0.022949178002170223,0.0005540792337960402,0.0026405324532531634,0.002629748564427577
T-L,SA,mc_learned_baseline,False,45,106,184016,27136,27136,108544,0,21200,92008,368032,262144,0.9726562500000002,0.9963,1.0014366194165243,0.0009252207027212744,1.1488623215561042e-05,public_state_tabular_independent_mc,0,0.156462244169315,4.161398999975063,True,accepted_return_check_disabled,0.1,1,2.1627367765306531e-10,-0.00360936953322124,100,5.0,0.0021053193862967355,empirical,0.009228515625000011,1.778793876627519e-05,-0.013875639580262833,0.0005619954406249315,0.0022924428243289046,0.00259206181780443
T-L,SA,mc_learned_baseline,False,45,107,185752,27392,27392,109568,0,21400,92876,371504,262144,1.0080468750000002,0.9990000000000001,1.0023691232860468,0.000932503869522483,1.0388881236476172e-05,public_state_tabular_independent_mc,0,0.1542609950697453,4.199362099985592,True,accepted_return_check_disabled,0.1,1,2.3013260845556922e-10,-0.004592167393095254,100,5.0,0.0019794472528293313,empirical,0.016002783203125003,0.005352113610720853,0.0016228362778194505,0.00024376668702738458,0.002122638387425517,0.0028815311452997645
T-L,SA,mc_learned_baseline,False,45,108,187488,27648,27648,110592,0,21600,93744,374976,262144,1.0054687500000004,1.0110000000000001,1.0034291944405687,0.001060071154521891,1.5394808440720105e-05,public_state_tabular_independent_mc,0,0.15158906689200213,4.2378004000056535,True,accepted_return_check_disabled,0.1,1,1.7113182365239332e-10,-0.002743290416063922,100,5.0,0.002785381711052201,empirical,0.005690917968750004,9.724998067617482e-06,0.001071610362472497,0.0005264340589147352,0.003081860469893317,0.0025289064254075734
T-L,SA,mc_learned_baseline,False,45,109,189224,27904,27904,111616,0,21800,94612,378448,262144,0.9960937500000003,1.0020000000000002,1.0042629665288352,0.0008337720882665156,9.62977620834069e-06,public_state_tabular_independent_mc,0,0.1494752875818225,4.285510499961674,True,accepted_return_check_disabled,0.1,1,4.365927600839959e-11,-0.002430883368245738,100,5.0,0.00218659489426949,empirical,0.006731872558593749,0.0002645002879455736,-0.00687435337395037,0.0005388804941556808,0.0019295711718167944,0.0024813024935925808
T-L,SA,mc_learned_baseline,False,45,110,190960,28160,28160,112640,0,22000,95480,381920,262144,1.0101562500000003,1.0230000000000001,1.0051735921691547,0.0009106256403195179,1.1622570481628984e-05,public_state_tabular_independent_mc,0,0.14715406318772886,4.3279602000257,True,accepted_return_check_disabled,0.1,1,9.61408451605735e-11,-0.0022033653684473313,100,5.0,0.002316599914550853,empirical,0.005182800292968753,1.1652983798969945e-05,0.00495093013036485,0.0004997363321919082,0.0023541029054316496,0.0024919633477172016
T-L,SA,mc_learned_baseline,False,45,111,192696,28416,28416,113664,0,22200,96348,385392,262144,1.01015625,1.02,1.0060695037061929,0.0008959115370381632,1.1389149842634291e-05,public_state_tabular_independent_mc,0,0.1448572105925237,4.3677864000201225,True,accepted_return_check_disabled,0.1,1,9.639195681114253e-11,-0.0022039538453117215,100,5.0,0.0015035048738304031,empirical,0.005182800292968753,8.003579835160197e-06,0.00495093013036485,0.0004984161239897732,0.0023070486026779725,0.0024613387292430457
T-L,SA,mc_learned_baseline,False,45,112,194432,28672,28672,114688,0,22400,97216,388864,262144,0.9960937500000002,1.0050000000000001,1.0069528682771374,0.0008833645709445115,1.1212907336740238e-05,public_state_tabular_independent_mc,0,0.14257946875150676,4.407274099998176,True,accepted_return_check_disabled,0.1,1,1.2039282181914805e-10,-0.002859350609179561,100,5.0,0.0023943952894056363,empirical,0.006701660156250006,1.9967760424633594e-06,-0.004598229681572752,0.0004967179215695381,0.0022731309777834214,0.002430756436220955
T-L,SA,mc_learned_baseline,False,45,113,196168,28928,28928,115712,0,22600,98084,392336,262144,0.9869531250000003,1.0170000000000001,1.0078442566971426,0.0008913884200052458,1.0213359077128183e-05,public_state_tabular_independent_mc,0,0.1403984226715552,4.443079399992712,True,accepted_return_check_disabled,0.1,1,5.86968435561572e-12,-0.0054965609850366305,100,5.0,0.0023416166246931526,empirical,0.018142919921875,0.005311523454094337,-7.121628512951617e-05,0.0001992185852185885,0.0020705110297560164,0.002695600118994211
T-L,SA,mc_learned_baseline,False,45,114,197904,29184,29184,116736,0,22800,98952,395808,262144,1.0101562500000003,1.0023000000000002,1.0088169931690611,0.0009727364719185339,1.3940317431725117e-05,public_state_tabular_independent_mc,0,0.1378623757796891,4.50803879997693,True,accepted_return_check_disabled,0.1,1,2.568373612036586e-10,-0.0025219982999437137,100,5.0,0.003180788797129512,empirical,0.005193786621093752,1.776494956282015e-05,0.0038962941262628004,0.00046428003852923543,0.002786070300320222,0.0023613043987532885
T-L,SA,mc_learned_baseline,False,45,115,199640,29440,29440,117760,0,23000,99820,399280,262144,1.0125000000000002,1.008,1.0097703531113693,0.0009533599423081629,1.359716955098285e-05,public_state_tabular_independent_mc,0,0.13536048970718756,4.566298000048846,True,accepted_return_check_disabled,0.1,1,2.471300123145224e-10,-0.0023830932988926972,100,5.0,0.0021014325237980014,empirical,0.004990539550781254,0.00010107452191069606,0.0009534940944878612,0.00045990893760660464,0.0027177335403547284,0.002327806205444294
T-L,SA,mc_learned_baseline,False,45,116,201376,29696,29696,118784,0,23200,100688,402752,262144,1.0103906250000003,1.0170000000000001,1.0105557626663784,0.0007854095550090534,8.375214820273732e-06,public_state_tabular_independent_mc,0,0.13340521311908057,4.602576700039208,True,accepted_return_check_disabled,0.1,1,1.1587531716027849e-10,-0.004470993010011577,100,5.0,0.002391480553398934,empirical,0.015736914062500006,0.005365137672729346,0.005659472004893806,0.0002462140146380127,0.001708187690953137,0.0025034197213951678
T-L,SA,mc_learned_baseline,False,45,117,203112,29952,29952,119808,0,23400,101556,406224,262144,1.0195312500000002,1.014,1.0112542162384612,0.0006984535720828688,7.470660996670762e-06,public_state_tabular_independent_mc,0,0.131553259098829,4.638042700011283,True,accepted_return_check_disabled,0.1,1,1.0685002887404015e-10,-0.001484784578668048,100,5.0,0.002476277938833482,empirical,0.004130859375000002,1.5699153134603194e-06,0.019756673324859086,0.00048286579036615053,0.0015147125711386805,0.0022034259806804866
T-L,SA,mc_learned_baseline,False,45,118,204848,30208,30208,120832,0,23600,102424,409696,262144,1.0242187500000004,0.99,1.012192112040524,0.0009378958020627159,1.3682504950537626e-05,public_state_tabular_independent_mc,0,0.1290517865967696,4.6746175000444055,True,accepted_return_check_disabled,0.1,1,2.927547604912078e-10,-0.0018028863132626806,100,5.0,0.0027713394953272023,empirical,0.0035595703125000005,1.2824781539295116e-05,0.036473660214697556,0.00042602358401642635,0.0027337434613520103,0.0022311547280078393
T-L,SA,mc_learned_baseline,False,45,119,206584,30464,30464,121856,0,23800,103292,413168,262144,0.9960937500000002,0.99,1.012980372515836,0.0007882604753119971,9.813043669673469e-06,public_state_tabular_independent_mc,0,0.1269361157546432,4.713179899961688,True,accepted_return_check_disabled,0.1,1,1.7104296110402435e-10,-0.002934020236032315,100,5.0,0.00217627947373887,empirical,0.006808776855468756,2.682524534325465e-06,-0.012668122772732548,0.00040661968494742115,0.0019934123468625664,0.0022106568095987345
T-L,SA,mc_learned_baseline,False,45,120,208320,30720,30720,122880,0,24000,104160,416640,262144,1.0171875000000001,0.9813,1.0137413659196137,0.0007609934037777766,9.280988991526568e-06,public_state_tabular_independent_mc,0,0.12488181746329091,4.74921230005566,True,accepted_return_check_disabled,0.1,1,3.145586782409951e-11,-0.0018438298619263512,100,5.0,0.0022956607370344774,empirical,0.004606018066406257,0.00029301153304186805,-0.008386964261262841,0.00041052005488681774,0.0018763302251789294,0.0021725045668422316
T-L,SA,mc_learned_baseline,False,45,121,210056,30976,30976,123904,0,24200,105028,420112,262144,1.0148437500000003,1.02,1.0144922812598833,0.0007509153402696089,9.17231093679219e-06,public_state_tabular_independent_mc,0,0.1228430763797332,4.785374099970795,True,accepted_return_check_disabled,0.1,1,6.28193159680274e-11,-0.001977009993068822,100,5.0,0.0024279201120926477,empirical,0.0046664428710937525,1.2050024493103304e-05,0.010527679699394055,0.0004078915135492622,0.0018573603263853918,0.0021414455456829308
T-L,SA,mc_learned_baseline,False,45,122,211792,31232,31232,124928,0,24400,105896,423584,262144,1.0101562500000003,1.0230000000000001,1.0153341225864525,0.0008418413265691704,1.1722668680287139e-05,public_state_tabular_independent_mc,0,0.12054336620545497,4.820766299962997,True,accepted_return_check_disabled,0.1,1,2.17780500728568e-10,-0.002521326358895692,100,5.0,0.0017318847216128879,empirical,0.00520751953125,8.036426184594328e-05,0.00257799912113732,0.00040082601041272907,0.0023433106980063874,0.0021146720863423714
T-L,SA,mc_learned_baseline,False,45,123,213528,31488,31488,125952,0,24600,106764,427056,262144,1.0289062500000004,1.008,1.01603155273131,0.0006974301448574582,8.172110524195633e-06,public_state_tabular_independent_mc,0,0.11862657762046404,4.861781200044788,True,accepted_return_check_disabled,0.1,1,8.986045766234821e-11,-0.0012006791922928917,100,5.0,0.0017971602664912088,empirical,0.00295257568359375,3.160051622193303e-05,0.06456143749697318,0.00042043285012296865,0.0016348369853714342,0.00205642312051326
T-L,SA,mc_learned_baseline,False,45,124,215264,31744,31744,126976,0,24800,107632,430528,262144,1.021875,1.0020000000000002,1.0168528434788835,0.0008212907475735332,1.1530162237494341e-05,public_state_tabular_independent_mc,0,0.11635557114997952,4.900418199948035,True,accepted_return_check_disabled,0.1,1,2.7979410589369003e-10,-0.0018687744326723746,100,5.0,0.0013511744537229695,empirical,0.003891906738281254,0.0001364635798480146,0.02163312693498387,0.0003987633905643131,0.0023023527422601775,0.002045514185178155
T-L,SA,mc_learned_baseline,False,45,125,217000,32000,32000,128000,0,25000,108500,434000,262144,1.0195312500000002,1.02,1.017540611239051,0.0006877677601675458,8.21975516925647e-06,public_state_tabular_independent_mc,0,0.11444200168802952,4.937132099992596,True,accepted_return_check_disabled,0.1,1,1.1429660086516373e-11,-0.0017170905026727807,100,5.0,0.0029565337132837943,empirical,0.004240722656249997,0.00011161573652903773,0.006682404212820625,0.00040692467107350874,0.001659719211702004,0.0019983322468651093
T-L,SA,mc_learned_baseline,False,45,126,218736,32256,32256,129024,0,25200,109368,437472,262144,1.0010156250000002,1.0230000000000001,1.0183592351965867,0.0008186239575356247,1.1311305153662014e-05,public_state_tabular_independent_mc,0,0.11220394934942012,4.9762614000355825,True,accepted_return_check_disabled,0.1,1,2.30905241356359e-10,-0.006236494252721893,100,5.0,0.0013381641635757573,empirical,0.019856787109375013,0.0054767332198722134,-0.00243858519689355,0.0002841963350906916,0.0022649124252368986,0.0020878375330273223
T-L,SA,mc_learned_baseline,False,45,127,220472,32512,32512,130048,0,25400,110236,440944,262144,1.0242187500000002,1.038,1.0190127923129533,0.0006535571163666098,7.70182534067274e-06,public_state_tabular_independent_mc,0,0.1103619941216779,5.0185189000330865,True,accepted_return_check_disabled,0.1,1,1.968322633462943e-12,-0.0014624612008367,100,5.0,0.0020793090789146635,empirical,0.0035375976562500014,2.643790602044307e-05,0.03945786877771795,0.00039567071204677455,0.0015498631773397675,0.0019206247875930814
T-L,SA,mc_learned_baseline,False,45,128,222208,32768,32768,131072,0,25600,111104,444416,262144,1.0078125000000002,1.0290000000000001,1.019773026247338,0.0007602339343846243,1.0614092534086117e-05,public_state_tabular_independent_mc,0,0.10820619227250569,5.065247399965301,True,accepted_return_check_disabled,0.1,1,2.6186506887028145e-10,-0.002767415634810334,100,5.0,0.0019590770715446227,empirical,0.005770568847656253,9.12910343910996e-05,-0.027672076105204058,0.00037757695574986913,0.002119565798304654,0.0019064599066651489
T-L,SA,mc_learned_baseline,False,45,129,223944,33024,33024,132096,0,25800,111972,447888,262144,1.0312500000000004,1.0290000000000001,1.0203809208559416,0.0006078946086036652,6.90209495111168e-06,public_state_tabular_independent_mc,0,0.10647189445939621,5.113155800034292,True,accepted_return_check_disabled,0.1,1,1.5931438709555034e-10,-0.001056968810967466,100,5.0,0.0017804703647216942,empirical,0.0026477050781249997,1.7460244812405468e-05,0.08283898305084814,0.0004091746431526141,0.0013766557186286649,0.001836765661522664
T-L,SA,mc_learned_baseline,False,45,130,225680,33280,33280,133120,0,26000,112840,451360,262144,1.0031250000000003,1.0290000000000001,1.0210880539767424,0.0007071331208008402,9.511328132339067e-06,public_state_tabular_independent_mc,0,0.1044424376267034,5.154639299958944,True,accepted_return_check_disabled,0.1,1,1.0935198688502702e-10,-0.002902605050513007,100,5.0,0.0020042317124071823,empirical,0.005976562500000004,4.243482059075384e-05,-0.0032908268202382907,0.0003700100464262836,0.0019050108955488323,0.0018450299464122034
T-L,SA,mc_learned_baseline,False,45,131,227416,33536,33536,134144,0,26200,113708,454832,262144,1.01015625,1.0230000000000001,1.021707886666548,0.0006198326898056994,7.439419798767369e-06,public_state_tabular_independent_mc,0,0.10265261604847392,5.196484599960968,True,accepted_return_check_disabled,0.1,1,1.254561205552683e-10,-0.002277036474945508,100,5.0,0.0012683077204753944,empirical,0.005281677246093753,3.1672494273527314e-06,-0.004540793906547602,0.00038163720181962795,0.0015114316549401919,0.0017969685967678085
T-L,SA,mc_learned_baseline,False,45,132,229152,33792,33792,135168,0,26400,114576,458304,262144,1.021875,1.0170000000000001,1.0223020546427524,0.0005941679762042629,6.954545714866444e-06,public_state_tabular_independent_mc,0,0.10092708536739356,5.235363599960692,True,accepted_return_check_disabled,0.1,1,4.022170907588311e-12,-0.001599652965423495,100,5.0,0.0016036377610476377,empirical,0.003825988769531251,2.029720949266533e-06,0.02999226006191902,0.0003892322010842408,0.0014032428474030703,0.0017570045612341637
T-L,SA,mc_learned_baseline,False,45,133,230888,34048,34048,136192,0,26600,115444,461776,262144,1.0125000000000002,1.026,1.0229948433099638,0.0006927886672114525,9.641830495924902e-06,public_state_tabular_independent_mc,0,0.09890269656605624,5.271374200005084,True,accepted_return_check_disabled,0.1,1,2.164507823454249e-10,-0.0025294647288813966,100,5.0,0.0015812477186634417,empirical,0.005254211425781259,0.000111358610813466,-0.025621309055118724,0.0003700656147485513,0.001926687656331522,0.0017447627372308952
T-L,SA,mc_learned_baseline,False,45,134,232624,34304,34304,137216,0,26800,116312,465248,262144,1.0242187500000002,1.0290000000000001,1.0235597762428692,0.000564932932905382,6.529810183055673e-06,public_state_tabular_independent_mc,0,0.09724173261798735,5.319736400037073,True,accepted_return_check_disabled,0.1,1,2.3420333706491546e-12,-0.001460357060936571,100,5.0,0.0022330453857452555,empirical,0.0035375976562499996,3.3537450667585205e-06,0.03945786877771851,0.00039087686352201384,0.0013139173955790887,0.001686860616322728
T-L,SA,mc_learned_baseline,False,45,135,234360,34560,34560,138240,0,27000,117180,468720,262144,1.0195312500000004,1.044,1.0241216856692794,0.000561909426410212,6.575084291909259e-06,public_state_tabular_independent_mc,0,0.0955803496478596,5.36956859997008,True,accepted_return_check_disabled,0.1,1,2.6222022909763105e-11,-0.0017453210203685452,100,5.0,0.0016371181055703859,empirical,0.004130859375000004,2.86818490473449e-06,0.019756673324859086,0.00038412996014489597,0.0013301235354253092,0.0016629878906267942
T-L,SA,mc_learned_baseline,False,45,136,236096,34816,34816,139264,0,27200,118048,472192,262144,1.0312500000000002,1.0230000000000001,1.024646260721121,0.0005245750518416692,5.830196111857715e-06,public_state_tabular_independent_mc,0,0.09402077147305606,5.420753099955618,True,accepted_return_check_disabled,0.1,1,1.4695504540907892e-10,-0.0010444364258655023,100,5.0,0.00163398396650076,empirical,0.002639465332031251,3.6522063907475056e-05,0.08426906779661048,0.0004054480860801111,0.001162459980713663,0.0016108807566926075
T-L,SA,mc_learned_baseline,False,45,137,237832,35072,35072,140288,0,27400,118916,475664,262144,1.0359375000000002,1.0230000000000001,1.0253065109452522,0.0006602502241310759,9.428606905423727e-06,public_state_tabular_independent_mc,0,0.09204574153030283,5.46707889996469,True,accepted_return_check_disabled,0.1,1,9.718647292213092e-12,-0.0010851048794352745,100,5.0,0.0014820089771218838,empirical,0.002079162597656249,1.7809664343061348e-06,0.12365942976719868,0.0003717583487285044,0.001899068427677996,0.0016155271988657403
T-L,SA,mc_learned_baseline,False,45,138,239568,35328,35328,141312,0,27600,119784,479136,262144,1.0265625000000003,1.02,1.025821391353134,0.0005148804078818348,5.844476343601425e-06,public_state_tabular_independent_mc,0,0.09049597150416137,5.513926399988122,True,accepted_return_check_disabled,0.1,1,2.7885361083886497e-11,-0.0013208753681785753,100,5.0,0.0020776880447285844,empirical,0.0032519531249999988,1.0977296407288494e-05,0.05000893016610142,0.0003917124952235166,0.001172260765785511,0.0015586063232915053
T-L,SA,mc_learned_baseline,False,45,139,241304,35584,35584,142336,0,27800,120652,482608,262144,1.0221093750000003,1.0200000000000002,1.0265237239918876,0.0007023326387536333,9.459375130917014e-06,public_state_tabular_independent_mc,0,0.08851604467370419,5.561819200054742,True,accepted_return_check_disabled,0.1,1,1.961424975112995e-10,-0.004385050092607527,100,5.0,0.0016140764439309754,empirical,0.014375708007812502,0.005308993607912476,0.01506929521220235,7.019781417603301e-05,0.0019028573697581037,0.0018509749330560667
T-L,SA,mc_learned_baseline,False,45,140,243040,35840,35840,143360,0,28000,121520,486080,262144,1.0382812500000003,1.0263,1.0271325927021369,0.000608868710249233,8.521192126904598e-06,public_state_tabular_independent_mc,0,0.08666033256068462,5.6077043999684975,True,accepted_return_check_disabled,0.1,1,6.846917011947429e-11,-0.0008822856777549765,100,5.0,0.0009956562603255503,empirical,0.0017001342773437492,1.9792417431359457e-05,0.17556231905575015,0.0003275351921677917,0.0017099052992030517,0.0015253409065913248
T-L,SA,mc_learned_baseline,False,45,141,244776,36096,36096,144384,0,28200,122388,489552,262144,1.0289062500000004,1.0143,1.0277200878003059,0.0005874950981690219,8.113370546555376e-06,public_state_tabular_independent_mc,0,0.08485765846934665,5.645687300013378,True,accepted_return_check_disabled,0.1,1,1.3047239349911499e-10,-0.0014934257240393363,100,5.0,0.0015021812229976833,empirical,0.002944335937500001,1.9218142649074307e-06,0.06586913353029522,0.000323902286342933,0.0016240741251450311,0.0014936743325821501
T-L,SA,mc_learned_baseline,False,45,142,246512,36352,36352,145408,0,28400,123256,493024,262144,1.0382812500000003,1.0290000000000001,1.0281299307901592,0.00040984298985335954,4.020221699860659e-06,public_state_tabular_independent_mc,0,0.08359286384164227,5.684390599955805,True,accepted_return_check_disabled,0.1,1,1.0651226812309893e-10,-0.0006198456139646543,100,5.0,0.0014973051324911801,empirical,0.001713867187499999,4.136125235961061e-06,0.1722218098136744,0.0004133023757872891,0.0008176212548145502,0.0013698439843730938
T-L,SA,mc_learned_baseline,False,45,143,248248,36608,36608,146432,0,28600,124124,496496,262144,1.0265625000000003,1.026,1.028687905320356,0.000557974530196681,7.6063934037764595e-06,public_state_tabular_independent_mc,0,0.08186112127915307,5.7219934000168,True,accepted_return_check_disabled,0.1,1,1.6409507098756444e-10,-0.0016198408489249987,100,5.0,0.0014061445492997162,empirical,0.003416748046874998,0.0002269738482808288,0.025897481693159974,0.000320308872821598,0.0015205624673442263,0.0014386034305580316
T-L,SA,mc_learned_baseline,False,45,144,249984,36864,36864,147456,0,28800,124992,499968,262144,1.0242187500000002,1.0350000000000001,1.0292326565629966,0.0005447512426406398,7.416376826121673e-06,public_state_tabular_independent_mc,0,0.08015921816403858,5.7639424999943,True,accepted_return_check_disabled,0.1,1,1.5707812612178188e-10,-0.0017797567646921357,100,5.0,0.0016977748597541602,empirical,0.0035375976562500022,5.645242333221726e-06,0.03945786877771773,0.00031901770281888653,0.0014827431089752781,0.0014066172913057386
T-L,SA,mc_learned_baseline,False,45,145,251720,37120,37120,148480,0,29000,125860,503440,262144,1.0335937500000003,1.0350000000000001,1.0296500348662683,0.00041737830327170933,4.438969282552736e-06,public_state_tabular_independent_mc,0,0.07884755861114283,5.812206499977037,True,accepted_return_check_disabled,0.1,1,9.688648454668133e-11,-0.0009018990682480978,100,5.0,0.0012618574360198026,empirical,0.0023291015625,1.321257014342746e-06,0.10763381105586423,0.00037068293903040926,0.0008856625952927352,0.0013221472119876048
T-L,SA,mc_learned_baseline,False,45,146,253456,37376,37376,149504,0,29200,126728,506912,262144,1.021875,1.0410000000000001,1.0301739770536598,0.0005239421873914907,7.147470320745465e-06,public_state_tabular_independent_mc,0,0.07719130175900753,5.863250999944285,True,accepted_return_check_disabled,0.1,1,1.27947797110489e-10,-0.0019622662795765492,100,5.0,0.0013885070490652336,empirical,0.003922119140625003,1.5007655409421243e-05,0.01780185758513908,0.00031714794901547535,0.0014301743454559984,0.0013503363856821034
T-L,SA,mc_learned_baseline,False,45,147,255192,37632,37632,150528,0,29400,127596,510384,262144,1.021875,1.0233,1.0301739770536598,0.0,0.0,public_state_tabular_independent_mc,0,0.07719130175900753,5.893525799969211,False,direction_rejected,0.0,0,,-0.001583250874453033,100,5.0,-0.012925613892077277,empirical,0.003888154565668148,0.00014124236127305138,0.027093193101337842,0.010044591422706596,0.014364917975680956,-0.008409183706305565
T-L,SA,mc_learned_baseline,False,45,148,256928,37888,37888,151552,0,29600,128464,513856,262144,1.0382812500000003,1.0320000000000003,1.0306962667157884,0.0005222896621286388,7.272442172339777e-06,public_state_tabular_independent_mc,0,0.07552921410983947,5.939671600004658,True,accepted_return_check_disabled,0.1,1,1.929030791445846e-11,-0.0008919923502731042,100,5.0,0.0010452233706005672,empirical,0.001713867187499999,6.380135965453692e-07,0.17222180981367452,0.000318602088585114,0.0014631896985927086,0.0013168056278159172
T-L,SA,mc_learned_baseline,False,45,149,258664,38144,38144,152576,0,29800,129332,517328,262144,1.0406250000000004,1.038,1.0312070320009386,0.0005107652851501499,7.124318980262667e-06,public_state_tabular_independent_mc,0,0.07389280240030152,5.994700100040063,True,accepted_return_check_disabled,0.1,1,8.266795613248142e-12,-0.0007288943503725896,100,5.0,0.0014055509280756881,empirical,0.001387023925781251,2.6446706323244005e-06,0.22549862448418156,0.00031775391439666916,0.001435061061052683,0.0012853907561359225
T-L,SA,mc_learned_baseline,False,45,150,260400,38400,38400,153600,0,30000,130200,520800,262144,1.0429687500000004,1.038,1.0317151997832776,0.0005081677823390862,7.22769978769096e-06,public_state_tabular_independent_mc,0,0.072253587232768,6.042757699964568,True,accepted_return_check_disabled,0.1,1,3.344481494122323e-11,-0.0005890732134006087,100,5.0,0.0019064345609330225,empirical,0.0010986328124999993,8.562192616481152e-07,0.2864450127877256,0.00032067635422082313,0.0014657207420872643,0.0012506394481919853
T-L,SA,mc_learned_baseline,False,45,151,262136,38656,38656,154624,0,30200,131068,524272,262144,1.0312500000000002,1.0350000000000001,1.0321903392731706,0.00047513948989297283,6.473770502900002e-06,public_state_tabular_independent_mc,0,0.07071056580112511,6.092798099969514,True,accepted_return_check_disabled,0.1,1,8.62218692469372e-11,-0.0013438713621572846,100,5.0,0.00034627496027688913,empirical,0.002639465332031252,1.2053152351421902e-06,0.0842690677966107,0.00031268044019904125,0.001297062651828213,0.001226695839669973
T-L,DA,mc_learned_baseline,False,45,1,712,256,256,0,0,200,356,1424,262144,0.321796875,0.4022999999999999,0.40933609547922595,0.09032209547922593,0.00518972054463199,public_state_tabular_independent_mc,0,0.5856048391478568,0.011617699987255037,True,accepted_return_check_disabled,0.1,1,,,,,,,0.430824551836283,0.17393501452686871,0.02217878325325251,,,
T-L,DA,mc_learned_baseline,False,45,2,1424,512,512,0,0,400,712,2848,262144,0.39164062499999996,0.5004,0.4955559565505028,0.08621986107127683,0.00452290488953313,public_state_tabular_independent_mc,0,0.5405994857587366,0.022596199996769428,True,accepted_return_check_disabled,0.1,1,,,,,,,0.4167506276489753,0.17206725891834201,0.027157991142303328,,,
T-L,DA,mc_learned_baseline,False,45,3,2136,768,768,0,0,600,1068,4272,262144,0.37851562499999997,0.5261999999999999,0.5752967200183647,0.07974076346786196,0.003896060450514098,public_state_tabular_independent_mc,0,0.49299770243811075,0.03280399995855987,True,accepted_return_check_disabled,0.1,1,,,,,,,0.41737333984375,0.1785176084891499,0.001768881818948631,,,
T-L,DA,mc_learned_baseline,False,45,4,2848,1024,1024,0,0,800,1424,5696,262144,0.6717187500000001,0.6227999999999999,0.6471555090968257,0.071858789078461,0.0033241177545541155,public_state_tabular_independent_mc,0,0.44491031433329464,0.0419904999434948,True,accepted_return_check_disabled,0.1,1,,,,,,,0.3108924654892194,0.12888405789242025,0.012861469419957694,,,
T-L,DA,mc_learned_baseline,False,45,5,3560,1280,1280,0,0,1000,1780,7120,262144,0.662578125,0.5877,0.7105717015672728,0.06341619247044705,0.002814277358110825,public_state_tabular_independent_mc,0,0.3979564304188185,0.05279260000679642,True,accepted_return_check_disabled,0.1,1,,,,,,,0.3151966046269685,0.13237034412625479,0.013413377262163073,,,
T-L,DA,mc_learned_baseline,False,45,6,4272,1536,1536,0,0,1200,2136,8544,262144,0.7478906250000001,0.6908999999999998,0.7656177263688209,0.05504602480154808,0.002367961711041774,public_state_tabular_independent_mc,0,0.3532814208052791,0.06261759996414185,True,accepted_return_check_disabled,0.1,1,,,,,,,0.2479053918759685,0.10716952597082874,-0.008805126584911838,,,
T-L,DA,mc_learned_baseline,False,45,7,4984,1792,1792,0,0,1400,2492,9968,262144,0.7896093750000002,0.7844999999999999,0.8127839806847822,0.04716625431596133,0.001982721944080423,public_state_tabular_independent_mc,0,0.31162060013606335,0.07350549998227507,True,accepted_return_check_disabled,0.1,1,,,,,,,0.23162881314019115,0.09850301905013323,0.0014694910946390083,,,
T-L,DA,mc_learned_baseline,False,45,8,5696,2048,2048,0,0,1600,2848,11392,262144,0.8029687500000002,0.8876999999999999,0.8527968288888179,0.04001284820403572,0.0016538012502553836,public_state_tabular_independent_mc,0,0.27338071301250966,0.08627880003768951,True,accepted_return_check_disabled,0.1,1,,,,,,,0.19858883606430316,0.09098016721301536,0.0025072174219745724,,,
T-L,DA,mc_learned_baseline,False,45,9,6408,2304,2304,0,0,1800,3204,12816,262144,0.8017968750000002,0.8616000000000001,0.8864832691509815,0.03368644026216361,0.0013753180277999014,public_state_tabular_independent_mc,0,0.23872093415573112,0.09710030001588166,True,accepted_return_check_disabled,0.1,1,,,,,,,0.2287346731380541,0.1008011643784667,-0.007668883100121482,,,
T-L,DA,mc_learned_baseline,False,45,10,7120,2560,2560,0,0,2000,3560,14240,262144,0.8866406250000003,0.9320999999999999,0.9146802008939705,0.028196931742988984,0.0011410549246969987,public_state_tabular_independent_mc,0,0.2076241154204249,0.1070903999498114,True,accepted_return_check_disabled,0.1,1,,,,,,,0.14962358066888504,0.06637695742659333,-0.03771558327547808,,,
T-L,DA,mc_learned_baseline,False,45,11,7832,2816,2816,0,0,2200,3916,15664,262144,0.8981250000000003,0.9702,0.938179836356021,0.023499635462050472,0.0009449699133354893,public_state_tabular_independent_mc,0,0.17995455101803648,0.11843199993018061,True,accepted_return_check_disabled,0.1,1,,,,,,,0.13476100771226285,0.06069520047519093,0.001557807123671484,,,
T-L,DA,mc_learned_baseline,False,45,12,8544,3072,3072,0,0,2400,4272,17088,262144,0.9492187500000002,0.9618000000000001,0.957701033940465,0.01952119758444404,0.0007814666205940423,public_state_tabular_independent_mc,0,0.15550250267255963,0.12902470002882183,True,accepted_return_check_disabled,0.1,1,,,,,,,0.1143807537468112,0.051494044882703566,-0.0012764659553730073,,,
T-L,DA,mc_learned_baseline,False,45,13,9256,3328,3328,0,0,2600,4628,18512,262144,0.9670312500000002,0.9350999999999999,0.9738779488065674,0.0161769148661024,0.0006455346113269658,public_state_tabular_independent_mc,0,0.13401691660256695,0.13924299995414913,True,accepted_return_check_disabled,0.1,1,,,,,,,0.07745712221797134,0.03075179991320156,-0.015247871607909635,,,
T-L,DA,mc_learned_baseline,False,45,14,9968,3584,3584,0,0,2800,4984,19936,262144,0.9625781250000003,0.9534,0.9872591590195874,0.013381210213019967,0.0005327776034213182,public_state_tabular_independent_mc,0,0.11522878532136152,0.17368220002390444,True,accepted_return_check_disabled,0.1,1,,,,,,,0.08297944659617074,0.036407286955856384,-0.023252012042519477,,,
T-L,DA,mc_learned_baseline,False,45,15,10680,3840,3840,0,0,3000,5340,21360,262144,0.9649218750000004,1.0293,0.9977674512989109,0.010508292279323483,0.0004255321146989027,public_state_tabular_independent_mc,0,0.09927458520823072,0.1944251999957487,True,accepted_return_check_disabled,0.1,1,,,,,,,0.0810970975216151,0.03752501890556555,0.005821631688581741,,,
T-L,DA,mc_learned_baseline,False,45,16,11392,4096,4096,0,0,3200,5696,22784,262144,0.9719531250000003,1.0206,1.0066073701348819,0.008839918835971017,0.0003526979907108543,public_state_tabular_independent_mc,0,0.08530087900623347,0.21100310003384948,True,accepted_return_check_disabled,0.1,1,,,,,,,0.08061044439621913,0.03575697944878992,0.006507832754444776,,,
T-L,DA,mc_learned_baseline,False,45,17,12104,4352,4352,0,0,3400,6052,24208,262144,0.9902343750000003,1.035,1.014387963746958,0.007780593612076059,0.0003014776742676886,public_state_tabular_independent_mc,0,0.0728413080687696,0.22383080003783107,True,accepted_return_check_disabled,0.1,1,,,,,,,0.062452937479517474,0.027943938975217842,-0.05333371176309476,,,
T-L,DA,mc_learned_baseline,False,45,18,12816,4608,4608,0,0,3600,6408,25632,262144,1.0385156250000003,1.038,1.0207654633244452,0.006377499577487233,0.0002478891364291442,public_state_tabular_independent_mc,0,0.062115613544570306,0.23802309995517135,True,accepted_return_check_disabled,0.1,1,,,,,,,0.012876692609824865,0.005666554421175118,0.02769776993566697,,,
T-L,DA,mc_learned_baseline,False,45,19,13528,4864,4864,0,0,3800,6764,27056,262144,1.0335937500000003,1.0470000000000002,1.025994614859414,0.005229151534968723,0.00020382855659431133,public_state_tabular_independent_mc,0,0.05290198994244558,0.2474126999732107,True,accepted_return_check_disabled,0.1,1,,,,,,,0.00829058616970485,0.00470493529557356,-1.559098783659941,,,
T-L,DA,mc_learned_baseline,False,45,20,14240,5120,5120,0,0,4000,7120,28480,262144,1.0270312500000003,1.0320000000000003,1.0301638590774806,0.004169244218066748,0.000164581285357303,public_state_tabular_independent_mc,0,0.04510530036264598,0.25708789995405823,True,accepted_return_check_disabled,0.1,1,,,,,,,0.024188058135065416,0.010606139943304619,0.02248460921482409,,,
T-L,DA,mc_learned_baseline,False,45,21,14952,5376,5376,0,0,4200,7476,29904,262144,1.0338281250000003,1.0293,1.0336225233486056,0.003458664271124956,0.0001357631766932486,public_state_tabular_independent_mc,0,0.03839869406007521,0.2673713000258431,True,accepted_return_check_disabled,0.1,1,,,,,,,0.012895849609375003,0.0054685706498504355,0.0361398734209879,,,
T-L,DA,mc_learned_baseline,False,45,22,15664,5632,5632,0,0,4400,7832,31328,262144,1.0223437500000003,1.0353,1.0364873483358723,0.002864824987266701,0.00011193271476678965,public_state_tabular_independent_mc,0,0.032643916345584875,0.2774284000042826,True,accepted_return_check_disabled,0.1,1,,,,,,,0.024895066624135938,0.01064286130114699,0.017936418547649824,,,
T-L,DA,mc_learned_baseline,False,45,23,16376,5888,5888,0,0,4600,8188,32752,262144,1.0382812500000003,1.05,1.037198970673105,0.0007116223372327646,5.8288454585092084e-05,public_state_tabular_independent_mc,0,0.029602431887907708,0.28693149995524436,True,accepted_return_check_disabled,0.1,1,,,,,,,0.0017330932617187515,0.00010335058062437764,0.16754509687476804,,,
T-L,DA,mc_learned_baseline,False,45,24,17088,6144,6144,0,0,4800,8544,34176,262144,1.0408593750000001,1.05,1.0394466149979473,0.0022476443248422573,8.186122830530826e-05,public_state_tabular_independent_mc,0,0.02511947608146988,0.29603209998458624,True,accepted_return_check_disabled,0.1,1,,,,,,,0.011858227684942916,0.005306017881321156,0.05192393736721379,,,
T-L,DA,mc_learned_baseline,False,45,25,17800,6400,6400,0,0,5000,8900,35600,262144,1.0110937500000001,1.0470000000000002,1.041172753535862,0.00172613853791459,7.399525991073935e-05,public_state_tabular_independent_mc,1,0.02139365585339982,0.30726839997805655,True,accepted_return_check_disabled,0.1,1,,,,,,,0.04814931640625002,0.021551454188474466,0.014254777875425284,,,
T-L,DA,mc_learned_baseline,False,45,26,18512,6656,6656,0,0,5200,9256,37024,262144,1.0385156250000003,1.05,1.0427287385489254,0.0015559850130635322,5.563911125880085e-05,public_state_tabular_independent_mc,0,0.018110616602283434,0.3179943999275565,True,accepted_return_check_disabled,0.1,1,,,,,,,0.012182464383343075,0.005339555797950252,0.04639052275777267,,,
T-L,DA,mc_learned_baseline,False,45,27,19224,6912,6912,0,0,5400,9612,38448,262144,1.0476562500000002,1.0323000000000002,1.0430810443401013,0.00035230579117584426,2.675817398910539e-05,public_state_tabular_independent_mc,0,0.016485345262437615,0.32709289994090796,True,accepted_return_check_disabled,0.1,1,,,,,,,0.00034881591796875005,4.341306685230351e-05,0.6194439820209758,,,
T-L,DA,mc_learned_baseline,False,45,28,19936,7168,7168,0,0,5600,9968,39872,262144,1.0385156250000003,1.0353,1.0441986730760178,0.001117628735916476,4.613231855080219e-05,public_state_tabular_independent_mc,1,0.01401145301408159,0.3373311000177637,True,accepted_return_check_disabled,0.1,1,,,,,,,0.0121861347258091,0.005353656586957688,0.04622977325258326,,,
T-L,DA,mc_learned_baseline,False,45,29,20648,7424,7424,0,0,5800,10324,41296,262144,1.0500000000000003,1.0236,1.044198673076008,-9.769962616701378e-15,-1.3035286922447188e-17,public_state_tabular_independent_mc,1,0.01401145301412572,0.346951000043191,True,accepted_return_check_disabled,0.1,1,,,,,,,2.465190328815662e-32,1.2709861120247016e-05,1.0,,,
T-L,DA,mc_learned_baseline,False,45,30,21360,7680,7680,0,0,6000,10680,42720,262144,1.0408593750000001,1.05,1.0441574073812077,-4.1265694800340924e-05,0.00013088001094672857,public_state_tabular_independent_mc,0,0.016543203195992607,0.35658919997513294,True,accepted_return_check_disabled,0.1,1,,,,,,,0.011916967773437504,0.005334605244261431,0.05137618708604186,,,
T-L,DA,mc_learned_baseline,False,45,31,22072,7936,7936,0,0,6200,11036,44144,262144,1.0385156250000003,1.05,1.0450046468085181,0.0008472394273104644,4.9832371667006985e-05,public_state_tabular_independent_mc,1,0.014102751533497921,0.36724739999044687,True,accepted_return_check_disabled,0.1,1,,,,,,,0.012186134725809098,0.005403145441996033,0.04622977325258315,,,
T-L,DA,mc_learned_baseline,False,45,32,22784,8192,8192,0,0,6400,11392,45568,262144,1.0500000000000003,1.0323000000000002,1.0453671602685894,0.0003625134600713231,2.3018494263413254e-05,public_state_tabular_independent_mc,0,0.012625872395070072,0.3777686000103131,True,accepted_return_check_disabled,0.1,1,,,,,,,2.7465820312496886e-06,5.378245086600371e-06,0.9978027343750002,,,
T-L,DA,mc_learned_baseline,False,45,33,23496,8448,8448,0,0,6600,11748,46992,262144,1.0385156250000003,1.0470000000000002,1.0457352553887571,0.0003680951201676663,2.08858543797181e-05,public_state_tabular_independent_mc,0,0.011325871665784078,0.38708240003325045,True,accepted_return_check_disabled,0.1,1,,,,,,,0.015018408203124993,0.0043874603620809825,0.0381496870763951,,,
T-L,DA,mc_learned_baseline,False,45,34,24208,8704,8704,0,0,6800,12104,48416,262144,1.0476562500000002,1.0470000000000002,1.0463709820520821,0.0006357266633250092,3.189066160544652e-05,public_state_tabular_independent_mc,1,0.009628295214138926,0.3984072000021115,True,accepted_return_check_disabled,0.1,1,,,,,,,0.0006806320428848229,0.0003932834816980985,0.6118353629140026,,,
T-L,DA,mc_learned_baseline,False,45,35,24920,8960,8960,0,0,7000,12460,49840,262144,1.0408593750000001,1.05,1.0461256377426291,-0.00024534430945299945,9.132626091951954e-05,public_state_tabular_independent_mc,1,0.011742457676083886,0.4100697999820113,True,accepted_return_check_disabled,0.1,1,,,,,,,0.011948828125000005,0.005362668234863634,0.052005761336454404,,,
T-L,DA,mc_learned_baseline,False,45,36,25632,9216,9216,0,0,7200,12816,51264,262144,1.0385156250000003,1.0353,1.0468948920916443,0.0007692543490152026,2.9520506314273177e-05,public_state_tabular_independent_mc,1,0.009857549244685227,0.419614200014621,True,accepted_return_check_disabled,0.1,1,,,,,,,0.015187385946512227,0.004243769677034347,0.021364975217722293,,,
T-L,DA,mc_learned_baseline,False,45,37,26344,9472,9472,0,0,7400,13172,52688,262144,1.0385156250000003,1.05,1.0472134304244691,0.0003185383328248026,1.808880201629179e-05,public_state_tabular_independent_mc,1,0.00870663414547613,0.43017199996393174,True,accepted_return_check_disabled,0.1,1,,,,,,,0.015298925781250004,0.004430013946547899,0.02175456995313907,,,
T-L,DA,mc_learned_baseline,False,45,38,27056,9728,9728,0,0,7600,13528,54112,262144,1.0500000000000003,1.05,1.0472134304244631,-5.995204332975845e-15,-5.536962209311492e-18,public_state_tabular_independent_mc,1,0.008706634145502556,0.4403706999728456,True,accepted_return_check_disabled,0.1,1,,,,,,,2.465190328815662e-32,2.3157065943594208e-06,1.0,,,
T-L,DA,mc_learned_baseline,False,45,39,27768,9984,9984,0,0,7800,13884,55536,262144,1.0500000000000003,1.05,1.0472134304244574,-5.773159728050814e-15,-5.536962228915101e-18,public_state_tabular_independent_mc,1,0.008706634145528979,0.44952180003747344,True,accepted_return_check_disabled,0.1,1,,,,,,,2.465190328815662e-32,2.3157065943663076e-06,1.0,,,
T-L,DA,mc_learned_baseline,False,45,40,28480,10240,10240,0,0,8000,14240,56960,262144,1.0500000000000003,1.05,1.0472134304244516,-5.773159728050814e-15,-5.536962248517879e-18,public_state_tabular_independent_mc,1,0.008706634145555383,0.4601028999313712,True,accepted_return_check_disabled,0.1,1,,,,,,,2.465190328815662e-32,2.315706594372939e-06,1.0,,,
T-L,DA,mc_learned_baseline,False,45,41,29192,10496,10496,0,0,8200,14596,58384,262144,1.0385156250000003,1.05,1.0477069055669843,0.0004934751425327288,1.9532494543650808e-05,public_state_tabular_independent_mc,0,0.007338326519709415,0.4709489999804646,True,accepted_return_check_disabled,0.1,1,,,,,,,0.012276220703125004,0.005425742379903325,0.04633854874917809,,,
T-L,DA,mc_learned_baseline,False,45,42,29904,10752,10752,0,0,8400,14952,59808,262144,1.0500000000000003,1.0470000000000002,1.0477069055669803,-3.9968028886505635e-15,5.52750024428663e-17,public_state_tabular_independent_mc,1,0.007338326519727948,0.480599100003019,True,accepted_return_check_disabled,0.1,1,,,,,,,2.465190328815662e-32,1.5677449523681862e-06,1.0,,,
T-L,DA,mc_learned_baseline,False,45,43,30616,11008,11008,0,0,8600,15308,61232,262144,1.0476562500000002,1.05,1.047790465918266,8.356035128564976e-05,1.5170538880246533e-05,public_state_tabular_independent_mc,1,0.006597827873258703,0.4909223000286147,True,accepted_return_check_disabled,0.1,1,,,,,,,0.00035400390625000064,0.00011133375166656006,0.6155422840019975,,,
T-L,DA,mc_learned_baseline,False,45,44,31328,11264,11264,0,0,8800,15664,62656,262144,1.0476562500000002,1.05,1.0478533059231232,6.284000485723418e-05,1.3394853226174445e-05,public_state_tabular_independent_mc,1,0.005968288365399376,0.5000003000022843,True,accepted_return_check_disabled,0.1,1,,,,,,,0.00035400390625000064,0.00021140650377289908,0.6155422840019977,,,
T-L,DA,mc_learned_baseline,False,45,45,32040,11520,11520,0,0,9000,16020,64080,262144,1.0500000000000003,1.05,1.047853305923121,-2.220446049250313e-15,-9.30212941266734e-19,public_state_tabular_independent_mc,1,0.005968288365408325,0.5106478999368846,True,accepted_return_check_disabled,0.1,1,,,,,,,2.465190328815662e-32,1.4399921288327698e-06,1.0,,,
T-L,DA,mc_learned_baseline,False,45,46,32752,11776,11776,0,0,9200,16376,65504,262144,1.0500000000000003,1.0470000000000002,1.0479937305565445,0.0001404246334235637,7.4209624682002915e-06,public_state_tabular_independent_mc,0,0.005392279252979776,0.5207344000227749,True,accepted_return_check_disabled,0.1,1,,,,,,,2.7465820312496886e-06,2.312918827570581e-06,0.9978027343750002,,,
T-L,DA,mc_learned_baseline,False,45,47,33464,12032,12032,0,0,9400,16732,66928,262144,1.0408593750000001,1.05,1.0478644227849658,-0.00012930777157871276,4.4963551273131896e-05,public_state_tabular_independent_mc,0,0.006509666536076614,0.5295013999566436,True,accepted_return_check_disabled,0.1,1,,,,,,,0.011930151367187504,0.005334405611497517,0.05180078367352947,,,
T-L,DA,mc_learned_baseline,False,45,48,34176,12288,12288,0,0,9600,17088,68352,262144,1.0500000000000003,1.05,1.047864422784962,-3.774758283725532e-15,-2.079750047398145e-18,public_state_tabular_independent_mc,1,0.00650966653609133,0.5390168000012636,True,accepted_return_check_disabled,0.1,1,,,,,,,2.465190328815662e-32,1.2858388967867184e-06,1.0,,,
T-L,DA,mc_learned_baseline,False,45,49,34888,12544,12544,0,0,9800,17444,69776,262144,1.0385156250000003,1.0470000000000002,1.0481247163896656,0.00026029360470358753,1.9160447940385704e-05,public_state_tabular_independent_mc,1,0.005535231093332838,0.5489381999941543,True,accepted_return_check_disabled,0.1,1,,,,,,,0.012302832031250006,0.005746785970259277,0.046299282335369285,,,
T-L,DA,mc_learned_baseline,False,45,50,35600,12800,12800,0,0,10000,17800,71200,262144,1.0293750000000004,1.05,1.0485162814110502,0.0003915650213845989,1.300214229961139e-05,public_state_tabular_independent_mc,1,0.004627070363879506,0.5587347999680787,True,accepted_return_check_disabled,0.1,1,,,,,,,0.02724775390625001,0.008951593542313528,0.013418618179973696,,,
T-L,DA,mc_learned_baseline,False,45,51,36312,13056,13056,0,0,10200,18156,72624,262144,1.0500000000000003,1.05,1.0485162814110485,-1.7763568394002505e-15,5.779616331934892e-17,public_state_tabular_independent_mc,1,0.0046270703638863885,0.5697459999937564,True,accepted_return_check_disabled,0.1,1,,,,,,,2.465190328815662e-32,6.163430483593728e-07,1.0,,,
T-L,DA,mc_learned_baseline,False,45,52,37024,13312,13312,0,0,10400,18512,74048,262144,1.0500000000000003,1.05,1.0485162814110467,-1.7763568394002505e-15,5.779616331725762e-17,public_state_tabular_independent_mc,1,0.004627070363893271,0.5819141999818385,True,accepted_return_check_disabled,0.1,1,,,,,,,2.465190328815662e-32,6.163430483606766e-07,1.0,,,
T-L,DA,mc_learned_baseline,False,45,53,37736,13568,13568,0,0,10600,18868,75472,262144,1.0500000000000003,1.05,1.0486450442249107,0.0001287628138639807,6.431395342474231e-06,public_state_tabular_independent_mc,0,0.004114425133519409,0.5947729999898002,True,accepted_return_check_disabled,0.1,1,,,,,,,2.7465820312496886e-06,1.6426534738214674e-06,0.9978027343750002,,,
T-L,DA,mc_learned_baseline,False,45,54,38448,13824,13824,0,0,10800,19224,76896,262144,1.0500000000000003,1.05,1.0486450442249096,-1.1102230246251565e-15,5.804384131742366e-17,public_state_tabular_independent_mc,1,0.004114425133524579,0.6034934000344947,True,accepted_return_check_disabled,0.1,1,,,,,,,2.465190328815662e-32,5.301233207817157e-07,1.0,,,
T-L,DA,mc_learned_baseline,False,45,55,39160,14080,14080,0,0,11000,19580,78320,262144,1.0500000000000003,1.05,1.0488847665993992,0.00023972237448965927,8.107673467784023e-06,public_state_tabular_independent_mc,1,0.0034589096962187008,0.6139360000379384,True,accepted_return_check_disabled,0.1,1,,,,,,,0.00037340087890624566,0.000345945703054351,0.9983496093749997,,,
T-L,DA,mc_learned_baseline,False,45,56,39872,14336,14336,0,0,11200,19936,79744,262144,1.0500000000000003,1.05,1.0488847665993983,-8.881784197001252e-16,5.820645671364665e-17,public_state_tabular_independent_mc,1,0.0034589096962220718,0.6230930000310764,True,accepted_return_check_disabled,0.1,1,,,,,,,2.465190328815662e-32,3.5913100232616814e-07,1.0,,,
T-L,DA,mc_learned_baseline,False,45,57,40584,14592,14592,0,0,11400,20292,81168,262144,1.0500000000000003,1.05,1.0488847665993977,-6.661338147750939e-16,5.820645671297539e-17,public_state_tabular_independent_mc,1,0.0034589096962254423,0.6327408000361174,True,accepted_return_check_disabled,0.1,1,,,,,,,2.465190328815662e-32,3.591310023266105e-07,1.0,,,
T-L,DA,mc_learned_baseline,False,45,58,41296,14848,14848,0,0,11600,20648,82592,262144,1.0408593750000001,1.05,1.0487158773972354,-0.0001688892021622923,3.092078970457082e-05,public_state_tabular_independent_mc,0,0.004389797125483015,0.6433920999988914,True,accepted_return_check_disabled,0.1,1,,,,,,,0.011930151367187504,0.005332333924670682,0.05180078367352925,,,
T-L,DA,mc_learned_baseline,False,45,59,42008,15104,15104,0,0,11800,21004,84016,262144,1.0476562500000002,1.05,1.0487623802447954,4.6502847560025984e-05,1.1127632946469691e-05,public_state_tabular_independent_mc,1,0.003886823331110653,0.652788299950771,True,accepted_return_check_disabled,0.1,1,,,,,,,0.00035400390625000064,0.000497843760255142,0.6155422840019977,,,
T-L,DA,mc_learned_baseline,False,45,60,42720,15360,15360,0,0,12000,21360,85440,262144,1.0500000000000003,1.05,1.0487623802447938,-1.5543122344752192e-15,-4.343936579012185e-19,public_state_tabular_independent_mc,1,0.003886823331116348,0.6635848999721929,True,accepted_return_check_disabled,0.1,1,,,,,,,2.465190328815662e-32,4.255186053146027e-07,1.0,,,
T-L,DA,mc_learned_baseline,False,45,61,43432,15616,15616,0,0,12200,21716,86864,262144,1.0500000000000003,1.05,1.0489806592952045,0.00021827905041060802,7.491582513339048e-06,public_state_tabular_independent_mc,1,0.003267990599886954,0.6734041000017896,True,accepted_return_check_disabled,0.1,1,,,,,,,9.335021972656141e-05,8.137490470966084e-05,0.99958740234375,,,
T-L,DA,mc_learned_baseline,False,45,62,44144,15872,15872,0,0,12400,22072,88288,262144,1.0500000000000003,1.05,1.0489806592952033,-1.1102230246251565e-15,-2.2673563955560127e-19,public_state_tabular_independent_mc,1,0.0032679905998908433,0.6831146000185981,True,accepted_return_check_disabled,0.1,1,,,,,,,2.465190328815662e-32,2.8863709159257144e-07,1.0,,,
T-L,DA,mc_learned_baseline,False,45,63,44856,16128,16128,0,0,12600,22428,89712,262144,1.0500000000000003,1.05,1.0489806592952025,-8.881784197001252e-16,-2.267356403862407e-19,public_state_tabular_independent_mc,1,0.0032679905998947312,0.6961077000014484,True,accepted_return_check_disabled,0.1,1,,,,,,,2.465190328815662e-32,2.8863709159323885e-07,1.0,,,
T-L,DA,mc_learned_baseline,False,45,64,45568,16384,16384,0,0,12800,22784,91136,262144,1.0500000000000003,1.05,1.0489806592952013,-1.1102230246251565e-15,-2.267356412168801e-19,public_state_tabular_independent_mc,1,0.00326799059989862,0.7063841000199318,True,accepted_return_check_disabled,0.1,1,,,,,,,2.465190328815662e-32,2.8863709159377264e-07,1.0,,,
T-L,DA,mc_learned_baseline,False,45,65,46280,16640,16640,0,0,13000,23140,92560,262144,1.0500000000000003,1.05,1.0489806592952002,-1.1102230246251565e-15,-2.2673564204751947e-19,public_state_tabular_independent_mc,1,0.0032679905999025084,0.7157289999304339,True,accepted_return_check_disabled,0.1,1,,,,,,,2.465190328815662e-32,2.8863709159444e-07,1.0,,,
T-L,DA,mc_learned_baseline,False,45,66,46992,16896,16896,0,0,13200,23496,93984,262144,1.0476562500000002,1.0383000000000002,1.0490158120484412,3.515275324095235e-05,7.960879024176468e-06,public_state_tabular_independent_mc,1,0.002903240430682335,0.7254535999381915,True,accepted_return_check_disabled,0.1,1,,,,,,,0.00035400390625000064,0.0008602701433099442,0.6155422840019977,,,
T-L,DA,mc_learned_baseline,False,45,67,47704,17152,17152,0,0,13400,23852,95408,262144,1.0500000000000003,1.05,1.0490158120484405,-6.661338147750939e-16,5.828716986270485e-17,public_state_tabular_independent_mc,1,0.002903240430684861,0.7345834999578074,True,accepted_return_check_disabled,0.1,1,,,,,,,2.465190328815662e-32,2.6812549501668144e-07,1.0,,,
T-L,DA,mc_learned_baseline,False,45,68,48416,17408,17408,0,0,13600,24208,96832,262144,1.0500000000000003,1.05,1.0490158120484396,-8.881784197001252e-16,5.828716986231037e-17,public_state_tabular_independent_mc,1,0.0029032404306873864,0.7454153000144288,True,accepted_return_check_disabled,0.1,1,,,,,,,2.465190328815662e-32,2.6812549501705847e-07,1.0,,,
T-L,DA,mc_learned_baseline,False,45,69,49128,17664,17664,0,0,13800,24564,98256,262144,1.0500000000000003,1.05,1.0490158120484387,-8.881784197001252e-16,5.828716986191583e-17,public_state_tabular_independent_mc,1,0.002903240430689912,0.7577730999328196,True,accepted_return_check_disabled,0.1,1,,,,,,,2.465190328815662e-32,2.681254950175611e-07,1.0,,,
T-L,DA,mc_learned_baseline,False,45,70,49840,17920,17920,0,0,14000,24920,99680,262144,1.0500000000000003,1.05,1.049015812048438,-6.661338147750939e-16,5.82871698615214e-17,public_state_tabular_independent_mc,1,0.002903240430692438,0.7701036999933422,True,accepted_return_check_disabled,0.1,1,,,,,,,2.465190328815662e-32,2.6812549501806364e-07,1.0,,,
T-L,DA,mc_learned_baseline,False,45,71,50552,18176,18176,0,0,14200,25276,101104,262144,1.0500000000000003,1.0323000000000002,1.0490158120484372,-8.881784197001252e-16,5.828716986112687e-17,public_state_tabular_independent_mc,1,0.0029032404306949637,0.7788302999688312,True,accepted_return_check_disabled,0.1,1,,,,,,,2.465190328815662e-32,2.681254950184407e-07,1.0,,,
T-L,DA,mc_learned_baseline,False,45,72,51264,18432,18432,0,0,14400,25632,102528,262144,1.0500000000000003,1.05,1.0490158120484365,-6.661338147750939e-16,5.828716986073239e-17,public_state_tabular_independent_mc,1,0.002903240430697489,0.7889157999306917,True,accepted_return_check_disabled,0.1,1,,,,,,,2.465190328815662e-32,2.681254950189433e-07,1.0,,,
T-L,DA,mc_learned_baseline,False,45,73,51976,18688,18688,0,0,14600,25988,103952,262144,1.0500000000000003,1.0383000000000002,1.0490158120484359,-6.661338147750939e-16,5.828716986033784e-17,public_state_tabular_independent_mc,1,0.0029032404307000144,0.8044530999613926,True,accepted_return_check_disabled,0.1,1,,,,,,,2.465190328815662e-32,2.6812549501932037e-07,1.0,,,
T-L,DA,mc_learned_baseline,False,45,74,52688,18944,18944,0,0,14800,26344,105376,262144,1.0500000000000003,1.05,1.049015812048435,-8.881784197001252e-16,5.828716985994341e-17,public_state_tabular_independent_mc,1,0.00290324043070254,0.8146136000286788,True,accepted_return_check_disabled,0.1,1,,,,,,,2.465190328815662e-32,2.681254950196973e-07,1.0,,,
T-L,DA,mc_learned_baseline,False,45,75,53400,19200,19200,0,0,15000,26700,106800,262144,1.0500000000000003,1.05,1.0490158120484343,-6.661338147750939e-16,5.828716985954889e-17,public_state_tabular_independent_mc,1,0.0029032404307050654,0.823493400006555,True,accepted_return_check_disabled,0.1,1,,,,,,,2.465190328815662e-32,2.6812549502019996e-07,1.0,,,
T-L,DA,mc_learned_baseline,False,45,76,54112,19456,19456,0,0,15200,27056,108224,262144,1.0500000000000003,1.05,1.0490158120484334,-8.881784197001252e-16,5.82871698591544e-17,public_state_tabular_independent_mc,1,0.0029032404307075916,0.8338650999357924,True,accepted_return_check_disabled,0.1,1,,,,,,,2.465190328815662e-32,2.6812549502057694e-07,1.0,,,
T-L,DA,mc_learned_baseline,False,45,77,54824,19712,19712,0,0,15400,27412,109648,262144,1.0500000000000003,1.05,1.0490158120484327,-6.661338147750939e-16,5.828716985875986e-17,public_state_tabular_independent_mc,1,0.002903240430710117,0.842466100002639,True,accepted_return_check_disabled,0.1,1,,,,,,,2.465190328815662e-32,2.681254950210795e-07,1.0,,,
T-L,DA,mc_learned_baseline,False,45,78,55536,19968,19968,0,0,15600,27768,111072,262144,1.0476562500000002,1.05,1.0490515617667968,3.5749718364064265e-05,6.8275708914245906e-06,public_state_tabular_independent_mc,1,0.0025892547618494442,0.8519988999469206,True,accepted_return_check_disabled,0.1,1,,,,,,,0.00035400390625000064,0.001402422472228473,0.6155422840019976,,,
T-L,DA,mc_learned_baseline,False,45,79,56248,20224,20224,0,0,15800,28124,112496,262144,1.0500000000000003,1.05,1.0490515617667961,-6.661338147750939e-16,-8.874300493627027e-20,public_state_tabular_independent_mc,1,0.002589254761851539,0.864070100011304,True,accepted_return_check_disabled,0.1,1,,,,,,,2.465190328815662e-32,2.4853294158230343e-07,1.0,,,
T-L,DA,mc_learned_baseline,False,45,80,56960,20480,20480,0,0,16000,28480,113920,262144,1.0500000000000003,1.05,1.049218489509252,0.00016692774245585795,4.630718119287363e-06,public_state_tabular_independent_mc,1,0.002175083690658716,0.8738318999530748,True,accepted_return_check_disabled,0.1,1,,,,,,,9.335021972656141e-05,8.403263292758118e-05,0.99958740234375,,,
T-L,DA,mc_learned_baseline,False,45,81,57672,20736,20736,0,0,16200,28836,115344,262144,1.0500000000000003,1.05,1.0492184895092516,-4.440892098500626e-16,-3.904575600492115e-20,public_state_tabular_independent_mc,1,0.002175083690659786,0.8837585999863222,True,accepted_return_check_disabled,0.1,1,,,,,,,2.465190328815662e-32,1.687447248115005e-07,1.0,,,
T-L,DA,mc_learned_baseline,False,45,82,58384,20992,20992,0,0,16400,29192,116768,262144,1.0500000000000003,1.05,1.0492184895092511,-4.440892098500626e-16,-3.9045756098105344e-20,public_state_tabular_independent_mc,1,0.002175083690660856,0.8957386999391019,True,accepted_return_check_disabled,0.1,1,,,,,,,2.465190328815662e-32,1.687447248116944e-07,1.0,,,
T-L,DA,mc_learned_baseline,False,45,83,59096,21248,21248,0,0,16600,29548,118192,262144,1.0476562500000002,1.05,1.0492501697667018,3.1680257450705795e-05,4.750807898666885e-06,public_state_tabular_independent_mc,1,0.0019470611061497278,0.9050120000028983,True,accepted_return_check_disabled,0.1,1,,,,,,,0.00035400390625000064,0.0021515962135603504,0.6155422840019975,,,
T-L,DA,mc_learned_baseline,False,45,84,59808,21504,21504,0,0,16800,29904,119616,262144,1.0500000000000003,1.05,1.0492501697667016,-2.220446049250313e-16,-2.6902661587017554e-20,public_state_tabular_independent_mc,1,0.0019470611061508335,0.9153925999999046,True,accepted_return_check_disabled,0.1,1,,,,,,,2.465190328815662e-32,1.5541249016682475e-07,1.0,,,
T-L,DA,mc_learned_baseline,False,45,85,60520,21760,21760,0,0,17000,30260,121040,262144,1.0500000000000003,1.05,1.0492501697667012,-4.440892098500626e-16,-2.6902661700286565e-20,public_state_tabular_independent_mc,1,0.001947061106151939,0.9290619000094011,True,accepted_return_check_disabled,0.1,1,,,,,,,2.465190328815662e-32,1.554124901669147e-07,1.0,,,
T-L,DA,mc_learned_baseline,False,45,86,61232,22016,22016,0,0,17200,30616,122464,262144,1.0408593750000001,1.05,1.0490850685488966,-0.000165101217804553,1.511441294090833e-05,public_state_tabular_independent_mc,1,0.0024580986824063716,0.9405842999694869,True,accepted_return_check_disabled,0.1,1,,,,,,,0.011948828125000005,0.005351122964942418,0.05200576133645418,,,
T-L,DA,mc_learned_baseline,False,45,87,61944,22272,22272,0,0,17400,30972,123888,262144,1.0500000000000003,1.05,1.0490850685488957,-8.881784197001252e-16,-9.185174157449317e-20,public_state_tabular_independent_mc,1,0.002458098682408479,0.9550832000095397,True,accepted_return_check_disabled,0.1,1,,,,,,,2.465190328815662e-32,2.4893245233661004e-07,1.0,,,
T-L,DA,mc_learned_baseline,False,45,88,62656,22528,22528,0,0,17600,31328,125312,262144,1.0500000000000003,1.05,1.049085068548895,-6.661338147750939e-16,-9.185174186517802e-20,public_state_tabular_independent_mc,1,0.002458098682410586,0.9684376999503002,True,accepted_return_check_disabled,0.1,1,,,,,,,2.465190328815662e-32,2.489324523371708e-07,1.0,,,
T-L,DA,mc_learned_baseline,False,45,89,63368,22784,22784,0,0,17800,31684,126736,262144,1.0500000000000003,1.05,1.0490850685488942,-8.881784197001252e-16,-9.185174215586289e-20,public_state_tabular_independent_mc,1,0.002458098682412693,0.9801236999919638,True,accepted_return_check_disabled,0.1,1,,,,,,,2.465190328815662e-32,2.4893245233759133e-07,1.0,,,
T-L,DA,mc_learned_baseline,False,45,90,64080,23040,23040,0,0,18000,32040,128160,262144,1.0500000000000003,1.05,1.0490850685488933,-8.881784197001252e-16,-9.185174244654776e-20,public_state_tabular_independent_mc,1,0.0024580986824148,0.994222000008449,True,accepted_return_check_disabled,0.1,1,,,,,,,2.465190328815662e-32,2.48932452338152e-07,1.0,,,
T-L,DA,mc_learned_baseline,False,45,91,64792,23296,23296,0,0,18200,32396,129584,262144,1.0476562500000002,1.05,1.0491385436017955,5.3475052902207665e-05,6.162652096223009e-06,public_state_tabular_independent_mc,1,0.0021669088341313373,1.0070392999332398,True,accepted_return_check_disabled,0.1,1,,,,,,,0.00035400390625000064,0.0031048616151890347,0.6155422840019976,,,
T-L,DA,mc_learned_baseline,False,45,92,65504,23552,23552,0,0,18400,32752,131008,262144,1.0500000000000003,1.05,1.0492384751844301,9.993158263466029e-05,2.621272642993677e-06,public_state_tabular_independent_mc,0,0.0019158692229611122,1.0179385000374168,True,accepted_return_check_disabled,0.1,1,,,,,,,2.7465820312496886e-06,1.608873391045138e-06,0.9978027343750002,,,
T-L,DA,mc_learned_baseline,False,45,93,66216,23808,23808,0,0,18600,33108,132432,262144,1.0500000000000003,1.05,1.0492384751844297,-4.440892098500626e-16,-2.894447099479111e-20,public_state_tabular_independent_mc,1,0.0019158692229622202,1.0318483000155538,True,accepted_return_check_disabled,0.1,1,,,,,,,2.465190328815662e-32,1.638514102652043e-07,1.0,,,
T-L,DA,mc_learned_baseline,False,45,94,66928,24064,24064,0,0,18800,33464,133856,262144,1.0500000000000003,1.05,1.0493227481825638,8.427299813407174e-05,2.2595327856435523e-06,public_state_tabular_independent_mc,0,0.0016998547484002125,1.0423079000320286,True,accepted_return_check_disabled,0.1,1,,,,,,,6.594543457030985e-05,6.062081235731649e-05,0.9472436523437522,,,
T-L,DA,mc_learned_baseline,False,45,95,67640,24320,24320,0,0,19000,33820,135280,262144,1.0500000000000003,1.05,1.0493227481825635,-2.220446049250313e-16,5.840677165432041e-17,public_state_tabular_independent_mc,1,0.001699854748400778,1.0537920999340713,True,accepted_return_check_disabled,0.1,1,,,,,,,2.465190328815662e-32,1.2712764718985528e-07,1.0,,,
T-L,DA,mc_learned_baseline,False,45,96,68352,24576,24576,0,0,19200,34176,136704,262144,1.0500000000000003,1.05,1.0493227481825633,-2.220446049250313e-16,5.840677165428798e-17,public_state_tabular_independent_mc,1,0.0016998547484013433,1.064199800021015,True,accepted_return_check_disabled,0.1,1,,,,,,,2.465190328815662e-32,1.271276471899427e-07,1.0,,,
T-L,DA,mc_learned_baseline,False,45,97,69064,24832,24832,0,0,19400,34532,138128,262144,1.0500000000000003,1.0353,1.049322748182563,-2.220446049250313e-16,5.840677165425555e-17,public_state_tabular_independent_mc,1,0.0016998547484019092,1.0734947000164539,True,accepted_return_check_disabled,0.1,1,,,,,,,2.465190328815662e-32,1.2712764719003006e-07,1.0,,,
T-L,DA,mc_learned_baseline,False,45,98,69776,25088,25088,0,0,19600,34888,139552,262144,1.0408593750000001,1.05,1.049153242231909,-0.00016950595065412521,1.3125675954831848e-05,public_state_tabular_independent_mc,1,0.002162402301402444,1.0844743000343442,True,accepted_return_check_disabled,0.1,1,,,,,,,0.011948828125000005,0.00535099082173908,0.052005761336454404,,,
T-L,DA,mc_learned_baseline,False,45,99,70488,25344,25344,0,0,19800,35244,140976,262144,1.0408593750000001,1.05,1.0488520501584189,-0.00030119207349010857,1.970571216291175e-05,public_state_tabular_independent_mc,0,0.002909401553048321,1.094703699927777,True,accepted_return_check_disabled,0.1,1,,,,,,,0.011930151367187504,0.00533298046191494,0.05180078367352958,,,
T-L,DA,mc_learned_baseline,False,45,100,71200,25600,25600,0,0,20000,35600,142400,262144,1.0500000000000003,1.05,1.048852050158417,-1.7763568394002505e-15,5.820022207237756e-17,public_state_tabular_independent_mc,1,0.002909401553051916,1.106384199927561,True,accepted_return_check_disabled,0.1,1,,,,,,,2.465190328815662e-32,4.797801215213716e-07,1.0,,,
T-L,DA,mc_learned_baseline,False,45,101,71912,25856,25856,0,0,20200,35956,143824,262144,1.0500000000000003,1.05,1.049021138573865,0.00016908841544793773,4.552313184080765e-06,public_state_tabular_independent_mc,0,0.0025072207201976542,1.116986699984409,True,accepted_return_check_disabled,0.1,1,,,,,,,6.594543457030985e-05,5.544505899874313e-05,0.9472436523437522,,,
T-L,DA,mc_learned_baseline,False,45,102,72624,26112,26112,0,0,20400,36312,145248,262144,1.0385156250000003,1.05,1.0492467697199417,0.0002256311460766547,6.52951795391631e-06,public_state_tabular_independent_mc,1,0.0020926573902224498,1.1296260999515653,True,accepted_return_check_disabled,0.1,1,,,,,,,0.015187385946512227,0.0033236964813988094,0.021364975217722404,,,
T-L,DA,mc_learned_baseline,False,45,103,73336,26368,26368,0,0,20600,36668,146672,262144,1.0500000000000003,1.05,1.049349879582541,0.0001031098625992044,2.9534911698346017e-06,public_state_tabular_independent_mc,0,0.001816001169725803,1.1412364999996498,True,accepted_return_check_disabled,0.1,1,,,,,,,2.7465820312496886e-06,1.5452418204357471e-06,0.9978027343750002,,,
T-L,DA,mc_learned_baseline,False,45,104,74048,26624,26624,0,0,20800,37024,148096,262144,1.0500000000000003,1.05,1.0493498795825407,-2.220446049250313e-16,-3.6295555367766225e-20,public_state_tabular_independent_mc,1,0.0018160011697268906,1.1541522999759763,True,accepted_return_check_disabled,0.1,1,,,,,,,2.465190328815662e-32,1.36322568311038e-07,1.0,,,
T-L,DA,mc_learned_baseline,False,45,105,74760,26880,26880,0,0,21000,37380,149520,262144,1.0500000000000003,1.05,1.0493498795825402,-4.440892098500626e-16,-3.6295555463182066e-20,public_state_tabular_independent_mc,1,0.0018160011697279784,1.1643141999375075,True,accepted_return_check_disabled,0.1,1,,,,,,,2.465190328815662e-32,1.3632256831114711e-07,1.0,,,
T-L,DA,mc_learned_baseline,False,45,106,75472,27136,27136,0,0,21200,37736,150944,262144,1.0500000000000003,1.05,1.0493498795825398,-4.440892098500626e-16,-3.62955555585979e-20,public_state_tabular_independent_mc,1,0.0018160011697290661,1.174308400019072,True,accepted_return_check_disabled,0.1,1,,,,,,,2.465190328815662e-32,1.3632256831136544e-07,1.0,,,
T-L,DA,mc_learned_baseline,False,45,107,76184,27392,27392,0,0,21400,38092,152368,262144,1.0500000000000003,1.05,1.0493498795825393,-4.440892098500626e-16,-3.6295555654013744e-20,public_state_tabular_independent_mc,1,0.0018160011697301538,1.188451600028202,True,accepted_return_check_disabled,0.1,1,,,,,,,2.465190328815662e-32,1.363225683115837e-07,1.0,,,
T-L,DA,mc_learned_baseline,False,45,108,76896,27648,27648,0,0,21600,38448,153792,262144,1.0500000000000003,1.05,1.0493498795825391,-2.220446049250313e-16,-3.6295555749429585e-20,public_state_tabular_independent_mc,1,0.0018160011697312415,1.1986048000399023,True,accepted_return_check_disabled,0.1,1,,,,,,,2.465190328815662e-32,1.36322568311802e-07,1.0,,,
T-L,DA,mc_learned_baseline,False,45,109,77608,27904,27904,0,0,21800,38804,155216,262144,1.0500000000000003,1.05,1.0493498795825387,-4.440892098500626e-16,-3.629555584484543e-20,public_state_tabular_independent_mc,1,0.001816001169732329,1.2078826000215486,True,accepted_return_check_disabled,0.1,1,,,,,,,2.465190328815662e-32,1.363225683119111e-07,1.0,,,
T-L,DA,mc_learned_baseline,False,45,110,78320,28160,28160,0,0,22000,39160,156640,262144,1.0500000000000003,1.044,1.0494347140032096,8.483442067097613e-05,2.416695650089298e-06,public_state_tabular_independent_mc,0,0.0015837024595100507,1.217345800017938,True,accepted_return_check_disabled,0.1,1,,,,,,,2.7465820312496886e-06,1.730909390104292e-06,0.9978027343750002,,,
T-L,DA,mc_learned_baseline,False,45,111,79032,28416,28416,0,0,22200,39516,158064,262144,1.0500000000000003,1.05,1.0494347140032092,-4.440892098500626e-16,-3.016416784681337e-20,public_state_tabular_independent_mc,1,0.0015837024595111604,1.227434300002642,True,accepted_return_check_disabled,0.1,1,,,,,,,2.465190328815662e-32,9.822336672777278e-08,1.0,,,
T-L,DA,mc_learned_baseline,False,45,112,79744,28672,28672,0,0,22400,39872,159488,262144,1.0500000000000003,1.0470000000000002,1.049434714003209,-2.220446049250313e-16,-3.016416796213238e-20,public_state_tabular_independent_mc,1,0.0015837024595122704,1.2377750999294221,True,accepted_return_check_disabled,0.1,1,,,,,,,2.465190328815662e-32,9.822336672795339e-08,1.0,,,
T-L,DA,mc_learned_baseline,False,45,113,80456,28928,28928,0,0,22600,40228,160912,262144,1.0500000000000003,1.05,1.0494347140032085,-4.440892098500626e-16,-3.016416807745139e-20,public_state_tabular_independent_mc,1,0.0015837024595133802,1.2543257999932393,True,accepted_return_check_disabled,0.1,1,,,,,,,2.465190328815662e-32,9.822336672804367e-08,1.0,,,
T-L,DA,mc_learned_baseline,False,45,114,81168,29184,29184,0,0,22800,40584,162336,262144,1.0500000000000003,1.05,1.049434714003208,-4.440892098500626e-16,-3.016416819277039e-20,public_state_tabular_independent_mc,1,0.00158370245951449,1.2659528999356553,True,accepted_return_check_disabled,0.1,1,,,,,,,2.465190328815662e-32,9.822336672822426e-08,1.0,,,
T-L,DA,mc_learned_baseline,False,45,115,81880,29440,29440,0,0,23000,40940,163760,262144,1.0500000000000003,1.05,1.0494347140032079,-2.220446049250313e-16,-3.01641683080894e-20,public_state_tabular_independent_mc,1,0.0015837024595155998,1.2772928000194952,True,accepted_return_check_disabled,0.1,1,,,,,,,2.465190328815662e-32,9.822336672840488e-08,1.0,,,
T-L,DA,mc_learned_baseline,False,45,116,82592,29696,29696,0,0,23200,41296,165184,262144,1.0500000000000003,1.05,1.0495337491374583,9.903513425046917e-05,2.6317799220849156e-06,public_state_tabular_independent_mc,0,0.0013297725240519979,1.2899468999821693,True,accepted_return_check_disabled,0.1,1,,,,,,,0.00011833553935051878,0.00011195937897674603,0.9993768441101337,,,
T-L,DA,mc_learned_baseline,False,45,117,83304,29952,29952,0,0,23400,41652,166608,262144,1.0500000000000003,1.05,1.0495337491374581,-2.220446049250313e-16,5.840752727807017e-17,public_state_tabular_independent_mc,1,0.0013297725240525638,1.3035544999875128,True,accepted_return_check_disabled,0.1,1,,,,,,,2.465190328815662e-32,6.674897920805894e-08,1.0,,,
T-L,DA,mc_learned_baseline,False,45,118,84016,30208,30208,0,0,23600,42008,168032,262144,1.0500000000000003,1.05,1.049533749137458,-2.220446049250313e-16,5.840752727803516e-17,public_state_tabular_independent_mc,1,0.00132977252405313,1.3230220000259578,True,accepted_return_check_disabled,0.1,1,,,,,,,2.465190328815662e-32,6.674897920813335e-08,1.0,,,
T-L,DA,mc_learned_baseline,False,45,119,84728,30464,30464,0,0,23800,42364,169456,262144,1.0500000000000003,1.05,1.0495337491374577,-2.220446049250313e-16,5.840752727800015e-17,public_state_tabular_independent_mc,1,0.0013297725240536962,1.3405093000037596,True,accepted_return_check_disabled,0.1,1,,,,,,,2.465190328815662e-32,6.674897920820775e-08,1.0,,,
T-L,DA,mc_learned_baseline,False,45,120,85440,30720,30720,0,0,24000,42720,170880,262144,1.0500000000000003,1.05,1.0495337491374575,-2.220446049250313e-16,5.840752727796515e-17,public_state_tabular_independent_mc,1,0.0013297725240542628,1.355576799949631,True,accepted_return_check_disabled,0.1,1,,,,,,,2.465190328815662e-32,6.674897920828211e-08,1.0,,,
T-L,DA,mc_learned_baseline,False,45,121,86152,30976,30976,0,0,24200,43076,172304,262144,1.0500000000000003,1.05,1.0495337491374572,-2.220446049250313e-16,5.840752727793014e-17,public_state_tabular_independent_mc,1,0.001329772524054829,1.3781964000081643,True,accepted_return_check_disabled,0.1,1,,,,,,,2.465190328815662e-32,6.674897920835651e-08,1.0,,,
T-L,DA,mc_learned_baseline,False,45,122,86864,31232,31232,0,0,24400,43432,173728,262144,1.0500000000000003,1.05,1.0495337491374572,0.0,5.840752727789514e-17,public_state_tabular_independent_mc,1,0.0013297725240553953,1.3893589000217617,True,accepted_return_check_disabled,0.1,1,,,,,,,2.465190328815662e-32,6.674897920843087e-08,1.0,,,
T-L,DA,mc_learned_baseline,False,45,123,87576,31488,31488,0,0,24600,43788,175152,262144,1.0500000000000003,1.05,1.049533749137457,-2.220446049250313e-16,5.840752727786013e-17,public_state_tabular_independent_mc,1,0.0013297725240559615,1.404390300041996,True,accepted_return_check_disabled,0.1,1,,,,,,,2.465190328815662e-32,6.674897920843087e-08,1.0,,,
T-L,DA,mc_learned_baseline,False,45,124,88288,31744,31744,0,0,24800,44144,176576,262144,1.0500000000000003,1.05,1.0495337491374568,-2.220446049250313e-16,5.840752727782513e-17,public_state_tabular_independent_mc,1,0.0013297725240565277,1.4139234999893233,True,accepted_return_check_disabled,0.1,1,,,,,,,2.465190328815662e-32,6.67489792085053e-08,1.0,,,
T-L,DA,mc_learned_baseline,False,45,125,89000,32000,32000,0,0,25000,44500,178000,262144,1.0500000000000003,1.05,1.0495337491374566,-2.220446049250313e-16,5.840752727779012e-17,public_state_tabular_independent_mc,1,0.001329772524057094,1.4252429000334814,True,accepted_return_check_disabled,0.1,1,,,,,,,2.465190328815662e-32,6.674897920857965e-08,1.0,,,
T-L,DA,mc_learned_baseline,False,45,126,89712,32256,32256,0,0,25200,44856,179424,262144,1.0500000000000003,1.0470000000000002,1.0495337491374563,-2.220446049250313e-16,5.840752727775511e-17,public_state_tabular_independent_mc,1,0.0013297725240576598,1.434121900005266,True,accepted_return_check_disabled,0.1,1,,,,,,,2.465190328815662e-32,6.674897920865406e-08,1.0,,,
T-L,DA,mc_learned_baseline,False,45,127,90424,32512,32512,0,0,25400,45212,180848,262144,1.0500000000000003,1.05,1.0495337491374561,-2.220446049250313e-16,5.840752727772011e-17,public_state_tabular_independent_mc,1,0.0013297725240582262,1.4433512999676168,True,accepted_return_check_disabled,0.1,1,,,,,,,2.465190328815662e-32,6.674897920872847e-08,1.0,,,
T-L,DA,mc_learned_baseline,False,45,128,91136,32768,32768,0,0,25600,45568,182272,262144,1.0500000000000003,1.05,1.049533749137456,-2.220446049250313e-16,5.84075272776851e-17,public_state_tabular_independent_mc,1,0.0013297725240587926,1.452590600005351,True,accepted_return_check_disabled,0.1,1,,,,,,,2.465190328815662e-32,6.674897920880282e-08,1.0,,,
T-L,DA,mc_learned_baseline,False,45,129,91848,33024,33024,0,0,25800,45924,183696,262144,1.0500000000000003,1.05,1.0495337491374557,-2.220446049250313e-16,5.84075272776501e-17,public_state_tabular_independent_mc,1,0.0013297725240593587,1.4612378999590874,True,accepted_return_check_disabled,0.1,1,,,,,,,2.465190328815662e-32,6.674897920887723e-08,1.0,,,
T-L,DA,mc_learned_baseline,False,45,130,92560,33280,33280,0,0,26000,46280,185120,262144,1.0500000000000003,1.05,1.0495337491374555,-2.220446049250313e-16,5.840752727761509e-17,public_state_tabular_independent_mc,1,0.001329772524059925,1.4710584999993443,True,accepted_return_check_disabled,0.1,1,,,,,,,2.465190328815662e-32,6.674897920895161e-08,1.0,,,
T-L,DA,mc_learned_baseline,False,45,131,93272,33536,33536,0,0,26200,46636,186544,262144,1.0500000000000003,1.05,1.0495337491374555,0.0,5.840752727758009e-17,public_state_tabular_independent_mc,1,0.0013297725240604913,1.480046599986963,True,accepted_return_check_disabled,0.1,1,,,,,,,2.465190328815662e-32,6.674897920902601e-08,1.0,,,
T-L,DA,mc_learned_baseline,False,45,132,93984,33792,33792,0,0,26400,46992,187968,262144,1.0500000000000003,1.05,1.0495337491374552,-2.220446049250313e-16,5.840752727754508e-17,public_state_tabular_independent_mc,1,0.0013297725240610575,1.4902596999891102,True,accepted_return_check_disabled,0.1,1,,,,,,,2.465190328815662e-32,6.674897920902601e-08,1.0,,,
T-L,DA,mc_learned_baseline,False,45,133,94696,34048,34048,0,0,26600,47348,189392,262144,1.0500000000000003,1.05,1.0495337491374548,-4.440892098500626e-16,5.840752727751008e-17,public_state_tabular_independent_mc,1,0.0013297725240616236,1.5007705999305472,True,accepted_return_check_disabled,0.1,1,,,,,,,2.465190328815662e-32,6.674897920910037e-08,1.0,,,
T-L,DA,mc_learned_baseline,False,45,134,95408,34304,34304,0,0,26800,47704,190816,262144,1.0500000000000003,1.0470000000000002,1.049592710995827,5.896185837217516e-05,1.7167134827075417e-06,public_state_tabular_independent_mc,0,0.0011617231712589048,1.5100744999945164,True,accepted_return_check_disabled,0.1,1,,,,,,,6.594543457030985e-05,6.216474139635999e-05,0.9472436523437522,,,
T-L,DA,mc_learned_baseline,False,45,135,96120,34560,34560,0,0,27000,48060,192240,262144,1.0500000000000003,1.05,1.0495927109958267,-2.220446049250313e-16,5.841410932615659e-17,public_state_tabular_independent_mc,1,0.0011617231712594824,1.5214931999798864,True,accepted_return_check_disabled,0.1,1,,,,,,,2.465190328815662e-32,4.873410071378225e-08,1.0,,,
T-L,DA,mc_learned_baseline,False,45,136,96832,34816,34816,0,0,27200,48416,193664,262144,1.0500000000000003,1.05,1.0495927109958267,0.0,5.841410932611411e-17,public_state_tabular_independent_mc,1,0.0011617231712600599,1.531128800008446,True,accepted_return_check_disabled,0.1,1,,,,,,,2.465190328815662e-32,4.873410071384355e-08,1.0,,,
T-L,DA,mc_learned_baseline,False,45,137,97544,35072,35072,0,0,27400,48772,195088,262144,1.0500000000000003,1.05,1.0495927109958265,-2.220446049250313e-16,5.841410932607164e-17,public_state_tabular_independent_mc,1,0.0011617231712606373,1.5405663000419736,True,accepted_return_check_disabled,0.1,1,,,,,,,2.465190328815662e-32,4.873410071384355e-08,1.0,,,
T-L,DA,mc_learned_baseline,False,45,138,98256,35328,35328,0,0,27600,49128,196512,262144,1.0500000000000003,1.05,1.049592710995826,-4.440892098500626e-16,5.841410932602915e-17,public_state_tabular_independent_mc,1,0.001161723171261215,1.551026999950409,True,accepted_return_check_disabled,0.1,1,,,,,,,2.465190328815662e-32,4.873410071390485e-08,1.0,,,
T-L,DA,mc_learned_baseline,False,45,139,98968,35584,35584,0,0,27800,49484,197936,262144,1.0500000000000003,1.05,1.0495927109958259,-2.220446049250313e-16,5.841410932598668e-17,public_state_tabular_independent_mc,1,0.0011617231712617924,1.5596416000043973,True,accepted_return_check_disabled,0.1,1,,,,,,,2.465190328815662e-32,4.873410071402743e-08,1.0,,,
T-L,DA,mc_learned_baseline,False,45,140,99680,35840,35840,0,0,28000,49840,199360,262144,1.0500000000000003,1.05,1.0495927109958259,0.0,5.84141093259442e-17,public_state_tabular_independent_mc,1,0.0011617231712623703,1.56955380004365,True,accepted_return_check_disabled,0.1,1,,,,,,,2.465190328815662e-32,4.8734100714088734e-08,1.0,,,
T-L,DA,mc_learned_baseline,False,45,141,100392,36096,36096,0,0,28200,50196,200784,262144,1.0500000000000003,1.0383000000000002,1.0495927109958254,-4.440892098500626e-16,5.841410932590171e-17,public_state_tabular_independent_mc,1,0.0011617231712629478,1.5797468000091612,True,accepted_return_check_disabled,0.1,1,,,,,,,2.465190328815662e-32,4.8734100714088734e-08,1.0,,,
T-L,DA,mc_learned_baseline,False,45,142,101104,36352,36352,0,0,28400,50552,202208,262144,1.0500000000000003,1.05,1.0495927109958254,0.0,5.841410932585924e-17,public_state_tabular_independent_mc,1,0.0011617231712635252,1.5896721000317484,True,accepted_return_check_disabled,0.1,1,,,,,,,2.465190328815662e-32,4.873410071421133e-08,1.0,,,
T-L,DA,mc_learned_baseline,False,45,143,101816,36608,36608,0,0,28600,50908,203632,262144,1.0500000000000003,1.05,1.0495927109958252,-2.220446049250313e-16,5.841410932581676e-17,public_state_tabular_independent_mc,1,0.0011617231712641029,1.599917000043206,True,accepted_return_check_disabled,0.1,1,,,,,,,2.465190328815662e-32,4.873410071421133e-08,1.0,,,
T-L,DA,mc_learned_baseline,False,45,144,102528,36864,36864,0,0,28800,51264,205056,262144,1.0500000000000003,1.05,1.049592710995825,-2.220446049250313e-16,5.841410932577427e-17,public_state_tabular_independent_mc,1,0.0011617231712646805,1.6115641000214964,True,accepted_return_check_disabled,0.1,1,,,,,,,2.465190328815662e-32,4.8734100714272626e-08,1.0,,,
T-L,DA,mc_learned_baseline,False,45,145,103240,37120,37120,0,0,29000,51620,206480,262144,1.0500000000000003,1.05,1.0495927109958247,-2.220446049250313e-16,5.84141093257318e-17,public_state_tabular_independent_mc,1,0.001161723171265258,1.6261847999412566,True,accepted_return_check_disabled,0.1,1,,,,,,,2.465190328815662e-32,4.873410071433393e-08,1.0,,,
T-L,DA,mc_learned_baseline,False,45,146,103952,37376,37376,0,0,29200,51976,207904,262144,1.0500000000000003,1.05,1.0495927109958245,-2.220446049250313e-16,5.841410932568932e-17,public_state_tabular_independent_mc,1,0.0011617231712658354,1.635016500018537,True,accepted_return_check_disabled,0.1,1,,,,,,,2.465190328815662e-32,4.8734100714395215e-08,1.0,,,
T-L,DA,mc_learned_baseline,False,45,147,104664,37632,37632,0,0,29400,52332,209328,262144,1.0500000000000003,1.05,1.0495927109958243,-2.220446049250313e-16,5.841410932564684e-17,public_state_tabular_independent_mc,1,0.001161723171266413,1.644406900042668,True,accepted_return_check_disabled,0.1,1,,,,,,,2.465190328815662e-32,4.873410071445651e-08,1.0,,,
T-L,DA,mc_learned_baseline,False,45,148,105376,37888,37888,0,0,29600,52688,210752,262144,1.0500000000000003,1.05,1.049592710995824,-2.220446049250313e-16,5.841410932560436e-17,public_state_tabular_independent_mc,1,0.0011617231712669905,1.653135700034909,True,accepted_return_check_disabled,0.1,1,,,,,,,2.465190328815662e-32,4.8734100714517816e-08,1.0,,,
T-L,DA,mc_learned_baseline,False,45,149,106088,38144,38144,0,0,29800,53044,212176,262144,1.0385156250000003,1.05,1.0496608554166766,6.814442085256722e-05,2.1442006610921507e-06,public_state_tabular_independent_mc,0,0.0010143010343854817,1.6629412999609485,True,accepted_return_check_disabled,0.1,1,,,,,,,0.015018408203125,0.0030039981758179643,0.03814968707639543,,,
T-L,DA,mc_learned_baseline,False,45,150,106800,38400,38400,0,0,30000,53400,213600,262144,1.0500000000000003,1.05,1.0496608554166764,-2.220446049250313e-16,5.841718547095193e-17,public_state_tabular_independent_mc,1,0.0010143010343860663,1.6735169999301434,True,accepted_return_check_disabled,0.1,1,,,,,,,2.465190328815662e-32,3.2244425007828894e-08,1.0,,,
T-L,DA,mc_learned_baseline,False,45,151,107512,38656,38656,0,0,30200,53756,215024,262144,1.0500000000000003,1.05,1.0496608554166762,-2.220446049250313e-16,5.841718547090027e-17,public_state_tabular_independent_mc,1,0.0010143010343866509,1.6832531000254676,True,accepted_return_check_disabled,0.1,1,,,,,,,2.465190328815662e-32,3.224442500787506e-08,1.0,,,
T-L,DA,mc_learned_baseline,False,45,152,108224,38912,38912,0,0,30400,54112,216448,262144,1.0500000000000003,1.05,1.0496608554166762,0.0,5.841718547084864e-17,public_state_tabular_independent_mc,1,0.0010143010343872353,1.6961183999665082,True,accepted_return_check_disabled,0.1,1,,,,,,,2.465190328815662e-32,3.224442500792123e-08,1.0,,,
T-L,DA,mc_learned_baseline,False,45,153,108936,39168,39168,0,0,30600,54468,217872,262144,1.0500000000000003,1.05,1.0496608554166758,-4.440892098500626e-16,5.841718547079698e-17,public_state_tabular_independent_mc,1,0.00101430103438782,1.7073001000098884,True,accepted_return_check_disabled,0.1,1,,,,,,,2.465190328815662e-32,3.224442500792123e-08,1.0,,,
T-L,DA,mc_learned_baseline,False,45,154,109648,39424,39424,0,0,30800,54824,219296,262144,1.0500000000000003,1.05,1.0496608554166758,0.0,0.0,public_state_tabular_independent_mc,1,0.00101430103438782,1.717100300011225,True,accepted_return_check_disabled,0.1,1,,,,,,,2.465190328815662e-32,3.2244425008013554e-08,1.0,,,
T-L,DA,mc_learned_baseline,False,45,155,110360,39680,39680,0,0,31000,55180,220720,262144,1.0500000000000003,1.05,1.0496608554166758,0.0,0.0,public_state_tabular_independent_mc,1,0.00101430103438782,1.7275687999790534,True,accepted_return_check_disabled,0.1,1,,,,,,,2.465190328815662e-32,3.2244425008013554e-08,1.0,,,
T-L,DA,mc_learned_baseline,False,45,156,111072,39936,39936,0,0,31200,55536,222144,262144,1.0500000000000003,1.05,1.0496608554166758,0.0,0.0,public_state_tabular_independent_mc,1,0.00101430103438782,1.7384743000147864,True,accepted_return_check_disabled,0.1,1,,,,,,,2.465190328815662e-32,3.2244425008013554e-08,1.0,,,
T-L,DA,mc_learned_baseline,False,45,157,111784,40192,40192,0,0,31400,55892,223568,262144,1.0500000000000003,1.05,1.0496608554166758,0.0,0.0,public_state_tabular_independent_mc,1,0.00101430103438782,1.747535299975425,True,accepted_return_check_disabled,0.1,1,,,,,,,2.465190328815662e-32,3.2244425008013554e-08,1.0,,,
T-L,DA,mc_learned_baseline,False,45,158,112496,40448,40448,0,0,31600,56248,224992,262144,1.0500000000000003,1.05,1.0496608554166758,0.0,0.0,public_state_tabular_independent_mc,1,0.00101430103438782,1.7624377999454737,True,accepted_return_check_disabled,0.1,1,,,,,,,2.465190328815662e-32,3.2244425008013554e-08,1.0,,,
T-L,DA,mc_learned_baseline,False,45,159,113208,40704,40704,0,0,31800,56604,226416,262144,1.0500000000000003,1.05,1.0496608554166758,0.0,0.0,public_state_tabular_independent_mc,1,0.00101430103438782,1.77163750003092,True,accepted_return_check_disabled,0.1,1,,,,,,,2.465190328815662e-32,3.2244425008013554e-08,1.0,,,
T-L,DA,mc_learned_baseline,False,45,160,113920,40960,40960,0,0,32000,56960,227840,262144,1.0500000000000003,1.05,1.0496608554166758,0.0,0.0,public_state_tabular_independent_mc,1,0.00101430103438782,1.7826381999766454,True,accepted_return_check_disabled,0.1,1,,,,,,,2.465190328815662e-32,3.2244425008013554e-08,1.0,,,
T-L,DA,mc_learned_baseline,False,45,161,114632,41216,41216,0,0,32200,57316,229264,262144,1.0500000000000003,1.05,1.0496608554166758,0.0,0.0,public_state_tabular_independent_mc,1,0.00101430103438782,1.7918882999802008,True,accepted_return_check_disabled,0.1,1,,,,,,,2.465190328815662e-32,3.2244425008013554e-08,1.0,,,
T-L,DA,mc_learned_baseline,False,45,162,115344,41472,41472,0,0,32400,57672,230688,262144,1.0500000000000003,1.05,1.0496608554166758,0.0,0.0,public_state_tabular_independent_mc,1,0.00101430103438782,1.8022478999337181,True,accepted_return_check_disabled,0.1,1,,,,,,,2.465190328815662e-32,3.2244425008013554e-08,1.0,,,
T-L,DA,mc_learned_baseline,False,45,163,116056,41728,41728,0,0,32600,58028,232112,262144,1.0500000000000003,1.05,1.0496608554166758,0.0,0.0,public_state_tabular_independent_mc,1,0.00101430103438782,1.8131278000073507,True,accepted_return_check_disabled,0.1,1,,,,,,,2.465190328815662e-32,3.2244425008013554e-08,1.0,,,
T-L,DA,mc_learned_baseline,False,45,164,116768,41984,41984,0,0,32800,58384,233536,262144,1.0500000000000003,1.05,1.0496608554166758,0.0,0.0,public_state_tabular_independent_mc,1,0.00101430103438782,1.8243284999625757,True,accepted_return_check_disabled,0.1,1,,,,,,,2.465190328815662e-32,3.2244425008013554e-08,1.0,,,
T-L,DA,mc_learned_baseline,False,45,165,117480,42240,42240,0,0,33000,58740,234960,262144,1.0500000000000003,1.05,1.0496608554166758,0.0,0.0,public_state_tabular_independent_mc,1,0.00101430103438782,1.8364207999547943,True,accepted_return_check_disabled,0.1,1,,,,,,,2.465190328815662e-32,3.2244425008013554e-08,1.0,,,
T-L,DA,mc_learned_baseline,False,45,166,118192,42496,42496,0,0,33200,59096,236384,262144,1.0500000000000003,1.05,1.0496608554166758,0.0,0.0,public_state_tabular_independent_mc,1,0.00101430103438782,1.8474868999328464,True,accepted_return_check_disabled,0.1,1,,,,,,,2.465190328815662e-32,3.2244425008013554e-08,1.0,,,
T-L,DA,mc_learned_baseline,False,45,167,118904,42752,42752,0,0,33400,59452,237808,262144,1.0500000000000003,1.05,1.0496608554166758,0.0,0.0,public_state_tabular_independent_mc,1,0.00101430103438782,1.8574377000331879,True,accepted_return_check_disabled,0.1,1,,,,,,,2.465190328815662e-32,3.2244425008013554e-08,1.0,,,
T-L,DA,mc_learned_baseline,False,45,168,119616,43008,43008,0,0,33600,59808,239232,262144,1.0500000000000003,1.05,1.0496608554166758,0.0,0.0,public_state_tabular_independent_mc,1,0.00101430103438782,1.8692669000010937,True,accepted_return_check_disabled,0.1,1,,,,,,,2.465190328815662e-32,3.2244425008013554e-08,1.0,,,
T-L,DA,mc_learned_baseline,False,45,169,120328,43264,43264,0,0,33800,60164,240656,262144,1.0500000000000003,1.05,1.0496956610596102,3.480564293445454e-05,1.0454290909799056e-06,public_state_tabular_independent_mc,0,0.0009025582133996185,1.8811462000012398,True,accepted_return_check_disabled,0.1,1,,,,,,,2.7465820312496886e-06,2.2915395220269094e-06,0.9978027343750002,,,
T-L,DA,mc_learned_baseline,False,45,170,121040,43520,43520,0,0,34000,60520,242080,262144,1.0500000000000003,1.05,1.0496956610596102,0.0,0.0,public_state_tabular_independent_mc,1,0.0009025582133996185,1.8930522999726236,True,accepted_return_check_disabled,0.1,1,,,,,,,2.465190328815662e-32,2.561373178120937e-08,1.0,,,
T-L,DA,mc_learned_baseline,False,45,171,121752,43776,43776,0,0,34200,60876,243504,262144,1.0500000000000003,1.05,1.0496956610596102,0.0,0.0,public_state_tabular_independent_mc,1,0.0009025582133996185,1.904155800002627,True,accepted_return_check_disabled,0.1,1,,,,,,,2.465190328815662e-32,2.561373178120937e-08,1.0,,,
T-L,DA,mc_learned_baseline,False,45,172,122464,44032,44032,0,0,34400,61232,244928,262144,1.0500000000000003,1.05,1.0496956610596102,0.0,0.0,public_state_tabular_independent_mc,1,0.0009025582133996185,1.9149894999573007,True,accepted_return_check_disabled,0.1,1,,,,,,,2.465190328815662e-32,2.561373178120937e-08,1.0,,,
T-L,DA,mc_learned_baseline,False,45,173,123176,44288,44288,0,0,34600,61588,246352,262144,1.0500000000000003,1.05,1.0496956610596102,0.0,0.0,public_state_tabular_independent_mc,1,0.0009025582133996185,1.9280983000062406,True,accepted_return_check_disabled,0.1,1,,,,,,,2.465190328815662e-32,2.561373178120937e-08,1.0,,,
T-L,DA,mc_learned_baseline,False,45,174,123888,44544,44544,0,0,34800,61944,247776,262144,1.0500000000000003,1.05,1.0496956610596102,0.0,0.0,public_state_tabular_independent_mc,1,0.0009025582133996185,1.9406515000155196,True,accepted_return_check_disabled,0.1,1,,,,,,,2.465190328815662e-32,2.561373178120937e-08,1.0,,,
T-L,DA,mc_learned_baseline,False,45,175,124600,44800,44800,0,0,35000,62300,249200,262144,1.0500000000000003,1.05,1.0496956610596102,0.0,0.0,public_state_tabular_independent_mc,1,0.0009025582133996185,1.9502176999812946,True,accepted_return_check_disabled,0.1,1,,,,,,,2.465190328815662e-32,2.561373178120937e-08,1.0,,,
T-L,DA,mc_learned_baseline,False,45,176,125312,45056,45056,0,0,35200,62656,250624,262144,1.0500000000000003,1.05,1.0496956610596102,0.0,0.0,public_state_tabular_independent_mc,1,0.0009025582133996185,1.9640015999320894,True,accepted_return_check_disabled,0.1,1,,,,,,,2.465190328815662e-32,2.561373178120937e-08,1.0,,,
T-L,DA,mc_learned_baseline,False,45,177,126024,45312,45312,0,0,35400,63012,252048,262144,1.0500000000000003,1.05,1.0496956610596102,0.0,0.0,public_state_tabular_independent_mc,1,0.0009025582133996185,1.9761954999994487,True,accepted_return_check_disabled,0.1,1,,,,,,,2.465190328815662e-32,2.561373178120937e-08,1.0,,,
T-L,DA,mc_learned_baseline,False,45,178,126736,45568,45568,0,0,35600,63368,253472,262144,1.0500000000000003,1.05,1.0496956610596102,0.0,0.0,public_state_tabular_independent_mc,1,0.0009025582133996185,1.9892477999674156,True,accepted_return_check_disabled,0.1,1,,,,,,,2.465190328815662e-32,2.561373178120937e-08,1.0,,,
T-L,DA,mc_learned_baseline,False,45,179,127448,45824,45824,0,0,35800,63724,254896,262144,1.0500000000000003,1.05,1.0496956610596102,0.0,0.0,public_state_tabular_independent_mc,1,0.0009025582133996185,2.004458799958229,True,accepted_return_check_disabled,0.1,1,,,,,,,2.465190328815662e-32,2.561373178120937e-08,1.0,,,
T-L,DA,mc_learned_baseline,False,45,180,128160,46080,46080,0,0,36000,64080,256320,262144,1.0500000000000003,1.05,1.0496956610596102,0.0,0.0,public_state_tabular_independent_mc,1,0.0009025582133996185,2.0174045999301597,True,accepted_return_check_disabled,0.1,1,,,,,,,2.465190328815662e-32,2.561373178120937e-08,1.0,,,
T-L,DA,mc_learned_baseline,False,45,181,128872,46336,46336,0,0,36200,64436,257744,262144,1.0500000000000003,1.05,1.0496956610596102,0.0,0.0,public_state_tabular_independent_mc,1,0.0009025582133996185,2.02788149996195,True,accepted_return_check_disabled,0.1,1,,,,,,,2.465190328815662e-32,2.561373178120937e-08,1.0,,,
T-L,DA,mc_learned_baseline,False,45,182,129584,46592,46592,0,0,36400,64792,259168,262144,1.0500000000000003,1.05,1.0496956610596102,0.0,0.0,public_state_tabular_independent_mc,1,0.0009025582133996185,2.0386419999413192,True,accepted_return_check_disabled,0.1,1,,,,,,,2.465190328815662e-32,2.561373178120937e-08,1.0,,,
T-L,DA,mc_learned_baseline,False,45,183,130296,46848,46848,0,0,36600,65148,260592,262144,1.0500000000000003,1.05,1.0496956610596102,0.0,0.0,public_state_tabular_independent_mc,1,0.0009025582133996185,2.0495001999661326,True,accepted_return_check_disabled,0.1,1,,,,,,,2.465190328815662e-32,2.561373178120937e-08,1.0,,,
T-L,DA,mc_learned_baseline,False,45,184,131008,47104,47104,0,0,36800,65504,262016,262144,1.0500000000000003,1.05,1.0496956610596102,0.0,0.0,public_state_tabular_independent_mc,1,0.0009025582133996185,2.0585627999389544,True,accepted_return_check_disabled,0.1,1,,,,,,,2.465190328815662e-32,2.561373178120937e-08,1.0,,,
T-L,DA,mc_learned_baseline,False,45,185,131720,47360,47360,0,0,37000,65860,263440,262144,1.0500000000000003,1.05,1.0496956610596102,0.0,0.0,public_state_tabular_independent_mc,1,0.0009025582133996185,2.0682984000304714,True,accepted_return_check_disabled,0.1,1,,,,,,,2.465190328815662e-32,2.561373178120937e-08,1.0,,,
T-L,DA,mc_learned_baseline,False,45,186,132432,47616,47616,0,0,37200,66216,264864,262144,1.0500000000000003,1.05,1.0496956610596102,0.0,0.0,public_state_tabular_independent_mc,1,0.0009025582133996185,2.0820405000122264,True,accepted_return_check_disabled,0.1,1,,,,,,,2.465190328815662e-32,2.561373178120937e-08,1.0,,,
T-L,DA,mc_learned_baseline,False,45,187,133144,47872,47872,0,0,37400,66572,266288,262144,1.0500000000000003,1.05,1.0496956610596102,0.0,0.0,public_state_tabular_independent_mc,1,0.0009025582133996185,2.092049999977462,True,accepted_return_check_disabled,0.1,1,,,,,,,2.465190328815662e-32,2.561373178120937e-08,1.0,,,
T-L,DA,mc_learned_baseline,False,45,188,133856,48128,48128,0,0,37600,66928,267712,262144,1.0500000000000003,1.05,1.0496956610596102,0.0,0.0,public_state_tabular_independent_mc,1,0.0009025582133996185,2.1019559999695048,True,accepted_return_check_disabled,0.1,1,,,,,,,2.465190328815662e-32,2.561373178120937e-08,1.0,,,
T-L,DA,mc_learned_baseline,False,45,189,134568,48384,48384,0,0,37800,67284,269136,262144,1.0500000000000003,1.05,1.0496956610596102,0.0,0.0,public_state_tabular_independent_mc,1,0.0009025582133996185,2.113022799952887,True,accepted_return_check_disabled,0.1,1,,,,,,,2.465190328815662e-32,2.561373178120937e-08,1.0,,,
T-L,DA,mc_learned_baseline,False,45,190,135280,48640,48640,0,0,38000,67640,270560,262144,1.0500000000000003,1.05,1.0496956610596102,0.0,0.0,public_state_tabular_independent_mc,1,0.0009025582133996185,2.122820399934426,True,accepted_return_check_disabled,0.1,1,,,,,,,2.465190328815662e-32,2.561373178120937e-08,1.0,,,
T-L,DA,mc_learned_baseline,False,45,191,135992,48896,48896,0,0,38200,67996,271984,262144,1.0500000000000003,1.05,1.0496956610596102,0.0,0.0,public_state_tabular_independent_mc,1,0.0009025582133996185,2.1335739999776706,True,accepted_return_check_disabled,0.1,1,,,,,,,2.465190328815662e-32,2.561373178120937e-08,1.0,,,
T-L,DA,mc_learned_baseline,False,45,192,136704,49152,49152,0,0,38400,68352,273408,262144,1.0500000000000003,1.05,1.0496956610596102,0.0,0.0,public_state_tabular_independent_mc,1,0.0009025582133996185,2.145085799973458,True,accepted_return_check_disabled,0.1,1,,,,,,,2.465190328815662e-32,2.561373178120937e-08,1.0,,,
T-L,DA,mc_learned_baseline,False,45,193,137416,49408,49408,0,0,38600,68708,274832,262144,1.0500000000000003,1.05,1.0497243227795987,2.8661719988498646e-05,8.501923411247759e-07,public_state_tabular_independent_mc,0,0.0008088822288166176,2.156036700005643,True,accepted_return_check_disabled,0.1,1,,,,,,,2.7465820312496886e-06,2.366484554427737e-06,0.9978027343750002,,,
T-L,DA,mc_learned_baseline,False,45,194,138128,49664,49664,0,0,38800,69064,276256,262144,1.0500000000000003,1.05,1.0497243227795987,0.0,0.0,public_state_tabular_independent_mc,1,0.0008088822288166176,2.1711298000300303,True,accepted_return_check_disabled,0.1,1,,,,,,,2.465190328815662e-32,2.106303629315631e-08,1.0,,,
T-L,DA,mc_learned_baseline,False,45,195,138840,49920,49920,0,0,39000,69420,277680,262144,1.0500000000000003,1.05,1.0497719024981234,4.7579718524648484e-05,1.2266756150776746e-06,public_state_tabular_independent_mc,1,0.0006804427390080417,2.181593199959025,True,accepted_return_check_disabled,0.1,1,,,,,,,9.335021972656141e-05,9.057003901758712e-05,0.99958740234375,,,
T-L,DA,mc_learned_baseline,False,45,196,139552,50176,50176,0,0,39200,69776,279104,262144,1.0500000000000003,1.05,1.0497719024981234,0.0,0.0,public_state_tabular_independent_mc,1,0.0006804427390080417,2.1926855000201613,True,accepted_return_check_disabled,0.1,1,,,,,,,2.465190328815662e-32,1.4421904234218765e-08,1.0,,,
T-L,DA,mc_learned_baseline,False,45,197,140264,50432,50432,0,0,39400,70132,280528,262144,1.0500000000000003,1.05,1.0497719024981234,0.0,0.0,public_state_tabular_independent_mc,1,0.0006804427390080417,2.2019693999318406,True,accepted_return_check_disabled,0.1,1,,,,,,,2.465190328815662e-32,1.4421904234218765e-08,1.0,,,
T-L,DA,mc_learned_baseline,False,45,198,140976,50688,50688,0,0,39600,70488,281952,262144,1.0500000000000003,1.05,1.0497719024981234,0.0,0.0,public_state_tabular_independent_mc,1,0.0006804427390080417,2.2172430999344215,True,accepted_return_check_disabled,0.1,1,,,,,,,2.465190328815662e-32,1.4421904234218765e-08,1.0,,,
T-L,DA,mc_learned_baseline,False,45,199,141688,50944,50944,0,0,39800,70844,283376,262144,1.0500000000000003,1.05,1.0498110487352066,3.914623708323184e-05,1.0030130300965764e-06,public_state_tabular_independent_mc,1,0.0005728235382897529,2.2270845000166446,True,accepted_return_check_disabled,0.1,1,,,,,,,9.335021972656141e-05,9.10465686223882e-05,0.99958740234375,,,
T-L,DA,mc_learned_baseline,False,45,200,142400,51200,51200,0,0,40000,71200,284800,262144,1.0500000000000003,1.05,1.0498110487352066,0.0,0.0,public_state_tabular_independent_mc,1,0.0005728235382897529,2.23855020001065,True,accepted_return_check_disabled,0.1,1,,,,,,,2.465190328815662e-32,9.898213530844874e-09,1.0,,,
T-L,DA,mc_learned_baseline,False,45,201,143112,51456,51456,0,0,40200,71556,286224,262144,1.0500000000000003,1.05,1.0498110487352066,0.0,0.0,public_state_tabular_independent_mc,1,0.0005728235382897529,2.248653499991633,True,accepted_return_check_disabled,0.1,1,,,,,,,2.465190328815662e-32,9.898213530844874e-09,1.0,,,
T-L,DA,mc_learned_baseline,False,45,202,143824,51712,51712,0,0,40400,71912,287648,262144,1.0500000000000003,1.05,1.0498110487352066,0.0,0.0,public_state_tabular_independent_mc,1,0.0005728235382897529,2.2607395999366418,True,accepted_return_check_disabled,0.1,1,,,,,,,2.465190328815662e-32,9.898213530844874e-09,1.0,,,
T-L,DA,mc_learned_baseline,False,45,203,144536,51968,51968,0,0,40600,72268,289072,262144,1.0500000000000003,1.05,1.0498110487352066,0.0,0.0,public_state_tabular_independent_mc,1,0.0005728235382897529,2.272095500025898,True,accepted_return_check_disabled,0.1,1,,,,,,,2.465190328815662e-32,9.898213530844874e-09,1.0,,,
T-L,DA,mc_learned_baseline,False,45,204,145248,52224,52224,0,0,40800,72624,290496,262144,1.0500000000000003,1.05,1.0498110487352066,0.0,0.0,public_state_tabular_independent_mc,1,0.0005728235382897529,2.2819564000237733,True,accepted_return_check_disabled,0.1,1,,,,,,,2.465190328815662e-32,9.898213530844874e-09,1.0,,,
T-L,DA,mc_learned_baseline,False,45,205,145960,52480,52480,0,0,41000,72980,291920,262144,1.0500000000000003,1.05,1.0498110487352066,0.0,0.0,public_state_tabular_independent_mc,1,0.0005728235382897529,2.2937084999866784,True,accepted_return_check_disabled,0.1,1,,,,,,,2.465190328815662e-32,9.898213530844874e-09,1.0,,,
T-L,DA,mc_learned_baseline,False,45,206,146672,52736,52736,0,0,41200,73336,293344,262144,1.0500000000000003,1.05,1.0498110487352066,0.0,0.0,public_state_tabular_independent_mc,1,0.0005728235382897529,2.3062751999823377,True,accepted_return_check_disabled,0.1,1,,,,,,,2.465190328815662e-32,9.898213530844874e-09,1.0,,,
T-L,DA,mc_learned_baseline,False,45,207,147384,52992,52992,0,0,41400,73692,294768,262144,1.0500000000000003,1.05,1.0498110487352066,0.0,0.0,public_state_tabular_independent_mc,1,0.0005728235382897529,2.3175789000233635,True,accepted_return_check_disabled,0.1,1,,,,,,,2.465190328815662e-32,9.898213530844874e-09,1.0,,,
T-L,DA,mc_learned_baseline,False,45,208,148096,53248,53248,0,0,41600,74048,296192,262144,1.0500000000000003,1.05,1.0498110487352066,0.0,0.0,public_state_tabular_independent_mc,1,0.0005728235382897529,2.327418899978511,True,accepted_return_check_disabled,0.1,1,,,,,,,2.465190328815662e-32,9.898213530844874e-09,1.0,,,
T-L,DA,mc_learned_baseline,False,45,209,148808,53504,53504,0,0,41800,74404,297616,262144,1.0500000000000003,1.05,1.0498110487352066,0.0,0.0,public_state_tabular_independent_mc,1,0.0005728235382897529,2.337402999983169,True,accepted_return_check_disabled,0.1,1,,,,,,,2.465190328815662e-32,9.898213530844874e-09,1.0,,,
T-L,DA,mc_learned_baseline,False,45,210,149520,53760,53760,0,0,42000,74760,299040,262144,1.0500000000000003,1.05,1.0498110487352066,0.0,0.0,public_state_tabular_independent_mc,1,0.0005728235382897529,2.3481164999539033,True,accepted_return_check_disabled,0.1,1,,,,,,,2.465190328815662e-32,9.898213530844874e-09,1.0,,,
T-L,DA,mc_learned_baseline,False,45,211,150232,54016,54016,0,0,42200,75116,300464,262144,1.0500000000000003,1.05,1.0498110487352066,0.0,0.0,public_state_tabular_independent_mc,1,0.0005728235382897529,2.358976799994707,True,accepted_return_check_disabled,0.1,1,,,,,,,2.465190328815662e-32,9.898213530844874e-09,1.0,,,
T-L,DA,mc_learned_baseline,False,45,212,150944,54272,54272,0,0,42400,75472,301888,262144,1.0500000000000003,1.05,1.0498110487352066,0.0,0.0,public_state_tabular_independent_mc,1,0.0005728235382897529,2.3711691999342293,True,accepted_return_check_disabled,0.1,1,,,,,,,2.465190328815662e-32,9.898213530844874e-09,1.0,,,
T-L,DA,mc_learned_baseline,False,45,213,151656,54528,54528,0,0,42600,75828,303312,262144,1.0500000000000003,1.05,1.0498110487352066,0.0,0.0,public_state_tabular_independent_mc,1,0.0005728235382897529,2.3828182000434026,True,accepted_return_check_disabled,0.1,1,,,,,,,2.465190328815662e-32,9.898213530844874e-09,1.0,,,
T-L,DA,mc_learned_baseline,False,45,214,152368,54784,54784,0,0,42800,76184,304736,262144,1.0500000000000003,1.05,1.0498110487352066,0.0,0.0,public_state_tabular_independent_mc,1,0.0005728235382897529,2.3940198000054806,True,accepted_return_check_disabled,0.1,1,,,,,,,2.465190328815662e-32,9.898213530844874e-09,1.0,,,
T-L,DA,mc_learned_baseline,False,45,215,153080,55040,55040,0,0,43000,76540,306160,262144,1.0500000000000003,1.05,1.0498110487352066,0.0,0.0,public_state_tabular_independent_mc,1,0.0005728235382897529,2.404610799974762,True,accepted_return_check_disabled,0.1,1,,,,,,,2.465190328815662e-32,9.898213530844874e-09,1.0,,,
T-L,DA,mc_learned_baseline,False,45,216,153792,55296,55296,0,0,43200,76896,307584,262144,1.0500000000000003,1.05,1.0498110487352066,0.0,0.0,public_state_tabular_independent_mc,1,0.0005728235382897529,2.4160991000244394,True,accepted_return_check_disabled,0.1,1,,,,,,,2.465190328815662e-32,9.898213530844874e-09,1.0,,,
T-L,DA,mc_learned_baseline,False,45,217,154504,55552,55552,0,0,43400,77252,309008,262144,1.0500000000000003,1.05,1.0498110487352066,0.0,0.0,public_state_tabular_independent_mc,1,0.0005728235382897529,2.4285007000435144,True,accepted_return_check_disabled,0.1,1,,,,,,,2.465190328815662e-32,9.898213530844874e-09,1.0,,,
T-L,DA,mc_learned_baseline,False,45,218,155216,55808,55808,0,0,43600,77608,310432,262144,1.0500000000000003,1.05,1.0498110487352066,0.0,0.0,public_state_tabular_independent_mc,1,0.0005728235382897529,2.441694400040433,True,accepted_return_check_disabled,0.1,1,,,,,,,2.465190328815662e-32,9.898213530844874e-09,1.0,,,
T-L,DA,mc_learned_baseline,False,45,219,155928,56064,56064,0,0,43800,77964,311856,262144,1.0500000000000003,1.05,1.0498110487352066,0.0,0.0,public_state_tabular_independent_mc,1,0.0005728235382897529,2.4519179000053555,True,accepted_return_check_disabled,0.1,1,,,,,,,2.465190328815662e-32,9.898213530844874e-09,1.0,,,
T-L,DA,mc_learned_baseline,False,45,220,156640,56320,56320,0,0,44000,78320,313280,262144,1.0500000000000003,1.05,1.0498110487352066,0.0,0.0,public_state_tabular_independent_mc,1,0.0005728235382897529,2.461873200023547,True,accepted_return_check_disabled,0.1,1,,,,,,,2.465190328815662e-32,9.898213530844874e-09,1.0,,,
T-L,DA,mc_learned_baseline,False,45,221,157352,56576,56576,0,0,44200,78676,314704,262144,1.0500000000000003,1.05,1.0498110487352066,0.0,0.0,public_state_tabular_independent_mc,1,0.0005728235382897529,2.4730175000149757,True,accepted_return_check_disabled,0.1,1,,,,,,,2.465190328815662e-32,9.898213530844874e-09,1.0,,,
T-L,DA,mc_learned_baseline,False,45,222,158064,56832,56832,0,0,44400,79032,316128,262144,1.0385156250000003,1.05,1.0498355226291083,2.447389390169974e-05,8.016567759086687e-07,public_state_tabular_independent_mc,1,0.00051025363424349,2.4832200999371707,True,accepted_return_check_disabled,0.1,1,,,,,,,0.015298925781250004,0.003072325840531357,0.021754569953138847,,,
T-L,DA,mc_learned_baseline,False,45,223,158776,57088,57088,0,0,44600,79388,317552,262144,1.0500000000000003,1.05,1.0498355226291083,0.0,0.0,public_state_tabular_independent_mc,1,0.00051025363424349,2.4941841999534518,True,accepted_return_check_disabled,0.1,1,,,,,,,2.465190328815662e-32,7.780988633727742e-09,1.0,,,
T-L,DA,mc_learned_baseline,False,45,224,159488,57344,57344,0,0,44800,79744,318976,262144,1.0500000000000003,1.05,1.0498355226291083,0.0,0.0,public_state_tabular_independent_mc,1,0.00051025363424349,2.5055278999498114,True,accepted_return_check_disabled,0.1,1,,,,,,,2.465190328815662e-32,7.780988633727742e-09,1.0,,,
T-L,DA,mc_learned_baseline,False,45,225,160200,57600,57600,0,0,45000,80100,320400,262144,1.0500000000000003,1.05,1.0498355226291083,0.0,0.0,public_state_tabular_independent_mc,1,0.00051025363424349,2.515370999928564,True,accepted_return_check_disabled,0.1,1,,,,,,,2.465190328815662e-32,7.780988633727742e-09,1.0,,,
T-L,DA,mc_learned_baseline,False,45,226,160912,57856,57856,0,0,45200,80456,321824,262144,1.0385156250000003,1.05,1.049853906949066,1.8384319957709394e-05,6.320775744283109e-07,public_state_tabular_independent_mc,1,0.0004582163409646487,2.5255451999837533,True,accepted_return_check_disabled,0.1,1,,,,,,,0.015298925781250004,0.003095676980612489,0.021754569953138847,,,
T-L,DA,mc_learned_baseline,False,45,227,161624,58112,58112,0,0,45400,80812,323248,262144,1.0500000000000003,1.05,1.049853906949066,0.0,0.0,public_state_tabular_independent_mc,1,0.0004582163409646487,2.5377029000082985,True,accepted_return_check_disabled,0.1,1,,,,,,,2.465190328815662e-32,6.584529434402731e-09,1.0,,,
T-L,DA,mc_learned_baseline,False,45,228,162336,58368,58368,0,0,45600,81168,324672,262144,1.0500000000000003,1.05,1.049853906949066,0.0,0.0,public_state_tabular_independent_mc,1,0.0004582163409646487,2.5610158999916166,True,accepted_return_check_disabled,0.1,1,,,,,,,2.465190328815662e-32,6.584529434402731e-09,1.0,,,
T-L,DA,mc_learned_baseline,False,45,229,163048,58624,58624,0,0,45800,81524,326096,262144,1.0500000000000003,1.05,1.049853906949066,0.0,0.0,public_state_tabular_independent_mc,1,0.0004582163409646487,2.5883104000240564,True,accepted_return_check_disabled,0.1,1,,,,,,,2.465190328815662e-32,6.584529434402731e-09,1.0,,,
T-L,DA,mc_learned_baseline,False,45,230,163760,58880,58880,0,0,46000,81880,327520,262144,1.0500000000000003,1.05,1.049853906949066,0.0,0.0,public_state_tabular_independent_mc,1,0.0004582163409646487,2.604522099951282,True,accepted_return_check_disabled,0.1,1,,,,,,,2.465190328815662e-32,6.584529434402731e-09,1.0,,,
T-L,DA,mc_learned_baseline,False,45,231,164472,59136,59136,0,0,46200,82236,328944,262144,1.0500000000000003,1.05,1.049853906949066,0.0,0.0,public_state_tabular_independent_mc,1,0.0004582163409646487,2.620826099999249,True,accepted_return_check_disabled,0.1,1,,,,,,,2.465190328815662e-32,6.584529434402731e-09,1.0,,,
T-L,DA,mc_learned_baseline,False,45,232,165184,59392,59392,0,0,46400,82592,330368,262144,1.0500000000000003,1.05,1.049853906949066,0.0,0.0,public_state_tabular_independent_mc,1,0.0004582163409646487,2.63290510000661,True,accepted_return_check_disabled,0.1,1,,,,,,,2.465190328815662e-32,6.584529434402731e-09,1.0,,,
T-L,DA,mc_learned_baseline,False,45,233,165896,59648,59648,0,0,46600,82948,331792,262144,1.0500000000000003,1.05,1.049853906949066,0.0,0.0,public_state_tabular_independent_mc,1,0.0004582163409646487,2.6474609000142664,True,accepted_return_check_disabled,0.1,1,,,,,,,2.465190328815662e-32,6.584529434402731e-09,1.0,,,
T-L,DA,mc_learned_baseline,False,45,234,166608,59904,59904,0,0,46800,83304,333216,262144,1.0500000000000003,1.05,1.049853906949066,0.0,0.0,public_state_tabular_independent_mc,1,0.0004582163409646487,2.6602424000157043,True,accepted_return_check_disabled,0.1,1,,,,,,,2.465190328815662e-32,6.584529434402731e-09,1.0,,,
T-L,DA,mc_learned_baseline,False,45,235,167320,60160,60160,0,0,47000,83660,334640,262144,1.0500000000000003,1.05,1.049853906949066,0.0,0.0,public_state_tabular_independent_mc,1,0.0004582163409646487,2.6702034999616444,True,accepted_return_check_disabled,0.1,1,,,,,,,2.465190328815662e-32,6.584529434402731e-09,1.0,,,
T-L,DA,mc_learned_baseline,False,45,236,168032,60416,60416,0,0,47200,84016,336064,262144,1.0500000000000003,1.05,1.049853906949066,0.0,0.0,public_state_tabular_independent_mc,1,0.0004582163409646487,2.6799746999749914,True,accepted_return_check_disabled,0.1,1,,,,,,,2.465190328815662e-32,6.584529434402731e-09,1.0,,,
T-L,DA,mc_learned_baseline,False,45,237,168744,60672,60672,0,0,47400,84372,337488,262144,1.0500000000000003,1.05,1.049853906949066,0.0,0.0,public_state_tabular_independent_mc,1,0.0004582163409646487,2.689085599966347,True,accepted_return_check_disabled,0.1,1,,,,,,,2.465190328815662e-32,6.584529434402731e-09,1.0,,,
T-L,DA,mc_learned_baseline,False,45,238,169456,60928,60928,0,0,47600,84728,338912,262144,1.0500000000000003,1.05,1.049853906949066,0.0,0.0,public_state_tabular_independent_mc,1,0.0004582163409646487,2.6982419999549165,True,accepted_return_check_disabled,0.1,1,,,,,,,2.465190328815662e-32,6.584529434402731e-09,1.0,,,
T-L,DA,mc_learned_baseline,False,45,239,170168,61184,61184,0,0,47800,85084,340336,262144,1.0500000000000003,1.05,1.049853906949066,0.0,0.0,public_state_tabular_independent_mc,1,0.0004582163409646487,2.7078197000082582,True,accepted_return_check_disabled,0.1,1,,,,,,,2.465190328815662e-32,6.584529434402731e-09,1.0,,,
T-L,DA,mc_learned_baseline,False,45,240,170880,61440,61440,0,0,48000,85440,341760,262144,1.0500000000000003,1.05,1.049853906949066,0.0,0.0,public_state_tabular_independent_mc,1,0.0004582163409646487,2.71778990002349,True,accepted_return_check_disabled,0.1,1,,,,,,,2.465190328815662e-32,6.584529434402731e-09,1.0,,,
T-L,DA,mc_learned_baseline,False,45,241,171592,61696,61696,0,0,48200,85796,343184,262144,1.0500000000000003,1.05,1.049853906949066,0.0,0.0,public_state_tabular_independent_mc,1,0.0004582163409646487,2.727492699981667,True,accepted_return_check_disabled,0.1,1,,,,,,,2.465190328815662e-32,6.584529434402731e-09,1.0,,,
T-L,DA,mc_learned_baseline,False,45,242,172304,61952,61952,0,0,48400,86152,344608,262144,1.0500000000000003,1.05,1.049853906949066,0.0,0.0,public_state_tabular_independent_mc,1,0.0004582163409646487,2.7380090999649838,True,accepted_return_check_disabled,0.1,1,,,,,,,2.465190328815662e-32,6.584529434402731e-09,1.0,,,
T-L,DA,mc_learned_baseline,False,45,243,173016,62208,62208,0,0,48600,86508,346032,262144,1.0500000000000003,1.05,1.049853906949066,0.0,0.0,public_state_tabular_independent_mc,1,0.0004582163409646487,2.7467447000090033,True,accepted_return_check_disabled,0.1,1,,,,,,,2.465190328815662e-32,6.584529434402731e-09,1.0,,,
T-L,DA,mc_learned_baseline,False,45,244,173728,62464,62464,0,0,48800,86864,347456,262144,1.0500000000000003,1.05,1.0498634591165894,9.552167523407817e-06,3.5092571555883083e-07,public_state_tabular_independent_mc,0,0.00041804128742067837,2.757786300033331,True,accepted_return_check_disabled,0.1,1,,,,,,,6.594543457030985e-05,6.531017740413157e-05,0.9472436523437522,,,
T-L,DA,mc_learned_baseline,False,45,245,174440,62720,62720,0,0,49000,87220,348880,262144,1.0500000000000003,1.05,1.0498634591165894,0.0,0.0,public_state_tabular_independent_mc,1,0.00041804128742067837,2.7684169999556616,True,accepted_return_check_disabled,0.1,1,,,,,,,2.465190328815662e-32,6.0962973980267666e-09,1.0,,,
T-L,DA,mc_learned_baseline,False,45,246,175152,62976,62976,0,0,49200,87576,350304,262144,1.0500000000000003,1.05,1.0498634591165894,0.0,0.0,public_state_tabular_independent_mc,1,0.00041804128742067837,2.777947900001891,True,accepted_return_check_disabled,0.1,1,,,,,,,2.465190328815662e-32,6.0962973980267666e-09,1.0,,,
T-L,DA,mc_learned_baseline,False,45,247,175864,63232,63232,0,0,49400,87932,351728,262144,1.0500000000000003,1.05,1.0498634591165894,0.0,0.0,public_state_tabular_independent_mc,1,0.00041804128742067837,2.789375399937853,True,accepted_return_check_disabled,0.1,1,,,,,,,2.465190328815662e-32,6.0962973980267666e-09,1.0,,,
T-L,DA,mc_learned_baseline,False,45,248,176576,63488,63488,0,0,49600,88288,353152,262144,1.0500000000000003,1.05,1.0498634591165894,0.0,0.0,public_state_tabular_independent_mc,1,0.00041804128742067837,2.7983235999708995,True,accepted_return_check_disabled,0.1,1,,,,,,,2.465190328815662e-32,6.0962973980267666e-09,1.0,,,
T-L,DA,mc_learned_baseline,False,45,249,177288,63744,63744,0,0,49800,88644,354576,262144,1.0500000000000003,1.05,1.0498634591165894,0.0,0.0,public_state_tabular_independent_mc,1,0.00041804128742067837,2.8080039999913424,True,accepted_return_check_disabled,0.1,1,,,,,,,2.465190328815662e-32,6.0962973980267666e-09,1.0,,,
T-L,DA,mc_learned_baseline,False,45,250,178000,64000,64000,0,0,50000,89000,356000,262144,1.0500000000000003,1.05,1.0498634591165894,0.0,0.0,public_state_tabular_independent_mc,1,0.00041804128742067837,2.821823799982667,True,accepted_return_check_disabled,0.1,1,,,,,,,2.465190328815662e-32,6.0962973980267666e-09,1.0,,,
T-L,DA,mc_learned_baseline,False,45,251,178712,64256,64256,0,0,50200,89356,357424,262144,1.0500000000000003,1.05,1.0498634591165894,0.0,0.0,public_state_tabular_independent_mc,1,0.00041804128742067837,2.831680499948561,True,accepted_return_check_disabled,0.1,1,,,,,,,2.465190328815662e-32,6.0962973980267666e-09,1.0,,,
T-L,DA,mc_learned_baseline,False,45,252,179424,64512,64512,0,0,50400,89712,358848,262144,1.0500000000000003,1.05,1.0498634591165894,0.0,0.0,public_state_tabular_independent_mc,1,0.00041804128742067837,2.847905599977821,True,accepted_return_check_disabled,0.1,1,,,,,,,2.465190328815662e-32,6.0962973980267666e-09,1.0,,,
T-L,DA,mc_learned_baseline,False,45,253,180136,64768,64768,0,0,50600,90068,360272,262144,1.0500000000000003,1.05,1.0498634591165894,0.0,0.0,public_state_tabular_independent_mc,1,0.00041804128742067837,2.8572811000049114,True,accepted_return_check_disabled,0.1,1,,,,,,,2.465190328815662e-32,6.0962973980267666e-09,1.0,,,
T-L,DA,mc_learned_baseline,False,45,254,180848,65024,65024,0,0,50800,90424,361696,262144,1.0500000000000003,1.05,1.0498634591165894,0.0,0.0,public_state_tabular_independent_mc,1,0.00041804128742067837,2.8667263999814168,True,accepted_return_check_disabled,0.1,1,,,,,,,2.465190328815662e-32,6.0962973980267666e-09,1.0,,,
T-L,DA,mc_learned_baseline,False,45,255,181560,65280,65280,0,0,51000,90780,363120,262144,1.0500000000000003,1.05,1.0498634591165894,0.0,0.0,public_state_tabular_independent_mc,1,0.00041804128742067837,2.875324000022374,True,accepted_return_check_disabled,0.1,1,,,,,,,2.465190328815662e-32,6.0962973980267666e-09,1.0,,,
T-L,DA,mc_learned_baseline,False,45,256,182272,65536,65536,0,0,51200,91136,364544,262144,1.0500000000000003,1.05,1.0498634591165894,0.0,0.0,public_state_tabular_independent_mc,1,0.00041804128742067837,2.8860205999808386,True,accepted_return_check_disabled,0.1,1,,,,,,,2.465190328815662e-32,6.0962973980267666e-09,1.0,,,
T-L,DA,mc_learned_baseline,False,45,257,182984,65792,65792,0,0,51400,91492,365968,262144,1.0500000000000003,1.0383000000000002,1.0498634591165894,0.0,0.0,public_state_tabular_independent_mc,1,0.00041804128742067837,2.8955510000232607,True,accepted_return_check_disabled,0.1,1,,,,,,,2.465190328815662e-32,6.0962973980267666e-09,1.0,,,
T-L,DA,mc_learned_baseline,False,45,258,183696,66048,66048,0,0,51600,91848,367392,262144,1.0500000000000003,1.05,1.0498634591165894,0.0,0.0,public_state_tabular_independent_mc,1,0.00041804128742067837,2.9057318000122905,True,accepted_return_check_disabled,0.1,1,,,,,,,2.465190328815662e-32,6.0962973980267666e-09,1.0,,,
T-L,DA,mc_learned_baseline,False,45,259,184408,66304,66304,0,0,51800,92204,368816,262144,1.0500000000000003,1.05,1.0498634591165894,0.0,0.0,public_state_tabular_independent_mc,1,0.00041804128742067837,2.9156671999953687,True,accepted_return_check_disabled,0.1,1,,,,,,,2.465190328815662e-32,6.0962973980267666e-09,1.0,,,
T-L,DA,mc_learned_baseline,False,45,260,185120,66560,66560,0,0,52000,92560,370240,262144,1.0500000000000003,1.05,1.0498634591165894,0.0,0.0,public_state_tabular_independent_mc,1,0.00041804128742067837,2.9267540000146255,True,accepted_return_check_disabled,0.1,1,,,,,,,2.465190328815662e-32,6.0962973980267666e-09,1.0,,,
T-L,DA,mc_learned_baseline,False,45,261,185832,66816,66816,0,0,52200,92916,371664,262144,1.0500000000000003,1.05,1.0498634591165894,0.0,0.0,public_state_tabular_independent_mc,1,0.00041804128742067837,2.93549169995822,True,accepted_return_check_disabled,0.1,1,,,,,,,2.465190328815662e-32,6.0962973980267666e-09,1.0,,,
T-L,DA,mc_learned_baseline,False,45,262,186544,67072,67072,0,0,52400,93272,373088,262144,1.0500000000000003,1.05,1.0498634591165894,0.0,0.0,public_state_tabular_independent_mc,1,0.00041804128742067837,2.9477905000094324,True,accepted_return_check_disabled,0.1,1,,,,,,,2.465190328815662e-32,6.0962973980267666e-09,1.0,,,
T-L,DA,mc_learned_baseline,False,45,263,187256,67328,67328,0,0,52600,93628,374512,262144,1.0500000000000003,1.05,1.0498634591165894,0.0,0.0,public_state_tabular_independent_mc,1,0.00041804128742067837,2.957391500007361,True,accepted_return_check_disabled,0.1,1,,,,,,,2.465190328815662e-32,6.0962973980267666e-09,1.0,,,
T-L,DA,mc_learned_baseline,False,45,264,187968,67584,67584,0,0,52800,93984,375936,262144,1.0500000000000003,1.05,1.0498634591165894,0.0,0.0,public_state_tabular_independent_mc,1,0.00041804128742067837,2.967216799966991,True,accepted_return_check_disabled,0.1,1,,,,,,,2.465190328815662e-32,6.0962973980267666e-09,1.0,,,
T-L,DA,mc_learned_baseline,False,45,265,188680,67840,67840,0,0,53000,94340,377360,262144,1.0500000000000003,1.05,1.0498634591165894,0.0,0.0,public_state_tabular_independent_mc,1,0.00041804128742067837,2.976815199945122,True,accepted_return_check_disabled,0.1,1,,,,,,,2.465190328815662e-32,6.0962973980267666e-09,1.0,,,
T-L,DA,mc_learned_baseline,False,45,266,189392,68096,68096,0,0,53200,94696,378784,262144,1.0500000000000003,1.05,1.0498634591165894,0.0,0.0,public_state_tabular_independent_mc,1,0.00041804128742067837,2.9875468999380246,True,accepted_return_check_disabled,0.1,1,,,,,,,2.465190328815662e-32,6.0962973980267666e-09,1.0,,,
T-L,DA,mc_learned_baseline,False,45,267,190104,68352,68352,0,0,53400,95052,380208,262144,1.0500000000000003,1.05,1.0498634591165894,0.0,0.0,public_state_tabular_independent_mc,1,0.00041804128742067837,2.9972757999785244,True,accepted_return_check_disabled,0.1,1,,,,,,,2.465190328815662e-32,6.0962973980267666e-09,1.0,,,
T-L,DA,mc_learned_baseline,False,45,268,190816,68608,68608,0,0,53600,95408,381632,262144,1.0500000000000003,1.05,1.0498634591165894,0.0,0.0,public_state_tabular_independent_mc,1,0.00041804128742067837,3.0075328999664634,True,accepted_return_check_disabled,0.1,1,,,,,,,2.465190328815662e-32,6.0962973980267666e-09,1.0,,,
T-L,DA,mc_learned_baseline,False,45,269,191528,68864,68864,0,0,53800,95764,383056,262144,1.0500000000000003,1.05,1.0498634591165894,0.0,0.0,public_state_tabular_independent_mc,1,0.00041804128742067837,3.0182168999454007,True,accepted_return_check_disabled,0.1,1,,,,,,,2.465190328815662e-32,6.0962973980267666e-09,1.0,,,
T-L,DA,mc_learned_baseline,False,45,270,192240,69120,69120,0,0,54000,96120,384480,262144,1.0500000000000003,1.05,1.0498634591165894,0.0,0.0,public_state_tabular_independent_mc,1,0.00041804128742067837,3.0284671999979764,True,accepted_return_check_disabled,0.1,1,,,,,,,2.465190328815662e-32,6.0962973980267666e-09,1.0,,,
T-L,DA,mc_learned_baseline,False,45,271,192952,69376,69376,0,0,54200,96476,385904,262144,1.0500000000000003,1.05,1.0498634591165894,0.0,0.0,public_state_tabular_independent_mc,1,0.00041804128742067837,3.039237199933268,True,accepted_return_check_disabled,0.1,1,,,,,,,2.465190328815662e-32,6.0962973980267666e-09,1.0,,,
T-L,DA,mc_learned_baseline,False,45,272,193664,69632,69632,0,0,54400,96832,387328,262144,1.0500000000000003,1.05,1.0498634591165894,0.0,0.0,public_state_tabular_independent_mc,1,0.00041804128742067837,3.0495497999945655,True,accepted_return_check_disabled,0.1,1,,,,,,,2.465190328815662e-32,6.0962973980267666e-09,1.0,,,
T-L,DA,mc_learned_baseline,False,45,273,194376,69888,69888,0,0,54600,97188,388752,262144,1.0500000000000003,1.05,1.0498634591165894,0.0,0.0,public_state_tabular_independent_mc,1,0.00041804128742067837,3.0590597999980673,True,accepted_return_check_disabled,0.1,1,,,,,,,2.465190328815662e-32,6.0962973980267666e-09,1.0,,,
T-L,DA,mc_learned_baseline,False,45,274,195088,70144,70144,0,0,54800,97544,390176,262144,1.0408593750000001,1.05,1.0498542559732815,-9.203143307878747e-06,2.25943460771284e-06,public_state_tabular_independent_mc,1,0.0004895396500146879,3.069246600032784,True,accepted_return_check_disabled,0.1,1,,,,,,,0.011948828125000005,0.0053476952621106045,0.052005761336454404,,,
T-L,DA,mc_learned_baseline,False,45,275,195800,70400,70400,0,0,55000,97900,391600,262144,1.0500000000000003,1.05,1.0498542559732815,0.0,0.0,public_state_tabular_independent_mc,1,0.0004895396500146879,3.078688299981877,True,accepted_return_check_disabled,0.1,1,,,,,,,2.465190328815662e-32,5.957610598351589e-09,1.0,,,
T-L,DA,mc_learned_baseline,False,45,276,196512,70656,70656,0,0,55200,98256,393024,262144,1.0500000000000003,1.05,1.0498542559732815,0.0,0.0,public_state_tabular_independent_mc,1,0.0004895396500146879,3.087992599932477,True,accepted_return_check_disabled,0.1,1,,,,,,,2.465190328815662e-32,5.957610598351589e-09,1.0,,,
T-L,DA,mc_learned_baseline,False,45,277,197224,70912,70912,0,0,55400,98612,394448,262144,1.0500000000000003,1.05,1.0498542559732815,0.0,0.0,public_state_tabular_independent_mc,1,0.0004895396500146879,3.0982899999944493,True,accepted_return_check_disabled,0.1,1,,,,,,,2.465190328815662e-32,5.957610598351589e-09,1.0,,,
T-L,DA,mc_learned_baseline,False,45,278,197936,71168,71168,0,0,55600,98968,395872,262144,1.0500000000000003,1.05,1.0498542559732815,0.0,0.0,public_state_tabular_independent_mc,1,0.0004895396500146879,3.1084218999603763,True,accepted_return_check_disabled,0.1,1,,,,,,,2.465190328815662e-32,5.957610598351589e-09,1.0,,,
T-L,DA,mc_learned_baseline,False,45,279,198648,71424,71424,0,0,55800,99324,397296,262144,1.0500000000000003,1.05,1.0498542559732815,0.0,0.0,public_state_tabular_independent_mc,1,0.0004895396500146879,3.120461200014688,True,accepted_return_check_disabled,0.1,1,,,,,,,2.465190328815662e-32,5.957610598351589e-09,1.0,,,
T-L,DA,mc_learned_baseline,False,45,280,199360,71680,71680,0,0,56000,99680,398720,262144,1.0500000000000003,1.05,1.0498542559732815,0.0,0.0,public_state_tabular_independent_mc,1,0.0004895396500146879,3.1367970999563113,True,accepted_return_check_disabled,0.1,1,,,,,,,2.465190328815662e-32,5.957610598351589e-09,1.0,,,
T-L,DA,mc_learned_baseline,False,45,281,200072,71936,71936,0,0,56200,100036,400144,262144,1.0500000000000003,1.05,1.0498542559732815,0.0,0.0,public_state_tabular_independent_mc,1,0.0004895396500146879,3.1477673000190407,True,accepted_return_check_disabled,0.1,1,,,,,,,2.465190328815662e-32,5.957610598351589e-09,1.0,,,
T-L,DA,mc_learned_baseline,False,45,282,200784,72192,72192,0,0,56400,100392,401568,262144,1.0500000000000003,1.05,1.0498653807836518,1.1124810370244376e-05,3.673723251965055e-07,public_state_tabular_independent_mc,0,0.00044383151985047327,3.1637956999475136,True,accepted_return_check_disabled,0.1,1,,,,,,,2.7465820312496886e-06,2.5848341906812296e-06,0.9978027343750002,,,
T-L,DA,mc_learned_baseline,False,45,283,201496,72448,72448,0,0,56600,100748,402992,262144,1.0500000000000003,1.05,1.0498653807836518,0.0,0.0,public_state_tabular_independent_mc,1,0.00044383151985047327,3.1768970999401063,True,accepted_return_check_disabled,0.1,1,,,,,,,2.465190328815662e-32,5.223462995193632e-09,1.0,,,
T-L,DA,mc_learned_baseline,False,45,284,202208,72704,72704,0,0,56800,101104,404416,262144,1.0500000000000003,1.05,1.0498653807836518,0.0,0.0,public_state_tabular_independent_mc,1,0.00044383151985047327,3.1888551999581978,True,accepted_return_check_disabled,0.1,1,,,,,,,2.465190328815662e-32,5.223462995193632e-09,1.0,,,
T-L,DA,mc_learned_baseline,False,45,285,202920,72960,72960,0,0,57000,101460,405840,262144,1.0500000000000003,1.05,1.0498653807836518,0.0,0.0,public_state_tabular_independent_mc,1,0.00044383151985047327,3.19861880003009,True,accepted_return_check_disabled,0.1,1,,,,,,,2.465190328815662e-32,5.223462995193632e-09,1.0,,,
T-L,DA,mc_learned_baseline,False,45,286,203632,73216,73216,0,0,57200,101816,407264,262144,1.0500000000000003,1.05,1.0498653807836518,0.0,0.0,public_state_tabular_independent_mc,1,0.00044383151985047327,3.212131900014356,True,accepted_return_check_disabled,0.1,1,,,,,,,2.465190328815662e-32,5.223462995193632e-09,1.0,,,
T-L,DA,mc_learned_baseline,False,45,287,204344,73472,73472,0,0,57400,102172,408688,262144,1.0500000000000003,1.05,1.0498653807836518,0.0,0.0,public_state_tabular_independent_mc,1,0.00044383151985047327,3.2224617999745533,True,accepted_return_check_disabled,0.1,1,,,,,,,2.465190328815662e-32,5.223462995193632e-09,1.0,,,
T-L,DA,mc_learned_baseline,False,45,288,205056,73728,73728,0,0,57600,102528,410112,262144,1.0500000000000003,1.05,1.0498653807836518,0.0,0.0,public_state_tabular_independent_mc,1,0.00044383151985047327,3.2343161000171676,True,accepted_return_check_disabled,0.1,1,,,,,,,2.465190328815662e-32,5.223462995193632e-09,1.0,,,
T-L,DA,mc_learned_baseline,False,45,289,205768,73984,73984,0,0,57800,102884,411536,262144,1.0500000000000003,1.05,1.0498653807836518,0.0,0.0,public_state_tabular_independent_mc,1,0.00044383151985047327,3.2440417000325397,True,accepted_return_check_disabled,0.1,1,,,,,,,2.465190328815662e-32,5.223462995193632e-09,1.0,,,
T-L,DA,mc_learned_baseline,False,45,290,206480,74240,74240,0,0,58000,103240,412960,262144,1.0500000000000003,1.05,1.0498653807836518,0.0,0.0,public_state_tabular_independent_mc,1,0.00044383151985047327,3.2558846999891102,True,accepted_return_check_disabled,0.1,1,,,,,,,2.465190328815662e-32,5.223462995193632e-09,1.0,,,
T-L,DA,mc_learned_baseline,False,45,291,207192,74496,74496,0,0,58200,103596,414384,262144,1.0500000000000003,1.05,1.0498653807836518,0.0,0.0,public_state_tabular_independent_mc,1,0.00044383151985047327,3.266653300030157,True,accepted_return_check_disabled,0.1,1,,,,,,,2.465190328815662e-32,5.223462995193632e-09,1.0,,,
T-L,DA,mc_learned_baseline,False,45,292,207904,74752,74752,0,0,58400,103952,415808,262144,1.0500000000000003,1.05,1.0498653807836518,0.0,0.0,public_state_tabular_independent_mc,1,0.00044383151985047327,3.277794499997981,True,accepted_return_check_disabled,0.1,1,,,,,,,2.465190328815662e-32,5.223462995193632e-09,1.0,,,
T-L,DA,mc_learned_baseline,False,45,293,208616,75008,75008,0,0,58600,104308,417232,262144,1.0500000000000003,1.05,1.0498880579963032,2.2677212651478484e-05,6.116419481717099e-07,public_state_tabular_independent_mc,1,0.0003747088511452111,3.2945610999595374,True,accepted_return_check_disabled,0.1,1,,,,,,,9.335021972656141e-05,9.196586948353493e-05,0.99958740234375,,,
T-L,DA,mc_learned_baseline,False,45,294,209328,75264,75264,0,0,58800,104664,418656,262144,1.0500000000000003,1.05,1.0498880579963032,0.0,0.0,public_state_tabular_independent_mc,1,0.0003747088511452111,3.3041576000396162,True,accepted_return_check_disabled,0.1,1,,,,,,,2.465190328815662e-32,3.614119656587435e-09,1.0,,,
T-L,DA,mc_learned_baseline,False,45,295,210040,75520,75520,0,0,59000,105020,420080,262144,1.0500000000000003,1.05,1.0498880579963032,0.0,0.0,public_state_tabular_independent_mc,1,0.0003747088511452111,3.3135505999671295,True,accepted_return_check_disabled,0.1,1,,,,,,,2.465190328815662e-32,3.614119656587435e-09,1.0,,,
T-L,DA,mc_learned_baseline,False,45,296,210752,75776,75776,0,0,59200,105376,421504,262144,1.0500000000000003,1.05,1.0498880579963032,0.0,0.0,public_state_tabular_independent_mc,1,0.0003747088511452111,3.3221863999497145,True,accepted_return_check_disabled,0.1,1,,,,,,,2.465190328815662e-32,3.614119656587435e-09,1.0,,,
T-L,DA,mc_learned_baseline,False,45,297,211464,76032,76032,0,0,59400,105732,422928,262144,1.0500000000000003,1.05,1.0498880579963032,0.0,0.0,public_state_tabular_independent_mc,1,0.0003747088511452111,3.340876500005834,True,accepted_return_check_disabled,0.1,1,,,,,,,2.465190328815662e-32,3.614119656587435e-09,1.0,,,
T-L,DA,mc_learned_baseline,False,45,298,212176,76288,76288,0,0,59600,106088,424352,262144,1.0500000000000003,1.05,1.0498880579963032,0.0,0.0,public_state_tabular_independent_mc,1,0.0003747088511452111,3.349870100035332,True,accepted_return_check_disabled,0.1,1,,,,,,,2.465190328815662e-32,3.614119656587435e-09,1.0,,,
T-L,DA,mc_learned_baseline,False,45,299,212888,76544,76544,0,0,59800,106444,425776,262144,1.0500000000000003,1.05,1.0498880579963032,0.0,0.0,public_state_tabular_independent_mc,1,0.0003747088511452111,3.360392399947159,True,accepted_return_check_disabled,0.1,1,,,,,,,2.465190328815662e-32,3.614119656587435e-09,1.0,,,
T-L,DA,mc_learned_baseline,False,45,300,213600,76800,76800,0,0,60000,106800,427200,262144,1.0476562500000002,1.05,1.049891250281258,3.1922849548227106e-06,6.022946822980867e-07,public_state_tabular_independent_mc,1,0.00033878812527866897,3.3708604000275955,True,accepted_return_check_disabled,0.1,1,,,,,,,0.00035400390625000064,0.0014316871924497708,0.6155422840019975,,,
T-L,DA,mc_learned_baseline,False,45,301,214312,77056,77056,0,0,60200,107156,428624,262144,1.0500000000000003,1.05,1.049891250281258,0.0,0.0,public_state_tabular_independent_mc,1,0.00033878812527866897,3.3830301000270993,True,accepted_return_check_disabled,0.1,1,,,,,,,2.465190328815662e-32,3.4590807118150415e-09,1.0,,,
T-L,DA,mc_learned_baseline,False,45,302,215024,77312,77312,0,0,60400,107512,430048,262144,1.0500000000000003,1.05,1.049891250281258,0.0,0.0,public_state_tabular_independent_mc,1,0.00033878812527866897,3.3957327000098303,True,accepted_return_check_disabled,0.1,1,,,,,,,2.465190328815662e-32,3.4590807118150415e-09,1.0,,,
T-L,DA,mc_learned_baseline,False,45,303,215736,77568,77568,0,0,60600,107868,431472,262144,1.0500000000000003,1.05,1.049891250281258,0.0,0.0,public_state_tabular_independent_mc,1,0.00033878812527866897,3.408552899956703,True,accepted_return_check_disabled,0.1,1,,,,,,,2.465190328815662e-32,3.4590807118150415e-09,1.0,,,
T-L,DA,mc_learned_baseline,False,45,304,216448,77824,77824,0,0,60800,108224,432896,262144,1.0500000000000003,1.05,1.049891250281258,0.0,0.0,public_state_tabular_independent_mc,1,0.00033878812527866897,3.4222811999497935,True,accepted_return_check_disabled,0.1,1,,,,,,,2.465190328815662e-32,3.4590807118150415e-09,1.0,,,
T-L,DA,mc_learned_baseline,False,45,305,217160,78080,78080,0,0,61000,108580,434320,262144,1.0500000000000003,1.05,1.049891250281258,0.0,0.0,public_state_tabular_independent_mc,1,0.00033878812527866897,3.4312453999882564,True,accepted_return_check_disabled,0.1,1,,,,,,,2.465190328815662e-32,3.4590807118150415e-09,1.0,,,
T-L,DA,mc_learned_baseline,False,45,306,217872,78336,78336,0,0,61200,108936,435744,262144,1.0500000000000003,1.05,1.049891250281258,0.0,0.0,public_state_tabular_independent_mc,1,0.00033878812527866897,3.4446536999894306,True,accepted_return_check_disabled,0.1,1,,,,,,,2.465190328815662e-32,3.4590807118150415e-09,1.0,,,
T-L,DA,mc_learned_baseline,False,45,307,218584,78592,78592,0,0,61400,109292,437168,262144,1.0500000000000003,1.05,1.049891250281258,0.0,0.0,public_state_tabular_independent_mc,1,0.00033878812527866897,3.4545049000298604,True,accepted_return_check_disabled,0.1,1,,,,,,,2.465190328815662e-32,3.4590807118150415e-09,1.0,,,
T-L,DA,mc_learned_baseline,False,45,308,219296,78848,78848,0,0,61600,109648,438592,262144,1.0500000000000003,1.05,1.049891250281258,0.0,0.0,public_state_tabular_independent_mc,1,0.00033878812527866897,3.4643597999820486,True,accepted_return_check_disabled,0.1,1,,,,,,,2.465190328815662e-32,3.4590807118150415e-09,1.0,,,
T-L,DA,mc_learned_baseline,False,45,309,220008,79104,79104,0,0,61800,110004,440016,262144,1.0500000000000003,1.05,1.049891250281258,0.0,0.0,public_state_tabular_independent_mc,1,0.00033878812527866897,3.473904600017704,True,accepted_return_check_disabled,0.1,1,,,,,,,2.465190328815662e-32,3.4590807118150415e-09,1.0,,,
T-L,DA,mc_learned_baseline,False,45,310,220720,79360,79360,0,0,62000,110360,441440,262144,1.0500000000000003,1.05,1.049891250281258,0.0,0.0,public_state_tabular_independent_mc,1,0.00033878812527866897,3.4854398999596015,True,accepted_return_check_disabled,0.1,1,,,,,,,2.465190328815662e-32,3.4590807118150415e-09,1.0,,,
T-L,DA,mc_learned_baseline,False,45,311,221432,79616,79616,0,0,62200,110716,442864,262144,1.0500000000000003,1.05,1.049891250281258,0.0,0.0,public_state_tabular_independent_mc,1,0.00033878812527866897,3.4957761999685317,True,accepted_return_check_disabled,0.1,1,,,,,,,2.465190328815662e-32,3.4590807118150415e-09,1.0,,,
T-L,DA,mc_learned_baseline,False,45,312,222144,79872,79872,0,0,62400,111072,444288,262144,1.0408593750000001,1.05,1.0498767588862339,-1.4491395024185394e-05,1.9323318378993037e-06,public_state_tabular_independent_mc,1,0.0004100953389903308,3.508625900023617,True,accepted_return_check_disabled,0.1,1,,,,,,,0.011948828125000005,0.00534769842490304,0.052005761336454515,,,
T-L,DA,mc_learned_baseline,False,45,313,222856,80128,80128,0,0,62600,111428,445712,262144,1.0500000000000003,1.05,1.0498767588862339,0.0,0.0,public_state_tabular_independent_mc,1,0.0004100953389903308,3.519893700024113,True,accepted_return_check_disabled,0.1,1,,,,,,,2.465190328815662e-32,4.2167419346452955e-09,1.0,,,
T-L,DA,mc_learned_baseline,False,45,314,223568,80384,80384,0,0,62800,111784,447136,262144,1.0500000000000003,1.05,1.0498767588862339,0.0,0.0,public_state_tabular_independent_mc,1,0.0004100953389903308,3.530866499990225,True,accepted_return_check_disabled,0.1,1,,,,,,,2.465190328815662e-32,4.2167419346452955e-09,1.0,,,
T-L,DA,mc_learned_baseline,False,45,315,224280,80640,80640,0,0,63000,112140,448560,262144,1.0500000000000003,1.05,1.0498767588862339,0.0,0.0,public_state_tabular_independent_mc,1,0.0004100953389903308,3.5430741999298334,True,accepted_return_check_disabled,0.1,1,,,,,,,2.465190328815662e-32,4.2167419346452955e-09,1.0,,,
T-L,DA,mc_learned_baseline,False,45,316,224992,80896,80896,0,0,63200,112496,449984,262144,1.0500000000000003,1.05,1.0498767588862339,0.0,0.0,public_state_tabular_independent_mc,1,0.0004100953389903308,3.55652410001494,True,accepted_return_check_disabled,0.1,1,,,,,,,2.465190328815662e-32,4.2167419346452955e-09,1.0,,,
T-L,DA,mc_learned_baseline,False,45,317,225704,81152,81152,0,0,63400,112852,451408,262144,1.0500000000000003,1.05,1.0498767588862339,0.0,0.0,public_state_tabular_independent_mc,1,0.0004100953389903308,3.569308100035414,True,accepted_return_check_disabled,0.1,1,,,,,,,2.465190328815662e-32,4.2167419346452955e-09,1.0,,,
T-L,DA,mc_learned_baseline,False,45,318,226416,81408,81408,0,0,63600,113208,452832,262144,1.0500000000000003,1.05,1.0498767588862339,0.0,0.0,public_state_tabular_independent_mc,1,0.0004100953389903308,3.5807834999868646,True,accepted_return_check_disabled,0.1,1,,,,,,,2.465190328815662e-32,4.2167419346452955e-09,1.0,,,
T-L,DA,mc_learned_baseline,False,45,319,227128,81664,81664,0,0,63800,113564,454256,262144,1.0500000000000003,1.05,1.0498767588862339,0.0,0.0,public_state_tabular_independent_mc,1,0.0004100953389903308,3.591737400041893,True,accepted_return_check_disabled,0.1,1,,,,,,,2.465190328815662e-32,4.2167419346452955e-09,1.0,,,
T-L,DA,mc_learned_baseline,False,45,320,227840,81920,81920,0,0,64000,113920,455680,262144,1.0500000000000003,1.05,1.0498767588862339,0.0,0.0,public_state_tabular_independent_mc,1,0.0004100953389903308,3.6007368999999017,True,accepted_return_check_disabled,0.1,1,,,,,,,2.465190328815662e-32,4.2167419346452955e-09,1.0,,,
T-L,DA,mc_learned_baseline,False,45,321,228552,82176,82176,0,0,64200,114276,457104,262144,1.0500000000000003,1.05,1.0498767588862339,0.0,0.0,public_state_tabular_independent_mc,1,0.0004100953389903308,3.6123601000290364,True,accepted_return_check_disabled,0.1,1,,,,,,,2.465190328815662e-32,4.2167419346452955e-09,1.0,,,
T-L,DA,mc_learned_baseline,False,45,322,229264,82432,82432,0,0,64400,114632,458528,262144,1.0500000000000003,1.05,1.0498767588862339,0.0,0.0,public_state_tabular_independent_mc,1,0.0004100953389903308,3.622781699988991,True,accepted_return_check_disabled,0.1,1,,,,,,,2.465190328815662e-32,4.2167419346452955e-09,1.0,,,
T-L,DA,mc_learned_baseline,False,45,323,229976,82688,82688,0,0,64600,114988,459952,262144,1.0500000000000003,1.05,1.0498767588862339,0.0,0.0,public_state_tabular_independent_mc,1,0.0004100953389903308,3.6323857000097632,True,accepted_return_check_disabled,0.1,1,,,,,,,2.465190328815662e-32,4.2167419346452955e-09,1.0,,,
T-L,DA,mc_learned_baseline,False,45,324,230688,82944,82944,0,0,64800,115344,461376,262144,1.0500000000000003,1.05,1.0498767588862339,0.0,0.0,public_state_tabular_independent_mc,1,0.0004100953389903308,3.642912699957378,True,accepted_return_check_disabled,0.1,1,,,,,,,2.465190328815662e-32,4.2167419346452955e-09,1.0,,,
T-L,DA,mc_learned_baseline,False,45,325,231400,83200,83200,0,0,65000,115700,462800,262144,1.0500000000000003,1.05,1.0498767588862339,0.0,0.0,public_state_tabular_independent_mc,1,0.0004100953389903308,3.655997999943793,True,accepted_return_check_disabled,0.1,1,,,,,,,2.465190328815662e-32,4.2167419346452955e-09,1.0,,,
T-L,DA,mc_learned_baseline,False,45,326,232112,83456,83456,0,0,65200,116056,464224,262144,1.0500000000000003,1.05,1.0498767588862339,0.0,0.0,public_state_tabular_independent_mc,1,0.0004100953389903308,3.6656452999450266,True,accepted_return_check_disabled,0.1,1,,,,,,,2.465190328815662e-32,4.2167419346452955e-09,1.0,,,
T-L,DA,mc_learned_baseline,False,45,327,232824,83712,83712,0,0,65400,116412,465648,262144,1.0500000000000003,1.05,1.0498767588862339,0.0,0.0,public_state_tabular_independent_mc,1,0.0004100953389903308,3.6762223000405356,True,accepted_return_check_disabled,0.1,1,,,,,,,2.465190328815662e-32,4.2167419346452955e-09,1.0,,,
T-L,DA,mc_learned_baseline,False,45,328,233536,83968,83968,0,0,65600,116768,467072,262144,1.0500000000000003,1.05,1.0498767588862339,0.0,0.0,public_state_tabular_independent_mc,1,0.0004100953389903308,3.686585500021465,True,accepted_return_check_disabled,0.1,1,,,,,,,2.465190328815662e-32,4.2167419346452955e-09,1.0,,,
T-L,DA,mc_learned_baseline,False,45,329,234248,84224,84224,0,0,65800,117124,468496,262144,1.0500000000000003,1.05,1.0498767588862339,0.0,0.0,public_state_tabular_independent_mc,1,0.0004100953389903308,3.6953783000353724,True,accepted_return_check_disabled,0.1,1,,,,,,,2.465190328815662e-32,4.2167419346452955e-09,1.0,,,
T-L,DA,mc_learned_baseline,False,45,330,234960,84480,84480,0,0,66000,117480,469920,262144,1.0500000000000003,1.05,1.0498767588862339,0.0,0.0,public_state_tabular_independent_mc,1,0.0004100953389903308,3.7055256000021473,True,accepted_return_check_disabled,0.1,1,,,,,,,2.465190328815662e-32,4.2167419346452955e-09,1.0,,,
T-L,DA,mc_learned_baseline,False,45,331,235672,84736,84736,0,0,66200,117836,471344,262144,1.0500000000000003,1.05,1.0498767588862339,0.0,0.0,public_state_tabular_independent_mc,1,0.0004100953389903308,3.7159145999467,True,accepted_return_check_disabled,0.1,1,,,,,,,2.465190328815662e-32,4.2167419346452955e-09,1.0,,,
T-L,DA,mc_learned_baseline,False,45,332,236384,84992,84992,0,0,66400,118192,472768,262144,1.0500000000000003,1.05,1.0498767588862339,0.0,0.0,public_state_tabular_independent_mc,1,0.0004100953389903308,3.72504339995794,True,accepted_return_check_disabled,0.1,1,,,,,,,2.465190328815662e-32,4.2167419346452955e-09,1.0,,,
T-L,DA,mc_learned_baseline,False,45,333,237096,85248,85248,0,0,66600,118548,474192,262144,1.0500000000000003,1.05,1.0498767588862339,0.0,0.0,public_state_tabular_independent_mc,1,0.0004100953389903308,3.735433700028807,True,accepted_return_check_disabled,0.1,1,,,,,,,2.465190328815662e-32,4.2167419346452955e-09,1.0,,,
T-L,DA,mc_learned_baseline,False,45,334,237808,85504,85504,0,0,66800,118904,475616,262144,1.0500000000000003,1.05,1.0498767588862339,0.0,0.0,public_state_tabular_independent_mc,1,0.0004100953389903308,3.7442623999668285,True,accepted_return_check_disabled,0.1,1,,,,,,,2.465190328815662e-32,4.2167419346452955e-09,1.0,,,
T-L,DA,mc_learned_baseline,False,45,335,238520,85760,85760,0,0,67000,119260,477040,262144,1.0500000000000003,1.05,1.0498767588862339,0.0,0.0,public_state_tabular_independent_mc,1,0.0004100953389903308,3.754748099949211,True,accepted_return_check_disabled,0.1,1,,,,,,,2.465190328815662e-32,4.2167419346452955e-09,1.0,,,
T-L,DA,mc_learned_baseline,False,45,336,239232,86016,86016,0,0,67200,119616,478464,262144,1.0500000000000003,1.05,1.0498767588862339,0.0,0.0,public_state_tabular_independent_mc,1,0.0004100953389903308,3.7660615999484435,True,accepted_return_check_disabled,0.1,1,,,,,,,2.465190328815662e-32,4.2167419346452955e-09,1.0,,,
T-L,DA,mc_learned_baseline,False,45,337,239944,86272,86272,0,0,67400,119972,479888,262144,1.0500000000000003,1.05,1.0498767588862339,0.0,0.0,public_state_tabular_independent_mc,1,0.0004100953389903308,3.7748815999366343,True,accepted_return_check_disabled,0.1,1,,,,,,,2.465190328815662e-32,4.2167419346452955e-09,1.0,,,
T-L,DA,mc_learned_baseline,False,45,338,240656,86528,86528,0,0,67600,120328,481312,262144,1.0500000000000003,1.05,1.0498891937513992,1.2434865165333875e-05,4.0328220997273583e-07,public_state_tabular_independent_mc,0,0.00036418793677796626,3.7857723999768496,True,accepted_return_check_disabled,0.1,1,,,,,,,6.594543457030985e-05,6.51178324164628e-05,0.9472436523437522,,,
T-L,DA,mc_learned_baseline,False,45,339,241368,86784,86784,0,0,67800,120684,482736,262144,1.0500000000000003,1.05,1.0498891937513992,0.0,0.0,public_state_tabular_independent_mc,1,0.00036418793677796626,3.798908600001596,True,accepted_return_check_disabled,0.1,1,,,,,,,2.465190328815662e-32,3.393391507345953e-09,1.0,,,
T-L,DA,mc_learned_baseline,False,45,340,242080,87040,87040,0,0,68000,121040,484160,262144,1.0500000000000003,1.05,1.0498891937513992,0.0,0.0,public_state_tabular_independent_mc,1,0.00036418793677796626,3.8108377000316978,True,accepted_return_check_disabled,0.1,1,,,,,,,2.465190328815662e-32,3.393391507345953e-09,1.0,,,
T-L,DA,mc_learned_baseline,False,45,341,242792,87296,87296,0,0,68200,121396,485584,262144,1.0500000000000003,1.05,1.0498891937513992,0.0,0.0,public_state_tabular_independent_mc,1,0.00036418793677796626,3.8204211000120267,True,accepted_return_check_disabled,0.1,1,,,,,,,2.465190328815662e-32,3.393391507345953e-09,1.0,,,
T-L,DA,mc_learned_baseline,False,45,342,243504,87552,87552,0,0,68400,121752,487008,262144,1.0500000000000003,1.05,1.0498891937513992,0.0,0.0,public_state_tabular_independent_mc,1,0.00036418793677796626,3.897960399976,True,accepted_return_check_disabled,0.1,1,,,,,,,2.465190328815662e-32,3.393391507345953e-09,1.0,,,
T-L,DA,mc_learned_baseline,False,45,343,244216,87808,87808,0,0,68600,122108,488432,262144,1.0500000000000003,1.05,1.0498891937513992,0.0,0.0,public_state_tabular_independent_mc,1,0.00036418793677796626,3.912254099966958,True,accepted_return_check_disabled,0.1,1,,,,,,,2.465190328815662e-32,3.393391507345953e-09,1.0,,,
T-L,DA,mc_learned_baseline,False,45,344,244928,88064,88064,0,0,68800,122464,489856,262144,1.0500000000000003,1.05,1.0499076123516224,1.84186002232245e-05,4.762748980642575e-07,public_state_tabular_independent_mc,1,0.00030799494645679707,3.9268195999320596,True,accepted_return_check_disabled,0.1,1,,,,,,,9.335021972656141e-05,9.223183183228366e-05,0.99958740234375,,,
T-L,DA,mc_learned_baseline,False,45,345,245640,88320,88320,0,0,69000,122820,491280,262144,1.0500000000000003,1.05,1.0499076123516224,0.0,0.0,public_state_tabular_independent_mc,1,0.00030799494645679707,3.938153399969451,True,accepted_return_check_disabled,0.1,1,,,,,,,2.465190328815662e-32,2.359417698238186e-09,1.0,,,
T-L,DA,mc_learned_baseline,False,45,346,246352,88576,88576,0,0,69200,123176,492704,262144,1.0500000000000003,1.05,1.0499076123516224,0.0,0.0,public_state_tabular_independent_mc,1,0.00030799494645679707,3.9493378000333905,True,accepted_return_check_disabled,0.1,1,,,,,,,2.465190328815662e-32,2.359417698238186e-09,1.0,,,
T-L,DA,mc_learned_baseline,False,45,347,247064,88832,88832,0,0,69400,123532,494128,262144,1.0500000000000003,1.05,1.0499076123516224,0.0,0.0,public_state_tabular_independent_mc,1,0.00030799494645679707,3.960281000006944,True,accepted_return_check_disabled,0.1,1,,,,,,,2.465190328815662e-32,2.359417698238186e-09,1.0,,,
T-L,DA,mc_learned_baseline,False,45,348,247776,89088,89088,0,0,69600,123888,495552,262144,1.0500000000000003,1.05,1.0499076123516224,0.0,0.0,public_state_tabular_independent_mc,1,0.00030799494645679707,3.9751597000285983,True,accepted_return_check_disabled,0.1,1,,,,,,,2.465190328815662e-32,2.359417698238186e-09,1.0,,,
T-L,DA,mc_learned_baseline,False,45,349,248488,89344,89344,0,0,69800,124244,496976,262144,1.0500000000000003,1.05,1.0499076123516224,0.0,0.0,public_state_tabular_independent_mc,1,0.00030799494645679707,3.9878386999480426,True,accepted_return_check_disabled,0.1,1,,,,,,,2.465190328815662e-32,2.359417698238186e-09,1.0,,,
T-L,DA,mc_learned_baseline,False,45,350,249200,89600,89600,0,0,70000,124600,498400,262144,1.0500000000000003,1.05,1.0499076123516224,0.0,0.0,public_state_tabular_independent_mc,1,0.00030799494645679707,4.0027374000055715,True,accepted_return_check_disabled,0.1,1,,,,,,,2.465190328815662e-32,2.359417698238186e-09,1.0,,,
T-L,DA,mc_learned_baseline,False,45,351,249912,89856,89856,0,0,70200,124956,499824,262144,1.0500000000000003,1.05,1.0499160501343563,8.437782733849986e-06,2.691849181589508e-07,public_state_tabular_independent_mc,0,0.00027579718227870514,4.017726199934259,True,accepted_return_check_disabled,0.1,1,,,,,,,6.594543457030985e-05,6.537512908597909e-05,0.9472436523437522,,,
T-L,DA,mc_learned_baseline,False,45,352,250624,90112,90112,0,0,70400,125312,501248,262144,1.0500000000000003,1.05,1.0499160501343563,0.0,0.0,public_state_tabular_independent_mc,1,0.00027579718227870514,4.029013099963777,True,accepted_return_check_disabled,0.1,1,,,,,,,2.465190328815662e-32,1.974268291120771e-09,1.0,,,
T-L,DA,mc_learned_baseline,False,45,353,251336,90368,90368,0,0,70600,125668,502672,262144,1.0500000000000003,1.05,1.0499160501343563,0.0,0.0,public_state_tabular_independent_mc,1,0.00027579718227870514,4.038632399984635,True,accepted_return_check_disabled,0.1,1,,,,,,,2.465190328815662e-32,1.974268291120771e-09,1.0,,,
T-L,DA,mc_learned_baseline,False,45,354,252048,90624,90624,0,0,70800,126024,504096,262144,1.0500000000000003,1.05,1.0499160501343563,0.0,0.0,public_state_tabular_independent_mc,1,0.00027579718227870514,4.049872700008564,True,accepted_return_check_disabled,0.1,1,,,,,,,2.465190328815662e-32,1.974268291120771e-09,1.0,,,
T-L,DA,mc_learned_baseline,False,45,355,252760,90880,90880,0,0,71000,126380,505520,262144,1.0500000000000003,1.05,1.0499160501343563,0.0,0.0,public_state_tabular_independent_mc,1,0.00027579718227870514,4.061788899940439,True,accepted_return_check_disabled,0.1,1,,,,,,,2.465190328815662e-32,1.974268291120771e-09,1.0,,,
T-L,DA,mc_learned_baseline,False,45,356,253472,91136,91136,0,0,71200,126736,506944,262144,1.0500000000000003,1.05,1.0499160501343563,0.0,0.0,public_state_tabular_independent_mc,1,0.00027579718227870514,4.070868999930099,True,accepted_return_check_disabled,0.1,1,,,,,,,2.465190328815662e-32,1.974268291120771e-09,1.0,,,
T-L,DA,mc_learned_baseline,False,45,357,254184,91392,91392,0,0,71400,127092,508368,262144,1.0500000000000003,1.05,1.0499160501343563,0.0,0.0,public_state_tabular_independent_mc,1,0.00027579718227870514,4.08069059997797,True,accepted_return_check_disabled,0.1,1,,,,,,,2.465190328815662e-32,1.974268291120771e-09,1.0,,,
T-L,DA,mc_learned_baseline,False,45,358,254896,91648,91648,0,0,71600,127448,509792,262144,1.0500000000000003,1.05,1.0499160501343563,0.0,0.0,public_state_tabular_independent_mc,1,0.00027579718227870514,4.089774499996565,True,accepted_return_check_disabled,0.1,1,,,,,,,2.465190328815662e-32,1.974268291120771e-09,1.0,,,
T-L,DA,mc_learned_baseline,False,45,359,255608,91904,91904,0,0,71800,127804,511216,262144,1.0500000000000003,1.05,1.0499160501343563,0.0,0.0,public_state_tabular_independent_mc,1,0.00027579718227870514,4.102722799987532,True,accepted_return_check_disabled,0.1,1,,,,,,,2.465190328815662e-32,1.974268291120771e-09,1.0,,,
T-L,DA,mc_learned_baseline,False,45,360,256320,92160,92160,0,0,72000,128160,512640,262144,1.0500000000000003,1.05,1.0499160501343563,0.0,0.0,public_state_tabular_independent_mc,1,0.00027579718227870514,4.113180899992585,True,accepted_return_check_disabled,0.1,1,,,,,,,2.465190328815662e-32,1.974268291120771e-09,1.0,,,
T-L,DA,mc_learned_baseline,False,45,361,257032,92416,92416,0,0,72200,128516,514064,262144,1.0500000000000003,1.05,1.0499160501343563,0.0,0.0,public_state_tabular_independent_mc,1,0.00027579718227870514,4.123459000024013,True,accepted_return_check_disabled,0.1,1,,,,,,,2.465190328815662e-32,1.974268291120771e-09,1.0,,,
T-L,DA,mc_learned_baseline,False,45,362,257744,92672,92672,0,0,72400,128872,515488,262144,1.0500000000000003,1.05,1.0499160501343563,0.0,0.0,public_state_tabular_independent_mc,1,0.00027579718227870514,4.132988199940883,True,accepted_return_check_disabled,0.1,1,,,,,,,2.465190328815662e-32,1.974268291120771e-09,1.0,,,
T-L,DA,mc_learned_baseline,False,45,363,258456,92928,92928,0,0,72600,129228,516912,262144,1.0500000000000003,1.05,1.0499160501343563,0.0,0.0,public_state_tabular_independent_mc,1,0.00027579718227870514,4.143167600035667,True,accepted_return_check_disabled,0.1,1,,,,,,,2.465190328815662e-32,1.974268291120771e-09,1.0,,,
T-L,DA,mc_learned_baseline,False,45,364,259168,93184,93184,0,0,72800,129584,518336,262144,1.0500000000000003,1.05,1.0499160501343563,0.0,0.0,public_state_tabular_independent_mc,1,0.00027579718227870514,4.158174699987285,True,accepted_return_check_disabled,0.1,1,,,,,,,2.465190328815662e-32,1.974268291120771e-09,1.0,,,
T-L,DA,mc_learned_baseline,False,45,365,259880,93440,93440,0,0,73000,129940,519760,262144,1.0500000000000003,1.05,1.0499160501343563,0.0,0.0,public_state_tabular_independent_mc,1,0.00027579718227870514,4.168025800026953,True,accepted_return_check_disabled,0.1,1,,,,,,,2.465190328815662e-32,1.974268291120771e-09,1.0,,,
T-L,DA,mc_learned_baseline,False,45,366,260592,93696,93696,0,0,73200,130296,521184,262144,1.0500000000000003,1.05,1.0499160501343563,0.0,0.0,public_state_tabular_independent_mc,1,0.00027579718227870514,4.1777995999436826,True,accepted_return_check_disabled,0.1,1,,,,,,,2.465190328815662e-32,1.974268291120771e-09,1.0,,,
T-L,DA,mc_learned_baseline,False,45,367,261304,93952,93952,0,0,73400,130652,522608,262144,1.0500000000000003,1.05,1.0499160501343563,0.0,0.0,public_state_tabular_independent_mc,1,0.00027579718227870514,4.187785299960524,True,accepted_return_check_disabled,0.1,1,,,,,,,2.465190328815662e-32,1.974268291120771e-09,1.0,,,
T-L,DA,mc_learned_baseline,False,45,368,262016,94208,94208,0,0,73600,131008,524032,262144,1.0500000000000003,1.05,1.0499160501343563,0.0,0.0,public_state_tabular_independent_mc,1,0.00027579718227870514,4.198102399939671,True,accepted_return_check_disabled,0.1,1,,,,,,,2.465190328815662e-32,1.974268291120771e-09,1.0,,,
