experiment,method,label,oracle_label_group,seed,update,source_steps_total,source_steps_training,source_steps_critic,source_steps_direction_check,source_steps_return_check,source_steps_monitor,source_complete_episodes,agent_decisions,budget,training_return,monitor_return,exact_source_return_diagnostic,actual_return_gain_diagnostic,old_new_kl,baseline_kind,baseline_missing_states,entropy,seconds,accepted,reason,eta,attempts,forward_kl_training,direction_loss,direction_steps,q_bound,direction_check_score,direction_check_mode,critic_validation_mse,label_mse_against_exact_joint_advantage,critic_explained_variance,direction_error,direction_norm,exact_direction_score_diagnostic
T-L,AN,mc_learned_baseline,False,41,1,1736,256,256,1024,0,200,868,3472,262144,0.39515625,0.30749999999999994,0.3521162189510512,0.0331022189510512,0.0004327707544631998,public_state_tabular_independent_mc,0,0.6160723136013208,0.03337209997698665,True,accepted_return_check_disabled,0.1,1,7.512015959799867e-09,-0.08987644669634892,100,5.0,0.08963162790020486,empirical,0.41503414652999293,0.17016350747477604,0.018645491579012186,0.0007994833883203897,0.08707110214775939,0.08794807735062697
T-L,AN,mc_learned_baseline,False,41,2,3472,512,512,2048,0,400,1736,6944,262144,0.44601562499999997,0.48059999999999997,0.3842756025955089,0.032159383644457695,0.00040388417930014415,public_state_tabular_independent_mc,0,0.6064367611846638,0.06991780002135783,True,accepted_return_check_disabled,0.1,1,4.800400318413619e-09,-0.08283219258310097,100,5.0,0.08352704346308701,empirical,0.4182000990887078,0.1772225251363709,0.010520094108965261,0.0003144242126927615,0.08240090591044405,0.08901671052582225
T-L,AN,mc_learned_baseline,False,41,3,5208,768,768,3072,0,600,2604,10416,262144,0.369609375,0.5316,0.4200372452354541,0.03576164263994519,0.000504121621069543,public_state_tabular_independent_mc,0,0.5954588311770622,0.11011869995854795,True,accepted_return_check_disabled,0.1,1,1.196810762293334e-09,-0.102693657561682,100,5.0,0.09034898524153545,empirical,0.40472150723204325,0.1834105397146074,-0.0060767855665546655,0.001131750189032622,0.10256310271343405,0.08835771369965989
T-L,AN,mc_learned_baseline,False,41,4,6944,1024,1024,4096,0,800,3472,13888,262144,0.47906249999999995,0.4421999999999999,0.4563988115408236,0.03636156630536952,0.0005316270011224606,public_state_tabular_independent_mc,0,0.5822288582716912,0.14745990000665188,True,accepted_return_check_disabled,0.1,1,3.047169942099012e-09,-0.10774856368228831,100,5.0,0.08138652901134524,empirical,0.3983866335354413,0.1780447939749054,-0.023204038290050022,0.0025969183959991373,0.10799139418959687,0.08633147308826826
T-L,AN,mc_learned_baseline,False,41,5,8680,1280,1280,5120,0,1000,4340,17360,262144,0.50671875,0.46199999999999997,0.4918624712731233,0.0354636597322997,0.0005092458848271885,public_state_tabular_independent_mc,0,0.5690187677892562,0.19180569995660335,True,accepted_return_check_disabled,0.1,1,3.6048335456253306e-09,-0.10174220234308584,100,5.0,0.09011727948645878,empirical,0.38210554496717153,0.1584214373003348,0.01735997135480849,0.0013121303454418495,0.10327945558633972,0.08653026946678638
T-L,AN,mc_learned_baseline,False,41,6,10416,1536,1536,6144,0,1200,5208,20832,262144,0.527109375,0.4982999999999999,0.5205096953736806,0.02864722410055731,0.0003409712215752633,public_state_tabular_independent_mc,0,0.5584513601907,0.24107490002643317,True,accepted_return_check_disabled,0.1,1,3.5315214613360606e-09,-0.07108123989455595,100,5.0,0.09404695225670741,empirical,0.36205881888834646,0.1489385474619075,0.00944718696685276,0.0018161039265842589,0.06954340134129888,0.0843023736130617
T-L,AN,mc_learned_baseline,False,41,7,12152,1792,1792,7168,0,1400,6076,24304,262144,0.54421875,0.4940999999999999,0.5495381515028119,0.029028456129131297,0.0003635001294615088,public_state_tabular_independent_mc,0,0.5471222147627871,0.28670970001257956,True,accepted_return_check_disabled,0.1,1,2.9977922466726053e-09,-0.07546178225661365,100,5.0,0.07714980470015795,empirical,0.3545988193459291,0.15996018592455555,-0.0038345479840988794,0.001878058476502695,0.07480658527564281,0.08227878251015698
T-L,AN,mc_learned_baseline,False,41,8,13888,2048,2048,8192,0,1600,6944,27776,262144,0.574453125,0.711,0.5799895015776316,0.030451350074819694,0.0004067688503547935,public_state_tabular_independent_mc,0,0.5344674405729928,0.34522689995355904,True,accepted_return_check_disabled,0.1,1,2.964557005821973e-09,-0.08336148983997854,100,5.0,0.0817331593923135,empirical,0.33992725270387414,0.14998135846778948,-0.017957362522967646,0.00012891939742084422,0.08292665207408505,0.08140971616517863
T-L,AN,mc_learned_baseline,False,41,9,15624,2304,2304,9216,0,1800,7812,31248,262144,0.49968749999999995,0.6869999999999998,0.6091991693330643,0.029209667755432656,0.0003900956881916137,public_state_tabular_independent_mc,0,0.5215449198309565,0.39056490000803024,True,accepted_return_check_disabled,0.1,1,4.3142320332081344e-09,-0.08216293556378082,100,5.0,0.086573613699721,empirical,0.3771899309948416,0.15969079948828563,0.003910349843503247,8.016784907957348e-06,0.07985941635829077,0.07841330731418986
T-L,AN,mc_learned_baseline,False,41,10,17360,2560,2560,10240,0,2000,8680,34720,262144,0.6878906250000001,0.5829,0.6346970466252011,0.025497877292136817,0.0003201135215360462,public_state_tabular_independent_mc,0,0.508845759976584,0.4343230000231415,True,accepted_return_check_disabled,0.1,1,3.396094573605603e-09,-0.06380190395864424,100,5.0,0.0820721549769417,empirical,0.2883563324374437,0.12164709712117286,0.0038733881281214355,0.0024235266607035956,0.0651586120932339,0.07251888907318474
T-L,AN,mc_learned_baseline,False,41,11,19096,2816,2816,11264,0,2200,9548,38192,262144,0.6185156250000001,0.7103999999999999,0.6630954898487234,0.02839844322352225,0.0004100198469367646,public_state_tabular_independent_mc,0,0.49517273344270807,0.48080129991285503,True,accepted_return_check_disabled,0.1,1,3.918217917948458e-09,-0.08221230458162523,100,5.0,0.09147484260435129,empirical,0.3330533696095712,0.13848901043403228,0.012395801408017215,0.0010426943770023634,0.08491565727851665,0.07062315061345865
T-L,AN,mc_learned_baseline,False,41,12,20832,3072,3072,12288,0,2400,10416,41664,262144,0.6592968750000001,0.6659999999999999,0.6883901210929435,0.025294631244220156,0.0003455550127698839,public_state_tabular_independent_mc,0,0.4820395238466108,0.5226581000024453,True,accepted_return_check_disabled,0.1,1,3.3258435761069162e-09,-0.0714043201316624,100,5.0,0.061840236544810134,empirical,0.29301925172814736,0.11835771236733225,0.011383333888515756,0.00037800718743510983,0.0714690784296284,0.06704043011982942
T-L,AN,mc_learned_baseline,False,41,13,22568,3328,3328,13312,0,2600,11284,45136,262144,0.6506250000000001,0.6980999999999998,0.7115587873264475,0.023168666233504,0.00038117963853088864,public_state_tabular_independent_mc,0,0.4690969128136087,0.5711346999742091,True,accepted_return_check_disabled,0.1,1,9.778884582985002e-10,-0.08132242160805034,100,5.0,0.046595169839831835,empirical,0.3050905517822338,0.11403170187771294,0.04150319751370701,0.01469461550315217,0.0786825859086554,0.04858432928665518
T-L,AN,mc_learned_baseline,False,41,14,24304,3584,3584,14336,0,2800,12152,48608,262144,0.6935156250000001,0.7506,0.7341620678619004,0.022603280535452908,0.00035214957665911283,public_state_tabular_independent_mc,0,0.4572458098132892,0.616459299926646,True,accepted_return_check_disabled,0.1,1,3.5854058417027893e-09,-0.07419966725416241,100,5.0,0.04545102946772304,empirical,0.25376034230419414,0.11361215752922041,0.0027330153054238027,0.007463406517692614,0.07383057467596639,0.051881068579193265
T-L,AN,mc_learned_baseline,False,41,15,26040,3840,3840,15360,0,3000,13020,52080,262144,0.7361718750000001,0.8022,0.7533861096756446,0.019224041813744153,0.0002490092066779736,public_state_tabular_independent_mc,0,0.4461827358355487,0.6695063000079244,True,accepted_return_check_disabled,0.1,1,2.6183952181556467e-09,-0.051306001765137776,100,5.0,0.05440628658796717,empirical,0.22493771329015314,0.09391350112969701,0.0019358273433656148,0.0005354124515665434,0.051354198647740115,0.054169245421186826
T-L,AN,mc_learned_baseline,False,41,16,27776,4096,4096,16384,0,3200,13888,55552,262144,0.8179687500000001,0.6950999999999999,0.768215384013162,0.014829274337517462,0.00015991067203649178,public_state_tabular_independent_mc,0,0.43700470680976233,0.7125578999985009,True,accepted_return_check_disabled,0.1,1,4.360073294520003e-10,-0.03272855092492944,100,5.0,0.06029260396342398,empirical,0.1605726068501753,0.0662911520065636,0.0048224421654728955,0.002636122062088627,0.03273169749081153,0.048038057776206004
T-L,AN,mc_learned_baseline,False,41,17,29512,4352,4352,17408,0,3400,14756,59024,262144,0.8139843750000001,0.8187000000000001,0.781651744891903,0.013436360878741005,0.00013967963437507436,public_state_tabular_independent_mc,0,0.42845883949438424,0.7587378999451175,True,accepted_return_check_disabled,0.1,1,1.5559253475947953e-09,-0.028289322224468734,100,5.0,0.05376429493984831,empirical,0.1536020041211441,0.06521808632831091,7.345198415342757e-05,0.0029211988389015574,0.028481948712064973,0.04456794846184148
T-L,AN,mc_learned_baseline,False,41,18,31248,4608,4608,18432,0,3600,15624,62496,262144,0.7441406250000001,0.8213999999999999,0.8036638410705995,0.022012096178696483,0.0004511796832443503,public_state_tabular_independent_mc,0,0.41406036230212356,0.7986140999710187,True,accepted_return_check_disabled,0.1,1,6.127249401564872e-09,-0.08832648333967483,100,5.0,0.0366140152971713,empirical,0.23523663623105315,0.09196374728338547,0.026354440288022696,0.014889599489650846,0.09422844918477043,0.029601724424871176
T-L,AN,mc_learned_baseline,False,41,19,32984,4864,4864,19456,0,3800,16492,65968,262144,0.7523437500000001,0.7880999999999999,0.8229479449140402,0.019284103843440703,0.00038222499863052974,public_state_tabular_independent_mc,0,0.40092672120220696,0.8435402999166399,True,accepted_return_check_disabled,0.1,1,6.6466526801211046e-09,-0.07712963187886135,100,5.0,0.021739001750825,empirical,0.2299516415909756,0.0907645103053296,0.01327712750244392,0.010620033518971003,0.0801519392370418,0.028757465547873368
T-L,AN,mc_learned_baseline,False,41,20,34720,5120,5120,20480,0,4000,17360,69440,262144,0.8069531250000002,0.8592,0.8365764489171988,0.013628504003158626,0.00020762031275414717,public_state_tabular_independent_mc,0,0.39064485017550754,0.8943990999832749,True,accepted_return_check_disabled,0.1,1,1.617383769294717e-09,-0.04294771837757004,100,5.0,0.03110314508514641,empirical,0.15697039976418414,0.06256162243016522,0.014939337779845463,0.0018882511776908365,0.042827827949610146,0.03267944907995996
T-L,AN,mc_learned_baseline,False,41,21,36456,5376,5376,21504,0,4200,18228,72912,262144,0.821015625,0.8742,0.8477544398169968,0.011177990899797985,0.00017926770492077986,public_state_tabular_independent_mc,0,0.381845709930966,0.9400766999460757,True,accepted_return_check_disabled,0.1,1,3.3511060435384063e-09,-0.04343662833624247,100,5.0,0.01909779480338037,empirical,0.12480403489458827,0.04603360227480641,0.015438186533512921,0.006237681084451592,0.03771298100363475,0.02494518508074177
T-L,AN,mc_learned_baseline,False,41,22,38192,5632,5632,22528,0,4400,19096,76384,262144,0.8899218750000002,0.9105,0.8558561836628916,0.008101743845894793,8.562702620926292e-05,public_state_tabular_independent_mc,0,0.37558039172818414,0.9800123999593779,True,accepted_return_check_disabled,0.1,1,1.179772064714064e-09,-0.01690724565861005,100,5.0,0.024315403617987272,empirical,0.09173012086085665,0.03536982986492411,0.004563601239679471,0.0014554705767170063,0.017664058358979797,0.026859565181019247
T-L,AN,mc_learned_baseline,False,41,23,39928,5888,5888,23552,0,4600,19964,79856,262144,0.8798437500000001,0.8103,0.8609583573474867,0.0051021736845950905,3.68768010965567e-05,public_state_tabular_independent_mc,0,0.37115330621123627,1.02011839998886,True,accepted_return_check_disabled,0.1,1,5.439181287728817e-10,-0.007497654799998806,100,5.0,0.027990439969981483,empirical,0.059527997379942604,0.022721693758865378,0.010067854858377911,0.00611420308643343,0.007493027494367753,0.02002371090228039
T-L,AN,mc_learned_baseline,False,41,24,41664,6144,6144,24576,0,4800,20832,83328,262144,0.8784375000000002,0.9216,0.8708401370176724,0.009881779670185664,0.00020898422683839017,public_state_tabular_independent_mc,0,0.3628422834749432,1.0657823999645188,True,accepted_return_check_disabled,0.1,1,1.5234608808090964e-09,-0.038877744309826136,100,5.0,0.009520307310643853,empirical,0.1108550883996894,0.04062874097988573,-0.012791504220746042,0.013008224517656281,0.04474654486342636,0.011866186836174894
T-L,AN,mc_learned_baseline,False,41,25,43400,6400,6400,25600,0,5000,21700,86800,262144,0.8889843750000002,0.8922,0.8750609133121212,0.004220776294448836,4.276993207325064e-05,public_state_tabular_independent_mc,0,0.3590491730763109,1.111623500008136,True,accepted_return_check_disabled,0.1,1,7.008199653720357e-10,-0.007974432810773216,100,5.0,0.006303557601226596,empirical,0.04363647370052697,0.016601732630477314,0.011109549754498738,0.007899564602915833,0.00874252390241053,0.014236671243945873
T-L,AN,mc_learned_baseline,False,41,26,45136,6656,6656,26624,0,5200,22568,90272,262144,0.8596875000000002,0.9072,0.8750609133121212,0.0,0.0,public_state_tabular_independent_mc,0,0.3590491730763109,1.1343704999890178,False,direction_rejected,0.0,0,,-0.04932721629439385,100,5.0,-0.01441709203416143,empirical,0.09468183502450875,0.040858943921609346,-0.018850086930457977,0.021391540662887412,0.04929144607313257,-0.0002768079349753927
T-L,AN,mc_learned_baseline,False,41,27,46872,6912,6912,27648,0,5400,23436,93744,262144,0.8896875000000002,0.8922,0.8816779578773412,0.006617044565219943,9.320508974242032e-05,public_state_tabular_independent_mc,0,0.3533033573014278,1.1785076999804005,True,accepted_return_check_disabled,0.1,1,5.224755854266814e-10,-0.02047387886448122,100,5.0,0.014233124015789139,empirical,0.07561134382337745,0.030823087589842934,0.007206650118982805,0.0037264117067352977,0.019560926063382996,0.017388321021176715
T-L,AN,mc_learned_baseline,False,41,28,48608,7168,7168,28672,0,5600,24304,97216,262144,0.8871093750000001,0.9396,0.8877338149575783,0.006055857080237148,7.024220041164648e-05,public_state_tabular_independent_mc,0,0.347733397901644,1.2188285000156611,True,accepted_return_check_disabled,0.1,1,8.712753373966381e-10,-0.014603580265057921,100,5.0,0.015629118558999337,empirical,0.06919691297743054,0.026364702492334142,0.010746876615253753,0.000504036864078681,0.014554082719608914,0.01884913816417984
T-L,AN,mc_learned_baseline,False,41,29,50344,7424,7424,29696,0,5800,25172,100688,262144,0.9035156250000003,0.9336000000000001,0.894101071125633,0.006367256168054669,9.526573652117501e-05,public_state_tabular_independent_mc,0,0.3416469162308324,1.2585600999882445,True,accepted_return_check_disabled,0.1,1,1.346649526201359e-09,-0.01878382472965215,100,5.0,0.00977133834131412,empirical,0.07123341988669021,0.025638433642662224,0.005364921155042168,0.0021058147233607187,0.020056804134394958,0.01563087578748533
T-L,AN,mc_learned_baseline,False,41,30,52080,7680,7680,30720,0,6000,26040,104160,262144,0.8983593750000002,0.8745,0.8982970080421213,0.004195936916488341,4.2544520676762635e-05,public_state_tabular_independent_mc,0,0.3372816861962409,1.3018120999913663,True,accepted_return_check_disabled,0.1,1,5.653283412075397e-10,-0.008405715739169982,100,5.0,0.013457750033102678,empirical,0.04868626890366244,0.01947068918167944,0.006878720865519217,0.0018866388299853733,0.008653564684760737,0.014113545394935922
T-L,AN,mc_learned_baseline,False,41,31,53816,7936,7936,31744,0,6200,26908,107632,262144,0.8871093750000001,0.9159,0.9043592963075839,0.006062288265462623,9.9389917475382e-05,public_state_tabular_independent_mc,0,0.33121582608930084,1.3485202000010759,True,accepted_return_check_disabled,0.1,1,2.5293044884476236e-10,-0.021100468055517674,100,5.0,0.020025904683965617,empirical,0.07142970106336807,0.02578723850466659,0.00938580763598229,0.0017364178396435323,0.0208177339800441,0.013242504990613475
T-L,AN,mc_learned_baseline,False,41,32,55552,8192,8192,32768,0,6400,27776,111104,262144,0.9079687500000002,0.9038999999999998,0.9089501763983505,0.00459088009076658,0.00010131200849599354,public_state_tabular_independent_mc,0,0.32650226534622223,1.3967158999294043,True,accepted_return_check_disabled,0.1,1,6.070161705183798e-10,-0.02244892749924906,100,5.0,0.007244384574989828,empirical,0.0535512891281284,0.02105141457947878,-0.002100197300042961,0.008513372948047212,0.021695712485159085,0.004794951026664371
T-L,AN,mc_learned_baseline,False,41,33,57288,8448,8448,33792,0,6600,28644,114576,262144,0.9121875000000002,0.9303000000000001,0.9120683401643856,0.0031181637660351313,4.754848173839033e-05,public_state_tabular_independent_mc,0,0.3227160470544797,1.448327700025402,True,accepted_return_check_disabled,0.1,1,4.698149330492025e-11,-0.00953923152698021,100,5.0,0.018378739905606883,empirical,0.032248105613696315,0.011412692526083717,0.03404404362069924,0.0047536767263797455,0.009876355036411816,0.00736939391535593
T-L,AN,mc_learned_baseline,False,41,34,59024,8704,8704,34816,0,6800,29512,118048,262144,0.9009375000000002,0.9275999999999999,0.9170893941345356,0.005021053970149958,8.486753087905442e-05,public_state_tabular_independent_mc,0,0.3172618942531345,1.487205500015989,True,accepted_return_check_disabled,0.1,1,1.2734734555688599e-09,-0.0181040594854173,100,5.0,0.0044795597353806445,empirical,0.05949336560719724,0.021714007261362543,0.00902356764343315,0.0010257928256945381,0.017945191627359455,0.010452254086509245
T-L,AN,mc_learned_baseline,False,41,35,60760,8960,8960,35840,0,7000,30380,121520,262144,0.9403125000000002,0.9006000000000001,0.9170893941345356,0.0,0.0,public_state_tabular_independent_mc,0,0.3172618942531345,1.5138051999965683,False,direction_rejected,0.0,0,,-0.013863887957775505,100,5.0,-0.001973337001383745,empirical,0.03677653029212879,0.010912544329643885,0.019414218909238556,0.006524437946164325,0.016036480595157793,0.0035927109195019666
T-L,AN,mc_learned_baseline,False,41,36,62496,9216,9216,36864,0,7200,31248,124992,262144,0.9307031250000002,0.9336,0.9191645718301628,0.0020751776956271506,2.384836287780348e-05,public_state_tabular_independent_mc,0,0.314356801484973,1.5623389999382198,True,accepted_return_check_disabled,0.1,1,3.1603442175014056e-10,-0.00484086048866234,100,5.0,0.009854034475632401,empirical,0.021457126950303308,0.005426960558640194,0.03675455788717008,0.0037801585666705673,0.00485186462278441,0.006336990298995723
T-L,AN,mc_learned_baseline,False,41,37,64232,9472,9472,37888,0,7400,32116,128464,262144,0.9450000000000003,0.9126000000000001,0.9224096681575785,0.003245096327415764,3.976869883257349e-05,public_state_tabular_independent_mc,0,0.3104185165491513,1.6107972000027075,True,accepted_return_check_disabled,0.1,1,2.9567621967722184e-10,-0.007658810988465866,100,5.0,0.01304160310853154,empirical,0.03412568551698023,0.011523037358943273,0.005603485657115437,0.000152420673606786,0.00818475868260608,0.00963471486962995
T-L,AN,mc_learned_baseline,False,41,38,65968,9728,9728,38912,0,7600,32984,131936,262144,0.9330468750000002,0.9423000000000001,0.9246284313310812,0.002218763173502669,3.037755415880862e-05,public_state_tabular_independent_mc,0,0.30725516983429924,1.651172999991104,True,accepted_return_check_disabled,0.1,1,6.721101452913649e-10,-0.0061412107670266195,100,5.0,0.0001659598138956247,empirical,0.02396729218568454,0.005256631851039239,0.03496761915115032,0.0031297876590706815,0.006174560980670127,0.005878783258199031
T-L,AN,mc_learned_baseline,False,41,39,67704,9984,9984,39936,0,7800,33852,135408,262144,0.9307031250000002,0.9543,0.9268227457204175,0.0021943143893362604,3.1627818453938155e-05,public_state_tabular_independent_mc,0,0.30406189244316845,1.688150899950415,True,accepted_return_check_disabled,0.1,1,3.537763724918928e-10,-0.006497929905554653,100,5.0,0.002206017329009364,empirical,0.024211190795898445,0.005444913797542985,0.029050919654345364,0.003128068567122872,0.006439746164514569,0.005503914455160747
T-L,AN,mc_learned_baseline,False,41,40,69440,10240,10240,40960,0,8000,34720,138880,262144,0.9171093750000002,0.963,0.9268227457204175,0.0,0.0,public_state_tabular_independent_mc,0,0.30406189244316845,1.7130611999891698,False,direction_rejected,0.0,0,,-0.03712907009265812,100,5.0,-0.01232543153414985,empirical,0.051124072265625015,0.01579963316832912,0.011550997173510269,0.020878494846069195,0.037649640499102834,-0.012611600951682678
T-L,AN,mc_learned_baseline,False,41,41,71176,10496,10496,41984,0,8200,35588,142352,262144,0.9192187500000002,0.9213,0.9268227457204175,0.0,0.0,public_state_tabular_independent_mc,0,0.30406189244316845,1.7348098999354988,False,direction_rejected,0.0,0,,-0.017680031666231572,100,5.0,-0.0015062860019828253,empirical,0.037917858886718746,0.010741282875589859,0.02379646061710794,0.007321357008461395,0.01691679524962313,0.0009455368859251218
T-L,AN,mc_learned_baseline,False,41,42,72912,10752,10752,43008,0,8400,36456,145824,262144,0.9173437500000001,0.9362999999999999,0.9268227457204175,0.0,0.0,public_state_tabular_independent_mc,0,0.30406189244316845,1.7584405000088736,False,direction_rejected,0.0,0,,-0.0316464889393231,100,5.0,-0.016361051052127623,empirical,0.05603317105040259,0.020835617348403303,-0.0018289850284791687,0.01016255691292692,0.030657507335204323,-0.0018956630185404041
T-L,AN,mc_learned_baseline,False,41,43,74648,11008,11008,44032,0,8600,37324,149296,262144,0.9377343750000002,0.9303,0.9289664479482248,0.0021437022278073536,3.276208389643005e-05,public_state_tabular_independent_mc,0,0.30096637589629094,1.8337630999740213,True,accepted_return_check_disabled,0.1,1,1.0367056394517755e-11,-0.006631699233185212,100,5.0,0.0007539166632973418,empirical,0.02388588217993968,0.005457818906019326,0.024529778922231404,0.0032251512306016223,0.006747185443196884,0.005041742663784893
T-L,AN,mc_learned_baseline,False,41,44,76384,11264,11264,45056,0,8800,38192,152768,262144,0.9330468750000003,0.9456000000000002,0.9311106138902047,0.0021441659419798587,3.6077340448400706e-05,public_state_tabular_independent_mc,0,0.2977414018329658,1.8818060000194237,True,accepted_return_check_disabled,0.1,1,6.528436261863636e-10,-0.007562600506928868,100,5.0,0.004669566731421138,empirical,0.024241430664062508,0.005607567133927881,0.03139106651481005,0.0035188723128724035,0.007458120258047771,0.004361420652327379
T-L,AN,mc_learned_baseline,False,41,45,78120,11520,11520,46080,0,9000,39060,156240,262144,0.9632812500000003,0.9096,0.9320051221083013,0.0008945082180966679,1.0610129344801915e-05,public_state_tabular_independent_mc,0,0.2959857603617188,1.9201540999347344,True,accepted_return_check_disabled,0.1,1,3.2228945406938e-11,-0.0021360749344438864,100,5.0,0.002727664007046227,empirical,0.009498524649478056,4.396540857457816e-05,0.031148409905475516,0.0049383368048439066,0.002133304079853538,0.0025857819997825242
T-L,AN,mc_learned_baseline,False,41,46,79856,11776,11776,47104,0,9200,39928,159712,262144,0.9142968750000002,0.9483000000000001,0.934359724401284,0.002354602292982677,3.3979218846944237e-05,public_state_tabular_independent_mc,0,0.29251768378240206,1.9577691999729723,True,accepted_return_check_disabled,0.1,1,6.521276429919595e-10,-0.006413286095676504,100,5.0,0.006590709227246695,empirical,0.02244558760817876,0.005805764039547861,0.028542955226144362,0.0016947543661425043,0.006917829447050732,0.005851462593162406
T-L,AN,mc_learned_baseline,False,41,47,81592,12032,12032,48128,0,9400,40796,163184,262144,0.9377343750000002,0.9420000000000002,0.9365323709435486,0.002172646542264567,4.158362520585491e-05,public_state_tabular_independent_mc,0,0.2891736865724081,1.9978747999994084,True,accepted_return_check_disabled,0.1,1,3.0665244924586494e-10,-0.008653153607239393,100,5.0,0.010918253488555994,empirical,0.023778171605082762,0.005449077376862081,0.030042948726868413,0.0037454847888328154,0.008648192777633238,0.003435909116122274
T-L,AN,mc_learned_baseline,False,41,48,83328,12288,12288,49152,0,9600,41664,166656,262144,0.9421875000000003,0.9519000000000001,0.9374847673245614,0.0009523963810128544,1.1198293302802723e-05,public_state_tabular_independent_mc,0,0.28730258890526056,2.0430960999801755,True,accepted_return_check_disabled,0.1,1,2.4925176958170156e-10,-0.0022875123044705636,100,5.0,0.002462633925226419,empirical,0.011390642808932384,0.0009163312562339204,0.05742099557570601,0.004041861275335325,0.0022673356053890333,0.002774816752809058
T-L,AN,mc_learned_baseline,False,41,49,85064,12544,12544,50176,0,9800,42532,170128,262144,0.9307031250000002,0.9219000000000002,0.9396646605248347,0.0021798932002732307,3.1702085220541e-05,public_state_tabular_independent_mc,0,0.28400793279164993,2.088949400000274,True,accepted_return_check_disabled,0.1,1,2.3677065203806353e-10,-0.006284988358169903,100,5.0,0.0040187908248520325,empirical,0.02167175740623409,0.005501861584911867,0.03264661965545912,0.0014535916211537196,0.006500517434296691,0.005375643417835661
T-L,AN,mc_learned_baseline,False,41,50,86800,12800,12800,51200,0,10000,43400,173600,262144,0.9215625000000002,0.9570000000000002,0.9427975513559914,0.003132890831156754,6.060778627600394e-05,public_state_tabular_independent_mc,0,0.2795743202572188,2.129252400016412,True,accepted_return_check_disabled,0.1,1,1.3716769020047235e-09,-0.013308442536529602,100,5.0,0.0027259603944347482,empirical,0.03522328676566409,0.010700376506765235,0.019961325335501434,0.0016675368872399014,0.01286278501089404,0.004831987470261045
T-L,AN,mc_learned_baseline,False,41,51,88536,13056,13056,52224,0,10200,44268,177072,262144,0.9517968750000002,0.9423,0.9427975513559914,0.0,0.0,public_state_tabular_independent_mc,0,0.2795743202572188,2.1512377000181004,False,direction_rejected,0.0,0,,-0.01284958374814098,100,5.0,-0.008611812792518742,empirical,0.023339649961306642,0.005491588910202282,0.009481181613628653,0.007245924749652438,0.013828433385361626,-0.001425513422363061
T-L,AN,mc_learned_baseline,False,41,52,90272,13312,13312,53248,0,10400,45136,180544,262144,0.9492187500000001,0.936,0.9437113896160876,0.000913838260096167,1.0530804345123004e-05,public_state_tabular_independent_mc,0,0.277739703888312,2.201227799989283,True,accepted_return_check_disabled,0.1,1,1.415870442264711e-10,-0.0021409090420434185,100,5.0,0.00409324991433754,empirical,0.010295697009855975,0.00025805328145044645,0.056210000659274395,0.0031147593308613487,0.00212759172996333,0.0027056519964280303
T-L,AN,mc_learned_baseline,False,41,53,92008,13568,13568,54272,0,10600,46004,184016,262144,0.9539062500000002,0.9543,0.9447130923062713,0.0010017026901837367,1.2776286311645597e-05,public_state_tabular_independent_mc,0,0.27571459083281896,2.2399987999815494,True,accepted_return_check_disabled,0.1,1,7.420146773646594e-11,-0.0025908244606036397,100,5.0,0.002763822750355916,empirical,0.009931640625000005,0.00020353295227055552,0.04491261246620448,0.0031287715969964946,0.002576432335965619,0.0027101961579881328
T-L,AN,mc_learned_baseline,False,41,54,93744,13824,13824,55296,0,10800,46872,187488,262144,0.9353906250000001,0.9480000000000001,0.9468501802919136,0.002137087985642272,3.630916575703523e-05,public_state_tabular_independent_mc,0,0.27237978920851647,2.2827423999551684,True,accepted_return_check_disabled,0.1,1,2.3252234766058634e-10,-0.007322715964063958,100,5.0,0.0027322054821436294,empirical,0.02129850474493237,0.005511038026395362,0.030399401940014892,0.0016113142863918917,0.007568340942767924,0.004249895193793091
T-L,AN,mc_learned_baseline,False,41,55,95480,14080,14080,56320,0,11000,47740,190960,262144,0.9424218750000002,0.9690000000000001,0.9468501802919136,0.0,0.0,public_state_tabular_independent_mc,0,0.27237978920851647,2.306300099939108,False,direction_rejected,0.0,0,,-0.008079202376624283,100,5.0,-0.002470416057007903,empirical,0.020851164281091034,0.005351797384938728,0.02739905065625947,0.00216827230233212,0.00814311343025809,0.003362996867420639
T-L,AN,mc_learned_baseline,False,41,56,97216,14336,14336,57344,0,11200,48608,194432,262144,0.9520312500000001,0.9690000000000001,0.9499241135377773,0.0030739332458636914,9.000396461665477e-05,public_state_tabular_independent_mc,0,0.2679281969601555,2.3447385999606922,True,accepted_return_check_disabled,0.1,1,1.0389028447339824e-09,-0.018314408094456745,100,5.0,0.0017242197843645637,empirical,0.033696234130859384,0.011093806106545376,0.006483798782664807,0.007438960217385708,0.020146788019364304,-0.0019076910476329492
T-L,AN,mc_learned_baseline,False,41,57,98952,14592,14592,58368,0,11400,49476,197904,262144,0.9726562500000002,0.9420000000000001,0.950839770057821,0.0009156565200437727,1.0470396940915826e-05,public_state_tabular_independent_mc,0,0.2660576656545442,2.387477900017984,True,accepted_return_check_disabled,0.1,1,2.427105058002155e-10,-0.002140660504538985,100,5.0,0.0031908916793457563,empirical,0.008654479980468751,4.928582412393787e-05,0.018749457982828788,0.002082160705819335,0.0021211869220289278,0.0027261192949628484
T-L,AN,mc_learned_baseline,False,41,58,100688,14848,14848,59392,0,11600,50344,201376,262144,0.9445312500000003,0.9603000000000002,0.952003117148649,0.001163347090827993,1.67799677609176e-05,public_state_tabular_independent_mc,0,0.2636731253398877,2.4253875999711454,True,accepted_return_check_disabled,0.1,1,3.547858962085753e-10,-0.003432285939152234,100,5.0,0.002390511606525614,empirical,0.010357360839843757,2.3747519611527872e-05,0.06526822653623177,0.0020696058169255554,0.003401190532753675,0.002756678424981863
T-L,AN,mc_learned_baseline,False,41,59,102424,15104,15104,60416,0,11800,51212,204848,262144,0.9332812500000003,0.9720000000000002,0.952003117148649,0.0,0.0,public_state_tabular_independent_mc,0,0.2636731253398877,2.450313700013794,False,direction_rejected,0.0,0,,-0.030581617744253442,100,5.0,-0.010862880746580882,empirical,0.03237470703125001,0.010885290450910964,0.015604070788774016,0.018046028915424263,0.031150639856848426,-0.013198280215512757
T-L,AN,mc_learned_baseline,False,41,60,104160,15360,15360,61440,0,12000,52080,208320,262144,0.9658593750000002,0.9660000000000001,0.952003117148649,0.0,0.0,public_state_tabular_independent_mc,0,0.2636731253398877,2.473849599948153,False,direction_rejected,0.0,0,,-0.008929635898901655,100,5.0,-8.516105847482247e-05,empirical,0.019725247375002836,0.005334973538634805,0.005062957447756311,0.0020697000142796316,0.008427105538100436,0.0027780486856318707
T-L,AN,mc_learned_baseline,False,41,61,105896,15616,15616,62464,0,12200,52948,211792,262144,0.9515625000000002,0.948,0.9531440108130661,0.001140893664417053,1.601970563072419e-05,public_state_tabular_independent_mc,0,0.26132548604590633,2.5168302999809384,True,accepted_return_check_disabled,0.1,1,7.943581794404751e-11,-0.003242602761957515,100,5.0,0.002951905628914819,empirical,0.010055236816406254,7.18864235013445e-05,0.049419111240197156,0.002053832222039171,0.0032315696747992886,0.0027939164778723324
T-L,AN,mc_learned_baseline,False,41,62,107632,15872,15872,63488,0,12400,53816,215264,262144,0.9515625000000002,0.9423,0.9542016505820086,0.0010576397689424644,1.3675889222375455e-05,public_state_tabular_independent_mc,0,0.25914096827513794,2.5642859999788925,True,accepted_return_check_disabled,0.1,1,3.4790215668791187e-10,-0.002695028107840592,100,5.0,0.0030066869155380843,empirical,0.010538635253906258,0.0004024648659442811,0.026415916352018343,0.002040048876263578,0.0027181373481948074,0.0028273596981462233
T-L,AN,mc_learned_baseline,False,41,63,109368,16128,16128,64512,0,12600,54684,218736,262144,0.9447656250000002,0.9186,0.9542016505820086,0.0,0.0,public_state_tabular_independent_mc,0,0.25914096827513794,2.5940503999590874,False,direction_rejected,0.0,0,,-0.018823817484622307,100,5.0,-0.011042286789723441,empirical,0.023580053710937503,0.005390467033331727,0.01877975422072864,0.010042352859922485,0.017805910732499586,-0.005157945385232086
T-L,AN,mc_learned_baseline,False,41,64,111104,16384,16384,65536,0,12800,55552,222208,262144,0.9679687500000003,0.9813000000000001,0.9552116530376182,0.001010002455609671,1.239911052115996e-05,public_state_tabular_independent_mc,0,0.25704742432175925,2.64186079998035,True,accepted_return_check_disabled,0.1,1,6.023161132195366e-12,-0.002487408198073451,100,5.0,0.0026716615432754057,empirical,0.008940124511718751,5.23876352585947e-05,0.027890693700121205,0.0020510173549035636,0.0024861354723447766,0.0028333901197868374
T-L,AN,mc_learned_baseline,False,41,65,112840,16640,16640,66560,0,13000,56420,225680,262144,0.9796875000000003,0.9753000000000002,0.9562137677744671,0.001002114736848858,1.2148176587626759e-05,public_state_tabular_independent_mc,0,0.25496278049561405,2.687672699918039,True,accepted_return_check_disabled,0.1,1,1.393747918087841e-14,-0.0024423662863935357,100,5.0,0.003311693496817725,empirical,0.008349609374999995,3.447302606683537e-05,-0.004179416374355593,0.0020556500846091825,0.0024386513910479813,0.0028438701516098584
T-L,AN,mc_learned_baseline,False,41,66,114576,16896,16896,67584,0,13200,57288,229152,262144,0.9820312500000001,0.972,0.9571599552580663,0.0009461874835992035,1.0779748137686128e-05,public_state_tabular_independent_mc,0,0.25298771286813904,2.727991299936548,True,accepted_return_check_disabled,0.1,1,3.0268077916616316e-10,-0.002210250568691888,100,5.0,0.002764577839373873,empirical,0.007888183593750002,0.00017493658787530594,0.00996035014461627,0.0020857653482105947,0.002186804678506691,0.0028277583935926794
T-L,AN,mc_learned_baseline,False,41,67,116312,17152,17152,68608,0,13400,58156,232624,262144,0.9330468750000002,0.9690000000000001,0.9571599552580663,0.0,0.0,public_state_tabular_independent_mc,0,0.25298771286813904,2.7484300999203697,False,direction_rejected,0.0,0,,-0.017823045613080703,100,5.0,-0.0017550180936406023,empirical,0.024154638671875006,0.00533911090395473,0.0321817548662896,0.007771300827687213,0.01517338757553317,-0.002845525346854616
T-L,AN,mc_learned_baseline,False,41,68,118048,17408,17408,69632,0,13600,59024,236096,262144,0.9632812500000003,0.9362999999999999,0.958287479863524,0.0011275246054577304,1.5245214960575323e-05,public_state_tabular_independent_mc,0,0.250625422873981,2.792972799972631,True,accepted_return_check_disabled,0.1,1,1.3427243691375316e-10,-0.0030965966792372633,100,5.0,0.003023463283512716,empirical,0.009423522949218754,0.0002003295121581791,0.025996975244766296,0.002041924140109441,0.003080592504354469,0.002883851340723157
T-L,AN,mc_learned_baseline,False,41,69,119784,17664,17664,70656,0,13800,59892,239568,262144,0.9379687500000001,0.939,0.958287479863524,0.0,0.0,public_state_tabular_independent_mc,0,0.250625422873981,2.816974199959077,False,direction_rejected,0.0,0,,-0.02990712452620771,100,5.0,-0.025223724465196322,empirical,0.03194843750000001,0.0106612373924704,0.01357889327429751,0.017508410249073632,0.030675403937032115,-0.012569265590929364
T-L,AN,mc_learned_baseline,False,41,70,121520,17920,17920,71680,0,14000,60760,243040,262144,0.9541406250000002,0.9720000000000002,0.958287479863524,0.0,0.0,public_state_tabular_independent_mc,0,0.250625422873981,2.839897400001064,False,direction_rejected,0.0,0,,-0.019748806315016663,100,5.0,-0.013924805338613365,empirical,0.023275732421875014,0.005480940711238108,0.012887897813463889,0.012178683058398688,0.019693189110315135,-0.007239538400254425
T-L,AN,mc_learned_baseline,False,41,71,123256,18176,18176,72704,0,14200,61628,246512,262144,0.9353906250000001,0.9600000000000002,0.9605877381387917,0.002300258275267697,5.284618918158042e-05,public_state_tabular_independent_mc,0,0.24676122733667188,2.8762704000109807,True,accepted_return_check_disabled,0.1,1,5.355516383704294e-10,-0.010569124421891963,100,5.0,0.0023738802952644866,empirical,0.02174179363512884,0.0054461524776636865,0.022215499288643636,0.0032315466443787796,0.011333963752914754,0.0017075980137654847
T-L,AN,mc_learned_baseline,False,41,72,124992,18432,18432,73728,0,14400,62496,249984,262144,0.9656250000000002,0.9542999999999999,0.9616366918456407,0.0010489537068489874,1.2820710684065077e-05,public_state_tabular_independent_mc,0,0.24455502549663244,2.9156816999893636,True,accepted_return_check_disabled,0.1,1,3.516165158053469e-10,-0.0025245267634790127,100,5.0,0.0032277679615843827,empirical,0.009455614350254798,0.00031107887575977547,0.016837976512210973,0.0016438504200080354,0.0025476856055736607,0.002956666029640456
T-L,AN,mc_learned_baseline,False,41,73,126728,18688,18688,74752,0,14600,63364,253456,262144,0.9660937500000002,0.987,0.9616366918456407,0.0,0.0,public_state_tabular_independent_mc,0,0.24455502549663244,2.9373869999544695,False,direction_rejected,0.0,0,,-0.03401966559643246,100,5.0,-0.018521369742435113,empirical,0.03011157516667872,0.010580996070693346,-0.0014456781016891629,0.020488417502842627,0.031839192919957064,-0.015881930298120083
T-L,AN,mc_learned_baseline,False,41,74,128464,18944,18944,75776,0,14800,64232,256928,262144,0.9705468750000003,0.9783,0.9637153464957573,0.002078654650116585,0.000101217732653051,public_state_tabular_independent_mc,0,0.24091844022566664,2.9794308999553323,True,accepted_return_check_disabled,0.1,1,1.928846018289669e-09,-0.023427812905826344,100,5.0,0.000471885467570223,empirical,0.022177894883935144,0.00534879789790271,-0.0018701469204798205,0.016717501697348723,0.025409004656139492,-0.012111014492626181
T-L,AN,mc_learned_baseline,False,41,75,130200,19200,19200,76800,0,15000,65100,260400,262144,0.9637500000000002,0.9603,0.9637153464957573,0.0,0.0,public_state_tabular_independent_mc,0,0.24091844022566664,3.000443199998699,False,direction_rejected,0.0,0,,-0.03518973134356097,100,5.0,-0.011311217855354357,empirical,0.030436718750000005,0.01085704243297432,0.0014213642350840994,0.021248398199630335,0.0334525735826496,-0.017007992516315434
T-L,AN,mc_learned_baseline,False,41,76,131936,19456,19456,77824,0,15200,65968,263872,262144,0.9726562500000002,0.9810000000000001,0.9648083627396669,0.0010930162439095614,1.4285352763932494e-05,public_state_tabular_independent_mc,0,0.2385853480446076,3.0392430999781936,True,accepted_return_check_disabled,0.1,1,5.640577107171257e-11,-0.0028890454951749902,100,5.0,0.0024194658473552944,empirical,0.00861328125,3.7129349578239054e-05,0.021090972161997623,0.0013421460825342123,0.002881327560410539,0.002898259600780689
T-L,AN,mc_learned_baseline,False,41,77,133672,19712,19712,78848,0,15400,66836,267344,262144,0.9703125000000001,0.9690000000000001,0.9659204973368261,0.0011121345971591978,1.4753907405770978e-05,public_state_tabular_independent_mc,0,0.23620147839941566,3.076472599990666,True,accepted_return_check_disabled,0.1,1,3.67181531321203e-10,-0.0030239208018486238,100,5.0,0.003243832521407003,empirical,0.008822021484375005,6.998162050804262e-05,0.02204436003527044,0.00134494086831068,0.0029941954368595423,0.0029053993065512327
T-L,AN,mc_learned_baseline,False,41,78,135408,19968,19968,79872,0,15600,67704,270816,262144,0.9773437500000002,0.9690000000000001,0.9669362485847618,0.0010157512479357367,1.2186443132895637e-05,public_state_tabular_independent_mc,0,0.23401876900980467,3.116564100026153,True,accepted_return_check_disabled,0.1,1,3.468890298739629e-10,-0.0023991063380095147,100,5.0,0.00299117915340615,empirical,0.008425533770194013,5.102490526022039e-05,0.012894845948112743,0.001346791125207612,0.0024216712935514534,0.00291236655932517
T-L,AN,mc_learned_baseline,False,41,79,137144,20224,20224,80896,0,15800,68572,274288,262144,0.9632812500000003,0.9723000000000002,0.9679783966701121,0.001042148085350303,1.2908813469117612e-05,public_state_tabular_independent_mc,0,0.23176682118724465,3.1540273999562487,True,accepted_return_check_disabled,0.1,1,1.661358145385408e-10,-0.002550522949342698,100,5.0,0.003040589460829739,empirical,0.009291687011718754,1.1764577452050469e-05,0.03287431346016023,0.0013578742256316538,0.002574577905691914,0.0029069441929554453
T-L,AN,mc_learned_baseline,False,41,80,138880,20480,20480,81920,0,16000,69440,277760,262144,0.9726562500000002,0.9600000000000002,0.969073862129332,0.001095465459219902,1.424893134078169e-05,public_state_tabular_independent_mc,0,0.22938969061609335,3.198266900028102,True,accepted_return_check_disabled,0.1,1,3.781611465732461e-10,-0.00292270509879185,100,5.0,0.0036743724382406915,empirical,0.008635253906250005,4.033210030708266e-05,0.01984216459977417,0.0013492720977678035,0.0028929992144158664,0.0029215110747573374
T-L,AN,mc_learned_baseline,False,41,81,140616,20736,20736,82944,0,16200,70308,281232,262144,0.9890625000000002,0.9690000000000001,0.9700975052355807,0.001023643106248695,1.243086233233871e-05,public_state_tabular_independent_mc,0,0.2271590290383979,3.24202200002037,True,accepted_return_check_disabled,0.1,1,2.212238339712806e-10,-0.0024509567926151634,100,5.0,0.0026433247674588186,empirical,0.007822265624999993,0.00015323197233876277,-0.03271301009763783,0.0013699958032328831,0.002476207111456002,0.0029058248221037453
T-L,AN,mc_learned_baseline,False,41,82,142352,20992,20992,83968,0,16400,71176,284704,262144,0.9773437500000002,0.96,0.971223905337282,0.001126400101701286,1.5050583819303304e-05,public_state_tabular_independent_mc,0,0.22469379557614377,3.2805031000170857,True,accepted_return_check_disabled,0.1,1,1.489117178265255e-10,-0.003065029445459294,100,5.0,0.0032299344233756855,empirical,0.008302917480468752,2.9178779530011034e-05,0.012680335474011706,0.0013545521784425272,0.0030443485686805095,0.002924833937638621
T-L,AN,mc_learned_baseline,False,41,83,144088,21248,21248,84992,0,16600,72044,288176,262144,0.9820312500000002,0.972,0.9723299797483909,0.0011060744111088816,1.4513335424157416e-05,public_state_tabular_independent_mc,0,0.2222620048421472,3.321636899956502,True,accepted_return_check_disabled,0.1,1,2.6605455777883453e-10,-0.0029680879843174595,100,5.0,0.003192665535537478,empirical,0.00791015625,1.0584915935210223e-05,0.008581224739977245,0.0013556211469575032,0.002942317304429425,0.002926413740461377
T-L,AN,mc_learned_baseline,False,41,84,145824,21504,21504,86016,0,16800,72912,291648,262144,0.9585937500000001,0.96,0.9736792276729779,0.001349247924587016,2.150421198163289e-05,public_state_tabular_independent_mc,0,0.21928398579566274,3.3604795000283048,True,accepted_return_check_disabled,0.1,1,4.032680686885426e-10,-0.004403342859497407,100,5.0,0.0031694156396825978,empirical,0.010057017940251003,0.00010610602319129229,0.0028034692376677217,0.001480283124128699,0.004365072875377317,0.0028030531154218247
T-L,AN,mc_learned_baseline,False,41,85,147560,21760,21760,87040,0,17000,73780,295120,262144,0.9632812500000002,1.002,0.9749529549070051,0.0012737272340271888,1.929083051855732e-05,public_state_tabular_independent_mc,0,0.2164538877922665,3.400533700012602,True,accepted_return_check_disabled,0.1,1,2.6992542823396575e-10,-0.003938313870135976,100,5.0,0.0024074057158473034,empirical,0.00929168701171875,0.0002904762187563042,0.0328743134601609,0.0014309135578355124,0.0039104005845537965,0.002851108240529458
T-L,AN,mc_learned_baseline,False,41,86,149296,22016,22016,88064,0,17200,74648,298592,262144,0.9937500000000002,0.9753000000000001,0.9759272371600771,0.0009742822530720563,1.1296733847750936e-05,public_state_tabular_independent_mc,0,0.21427875196781357,3.4391643999842927,True,accepted_return_check_disabled,0.1,1,2.7435800383041834e-10,-0.0022230456455990047,100,5.0,0.002993081046647786,empirical,0.006954345703124999,1.100702198786755e-05,-0.005778805120910002,0.0014054502353609405,0.002247382374300781,0.0028746635622993824
T-L,AN,mc_learned_baseline,False,41,87,151032,22272,22272,89088,0,17400,75516,302064,262144,0.9726562500000002,0.9696000000000001,0.9771088184619323,0.0011815813018551946,1.6656532136880876e-05,public_state_tabular_independent_mc,0,0.2116285147280758,3.4790964999701828,True,accepted_return_check_disabled,0.1,1,3.8636623921405355e-10,-0.0032833967057919284,100,5.0,0.0023312154109643656,empirical,0.009006042480468757,0.0002285825915722023,-0.0012314630127483461,0.001376704005163794,0.00331791638585291,0.0029007976157325362
T-L,AN,mc_learned_baseline,False,41,88,152768,22528,22528,90112,0,17600,76384,305536,262144,0.9679687500000003,0.96,0.9783481974136277,0.0012393789516953468,1.837855339657299e-05,public_state_tabular_independent_mc,0,0.20883388127853567,3.515853499993682,True,accepted_return_check_disabled,0.1,1,2.636709920112564e-10,-0.0037532142174395845,100,5.0,0.0030349868712376297,empirical,0.008951110839843755,4.538109837419188e-05,0.027293391514990106,0.0014167005970010709,0.003726318176331567,0.0028562923525810454
T-L,AN,mc_learned_baseline,False,41,89,154504,22784,22784,91136,0,17800,77252,309008,262144,0.9846093750000002,0.9840000000000002,0.9802332261752197,0.0018850287615920225,4.455155494949108e-05,public_state_tabular_independent_mc,0,0.2054968208242878,3.560838699922897,True,accepted_return_check_disabled,0.1,1,9.595942147876953e-10,-0.009913778254862421,100,5.0,0.006914382164419574,empirical,0.018419775390625007,0.005758393746862754,-0.0005834063639076348,0.0031165472735075347,0.009609422606085154,0.0011501372570322521
T-L,AN,mc_learned_baseline,False,41,90,156240,23040,23040,92160,0,18000,78120,312480,262144,0.9914062500000003,0.972,0.9812201496898038,0.0009869235145840705,1.1616250098958376e-05,public_state_tabular_independent_mc,0,0.2032552282754737,3.6054069999372587,True,accepted_return_check_disabled,0.1,1,7.123449744758238e-11,-0.0023550227879706896,100,5.0,0.00351867305871282,empirical,0.007207031249999998,4.02629051618569e-05,-0.006886014934044837,0.0010715007576687034,0.002346443376331178,0.00288426742196752
T-L,AN,mc_learned_baseline,False,41,91,157976,23296,23296,93184,0,18200,78988,315952,262144,0.9682031250000002,0.9930000000000001,0.9812201496898038,0.0,0.0,public_state_tabular_independent_mc,0,0.2032552282754737,3.6363565999781713,False,direction_rejected,0.0,0,,-0.015206067308783228,100,5.0,-0.0027684504451022597,empirical,0.020111669921875013,0.0057022866428760146,-0.0018528201115204368,0.006964176966609841,0.015685505226440553,-0.003016978610908598
T-L,AN,mc_learned_baseline,False,41,92,159712,23552,23552,94208,0,18400,79856,319424,262144,0.9843750000000002,0.9930000000000001,0.982297759300827,0.0010776096110232114,1.3901087183226838e-05,public_state_tabular_independent_mc,0,0.20079620719054686,3.680030499934219,True,accepted_return_check_disabled,0.1,1,2.5953492910891608e-11,-0.0027856635513347702,100,5.0,0.002532579165705556,empirical,0.007693176269531252,8.311867586738497e-06,0.007696850393700272,0.0010424430692280765,0.0027878821840806364,0.0029047552864731657
T-L,AN,mc_learned_baseline,False,41,93,161448,23808,23808,95232,0,18600,80724,322896,262144,0.9609375000000002,0.9810000000000001,0.9837130399043645,0.001415280603537572,2.4002111018830476e-05,public_state_tabular_independent_mc,0,0.1975512209765785,3.721196200000122,True,accepted_return_check_disabled,0.1,1,3.993549226948987e-10,-0.004751081373986351,100,5.0,0.0021766098226990707,empirical,0.01043349360943923,0.0005398067260373896,-0.06350383285794359,0.0012624280474803618,0.004796221630022007,0.0026742420964779943
T-L,AN,mc_learned_baseline,False,41,94,163184,24064,24064,96256,0,18800,81592,326368,262144,0.9914062500000002,1.0050000000000001,0.9847575767472238,0.0010445368428592117,1.319401801899129e-05,public_state_tabular_independent_mc,0,0.1951401524348103,3.76387959998101,True,accepted_return_check_disabled,0.1,1,2.7301513603910105e-12,-0.002653405029800316,100,5.0,0.002663642756508167,empirical,0.007083435058593753,4.925312109904294e-05,0.0018290977168552436,0.001046093239327437,0.0026511304726677593,0.0028734879899327457
T-L,AN,mc_learned_baseline,False,41,95,164920,24320,24320,97280,0,19000,82460,329840,262144,0.9892968750000002,0.9990000000000001,0.9847575767472238,0.0,0.0,public_state_tabular_independent_mc,0,0.1951401524348103,3.7926884000189602,False,direction_rejected,0.0,0,,-0.012848365062088547,100,5.0,-0.0019388227842715472,empirical,0.017852880859375003,0.005326742068668992,-0.0031908392035771005,0.005630638073671678,0.012486083160384086,-0.0017239480980588574
T-L,AN,mc_learned_baseline,False,41,96,166656,24576,24576,98304,0,19200,83328,333312,262144,0.9846093750000002,0.9753000000000001,0.9847575767472238,0.0,0.0,public_state_tabular_independent_mc,0,0.1951401524348103,3.821705100010149,False,direction_rejected,0.0,0,,-0.03938823850286574,100,5.0,-0.006977085380404584,empirical,0.021000463867187506,0.005368875110099132,-6.119302355833689e-05,0.008065820731546127,0.01310515140793179,-0.004159130755933308
T-L,AN,mc_learned_baseline,False,41,97,168392,24832,24832,99328,0,19400,84196,336784,262144,0.9914062500000002,0.9843000000000001,0.9857891183615145,0.001031541614290754,1.2930456071206452e-05,public_state_tabular_independent_mc,0,0.19274735349814925,3.8671267000027,True,accepted_return_check_disabled,0.1,1,5.674110416143537e-13,-0.002602821652780885,100,5.0,0.0031018967883817625,empirical,0.007083435058593752,4.006408895753094e-05,0.0018290977168553546,0.0010484659271359676,0.002599487501170546,0.0028582240484768505
T-L,AN,mc_learned_baseline,False,41,98,170128,25088,25088,100352,0,19600,85064,340256,262144,0.9867187500000002,0.981,0.9869135500259092,0.0011244316643946872,1.5453301752558544e-05,public_state_tabular_independent_mc,0,0.1901255449774209,3.914187700022012,True,accepted_return_check_disabled,0.1,1,4.919973871946318e-12,-0.003095929683321097,100,5.0,0.003527914662597921,empirical,0.0075146484375,4.771144030697643e-05,0.004212658227848443,0.001048118548608759,0.0031062801870167405,0.0028447070131082963
T-L,AN,mc_learned_baseline,False,41,99,171864,25344,25344,101376,0,19800,85932,343728,262144,0.9984375000000002,1.0050000000000001,0.9878959119334725,0.0009823619075632894,1.1859900476482972e-05,public_state_tabular_independent_mc,0,0.18782319310587078,3.960044499952346,True,accepted_return_check_disabled,0.1,1,1.242965633520223e-10,-0.002417610081219228,100,5.0,0.002802035528833617,empirical,0.006737365722656249,0.00015603735608396105,-0.02584564078132412,0.0010611501527948695,0.0024006017170450588,0.0028152787994152793
T-L,AN,mc_learned_baseline,False,41,100,173600,25600,25600,102400,0,20000,86800,347200,262144,0.9869531250000002,1.0020000000000002,0.9878959119334725,0.0,0.0,public_state_tabular_independent_mc,0,0.18782319310587078,3.986533400020562,False,direction_rejected,0.0,0,,-0.013203276151883877,100,5.0,-0.007369392881899222,empirical,0.01814951171875,0.00535256129995451,-0.008189872789910124,0.005803807014677977,0.013045609557699648,-0.0019427922731326056
T-L,AN,mc_learned_baseline,False,41,101,175336,25856,25856,103424,0,20200,87668,350672,262144,0.9984375000000002,1.0050000000000001,0.9888388152048764,0.0009429032714038943,1.098827530111822e-05,public_state_tabular_independent_mc,0,0.18560276297240463,4.035243000020273,True,accepted_return_check_disabled,0.1,1,3.166743757633308e-10,-0.0022573667520959977,100,5.0,0.003367481136798325,empirical,0.0064050292968750025,3.375795617218297e-05,9.528346831810808e-05,0.0010776519085306487,0.0022333837422469135,0.002783362833014724
T-L,AN,mc_learned_baseline,False,41,102,177072,26112,26112,104448,0,20400,88536,354144,262144,0.9937500000000002,1.014,0.9898521039332006,0.0010132887283241798,1.2703079589796798e-05,public_state_tabular_independent_mc,0,0.18320767780874972,4.076476100017317,True,accepted_return_check_disabled,0.1,1,1.5714230514182158e-10,-0.0025254920724782455,100,5.0,0.0033430183306647496,empirical,0.006916578706295522,3.94131024875321e-05,-0.0056368555992316605,0.0010351000618524057,0.0025376188782996866,0.002810164171789674
T-L,AN,mc_learned_baseline,False,41,103,178808,26368,26368,105472,0,20600,89404,357616,262144,0.9843750000000002,1.0020000000000002,0.9909726643362711,0.001120560403070514,1.5738349330279907e-05,public_state_tabular_independent_mc,0,0.18054147871178977,4.12548990000505,True,accepted_return_check_disabled,0.1,1,4.006206533145338e-10,-0.0032329455067128783,100,5.0,0.0027535774339973902,empirical,0.007965087890625,0.0005165554663144134,-0.009842519685039353,0.0010585900422668422,0.0032007749751980724,0.0027678827002259026
T-L,AN,mc_learned_baseline,False,41,104,180544,26624,26624,106496,0,20800,90272,361088,262144,0.9848437500000002,0.9900000000000001,0.9909726643362711,0.0,0.0,public_state_tabular_independent_mc,0,0.18054147871178977,4.1473719999194145,False,direction_rejected,0.0,0,,-0.0440841592353285,100,5.0,-0.0036086819738780033,empirical,0.02889863281250001,0.010788836038673078,-0.00016215398526475688,0.025968452203179327,0.0374627920503718,-0.02216311110126542
T-L,AN,mc_learned_baseline,False,41,105,182280,26880,26880,107520,0,21000,91140,364560,262144,0.9890625000000002,0.9930000000000001,0.9920488805946128,0.0010762162583417556,1.4632285717493372e-05,public_state_tabular_independent_mc,0,0.1779661774245475,4.191990299965255,True,accepted_return_check_disabled,0.1,1,9.080574194488422e-11,-0.002971868995286787,100,5.0,0.002936195225830913,empirical,0.007294921875000003,5.842549563656399e-06,0.003338062254860663,0.0010480554036912553,0.0029602230867284305,0.002757285698222655
T-L,AN,mc_learned_baseline,False,41,106,184016,27136,27136,108544,0,21200,92008,368032,262144,0.9914062500000003,0.9960000000000001,0.9931346722833684,0.0010857916887555552,1.5020063127067901e-05,public_state_tabular_independent_mc,0,0.17535312456166452,4.235124900005758,True,accepted_return_check_disabled,0.1,1,3.60625219463423e-10,-0.0030836264589643786,100,5.0,0.003179972016463584,empirical,0.007116394042968752,2.1912636653075083e-05,-0.0004949323233842673,0.0010537664513849557,0.0030539667491719115,0.0027300349369364855
T-L,AN,mc_learned_baseline,False,41,107,185752,27392,27392,109568,0,21400,92876,371504,262144,0.9914062500000003,1.0053,0.9942307350208068,0.0010960627374384524,1.5444814644692402e-05,public_state_tabular_independent_mc,0,0.17269989006178962,4.289606899954379,True,accepted_return_check_disabled,0.1,1,3.5197565146471065e-10,-0.003170546904500849,100,5.0,0.0024374065777074887,empirical,0.007294921875000007,0.000138770678551287,-0.01308342837468568,0.001061234538629371,0.0031401712236314265,0.002699599969386261
T-L,AN,mc_learned_baseline,False,41,108,187488,27648,27648,110592,0,21600,93744,374976,262144,1.0125000000000002,0.9606000000000001,0.9949752206933078,0.0007444856725009608,7.175016619672632e-06,public_state_tabular_independent_mc,0,0.17088867060748233,4.3374882999341935,True,accepted_return_check_disabled,0.1,1,1.2978103125381272e-15,-0.0014446846666790161,100,5.0,0.0026985347210183542,empirical,0.004921875000000003,0.00012109240777549077,0.007874015748031482,0.0012394459507613519,0.0014417826964193833,0.0024969457641528456
T-L,AN,mc_learned_baseline,False,41,109,189224,27904,27904,111616,0,21800,94612,378448,262144,1.0054687500000001,1.005,0.9958820584621362,0.0009068377688283835,1.0731843526067803e-05,public_state_tabular_independent_mc,0,0.16867238949555227,4.37724049994722,True,accepted_return_check_disabled,0.1,1,4.1515881187986813e-13,-0.002164301006759135,100,5.0,0.0023858702707051193,empirical,0.005863952636718749,7.017279213175989e-05,-0.014118466525570916,0.0010740524355057383,0.002159845762270143,0.0026450156549222676
T-L,AN,mc_learned_baseline,False,41,110,190960,28160,28160,112640,0,22000,95480,381920,262144,1.0054687500000001,0.993,0.9968351378985747,0.0009530794364385198,1.188719101784058e-05,public_state_tabular_independent_mc,0,0.16633428510741488,4.417084699962288,True,accepted_return_check_disabled,0.1,1,3.233267987986778e-10,-0.0023434875948983476,100,5.0,0.0024941749192867865,empirical,0.006083655649879626,0.0002183147370867585,-0.009966420712312019,0.001038217500554024,0.002367445793743342,0.0026589610049315687
T-L,AN,mc_learned_baseline,False,41,111,192696,28416,28416,113664,0,22200,96348,385392,262144,0.9937500000000002,0.9990000000000001,0.9979495391479228,0.0011144012493481403,1.644592754311975e-05,public_state_tabular_independent_mc,0,0.16358374748085389,4.457482300000265,True,accepted_return_check_disabled,0.1,1,1.0657709339238419e-10,-0.003287119216296053,100,5.0,0.003268511272422884,empirical,0.0069607208251953115,0.00015055962088609707,-0.0003487286628736097,0.001068182728129491,0.003297109553752317,0.0026041812237214317
T-L,AN,mc_learned_baseline,False,41,112,194432,28672,28672,114688,0,22400,97216,388864,262144,1.0057031250000001,0.9843,0.9979495391479228,0.0,0.0,public_state_tabular_independent_mc,0,0.16358374748085389,4.4801828999770805,False,direction_rejected,0.0,0,,-0.011631775259593247,100,5.0,-0.007749135898597064,empirical,0.016244482421875,0.005373900413602981,0.001374491079186635,0.005027069632474128,0.011096048908256554,-0.0013847715217496573
T-L,AN,mc_learned_baseline,False,41,113,196168,28928,28928,115712,0,22600,98084,392336,262144,0.9937500000000001,1.008,0.9989674793141281,0.0010179401662052667,1.3946283729965705e-05,public_state_tabular_independent_mc,0,0.16105269013453893,4.52060069993604,True,accepted_return_check_disabled,0.1,1,3.423251149316863e-10,-0.002865295509307953,100,5.0,0.0024346788073460017,empirical,0.006990051269531251,0.00028576497585384487,-0.008379267425320247,0.0010517895240005337,0.002836922807635997,0.0025905085867239364
T-L,AN,mc_learned_baseline,False,41,114,197904,29184,29184,116736,0,22800,98952,395808,262144,1.0195312500000002,0.9963000000000001,0.9996321173028726,0.0006646379887444986,5.99367472662929e-06,public_state_tabular_independent_mc,0,0.15939189146704338,4.562041600001976,True,accepted_return_check_disabled,0.1,1,1.2607102098261856e-10,-0.0012273019547174142,100,5.0,0.0016089199464907776,empirical,0.004130859375,6.038606853318776e-05,0.01975667332485931,0.001296860556849085,0.001215445989951687,0.0023176170731616336
T-L,AN,mc_learned_baseline,False,41,115,199640,29440,29440,117760,0,23000,99820,399280,262144,1.0148437500000003,1.0110000000000001,1.0004323407848272,0.0008002234819546317,8.76624526894969e-06,public_state_tabular_independent_mc,0,0.1573835160571944,4.604086700011976,True,accepted_return_check_disabled,0.1,1,2.533992219009992e-10,-0.0018015044432989219,100,5.0,0.0032175857542423303,empirical,0.005193786621093748,0.00021999456074784526,-0.04544718344076926,0.0011156436711493882,0.0017823627897694792,0.002480080705964104
T-L,AN,mc_learned_baseline,False,41,116,201376,29696,29696,118784,0,23200,100688,402752,262144,0.9869531250000002,1.008,1.0024762249186334,0.002043884133806184,6.46884133202874e-05,public_state_tabular_independent_mc,0,0.15334739363616534,4.645279499934986,True,accepted_return_check_disabled,0.1,1,5.868422070296049e-10,-0.014121630350424769,100,5.0,0.008331686316230331,empirical,0.01817807617187501,0.005348997406676761,-0.0003866026907042297,0.006087098044218653,0.014572661224981678,-0.002514569521147165
T-L,AN,mc_learned_baseline,False,41,117,203112,29952,29952,119808,0,23400,101556,406224,262144,1.0101562500000003,1.0110000000000001,1.0033317396875918,0.0008555147689583986,1.0176654947605368e-05,public_state_tabular_independent_mc,0,0.1511791193680243,4.684556199936196,True,accepted_return_check_disabled,0.1,1,2.1813988912237852e-10,-0.002014199636570974,100,5.0,0.0027094554657806818,empirical,0.005207519531249999,3.746581418675339e-06,0.002577999121136987,0.0007394549361735101,0.002029164889797511,0.0024859773353066612
T-L,AN,mc_learned_baseline,False,41,118,204848,30208,30208,120832,0,23600,102424,409696,262144,1.0148437500000003,1.0110000000000001,1.0040985516415357,0.0007668119539439022,8.259473213338213e-06,public_state_tabular_independent_mc,0,0.1492258000932137,4.721444699913263,True,accepted_return_check_disabled,0.1,1,2.387647080299159e-10,-0.0016974841516627674,100,5.0,0.0021440406837623886,empirical,0.004790039062499999,2.6926236046033915e-05,-0.0025914288490807014,0.0007916758230746077,0.0016794503455457353,0.002406030526194423
T-L,AN,mc_learned_baseline,False,41,119,206584,30464,30464,121856,0,23800,103292,413168,262144,0.9960937500000002,0.9900000000000001,1.0051966505922076,0.0010980989506719219,1.7174508511989056e-05,public_state_tabular_independent_mc,0,0.14641197700004382,4.7634966999758035,True,accepted_return_check_disabled,0.1,1,2.7686707978559158e-12,-0.0034506690567136667,100,5.0,0.002940543760143483,empirical,0.006907653808593759,9.157131037749743e-05,-0.02011725485688043,0.0007978066014210892,0.0034611161287908913,0.00237439380077747
T-L,AN,mc_learned_baseline,False,41,120,208320,30720,30720,122880,0,24000,104160,416640,262144,1.0010156250000002,0.9936000000000001,1.0051966505922076,0.0,0.0,public_state_tabular_independent_mc,0,0.14641197700004382,4.794463499914855,False,direction_rejected,0.0,0,,-0.018512955027774152,100,5.0,-0.013086855070913263,empirical,0.01705197753906251,0.005713116620937518,-0.0016770224630580088,0.011046113007739318,0.01852500039586643,-0.007911515747098766
T-L,AN,mc_learned_baseline,False,41,121,210056,30976,30976,123904,0,24200,105028,420112,262144,1.0007812500000002,0.987,1.0062187416363462,0.001022091044138529,1.5099449394015838e-05,public_state_tabular_independent_mc,0,0.14377490193584813,4.8395397999556735,True,accepted_return_check_disabled,0.1,1,3.7137704628204825e-10,-0.0029859470281909115,100,5.0,0.002303190252404117,empirical,0.0061962890625000015,9.453783307185513e-05,-0.0019778970010135843,0.0007438747791406032,0.0030138697078214097,0.0023907224814999455
T-L,AN,mc_learned_baseline,False,41,122,211792,31232,31232,124928,0,24400,105896,423584,262144,1.0031250000000003,1.008,1.0072302595698042,0.001011517933457995,1.5012457007386212e-05,public_state_tabular_independent_mc,0,0.14114752349868379,4.881898100022227,True,accepted_return_check_disabled,0.1,1,3.5596845587548724e-10,-0.0029677904803608627,100,5.0,0.002714641074118275,empirical,0.005957336425781253,4.4732235027837584e-06,-0.0016711229946519968,0.0007455226159918107,0.002997386054046846,0.0023529337662082385
T-L,AN,mc_learned_baseline,False,41,123,213528,31488,31488,125952,0,24600,106764,427056,262144,0.9939843750000001,1.0110000000000001,1.0072302595698042,0.0,0.0,public_state_tabular_independent_mc,0,0.14114752349868379,4.90413699997589,False,direction_rejected,0.0,0,,-0.019828629091562876,100,5.0,-0.01419680418376907,empirical,0.0175419677734375,0.0053589545576224,-0.00027417447778343984,0.011900087520017364,0.020459889541592,-0.008838480802157836
T-L,AN,mc_learned_baseline,False,41,124,215264,31744,31744,126976,0,24800,107632,430528,262144,1.0171875000000004,0.987,1.0079689727833594,0.000738713213555231,8.106470810257947e-06,public_state_tabular_independent_mc,0,0.13921741367612117,4.944652599981055,True,accepted_return_check_disabled,0.1,1,5.508273820192916e-11,-0.0016498985574459708,100,5.0,0.0019061831905566417,empirical,0.004606018066406248,8.978135718736279e-05,-0.008386964261261953,0.0007740840551675864,0.0016397474084792834,0.00228752266269194
T-L,AN,mc_learned_baseline,False,41,125,217000,32000,32000,128000,0,25000,108500,434000,262144,1.0101562500000003,1.0053,1.008845609635655,0.0008766368522956647,1.1524754749965043e-05,public_state_tabular_independent_mc,0,0.13691635391829898,4.981914500007406,True,accepted_return_check_disabled,0.1,1,2.456844050990846e-10,-0.0023655422054423914,100,5.0,0.003100425813014412,empirical,0.005250102362825817,4.7504332857114075e-05,0.0020233421990922817,0.0006992373625293708,0.0023434852586808825,0.002334777501123976
T-L,AN,mc_learned_baseline,False,41,126,218736,32256,32256,129024,0,25200,109368,437472,262144,1.01015625,1.0110000000000001,1.0097324698850916,0.0008868602494365163,1.1967637187746665e-05,public_state_tabular_independent_mc,0,0.13457422926042395,5.019331699935719,True,accepted_return_check_disabled,0.1,1,3.5310959369098894e-11,-0.0024306090812634676,100,5.0,0.0021487828990117983,empirical,0.005418217747475299,0.00022935639341662543,0.0002626446760040091,0.0006991799405565175,0.0024198204603665483,0.0023008421106260847
T-L,AN,mc_learned_baseline,False,41,127,220472,32512,32512,130048,0,25400,110236,440944,262144,1.0125000000000002,1.0230000000000001,1.0105526142594004,0.0008201443743087733,1.0427077779433854e-05,public_state_tabular_independent_mc,0,0.13239304492609927,5.058843299979344,True,accepted_return_check_disabled,0.1,1,2.4828376972090485e-10,-0.002141550906098716,100,5.0,0.0021964166630352834,empirical,0.004965820312499998,4.034325977980783e-05,0.0034448818897644395,0.0007090914652107829,0.002121182377241037,0.0022556998061853606
T-L,AN,mc_learned_baseline,False,41,128,222208,32768,32768,131072,0,25600,111104,444416,262144,1.0078125000000002,1.008,1.011496559007031,0.0009439447476307095,1.4041099737990046e-05,public_state_tabular_independent_mc,0,0.12986650936400332,5.0988856999902055,True,accepted_return_check_disabled,0.1,1,1.5587208243035659e-10,-0.0027889392850228628,100,5.0,0.0028396876162601415,empirical,0.005506896972656255,2.652875309584959e-05,-0.003497481813094838,0.0007406947630037429,0.002813132449907684,0.0021912666005940765
T-L,AN,mc_learned_baseline,False,41,129,223944,33024,33024,132096,0,25800,111972,447888,262144,1.0312500000000004,1.0140000000000002,1.01199850608881,0.000501947081778864,4.015842185403866e-06,public_state_tabular_independent_mc,0,0.1285158331779101,5.138274399912916,True,accepted_return_check_disabled,0.1,1,9.172339178910706e-11,-0.0008216382328245068,100,5.0,0.0023774694220276248,empirical,0.0030322265624999935,5.662972671821832e-05,0.016101694915255815,0.0010379664378747239,0.0008146428264453093,0.0018553329377010118
T-L,AN,mc_learned_baseline,False,41,130,225680,33280,33280,133120,0,26000,112840,451360,262144,1.0148437500000003,1.0290000000000001,1.0127835824254148,0.0007850763366048508,9.959047314450662e-06,public_state_tabular_independent_mc,0,0.12639306723418905,5.180017199949361,True,accepted_return_check_disabled,0.1,1,2.6202647115307573e-10,-0.002047965944122659,100,5.0,0.0029099339945430716,empirical,0.004699401855468752,5.425750106302272e-05,0.0070292507531338755,0.0007075485775423745,0.002027245817422043,0.0021648101235685214
T-L,AN,mc_learned_baseline,False,41,131,227416,33536,33536,134144,0,26200,113708,454832,262144,1.03359375,1.008,1.0132314669175149,0.0004478844921000924,3.2499723125476514e-06,public_state_tabular_independent_mc,0,0.12517862152352216,5.216681699967012,True,accepted_return_check_disabled,0.1,1,1.1253334583847889e-11,-0.0006472199730592065,100,5.0,0.0014771110881700831,empirical,0.002603274782886117,4.069791641485847e-05,0.09681624735382743,0.0011225554694525033,0.0006506117323156487,0.0017165189237136657
T-L,AN,mc_learned_baseline,False,41,132,229152,33792,33792,135168,0,26400,114576,458304,262144,1.0057031250000001,1.008,1.0132314669175149,0.0,0.0,public_state_tabular_independent_mc,0,0.12517862152352216,5.238853599992581,False,direction_rejected,0.0,0,,-0.018330841600292403,100,5.0,-0.00619922744871251,empirical,0.016253271484374998,0.0053233276407091586,0.0003717885705993851,0.010890480905661061,0.01849102432065809,-0.008071183441337712
T-L,AN,mc_learned_baseline,False,41,133,230888,34048,34048,136192,0,26600,115444,461776,262144,0.9869531250000002,1.0170000000000001,1.0132314669175149,0.0,0.0,public_state_tabular_independent_mc,0,0.12517862152352216,5.262282999930903,False,direction_rejected,0.0,0,,-0.043007294504057623,100,5.0,-0.004650504672510511,empirical,0.021669531250000023,0.005561074892727919,-0.012086365868597015,0.005909703035725863,0.012135570061491702,-0.0030904055714025113
T-L,AN,mc_learned_baseline,False,41,134,232624,34304,34304,137216,0,26800,116312,465248,262144,1.0289062500000004,1.0140000000000002,1.0137633303868696,0.000531863469354743,4.666799387272024e-06,public_state_tabular_independent_mc,0,0.12372831530863469,5.302067799959332,True,accepted_return_check_disabled,0.1,1,1.9412784203789724e-12,-0.0009425058132589604,100,5.0,0.0017968734440194523,empirical,0.0030404663085937473,2.665858621718797e-06,0.050612679808205496,0.0009391893570713855,0.0009393736710256906,0.0018801081072519644
T-L,AN,mc_learned_baseline,False,41,135,234360,34560,34560,138240,0,27000,117180,468720,262144,0.9895312500000002,1.0112999999999999,1.0137633303868696,0.0,0.0,public_state_tabular_independent_mc,0,0.12372831530863469,5.348278600024059,False,direction_rejected,0.0,0,,-0.05940246359714513,100,5.0,-0.0016815400312872753,empirical,0.031522167968750014,0.010718292957882198,0.00034699610792632285,0.01598268512991296,0.02718345865806829,-0.013186556454714133
T-L,AN,mc_learned_baseline,False,41,136,236096,34816,34816,139264,0,27200,118048,472192,262144,1.0148437500000003,1.008,1.0145764946037559,0.0008131642168862641,1.1077409425411001e-05,public_state_tabular_independent_mc,0,0.12149924398553422,5.425711199990474,True,accepted_return_check_disabled,0.1,1,3.933941034708878e-11,-0.0022209829526967525,100,5.0,0.002097462240927295,empirical,0.004680175781250004,2.0976623257487033e-05,0.009070000971785896,0.0007052695252427382,0.0022247676867048535,0.0020908591499560845
T-L,AN,mc_learned_baseline,False,41,137,237832,35072,35072,140288,0,27400,118916,475664,262144,1.0125000000000002,0.9990000000000001,1.0153951689538672,0.0008186743501112925,1.1426838502004086e-05,public_state_tabular_independent_mc,0,0.11924043068608023,5.4684178999159485,True,accepted_return_check_disabled,0.1,1,2.2361534547051214e-10,-0.0022673900949442514,100,5.0,0.0012178204243926435,empirical,0.004946594238281254,6.863483963703389e-06,0.00538262795275557,0.0007085269762529677,0.002283761839404863,0.0020516033709495262
T-L,AN,mc_learned_baseline,False,41,138,239568,35328,35328,141312,0,27600,119784,479136,262144,1.0031250000000003,1.008,1.0164432158377132,0.0010480468838460766,1.9144919997179172e-05,public_state_tabular_independent_mc,0,0.11632666460799647,5.5052063999464735,True,accepted_return_check_disabled,0.1,1,2.712973122150221e-10,-0.0038067042963757796,100,5.0,0.001510781999852172,empirical,0.006031494140625003,2.8059066654339223e-06,-0.007918552036199511,0.000991701425940661,0.003841323462059162,0.0017314835341095103
T-L,AN,mc_learned_baseline,False,41,139,241304,35584,35584,142336,0,27800,120652,482608,262144,1.01015625,0.9990000000000001,1.017348340740921,0.0009051249032077102,1.4597926672903398e-05,public_state_tabular_independent_mc,0,0.11378964266391116,5.547152400016785,True,accepted_return_check_disabled,0.1,1,1.8007868778025666e-10,-0.00299177029308871,100,5.0,0.0015625601562847125,empirical,0.00518280029296875,3.7656045011262546e-05,0.004950930130365072,0.0008024177052273773,0.002968880051324826,0.0018724409834255345
T-L,AN,mc_learned_baseline,False,41,140,243040,35840,35840,143360,0,28000,121520,486080,262144,1.0242187500000002,1.0200000000000002,1.0179864392781992,0.0006380985372782533,7.340788038166554e-06,public_state_tabular_independent_mc,0,0.11199171942577985,5.591078000026755,True,accepted_return_check_disabled,0.1,1,1.3684208677773102e-10,-0.001450922390389788,100,5.0,0.0023858833422355057,empirical,0.0036134211600768575,3.783771481639578e-05,0.03780842486446667,0.0007222769313106976,0.0014657243932408625,0.0019099152766419384
T-L,AN,mc_learned_baseline,False,41,141,244776,36096,36096,144384,0,28200,122388,489552,262144,1.0335937500000003,1.032,1.018412725398788,0.00042628612058881465,3.334463303538314e-06,public_state_tabular_independent_mc,0,0.11078339395375562,5.630381399998441,True,accepted_return_check_disabled,0.1,1,8.619753386843442e-11,-0.0006832401814040618,100,5.0,0.0015744259079130839,empirical,0.002395019531250001,4.290149283959144e-06,0.09499853758408927,0.0010088219778261816,0.0006769368804941927,0.0015922804136128906
T-L,AN,mc_learned_baseline,False,41,142,246512,36352,36352,145408,0,28400,123256,493024,262144,1.0218750000000003,1.0110000000000001,1.0190820450834106,0.0006693196846225824,8.348388600651624e-06,public_state_tabular_independent_mc,0,0.10887696236833114,5.676079800003208,True,accepted_return_check_disabled,0.1,1,2.127988826630293e-10,-0.0017169042902657693,100,5.0,0.0016350200551594534,empirical,0.003922119140625004,0.00012244393665064097,0.01780185758513897,0.0007036803436026489,0.0016995821444229552,0.001876742109999999
T-L,AN,mc_learned_baseline,False,41,143,248248,36608,36608,146432,0,28600,124124,496496,262144,1.0195312500000002,1.0140000000000002,1.0198206573559905,0.0007386122725798749,1.0361984591542785e-05,public_state_tabular_independent_mc,0,0.10675978733613331,5.71571869996842,True,accepted_return_check_disabled,0.1,1,2.48031663646077e-10,-0.002049374991579771,100,5.0,0.002879144357453635,empirical,0.004205017089843752,8.029032236240747e-05,0.010931541674232714,0.0007047643714926304,0.00206970383016567,0.0018428021781440192
T-L,AN,mc_learned_baseline,False,41,144,249984,36864,36864,147456,0,28800,124992,499968,262144,1.0148437500000003,1.0350000000000001,1.020644305466531,0.0008236481105405868,1.3171537107610244e-05,public_state_tabular_independent_mc,0,0.10438183051787275,5.753914900007658,True,accepted_return_check_disabled,0.1,1,1.2156032710166616e-10,-0.0026953402067257906,100,5.0,0.0009216179111391765,empirical,0.004658203125000002,4.667820550257126e-05,0.01140228693595946,0.0007818844685066975,0.002676730024333933,0.0017288773833638322
T-L,AN,mc_learned_baseline,False,41,145,251720,37120,37120,148480,0,29000,125860,503440,262144,1.0125000000000002,1.02,1.0215284567027374,0.000884151236206332,1.5493555907820094e-05,public_state_tabular_independent_mc,0,0.10181130783672591,5.796679600025527,True,accepted_return_check_disabled,0.1,1,3.411322746036763e-10,-0.0030742570420454057,100,5.0,0.0023696074867124,empirical,0.005002877662784762,0.00018306462751036543,0.005876330708622923,0.0008718529498770938,0.0031030813965607475,0.001597189670598984
T-L,AN,mc_learned_baseline,False,41,146,253456,37376,37376,149504,0,29200,126728,506912,262144,1.03359375,1.026,1.0219746036476016,0.000446146944864223,4.029134913875291e-06,public_state_tabular_independent_mc,0,0.10050449325506239,5.8356324000051245,True,accepted_return_check_disabled,0.1,1,1.1826392752393993e-10,-0.0007939165098305027,100,5.0,0.0021051837178839095,empirical,0.0025488281249999977,6.352444016743605e-05,0.06551623281661345,0.0008714275854643245,0.0008015866784317313,0.0015515256187198945
T-L,AN,mc_learned_baseline,False,41,147,255192,37632,37632,150528,0,29400,127596,510384,262144,1.0312500000000002,1.0140000000000002,1.0224520157993107,0.0004774121517090446,4.67996597868789e-06,public_state_tabular_independent_mc,0,0.09909973683321824,5.877029599971138,True,accepted_return_check_disabled,0.1,1,1.1215462230267411e-10,-0.0009599848231198375,100,5.0,0.0018826593437891125,empirical,0.0026614379882812494,2.577484917471824e-06,0.08045550847457694,0.0008046629173816478,0.0009510718165558372,0.001594978458954805
T-L,AN,mc_learned_baseline,False,41,148,256928,37888,37888,151552,0,29600,128464,513856,262144,1.0291406250000004,1.014,1.0235795200482896,0.0011275042489788945,6.039215621962003e-05,public_state_tabular_independent_mc,0,0.09700136077618222,5.920798399951309,True,accepted_return_check_disabled,0.1,1,4.5017605005186864e-10,-0.015328716364416831,100,5.0,0.001731268157568083,empirical,0.013530859375000006,0.005571924929010685,0.02790908684501059,0.009485040167250595,0.0145466094457566,-0.007110576333650768
T-L,AN,mc_learned_baseline,False,41,149,258664,38144,38144,152576,0,29800,129332,517328,262144,1.03359375,1.0440000000000003,1.024000176831011,0.00042065678272140694,3.6941645623901257e-06,public_state_tabular_independent_mc,0,0.09575634872700257,5.964059100020677,True,accepted_return_check_disabled,0.1,1,6.947142155762851e-11,-0.0007320339575235678,100,5.0,0.001381520790233031,empirical,0.0023291015625000007,2.223649806157381e-05,0.10763381105586445,0.0005980148528167181,0.0007364906378451827,0.0014844584919099018
T-L,AN,mc_learned_baseline,False,41,150,260400,38400,38400,153600,0,30000,130200,520800,262144,0.9914062500000003,1.035,1.024000176831011,0.0,0.0,public_state_tabular_independent_mc,0,0.09575634872700257,5.991780299926177,False,direction_rejected,0.0,0,,-0.008568014896373415,100,5.0,-0.00030140398573565326,empirical,0.008171081542968764,8.492443684850109e-05,-0.07486389361106993,0.0031096201177896396,0.008580242947406206,-0.0010501601671183795
T-L,AN,mc_learned_baseline,False,41,151,262136,38656,38656,154624,0,30200,131068,524272,262144,1.0174218750000001,1.0230000000000001,1.024000176831011,0.0,0.0,public_state_tabular_independent_mc,0,0.09575634872700257,6.015433899941854,False,direction_rejected,0.0,0,,-0.028146113639252037,100,5.0,-0.003413919493715953,empirical,0.014902594194450662,0.005384605454077233,0.012142505467931941,0.011625600541562638,0.01705068672143836,-0.00956614059089138
T-L,SA,mc_learned_baseline,False,41,1,1736,256,256,1024,0,200,868,3472,262144,0.39515625,0.30749999999999994,0.3529275662935532,0.03391356629355319,0.00045484304213759557,public_state_tabular_independent_mc,0,0.615828525675596,0.03870979999192059,True,accepted_return_check_disabled,0.1,1,4.015312949158509e-09,-0.0924961864301892,100,5.0,0.08955663116021345,empirical,0.41503414652999293,0.17016350747477604,0.018645491579012186,0.0009551543507393028,0.091775691888792,0.08779240638820807
T-L,SA,mc_learned_baseline,False,41,2,3472,512,512,2048,0,400,1736,6944,262144,0.44601562499999997,0.48059999999999997,0.3896379814713131,0.036710415177759914,0.0005263072553301514,public_state_tabular_independent_mc,0,0.6048696645407787,0.09016240003984421,True,accepted_return_check_disabled,0.1,1,3.0046741635957054e-09,-0.09358706494117178,100,5.0,0.08220699947047125,empirical,0.4182000990887078,0.1772841906608062,0.010520094108965261,0.0007940075793051878,0.10642645355485131,0.08853899805691351
T-L,SA,mc_learned_baseline,False,41,3,5208,768,768,3072,0,600,2604,10416,262144,0.37875000000000003,0.5168999999999999,0.4233211620292883,0.0336831805579752,0.00044994405663702653,public_state_tabular_independent_mc,0,0.5945057311329609,0.13558390003163368,True,accepted_return_check_disabled,0.1,1,4.80378040233135e-09,-0.0953909550657501,100,5.0,0.08802337313614506,empirical,0.40547083671725526,0.18327930885717142,-0.005029582053673209,0.001202872978988032,0.09102336095100655,0.08821095913568866
T-L,SA,mc_learned_baseline,False,41,4,6944,1024,1024,4096,0,800,3472,13888,262144,0.49734375,0.4421999999999999,0.46168000940674503,0.038358847377456706,0.0006006406542684744,public_state_tabular_independent_mc,0,0.5808183893725398,0.187817900092341,True,accepted_return_check_disabled,0.1,1,1.1574972028337577e-08,-0.11253759981189534,100,5.0,0.07568569533851804,empirical,0.39139891395335563,0.17586942644710463,-0.02995146055176945,0.0060095629949402755,0.12242357091303871,0.08291048173901308
T-L,SA,mc_learned_baseline,False,41,5,8680,1280,1280,5120,0,1000,4340,17360,262144,0.515859375,0.4589999999999999,0.4974476762609883,0.03576766685424326,0.0005189873363626712,public_state_tabular_independent_mc,0,0.5672236495975356,0.23129510006401688,True,accepted_return_check_disabled,0.1,1,3.807233345598287e-09,-0.1033859951652438,100,5.0,0.09166345543194093,empirical,0.3783270389580876,0.1580514281828841,0.014210763190346754,0.001542436865514839,0.10568425407377488,0.08624615459797261
T-L,SA,mc_learned_baseline,False,41,6,10416,1536,1536,6144,0,1200,5208,20832,262144,0.527109375,0.5099999999999999,0.5301006911259465,0.032653014864958196,0.00044293744614640814,public_state_tabular_independent_mc,0,0.5549638990493787,0.26859110000077635,True,accepted_return_check_disabled,0.1,1,4.874708090361759e-09,-0.08020590692488822,100,5.0,0.0947885427294245,empirical,0.3625479391276042,0.1492606812793999,0.006776330608448955,0.0004887705265301494,0.09031556549490441,0.08542073095170968
T-L,SA,mc_learned_baseline,False,41,7,12152,1792,1792,7168,0,1400,6076,24304,262144,0.5625,0.4940999999999999,0.5604247094574986,0.03032401833155207,0.0003955740392909726,public_state_tabular_independent_mc,0,0.543065004782878,0.3092612000182271,True,accepted_return_check_disabled,0.1,1,4.234539202160174e-09,-0.07596743792661904,100,5.0,0.0776133906130474,empirical,0.34688207238352453,0.15817169944159867,-0.008222331743236833,0.0006705995323402565,0.08045224111758438,0.082773455680889
T-L,SA,mc_learned_baseline,False,41,8,13888,2048,2048,8192,0,1600,6944,27776,262144,0.57515625,0.7119,0.5912772489100595,0.030852539452560945,0.00042587892912304963,public_state_tabular_independent_mc,0,0.5301171904219701,0.34944160003215075,True,accepted_return_check_disabled,0.1,1,4.856246916419549e-09,-0.0843035181591559,100,5.0,0.07701437508154138,empirical,0.3340015813171554,0.1468507611578304,-0.011838386354852792,0.0008168273304850543,0.087415437795207,0.07978095083308662
T-L,SA,mc_learned_baseline,False,41,9,15624,2304,2304,9216,0,1800,7812,31248,262144,0.518671875,0.6987000000000001,0.6192591909648595,0.02798194205479998,0.00036383594961331286,public_state_tabular_independent_mc,0,0.5175893300921434,0.39298800006508827,True,accepted_return_check_disabled,0.1,1,3.805804304722562e-09,-0.07680386713053869,100,5.0,0.08322173866304045,empirical,0.36601439935016644,0.15706487088625293,0.002812443771373685,5.157911675072481e-05,0.0742144913088429,0.07718823329789652
T-L,SA,mc_learned_baseline,False,41,10,17360,2560,2560,10240,0,2000,8680,34720,262144,0.6878906250000001,0.5945999999999999,0.647628978279786,0.028369787314926564,0.0004004847017615408,public_state_tabular_independent_mc,0,0.5035012535781629,0.4313484000740573,True,accepted_return_check_disabled,0.1,1,1.819905171684365e-09,-0.07222814423052312,100,5.0,0.08457374288109858,empirical,0.28819049528376167,0.12154189034462973,0.00389347544705565,0.001552897942032373,0.08241504700966781,0.0721467268833578
T-L,SA,mc_learned_baseline,False,41,11,19096,2816,2816,11264,0,2200,9548,38192,262144,0.6367968750000002,0.7454999999999998,0.6728665777994609,0.025237599519674858,0.0003299303840929022,public_state_tabular_independent_mc,0,0.49091979081590675,0.4695790000259876,True,accepted_return_check_disabled,0.1,1,1.4872161584849145e-09,-0.07289534345973453,100,5.0,0.08813989913628625,empirical,0.31714568723132985,0.13295260634249617,0.009264673924850308,4.5931458735110815e-05,0.0677642195272867,0.06974471344766034
T-L,SA,mc_learned_baseline,False,41,12,20832,3072,3072,12288,0,2400,10416,41664,262144,0.6775781250000001,0.6894,0.6970495606846022,0.024182982885141313,0.0003226832841151888,public_state_tabular_independent_mc,0,0.47829363071384695,0.5082157000433654,True,accepted_return_check_disabled,0.1,1,4.20535469949566e-09,-0.06628424376828024,100,5.0,0.06086678584555112,empirical,0.28043415175047953,0.11315093763822692,0.009152169393617071,5.9930048299573045e-05,0.06662667299771091,0.06575567118333525
T-L,SA,mc_learned_baseline,False,41,13,22568,3328,3328,13312,0,2600,11284,45136,262144,0.639140625,0.7214999999999999,0.720485553664223,0.023435992979620734,0.00034195507665116937,public_state_tabular_independent_mc,0,0.46435722636688437,0.5575489000184461,True,accepted_return_check_disabled,0.1,1,4.288008570896159e-09,-0.07089786686202906,100,5.0,0.04782054746499308,empirical,0.31375899312225325,0.1176792136594699,0.04191312458279195,0.0038526581619666954,0.07027168662301578,0.05779395654065281
T-L,SA,mc_learned_baseline,False,41,14,24304,3584,3584,14336,0,2800,12152,48608,262144,0.70265625,0.7535999999999998,0.7402533250947507,0.01976777143052777,0.00025718775886130016,public_state_tabular_independent_mc,0,0.45402460379536164,0.6085986000252888,True,accepted_return_check_disabled,0.1,1,3.1644144974089047e-09,-0.06025915336280026,100,5.0,0.04827057161576699,empirical,0.2482559449472425,0.11136589913596275,0.0027671551576657905,0.002035597861849491,0.05339769606491659,0.05548898742646861
T-L,SA,mc_learned_baseline,False,41,15,26040,3840,3840,15360,0,3000,13020,52080,262144,0.7453125000000002,0.7935,0.7592895991641768,0.019036274069426096,0.0002484013170123405,public_state_tabular_independent_mc,0,0.4429032680332689,0.6443323000567034,True,accepted_return_check_disabled,0.1,1,3.0178242647544987e-09,-0.05003152812930327,100,5.0,0.05477689278061745,empirical,0.21765390655123773,0.09013222317716202,0.004670679854301474,5.581294381274415e-05,0.05158129597589288,0.05334253774746393
T-L,SA,mc_learned_baseline,False,41,16,27776,4096,4096,16384,0,3200,13888,55552,262144,0.8179687500000001,0.7067999999999999,0.7776739339800246,0.01838433481584778,0.00025171754969516633,public_state_tabular_independent_mc,0,0.4316089027464423,0.6852100000251085,True,accepted_return_check_disabled,0.1,1,3.099689166136516e-09,-0.041446931582333923,100,5.0,0.06521620839813701,empirical,0.16044549871202773,0.06620944167770138,0.004874629512318762,5.292596731784858e-05,0.052425453070898353,0.04930823907956304
T-L,SA,mc_learned_baseline,False,41,17,29512,4352,4352,17408,0,3400,14756,59024,262144,0.8254687500000001,0.8187000000000001,0.7936344271234645,0.015960493143439947,0.00020716529007372533,public_state_tabular_independent_mc,0,0.42152625008847316,0.7365616000024602,True,accepted_return_check_disabled,0.1,1,2.735892679537161e-09,-0.033039164360851817,100,5.0,0.05519158823516064,empirical,0.14227995671677018,0.06208165689342558,0.0029742158692231957,0.00012452933554033834,0.04311983004008546,0.04515529279206515
T-L,SA,mc_learned_baseline,False,41,18,31248,4608,4608,18432,0,3600,15624,62496,262144,0.7898437500000002,0.8213999999999999,0.8097167881032742,0.01608236097980964,0.0002376175177379741,public_state_tabular_independent_mc,0,0.4099412805118573,0.7841053000884131,True,accepted_return_check_disabled,0.1,1,3.1806793600621517e-09,-0.05510976266080597,100,5.0,0.044069861939378126,empirical,0.19591813044746403,0.07333675373996323,0.013522109644536151,0.001831725445720879,0.049170773472946336,0.03971262822945115
T-L,SA,mc_learned_baseline,False,41,19,32984,4864,4864,19456,0,3800,16492,65968,262144,0.7614843750000001,0.7880999999999999,0.8235323624007279,0.013815574297453725,0.00018835720688332083,public_state_tabular_independent_mc,0,0.39978601754001786,0.8298121000407264,True,accepted_return_check_disabled,0.1,1,2.655707335374741e-09,-0.05147387676766977,100,5.0,0.031273667973610884,empirical,0.22131805327532825,0.08604091754095924,0.014385386438968362,0.0005788784528058218,0.03902240964584343,0.03731972026022222
T-L,SA,mc_learned_baseline,False,41,20,34720,5120,5120,20480,0,4000,17360,69440,262144,0.8069531250000002,0.8622,0.8362151672398105,0.012682804839082573,0.00017367680871277372,public_state_tabular_independent_mc,0,0.3901052169553512,0.8709718000609428,True,accepted_return_check_disabled,0.1,1,2.534755461298391e-09,-0.03904244481447121,100,5.0,0.03240521470111405,empirical,0.15697039976418414,0.06213949716308585,0.014939337779845463,0.0004582767734856917,0.036062756555856,0.03415738581284429
T-L,SA,mc_learned_baseline,False,41,21,36456,5376,5376,21504,0,4200,18228,72912,262144,0.7935937500000001,0.8655000000000002,0.8487991280992567,0.012583960859446242,0.00019023429533311978,public_state_tabular_independent_mc,0,0.38003651941369004,0.9119105000281706,True,accepted_return_check_disabled,0.1,1,2.9229161240485778e-09,-0.04422149744159884,100,5.0,0.029688972564388825,empirical,0.15663391017209255,0.05817041323290055,0.024800240174525312,0.0010986902453776152,0.039366153519632005,0.030424570975104634
T-L,SA,mc_learned_baseline,False,41,22,38192,5632,5632,22528,0,4400,19096,76384,262144,0.8990625000000002,0.9105,0.8588786113878234,0.01007948328856667,0.00013356539914954364,public_state_tabular_independent_mc,0,0.3722791169035038,0.9594848999986425,True,accepted_return_check_disabled,0.1,1,1.1825223715950894e-09,-0.019079054320698244,100,5.0,0.02236201992401219,empirical,0.08320503721570784,0.030990309219519372,0.004681346654961782,0.00019556102406750468,0.027885686966666573,0.028212130157395182
T-L,SA,mc_learned_baseline,False,41,23,39928,5888,5888,23552,0,4600,19964,79856,262144,0.8730468750000001,0.819,0.8679672763922951,0.009088665004471697,0.0001198993100490021,public_state_tabular_independent_mc,0,0.36492346557333194,1.0084554000059143,True,accepted_return_check_disabled,0.1,1,1.2790733223307188e-09,-0.016334191601494345,100,5.0,0.03914863147796959,empirical,0.07237904167682108,0.02812104874168199,6.44225143099364e-05,0.00013607243512828436,0.024973882208677325,0.025549531023807064
T-L,SA,mc_learned_baseline,False,41,24,41664,6144,6144,24576,0,4800,20832,83328,262144,0.8784375000000002,0.9098999999999999,0.8766050370797414,0.008637760687446261,0.00011975491732129602,public_state_tabular_independent_mc,0,0.35724909618013206,1.0511290000285953,True,accepted_return_check_disabled,0.1,1,9.30655507841406e-10,-0.02651305894455134,100,5.0,0.021564438953662068,empirical,0.11060619810561134,0.040584621542829276,-0.006525391896081478,0.00016315010655863584,0.024903920548891095,0.023057826713489486
T-L,SA,mc_learned_baseline,False,41,25,43400,6400,6400,25600,0,5000,21700,86800,262144,0.8889843750000002,0.8922,0.8840404198675696,0.007435382787828293,9.839661206465132e-05,public_state_tabular_independent_mc,0,0.35075650370589595,1.098634000052698,True,accepted_return_check_disabled,0.1,1,6.983128893605481e-10,-0.011114066367332014,100,5.0,0.01368968234215762,empirical,0.04848602813540076,0.016358669940242133,0.027391965041743127,0.0001161776271951642,0.020499243573261883,0.02086537068570546
T-L,SA,mc_learned_baseline,False,41,26,45136,6656,6656,26624,0,5200,22568,90272,262144,0.8756250000000001,0.9072,0.8840404198675696,0.0,0.0,public_state_tabular_independent_mc,0,0.35075650370589595,1.1289019000250846,False,direction_rejected,0.0,0,,-0.02068530662846259,100,5.0,-0.01987676150434164,empirical,0.07653852539062501,0.03210753661001143,-0.035707719749450195,0.0226106739676256,0.06695281313103921,-0.0036827310296733418
T-L,SA,mc_learned_baseline,False,41,27,46872,6912,6912,27648,0,5400,23436,93744,262144,0.9194531250000002,0.9099,0.8907946143534103,0.006754194485840692,8.949657016639448e-05,public_state_tabular_independent_mc,0,0.34451265609237836,1.1742623000172898,True,accepted_return_check_disabled,0.1,1,6.558821371538206e-10,-0.011131257884441446,100,5.0,0.011325966875826163,empirical,0.045536120165880364,0.016054501409696293,0.011076886879170411,1.9371925575207025e-05,0.018637246400155634,0.018908571012377036
T-L,SA,mc_learned_baseline,False,41,28,48608,7168,7168,28672,0,5600,24304,97216,262144,0.8894531250000002,0.9396,0.8968339580295628,0.006039343676152442,7.938198933904683e-05,public_state_tabular_independent_mc,0,0.3387548305900146,1.2127523000817746,True,accepted_return_check_disabled,0.1,1,6.418800326743745e-10,-0.01678556501071342,100,5.0,0.010400055921275006,empirical,0.069012919625706,0.026114167012039974,0.003192418092236027,5.4936312713018285e-05,0.016523794354017178,0.017040104022823792
T-L,SA,mc_learned_baseline,False,41,29,50344,7424,7424,29696,0,5800,25172,100688,262144,0.9058593750000002,0.9483,0.9024453186993028,0.005611360669739995,7.552600464985295e-05,public_state_tabular_independent_mc,0,0.33299566938264236,1.2577703000279143,True,accepted_return_check_disabled,0.1,1,6.9503733591351e-10,-0.017407338012915153,100,5.0,0.013950387259237996,empirical,0.07113544463842214,0.025563150245142188,0.005773885445466975,2.0137569058642734e-05,0.01571063176748585,0.015425204121862855
T-L,SA,mc_learned_baseline,False,41,30,52080,7680,7680,30720,0,6000,26040,104160,262144,0.9053906250000002,0.8805,0.907352560247352,0.004907241548049224,6.376172120694903e-05,public_state_tabular_independent_mc,0,0.32789232338119956,1.2969050999963656,True,accepted_return_check_disabled,0.1,1,6.318258106265979e-10,-0.010970537031608295,100,5.0,0.007757987471879106,empirical,0.04805363293915659,0.019184334437461384,0.007450595761157919,2.654534176508517e-05,0.013263465408244482,0.013963604960283885
T-L,SA,mc_learned_baseline,False,41,31,53816,7936,7936,31744,0,6200,26908,107632,262144,0.9077343750000002,0.9189,0.9118759210785069,0.004523360831154899,5.9664783294030024e-05,public_state_tabular_independent_mc,0,0.32297941246948286,1.3392839999869466,True,accepted_return_check_disabled,0.1,1,3.297401788881332e-10,-0.011349328394865557,100,5.0,0.017556536327356053,empirical,0.04802520535531035,0.015650096298292504,0.018571301155298148,8.569373317449254e-06,0.012399364056177387,0.012680286034001018
T-L,SA,mc_learned_baseline,False,41,32,55552,8192,8192,32768,0,6400,27776,111104,262144,0.9332812500000002,0.9038999999999998,0.9183083264297899,0.006432405351282977,0.00018672894302709846,public_state_tabular_independent_mc,0,0.3164089437258855,1.3790698000229895,True,accepted_return_check_disabled,0.1,1,1.765706251998968e-09,-0.008194735315436368,100,5.0,0.011735044509344112,empirical,0.03242405237268519,0.010900993752260169,-0.007216717677570816,0.014222141799743383,0.04096531041236997,-0.002705509666568469
T-L,SA,mc_learned_baseline,False,41,33,57288,8448,8448,33792,0,6600,28644,114576,262144,0.9260156250000002,0.9392999999999999,0.9203460956308317,0.002037769201041817,2.4621928430956895e-05,public_state_tabular_independent_mc,0,0.3137566052640006,1.4250904000364244,True,accepted_return_check_disabled,0.1,1,1.15137956118081e-10,-0.004487512095159734,100,5.0,0.012736614319596749,empirical,0.021479511363943563,0.00555361888122277,0.0436564385762479,0.0034951544750075406,0.005105178614101051,0.006081918566248245
T-L,SA,mc_learned_baseline,False,41,34,59024,8704,8704,34816,0,6800,29512,118048,262144,0.9124218750000002,0.9246,0.9236020536211635,0.003255957990331848,4.2540162945975095e-05,public_state_tabular_independent_mc,0,0.3097557403358342,1.4654706000583246,True,accepted_return_check_disabled,0.1,1,1.5526077615376093e-10,-0.01140577829635036,100,5.0,0.0043508553360384365,empirical,0.04883237258360778,0.01626453176675718,0.012740357483530751,1.3766848140338217e-05,0.008812557746467015,0.009165306430856293
T-L,SA,mc_learned_baseline,False,41,35,60760,8960,8960,35840,0,7000,30380,121520,262144,0.9494531250000002,0.927,0.9257054975480753,0.002103443926911752,2.9922318815965228e-05,public_state_tabular_independent_mc,0,0.3066924126903592,1.5206416000146419,True,accepted_return_check_disabled,0.1,1,5.78859808695622e-10,-0.005928225331525917,100,5.0,0.0032218531271235593,empirical,0.024182714745678385,0.005993967904592463,0.006530566776650981,0.0030554414213541273,0.0060898714596040356,0.00534600927369875
T-L,SA,mc_learned_baseline,False,41,36,62496,9216,9216,36864,0,7200,31248,124992,262144,0.9330468750000002,0.96,0.9297927665502905,0.0040872690022152325,9.870151873384885e-05,public_state_tabular_independent_mc,0,0.3016708038639055,1.5688847000710666,True,accepted_return_check_disabled,0.1,1,1.7892992078430294e-09,-0.005697699440383697,100,5.0,0.009508412586230496,empirical,0.02137425140253814,0.005363169512532115,0.033356451414999544,0.005652301969552076,0.021320906421823882,0.0024046008775907984
T-L,SA,mc_learned_baseline,False,41,37,64232,9472,9472,37888,0,7400,32116,128464,262144,0.9473437500000002,0.9242999999999999,0.9324513495970682,0.002658583046777685,3.699690885784895e-05,public_state_tabular_independent_mc,0,0.2979063273218721,1.6068665999919176,True,accepted_return_check_disabled,0.1,1,2.8781323670963834e-10,-0.008751199541155533,100,5.0,0.0024159220195809567,empirical,0.03417293222471764,0.011505494294835909,0.004633472121320703,3.5045996793749444e-05,0.007590035918478939,0.0069475588751558345
T-L,SA,mc_learned_baseline,False,41,38,65968,9728,9728,38912,0,7600,32984,131936,262144,0.9468750000000001,0.9483000000000001,0.9324513495970682,0.0,0.0,public_state_tabular_independent_mc,0,0.2979063273218721,1.631525200093165,False,direction_rejected,0.0,0,,-0.0032186657185439586,100,5.0,-0.021343851638663536,empirical,0.010331560993761937,9.683254683597438e-05,0.05519429112704455,0.01741167957181999,0.02973432981384252,-0.01093689695640642
T-L,SA,mc_learned_baseline,False,41,39,67704,9984,9984,39936,0,7800,33852,135408,262144,0.9307031250000002,0.9660000000000001,0.9362777046212624,0.00382635502419415,0.00010606810886812474,public_state_tabular_independent_mc,0,0.2926650221574055,1.6669497999828309,True,accepted_return_check_disabled,0.1,1,8.24673484335356e-10,-0.006782761644709213,100,5.0,0.004879455133401208,empirical,0.024195246889407468,0.0053795373968550326,0.029383371423918003,0.00729240882489595,0.023136817521417774,-0.0008176262094823812
T-L,SA,mc_learned_baseline,False,41,40,69440,10240,10240,40960,0,8000,34720,138880,262144,0.9171093750000002,0.9660000000000001,0.9380835589240218,0.0018058543027594798,2.983933624432101e-05,public_state_tabular_independent_mc,0,0.2895490599099181,1.7049655000446364,True,accepted_return_check_disabled,0.1,1,3.59674006306014e-10,-0.013718605325677717,100,5.0,0.004347213622366132,empirical,0.051186694335937505,0.015756696040677358,0.012332885195661003,0.0019775364446889578,0.006014031494723775,0.0036658497256390754
T-L,SA,mc_learned_baseline,False,41,41,71176,10496,10496,41984,0,8200,35588,142352,262144,0.9424218750000002,0.9480000000000001,0.9397026707048175,0.0016191117807956568,2.473396184945859e-05,public_state_tabular_independent_mc,0,0.2867187533334283,1.7400916999904439,True,accepted_return_check_disabled,0.1,1,5.239167314159343e-10,-0.00665139326150619,100,5.0,0.0029866540229201073,empirical,0.02368002929687501,0.005379311479261604,0.02291397887120661,0.0018152170754586975,0.005055356909167814,0.0036740723730336808
T-L,SA,mc_learned_baseline,False,41,42,72912,10752,10752,43008,0,8400,36456,145824,262144,0.9494531250000002,0.9453,0.9397026707048175,0.0,0.0,public_state_tabular_independent_mc,0,0.2867187533334283,1.7613797000376508,False,direction_rejected,0.0,0,,-0.00573962506441929,100,5.0,-0.018345087349877318,empirical,0.02148078930913186,0.005782001547889669,-0.008670747081854335,0.013321589515065348,0.026371145881830458,-0.00796568010475647
T-L,SA,mc_learned_baseline,False,41,43,74648,11008,11008,44032,0,8600,37324,149296,262144,0.9515625000000002,0.9303,0.9397026707048175,0.0,0.0,public_state_tabular_independent_mc,0,0.2867187533334283,1.8023867000592873,False,direction_rejected,0.0,0,,-0.0028964024010705624,100,5.0,-0.030342897091250612,empirical,0.010382533685340891,0.00033178162440279386,0.014926991143343726,0.04378747051070874,0.06865248119393813,-0.038431561100399865
T-L,SA,mc_learned_baseline,False,41,44,76384,11264,11264,45056,0,8800,38192,152768,262144,0.9445312500000003,0.9690000000000002,0.9407984635418395,0.0010957928370219916,1.593327656106791e-05,public_state_tabular_independent_mc,0,0.28454206061538223,1.8696367000229657,True,accepted_return_check_disabled,0.1,1,4.696096240806719e-10,-0.003019356303559821,100,5.0,0.0022877582610165478,empirical,0.010434265136718756,0.0001606627809687857,0.06178135074926239,0.00278500333813087,0.0031632752847287776,0.002570906072178009
T-L,SA,mc_learned_baseline,False,41,45,78120,11520,11520,46080,0,9000,39060,156240,262144,0.9632812500000002,0.936,0.9407984635418395,0.0,0.0,public_state_tabular_independent_mc,0,0.28454206061538223,1.8916995000327006,False,direction_rejected,0.0,0,,-0.0025685753990017596,100,5.0,-0.007443482293478239,empirical,0.009456081648897535,3.09280767150465e-05,0.031988858878525206,0.01189252544378866,0.023865774587702338,-0.006507640151374453
T-L,SA,mc_learned_baseline,False,41,46,79856,11776,11776,47104,0,9200,39928,159712,262144,0.9210937500000003,0.9630000000000001,0.9407984635418395,0.0,0.0,public_state_tabular_independent_mc,0,0.28454206061538223,1.9113662000745535,False,direction_rejected,0.0,0,,-0.004148586335216148,100,5.0,-0.013757876672312312,empirical,0.011717844764406606,0.0007987553713888155,0.077996693756749,0.03985749654115681,0.055173918843706204,-0.03447261124874261
T-L,SA,mc_learned_baseline,False,41,47,81592,12032,12032,48128,0,9400,40796,163184,262144,0.9424218750000002,0.9420000000000002,0.9423613790118546,0.0015629154700150805,2.374420538313281e-05,public_state_tabular_independent_mc,0,0.2817360530116952,1.9458405000623316,True,accepted_return_check_disabled,0.1,1,5.818040903633024e-10,-0.006636885891808731,100,5.0,0.0072738064453626294,empirical,0.02355806789578472,0.0053964853261939255,0.026496614592141254,0.0018250445584231988,0.004851787055241052,0.0035598407339910076
T-L,SA,mc_learned_baseline,False,41,48,83328,12288,12288,49152,0,9600,41664,166656,262144,0.9445312500000003,0.9519000000000001,0.9423613790118546,0.0,0.0,public_state_tabular_independent_mc,0,0.2817360530116952,1.965598199982196,False,direction_rejected,0.0,0,,-0.0023216867061966124,100,5.0,-0.05565981748614429,empirical,0.010693060247159204,0.00042699969418510334,0.0681564251352269,0.03756587280991047,0.06103498531110414,-0.03229143136898474
T-L,SA,mc_learned_baseline,False,41,49,85064,12544,12544,50176,0,9800,42532,170128,262144,0.9398437500000002,0.9336,0.9423613790118546,0.0,0.0,public_state_tabular_independent_mc,0,0.2817360530116952,1.9844240000238642,False,direction_rejected,0.0,0,,-0.0031511503894143898,100,5.0,-0.0012588443883555078,empirical,0.010698266287177466,6.226875326795232e-05,0.06059036295030751,0.010162719831849196,0.022012931956591,-0.004888278390923456
T-L,SA,mc_learned_baseline,False,41,50,86800,12800,12800,51200,0,10000,43400,173600,262144,0.9215625000000002,0.9570000000000002,0.944280659903559,0.0019192808917044557,2.516678477518357e-05,public_state_tabular_independent_mc,0,0.2786671072272659,2.0277897000778466,True,accepted_return_check_disabled,0.1,1,2.653823301155204e-10,-0.00894131447136822,100,5.0,0.006011857290768424,empirical,0.03522328676566409,0.010708017193866853,0.019961325335501434,5.385628849390215e-07,0.0051810965503576315,0.005273902878040801
T-L,SA,mc_learned_baseline,False,41,51,88536,13056,13056,52224,0,10200,44268,177072,262144,0.9494531250000002,0.9393,0.944280659903559,0.0,0.0,public_state_tabular_independent_mc,0,0.2786671072272659,2.050790000008419,False,direction_rejected,0.0,0,,-0.006169326030299953,100,5.0,-0.008739009377640734,empirical,0.023458992845753823,0.005469747553089181,0.011326107870673563,0.011836709382301847,0.02575133646263697,-0.0068527230948176795
T-L,SA,mc_learned_baseline,False,41,52,90272,13312,13312,53248,0,10400,45136,180544,262144,0.9515625000000002,0.936,0.944280659903559,0.0,0.0,public_state_tabular_independent_mc,0,0.2786671072272659,2.07617300003767,False,direction_rejected,0.0,0,,-0.001816130993256281,100,5.0,-0.0031323669870271936,empirical,0.010224742743002717,0.00024316814930713462,0.05070543080967249,0.017587026900216546,0.029800932522475388,-0.012603040612732382
T-L,SA,mc_learned_baseline,False,41,53,92008,13568,13568,54272,0,10600,46004,184016,262144,0.9539062500000002,0.9660000000000001,0.9452619461955004,0.0009812862919413856,1.2469568277295398e-05,public_state_tabular_independent_mc,0,0.27669465314161834,2.120158600038849,True,accepted_return_check_disabled,0.1,1,2.544716268154312e-10,-0.0025379486521239277,100,5.0,0.002779002869153421,empirical,0.009895935058593756,0.00017104805059212536,0.04664115709072614,0.0023189042121730926,0.0025248642039704984,0.002665082075311075
T-L,SA,mc_learned_baseline,False,41,54,93744,13824,13824,55296,0,10800,46872,187488,262144,0.9375000000000002,0.9420000000000001,0.9452619461955004,0.0,0.0,public_state_tabular_independent_mc,0,0.27669465314161834,2.1400162000209093,False,direction_rejected,0.0,0,,-0.003010403321354403,100,5.0,-0.032529609809359775,empirical,0.010843299801448096,0.00043809460839416327,0.08106102043005137,0.040196045101388106,0.06367411969296359,-0.03518822158761415
T-L,SA,mc_learned_baseline,False,41,55,95480,14080,14080,56320,0,11000,47740,190960,262144,0.9377343750000002,0.9690000000000001,0.9467628362148603,0.001500890019359935,1.896338632429532e-05,public_state_tabular_independent_mc,0,0.2741116000139952,2.1780969999963418,True,accepted_return_check_disabled,0.1,1,4.181984839159763e-10,-0.005532208062414959,100,5.0,0.0013252310155743602,empirical,0.02106201550351029,0.0053376040432826215,0.03194907842930128,0.0007950201182479385,0.003896324435989928,0.004212803395526028
T-L,SA,mc_learned_baseline,False,41,56,97216,14336,14336,57344,0,11200,48608,194432,262144,0.9520312500000001,0.963,0.9486210697266212,0.0018582335117608428,2.5486938587577288e-05,public_state_tabular_independent_mc,0,0.27096304824500383,2.2184149000095204,True,accepted_return_check_disabled,0.1,1,4.1007269325255027e-10,-0.008768045380410882,100,5.0,0.005353603772780065,empirical,0.033696234130859384,0.011166404827597278,0.006483798782664807,1.1596230284748983e-05,0.005174946124509115,0.004849526880905748
T-L,SA,mc_learned_baseline,False,41,57,98952,14592,14592,58368,0,11400,49476,197904,262144,0.9703125000000002,0.9420000000000001,0.9496177449615995,0.0009966752349782615,1.24747932057108e-05,public_state_tabular_independent_mc,0,0.26894172627555263,2.2551757000619546,True,accepted_return_check_disabled,0.1,1,1.1365637749936234e-10,-0.0023456248421643735,100,5.0,0.0032134765986521086,empirical,0.008802795410156251,6.097669414863973e-05,0.023112663636980058,0.0018825895190577784,0.0025187968339093142,0.0027461198765341265
T-L,SA,mc_learned_baseline,False,41,58,100688,14848,14848,59392,0,11600,50344,201376,262144,0.9398437500000002,0.9573,0.9507566397287976,0.0011388947671981953,1.61625428507184e-05,public_state_tabular_independent_mc,0,0.2666238697705667,2.2937064000871032,True,accepted_return_check_disabled,0.1,1,9.309083232782703e-14,-0.003366510206331781,100,5.0,0.0024200738144448397,empirical,0.010555114746093754,2.0282714608144197e-05,0.07528037069370752,0.0018948852466273655,0.003245950033368237,0.0027540538734403333
T-L,SA,mc_learned_baseline,False,41,59,102424,15104,15104,60416,0,11800,51212,204848,262144,0.9400781250000003,0.972,0.9522254573685089,0.001468817639711295,1.904301824627971e-05,public_state_tabular_independent_mc,0,0.26396556955451783,2.3339096000418067,True,accepted_return_check_disabled,0.1,1,7.821049493194015e-11,-0.005814603356260042,100,5.0,0.0048181012168955544,empirical,0.021350927734375007,0.0054986359937532455,0.0259323685016698,0.0006662244476535643,0.0038611940302678577,0.0040045509565689846
T-L,SA,mc_learned_baseline,False,41,60,104160,15360,15360,61440,0,12000,52080,208320,262144,0.9658593750000002,0.972,0.9540180977776256,0.0017926404091166415,2.9402706547331527e-05,public_state_tabular_independent_mc,0,0.26058505950264227,2.3737732000881806,True,accepted_return_check_disabled,0.1,1,1.979531848616261e-10,-0.0067137961383757425,100,5.0,0.0026023394791257707,empirical,0.019725247375002836,0.0053509042969804525,0.005062957447756311,0.0009470594817719774,0.005979516052870359,0.0036076169109373656
T-L,SA,mc_learned_baseline,False,41,61,105896,15616,15616,62464,0,12200,52948,211792,262144,0.9515625000000002,0.948,0.9551715913877846,0.0011534936101590398,1.606953098795732e-05,public_state_tabular_independent_mc,0,0.25821264425617413,2.4250710000051185,True,accepted_return_check_disabled,0.1,1,1.5812268899485544e-10,-0.003270220702331934,100,5.0,0.0032790343691261633,empirical,0.010055236816406254,5.753516836133618e-05,0.049419111240197156,0.0016076246371691874,0.003247773058610949,0.0028512251602473226
T-L,SA,mc_learned_baseline,False,41,62,107632,15872,15872,63488,0,12400,53816,215264,262144,0.9515625000000002,0.954,0.9560484831526551,0.000876891764870491,9.229524581415393e-06,public_state_tabular_independent_mc,0,0.2564028853674978,2.4778556000674143,True,accepted_return_check_disabled,0.1,1,2.168299503579414e-11,-0.002253514069570712,100,5.0,0.0029337553380684805,empirical,0.010538635253906258,0.00037441188580783036,0.026415916352018343,0.001704755999535421,0.001857567937620003,0.0027704150046867896
T-L,SA,mc_learned_baseline,False,41,63,109368,16128,16128,64512,0,12600,54684,218736,262144,0.9447656250000002,0.9186,0.9576249758995726,0.0015764927469175127,2.4941025924875525e-05,public_state_tabular_independent_mc,0,0.25332695820262796,2.5301712000509724,True,accepted_return_check_disabled,0.1,1,2.3890280235722655e-10,-0.007336512647708071,100,5.0,0.0027625139609884697,empirical,0.02356796875,0.005331698480306916,0.020022083741012442,0.0011100923851752656,0.005010100153431246,0.003376549016777741
T-L,SA,mc_learned_baseline,False,41,64,111104,16384,16384,65536,0,12800,55552,222208,262144,0.9656250000000002,0.9813000000000001,0.9587333822720806,0.0011084063725079751,1.4656531279151884e-05,public_state_tabular_independent_mc,0,0.25101833545117236,2.583726500044577,True,accepted_return_check_disabled,0.1,1,5.602652050333155e-11,-0.002830300259456138,100,5.0,0.0026194674544587466,empirical,0.009099426269531252,3.0110361635415984e-05,0.03130686249025261,0.0015120963101376427,0.002932076922782486,0.0029011363585079776
T-L,SA,mc_learned_baseline,False,41,65,112840,16640,16640,66560,0,13000,56420,225680,262144,0.9820312500000001,0.9753000000000002,0.9600508855933332,0.0013175033212525777,2.0610382130397147e-05,public_state_tabular_independent_mc,0,0.2482624075586691,2.6301976999966428,True,accepted_return_check_disabled,0.1,1,4.987427917347602e-10,-0.003210644948466775,100,5.0,0.003452444482650235,empirical,0.008217773437499996,3.535285897837704e-05,-0.010726530924971556,0.001611150185840501,0.004102086763526802,0.002814736238389671
T-L,SA,mc_learned_baseline,False,41,66,114576,16896,16896,67584,0,13200,57288,229152,262144,0.9867187500000003,0.9780000000000001,0.9612975920272833,0.0012467064339500844,1.835861115358081e-05,public_state_tabular_independent_mc,0,0.2456427302475559,2.6716597999911755,True,accepted_return_check_disabled,0.1,1,9.083383002011901e-11,-0.0028028524125649707,100,5.0,0.0028821584007135896,empirical,0.00749267578125,0.0002120598748086659,0.005670886075949455,0.001549735227397167,0.003673201390803089,0.0028895157724265863
T-L,SA,mc_learned_baseline,False,41,67,116312,17152,17152,68608,0,13400,58156,232624,262144,0.9421875000000002,0.972,0.962541436115314,0.0012438440880306878,1.820353098175549e-05,public_state_tabular_independent_mc,0,0.2430171309016665,2.714769000071101,True,accepted_return_check_disabled,0.1,1,1.239428763338591e-10,-0.003943011877853028,100,5.0,0.003374239877642358,empirical,0.010384826660156256,0.00015137789502863092,0.07352941176470607,0.0015425857675350797,0.0036394772684787383,0.002907564550828495
T-L,SA,mc_learned_baseline,False,41,68,118048,17408,17408,69632,0,13600,59024,236096,262144,0.9609375000000002,0.9333,0.9638360612384895,0.0012946251231755745,1.9651200728286384e-05,public_state_tabular_independent_mc,0,0.240271591517584,2.7526582999853417,True,accepted_return_check_disabled,0.1,1,4.887094502571022e-10,-0.0036893288851773056,100,5.0,0.0028978163585926696,empirical,0.009615783691406258,0.00012588475982025496,0.027645956915391845,0.0015704873528556058,0.003911190155549915,0.002888967968662703
T-L,SA,mc_learned_baseline,False,41,69,119784,17664,17664,70656,0,13800,59892,239568,262144,0.9471093750000001,0.945,0.9652101415616811,0.0013740803231915288,1.687861279573471e-05,public_state_tabular_independent_mc,0,0.2376375094897999,2.791697600041516,True,accepted_return_check_disabled,0.1,1,2.788571526965881e-10,-0.005809186753239855,100,5.0,0.002041814133089943,empirical,0.02084885253906251,0.005331106809522239,0.021185830025755914,0.0005376564158284119,0.0034074374728723304,0.003929754127505418
T-L,SA,mc_learned_baseline,False,41,70,121520,17920,17920,71680,0,14000,60760,243040,262144,0.9635156250000001,0.9690000000000001,0.9665105416873467,0.0013004001256656794,1.7082867879802523e-05,public_state_tabular_independent_mc,0,0.2350168685082296,2.8319459999911487,True,accepted_return_check_disabled,0.1,1,3.7814494435242274e-10,-0.006238273514612534,100,5.0,0.002709282383689509,empirical,0.022648413085937503,0.00545162237514396,0.007493956080006581,0.0008761590590928145,0.0034826573300081017,0.0034856029662346816
T-L,SA,mc_learned_baseline,False,41,71,123256,18176,18176,72704,0,14200,61628,246512,262144,0.9515625000000002,0.9690000000000001,0.9665105416873467,0.0,0.0,public_state_tabular_independent_mc,0,0.2350168685082296,2.8536494000582024,False,direction_rejected,0.0,0,,-0.0032540972614518012,100,5.0,-0.021396111156484574,empirical,0.010377350227798888,7.593097683621866e-05,0.021682738871518614,0.024837987886084406,0.03723532016273425,-0.020545499750635604
T-L,SA,mc_learned_baseline,False,41,72,124992,18432,18432,73728,0,14400,62496,249984,262144,0.9820312500000002,0.9840000000000001,0.9665105416873467,0.0,0.0,public_state_tabular_independent_mc,0,0.2350168685082296,2.875074199982919,False,direction_rejected,0.0,0,,-0.0024077691631658772,100,5.0,-0.007006759235920844,empirical,0.008414223672492038,0.0002373952461673359,-0.015910482801207104,0.01715195348958517,0.024388377115133045,-0.012859465354136363
T-L,SA,mc_learned_baseline,False,41,73,126728,18688,18688,74752,0,14600,63364,253456,262144,0.9752343750000002,0.993,0.967994475164394,0.0014839334770472279,2.0131501493560913e-05,public_state_tabular_independent_mc,0,0.23208623436102865,2.9145852000219747,True,accepted_return_check_disabled,0.1,1,1.1692447912054346e-10,-0.0058111228785590425,100,5.0,0.003998006592943777,empirical,0.019043798828125,0.005327291040830206,-0.0023322575554425296,0.0004414937829414634,0.004097944367860569,0.003850994352507341
T-L,SA,mc_learned_baseline,False,41,74,128464,18944,18944,75776,0,14800,64232,256928,262144,0.9775781250000002,0.993,0.967994475164394,0.0,0.0,public_state_tabular_independent_mc,0,0.23208623436102865,2.937190700089559,False,direction_rejected,0.0,0,,-0.006926235558175037,100,5.0,-0.006190711820604185,empirical,0.02165488338573731,0.0053682560369861295,-0.004391875443801707,0.025137401700010328,0.0395194784604434,-0.020940112938726593
T-L,SA,mc_learned_baseline,False,41,75,130200,19200,19200,76800,0,15000,65100,260400,262144,0.9684375000000002,0.9780000000000001,0.9693510393435473,0.0013565641791533078,1.7205017355699464e-05,public_state_tabular_independent_mc,0,0.2293833835452485,2.9767892999807373,True,accepted_return_check_disabled,0.1,1,3.2383870158763043e-11,-0.008474408694658863,100,5.0,0.004099900991228776,empirical,0.03012690429687501,0.01089364499973464,0.0003716555088334461,0.00043667100209790905,0.0034950513967926334,0.0037606177591858287
T-L,SA,mc_learned_baseline,False,41,76,131936,19456,19456,77824,0,15200,65968,263872,262144,0.9773437500000003,0.9810000000000001,0.9706388298714997,0.0012877905279524704,1.9189838341946806e-05,public_state_tabular_independent_mc,0,0.22659467267633043,3.015906500048004,True,accepted_return_check_disabled,0.1,1,1.0858805910735073e-10,-0.0033365515080656088,100,5.0,0.0023926094405112225,empirical,0.008302917480468757,0.00010730962178175844,0.012680335474011928,0.0011639019368245853,0.0038408262168011242,0.0029474560002441938
T-L,SA,mc_learned_baseline,False,41,77,133672,19712,19712,78848,0,15400,66836,267344,262144,0.9726562500000002,0.975,0.9719151221128145,0.0012762922413147582,1.883960762064973e-05,public_state_tabular_independent_mc,0,0.22381688040719838,3.0614944000262767,True,accepted_return_check_disabled,0.1,1,1.1860000399823558e-10,-0.003486980211190043,100,5.0,0.003476176425937125,empirical,0.008654479980468751,4.057891452090163e-05,0.018749457982828455,0.0011525943918688024,0.0037699005255639943,0.0029580865554836903
T-L,SA,mc_learned_baseline,False,41,78,135408,19968,19968,79872,0,15600,67704,270816,262144,0.9773437500000002,0.987,0.9719151221128145,0.0,0.0,public_state_tabular_independent_mc,0,0.22381688040719838,3.0829228999791667,False,direction_rejected,0.0,0,,-0.0029034732054870464,100,5.0,-0.02856101745845817,empirical,0.00836880502602489,6.884681450714952e-05,0.013304153063534496,0.024225180248192892,0.03548380868039749,-0.020116892624315
T-L,SA,mc_learned_baseline,False,41,79,137144,20224,20224,80896,0,15800,68572,274288,262144,0.9611718750000002,0.9783000000000002,0.9729882123352845,0.0010730902224700412,1.1929629339456227e-05,public_state_tabular_independent_mc,0,0.2216037091273083,3.120970300049521,True,accepted_return_check_disabled,0.1,1,2.7719509257451613e-11,-0.0056944296099205784,100,5.0,0.0027532353717883706,empirical,0.022870336914062508,0.0053918462198403235,0.008228696879284514,0.0007949536401031259,0.002418560817282817,0.003313333983774769
T-L,SA,mc_learned_baseline,False,41,80,138880,20480,20480,81920,0,16000,69440,277760,262144,0.9726562500000002,0.966,0.9741666694699644,0.0011784571346799,1.6130851163905088e-05,public_state_tabular_independent_mc,0,0.2190143793186809,3.1580527999904007,True,accepted_return_check_disabled,0.1,1,1.7487506098364858e-10,-0.0032189575621118837,100,5.0,0.0033930457797811033,empirical,0.008654479980468753,2.4070393367113048e-05,0.018749457982828566,0.0010591010959463516,0.003221934277790311,0.002985881319515443
T-L,SA,mc_learned_baseline,False,41,81,140616,20736,20736,82944,0,16200,70308,281232,262144,0.9890625000000002,0.9690000000000001,0.9753843625880132,0.0012176931180487571,1.7238015356002677e-05,public_state_tabular_independent_mc,0,0.21632577475538955,3.1997257000766695,True,accepted_return_check_disabled,0.1,1,4.1791539118159124e-10,-0.0029146029085193336,100,5.0,0.002745946846686726,empirical,0.007679443359374998,0.00013821511253492443,-0.022949178002169557,0.0010681683048538741,0.0034326667250142357,0.0029727222828461347
T-L,SA,mc_learned_baseline,False,41,82,142352,20992,20992,83968,0,16400,71176,284704,262144,0.9820312500000001,0.966,0.9766400707826324,0.0012557081946191762,1.8363063315231063e-05,public_state_tabular_independent_mc,0,0.21353887922518924,3.236604200094007,True,accepted_return_check_disabled,0.1,1,1.1326948482413984e-11,-0.0033120242948233205,100,5.0,0.0034595304265275656,empirical,0.007929382324218751,2.301874375308476e-05,0.007374490010918167,0.001089041510665711,0.003699978193964786,0.002946030350671806
T-L,SA,mc_learned_baseline,False,41,83,144088,21248,21248,84992,0,16600,72044,288176,262144,0.9843750000000002,0.972,0.9779826060580702,0.0013425352754378173,2.104486375580266e-05,public_state_tabular_independent_mc,0,0.21054278296000048,3.2759378000628203,True,accepted_return_check_disabled,0.1,1,2.0614366611761716e-10,-0.003593474967933664,100,5.0,0.003195777685791437,empirical,0.007734374999999999,1.719665039713144e-05,0.00503937007873978,0.001163122157387766,0.004262585637991097,0.0028643351118641178
T-L,SA,mc_learned_baseline,False,41,84,145824,21504,21504,86016,0,16800,72912,291648,262144,0.9609375000000002,0.9690000000000001,0.9792500140670901,0.0012674080090199213,1.8805918422209676e-05,public_state_tabular_independent_mc,0,0.20769844825041334,3.3136860000668094,True,accepted_return_check_disabled,0.1,1,4.2777165123393827e-10,-0.004251024766747534,100,5.0,0.0033285641861197646,empirical,0.010283203125000015,0.0002481306405786287,-0.006493911957540233,0.001099473780159134,0.003820702468428238,0.002918046727201117
T-L,SA,mc_learned_baseline,False,41,85,147560,21760,21760,87040,0,17000,73780,295120,262144,0.9679687500000003,1.002,0.9804355628639322,0.001185548796842073,1.650494060941189e-05,public_state_tabular_independent_mc,0,0.20502356433121277,3.3519248000811785,True,accepted_return_check_disabled,0.1,1,2.076277059411978e-10,-0.0035869231211392225,100,5.0,0.002544191510834884,empirical,0.008964843750000003,0.00023658202910736503,0.026546763783577343,0.001052927479972598,0.0032966933956888773,0.002953473557824375
T-L,SA,mc_learned_baseline,False,41,86,149296,22016,22016,88064,0,17200,74648,298592,262144,0.9937500000000002,0.993,0.981654538138684,0.001218975274751788,1.7512574332552827e-05,public_state_tabular_independent_mc,0,0.20225866835576137,3.3910535000031814,True,accepted_return_check_disabled,0.1,1,1.5157673033436886e-10,-0.0029538545512172764,100,5.0,0.0031800629743183977,empirical,0.00692413330078125,6.95777853997524e-06,-0.0035784139402561532,0.0010690249080922407,0.0035448758509671807,0.0029254392553646827
T-L,SA,mc_learned_baseline,False,41,87,151032,22272,22272,89088,0,17400,75516,302064,262144,0.9773437500000002,0.9843000000000001,0.9826877221160253,0.001033183977341312,1.2625758811449343e-05,public_state_tabular_independent_mc,0,0.19990326156291383,3.429164700093679,True,accepted_return_check_disabled,0.1,1,2.436292973618005e-10,-0.0029455977530937587,100,5.0,0.0023985872188310186,empirical,0.008591308593750008,0.00017533918174761907,-0.004511797987883925,0.0010529706837440582,0.0025609759105597817,0.0029276389990508605
T-L,SA,mc_learned_baseline,False,41,88,152768,22528,22528,90112,0,17600,76384,305536,262144,0.9750000000000002,0.975,0.983778471154675,0.0010907490386496965,1.413529749572192e-05,public_state_tabular_independent_mc,0,0.1974044486691346,3.467426900053397,True,accepted_return_check_disabled,0.1,1,2.0154123112386818e-10,-0.0031752676331972974,100,5.0,0.003339696091899527,empirical,0.008448486328125004,2.5019638655939493e-05,0.017542613636363447,0.0010390768622596195,0.0028216191568318535,0.00292857986165857
T-L,SA,mc_learned_baseline,False,41,89,154504,22784,22784,91136,0,17800,77252,309008,262144,0.9822656250000003,0.9930000000000002,0.9851582889549083,0.0013798178002333295,1.841952616857955e-05,public_state_tabular_independent_mc,0,0.1944677400118856,3.50589780008886,True,accepted_return_check_disabled,0.1,1,3.763770558886351e-10,-0.0057623986194393255,100,5.0,0.005083480206436808,empirical,0.01877023925781251,0.005769042989736858,-0.0024372016448626077,0.0003050482195747357,0.003704514378498441,0.0036477551643010015
T-L,SA,mc_learned_baseline,False,41,90,156240,23040,23040,92160,0,18000,78120,312480,262144,0.9937500000000001,0.972,0.9861379371619542,0.00097964820704588,1.1483004779951142e-05,public_state_tabular_independent_mc,0,0.19220193346233336,3.5519440000643954,True,accepted_return_check_disabled,0.1,1,3.3133100288124837e-10,-0.0023588337562182107,100,5.0,0.003979774104392343,empirical,0.006990051269531252,6.086436172572021e-05,-0.008379267425320247,0.0009769884800324685,0.002333701843729374,0.002876698301182827
T-L,SA,mc_learned_baseline,False,41,91,157976,23296,23296,93184,0,18200,78988,315952,262144,0.9728906250000002,0.9990000000000001,0.9875387727598963,0.0014008355979421294,1.9543644188555376e-05,public_state_tabular_independent_mc,0,0.1891576976674085,3.596854400006123,True,accepted_return_check_disabled,0.1,1,3.1576600130922637e-10,-0.006443789888471944,100,5.0,0.0040192928747716395,empirical,0.019780981445312512,0.005707079474963396,-0.004245732502154986,0.00031070279367156954,0.003987738235999781,0.0035269985193799244
T-L,SA,mc_learned_baseline,False,41,92,159712,23552,23552,94208,0,18400,79856,319424,262144,0.9914062500000003,0.9900000000000001,0.9875387727598963,0.0,0.0,public_state_tabular_independent_mc,0,0.1891576976674085,3.6197383999824524,False,direction_rejected,0.0,0,,-0.002534532715721235,100,5.0,-0.011754231395226545,empirical,0.007394448283212503,0.00026458307523834885,-0.023777514947372458,0.011723022357038109,0.017218895485309246,-0.00797908534691228
T-L,SA,mc_learned_baseline,False,41,93,161448,23808,23808,95232,0,18600,80724,322896,262144,0.9679687500000003,0.9840000000000002,0.9875387727598963,0.0,0.0,public_state_tabular_independent_mc,0,0.1891576976674085,3.641180200036615,False,direction_rejected,0.0,0,,-0.004014228151035788,100,5.0,-0.001042405610531161,empirical,0.009744236876472603,0.0004505271649385581,-0.0583082469049192,0.011792421454225334,0.018146469121272105,-0.008048484444099509
T-L,SA,mc_learned_baseline,False,41,94,163184,24064,24064,96256,0,18800,81592,326368,262144,0.9960937500000002,1.008,0.9886754828586188,0.0011367100987225154,1.5623084312045616e-05,public_state_tabular_independent_mc,0,0.1865014356319135,3.680129999993369,True,accepted_return_check_disabled,0.1,1,7.709746398446439e-11,-0.002802544618194657,100,5.0,0.002656467213597561,empirical,0.006632995605468752,2.2999292241013244e-05,0.0005747787101963997,0.0008683348003380329,0.0031584717420689835,0.0028756022097877905
T-L,SA,mc_learned_baseline,False,41,95,164920,24320,24320,97280,0,19000,82460,329840,262144,0.9916406250000003,1.005,0.9899763122187465,0.0013008293601276533,1.7346167206987642e-05,public_state_tabular_independent_mc,0,0.1836329705856369,3.7170174000784755,True,accepted_return_check_disabled,0.1,1,7.043883941575804e-11,-0.005559439078613254,100,5.0,0.003923392604054747,empirical,0.017655126953125003,0.005315984148120323,-0.004270872260554892,0.0002839457679966057,0.003500957920731661,0.0034383874787520747
T-L,SA,mc_learned_baseline,False,41,96,166656,24576,24576,98304,0,19200,83328,333312,262144,0.9892968750000003,0.9783,0.9913927225640571,0.0014164103453105925,2.2671144546853603e-05,public_state_tabular_independent_mc,0,0.18038955816379304,3.7527315000770614,True,accepted_return_check_disabled,0.1,1,3.792486262896401e-10,-0.006854646489727268,100,5.0,0.0023713915123028616,empirical,0.020592871093750003,0.005348147710744892,-0.00039240473873358717,0.0006507326098149861,0.00454298414824186,0.0029843214837626635
T-L,SA,mc_learned_baseline,False,41,97,168392,24832,24832,99328,0,19400,84196,336784,262144,0.9937500000000001,0.9990000000000001,0.9913927225640571,0.0,0.0,public_state_tabular_independent_mc,0,0.18038955816379304,3.786521000089124,False,direction_rejected,0.0,0,,-0.002750820492336426,100,5.0,-0.010166175889520276,empirical,0.007216962188928307,0.0003166145460158057,-0.044381893137767525,0.009831132030879632,0.0150718785924419,-0.006267193971026439
T-L,SA,mc_learned_baseline,False,41,98,170128,25088,25088,100352,0,19600,85064,340256,262144,0.9937500000000002,0.9780000000000001,0.9924835910509805,0.001090868486923413,1.4747924656069593e-05,public_state_tabular_independent_mc,0,0.17779401545798695,3.8482473000185564,True,accepted_return_check_disabled,0.1,1,9.130780783781584e-11,-0.0029074596428456338,100,5.0,0.003727503995183994,empirical,0.006924133300781249,7.039200962571621e-05,-0.0035784139402563753,0.000752689868993082,0.0029835315568441743,0.0028112481908601087
T-L,SA,mc_learned_baseline,False,41,99,171864,25344,25344,101376,0,19800,85932,343728,262144,1.0007812500000002,1.0050000000000001,0.9935730044010723,0.001089413350091828,1.4832695621674869e-05,public_state_tabular_independent_mc,0,0.1751871722008814,3.896588300005533,True,accepted_return_check_disabled,0.1,1,2.5328823792378507e-10,-0.002696791366511991,100,5.0,0.002973429859431561,empirical,0.00644622802734375,0.0001529306234274644,-0.02222661754889077,0.0007520119076610629,0.0030109512569151697,0.0027874766633535796
T-L,SA,mc_learned_baseline,False,41,100,173600,25600,25600,102400,0,20000,86800,347200,262144,0.9869531250000002,1.0050000000000001,0.9947865652693445,0.0012135608682721788,1.5811852952091137e-05,public_state_tabular_independent_mc,0,0.17244109185886067,3.932907300069928,True,accepted_return_check_disabled,0.1,1,1.0579630341696389e-10,-0.0057080171547193945,100,5.0,0.002859229295722951,empirical,0.018059423828124997,0.005322628863039124,-0.0030419527505385346,0.00023085015901375271,0.00318768146989679,0.0032830171843344024
T-L,SA,mc_learned_baseline,False,41,101,175336,25856,25856,103424,0,20200,87668,350672,262144,1.0054687500000001,1.008,0.995746057459391,0.0009594921900465403,1.1676475861498018e-05,public_state_tabular_independent_mc,0,0.1701208564539684,3.96878800005652,True,accepted_return_check_disabled,0.1,1,1.6017544589369285e-10,-0.002140573002868803,100,5.0,0.0032253686998122114,empirical,0.005690917968750004,6.446231131298342e-05,0.001071610362472497,0.0006978433563288825,0.0023319188982773554,0.0027320082005864335
T-L,SA,mc_learned_baseline,False,41,102,177072,26112,26112,104448,0,20400,88536,354144,262144,1.0007812500000002,1.0170000000000001,0.9966101173103118,0.0008640598509207509,9.546128359720403e-06,public_state_tabular_independent_mc,0,0.16802091578336725,4.002630000002682,True,accepted_return_check_disabled,0.1,1,2.616729046783939e-10,-0.0021247115469654188,100,5.0,0.0031069491251711654,empirical,0.006240234375000005,0.00011240988941258063,-0.005538111602838347,0.0007451346639961427,0.0019400075043504623,0.0026597664316395314
T-L,SA,mc_learned_baseline,False,41,103,178808,26368,26368,105472,0,20600,89404,357616,262144,0.9937500000000002,1.005,0.9976226016506536,0.001012484340341846,1.3226079214085959e-05,public_state_tabular_independent_mc,0,0.1655476547968059,4.038667800021358,True,accepted_return_check_disabled,0.1,1,1.8395352328583105e-11,-0.002845640117857242,100,5.0,0.0025306872149869885,empirical,0.0072509765624999955,0.0005477973167288335,-0.027382645803698757,0.0006764634771660027,0.002668924619741015,0.0027051916361166533
T-L,SA,mc_learned_baseline,False,41,104,180544,26624,26624,106496,0,20800,90272,361088,262144,1.0078125000000002,1.002,0.9983857218156466,0.0007631201649929142,7.573098490629354e-06,public_state_tabular_independent_mc,0,0.1636742487282945,4.076286300085485,True,accepted_return_check_disabled,0.1,1,1.988012802780933e-10,-0.0016241715255274026,100,5.0,0.002428275348104879,empirical,0.00544097900390625,2.0450174749425673e-05,0.0025461667599330218,0.0008415705234617555,0.0015066330159865654,0.002511799883168485
T-L,SA,mc_learned_baseline,False,41,105,182280,26880,26880,107520,0,21000,91140,364560,262144,0.9846093750000002,0.9990000000000001,0.9995249310388419,0.0011392092231953255,1.5933345809761392e-05,public_state_tabular_independent_mc,0,0.1609472714809266,4.112870400073007,True,accepted_return_check_disabled,0.1,1,1.1722979842744335e-10,-0.006711791900128193,100,5.0,0.0037689326067828384,empirical,0.021121313476562504,0.005338382123197058,-0.0001049023261001647,0.0004733105398327459,0.0032343339518134174,0.002858039378762439
T-L,SA,mc_learned_baseline,False,41,106,184016,27136,27136,108544,0,21200,92008,368032,262144,0.9937500000000002,0.9990000000000001,1.0005969942782211,0.0010720632393792506,1.532353848311883e-05,public_state_tabular_independent_mc,0,0.15828347281176,4.1529457999859005,True,accepted_return_check_disabled,0.1,1,6.818522926795913e-13,-0.003243685732152021,100,5.0,0.003068839243771616,empirical,0.006880187988281251,2.998582366496973e-06,-0.0003778449502138681,0.0006636064971213573,0.0030866073309361755,0.002603202619697625
T-L,SA,mc_learned_baseline,False,41,107,185752,27392,27392,109568,0,21400,92876,371504,262144,0.9960937500000002,1.026,1.0016626198868186,0.0010656256085974647,1.5323807579920917e-05,public_state_tabular_independent_mc,0,0.15561896070956327,4.195849400013685,True,accepted_return_check_disabled,0.1,1,3.5070027864863004e-11,-0.0031752892673211587,100,5.0,0.0030027385809427466,empirical,0.007171325683593763,0.000350975345082616,-0.03998160708127485,0.0006636313231047976,0.003078479641896414,0.002570609514123176
T-L,SA,mc_learned_baseline,False,41,108,187488,27648,27648,110592,0,21600,93744,374976,262144,1.0171875000000004,0.9783000000000002,1.002409331309546,0.0007467114227273086,7.595372786067022e-06,public_state_tabular_independent_mc,0,0.15374178297753438,4.234334800043143,True,accepted_return_check_disabled,0.1,1,7.736016128095573e-11,-0.0013994897844113734,100,5.0,0.0025575045277036676,empirical,0.004383544921875001,9.64729722859857e-05,0.016568533479392134,0.000776229235754212,0.0015174572594896468,0.002424441105412568
T-L,SA,mc_learned_baseline,False,41,109,189224,27904,27904,111616,0,21800,94612,378448,262144,1.0148437500000003,1.0110000000000001,1.0035115398612255,0.0011022085516796398,1.676234412797517e-05,public_state_tabular_independent_mc,0,0.1509551978605124,4.272450300049968,True,accepted_return_check_disabled,0.1,1,3.3305134444531103e-10,-0.002426894965570343,100,5.0,0.002459530635896108,empirical,0.004877929687499999,5.7197566939922636e-05,-0.011920572705774957,0.0006955958051846308,0.003349304188589984,0.002480814315205808
T-L,SA,mc_learned_baseline,False,41,110,190960,28160,28160,112640,0,22000,95480,381920,262144,1.0125000000000002,0.9990000000000002,1.0035115398612255,0.0,0.0,public_state_tabular_independent_mc,0,0.1509551978605124,4.292445100028999,False,direction_rejected,0.0,0,,-0.0025650949988499667,100,5.0,-0.02121730942374853,empirical,0.00520401163866701,0.00014166736143574548,0.0009744708893448806,0.017731367007180778,0.02694524202397482,-0.014591818782721245
T-L,SA,mc_learned_baseline,False,41,111,192696,28416,28416,113664,0,22200,96348,385392,262144,0.9960937500000002,0.9960000000000002,1.0035115398612255,0.0,0.0,public_state_tabular_independent_mc,0,0.1509551978605124,4.314984200056642,False,direction_rejected,0.0,0,,-0.003171179328792212,100,5.0,-0.008634939593353482,empirical,0.006717785715148644,0.00017644573867932418,-0.0014966792359532022,0.017715622720898144,0.026593763639734588,-0.014576074496438603
T-L,SA,mc_learned_baseline,False,41,112,194432,28672,28672,114688,0,22400,97216,388864,262144,1.0171875000000004,1.002,1.0044306442403987,0.0009191043791731968,1.180026711826692e-05,public_state_tabular_independent_mc,0,0.1486169460367173,4.353617100045085,True,accepted_return_check_disabled,0.1,1,1.3586088624554925e-10,-0.001907436255274181,100,5.0,0.002010891257941039,empirical,0.004482421874999996,4.696153779655663e-06,0.005477201150213107,0.0006384625356147792,0.0023926121498796934,0.002501085688844759
T-L,SA,mc_learned_baseline,False,41,113,196168,28928,28928,115712,0,22600,98084,392336,262144,0.9960937500000002,1.0110000000000001,1.0051661828849698,0.0007355386445710987,7.636538841561612e-06,public_state_tabular_independent_mc,0,0.14673590600912598,4.410550600034185,True,accepted_return_check_disabled,0.1,1,6.724458144679598e-11,-0.002165197138734057,100,5.0,0.0023093020849227555,empirical,0.006701660156249999,0.00024414618093803885,-0.00459822968157253,0.0007439785436781891,0.0015450854905179536,0.0023638489104459356
T-L,SA,mc_learned_baseline,False,41,114,197904,29184,29184,116736,0,22800,98952,395808,262144,1.021875,1.0140000000000002,1.0060447237392516,0.0008785408542817397,1.1024019755683783e-05,public_state_tabular_independent_mc,0,0.14447750072683693,4.463501000078395,True,accepted_return_check_disabled,0.1,1,1.0600636077274754e-11,-0.001621873841189037,100,5.0,0.001645474302348284,empirical,0.0038479614257812492,3.343091105163235e-05,0.027205882352941524,0.0006394738695252902,0.002224295256433083,0.002442327608041295
T-L,SA,mc_learned_baseline,False,41,115,199640,29440,29440,117760,0,23000,99820,399280,262144,1.0171875000000004,1.0230000000000001,1.0070894736944433,0.0010447499551917705,1.5819592253989658e-05,public_state_tabular_independent_mc,0,0.1417749267505043,4.517039600061253,True,accepted_return_check_disabled,0.1,1,1.772690528911383e-10,-0.0023346739498742467,100,5.0,0.0035523882960285325,empirical,0.004779052734374997,0.00017871125633267396,-0.027796795837326638,0.0006832364811549454,0.003168793087041069,0.002366732758336413
T-L,SA,mc_learned_baseline,False,41,116,201376,29696,29696,118784,0,23200,100688,402752,262144,0.9916406250000003,1.008,1.0081766474904232,0.00108717379597989,1.4634675181666928e-05,public_state_tabular_independent_mc,0,0.13913436801685256,4.568591300048865,True,accepted_return_check_disabled,0.1,1,9.295124220587492e-11,-0.00589740265659403,100,5.0,0.004186471832659404,empirical,0.017724340820312507,0.0053264509637806,-0.00014583466255579935,0.0001547003494554466,0.002980192633508224,0.002856356828039424
T-L,SA,mc_learned_baseline,False,41,117,203112,29952,29952,119808,0,23400,101556,406224,262144,1.01484375,1.0170000000000001,1.0090170906488756,0.0008404431584523309,1.0513309426243931e-05,public_state_tabular_independent_mc,0,0.1369336175002041,4.615417400025763,True,accepted_return_check_disabled,0.1,1,7.79881801035599e-11,-0.001982012708361131,100,5.0,0.002477091153056712,empirical,0.004680175781249999,4.07043176848773e-06,0.00907000097178623,0.000576228967813506,0.002129039224970481,0.0023447460237335043
T-L,SA,mc_learned_baseline,False,41,118,204848,30208,30208,120832,0,23600,102424,409696,262144,1.0171875000000004,1.02,1.0098445331109518,0.0008274424620762222,1.0330216940273843e-05,public_state_tabular_independent_mc,0,0.13475441122047804,4.653745600022376,True,accepted_return_check_disabled,0.1,1,9.197755970306475e-11,-0.0018830246579795717,100,5.0,0.001797049582502122,empirical,0.004518127441406249,5.063797054506362e-05,0.0014719978091197738,0.0005747798486362227,0.0020931364972134625,0.0023130416890247128
T-L,SA,mc_learned_baseline,False,41,119,206584,30464,30464,121856,0,23800,103292,413168,262144,1.0007812500000002,0.9990000000000001,1.0106712215702363,0.0008266884592844637,1.045736212109256e-05,public_state_tabular_independent_mc,0,0.1325645093071915,4.689226699993014,True,accepted_return_check_disabled,0.1,1,2.348823190871371e-10,-0.0027503806304249815,100,5.0,0.002754098506823172,empirical,0.00650390625000001,0.00011472429242189553,-0.0268993992137867,0.0005701890069851355,0.0021266863497888086,0.0022842655653091686
T-L,SA,mc_learned_baseline,False,41,120,208320,30720,30720,122880,0,24000,104160,416640,262144,1.0057031250000001,1.0053,1.0116929873732121,0.0010217658029758603,1.3788671749973068e-05,public_state_tabular_independent_mc,0,0.130015976358543,4.7237937999889255,True,accepted_return_check_disabled,0.1,1,7.213388506341815e-12,-0.0052160055311612,100,5.0,0.0025852822339530145,empirical,0.016412573242187506,0.0055310385562737895,0.002794047439658165,0.00014200213246432422,0.002796984439268718,0.002678396168920571
T-L,SA,mc_learned_baseline,False,41,121,210056,30976,30976,123904,0,24200,105028,420112,262144,1.0054687500000004,0.996,1.0124738198786254,0.0007808325054132759,9.601220834487099e-06,public_state_tabular_independent_mc,0,0.12792292278402206,4.7589458000147715,True,accepted_return_check_disabled,0.1,1,5.7923833190446046e-11,-0.002402806004488832,100,5.0,0.0020080124557866653,empirical,0.00569091796875,5.3273101651512785e-05,0.001071610362472275,0.0005213937519891116,0.0019434679149986174,0.002213234177633692
T-L,SA,mc_learned_baseline,False,41,122,211792,31232,31232,124928,0,24400,105896,423584,262144,1.0080468750000002,1.0170000000000001,1.0134566900697606,0.0009828701911351878,1.3317614318892474e-05,public_state_tabular_independent_mc,0,0.12542744332588426,4.802841700031422,True,accepted_return_check_disabled,0.1,1,1.8601519408741384e-11,-0.005122660392813716,100,5.0,0.0019197396622313663,empirical,0.016032446289062505,0.005385963011269662,0.005154219445749786,0.00013618811463211766,0.002693384445465834,0.002564727252552587
T-L,SA,mc_learned_baseline,False,41,123,213528,31488,31488,125952,0,24600,106764,427056,262144,1.01015625,1.02,1.014319213647037,0.0008625235772763418,1.209243853645261e-05,public_state_tabular_independent_mc,0,0.12308678847888363,4.841721900040284,True,accepted_return_check_disabled,0.1,1,2.4661141305168963e-10,-0.002535766498320298,100,5.0,0.002631190319136791,empirical,0.005185546875000002,4.5526252199607144e-06,0.004687271129339088,0.0004699196611988282,0.0024162162564302114,0.002150070250179877
T-L,SA,mc_learned_baseline,False,41,124,215264,31744,31744,126976,0,24800,107632,430528,262144,1.021875,0.9753000000000001,1.0151954494849365,0.0008762358378995305,1.2704830615709856e-05,public_state_tabular_independent_mc,0,0.12069290812572542,4.884306800086051,True,accepted_return_check_disabled,0.1,1,2.0970890926620851e-10,-0.0019743721005013805,100,5.0,0.001383403967527818,empirical,0.003957824707031245,5.304860224789123e-05,0.013273993808050166,0.00047953113306888507,0.0025417703219125214,0.0021015373102445936
T-L,SA,mc_learned_baseline,False,41,125,217000,32000,32000,128000,0,25000,108500,434000,262144,1.0148437500000003,1.0083000000000002,1.0160298697172097,0.0008344202322732031,1.1730205223985056e-05,public_state_tabular_independent_mc,0,0.11839784129977667,4.922583300038241,True,accepted_return_check_disabled,0.1,1,2.8216415592209037e-10,-0.00229622993933624,100,5.0,0.0030254213989523914,empirical,0.004680175781250002,1.58617724538778e-05,0.009070000971785896,0.00046595422957196054,0.002342326331260211,0.0020747721030308568
T-L,SA,mc_learned_baseline,False,41,126,218736,32256,32256,129024,0,25200,109368,437472,262144,1.0195312500000002,1.026,1.0168586239555968,0.0008287542383871305,1.178566087404853e-05,public_state_tabular_independent_mc,0,0.11610303682720308,4.958637400064617,True,accepted_return_check_disabled,0.1,1,2.719256282912332e-10,-0.002067776321613521,100,5.0,0.0016206992627193163,empirical,0.0041748046875,4.7044335984530635e-05,0.014526965680043524,0.0004671223534236746,0.0023542441728259794,0.0020344358027691396
T-L,SA,mc_learned_baseline,False,41,127,220472,32512,32512,130048,0,25400,110236,440944,262144,1.0171875000000004,1.026,1.0175431900780798,0.0006845661224830213,8.175724533559358e-06,public_state_tabular_independent_mc,0,0.1141956599824621,4.997904499992728,True,accepted_return_check_disabled,0.1,1,1.2707667098087479e-11,-0.0018269831267685751,100,5.0,0.0019469683426192987,empirical,0.004482421874999997,0.00011518824344990413,0.005477201150213107,0.0004716462210133296,0.001651067095344864,0.0019902842697010125
T-L,SA,mc_learned_baseline,False,41,128,222208,32768,32768,131072,0,25600,111104,444416,262144,1.0148437500000003,1.0170000000000001,1.0183289381826872,0.0007857481046074088,1.0966419617496703e-05,public_state_tabular_independent_mc,0,0.11199281875831173,5.0422312000300735,True,accepted_return_check_disabled,0.1,1,2.6847790514334747e-10,-0.002307382078160768,100,5.0,0.002360902103366083,empirical,0.004699401855468752,1.5840529602136008e-05,0.0070292507531338755,0.00045802522385693075,0.0021898419985960332,0.0019706268458821777
T-L,SA,mc_learned_baseline,False,41,129,223944,33024,33024,132096,0,25800,111972,447888,262144,1.0335937500000003,1.026,1.0191442407145546,0.0008153025318673457,1.2043381649782481e-05,public_state_tabular_independent_mc,0,0.10969139550281105,5.087403999990784,True,accepted_return_check_disabled,0.1,1,5.3879097008898675e-12,-0.0013113181794867416,100,5.0,0.0032182233348677634,empirical,0.002502136230468751,1.2250373228610825e-05,0.07446621819245369,0.0004786501617855066,0.0024336905802980493,0.0019111967343603
T-L,SA,mc_learned_baseline,False,41,130,225680,33280,33280,133120,0,26000,112840,451360,262144,1.0218750000000003,1.0350000000000001,1.0197850425948694,0.0006408018803147897,7.571368831934551e-06,public_state_tabular_independent_mc,0,0.10787099799276362,5.129874199978076,True,accepted_return_check_disabled,0.1,1,7.814696980773942e-12,-0.001604976875015911,100,5.0,0.002840480361677342,empirical,0.0038919067382812518,8.79135022250897e-05,0.021633126934984426,0.00046882962256448324,0.0015283981809297328,0.0018800654954668513
T-L,SA,mc_learned_baseline,False,41,131,227416,33536,33536,134144,0,26200,113708,454832,262144,1.03359375,1.02,1.0197850425948694,0.0,0.0,public_state_tabular_independent_mc,0,0.10787099799276362,5.154111100011505,False,direction_rejected,0.0,0,,-0.0013349060214578846,100,5.0,-0.015554574041773008,empirical,0.0025561217884958526,6.42743148072056e-05,0.10078443989470609,0.013053649975238984,0.019759379866056675,-0.010737432745200625
T-L,SA,mc_learned_baseline,False,41,132,229152,33792,33792,135168,0,26400,114576,458304,262144,1.0242187500000002,1.008,1.0205375559711036,0.0007525133762342762,1.0641490920133596e-05,public_state_tabular_independent_mc,0,0.10571990627175293,5.199181400006637,True,accepted_return_check_disabled,0.1,1,1.9218082574745643e-10,-0.0018018385187313058,100,5.0,0.001689241655316634,empirical,0.003603515624999999,3.817151696089126e-05,0.03050524308865632,0.00045544562443189797,0.0021285334182543723,0.001860771605606458
T-L,SA,mc_learned_baseline,False,41,133,230888,34048,34048,136192,0,26600,115444,461776,262144,0.9939843750000003,1.0230000000000001,1.0214260307618603,0.0008884747907567103,1.4460843167022437e-05,public_state_tabular_independent_mc,0,0.10321709926560128,5.23678789997939,True,accepted_return_check_disabled,0.1,1,1.8931344524331346e-12,-0.0075029170423743085,100,5.0,0.001924756085951836,empirical,0.02076315917968751,0.005419757689559164,-0.007413065527993368,0.0004462914168814426,0.0029248790928622656,0.00183099932725906
T-L,SA,mc_learned_baseline,False,41,134,232624,34304,34304,137216,0,26800,116312,465248,262144,1.0382812500000003,1.0170000000000001,1.0221863646422436,0.0007603338803832127,1.1392387635910426e-05,public_state_tabular_independent_mc,0,0.10100953817453863,5.286723299999721,True,accepted_return_check_disabled,0.1,1,1.7195655547843002e-10,-0.001022968116090097,100,5.0,0.0018903842025435626,empirical,0.001911621093749994,1.559293205449036e-05,0.12411847672778742,0.00046556309849230546,0.002317899042121606,0.0017499029033885808
T-L,SA,mc_learned_baseline,False,41,135,234360,34560,34560,138240,0,27000,117180,468720,262144,1.0012500000000002,1.0173,1.0232097707942276,0.001023406151984041,1.7388387341425946e-05,public_state_tabular_independent_mc,0,0.09822737664267206,5.339963500038721,True,accepted_return_check_disabled,0.1,1,2.9408968973490157e-10,-0.009562610771541368,100,5.0,0.0034454928163600365,empirical,0.03034223632812501,0.01074426575965396,0.003674530406433285,0.00018704181743981732,0.0035036383944903704,0.001988194463207206
T-L,SA,mc_learned_baseline,False,41,136,236096,34816,34816,139264,0,27200,118048,472192,262144,1.0265625000000003,1.014,1.0238833876679498,0.0006736168737222492,9.38899619219361e-06,public_state_tabular_independent_mc,0,0.09624034029047514,5.3886663999874145,True,accepted_return_check_disabled,0.1,1,1.8951333106535114e-10,-0.0016308567367147883,100,5.0,0.0014051870615131301,empirical,0.0032437133789062506,1.1548440171002156e-05,0.0512145025897478,0.0003801425161741984,0.0018772391020633761,0.0016939851560012122
T-L,SA,mc_learned_baseline,False,41,137,237832,35072,35072,140288,0,27400,118916,475664,262144,1.0125000000000002,1.026,1.0243899166113324,0.0005065289433825448,5.403768716434951e-06,public_state_tabular_independent_mc,0,0.09473725640722686,5.434550000005402,True,accepted_return_check_disabled,0.1,1,4.7636621167992166e-11,-0.001892421643522065,100,5.0,0.0014335690202682601,empirical,0.004990539550781253,1.4739587566717555e-06,0.0009534940944879722,0.00043677228504108225,0.0010815974423905171,0.0016007695543804991
T-L,SA,mc_learned_baseline,False,41,138,239568,35328,35328,141312,0,27600,119784,479136,262144,1.01015625,1.014,1.0250186246344144,0.0006287080230820141,8.489097650930403e-06,public_state_tabular_independent_mc,0,0.0928606780891945,5.470494800014421,True,accepted_return_check_disabled,0.1,1,1.8948583272740178e-10,-0.002575993472408483,100,5.0,0.0015417357498114456,empirical,0.005226745605468755,1.9359956789980762e-05,0.0007323861139587606,0.000374112322071483,0.0016961849127068644,0.0016356068051830179
T-L,SA,mc_learned_baseline,False,41,139,241304,35584,35584,142336,0,27800,120652,482608,262144,1.0148437500000003,1.005,1.025639917255876,0.0006212926214617109,8.46727864361712e-06,public_state_tabular_independent_mc,0,0.09099402574371918,5.5793361000251025,True,accepted_return_check_disabled,0.1,1,2.089673210681663e-10,-0.0023329659234210807,100,5.0,0.0013075195416225231,empirical,0.004699401855468752,2.998189272663341e-06,0.0070292507531338755,0.000373655477081932,0.0016911958573858454,0.0016011568559243187
T-L,SA,mc_learned_baseline,False,41,140,243040,35840,35840,143360,0,28000,121520,486080,262144,1.03359375,1.0230000000000001,1.0262606526680662,0.0006207354121900988,8.63826629059201e-06,public_state_tabular_independent_mc,0,0.08911657604842543,5.629364800057374,True,accepted_return_check_disabled,0.1,1,1.297143016817052e-10,-0.0011823457038258169,100,5.0,0.0014715662935895304,empirical,0.0023263549804687506,2.4648467819906625e-05,0.1081602807838552,0.0003752882054345142,0.0017295602315593548,0.001564620301972765
T-L,SA,mc_learned_baseline,False,41,141,244776,36096,36096,144384,0,28200,122388,489552,262144,1.0335937500000003,1.038,1.0268687413622817,0.0006080886942154695,8.476007698424998e-06,public_state_tabular_independent_mc,0,0.08726493280738146,5.666473900084384,True,accepted_return_check_disabled,0.1,1,1.0206295050160835e-10,-0.0011921594630858446,100,5.0,0.0011610360233830373,empirical,0.0023291015625000007,8.57918403428955e-06,0.10763381105586445,0.00037442745992499564,0.0016985620806687866,0.001530202751450425
T-L,SA,mc_learned_baseline,False,41,142,246512,36352,36352,145408,0,28400,123256,493024,262144,1.0289062500000001,1.014,1.0274568343979371,0.0005880930356554348,8.106501284064105e-06,public_state_tabular_independent_mc,0,0.08546211300399265,5.705726700020023,True,accepted_return_check_disabled,0.1,1,1.4814795100160405e-10,-0.0014826464488453786,100,5.0,0.0014301391567634139,empirical,0.0029855346679687547,5.432052987900899e-05,0.05933065336368526,0.00037153390586419877,0.0016217749091166475,0.0014981434801471067
T-L,SA,mc_learned_baseline,False,41,143,248248,36608,36608,146432,0,28600,124124,496496,262144,1.0289062500000004,1.0230000000000001,1.0280316774600153,0.000574843062078223,7.921287321920373e-06,public_state_tabular_independent_mc,0,0.08368810619619924,5.742257400066592,True,accepted_return_check_disabled,0.1,1,1.346662585070958e-10,-0.001488729938166572,100,5.0,0.0021081069421845598,empirical,0.0029525756835937513,1.3702582669949153e-05,0.06456143749697352,0.0003704129402853719,0.0015852673822656712,0.0014650907217680323
T-L,SA,mc_learned_baseline,False,41,144,249984,36864,36864,147456,0,28800,124992,499968,262144,1.0265625000000003,1.0410000000000001,1.0285893530222467,0.0005576755622314078,7.625459091569495e-06,public_state_tabular_independent_mc,0,0.08195559561960657,5.7824528000783175,True,accepted_return_check_disabled,0.1,1,1.5567071139513135e-10,-0.0016276951665783654,100,5.0,0.0009938817515938345,empirical,0.003284912109375,7.211358519838048e-05,0.04518664047151266,0.00036849030183418077,0.0015247973605945655,0.001433257738931909
T-L,SA,mc_learned_baseline,False,41,145,251720,37120,37120,148480,0,29000,125860,503440,262144,1.0195312500000002,1.0320000000000003,1.0291293677147848,0.00054001469253806,7.3135980049295625e-06,public_state_tabular_independent_mc,0,0.08026685439111145,5.831279700039886,True,accepted_return_check_disabled,0.1,1,1.7232258680569978e-10,-0.0020679730460346057,100,5.0,0.00216903718248726,empirical,0.004130859375000003,5.996718653934019e-06,0.01975667332485942,0.0003667323168934811,0.0014613732782728167,0.001401935793710616
T-L,SA,mc_learned_baseline,False,41,146,253456,37376,37376,149504,0,29200,126728,506912,262144,1.03359375,1.0350000000000001,1.0296728256211627,0.0005434579063778866,7.581279696523359e-06,public_state_tabular_independent_mc,0,0.07855599394288738,5.873832300072536,True,accepted_return_check_disabled,0.1,1,2.9850530767122054e-11,-0.001222445654366864,100,5.0,0.0021105785052543844,empirical,0.0024609374999999987,8.523106459206828e-05,0.08236326411231387,0.0003692159500511504,0.0015241485519395287,0.0013671078457322791
T-L,SA,mc_learned_baseline,False,41,147,255192,37632,37632,150528,0,29400,127596,510384,262144,1.0335937500000003,1.026,1.0301989345070837,0.0005261088859209728,7.274083711978257e-06,public_state_tabular_independent_mc,0,0.07688857643319699,5.917388400062919,True,accepted_return_check_disabled,0.1,1,6.116365999421497e-11,-0.0012010869223112138,100,5.0,0.0017135454688800662,empirical,0.0023510742187499993,9.482144910218755e-06,0.10342205323193954,0.00036679676246115223,0.0014596192591283675,0.0013366665801647479
T-L,SA,mc_learned_baseline,False,41,148,256928,37888,37888,151552,0,29600,128464,513856,262144,1.0291406250000004,1.026,1.0307864679385645,0.00058753343148088,7.5995636103379255e-06,public_state_tabular_independent_mc,0,0.07519036582363503,5.958150400081649,True,accepted_return_check_disabled,0.1,1,4.1417842664075374e-11,-0.0038828913280947123,100,5.0,0.0024490396848123232,empirical,0.013584692382812511,0.005524873209734706,0.027683906742322018,5.519287555195468e-05,0.0015380649674740065,0.0016161628686671193
T-L,SA,mc_learned_baseline,False,41,149,258664,38144,38144,152576,0,29800,129332,517328,262144,1.0382812500000003,1.0440000000000003,1.0311371022000975,0.00035063426153292276,3.3629432120655867e-06,public_state_tabular_independent_mc,0,0.07406602035049809,5.995532799977809,True,accepted_return_check_disabled,0.1,1,9.699901881454568e-11,-0.0006046395673797572,100,5.0,0.0009387367343042036,empirical,0.0016918945312500008,4.045915176768837e-05,0.1775666246009947,0.0004175206397282901,0.0006842537493164592,0.001187863872015694
T-L,SA,mc_learned_baseline,False,41,150,260400,38400,38400,153600,0,30000,130200,520800,262144,1.0148437500000003,1.035,1.0315223880754916,0.00038528587539410353,4.134485691319975e-06,public_state_tabular_independent_mc,0,0.07282447137549376,6.035026300000027,True,accepted_return_check_disabled,0.1,1,1.1240621541412617e-10,-0.0019296207604819295,100,5.0,0.001483364971829612,empirical,0.004987792968750009,3.663958569107276e-05,-0.023582002526643997,0.0003701606452098941,0.0008241396698683359,0.001213432733471625
T-L,SA,mc_learned_baseline,False,41,151,262136,38656,38656,154624,0,30200,131068,524272,262144,1.0197656250000002,1.0290000000000001,1.0320817689970143,0.0005593809215227452,7.380163653729962e-06,public_state_tabular_independent_mc,0,0.07116789819034805,6.075813699979335,True,accepted_return_check_disabled,0.1,1,1.4847985561616822e-10,-0.0044829712663214125,100,5.0,0.0023337363698183364,empirical,0.014625109376935546,0.005356749134007015,0.014582507919257193,5.059626634195763e-05,0.0014871080002755556,0.0015089032277949355
T-L,DA,mc_learned_baseline,False,41,1,712,256,256,0,0,200,356,1424,262144,0.39515625,0.4799999999999999,0.4093360902008039,0.0903220902008039,0.005189719139754391,public_state_tabular_independent_mc,0,0.5856048442801132,0.011801699991337955,True,accepted_return_check_disabled,0.1,1,,,,,,,0.41503414652999293,0.17016350747477604,0.018645491579012186,,,
T-L,DA,mc_learned_baseline,False,41,2,1424,512,512,0,0,400,712,2848,262144,0.37359375000000006,0.4428,0.4955559474436639,0.08621985724285997,0.004522903597141042,public_state_tabular_independent_mc,0,0.5405994984488167,0.020911999978125095,True,accepted_return_check_disabled,0.1,1,,,,,,,0.418914348173287,0.18553059513174636,-0.03729003015180199,,,
T-L,DA,mc_learned_baseline,False,41,3,2136,768,768,0,0,600,1068,4272,262144,0.44671874999999994,0.39959999999999996,0.5752967110272706,0.07974076358360677,0.0038960606811070126,public_state_tabular_independent_mc,0,0.49299771549430516,0.03141479997429997,True,accepted_return_check_disabled,0.1,1,,,,,,,0.39639619423296824,0.1677786518125342,-0.0007052119875710083,,,
T-L,DA,mc_learned_baseline,False,41,4,2848,1024,1024,0,0,800,1424,5696,262144,0.5650781250000001,0.5267999999999998,0.6471555075342915,0.07185879650702087,0.0033241188788223235,public_state_tabular_independent_mc,0,0.44491032075262404,0.042084600077942014,True,accepted_return_check_disabled,0.1,1,,,,,,,0.36635101308622053,0.1473616394856565,0.03631006751021404,,,
T-L,DA,mc_learned_baseline,False,41,5,3560,1280,1280,0,0,1000,1780,7120,262144,0.6712500000000001,0.7092,0.7105716978484709,0.06341619031417933,0.002814277284204761,public_state_tabular_independent_mc,0,0.39795643812471565,0.051873099990189075,True,accepted_return_check_disabled,0.1,1,,,,,,,0.29615283595992103,0.1266112480999534,0.0036065388734358717,,,
T-L,DA,mc_learned_baseline,False,41,6,4272,1536,1536,0,0,1200,2136,8544,262144,0.7024218750000002,0.6918,0.7656177269713051,0.055046029122834295,0.002367962308173744,public_state_tabular_independent_mc,0,0.35328142369472726,0.06350350007414818,True,accepted_return_check_disabled,0.1,1,,,,,,,0.29500060692148755,0.12074356095501962,0.011305072748393541,,,
T-L,DA,mc_learned_baseline,False,41,7,4984,1792,1792,0,0,1400,2492,9968,262144,0.7891406250000002,0.7644,0.8127839713166315,0.04716624434532635,0.0019827205185437282,public_state_tabular_independent_mc,0,0.3116206169624106,0.07395360001828521,True,accepted_return_check_disabled,0.1,1,,,,,,,0.23494337571498325,0.10403043706826676,-0.004513715906556026,,,
T-L,DA,mc_learned_baseline,False,41,8,5696,2048,2048,0,0,1600,2848,11392,262144,0.8371875000000002,0.8553000000000001,0.8527968261152508,0.04001285479861927,0.0016538020051502056,public_state_tabular_independent_mc,0,0.27338072194939067,0.08317650004755706,True,accepted_return_check_disabled,0.1,1,,,,,,,0.2004051661738643,0.08792249154265802,-0.009600059802665983,,,
T-L,DA,mc_learned_baseline,False,41,9,6408,2304,2304,0,0,1800,3204,12816,262144,0.8889843750000003,0.8199000000000001,0.8864832641484969,0.03368643803324611,0.0013753182593343903,public_state_tabular_independent_mc,0,0.23872094091744483,0.09277840005233884,True,accepted_return_check_disabled,0.1,1,,,,,,,0.1526978995533801,0.06146927357393181,0.018063297486790586,,,
T-L,DA,mc_learned_baseline,False,41,10,7120,2560,2560,0,0,2000,3560,14240,262144,0.8817187500000003,0.9528,0.9146801891863072,0.02819692503781035,0.0011410539130615952,public_state_tabular_independent_mc,0,0.20762413459493287,0.10357909998856485,True,accepted_return_check_disabled,0.1,1,,,,,,,0.1634100209052433,0.07267102174143991,0.0006990437243739045,,,
T-L,DA,mc_learned_baseline,False,41,11,7832,2816,2816,0,0,2200,3916,15664,262144,0.9534375000000003,0.8943000000000001,0.9381797278894012,0.02349953870309396,0.0009449640029947396,public_state_tabular_independent_mc,0,0.17995463774195497,0.11279350006952882,True,accepted_return_check_disabled,0.1,1,,,,,,,0.09289692569750661,0.04132683706574472,0.005082710520472822,,,
T-L,DA,mc_learned_baseline,False,41,12,8544,3072,3072,0,0,2400,4272,17088,262144,0.9602343750000003,0.9705000000000001,0.9577008839631046,0.019521156073703416,0.0007814631664676969,public_state_tabular_independent_mc,0,0.1555026188899569,0.12438749999273568,True,accepted_return_check_disabled,0.1,1,,,,,,,0.08121846899145849,0.035821761695220805,0.0018359848985849414,,,
T-L,DA,mc_learned_baseline,False,41,13,9256,3328,3328,0,0,2600,4628,18512,262144,0.9419531250000002,0.9561,0.9738778423215516,0.016176958358447013,0.0006455348526979677,public_state_tabular_independent_mc,0,0.1340170115632777,0.13496020005550236,True,accepted_return_check_disabled,0.1,1,,,,,,,0.104493387568307,0.04558647748943114,0.00162532259569792,,,
T-L,DA,mc_learned_baseline,False,41,14,9968,3584,3584,0,0,2800,4984,19936,262144,0.9785156250000002,1.0116,0.9864698052006838,0.012591962879132224,0.0005125820624020208,public_state_tabular_independent_mc,0,0.11578945381407725,0.14861010003369302,True,accepted_return_check_disabled,0.1,1,,,,,,,0.05988775375668544,0.02647607617791832,0.00486388626753087,,,
T-L,DA,mc_learned_baseline,False,41,15,10680,3840,3840,0,0,3000,5340,21360,262144,0.9825000000000003,0.9852000000000001,0.9977674077531306,0.011297602552446717,0.000442317800093085,public_state_tabular_independent_mc,0,0.09927462292068719,0.15790880005806684,True,accepted_return_check_disabled,0.1,1,,,,,,,0.06549126768476557,0.027772890527932536,0.0031741373532860884,,,
T-L,DA,mc_learned_baseline,False,41,16,11392,4096,4096,0,0,3200,5696,22784,262144,0.9651562500000003,1.0176,1.0070590294004886,0.009291621647358084,0.00036421119367199226,public_state_tabular_independent_mc,0,0.08496328348638282,0.16761720005888492,True,accepted_return_check_disabled,0.1,1,,,,,,,0.09237953563747589,0.04077870810442996,-0.0013378132635053497,,,
T-L,DA,mc_learned_baseline,False,41,17,12104,4352,4352,0,0,3400,6052,24208,262144,1.0132031250000004,1.0293,1.0143878999562228,0.007328870555734168,0.00029193908920558716,public_state_tabular_independent_mc,0,0.07284137499856204,0.1769451000727713,True,accepted_return_check_disabled,0.1,1,,,,,,,0.036156303460301346,0.01585485506025477,0.013201341192620175,,,
T-L,DA,mc_learned_baseline,False,41,18,12816,4608,4608,0,0,3600,6408,25632,262144,1.0246875000000002,1.0236,1.0207655233911939,0.006377623434971058,0.0002478965545207936,public_state_tabular_independent_mc,0,0.062115545673680876,0.1872164000524208,True,accepted_return_check_disabled,0.1,1,,,,,,,0.025045828966883833,0.010983734595251348,-0.00451959391415957,,,
T-L,DA,mc_learned_baseline,False,41,19,13528,4864,4864,0,0,3800,6764,27056,262144,1.0132031250000004,1.0470000000000002,1.0258190953577648,0.005053571966570969,0.0001993910802751883,public_state_tabular_independent_mc,0,0.05304631889882414,0.19740559998899698,True,accepted_return_check_disabled,0.1,1,,,,,,,0.036099360952148454,0.01577198196650078,0.013410766180158018,,,
T-L,DA,mc_learned_baseline,False,41,20,14240,5120,5120,0,0,4000,7120,28480,262144,1.0361718750000004,1.05,1.029611163283326,0.0037920679255611933,0.00018437009783492682,public_state_tabular_independent_mc,1,0.04553535483200992,0.2065837000263855,True,accepted_return_check_disabled,0.1,1,,,,,,,0.012563290452957156,0.0053451732260119044,0.04052371479414929,,,
T-L,DA,mc_learned_baseline,False,41,21,14952,5376,5376,0,0,4200,7476,29904,262144,1.0178906250000002,1.0176,1.0331667457792668,0.00355558249594079,0.000135761990307959,public_state_tabular_independent_mc,0,0.03875333822520309,0.21627920004539192,True,accepted_return_check_disabled,0.1,1,,,,,,,0.03641008300781252,0.016276366357533992,0.01610684709396637,,,
T-L,DA,mc_learned_baseline,False,41,22,15664,5632,5632,0,0,4400,7832,31328,262144,1.0385156250000003,1.044,1.036111655192746,0.0029449094134792464,0.00011193024510497857,public_state_tabular_independent_mc,0,0.03293627317482906,0.22775810002349317,True,accepted_return_check_disabled,0.1,1,,,,,,,0.012793601647535298,0.005837871135716944,0.04546085811006051,,,
T-L,DA,mc_learned_baseline,False,41,23,16376,5888,5888,0,0,4600,8188,32752,262144,1.0476562500000002,1.0236,1.038547351337936,0.002435696145189903,9.222571089849601e-05,public_state_tabular_independent_mc,0,0.027957999401474833,0.2379004000686109,True,accepted_return_check_disabled,0.1,1,,,,,,,0.0007727479242203184,0.0002675955375500708,0.6176372866072981,,,
T-L,DA,mc_learned_baseline,False,41,24,17088,6144,6144,0,0,4800,8544,34176,262144,1.0291406250000004,1.0266000000000002,1.0392909797964318,0.0007436284584958486,5.052156352739584e-05,public_state_tabular_independent_mc,0,0.025240807747194508,0.2488456000573933,True,accepted_return_check_disabled,0.1,1,,,,,,,0.016326879882812503,0.004996395556334555,0.023101293368464337,,,
T-L,DA,mc_learned_baseline,False,41,25,17800,6400,6400,0,0,5000,8900,35600,262144,1.0317187500000002,1.0323,1.0390671652147923,-0.0002238145816395587,0.00027444635963627044,public_state_tabular_independent_mc,1,0.030168054703681692,0.2598329000174999,True,accepted_return_check_disabled,0.1,1,,,,,,,0.02389765625000001,0.010789548429856327,0.027923612577025025,,,
T-L,DA,mc_learned_baseline,False,41,26,18512,6656,6656,0,0,5200,9256,37024,262144,1.0385156250000003,1.05,1.0409862994532422,0.0019191342384499155,8.408769782836673e-05,public_state_tabular_independent_mc,0,0.025600407615206114,0.2691738000139594,True,accepted_return_check_disabled,0.1,1,,,,,,,0.012257543945312506,0.0053963518156130656,0.04613788692347853,,,
T-L,DA,mc_learned_baseline,False,41,27,19224,6912,6912,0,0,5400,9612,38448,262144,1.0385156250000003,1.05,1.042571754163889,0.0015854547106468608,6.926149429090145e-05,public_state_tabular_independent_mc,0,0.02170036813378918,0.2799230000237003,True,accepted_return_check_disabled,0.1,1,,,,,,,0.012276220703125004,0.00540325845075424,0.04633854874917831,,,
T-L,DA,mc_learned_baseline,False,41,28,19936,7168,7168,0,0,5600,9968,39872,262144,1.0385156250000003,1.044,1.0438805108214382,0.0013087566575491483,5.703439336740514e-05,public_state_tabular_independent_mc,0,0.018375836787665818,0.29052619996946305,True,accepted_return_check_disabled,0.1,1,,,,,,,0.012276220703125004,0.005391745377546932,0.04633854874917842,,,
T-L,DA,mc_learned_baseline,False,41,29,20648,7424,7424,0,0,5800,10324,41296,262144,1.0385156250000003,1.05,1.0447993052607696,0.0009187944393314051,5.474037723209983e-05,public_state_tabular_independent_mc,1,0.015662249230731992,0.30001650005578995,True,accepted_return_check_disabled,0.1,1,,,,,,,0.012302832031250006,0.005421778760206095,0.04629928233536862,,,
T-L,DA,mc_learned_baseline,False,41,30,21360,7680,7680,0,0,6000,10680,42720,262144,1.0500000000000003,1.05,1.045197961154071,0.0003986558933013473,2.7891355188053422e-05,public_state_tabular_independent_mc,0,0.013952992354623873,0.3102428000420332,True,accepted_return_check_disabled,0.1,1,,,,,,,2.7465820312496886e-06,5.340438831444732e-06,0.9978027343750002,,,
T-L,DA,mc_learned_baseline,False,41,31,22072,7936,7936,0,0,6200,11036,44144,262144,1.0476562500000002,1.05,1.0455273955170625,0.00032943436299159856,2.3090962034649284e-05,public_state_tabular_independent_mc,0,0.012497165135861866,0.3222198999719694,True,accepted_return_check_disabled,0.1,1,,,,,,,0.00034881591796874983,6.508017274145031e-05,0.619443982020976,,,
T-L,DA,mc_learned_baseline,False,41,32,22784,8192,8192,0,0,6400,11392,45568,262144,1.0476562500000002,1.0470000000000002,1.045674622149655,0.00014722663259236768,2.4910702887476433e-05,public_state_tabular_independent_mc,1,0.011342695226163697,0.3312560999765992,True,accepted_return_check_disabled,0.1,1,,,,,,,0.00035400390625000064,8.548665931243025e-05,0.6155422840019974,,,
T-L,DA,mc_learned_baseline,False,41,33,23496,8448,8448,0,0,6600,11748,46992,262144,1.0500000000000003,1.0383000000000002,1.0464388976003518,0.0007642754506969052,2.61868899165714e-05,public_state_tabular_independent_mc,1,0.009570922482516654,0.34299550007563084,True,accepted_return_check_disabled,0.1,1,,,,,,,9.335021972656141e-05,5.380514728087465e-05,0.99958740234375,,,
T-L,DA,mc_learned_baseline,False,41,34,24208,8704,8704,0,0,6800,12104,48416,262144,1.0500000000000003,1.0353,1.0464388976003463,-5.551115123125783e-15,5.3686081217855336e-17,public_state_tabular_independent_mc,1,0.009570922482540609,0.3534425999969244,True,accepted_return_check_disabled,0.1,1,,,,,,,2.465190328815662e-32,4.265655207944287e-06,1.0,,,
T-L,DA,mc_learned_baseline,False,41,35,24920,8960,8960,0,0,7000,12460,49840,262144,1.0500000000000003,1.0323,1.046438897600341,-5.329070518200751e-15,5.368608120128137e-17,public_state_tabular_independent_mc,1,0.009570922482564586,0.36313140008132905,True,accepted_return_check_disabled,0.1,1,,,,,,,2.465190328815662e-32,4.265655207950623e-06,1.0,,,
T-L,DA,mc_learned_baseline,False,41,36,25632,9216,9216,0,0,7200,12816,51264,262144,1.0476562500000002,1.05,1.0465295238834136,9.062628307265896e-05,1.809206280412227e-05,public_state_tabular_independent_mc,1,0.008737323461134101,0.37394060008227825,True,accepted_return_check_disabled,0.1,1,,,,,,,0.00035400390625000064,0.00015797523124852798,0.6155422840019975,,,
T-L,DA,mc_learned_baseline,False,41,37,26344,9472,9472,0,0,7400,13172,52688,262144,1.0500000000000003,1.0353,1.0471430656194867,0.0006135417360730866,1.9263334102303496e-05,public_state_tabular_independent_mc,1,0.007364392319859293,0.3843250999925658,True,accepted_return_check_disabled,0.1,1,,,,,,,9.335021972656141e-05,6.060604751735681e-05,0.99958740234375,,,
T-L,DA,mc_learned_baseline,False,41,38,27056,9728,9728,0,0,7600,13528,54112,262144,1.0361718750000004,1.0383000000000002,1.0475532382594803,0.0004101726399936556,2.0349173677727437e-05,public_state_tabular_independent_mc,1,0.006250318167449391,0.39678660000208765,True,accepted_return_check_disabled,0.1,1,,,,,,,0.012656835937500006,0.00594019044443653,0.04087331186324672,,,
T-L,DA,mc_learned_baseline,False,41,39,27768,9984,9984,0,0,7800,13884,55536,262144,1.0500000000000003,1.05,1.047985758813248,0.00043252055376763465,1.3019237379066163e-05,public_state_tabular_independent_mc,1,0.0052619131966883245,0.4071915000677109,True,accepted_return_check_disabled,0.1,1,,,,,,,9.335021972656141e-05,6.94564402439804e-05,0.99958740234375,,,
T-L,DA,mc_learned_baseline,False,41,40,28480,10240,10240,0,0,8000,14240,56960,262144,1.0476562500000002,1.05,1.0480252047312812,3.944591803328734e-05,9.482338465594116e-06,public_state_tabular_independent_mc,1,0.004826026562309325,0.42158930003643036,True,accepted_return_check_disabled,0.1,1,,,,,,,0.00035400390625000064,0.0005301916817432538,0.6155422840019977,,,
T-L,DA,mc_learned_baseline,False,41,41,29192,10496,10496,0,0,8200,14596,58384,262144,1.0500000000000003,1.05,1.04802520473128,-1.3322676295501878e-15,-2.320872093904344e-19,public_state_tabular_independent_mc,1,0.004826026562313204,0.4352723000338301,True,accepted_return_check_disabled,0.1,1,,,,,,,2.465190328815662e-32,1.3183593349117255e-06,1.0,,,
T-L,DA,mc_learned_baseline,False,41,42,29904,10752,10752,0,0,8400,14952,59808,262144,1.0500000000000003,1.05,1.048134719770578,0.00010951503929801376,4.696010806274749e-06,public_state_tabular_independent_mc,0,0.00442886323583894,0.4503402999835089,True,accepted_return_check_disabled,0.1,1,,,,,,,2.7465820312496886e-06,2.596463753953947e-06,0.9978027343750002,,,
T-L,DA,mc_learned_baseline,False,41,43,30616,11008,11008,0,0,8600,15308,61232,262144,1.0500000000000003,1.0383000000000002,1.048134719770577,-8.881784197001252e-16,-1.5721464931415813e-19,public_state_tabular_independent_mc,1,0.004428863235841918,0.46324359998106956,True,accepted_return_check_disabled,0.1,1,,,,,,,2.465190328815662e-32,1.2557394099074832e-06,1.0,,,
T-L,DA,mc_learned_baseline,False,41,44,31328,11264,11264,0,0,8800,15664,62656,262144,1.0500000000000003,1.05,1.0481347197705762,-8.881784197001252e-16,-1.572146498648557e-19,public_state_tabular_independent_mc,1,0.004428863235844895,0.47449749999213964,True,accepted_return_check_disabled,0.1,1,,,,,,,2.465190328815662e-32,1.2557394099079425e-06,1.0,,,
T-L,DA,mc_learned_baseline,False,41,45,32040,11520,11520,0,0,9000,16020,64080,262144,1.0500000000000003,1.05,1.0481347197705753,-8.881784197001252e-16,-1.5721465041550137e-19,public_state_tabular_independent_mc,1,0.004428863235847872,0.4871434000087902,True,accepted_return_check_disabled,0.1,1,,,,,,,2.465190328815662e-32,1.2557394099084018e-06,1.0,,,
T-L,DA,mc_learned_baseline,False,41,46,32752,11776,11776,0,0,9200,16376,65504,262144,1.0408593750000001,1.05,1.0480845932124438,-5.0126558131413645e-05,3.0609032687674986e-05,public_state_tabular_independent_mc,1,0.005094396306003426,0.49951530003454536,True,accepted_return_check_disabled,0.1,1,,,,,,,0.011948828125000005,0.005353247391191465,0.05200576133645429,,,
T-L,DA,mc_learned_baseline,False,41,47,33464,12032,12032,0,0,9400,16732,66928,262144,1.0408593750000001,1.0383000000000002,1.0478305613113308,-0.00025403190111306095,4.4105958618308714e-05,public_state_tabular_independent_mc,1,0.0063068003097465145,0.5109267000807449,True,accepted_return_check_disabled,0.1,1,,,,,,,0.011948828125000005,0.0053557210865412255,0.05200576133645418,,,
T-L,DA,mc_learned_baseline,False,41,48,34176,12288,12288,0,0,9600,17088,68352,262144,1.0500000000000003,1.05,1.0478305613113261,-4.6629367034256575e-15,-2.029970453096349e-18,public_state_tabular_independent_mc,1,0.006306800309761624,0.5237311000237241,True,accepted_return_check_disabled,0.1,1,,,,,,,2.465190328815662e-32,1.3039749146834306e-06,1.0,,,
T-L,DA,mc_learned_baseline,False,41,49,34888,12544,12544,0,0,9800,17444,69776,262144,1.0500000000000003,1.05,1.048213938086594,0.00038337677526789626,1.296054961873707e-05,public_state_tabular_independent_mc,0,0.005307518504701379,0.5329502000240609,True,accepted_return_check_disabled,0.1,1,,,,,,,0.00011833553935051878,9.482593310221557e-05,0.9993768441101337,,,
T-L,DA,mc_learned_baseline,False,41,50,35600,12800,12800,0,0,10000,17800,71200,262144,1.0500000000000003,1.0383000000000002,1.048213938086591,-3.1086244689504383e-15,5.722037402358583e-17,public_state_tabular_independent_mc,1,0.005307518504711864,0.5431126999901608,True,accepted_return_check_disabled,0.1,1,,,,,,,2.465190328815662e-32,8.838147880399548e-07,1.0,,,
T-L,DA,mc_learned_baseline,False,41,51,36312,13056,13056,0,0,10200,18156,72624,262144,1.0500000000000003,1.0353,1.0482139380865878,-3.1086244689504383e-15,5.72203740195396e-17,public_state_tabular_independent_mc,1,0.00530751850472235,0.5530135000590235,True,accepted_return_check_disabled,0.1,1,,,,,,,2.465190328815662e-32,8.838147880431721e-07,1.0,,,
T-L,DA,mc_learned_baseline,False,41,52,37024,13312,13312,0,0,10400,18512,74048,262144,1.0500000000000003,1.0353,1.0483958181499602,0.00018188006337238605,7.848885847303731e-06,public_state_tabular_independent_mc,0,0.00468728093767139,0.5618762000231072,True,accepted_return_check_disabled,0.1,1,,,,,,,2.7465820312496886e-06,1.2047000618159784e-06,0.9978027343750002,,,
T-L,DA,mc_learned_baseline,False,41,53,37736,13568,13568,0,0,10600,18868,75472,262144,1.0500000000000003,1.05,1.0485468533409334,0.0001510351909732588,6.569555596584285e-06,public_state_tabular_independent_mc,0,0.00415968421975573,0.5726573000429198,True,accepted_return_check_disabled,0.1,1,,,,,,,9.560852050780748e-05,8.4524085547981e-05,0.9235131835937541,,,
T-L,DA,mc_learned_baseline,False,41,54,38448,13824,13824,0,0,10800,19224,76896,262144,1.0500000000000003,1.05,1.048669748060066,0.00012289471913251582,5.274695787479354e-06,public_state_tabular_independent_mc,0,0.0037201843857050856,0.5828542000381276,True,accepted_return_check_disabled,0.1,1,,,,,,,2.7465820312496886e-06,1.6958311858709568e-06,0.9978027343750002,,,
T-L,DA,mc_learned_baseline,False,41,55,39160,14080,14080,0,0,11000,19580,78320,262144,1.0500000000000003,1.05,1.048669748060065,-8.881784197001252e-16,5.820100907301534e-17,public_state_tabular_independent_mc,1,0.0037201843857085147,0.592080199974589,True,accepted_return_check_disabled,0.1,1,,,,,,,2.465190328815662e-32,5.159492634716795e-07,1.0,,,
T-L,DA,mc_learned_baseline,False,41,56,39872,14336,14336,0,0,11200,19936,79744,262144,1.0500000000000003,1.05,1.0486697480600642,-8.881784197001252e-16,5.820100907234553e-17,public_state_tabular_independent_mc,1,0.0037201843857119434,0.6017094000708312,True,accepted_return_check_disabled,0.1,1,,,,,,,2.465190328815662e-32,5.15949263472194e-07,1.0,,,
T-L,DA,mc_learned_baseline,False,41,57,40584,14592,14592,0,0,11400,20292,81168,262144,1.0500000000000003,1.05,1.0487708604809136,0.00010111242084942518,4.325095837606792e-06,public_state_tabular_independent_mc,0,0.003350247511908729,0.6180367000633851,True,accepted_return_check_disabled,0.1,1,,,,,,,2.7465820312496886e-06,1.9051391625776129e-06,0.9978027343750002,,,
T-L,DA,mc_learned_baseline,False,41,58,41296,14848,14848,0,0,11600,20648,82592,262144,1.0500000000000003,1.05,1.0487708604809127,-8.881784197001252e-16,5.829524209260607e-17,public_state_tabular_independent_mc,1,0.0033502475119112345,0.6311958000296727,True,accepted_return_check_disabled,0.1,1,,,,,,,2.465190328815662e-32,4.625014637011717e-07,1.0,,,
T-L,DA,mc_learned_baseline,False,41,59,42008,15104,15104,0,0,11800,21004,84016,262144,1.0500000000000003,1.05,1.0487708604809123,-4.440892098500626e-16,5.829524209219203e-17,public_state_tabular_independent_mc,1,0.00335024751191374,0.6418625999940559,True,accepted_return_check_disabled,0.1,1,,,,,,,2.465190328815662e-32,4.6250146370159626e-07,1.0,,,
T-L,DA,mc_learned_baseline,False,41,60,42720,15360,15360,0,0,12000,21360,85440,262144,1.0500000000000003,1.05,1.0487708604809114,-8.881784197001252e-16,5.829524209177798e-17,public_state_tabular_independent_mc,1,0.0033502475119162453,0.6525983000174165,True,accepted_return_check_disabled,0.1,1,,,,,,,2.465190328815662e-32,4.625014637018086e-07,1.0,,,
T-L,DA,mc_learned_baseline,False,41,61,43432,15616,15616,0,0,12200,21716,86864,262144,1.0500000000000003,1.05,1.0487708604809107,-6.661338147750939e-16,5.829524209136399e-17,public_state_tabular_independent_mc,1,0.0033502475119187502,0.6623896000673994,True,accepted_return_check_disabled,0.1,1,,,,,,,2.465190328815662e-32,4.6250146370223317e-07,1.0,,,
T-L,DA,mc_learned_baseline,False,41,62,44144,15872,15872,0,0,12400,22072,88288,262144,1.0500000000000003,1.05,1.0487708604809103,-4.440892098500626e-16,5.829524209094998e-17,public_state_tabular_independent_mc,1,0.003350247511921255,0.6722953000571579,True,accepted_return_check_disabled,0.1,1,,,,,,,2.465190328815662e-32,4.6250146370255155e-07,1.0,,,
T-L,DA,mc_learned_baseline,False,41,63,44856,16128,16128,0,0,12600,22428,89712,262144,1.0500000000000003,1.05,1.0487708604809094,-8.881784197001252e-16,5.829524209053594e-17,public_state_tabular_independent_mc,1,0.003350247511923761,0.6827394000720233,True,accepted_return_check_disabled,0.1,1,,,,,,,2.465190328815662e-32,4.625014637027639e-07,1.0,,,
T-L,DA,mc_learned_baseline,False,41,64,45568,16384,16384,0,0,12800,22784,91136,262144,1.0408593750000001,1.05,1.0486367421160887,-0.00013411836482069006,2.6479245955599432e-05,public_state_tabular_independent_mc,1,0.0040927044151897055,0.6935837999917567,True,accepted_return_check_disabled,0.1,1,,,,,,,0.011948828125000005,0.005352097725057284,0.052005761336454515,,,
T-L,DA,mc_learned_baseline,False,41,65,46280,16640,16640,0,0,13000,23140,92560,262144,1.0500000000000003,1.05,1.048636742116087,-1.7763568394002505e-15,-4.384942542701905e-19,public_state_tabular_independent_mc,1,0.0040927044151954075,0.7041164999827743,True,accepted_return_check_disabled,0.1,1,,,,,,,2.465190328815662e-32,5.134563894043752e-07,1.0,,,
T-L,DA,mc_learned_baseline,False,41,66,46992,16896,16896,0,0,13200,23496,93984,262144,1.0500000000000003,1.05,1.0486367421160856,-1.3322676295501878e-15,-4.384942557996465e-19,public_state_tabular_independent_mc,1,0.004092704415201109,0.716526500065811,True,accepted_return_check_disabled,0.1,1,,,,,,,2.465190328815662e-32,5.134563894056996e-07,1.0,,,
T-L,DA,mc_learned_baseline,False,41,67,47704,17152,17152,0,0,13400,23852,95408,262144,1.0500000000000003,1.05,1.0486367421160838,-1.7763568394002505e-15,-4.384942573291025e-19,public_state_tabular_independent_mc,1,0.00409270441520681,0.7280798000283539,True,accepted_return_check_disabled,0.1,1,,,,,,,2.465190328815662e-32,5.134563894066927e-07,1.0,,,
T-L,DA,mc_learned_baseline,False,41,68,48416,17408,17408,0,0,13600,24208,96832,262144,1.0500000000000003,1.05,1.0486367421160823,-1.5543122344752192e-15,-4.384942588586622e-19,public_state_tabular_independent_mc,1,0.004092704415212511,0.7400444999802858,True,accepted_return_check_disabled,0.1,1,,,,,,,2.465190328815662e-32,5.134563894080171e-07,1.0,,,
T-L,DA,mc_learned_baseline,False,41,69,49128,17664,17664,0,0,13800,24564,98256,262144,1.0500000000000003,1.05,1.0486367421160805,-1.7763568394002505e-15,-4.384942603881182e-19,public_state_tabular_independent_mc,1,0.004092704415218213,0.7563984000589699,True,accepted_return_check_disabled,0.1,1,,,,,,,2.465190328815662e-32,5.134563894091757e-07,1.0,,,
T-L,DA,mc_learned_baseline,False,41,70,49840,17920,17920,0,0,14000,24920,99680,262144,1.0500000000000003,1.05,1.048636742116079,-1.5543122344752192e-15,-4.384942619175742e-19,public_state_tabular_independent_mc,1,0.004092704415223914,0.765884599997662,True,accepted_return_check_disabled,0.1,1,,,,,,,2.465190328815662e-32,5.134563894104999e-07,1.0,,,
T-L,DA,mc_learned_baseline,False,41,71,50552,18176,18176,0,0,14200,25276,101104,262144,1.0500000000000003,1.05,1.0487686476416667,0.00013190552558772772,5.730503110882272e-06,public_state_tabular_independent_mc,0,0.0036243560245006893,0.7916598999872804,True,accepted_return_check_disabled,0.1,1,,,,,,,6.594543457030985e-05,5.7897555477303225e-05,0.9472436523437522,,,
T-L,DA,mc_learned_baseline,False,41,72,51264,18432,18432,0,0,14400,25632,102528,262144,1.0476562500000002,1.05,1.0488046524812535,3.600483958687839e-05,8.049918425020275e-06,public_state_tabular_independent_mc,1,0.003257043451867479,0.8281912000384182,True,accepted_return_check_disabled,0.1,1,,,,,,,0.00035400390625000064,0.0009109211507437623,0.6155422840019975,,,
T-L,DA,mc_learned_baseline,False,41,73,51976,18688,18688,0,0,14600,25988,103952,262144,1.0385156250000003,1.05,1.0489468458103255,0.00014219332907194904,5.140857450231511e-06,public_state_tabular_independent_mc,1,0.002903988424638207,0.84902109997347,True,accepted_return_check_disabled,0.1,1,,,,,,,0.015298925781250004,0.003186480384269637,0.02175456995313918,,,
T-L,DA,mc_learned_baseline,False,41,74,52688,18944,18944,0,0,14800,26344,105376,262144,1.0500000000000003,1.05,1.0489468458103248,-6.661338147750939e-16,-8.366812081363703e-20,public_state_tabular_independent_mc,1,0.0029039884246402554,0.866761100012809,True,accepted_return_check_disabled,0.1,1,,,,,,,2.465190328815662e-32,3.3036342069807984e-07,1.0,,,
T-L,DA,mc_learned_baseline,False,41,75,53400,19200,19200,0,0,15000,26700,106800,262144,1.0500000000000003,1.05,1.0489468458103244,-4.440892098500626e-16,-8.366812111880165e-20,public_state_tabular_independent_mc,1,0.0029039884246423032,0.8766075000166893,True,accepted_return_check_disabled,0.1,1,,,,,,,2.465190328815662e-32,3.303634206983699e-07,1.0,,,
T-L,DA,mc_learned_baseline,False,41,76,54112,19456,19456,0,0,15200,27056,108224,262144,1.0500000000000003,1.05,1.0489468458103237,-6.661338147750939e-16,-8.366812142396626e-20,public_state_tabular_independent_mc,1,0.002903988424644352,0.886189499986358,True,accepted_return_check_disabled,0.1,1,,,,,,,2.465190328815662e-32,3.3036342069856323e-07,1.0,,,
T-L,DA,mc_learned_baseline,False,41,77,54824,19712,19712,0,0,15400,27412,109648,262144,1.0500000000000003,1.05,1.048946845810323,-6.661338147750939e-16,-8.366812172913087e-20,public_state_tabular_independent_mc,1,0.0029039884246464,0.8971315000671893,True,accepted_return_check_disabled,0.1,1,,,,,,,2.465190328815662e-32,3.3036342069885323e-07,1.0,,,
T-L,DA,mc_learned_baseline,False,41,78,55536,19968,19968,0,0,15600,27768,111072,262144,1.0408593750000001,1.05,1.048812977657479,-0.00013386815284399667,2.285998095932305e-05,public_state_tabular_independent_mc,1,0.0035730428220443053,0.9075465999776497,True,accepted_return_check_disabled,0.1,1,,,,,,,0.011948828125000005,0.005351575570999979,0.052005761336454404,,,
T-L,DA,mc_learned_baseline,False,41,79,56248,20224,20224,0,0,15800,28124,112496,262144,1.0500000000000003,1.05,1.0488129776574777,-1.3322676295501878e-15,5.812815850043848e-17,public_state_tabular_independent_mc,1,0.00357304282204868,0.917715199990198,True,accepted_return_check_disabled,0.1,1,,,,,,,2.465190328815662e-32,3.8982814122458033e-07,1.0,,,
T-L,DA,mc_learned_baseline,False,41,80,56960,20480,20480,0,0,16000,28480,113920,262144,1.0500000000000003,1.05,1.0488129776574764,-1.3322676295501878e-15,5.812815849944753e-17,public_state_tabular_independent_mc,1,0.0035730428220530556,0.9281006000237539,True,accepted_return_check_disabled,0.1,1,,,,,,,2.465190328815662e-32,3.898281412254849e-07,1.0,,,
T-L,DA,mc_learned_baseline,False,41,81,57672,20736,20736,0,0,16200,28836,115344,262144,1.0500000000000003,1.05,1.048812977657475,-1.3322676295501878e-15,5.812815849845668e-17,public_state_tabular_independent_mc,1,0.0035730428220574306,0.9407603000290692,True,accepted_return_check_disabled,0.1,1,,,,,,,2.465190328815662e-32,3.898281412263892e-07,1.0,,,
T-L,DA,mc_learned_baseline,False,41,82,58384,20992,20992,0,0,16400,29192,116768,262144,1.0500000000000003,1.05,1.0488129776574737,-1.3322676295501878e-15,5.812815849746572e-17,public_state_tabular_independent_mc,1,0.003573042822061806,0.9499091000761837,True,accepted_return_check_disabled,0.1,1,,,,,,,2.465190328815662e-32,3.898281412272938e-07,1.0,,,
T-L,DA,mc_learned_baseline,False,41,83,59096,21248,21248,0,0,16600,29548,118192,262144,1.0500000000000003,1.05,1.0488129776574726,-1.1102230246251565e-15,5.812815849647467e-17,public_state_tabular_independent_mc,1,0.00357304282206618,0.9608775000087917,True,accepted_return_check_disabled,0.1,1,,,,,,,2.465190328815662e-32,3.898281412281983e-07,1.0,,,
T-L,DA,mc_learned_baseline,False,41,84,59808,21504,21504,0,0,16800,29904,119616,262144,1.0500000000000003,1.05,1.0488129776574713,-1.3322676295501878e-15,5.812815849548381e-17,public_state_tabular_independent_mc,1,0.0035730428220705564,0.9724397000391036,True,accepted_return_check_disabled,0.1,1,,,,,,,2.465190328815662e-32,3.898281412289519e-07,1.0,,,
T-L,DA,mc_learned_baseline,False,41,85,60520,21760,21760,0,0,17000,30260,121040,262144,1.0500000000000003,1.05,1.04881297765747,-1.3322676295501878e-15,5.812815849449285e-17,public_state_tabular_independent_mc,1,0.0035730428220749314,0.9852815000340343,True,accepted_return_check_disabled,0.1,1,,,,,,,2.465190328815662e-32,3.8982814122985644e-07,1.0,,,
T-L,DA,mc_learned_baseline,False,41,86,61232,22016,22016,0,0,17200,30616,122464,262144,1.0500000000000003,1.05,1.0488129776574686,-1.3322676295501878e-15,5.8128158493502e-17,public_state_tabular_independent_mc,1,0.0035730428220793068,0.9950563000747934,True,accepted_return_check_disabled,0.1,1,,,,,,,2.465190328815662e-32,3.8982814123076097e-07,1.0,,,
T-L,DA,mc_learned_baseline,False,41,87,61944,22272,22272,0,0,17400,30972,123888,262144,1.0500000000000003,1.05,1.0488129776574675,-1.1102230246251565e-15,5.812815849251105e-17,public_state_tabular_independent_mc,1,0.003573042822083681,1.006486300029792,True,accepted_return_check_disabled,0.1,1,,,,,,,2.465190328815662e-32,3.898281412316654e-07,1.0,,,
T-L,DA,mc_learned_baseline,False,41,88,62656,22528,22528,0,0,17600,31328,125312,262144,1.0408593750000001,1.05,1.0490218135148213,0.00020883585735376187,6.691195448973825e-06,public_state_tabular_independent_mc,0,0.003006464709102142,1.0188062000088394,True,accepted_return_check_disabled,0.1,1,,,,,,,0.011909799194335937,0.00530703534909578,0.04890291196392427,,,
T-L,DA,mc_learned_baseline,False,41,89,63368,22784,22784,0,0,17800,31684,126736,262144,1.0500000000000003,1.05,1.0490218135148206,-6.661338147750939e-16,-1.571568748862436e-19,public_state_tabular_independent_mc,1,0.003006464709105126,1.0301668000174686,True,accepted_return_check_disabled,0.1,1,,,,,,,2.465190328815662e-32,2.647621477738649e-07,1.0,,,
T-L,DA,mc_learned_baseline,False,41,90,64080,23040,23040,0,0,18000,32040,128160,262144,1.0500000000000003,1.05,1.0490218135148197,-8.881784197001252e-16,-1.571568754200222e-19,public_state_tabular_independent_mc,1,0.0030064647091081107,1.0419747000560164,True,accepted_return_check_disabled,0.1,1,,,,,,,2.465190328815662e-32,2.647621477742381e-07,1.0,,,
T-L,DA,mc_learned_baseline,False,41,91,64792,23296,23296,0,0,18200,32396,129584,262144,1.0500000000000003,1.05,1.0490218135148188,-8.881784197001252e-16,-1.5715687595369697e-19,public_state_tabular_independent_mc,1,0.0030064647091110953,1.0532107000472024,True,accepted_return_check_disabled,0.1,1,,,,,,,2.465190328815662e-32,2.647621477747357e-07,1.0,,,
T-L,DA,mc_learned_baseline,False,41,92,65504,23552,23552,0,0,18400,32752,131008,262144,1.0500000000000003,1.0353,1.049021813514818,-8.881784197001252e-16,-1.5715687648747556e-19,public_state_tabular_independent_mc,1,0.00300646470911408,1.064006100059487,True,accepted_return_check_disabled,0.1,1,,,,,,,2.465190328815662e-32,2.6476214777523336e-07,1.0,,,
T-L,DA,mc_learned_baseline,False,41,93,66216,23808,23808,0,0,18600,33108,132432,262144,1.0500000000000003,1.05,1.049021813514817,-8.881784197001252e-16,-1.5715687702115034e-19,public_state_tabular_independent_mc,1,0.0030064647091170645,1.076613700017333,True,accepted_return_check_disabled,0.1,1,,,,,,,2.465190328815662e-32,2.6476214777573093e-07,1.0,,,
T-L,DA,mc_learned_baseline,False,41,94,66928,24064,24064,0,0,18800,33464,133856,262144,1.0500000000000003,1.05,1.0490218135148162,-8.881784197001252e-16,-1.5715687755492892e-19,public_state_tabular_independent_mc,1,0.0030064647091200486,1.0866247999947518,True,accepted_return_check_disabled,0.1,1,,,,,,,2.465190328815662e-32,2.6476214777622857e-07,1.0,,,
T-L,DA,mc_learned_baseline,False,41,95,67640,24320,24320,0,0,19000,33820,135280,262144,1.0500000000000003,1.05,1.0490218135148153,-8.881784197001252e-16,-1.571568780886037e-19,public_state_tabular_independent_mc,1,0.0030064647091230332,1.0989119000732899,True,accepted_return_check_disabled,0.1,1,,,,,,,2.465190328815662e-32,2.647621477767262e-07,1.0,,,
T-L,DA,mc_learned_baseline,False,41,96,68352,24576,24576,0,0,19200,34176,136704,262144,1.0476562500000002,1.05,1.0490554111660448,3.3597651229566594e-05,7.1178448511268805e-06,public_state_tabular_independent_mc,1,0.002678722922579851,1.1104742999887094,True,accepted_return_check_disabled,0.1,1,,,,,,,0.00035400390625000064,0.0010866624289694981,0.6155422840019974,,,
T-L,DA,mc_learned_baseline,False,41,97,69064,24832,24832,0,0,19400,34532,138128,262144,1.0500000000000003,1.05,1.049055411166044,-8.881784197001252e-16,-8.065031365006926e-20,public_state_tabular_independent_mc,1,0.002678722922581917,1.125870899995789,True,accepted_return_check_disabled,0.1,1,,,,,,,2.465190328815662e-32,2.4650303252927757e-07,1.0,,,
T-L,DA,mc_learned_baseline,False,41,98,69776,25088,25088,0,0,19600,34888,139552,262144,1.0500000000000003,1.05,1.0490554111660433,-6.661338147750939e-16,-8.065031393844463e-20,public_state_tabular_independent_mc,1,0.002678722922583982,1.1357022000011057,True,accepted_return_check_disabled,0.1,1,,,,,,,2.465190328815662e-32,2.4650303252974534e-07,1.0,,,
T-L,DA,mc_learned_baseline,False,41,99,70488,25344,25344,0,0,19800,35244,140976,262144,1.0500000000000003,1.05,1.0490554111660428,-4.440892098500626e-16,-8.065031422682e-20,public_state_tabular_independent_mc,1,0.002678722922586047,1.1483727999730036,True,accepted_return_check_disabled,0.1,1,,,,,,,2.465190328815662e-32,2.4650303253009617e-07,1.0,,,
T-L,DA,mc_learned_baseline,False,41,100,71200,25600,25600,0,0,20000,35600,142400,262144,1.0408593750000001,1.05,1.048835059259811,-0.00022035190623181933,2.3338356645480966e-05,public_state_tabular_independent_mc,1,0.003459150703997293,1.1596104999771342,True,accepted_return_check_disabled,0.1,1,,,,,,,0.011948828125000005,0.00535232617725132,0.052005761336454404,,,
T-L,DA,mc_learned_baseline,False,41,101,71912,25856,25856,0,0,20200,35956,143824,262144,1.0500000000000003,1.05,1.0488350592598092,-1.7763568394002505e-15,-3.3299268317574526e-19,public_state_tabular_independent_mc,1,0.0034591507040021966,1.1687861999962479,True,accepted_return_check_disabled,0.1,1,,,,,,,2.465190328815662e-32,4.101241423926269e-07,1.0,,,
T-L,DA,mc_learned_baseline,False,41,102,72624,26112,26112,0,0,20400,36312,145248,262144,1.0500000000000003,1.05,1.0488350592598077,-1.5543122344752192e-15,-3.3299268433184167e-19,public_state_tabular_independent_mc,1,0.0034591507040071003,1.1780517000006512,True,accepted_return_check_disabled,0.1,1,,,,,,,2.465190328815662e-32,4.101241423940856e-07,1.0,,,
T-L,DA,mc_learned_baseline,False,41,103,73336,26368,26368,0,0,20600,36668,146672,262144,1.0385156250000003,1.05,1.049037899757253,0.00020284049744523358,7.121412950544772e-06,public_state_tabular_independent_mc,1,0.0029935476121480146,1.1889519999967888,True,accepted_return_check_disabled,0.1,1,,,,,,,0.015298925781250004,0.0031307902345923846,0.02175456995313929,,,
T-L,DA,mc_learned_baseline,False,41,104,74048,26624,26624,0,0,20800,37024,148096,262144,1.0408593750000001,1.0470000000000002,1.0487531464056858,-0.0002847533515670797,2.9242903081206915e-05,public_state_tabular_independent_mc,1,0.004007150475584565,1.1979122000047937,True,accepted_return_check_disabled,0.1,1,,,,,,,0.011948828125000005,0.00535318199893211,0.052005761336454515,,,
T-L,DA,mc_learned_baseline,False,41,105,74760,26880,26880,0,0,21000,37380,149520,262144,1.0385156250000003,1.05,1.0489893966012627,0.00023625019557682592,8.787621675895425e-06,public_state_tabular_independent_mc,1,0.0034328327337129097,1.2078070000279695,True,accepted_return_check_disabled,0.1,1,,,,,,,0.015298925781250004,0.003250921397681801,0.021754569953138847,,,
T-L,DA,mc_learned_baseline,False,41,106,75472,27136,27136,0,0,21200,37736,150944,262144,1.0385156250000003,1.05,1.0491686676889793,0.00017927108771664813,6.609298298152896e-06,public_state_tabular_independent_mc,0,0.0028829427640931268,1.2184095999691635,True,accepted_return_check_disabled,0.1,1,,,,,,,0.012276220703125004,0.006203444419535423,0.04633854874917809,,,
T-L,DA,mc_learned_baseline,False,41,107,76184,27392,27392,0,0,21400,38092,152368,262144,1.0500000000000003,1.05,1.0491686676889782,-1.1102230246251565e-15,5.820422452842235e-17,public_state_tabular_independent_mc,1,0.0028829427640965494,1.2276850000489503,True,accepted_return_check_disabled,0.1,1,,,,,,,2.465190328815662e-32,2.1266077067528136e-07,1.0,,,
T-L,DA,mc_learned_baseline,False,41,108,76896,27648,27648,0,0,21600,38448,153792,262144,1.0500000000000003,1.05,1.0491686676889773,-8.881784197001252e-16,5.820422452776951e-17,public_state_tabular_independent_mc,1,0.002882942764099971,1.2400272000813857,True,accepted_return_check_disabled,0.1,1,,,,,,,2.465190328815662e-32,2.1266077067594618e-07,1.0,,,
T-L,DA,mc_learned_baseline,False,41,109,77608,27904,27904,0,0,21800,38804,155216,262144,1.0500000000000003,1.05,1.0491686676889762,-1.1102230246251565e-15,-2.1647978921425964e-19,public_state_tabular_independent_mc,1,0.0028829427641038825,1.2523089000023901,True,accepted_return_check_disabled,0.1,1,,,,,,,2.465190328815662e-32,2.1266077067647806e-07,1.0,,,
T-L,DA,mc_learned_baseline,False,41,110,78320,28160,28160,0,0,22000,39160,156640,262144,1.0476562500000002,1.05,1.0492039320441446,3.526435516842952e-05,7.816456543614251e-06,public_state_tabular_independent_mc,1,0.00252520499465246,1.2652719999896362,True,accepted_return_check_disabled,0.1,1,,,,,,,0.00035400390625000064,0.0009352927892789938,0.6155422840019975,,,
T-L,DA,mc_learned_baseline,False,41,111,79032,28416,28416,0,0,22200,39516,158064,262144,1.0500000000000003,1.05,1.049203932044144,-6.661338147750939e-16,5.828633922803601e-17,public_state_tabular_independent_mc,1,0.002525204994654999,1.2762449000729248,True,accepted_return_check_disabled,0.1,1,,,,,,,2.465190328815662e-32,1.9216595447680283e-07,1.0,,,
T-L,DA,mc_learned_baseline,False,41,112,79744,28672,28672,0,0,22400,39872,159488,262144,1.0500000000000003,1.05,1.049203932044143,-8.881784197001252e-16,5.828633922763111e-17,public_state_tabular_independent_mc,1,0.0025252049946575387,1.2887828000821173,True,accepted_return_check_disabled,0.1,1,,,,,,,2.465190328815662e-32,1.9216595447717815e-07,1.0,,,
T-L,DA,mc_learned_baseline,False,41,113,80456,28928,28928,0,0,22600,40228,160912,262144,1.0500000000000003,1.05,1.0492039320441424,-6.661338147750939e-16,5.828633922722619e-17,public_state_tabular_independent_mc,1,0.0025252049946600788,1.3043236000230536,True,accepted_return_check_disabled,0.1,1,,,,,,,2.465190328815662e-32,1.9216595447767872e-07,1.0,,,
T-L,DA,mc_learned_baseline,False,41,114,81168,29184,29184,0,0,22800,40584,162336,262144,1.0500000000000003,1.05,1.0492039320441415,-8.881784197001252e-16,5.828633922682128e-17,public_state_tabular_independent_mc,1,0.002525204994662618,1.3156539000337943,True,accepted_return_check_disabled,0.1,1,,,,,,,2.465190328815662e-32,1.921659544780541e-07,1.0,,,
T-L,DA,mc_learned_baseline,False,41,115,81880,29440,29440,0,0,23000,40940,163760,262144,1.0500000000000003,1.05,1.0492039320441409,-6.661338147750939e-16,5.828633922641636e-17,public_state_tabular_independent_mc,1,0.0025252049946651576,1.327313999994658,True,accepted_return_check_disabled,0.1,1,,,,,,,2.465190328815662e-32,1.921659544785546e-07,1.0,,,
T-L,DA,mc_learned_baseline,False,41,116,82592,29696,29696,0,0,23200,41296,165184,262144,1.0500000000000003,1.0470000000000002,1.0493035616651234,9.962962098253314e-05,3.748654815395715e-06,public_state_tabular_independent_mc,0,0.002197478548557831,1.338581999996677,True,accepted_return_check_disabled,0.1,1,,,,,,,7.426757812499754e-05,6.759154706633643e-05,0.9405859375000021,,,
T-L,DA,mc_learned_baseline,False,41,117,83304,29952,29952,0,0,23400,41652,166608,262144,1.0500000000000003,1.05,1.049303561665123,-4.440892098500626e-16,5.836309747137686e-17,public_state_tabular_independent_mc,1,0.0021974785485593886,1.355101800058037,True,accepted_return_check_disabled,0.1,1,,,,,,,2.465190328815662e-32,1.409832731467514e-07,1.0,,,
T-L,DA,mc_learned_baseline,False,41,118,84016,30208,30208,0,0,23600,42008,168032,262144,1.0500000000000003,1.05,1.049385497402606,8.193573748305205e-05,3.0786777791492136e-06,public_state_tabular_independent_mc,0,0.0019220184621338593,1.3661507000215352,True,accepted_return_check_disabled,0.1,1,,,,,,,6.594543457030985e-05,6.075864689415644e-05,0.9472436523437522,,,
T-L,DA,mc_learned_baseline,False,41,119,84728,30464,30464,0,0,23800,42364,169456,262144,1.0500000000000003,1.05,1.0493854974026056,-4.440892098500626e-16,-3.3822440315508767e-20,public_state_tabular_independent_mc,1,0.0019220184621349212,1.3773600000422448,True,accepted_return_check_disabled,0.1,1,,,,,,,2.465190328815662e-32,1.0632880857002571e-07,1.0,,,
T-L,DA,mc_learned_baseline,False,41,120,85440,30720,30720,0,0,24000,42720,170880,262144,1.0500000000000003,1.05,1.0493854974026053,-2.220446049250313e-16,-3.382244041108031e-20,public_state_tabular_independent_mc,1,0.0019220184621359822,1.3863490000367165,True,accepted_return_check_disabled,0.1,1,,,,,,,2.465190328815662e-32,1.0632880857019539e-07,1.0,,,
T-L,DA,mc_learned_baseline,False,41,121,86152,30976,30976,0,0,24200,43076,172304,262144,1.0500000000000003,1.05,1.0493854974026051,-2.220446049250313e-16,-3.3822440506651843e-20,public_state_tabular_independent_mc,1,0.0019220184621370432,1.397619100054726,True,accepted_return_check_disabled,0.1,1,,,,,,,2.465190328815662e-32,1.0632880857028022e-07,1.0,,,
T-L,DA,mc_learned_baseline,False,41,122,86864,31232,31232,0,0,24400,43432,173728,262144,1.0500000000000003,1.05,1.049385497402605,-2.220446049250313e-16,-3.382244060222338e-20,public_state_tabular_independent_mc,1,0.0019220184621381049,1.408775500021875,True,accepted_return_check_disabled,0.1,1,,,,,,,2.465190328815662e-32,1.06328808570365e-07,1.0,,,
T-L,DA,mc_learned_baseline,False,41,123,87576,31488,31488,0,0,24600,43788,175152,262144,1.0500000000000003,1.05,1.0493854974026045,-4.440892098500626e-16,-3.3822440697794913e-20,public_state_tabular_independent_mc,1,0.001922018462139166,1.420463600079529,True,accepted_return_check_disabled,0.1,1,,,,,,,2.465190328815662e-32,1.0632880857044984e-07,1.0,,,
T-L,DA,mc_learned_baseline,False,41,124,88288,31744,31744,0,0,24800,44144,176576,262144,1.0500000000000003,1.05,1.049385497402604,-4.440892098500626e-16,-3.3822440793366454e-20,public_state_tabular_independent_mc,1,0.0019220184621402273,1.4311166000552475,True,accepted_return_check_disabled,0.1,1,,,,,,,2.465190328815662e-32,1.0632880857061946e-07,1.0,,,
T-L,DA,mc_learned_baseline,False,41,125,89000,32000,32000,0,0,25000,44500,178000,262144,1.0500000000000003,1.05,1.0493854974026038,-2.220446049250313e-16,-3.382244088893799e-20,public_state_tabular_independent_mc,1,0.0019220184621412887,1.444399300031364,True,accepted_return_check_disabled,0.1,1,,,,,,,2.465190328815662e-32,1.063288085707891e-07,1.0,,,
T-L,DA,mc_learned_baseline,False,41,126,89712,32256,32256,0,0,25200,44856,179424,262144,1.0476562500000002,1.05,1.0494101275440293,2.46301414255079e-05,4.53296130811211e-06,public_state_tabular_independent_mc,1,0.0017033321529570972,1.4573013000190258,True,accepted_return_check_disabled,0.1,1,,,,,,,0.00035400390625000064,0.0015103041988633872,0.6155422840019974,,,
T-L,DA,mc_learned_baseline,False,41,127,90424,32512,32512,0,0,25400,45212,180848,262144,1.0500000000000003,1.05,1.049410127544029,-2.220446049250313e-16,-2.2813670805641688e-20,public_state_tabular_independent_mc,1,0.0017033321529581955,1.46974189998582,True,accepted_return_check_disabled,0.1,1,,,,,,,2.465190328815662e-32,9.722393342084596e-08,1.0,,,
T-L,DA,mc_learned_baseline,False,41,128,91136,32768,32768,0,0,25600,45568,182272,262144,1.0500000000000003,1.05,1.0494101275440286,-4.440892098500626e-16,-2.281367092183e-20,public_state_tabular_independent_mc,1,0.001703332152959294,1.4792046999791637,True,accepted_return_check_disabled,0.1,1,,,,,,,2.465190328815662e-32,9.722393342092529e-08,1.0,,,
T-L,DA,mc_learned_baseline,False,41,129,91848,33024,33024,0,0,25800,45924,183696,262144,1.0500000000000003,1.05,1.0494101275440282,-4.440892098500626e-16,-2.2813671038018313e-20,public_state_tabular_independent_mc,1,0.001703332152960392,1.492373500019312,True,accepted_return_check_disabled,0.1,1,,,,,,,2.465190328815662e-32,9.7223933421084e-08,1.0,,,
T-L,DA,mc_learned_baseline,False,41,130,92560,33280,33280,0,0,26000,46280,185120,262144,1.0500000000000003,1.05,1.049410127544028,-2.220446049250313e-16,-2.2813671154206625e-20,public_state_tabular_independent_mc,1,0.0017033321529614904,1.5067230999702588,True,accepted_return_check_disabled,0.1,1,,,,,,,2.465190328815662e-32,9.722393342124269e-08,1.0,,,
T-L,DA,mc_learned_baseline,False,41,131,93272,33536,33536,0,0,26200,46636,186544,262144,1.0500000000000003,1.05,1.0494101275440275,-4.440892098500626e-16,-2.281367127039494e-20,public_state_tabular_independent_mc,1,0.0017033321529625887,1.5208611000562087,True,accepted_return_check_disabled,0.1,1,,,,,,,2.465190328815662e-32,9.722393342132204e-08,1.0,,,
T-L,DA,mc_learned_baseline,False,41,132,93984,33792,33792,0,0,26400,46992,187968,262144,1.0378125000000002,1.05,1.0494986960929593,8.85685489318e-05,2.952940417241314e-06,public_state_tabular_independent_mc,1,0.0014971923971080665,1.5326892000157386,True,accepted_return_check_disabled,0.1,1,,,,,,,0.017438378906250003,0.003576188310915157,0.018166427398797258,,,
T-L,DA,mc_learned_baseline,False,41,133,94696,34048,34048,0,0,26600,47348,189392,262144,1.0500000000000003,1.05,1.0495863547724942,8.765867953486328e-05,2.5011991372581176e-06,public_state_tabular_independent_mc,1,0.0012578530537784877,1.5421317999716848,True,accepted_return_check_disabled,0.1,1,,,,,,,9.335021972656141e-05,8.83389317838248e-05,0.99958740234375,,,
T-L,DA,mc_learned_baseline,False,41,134,95408,34304,34304,0,0,26800,47704,190816,262144,1.0500000000000003,1.05,1.0495863547724942,0.0,5.841913768842981e-17,public_state_tabular_independent_mc,1,0.0012578530537790547,1.553510500001721,True,accepted_return_check_disabled,0.1,1,,,,,,,2.465190328815662e-32,4.7319641909534196e-08,1.0,,,
T-L,DA,mc_learned_baseline,False,41,135,96120,34560,34560,0,0,27000,48060,192240,262144,1.0500000000000003,1.0470000000000002,1.049586354772494,-2.220446049250313e-16,5.841913768838698e-17,public_state_tabular_independent_mc,1,0.0012578530537796218,1.5648868000134826,True,accepted_return_check_disabled,0.1,1,,,,,,,2.465190328815662e-32,4.7319641909534196e-08,1.0,,,
T-L,DA,mc_learned_baseline,False,41,136,96832,34816,34816,0,0,27200,48416,193664,262144,1.0500000000000003,1.05,1.0495863547724937,-2.220446049250313e-16,5.841913768834413e-17,public_state_tabular_independent_mc,1,0.0012578530537801886,1.5743473999900743,True,accepted_return_check_disabled,0.1,1,,,,,,,2.465190328815662e-32,4.7319641909583416e-08,1.0,,,
T-L,DA,mc_learned_baseline,False,41,137,97544,35072,35072,0,0,27400,48772,195088,262144,1.0500000000000003,1.05,1.0495863547724937,0.0,5.841913768830129e-17,public_state_tabular_independent_mc,1,0.001257853053780756,1.5832540000556037,True,accepted_return_check_disabled,0.1,1,,,,,,,2.465190328815662e-32,4.731964190963261e-08,1.0,,,
T-L,DA,mc_learned_baseline,False,41,138,98256,35328,35328,0,0,27600,49128,196512,262144,1.0476562500000002,1.05,1.049601224493413,1.4869720919241658e-05,2.550585286817721e-06,public_state_tabular_independent_mc,1,0.0011267974443170876,1.5940632000565529,True,accepted_return_check_disabled,0.1,1,,,,,,,0.00035400390625000064,0.0017225801250640113,0.6155422840019975,,,
T-L,DA,mc_learned_baseline,False,41,139,98968,35584,35584,0,0,27800,49484,197936,262144,1.0500000000000003,1.05,1.0496012244934128,-2.220446049250313e-16,5.841540009857646e-17,public_state_tabular_independent_mc,1,0.0011267974443176726,1.6031052999896929,True,accepted_return_check_disabled,0.1,1,,,,,,,2.465190328815662e-32,4.413514712081047e-08,1.0,,,
T-L,DA,mc_learned_baseline,False,41,140,99680,35840,35840,0,0,28000,49840,199360,262144,1.0500000000000003,1.05,1.0496012244934128,0.0,0.0,public_state_tabular_independent_mc,1,0.0011267974443176726,1.612432900001295,True,accepted_return_check_disabled,0.1,1,,,,,,,2.465190328815662e-32,4.413514712085637e-08,1.0,,,
T-L,DA,mc_learned_baseline,False,41,141,100392,36096,36096,0,0,28200,50196,200784,262144,1.0500000000000003,1.05,1.0496012244934128,0.0,0.0,public_state_tabular_independent_mc,1,0.0011267974443176726,1.6227182999718934,True,accepted_return_check_disabled,0.1,1,,,,,,,2.465190328815662e-32,4.413514712085637e-08,1.0,,,
T-L,DA,mc_learned_baseline,False,41,142,101104,36352,36352,0,0,28400,50552,202208,262144,1.0500000000000003,1.05,1.0496012244934128,0.0,0.0,public_state_tabular_independent_mc,1,0.0011267974443176726,1.6321127000264823,True,accepted_return_check_disabled,0.1,1,,,,,,,2.465190328815662e-32,4.413514712085637e-08,1.0,,,
T-L,DA,mc_learned_baseline,False,41,143,101816,36608,36608,0,0,28600,50908,203632,262144,1.0500000000000003,1.05,1.0496012244934128,0.0,0.0,public_state_tabular_independent_mc,1,0.0011267974443176726,1.6426766000222415,True,accepted_return_check_disabled,0.1,1,,,,,,,2.465190328815662e-32,4.413514712085637e-08,1.0,,,
T-L,DA,mc_learned_baseline,False,41,144,102528,36864,36864,0,0,28800,51264,205056,262144,1.0500000000000003,1.05,1.0496012244934128,0.0,0.0,public_state_tabular_independent_mc,1,0.0011267974443176726,1.6516246000537649,True,accepted_return_check_disabled,0.1,1,,,,,,,2.465190328815662e-32,4.413514712085637e-08,1.0,,,
T-L,DA,mc_learned_baseline,False,41,145,103240,37120,37120,0,0,29000,51620,206480,262144,1.0500000000000003,1.05,1.0496012244934128,0.0,0.0,public_state_tabular_independent_mc,1,0.0011267974443176726,1.6610123000573367,True,accepted_return_check_disabled,0.1,1,,,,,,,2.465190328815662e-32,4.413514712085637e-08,1.0,,,
T-L,DA,mc_learned_baseline,False,41,146,103952,37376,37376,0,0,29200,51976,207904,262144,1.0500000000000003,1.05,1.0496012244934128,0.0,0.0,public_state_tabular_independent_mc,1,0.0011267974443176726,1.6708894000621513,True,accepted_return_check_disabled,0.1,1,,,,,,,2.465190328815662e-32,4.413514712085637e-08,1.0,,,
T-L,DA,mc_learned_baseline,False,41,147,104664,37632,37632,0,0,29400,52332,209328,262144,1.0500000000000003,1.05,1.0496374612751773,3.6236781764564796e-05,1.1433695538714172e-06,public_state_tabular_independent_mc,0,0.001010620351675083,1.6803823000518605,True,accepted_return_check_disabled,0.1,1,,,,,,,6.594543457030985e-05,6.36154642791508e-05,0.9472436523437522,,,
T-L,DA,mc_learned_baseline,False,41,148,105376,37888,37888,0,0,29600,52688,210752,262144,1.0500000000000003,1.05,1.0496374612751773,0.0,0.0,public_state_tabular_independent_mc,1,0.001010620351675083,1.6915012000827119,True,accepted_return_check_disabled,0.1,1,,,,,,,2.465190328815662e-32,3.730065684575572e-08,1.0,,,
T-L,DA,mc_learned_baseline,False,41,149,106088,38144,38144,0,0,29800,53044,212176,262144,1.0500000000000003,1.05,1.0496374612751773,0.0,0.0,public_state_tabular_independent_mc,1,0.001010620351675083,1.701277200016193,True,accepted_return_check_disabled,0.1,1,,,,,,,2.465190328815662e-32,3.730065684575572e-08,1.0,,,
T-L,DA,mc_learned_baseline,False,41,150,106800,38400,38400,0,0,30000,53400,213600,262144,1.0500000000000003,1.05,1.0496374612751773,0.0,0.0,public_state_tabular_independent_mc,1,0.001010620351675083,1.7102151999715716,True,accepted_return_check_disabled,0.1,1,,,,,,,2.465190328815662e-32,3.730065684575572e-08,1.0,,,
T-L,DA,mc_learned_baseline,False,41,151,107512,38656,38656,0,0,30200,53756,215024,262144,1.0500000000000003,1.05,1.0496374612751773,0.0,0.0,public_state_tabular_independent_mc,1,0.001010620351675083,1.7215295999776572,True,accepted_return_check_disabled,0.1,1,,,,,,,2.465190328815662e-32,3.730065684575572e-08,1.0,,,
T-L,DA,mc_learned_baseline,False,41,152,108224,38912,38912,0,0,30400,54112,216448,262144,1.0500000000000003,1.05,1.0496374612751773,0.0,0.0,public_state_tabular_independent_mc,1,0.001010620351675083,1.7314689999911934,True,accepted_return_check_disabled,0.1,1,,,,,,,2.465190328815662e-32,3.730065684575572e-08,1.0,,,
T-L,DA,mc_learned_baseline,False,41,153,108936,39168,39168,0,0,30600,54468,217872,262144,1.0408593750000001,1.05,1.049576751728945,-6.070954623238478e-05,6.856845955929563e-06,public_state_tabular_independent_mc,1,0.001244831393481576,1.7426202000351623,True,accepted_return_check_disabled,0.1,1,,,,,,,0.011948828125000005,0.005348861292947879,0.052005761336454404,,,
T-L,DA,mc_learned_baseline,False,41,154,109648,39424,39424,0,0,30800,54824,219296,262144,1.0500000000000003,1.05,1.0495767517289447,-2.220446049250313e-16,5.841787734330683e-17,public_state_tabular_independent_mc,1,0.0012448313934821465,1.752423300058581,True,accepted_return_check_disabled,0.1,1,,,,,,,2.465190328815662e-32,5.0591355583771934e-08,1.0,,,
T-L,DA,mc_learned_baseline,False,41,155,110360,39680,39680,0,0,31000,55180,220720,262144,1.0500000000000003,1.05,1.0495767517289445,-2.220446049250313e-16,5.841787734326624e-17,public_state_tabular_independent_mc,1,0.0012448313934827172,1.76200740004424,True,accepted_return_check_disabled,0.1,1,,,,,,,2.465190328815662e-32,5.0591355583830856e-08,1.0,,,
T-L,DA,mc_learned_baseline,False,41,156,111072,39936,39936,0,0,31200,55536,222144,262144,1.0500000000000003,1.05,1.0495767517289443,-2.220446049250313e-16,5.841787734322565e-17,public_state_tabular_independent_mc,1,0.0012448313934832877,1.7743566000135615,True,accepted_return_check_disabled,0.1,1,,,,,,,2.465190328815662e-32,5.0591355583889745e-08,1.0,,,
T-L,DA,mc_learned_baseline,False,41,157,111784,40192,40192,0,0,31400,55892,223568,262144,1.0500000000000003,1.05,1.049576751728944,-2.220446049250313e-16,5.841787734318506e-17,public_state_tabular_independent_mc,1,0.0012448313934838582,1.7845023999689147,True,accepted_return_check_disabled,0.1,1,,,,,,,2.465190328815662e-32,5.0591355583948647e-08,1.0,,,
T-L,DA,mc_learned_baseline,False,41,158,112496,40448,40448,0,0,31600,56248,224992,262144,1.0500000000000003,1.05,1.049576751728944,0.0,5.841787734314446e-17,public_state_tabular_independent_mc,1,0.001244831393484429,1.795609200024046,True,accepted_return_check_disabled,0.1,1,,,,,,,2.465190328815662e-32,5.059135558400757e-08,1.0,,,
T-L,DA,mc_learned_baseline,False,41,159,113208,40704,40704,0,0,31800,56604,226416,262144,1.0500000000000003,1.05,1.0495767517289438,-2.220446049250313e-16,5.841787734310387e-17,public_state_tabular_independent_mc,1,0.0012448313934849996,1.8044360000640154,True,accepted_return_check_disabled,0.1,1,,,,,,,2.465190328815662e-32,5.059135558400757e-08,1.0,,,
T-L,DA,mc_learned_baseline,False,41,160,113920,40960,40960,0,0,32000,56960,227840,262144,1.0408593750000001,1.05,1.0494567832465185,-0.00011996848242534774,1.021682617855278e-05,public_state_tabular_independent_mc,1,0.0016370914517681487,1.8146859999978915,True,accepted_return_check_disabled,0.1,1,,,,,,,0.011948828125000005,0.005349741162106652,0.052005761336454515,,,
T-L,DA,mc_learned_baseline,False,41,161,114632,41216,41216,0,0,32200,57316,229264,262144,1.0500000000000003,1.05,1.049456783246518,-4.440892098500626e-16,-2.8657755853965703e-20,public_state_tabular_independent_mc,1,0.0016370914517692386,1.823963199974969,True,accepted_return_check_disabled,0.1,1,,,,,,,2.465190328815662e-32,9.582833411359777e-08,1.0,,,
T-L,DA,mc_learned_baseline,False,41,162,115344,41472,41472,0,0,32400,57672,230688,262144,1.0500000000000003,1.05,1.0494567832465178,-2.220446049250313e-16,-2.8657755958178386e-20,public_state_tabular_independent_mc,1,0.0016370914517703278,1.833108099992387,True,accepted_return_check_disabled,0.1,1,,,,,,,2.465190328815662e-32,9.582833411378131e-08,1.0,,,
T-L,DA,mc_learned_baseline,False,41,163,116056,41728,41728,0,0,32600,58028,232112,262144,1.0500000000000003,1.05,1.0494567832465174,-4.440892098500626e-16,-2.8657756062391064e-20,public_state_tabular_independent_mc,1,0.0016370914517714172,1.8435307000763714,True,accepted_return_check_disabled,0.1,1,,,,,,,2.465190328815662e-32,9.582833411387307e-08,1.0,,,
T-L,DA,mc_learned_baseline,False,41,164,116768,41984,41984,0,0,32800,58384,233536,262144,1.0500000000000003,1.05,1.049456783246517,-4.440892098500626e-16,-2.865775616660374e-20,public_state_tabular_independent_mc,1,0.0016370914517725066,1.8735177000053227,True,accepted_return_check_disabled,0.1,1,,,,,,,2.465190328815662e-32,9.582833411405664e-08,1.0,,,
T-L,DA,mc_learned_baseline,False,41,165,117480,42240,42240,0,0,33000,58740,234960,262144,1.0500000000000003,1.05,1.0494567832465167,-2.220446049250313e-16,-2.865775627081642e-20,public_state_tabular_independent_mc,1,0.001637091451773596,1.890449000056833,True,accepted_return_check_disabled,0.1,1,,,,,,,2.465190328815662e-32,9.582833411424012e-08,1.0,,,
T-L,DA,mc_learned_baseline,False,41,166,118192,42496,42496,0,0,33200,59096,236384,262144,1.0500000000000003,1.05,1.0494567832465163,-4.440892098500626e-16,-2.8657756375029095e-20,public_state_tabular_independent_mc,1,0.0016370914517746856,1.9098252999829128,True,accepted_return_check_disabled,0.1,1,,,,,,,2.465190328815662e-32,9.582833411433193e-08,1.0,,,
T-L,DA,mc_learned_baseline,False,41,167,118904,42752,42752,0,0,33400,59452,237808,262144,1.0476562500000002,1.05,1.0494889979344864,3.2214687970100186e-05,4.2779824420039616e-06,public_state_tabular_independent_mc,1,0.0014283262682636174,1.9220983000705019,True,accepted_return_check_disabled,0.1,1,,,,,,,0.00035400390625000064,0.002567680866916138,0.6155422840019975,,,
T-L,DA,mc_learned_baseline,False,41,168,119616,43008,43008,0,0,33600,59808,239232,262144,1.0500000000000003,1.05,1.0494889979344861,-2.220446049250313e-16,5.840418637068704e-17,public_state_tabular_independent_mc,1,0.0014283262682641793,1.9395303999772295,True,accepted_return_check_disabled,0.1,1,,,,,,,2.465190328815662e-32,8.303275058689904e-08,1.0,,,
T-L,DA,mc_learned_baseline,False,41,169,120328,43264,43264,0,0,33800,60164,240656,262144,1.0500000000000003,1.05,1.049488997934486,-2.220446049250313e-16,5.840418637065535e-17,public_state_tabular_independent_mc,1,0.0014283262682647407,1.9486028000246733,True,accepted_return_check_disabled,0.1,1,,,,,,,2.465190328815662e-32,8.303275058698362e-08,1.0,,,
T-L,DA,mc_learned_baseline,False,41,170,121040,43520,43520,0,0,34000,60520,242080,262144,1.0385156250000003,1.05,1.0495828246530317,9.382671854574198e-05,2.9183747643749766e-06,public_state_tabular_independent_mc,1,0.001236093288061637,1.958681800053455,True,accepted_return_check_disabled,0.1,1,,,,,,,0.015298925781250004,0.0031955339140270376,0.02175456995313907,,,
T-L,DA,mc_learned_baseline,False,41,171,121752,43776,43776,0,0,34200,60876,243504,262144,1.0500000000000003,1.05,1.0495828246530314,-2.220446049250313e-16,5.841601013618848e-17,public_state_tabular_independent_mc,1,0.001236093288062206,1.9681410000193864,True,accepted_return_check_disabled,0.1,1,,,,,,,2.465190328815662e-32,5.167806745242757e-08,1.0,,,
T-L,DA,mc_learned_baseline,False,41,172,122464,44032,44032,0,0,34400,61232,244928,262144,1.0500000000000003,1.05,1.0496556151048524,7.279045182095878e-05,1.9947322966373453e-06,public_state_tabular_independent_mc,0,0.0010381848668597432,1.977992600062862,True,accepted_return_check_disabled,0.1,1,,,,,,,0.00011833553935051878,0.00011361061313752544,0.9993768441101337,,,
T-L,DA,mc_learned_baseline,False,41,173,123176,44288,44288,0,0,34600,61588,246352,262144,1.0500000000000003,1.05,1.0496556151048522,-2.220446049250313e-16,5.841616760562809e-17,public_state_tabular_independent_mc,1,0.0010381848668603235,1.9877939000725746,True,accepted_return_check_disabled,0.1,1,,,,,,,2.465190328815662e-32,3.5177039095769006e-08,1.0,,,
T-L,DA,mc_learned_baseline,False,41,174,123888,44544,44544,0,0,34800,61944,247776,262144,1.0500000000000003,1.05,1.049655615104852,-2.220446049250313e-16,5.841616760558136e-17,public_state_tabular_independent_mc,1,0.0010381848668609035,1.9976416999706998,True,accepted_return_check_disabled,0.1,1,,,,,,,2.465190328815662e-32,3.5177039095821575e-08,1.0,,,
T-L,DA,mc_learned_baseline,False,41,175,124600,44800,44800,0,0,35000,62300,249200,262144,1.0500000000000003,1.05,1.049655615104852,0.0,5.841616760553462e-17,public_state_tabular_independent_mc,1,0.001038184866861484,2.0065380000742152,True,accepted_return_check_disabled,0.1,1,,,,,,,2.465190328815662e-32,3.5177039095874144e-08,1.0,,,
T-L,DA,mc_learned_baseline,False,41,176,125312,45056,45056,0,0,35200,62656,250624,262144,1.0500000000000003,1.05,1.0496556151048517,-2.220446049250313e-16,5.841616760548788e-17,public_state_tabular_independent_mc,1,0.001038184866862064,2.016907599987462,True,accepted_return_check_disabled,0.1,1,,,,,,,2.465190328815662e-32,3.5177039095874144e-08,1.0,,,
T-L,DA,mc_learned_baseline,False,41,177,126024,45312,45312,0,0,35400,63012,252048,262144,1.0500000000000003,1.0470000000000002,1.0496556151048515,-2.220446049250313e-16,5.841616760544115e-17,public_state_tabular_independent_mc,1,0.0010381848668626445,2.026438200031407,True,accepted_return_check_disabled,0.1,1,,,,,,,2.465190328815662e-32,3.5177039095926713e-08,1.0,,,
T-L,DA,mc_learned_baseline,False,41,178,126736,45568,45568,0,0,35600,63368,253472,262144,1.0500000000000003,1.05,1.0496556151048513,-2.220446049250313e-16,5.841616760539441e-17,public_state_tabular_independent_mc,1,0.0010381848668632248,2.035802899976261,True,accepted_return_check_disabled,0.1,1,,,,,,,2.465190328815662e-32,3.517703909597928e-08,1.0,,,
T-L,DA,mc_learned_baseline,False,41,179,127448,45824,45824,0,0,35800,63724,254896,262144,1.0500000000000003,1.05,1.049655615104851,-2.220446049250313e-16,5.841616760534769e-17,public_state_tabular_independent_mc,1,0.0010381848668638049,2.0451281999703497,True,accepted_return_check_disabled,0.1,1,,,,,,,2.465190328815662e-32,3.517703909603185e-08,1.0,,,
T-L,DA,mc_learned_baseline,False,41,180,128160,46080,46080,0,0,36000,64080,256320,262144,1.0500000000000003,1.05,1.049655615104851,0.0,5.841616760530095e-17,public_state_tabular_independent_mc,1,0.0010381848668643853,2.054132000077516,True,accepted_return_check_disabled,0.1,1,,,,,,,2.465190328815662e-32,3.517703909608442e-08,1.0,,,
T-L,DA,mc_learned_baseline,False,41,181,128872,46336,46336,0,0,36200,64436,257744,262144,1.0500000000000003,1.05,1.0496556151048508,-2.220446049250313e-16,5.84161676052542e-17,public_state_tabular_independent_mc,1,0.0010381848668649658,2.0648698000004515,True,accepted_return_check_disabled,0.1,1,,,,,,,2.465190328815662e-32,3.517703909608442e-08,1.0,,,
T-L,DA,mc_learned_baseline,False,41,182,129584,46592,46592,0,0,36400,64792,259168,262144,1.0500000000000003,1.05,1.0496556151048506,-2.220446049250313e-16,5.841616760520748e-17,public_state_tabular_independent_mc,1,0.0010381848668655459,2.075701200054027,True,accepted_return_check_disabled,0.1,1,,,,,,,2.465190328815662e-32,3.5177039096137e-08,1.0,,,
T-L,DA,mc_learned_baseline,False,41,183,130296,46848,46848,0,0,36600,65148,260592,262144,1.0500000000000003,1.05,1.0496556151048504,-2.220446049250313e-16,5.841616760516074e-17,public_state_tabular_independent_mc,1,0.0010381848668661261,2.0860674000578,True,accepted_return_check_disabled,0.1,1,,,,,,,2.465190328815662e-32,3.517703909618957e-08,1.0,,,
T-L,DA,mc_learned_baseline,False,41,184,131008,47104,47104,0,0,36800,65504,262016,262144,1.0500000000000003,1.05,1.0496556151048502,-2.220446049250313e-16,5.841616760511401e-17,public_state_tabular_independent_mc,1,0.0010381848668667064,2.097611900069751,True,accepted_return_check_disabled,0.1,1,,,,,,,2.465190328815662e-32,3.517703909624214e-08,1.0,,,
T-L,DA,mc_learned_baseline,False,41,185,131720,47360,47360,0,0,37000,65860,263440,262144,1.0500000000000003,1.05,1.04965561510485,-2.220446049250313e-16,5.841616760506727e-17,public_state_tabular_independent_mc,1,0.0010381848668672867,2.1099574000108987,True,accepted_return_check_disabled,0.1,1,,,,,,,2.465190328815662e-32,3.517703909629471e-08,1.0,,,
T-L,DA,mc_learned_baseline,False,41,186,132432,47616,47616,0,0,37200,66216,264864,262144,1.0500000000000003,1.05,1.0496556151048497,-2.220446049250313e-16,5.841616760502054e-17,public_state_tabular_independent_mc,1,0.001038184866867867,2.125808499986306,True,accepted_return_check_disabled,0.1,1,,,,,,,2.465190328815662e-32,3.517703909634728e-08,1.0,,,
T-L,DA,mc_learned_baseline,False,41,187,133144,47872,47872,0,0,37400,66572,266288,262144,1.0500000000000003,1.05,1.0496556151048497,0.0,5.84161676049738e-17,public_state_tabular_independent_mc,1,0.0010381848668684472,2.137230099993758,True,accepted_return_check_disabled,0.1,1,,,,,,,2.465190328815662e-32,3.517703909639985e-08,1.0,,,
T-L,DA,mc_learned_baseline,False,41,188,133856,48128,48128,0,0,37600,66928,267712,262144,1.0500000000000003,1.05,1.0496556151048495,-2.220446049250313e-16,5.841616760492706e-17,public_state_tabular_independent_mc,1,0.0010381848668690275,2.148798300069757,True,accepted_return_check_disabled,0.1,1,,,,,,,2.465190328815662e-32,3.517703909639985e-08,1.0,,,
T-L,DA,mc_learned_baseline,False,41,189,134568,48384,48384,0,0,37800,67284,269136,262144,1.0500000000000003,1.05,1.0496556151048493,-2.220446049250313e-16,5.841616760488033e-17,public_state_tabular_independent_mc,1,0.001038184866869608,2.1654323000693694,True,accepted_return_check_disabled,0.1,1,,,,,,,2.465190328815662e-32,3.5177039096452416e-08,1.0,,,
T-L,DA,mc_learned_baseline,False,41,190,135280,48640,48640,0,0,38000,67640,270560,262144,1.0500000000000003,1.05,1.049655615104849,-2.220446049250313e-16,5.84161676048336e-17,public_state_tabular_independent_mc,1,0.001038184866870188,2.1756365000037476,True,accepted_return_check_disabled,0.1,1,,,,,,,2.465190328815662e-32,3.5177039096504985e-08,1.0,,,
T-L,DA,mc_learned_baseline,False,41,191,135992,48896,48896,0,0,38200,67996,271984,262144,1.0500000000000003,1.05,1.0496556151048488,-2.220446049250313e-16,5.841616760478687e-17,public_state_tabular_independent_mc,1,0.0010381848668707682,2.1901445999974385,True,accepted_return_check_disabled,0.1,1,,,,,,,2.465190328815662e-32,3.5177039096557554e-08,1.0,,,
T-L,DA,mc_learned_baseline,False,41,192,136704,49152,49152,0,0,38400,68352,273408,262144,1.0500000000000003,1.05,1.0496556151048486,-2.220446049250313e-16,5.841616760474013e-17,public_state_tabular_independent_mc,1,0.0010381848668713485,2.2045429999707267,True,accepted_return_check_disabled,0.1,1,,,,,,,2.465190328815662e-32,3.5177039096610123e-08,1.0,,,
T-L,DA,mc_learned_baseline,False,41,193,137416,49408,49408,0,0,38600,68708,274832,262144,1.0476562500000002,1.05,1.049674739446676,1.912434182749223e-05,2.39079241877493e-06,public_state_tabular_independent_mc,1,0.0009135757758189581,2.2159609000664204,True,accepted_return_check_disabled,0.1,1,,,,,,,0.00035400390625000064,0.00278806160389759,0.6155422840019975,,,
T-L,DA,mc_learned_baseline,False,41,194,138128,49664,49664,0,0,38800,69064,276256,262144,1.0500000000000003,1.05,1.049674739446676,0.0,0.0,public_state_tabular_independent_mc,1,0.0009135757758189581,2.2265946000115946,True,accepted_return_check_disabled,0.1,1,,,,,,,2.465190328815662e-32,3.083215581059522e-08,1.0,,,
T-L,DA,mc_learned_baseline,False,41,195,138840,49920,49920,0,0,39000,69420,277680,262144,1.0385156250000003,1.05,1.0497281841149064,5.3444668230318015e-05,1.6473666138567565e-06,public_state_tabular_independent_mc,1,0.0008001143235289398,2.238902400014922,True,accepted_return_check_disabled,0.1,1,,,,,,,0.015298925781250004,0.0032460958181908138,0.02175456995313929,,,
T-L,DA,mc_learned_baseline,False,41,196,139552,50176,50176,0,0,39200,69776,279104,262144,1.0500000000000003,1.05,1.0497568487322775,2.8664617371054746e-05,8.546703235156154e-07,public_state_tabular_independent_mc,0,0.00071004090087422,2.2520178999984637,True,accepted_return_check_disabled,0.1,1,,,,,,,6.594543457030985e-05,6.408050833800843e-05,0.9472436523437522,,,
T-L,DA,mc_learned_baseline,False,41,197,140264,50432,50432,0,0,39400,70132,280528,262144,1.0500000000000003,1.05,1.0497568487322775,0.0,0.0,public_state_tabular_independent_mc,1,0.00071004090087422,2.2653697000350803,True,accepted_return_check_disabled,0.1,1,,,,,,,2.465190328815662e-32,1.633375430111214e-08,1.0,,,
T-L,DA,mc_learned_baseline,False,41,198,140976,50688,50688,0,0,39600,70488,281952,262144,1.0500000000000003,1.05,1.0497568487322775,0.0,0.0,public_state_tabular_independent_mc,1,0.00071004090087422,2.2799676000140607,True,accepted_return_check_disabled,0.1,1,,,,,,,2.465190328815662e-32,1.633375430111214e-08,1.0,,,
T-L,DA,mc_learned_baseline,False,41,199,141688,50944,50944,0,0,39800,70844,283376,262144,1.0500000000000003,1.05,1.0497568487322775,0.0,0.0,public_state_tabular_independent_mc,1,0.00071004090087422,2.2933086999692023,True,accepted_return_check_disabled,0.1,1,,,,,,,2.465190328815662e-32,1.633375430111214e-08,1.0,,,
T-L,DA,mc_learned_baseline,False,41,200,142400,51200,51200,0,0,40000,71200,284800,262144,1.0500000000000003,1.05,1.0497568487322775,0.0,0.0,public_state_tabular_independent_mc,1,0.00071004090087422,2.303920799982734,True,accepted_return_check_disabled,0.1,1,,,,,,,2.465190328815662e-32,1.633375430111214e-08,1.0,,,
T-L,DA,mc_learned_baseline,False,41,201,143112,51456,51456,0,0,40200,71556,286224,262144,1.0500000000000003,1.05,1.0497568487322775,0.0,0.0,public_state_tabular_independent_mc,1,0.00071004090087422,2.317842200049199,True,accepted_return_check_disabled,0.1,1,,,,,,,2.465190328815662e-32,1.633375430111214e-08,1.0,,,
T-L,DA,mc_learned_baseline,False,41,202,143824,51712,51712,0,0,40400,71912,287648,262144,1.0500000000000003,1.05,1.0497568487322775,0.0,0.0,public_state_tabular_independent_mc,1,0.00071004090087422,2.332125300075859,True,accepted_return_check_disabled,0.1,1,,,,,,,2.465190328815662e-32,1.633375430111214e-08,1.0,,,
T-L,DA,mc_learned_baseline,False,41,203,144536,51968,51968,0,0,40600,72268,289072,262144,1.0500000000000003,1.0353,1.0497568487322775,0.0,0.0,public_state_tabular_independent_mc,1,0.00071004090087422,2.3436128000030294,True,accepted_return_check_disabled,0.1,1,,,,,,,2.465190328815662e-32,1.633375430111214e-08,1.0,,,
T-L,DA,mc_learned_baseline,False,41,204,145248,52224,52224,0,0,40800,72624,290496,262144,1.0500000000000003,1.05,1.0497568487322775,0.0,0.0,public_state_tabular_independent_mc,1,0.00071004090087422,2.353521000011824,True,accepted_return_check_disabled,0.1,1,,,,,,,2.465190328815662e-32,1.633375430111214e-08,1.0,,,
T-L,DA,mc_learned_baseline,False,41,205,145960,52480,52480,0,0,41000,72980,291920,262144,1.0500000000000003,1.05,1.0497568487322775,0.0,0.0,public_state_tabular_independent_mc,1,0.00071004090087422,2.3671773000387475,True,accepted_return_check_disabled,0.1,1,,,,,,,2.465190328815662e-32,1.633375430111214e-08,1.0,,,
T-L,DA,mc_learned_baseline,False,41,206,146672,52736,52736,0,0,41200,73336,293344,262144,1.0500000000000003,1.05,1.0497568487322775,0.0,0.0,public_state_tabular_independent_mc,1,0.00071004090087422,2.377178000053391,True,accepted_return_check_disabled,0.1,1,,,,,,,2.465190328815662e-32,1.633375430111214e-08,1.0,,,
T-L,DA,mc_learned_baseline,False,41,207,147384,52992,52992,0,0,41400,73692,294768,262144,1.0500000000000003,1.05,1.0497568487322775,0.0,0.0,public_state_tabular_independent_mc,1,0.00071004090087422,2.3864129000576213,True,accepted_return_check_disabled,0.1,1,,,,,,,2.465190328815662e-32,1.633375430111214e-08,1.0,,,
T-L,DA,mc_learned_baseline,False,41,208,148096,53248,53248,0,0,41600,74048,296192,262144,1.0500000000000003,1.05,1.0497568487322775,0.0,0.0,public_state_tabular_independent_mc,1,0.00071004090087422,2.3954324000515044,True,accepted_return_check_disabled,0.1,1,,,,,,,2.465190328815662e-32,1.633375430111214e-08,1.0,,,
T-L,DA,mc_learned_baseline,False,41,209,148808,53504,53504,0,0,41800,74404,297616,262144,1.0500000000000003,1.05,1.0497568487322775,0.0,0.0,public_state_tabular_independent_mc,1,0.00071004090087422,2.40729820006527,True,accepted_return_check_disabled,0.1,1,,,,,,,2.465190328815662e-32,1.633375430111214e-08,1.0,,,
T-L,DA,mc_learned_baseline,False,41,210,149520,53760,53760,0,0,42000,74760,299040,262144,1.0500000000000003,1.05,1.0497568487322775,0.0,0.0,public_state_tabular_independent_mc,1,0.00071004090087422,2.416122499969788,True,accepted_return_check_disabled,0.1,1,,,,,,,2.465190328815662e-32,1.633375430111214e-08,1.0,,,
T-L,DA,mc_learned_baseline,False,41,211,150232,54016,54016,0,0,42200,75116,300464,262144,1.0500000000000003,1.05,1.0497568487322775,0.0,0.0,public_state_tabular_independent_mc,1,0.00071004090087422,2.4268481000326574,True,accepted_return_check_disabled,0.1,1,,,,,,,2.465190328815662e-32,1.633375430111214e-08,1.0,,,
T-L,DA,mc_learned_baseline,False,41,212,150944,54272,54272,0,0,42400,75472,301888,262144,1.0500000000000003,1.05,1.0497568487322775,0.0,0.0,public_state_tabular_independent_mc,1,0.00071004090087422,2.441304999985732,True,accepted_return_check_disabled,0.1,1,,,,,,,2.465190328815662e-32,1.633375430111214e-08,1.0,,,
T-L,DA,mc_learned_baseline,False,41,213,151656,54528,54528,0,0,42600,75828,303312,262144,1.0500000000000003,1.05,1.0497568487322775,0.0,0.0,public_state_tabular_independent_mc,1,0.00071004090087422,2.4561870000325143,True,accepted_return_check_disabled,0.1,1,,,,,,,2.465190328815662e-32,1.633375430111214e-08,1.0,,,
T-L,DA,mc_learned_baseline,False,41,214,152368,54784,54784,0,0,42800,76184,304736,262144,1.0500000000000003,1.05,1.0497568487322775,0.0,0.0,public_state_tabular_independent_mc,1,0.00071004090087422,2.468834700062871,True,accepted_return_check_disabled,0.1,1,,,,,,,2.465190328815662e-32,1.633375430111214e-08,1.0,,,
T-L,DA,mc_learned_baseline,False,41,215,153080,55040,55040,0,0,43000,76540,306160,262144,1.0500000000000003,1.05,1.0497568487322775,0.0,0.0,public_state_tabular_independent_mc,1,0.00071004090087422,2.484324400080368,True,accepted_return_check_disabled,0.1,1,,,,,,,2.465190328815662e-32,1.633375430111214e-08,1.0,,,
T-L,DA,mc_learned_baseline,False,41,216,153792,55296,55296,0,0,43200,76896,307584,262144,1.0500000000000003,1.05,1.0497568487322775,0.0,0.0,public_state_tabular_independent_mc,1,0.00071004090087422,2.4977842000080273,True,accepted_return_check_disabled,0.1,1,,,,,,,2.465190328815662e-32,1.633375430111214e-08,1.0,,,
T-L,DA,mc_learned_baseline,False,41,217,154504,55552,55552,0,0,43400,77252,309008,262144,1.0408593750000001,1.05,1.049700844814331,-5.600391794646775e-05,5.012636420329157e-06,public_state_tabular_independent_mc,1,0.0009039579519176128,2.5087559000821784,True,accepted_return_check_disabled,0.1,1,,,,,,,0.011948828125000005,0.005348520694443509,0.052005761336454404,,,
T-L,DA,mc_learned_baseline,False,41,218,155216,55808,55808,0,0,43600,77608,310432,262144,1.0500000000000003,1.05,1.049700844814331,0.0,5.841785735494083e-17,public_state_tabular_independent_mc,1,0.0009039579519182025,2.521469800034538,True,accepted_return_check_disabled,0.1,1,,,,,,,2.465190328815662e-32,2.7020240539498866e-08,1.0,,,
T-L,DA,mc_learned_baseline,False,41,219,155928,56064,56064,0,0,43800,77964,311856,262144,1.0500000000000003,1.05,1.0497008448143306,-4.440892098500626e-16,5.841785735488697e-17,public_state_tabular_independent_mc,1,0.0009039579519187923,2.5324483000440523,True,accepted_return_check_disabled,0.1,1,,,,,,,2.465190328815662e-32,2.7020240539498866e-08,1.0,,,
T-L,DA,mc_learned_baseline,False,41,220,156640,56320,56320,0,0,44000,78320,313280,262144,1.0500000000000003,1.05,1.0497008448143306,0.0,0.0,public_state_tabular_independent_mc,1,0.0009039579519187923,2.5458143000723794,True,accepted_return_check_disabled,0.1,1,,,,,,,2.465190328815662e-32,2.702024053959241e-08,1.0,,,
T-L,DA,mc_learned_baseline,False,41,221,157352,56576,56576,0,0,44200,78676,314704,262144,1.0500000000000003,1.05,1.0497008448143306,0.0,0.0,public_state_tabular_independent_mc,1,0.0009039579519187923,2.5545832000207156,True,accepted_return_check_disabled,0.1,1,,,,,,,2.465190328815662e-32,2.702024053959241e-08,1.0,,,
T-L,DA,mc_learned_baseline,False,41,222,158064,56832,56832,0,0,44400,79032,316128,262144,1.0500000000000003,1.05,1.0497008448143306,0.0,0.0,public_state_tabular_independent_mc,1,0.0009039579519187923,2.5646149000385776,True,accepted_return_check_disabled,0.1,1,,,,,,,2.465190328815662e-32,2.702024053959241e-08,1.0,,,
T-L,DA,mc_learned_baseline,False,41,223,158776,57088,57088,0,0,44600,79388,317552,262144,1.0500000000000003,1.05,1.0497008448143306,0.0,0.0,public_state_tabular_independent_mc,1,0.0009039579519187923,2.5741196000017226,True,accepted_return_check_disabled,0.1,1,,,,,,,2.465190328815662e-32,2.702024053959241e-08,1.0,,,
T-L,DA,mc_learned_baseline,False,41,224,159488,57344,57344,0,0,44800,79744,318976,262144,1.0476562500000002,1.05,1.0497184318240014,1.7587009670805287e-05,2.078043252509969e-06,public_state_tabular_independent_mc,1,0.000793703440826981,2.584828900056891,True,accepted_return_check_disabled,0.1,1,,,,,,,0.00035400390625000064,0.0030036771746897247,0.6155422840019975,,,
T-L,DA,mc_learned_baseline,False,41,225,160200,57600,57600,0,0,45000,80100,320400,262144,1.0500000000000003,1.05,1.0497184318240014,0.0,0.0,public_state_tabular_independent_mc,1,0.000793703440826981,2.5951853999868035,True,accepted_return_check_disabled,0.1,1,,,,,,,2.465190328815662e-32,2.34704936890885e-08,1.0,,,
T-L,DA,mc_learned_baseline,False,41,226,160912,57856,57856,0,0,45200,80456,321824,262144,1.0500000000000003,1.05,1.0497184318240014,0.0,0.0,public_state_tabular_independent_mc,1,0.000793703440826981,2.6048156999750063,True,accepted_return_check_disabled,0.1,1,,,,,,,2.465190328815662e-32,2.34704936890885e-08,1.0,,,
T-L,DA,mc_learned_baseline,False,41,227,161624,58112,58112,0,0,45400,80812,323248,262144,1.0500000000000003,1.05,1.0497184318240014,0.0,0.0,public_state_tabular_independent_mc,1,0.000793703440826981,2.614326799986884,True,accepted_return_check_disabled,0.1,1,,,,,,,2.465190328815662e-32,2.34704936890885e-08,1.0,,,
T-L,DA,mc_learned_baseline,False,41,228,162336,58368,58368,0,0,45600,81168,324672,262144,1.0500000000000003,1.05,1.0497184318240014,0.0,0.0,public_state_tabular_independent_mc,1,0.000793703440826981,2.624727400019765,True,accepted_return_check_disabled,0.1,1,,,,,,,2.465190328815662e-32,2.34704936890885e-08,1.0,,,
T-L,DA,mc_learned_baseline,False,41,229,163048,58624,58624,0,0,45800,81524,326096,262144,1.0500000000000003,1.05,1.0497184318240014,0.0,0.0,public_state_tabular_independent_mc,1,0.000793703440826981,2.635176600073464,True,accepted_return_check_disabled,0.1,1,,,,,,,2.465190328815662e-32,2.34704936890885e-08,1.0,,,
T-L,DA,mc_learned_baseline,False,41,230,163760,58880,58880,0,0,46000,81880,327520,262144,1.0500000000000003,1.05,1.0497184318240014,0.0,0.0,public_state_tabular_independent_mc,1,0.000793703440826981,2.6461015000240877,True,accepted_return_check_disabled,0.1,1,,,,,,,2.465190328815662e-32,2.34704936890885e-08,1.0,,,
T-L,DA,mc_learned_baseline,False,41,231,164472,59136,59136,0,0,46200,82236,328944,262144,1.0500000000000003,1.05,1.0497184318240014,0.0,0.0,public_state_tabular_independent_mc,1,0.000793703440826981,2.6572777000255883,True,accepted_return_check_disabled,0.1,1,,,,,,,2.465190328815662e-32,2.34704936890885e-08,1.0,,,
T-L,DA,mc_learned_baseline,False,41,232,165184,59392,59392,0,0,46400,82592,330368,262144,1.0500000000000003,1.05,1.0497184318240014,0.0,0.0,public_state_tabular_independent_mc,1,0.000793703440826981,2.669171700021252,True,accepted_return_check_disabled,0.1,1,,,,,,,2.465190328815662e-32,2.34704936890885e-08,1.0,,,
T-L,DA,mc_learned_baseline,False,41,233,165896,59648,59648,0,0,46600,82948,331792,262144,1.0500000000000003,1.05,1.0497184318240014,0.0,0.0,public_state_tabular_independent_mc,1,0.000793703440826981,2.6825320000061765,True,accepted_return_check_disabled,0.1,1,,,,,,,2.465190328815662e-32,2.34704936890885e-08,1.0,,,
T-L,DA,mc_learned_baseline,False,41,234,166608,59904,59904,0,0,46800,83304,333216,262144,1.0500000000000003,1.05,1.0497184318240014,0.0,0.0,public_state_tabular_independent_mc,1,0.000793703440826981,2.6920868000015616,True,accepted_return_check_disabled,0.1,1,,,,,,,2.465190328815662e-32,2.34704936890885e-08,1.0,,,
T-L,DA,mc_learned_baseline,False,41,235,167320,60160,60160,0,0,47000,83660,334640,262144,1.0500000000000003,1.05,1.0497184318240014,0.0,0.0,public_state_tabular_independent_mc,1,0.000793703440826981,2.7017928999848664,True,accepted_return_check_disabled,0.1,1,,,,,,,2.465190328815662e-32,2.34704936890885e-08,1.0,,,
T-L,DA,mc_learned_baseline,False,41,236,168032,60416,60416,0,0,47200,84016,336064,262144,1.0500000000000003,1.05,1.0497184318240014,0.0,0.0,public_state_tabular_independent_mc,1,0.000793703440826981,2.7113635999849066,True,accepted_return_check_disabled,0.1,1,,,,,,,2.465190328815662e-32,2.34704936890885e-08,1.0,,,
T-L,DA,mc_learned_baseline,False,41,237,168744,60672,60672,0,0,47400,84372,337488,262144,1.0500000000000003,1.05,1.0497184318240014,0.0,0.0,public_state_tabular_independent_mc,1,0.000793703440826981,2.7217980000423267,True,accepted_return_check_disabled,0.1,1,,,,,,,2.465190328815662e-32,2.34704936890885e-08,1.0,,,
T-L,DA,mc_learned_baseline,False,41,238,169456,60928,60928,0,0,47600,84728,338912,262144,1.0500000000000003,1.05,1.0497184318240014,0.0,0.0,public_state_tabular_independent_mc,1,0.000793703440826981,2.7313633000012487,True,accepted_return_check_disabled,0.1,1,,,,,,,2.465190328815662e-32,2.34704936890885e-08,1.0,,,
T-L,DA,mc_learned_baseline,False,41,239,170168,61184,61184,0,0,47800,85084,340336,262144,1.0500000000000003,1.05,1.0497184318240014,0.0,0.0,public_state_tabular_independent_mc,1,0.000793703440826981,2.740358700044453,True,accepted_return_check_disabled,0.1,1,,,,,,,2.465190328815662e-32,2.34704936890885e-08,1.0,,,
T-L,DA,mc_learned_baseline,False,41,240,170880,61440,61440,0,0,48000,85440,341760,262144,1.0500000000000003,1.05,1.0497184318240014,0.0,0.0,public_state_tabular_independent_mc,1,0.000793703440826981,2.7517256999854,True,accepted_return_check_disabled,0.1,1,,,,,,,2.465190328815662e-32,2.34704936890885e-08,1.0,,,
T-L,DA,mc_learned_baseline,False,41,241,171592,61696,61696,0,0,48200,85796,343184,262144,1.0500000000000003,1.05,1.0497184318240014,0.0,0.0,public_state_tabular_independent_mc,1,0.000793703440826981,2.761436800006777,True,accepted_return_check_disabled,0.1,1,,,,,,,2.465190328815662e-32,2.34704936890885e-08,1.0,,,
T-L,DA,mc_learned_baseline,False,41,242,172304,61952,61952,0,0,48400,86152,344608,262144,1.0500000000000003,1.05,1.0497184318240014,0.0,0.0,public_state_tabular_independent_mc,1,0.000793703440826981,2.771021499997005,True,accepted_return_check_disabled,0.1,1,,,,,,,2.465190328815662e-32,2.34704936890885e-08,1.0,,,
T-L,DA,mc_learned_baseline,False,41,243,173016,62208,62208,0,0,48600,86508,346032,262144,1.0500000000000003,1.05,1.0497184318240014,0.0,0.0,public_state_tabular_independent_mc,1,0.000793703440826981,2.781632600002922,True,accepted_return_check_disabled,0.1,1,,,,,,,2.465190328815662e-32,2.34704936890885e-08,1.0,,,
T-L,DA,mc_learned_baseline,False,41,244,173728,62464,62464,0,0,48800,86864,347456,262144,1.0500000000000003,1.05,1.0497184318240014,0.0,0.0,public_state_tabular_independent_mc,1,0.000793703440826981,2.792612800025381,True,accepted_return_check_disabled,0.1,1,,,,,,,2.465190328815662e-32,2.34704936890885e-08,1.0,,,
T-L,DA,mc_learned_baseline,False,41,245,174440,62720,62720,0,0,49000,87220,348880,262144,1.0500000000000003,1.05,1.0497184318240014,0.0,0.0,public_state_tabular_independent_mc,1,0.000793703440826981,2.8033502000616863,True,accepted_return_check_disabled,0.1,1,,,,,,,2.465190328815662e-32,2.34704936890885e-08,1.0,,,
T-L,DA,mc_learned_baseline,False,41,246,175152,62976,62976,0,0,49200,87576,350304,262144,1.0500000000000003,1.05,1.0497184318240014,0.0,0.0,public_state_tabular_independent_mc,1,0.000793703440826981,2.8144344000611454,True,accepted_return_check_disabled,0.1,1,,,,,,,2.465190328815662e-32,2.34704936890885e-08,1.0,,,
T-L,DA,mc_learned_baseline,False,41,247,175864,63232,63232,0,0,49400,87932,351728,262144,1.0500000000000003,1.05,1.0497184318240014,0.0,0.0,public_state_tabular_independent_mc,1,0.000793703440826981,2.8249545000726357,True,accepted_return_check_disabled,0.1,1,,,,,,,2.465190328815662e-32,2.34704936890885e-08,1.0,,,
T-L,DA,mc_learned_baseline,False,41,248,176576,63488,63488,0,0,49600,88288,353152,262144,1.0500000000000003,1.05,1.0497502805358825,3.18487118811106e-05,7.992970245826343e-07,public_state_tabular_independent_mc,0,0.0007036645503671462,2.8345458999974653,True,accepted_return_check_disabled,0.1,1,,,,,,,2.7465820312496886e-06,2.3176018250681885e-06,0.9978027343750002,,,
T-L,DA,mc_learned_baseline,False,41,249,177288,63744,63744,0,0,49800,88644,354576,262144,1.0500000000000003,1.05,1.0497502805358825,0.0,0.0,public_state_tabular_independent_mc,1,0.0007036645503671462,2.84537380002439,True,accepted_return_check_disabled,0.1,1,,,,,,,2.465190328815662e-32,1.7829409201608296e-08,1.0,,,
T-L,DA,mc_learned_baseline,False,41,250,178000,64000,64000,0,0,50000,89000,356000,262144,1.0500000000000003,1.05,1.0497502805358825,0.0,0.0,public_state_tabular_independent_mc,1,0.0007036645503671462,2.8594896000577137,True,accepted_return_check_disabled,0.1,1,,,,,,,2.465190328815662e-32,1.7829409201608296e-08,1.0,,,
T-L,DA,mc_learned_baseline,False,41,251,178712,64256,64256,0,0,50200,89356,357424,262144,1.0500000000000003,1.05,1.0497502805358825,0.0,0.0,public_state_tabular_independent_mc,1,0.0007036645503671462,2.8714500999776646,True,accepted_return_check_disabled,0.1,1,,,,,,,2.465190328815662e-32,1.7829409201608296e-08,1.0,,,
T-L,DA,mc_learned_baseline,False,41,252,179424,64512,64512,0,0,50400,89712,358848,262144,1.0500000000000003,1.05,1.0497502805358825,0.0,0.0,public_state_tabular_independent_mc,1,0.0007036645503671462,2.8805014999816194,True,accepted_return_check_disabled,0.1,1,,,,,,,2.465190328815662e-32,1.7829409201608296e-08,1.0,,,
T-L,DA,mc_learned_baseline,False,41,253,180136,64768,64768,0,0,50600,90068,360272,262144,1.0500000000000003,1.05,1.0497502805358825,0.0,0.0,public_state_tabular_independent_mc,1,0.0007036645503671462,2.8907442999770865,True,accepted_return_check_disabled,0.1,1,,,,,,,2.465190328815662e-32,1.7829409201608296e-08,1.0,,,
T-L,DA,mc_learned_baseline,False,41,254,180848,65024,65024,0,0,50800,90424,361696,262144,1.0500000000000003,1.05,1.0497502805358825,0.0,0.0,public_state_tabular_independent_mc,1,0.0007036645503671462,2.9034596000565216,True,accepted_return_check_disabled,0.1,1,,,,,,,2.465190328815662e-32,1.7829409201608296e-08,1.0,,,
T-L,DA,mc_learned_baseline,False,41,255,181560,65280,65280,0,0,51000,90780,363120,262144,1.0500000000000003,1.05,1.0497502805358825,0.0,0.0,public_state_tabular_independent_mc,1,0.0007036645503671462,2.913533000042662,True,accepted_return_check_disabled,0.1,1,,,,,,,2.465190328815662e-32,1.7829409201608296e-08,1.0,,,
T-L,DA,mc_learned_baseline,False,41,256,182272,65536,65536,0,0,51200,91136,364544,262144,1.0500000000000003,1.05,1.0497502805358825,0.0,0.0,public_state_tabular_independent_mc,1,0.0007036645503671462,2.927687400020659,True,accepted_return_check_disabled,0.1,1,,,,,,,2.465190328815662e-32,1.7829409201608296e-08,1.0,,,
T-L,DA,mc_learned_baseline,False,41,257,182984,65792,65792,0,0,51400,91492,365968,262144,1.0500000000000003,1.05,1.0497502805358825,0.0,0.0,public_state_tabular_independent_mc,1,0.0007036645503671462,2.9378149000694975,True,accepted_return_check_disabled,0.1,1,,,,,,,2.465190328815662e-32,1.7829409201608296e-08,1.0,,,
T-L,DA,mc_learned_baseline,False,41,258,183696,66048,66048,0,0,51600,91848,367392,262144,1.0500000000000003,1.05,1.0497502805358825,0.0,0.0,public_state_tabular_independent_mc,1,0.0007036645503671462,2.9489069000119343,True,accepted_return_check_disabled,0.1,1,,,,,,,2.465190328815662e-32,1.7829409201608296e-08,1.0,,,
T-L,DA,mc_learned_baseline,False,41,259,184408,66304,66304,0,0,51800,92204,368816,262144,1.0500000000000003,1.05,1.0497502805358825,0.0,0.0,public_state_tabular_independent_mc,1,0.0007036645503671462,2.958370100008324,True,accepted_return_check_disabled,0.1,1,,,,,,,2.465190328815662e-32,1.7829409201608296e-08,1.0,,,
T-L,DA,mc_learned_baseline,False,41,260,185120,66560,66560,0,0,52000,92560,370240,262144,1.0500000000000003,1.05,1.0497502805358825,0.0,0.0,public_state_tabular_independent_mc,1,0.0007036645503671462,2.970091100083664,True,accepted_return_check_disabled,0.1,1,,,,,,,2.465190328815662e-32,1.7829409201608296e-08,1.0,,,
T-L,DA,mc_learned_baseline,False,41,261,185832,66816,66816,0,0,52200,92916,371664,262144,1.0500000000000003,1.05,1.0497502805358825,0.0,0.0,public_state_tabular_independent_mc,1,0.0007036645503671462,2.9823938000481576,True,accepted_return_check_disabled,0.1,1,,,,,,,2.465190328815662e-32,1.7829409201608296e-08,1.0,,,
T-L,DA,mc_learned_baseline,False,41,262,186544,67072,67072,0,0,52400,93272,373088,262144,1.0500000000000003,1.05,1.0497502805358825,0.0,0.0,public_state_tabular_independent_mc,1,0.0007036645503671462,2.992030999972485,True,accepted_return_check_disabled,0.1,1,,,,,,,2.465190328815662e-32,1.7829409201608296e-08,1.0,,,
T-L,DA,mc_learned_baseline,False,41,263,187256,67328,67328,0,0,52600,93628,374512,262144,1.0500000000000003,1.05,1.0497502805358825,0.0,0.0,public_state_tabular_independent_mc,1,0.0007036645503671462,3.003872700035572,True,accepted_return_check_disabled,0.1,1,,,,,,,2.465190328815662e-32,1.7829409201608296e-08,1.0,,,
T-L,DA,mc_learned_baseline,False,41,264,187968,67584,67584,0,0,52800,93984,375936,262144,1.0500000000000003,1.05,1.0497502805358825,0.0,0.0,public_state_tabular_independent_mc,1,0.0007036645503671462,3.01440129999537,True,accepted_return_check_disabled,0.1,1,,,,,,,2.465190328815662e-32,1.7829409201608296e-08,1.0,,,
T-L,DA,mc_learned_baseline,False,41,265,188680,67840,67840,0,0,53000,94340,377360,262144,1.0500000000000003,1.05,1.0497502805358825,0.0,0.0,public_state_tabular_independent_mc,1,0.0007036645503671462,3.025014700018801,True,accepted_return_check_disabled,0.1,1,,,,,,,2.465190328815662e-32,1.7829409201608296e-08,1.0,,,
T-L,DA,mc_learned_baseline,False,41,266,189392,68096,68096,0,0,53200,94696,378784,262144,1.0500000000000003,1.05,1.0497502805358825,0.0,0.0,public_state_tabular_independent_mc,1,0.0007036645503671462,3.0369623000733554,True,accepted_return_check_disabled,0.1,1,,,,,,,2.465190328815662e-32,1.7829409201608296e-08,1.0,,,
T-L,DA,mc_learned_baseline,False,41,267,190104,68352,68352,0,0,53400,95052,380208,262144,1.0500000000000003,1.05,1.0497502805358825,0.0,0.0,public_state_tabular_independent_mc,1,0.0007036645503671462,3.0484568000538275,True,accepted_return_check_disabled,0.1,1,,,,,,,2.465190328815662e-32,1.7829409201608296e-08,1.0,,,
T-L,DA,mc_learned_baseline,False,41,268,190816,68608,68608,0,0,53600,95408,381632,262144,1.0500000000000003,1.05,1.0497502805358825,0.0,0.0,public_state_tabular_independent_mc,1,0.0007036645503671462,3.0589417000301182,True,accepted_return_check_disabled,0.1,1,,,,,,,2.465190328815662e-32,1.7829409201608296e-08,1.0,,,
T-L,DA,mc_learned_baseline,False,41,269,191528,68864,68864,0,0,53800,95764,383056,262144,1.0500000000000003,1.05,1.0497502805358825,0.0,0.0,public_state_tabular_independent_mc,1,0.0007036645503671462,3.069055199972354,True,accepted_return_check_disabled,0.1,1,,,,,,,2.465190328815662e-32,1.7829409201608296e-08,1.0,,,
T-L,DA,mc_learned_baseline,False,41,270,192240,69120,69120,0,0,54000,96120,384480,262144,1.0500000000000003,1.05,1.0497502805358825,0.0,0.0,public_state_tabular_independent_mc,1,0.0007036645503671462,3.0798893000464886,True,accepted_return_check_disabled,0.1,1,,,,,,,2.465190328815662e-32,1.7829409201608296e-08,1.0,,,
T-L,DA,mc_learned_baseline,False,41,271,192952,69376,69376,0,0,54200,96476,385904,262144,1.0500000000000003,1.05,1.0497502805358825,0.0,0.0,public_state_tabular_independent_mc,1,0.0007036645503671462,3.1146840000292286,True,accepted_return_check_disabled,0.1,1,,,,,,,2.465190328815662e-32,1.7829409201608296e-08,1.0,,,
T-L,DA,mc_learned_baseline,False,41,272,193664,69632,69632,0,0,54400,96832,387328,262144,1.0500000000000003,1.05,1.0497502805358825,0.0,0.0,public_state_tabular_independent_mc,1,0.0007036645503671462,3.1442294999724254,True,accepted_return_check_disabled,0.1,1,,,,,,,2.465190328815662e-32,1.7829409201608296e-08,1.0,,,
T-L,DA,mc_learned_baseline,False,41,273,194376,69888,69888,0,0,54600,97188,388752,262144,1.0500000000000003,1.05,1.0497502805358825,0.0,0.0,public_state_tabular_independent_mc,1,0.0007036645503671462,3.1623221000190824,True,accepted_return_check_disabled,0.1,1,,,,,,,2.465190328815662e-32,1.7829409201608296e-08,1.0,,,
T-L,DA,mc_learned_baseline,False,41,274,195088,70144,70144,0,0,54800,97544,390176,262144,1.0500000000000003,1.05,1.0497502805358825,0.0,0.0,public_state_tabular_independent_mc,1,0.0007036645503671462,3.1801475000102073,True,accepted_return_check_disabled,0.1,1,,,,,,,2.465190328815662e-32,1.7829409201608296e-08,1.0,,,
T-L,DA,mc_learned_baseline,False,41,275,195800,70400,70400,0,0,55000,97900,391600,262144,1.0500000000000003,1.05,1.0497502805358825,0.0,0.0,public_state_tabular_independent_mc,1,0.0007036645503671462,3.190069600008428,True,accepted_return_check_disabled,0.1,1,,,,,,,2.465190328815662e-32,1.7829409201608296e-08,1.0,,,
T-L,DA,mc_learned_baseline,False,41,276,196512,70656,70656,0,0,55200,98256,393024,262144,1.0500000000000003,1.05,1.0497502805358825,0.0,0.0,public_state_tabular_independent_mc,1,0.0007036645503671462,3.201077300007455,True,accepted_return_check_disabled,0.1,1,,,,,,,2.465190328815662e-32,1.7829409201608296e-08,1.0,,,
T-L,DA,mc_learned_baseline,False,41,277,197224,70912,70912,0,0,55400,98612,394448,262144,1.0500000000000003,1.05,1.0497502805358825,0.0,0.0,public_state_tabular_independent_mc,1,0.0007036645503671462,3.209750200039707,True,accepted_return_check_disabled,0.1,1,,,,,,,2.465190328815662e-32,1.7829409201608296e-08,1.0,,,
T-L,DA,mc_learned_baseline,False,41,278,197936,71168,71168,0,0,55600,98968,395872,262144,1.0500000000000003,1.05,1.0497502805358825,0.0,0.0,public_state_tabular_independent_mc,1,0.0007036645503671462,3.219211500021629,True,accepted_return_check_disabled,0.1,1,,,,,,,2.465190328815662e-32,1.7829409201608296e-08,1.0,,,
T-L,DA,mc_learned_baseline,False,41,279,198648,71424,71424,0,0,55800,99324,397296,262144,1.0500000000000003,1.05,1.0497502805358825,0.0,0.0,public_state_tabular_independent_mc,1,0.0007036645503671462,3.228051000041887,True,accepted_return_check_disabled,0.1,1,,,,,,,2.465190328815662e-32,1.7829409201608296e-08,1.0,,,
T-L,DA,mc_learned_baseline,False,41,280,199360,71680,71680,0,0,56000,99680,398720,262144,1.0500000000000003,1.05,1.0497502805358825,0.0,0.0,public_state_tabular_independent_mc,1,0.0007036645503671462,3.237938700011,True,accepted_return_check_disabled,0.1,1,,,,,,,2.465190328815662e-32,1.7829409201608296e-08,1.0,,,
T-L,DA,mc_learned_baseline,False,41,281,200072,71936,71936,0,0,56200,100036,400144,262144,1.0500000000000003,1.05,1.0497502805358825,0.0,0.0,public_state_tabular_independent_mc,1,0.0007036645503671462,3.2487145999912173,True,accepted_return_check_disabled,0.1,1,,,,,,,2.465190328815662e-32,1.7829409201608296e-08,1.0,,,
T-L,DA,mc_learned_baseline,False,41,282,200784,72192,72192,0,0,56400,100392,401568,262144,1.0500000000000003,1.05,1.0497502805358825,0.0,0.0,public_state_tabular_independent_mc,1,0.0007036645503671462,3.258731700014323,True,accepted_return_check_disabled,0.1,1,,,,,,,2.465190328815662e-32,1.7829409201608296e-08,1.0,,,
T-L,DA,mc_learned_baseline,False,41,283,201496,72448,72448,0,0,56600,100748,402992,262144,1.0500000000000003,1.05,1.0497502805358825,0.0,0.0,public_state_tabular_independent_mc,1,0.0007036645503671462,3.2701226000208408,True,accepted_return_check_disabled,0.1,1,,,,,,,2.465190328815662e-32,1.7829409201608296e-08,1.0,,,
T-L,DA,mc_learned_baseline,False,41,284,202208,72704,72704,0,0,56800,101104,404416,262144,1.0500000000000003,1.05,1.0497502805358825,0.0,0.0,public_state_tabular_independent_mc,1,0.0007036645503671462,3.2798027000389993,True,accepted_return_check_disabled,0.1,1,,,,,,,2.465190328815662e-32,1.7829409201608296e-08,1.0,,,
T-L,DA,mc_learned_baseline,False,41,285,202920,72960,72960,0,0,57000,101460,405840,262144,1.0500000000000003,1.05,1.0497502805358825,0.0,0.0,public_state_tabular_independent_mc,1,0.0007036645503671462,3.2890389000531286,True,accepted_return_check_disabled,0.1,1,,,,,,,2.465190328815662e-32,1.7829409201608296e-08,1.0,,,
T-L,DA,mc_learned_baseline,False,41,286,203632,73216,73216,0,0,57200,101816,407264,262144,1.0500000000000003,1.05,1.0497502805358825,0.0,0.0,public_state_tabular_independent_mc,1,0.0007036645503671462,3.2996065000770614,True,accepted_return_check_disabled,0.1,1,,,,,,,2.465190328815662e-32,1.7829409201608296e-08,1.0,,,
T-L,DA,mc_learned_baseline,False,41,287,204344,73472,73472,0,0,57400,102172,408688,262144,1.0500000000000003,1.05,1.0497502805358825,0.0,0.0,public_state_tabular_independent_mc,1,0.0007036645503671462,3.3111942000687122,True,accepted_return_check_disabled,0.1,1,,,,,,,2.465190328815662e-32,1.7829409201608296e-08,1.0,,,
T-L,DA,mc_learned_baseline,False,41,288,205056,73728,73728,0,0,57600,102528,410112,262144,1.0500000000000003,1.05,1.0497502805358825,0.0,0.0,public_state_tabular_independent_mc,1,0.0007036645503671462,3.321076499996707,True,accepted_return_check_disabled,0.1,1,,,,,,,2.465190328815662e-32,1.7829409201608296e-08,1.0,,,
T-L,DA,mc_learned_baseline,False,41,289,205768,73984,73984,0,0,57800,102884,411536,262144,1.0500000000000003,1.05,1.0497783618340095,2.808129812703619e-05,7.494652209933301e-07,public_state_tabular_independent_mc,0,0.0006228707386320821,3.330806100042537,True,accepted_return_check_disabled,0.1,1,,,,,,,6.594543457030985e-05,6.41120181006553e-05,0.9472436523437522,,,
T-L,DA,mc_learned_baseline,False,41,290,206480,74240,74240,0,0,58000,103240,412960,262144,1.0500000000000003,1.05,1.0497783618340095,0.0,0.0,public_state_tabular_independent_mc,1,0.0006228707386320821,3.3412106999894604,True,accepted_return_check_disabled,0.1,1,,,,,,,2.465190328815662e-32,1.3697070084383964e-08,1.0,,,
T-L,DA,mc_learned_baseline,False,41,291,207192,74496,74496,0,0,58200,103596,414384,262144,1.0500000000000003,1.05,1.0497783618340095,0.0,0.0,public_state_tabular_independent_mc,1,0.0006228707386320821,3.3501870000036433,True,accepted_return_check_disabled,0.1,1,,,,,,,2.465190328815662e-32,1.3697070084383964e-08,1.0,,,
T-L,DA,mc_learned_baseline,False,41,292,207904,74752,74752,0,0,58400,103952,415808,262144,1.0500000000000003,1.05,1.0497783618340095,0.0,0.0,public_state_tabular_independent_mc,1,0.0006228707386320821,3.36186770000495,True,accepted_return_check_disabled,0.1,1,,,,,,,2.465190328815662e-32,1.3697070084383964e-08,1.0,,,
T-L,DA,mc_learned_baseline,False,41,293,208616,75008,75008,0,0,58600,104308,417232,262144,1.0500000000000003,1.05,1.0497783618340095,0.0,0.0,public_state_tabular_independent_mc,1,0.0006228707386320821,3.3721586000174284,True,accepted_return_check_disabled,0.1,1,,,,,,,2.465190328815662e-32,1.3697070084383964e-08,1.0,,,
T-L,DA,mc_learned_baseline,False,41,294,209328,75264,75264,0,0,58800,104664,418656,262144,1.0500000000000003,1.05,1.0497783618340095,0.0,0.0,public_state_tabular_independent_mc,1,0.0006228707386320821,3.3812691000057384,True,accepted_return_check_disabled,0.1,1,,,,,,,2.465190328815662e-32,1.3697070084383964e-08,1.0,,,
T-L,DA,mc_learned_baseline,False,41,295,210040,75520,75520,0,0,59000,105020,420080,262144,1.0500000000000003,1.05,1.0497783618340095,0.0,0.0,public_state_tabular_independent_mc,1,0.0006228707386320821,3.3914665000047535,True,accepted_return_check_disabled,0.1,1,,,,,,,2.465190328815662e-32,1.3697070084383964e-08,1.0,,,
T-L,DA,mc_learned_baseline,False,41,296,210752,75776,75776,0,0,59200,105376,421504,262144,1.0500000000000003,1.05,1.0497783618340095,0.0,0.0,public_state_tabular_independent_mc,1,0.0006228707386320821,3.4016348000150174,True,accepted_return_check_disabled,0.1,1,,,,,,,2.465190328815662e-32,1.3697070084383964e-08,1.0,,,
T-L,DA,mc_learned_baseline,False,41,297,211464,76032,76032,0,0,59400,105732,422928,262144,1.0500000000000003,1.05,1.0497783618340095,0.0,0.0,public_state_tabular_independent_mc,1,0.0006228707386320821,3.4105924000032246,True,accepted_return_check_disabled,0.1,1,,,,,,,2.465190328815662e-32,1.3697070084383964e-08,1.0,,,
T-L,DA,mc_learned_baseline,False,41,298,212176,76288,76288,0,0,59600,106088,424352,262144,1.0500000000000003,1.05,1.0497783618340095,0.0,0.0,public_state_tabular_independent_mc,1,0.0006228707386320821,3.4220290000084788,True,accepted_return_check_disabled,0.1,1,,,,,,,2.465190328815662e-32,1.3697070084383964e-08,1.0,,,
T-L,DA,mc_learned_baseline,False,41,299,212888,76544,76544,0,0,59800,106444,425776,262144,1.0500000000000003,1.05,1.0497783618340095,0.0,0.0,public_state_tabular_independent_mc,1,0.0006228707386320821,3.4313109000213444,True,accepted_return_check_disabled,0.1,1,,,,,,,2.465190328815662e-32,1.3697070084383964e-08,1.0,,,
T-L,DA,mc_learned_baseline,False,41,300,213600,76800,76800,0,0,60000,106800,427200,262144,1.0500000000000003,1.05,1.0497783618340095,0.0,0.0,public_state_tabular_independent_mc,1,0.0006228707386320821,3.4480848000384867,True,accepted_return_check_disabled,0.1,1,,,,,,,2.465190328815662e-32,1.3697070084383964e-08,1.0,,,
T-L,DA,mc_learned_baseline,False,41,301,214312,77056,77056,0,0,60200,107156,428624,262144,1.0500000000000003,1.05,1.0497783618340095,0.0,0.0,public_state_tabular_independent_mc,1,0.0006228707386320821,3.458484100061469,True,accepted_return_check_disabled,0.1,1,,,,,,,2.465190328815662e-32,1.3697070084383964e-08,1.0,,,
T-L,DA,mc_learned_baseline,False,41,302,215024,77312,77312,0,0,60400,107512,430048,262144,1.0500000000000003,1.05,1.0497783618340095,0.0,0.0,public_state_tabular_independent_mc,1,0.0006228707386320821,3.4713250000495464,True,accepted_return_check_disabled,0.1,1,,,,,,,2.465190328815662e-32,1.3697070084383964e-08,1.0,,,
T-L,DA,mc_learned_baseline,False,41,303,215736,77568,77568,0,0,60600,107868,431472,262144,1.0500000000000003,1.05,1.0497783618340095,0.0,0.0,public_state_tabular_independent_mc,1,0.0006228707386320821,3.4841817000415176,True,accepted_return_check_disabled,0.1,1,,,,,,,2.465190328815662e-32,1.3697070084383964e-08,1.0,,,
T-L,DA,mc_learned_baseline,False,41,304,216448,77824,77824,0,0,60800,108224,432896,262144,1.0500000000000003,1.05,1.0497783618340095,0.0,0.0,public_state_tabular_independent_mc,1,0.0006228707386320821,3.4944877000525594,True,accepted_return_check_disabled,0.1,1,,,,,,,2.465190328815662e-32,1.3697070084383964e-08,1.0,,,
T-L,DA,mc_learned_baseline,False,41,305,217160,78080,78080,0,0,61000,108580,434320,262144,1.0500000000000003,1.05,1.0497783618340095,0.0,0.0,public_state_tabular_independent_mc,1,0.0006228707386320821,3.5047967999707907,True,accepted_return_check_disabled,0.1,1,,,,,,,2.465190328815662e-32,1.3697070084383964e-08,1.0,,,
T-L,DA,mc_learned_baseline,False,41,306,217872,78336,78336,0,0,61200,108936,435744,262144,1.0500000000000003,1.05,1.0497783618340095,0.0,0.0,public_state_tabular_independent_mc,1,0.0006228707386320821,3.5156293000327423,True,accepted_return_check_disabled,0.1,1,,,,,,,2.465190328815662e-32,1.3697070084383964e-08,1.0,,,
T-L,DA,mc_learned_baseline,False,41,307,218584,78592,78592,0,0,61400,109292,437168,262144,1.0500000000000003,1.05,1.0497783618340095,0.0,0.0,public_state_tabular_independent_mc,1,0.0006228707386320821,3.526318500051275,True,accepted_return_check_disabled,0.1,1,,,,,,,2.465190328815662e-32,1.3697070084383964e-08,1.0,,,
T-L,DA,mc_learned_baseline,False,41,308,219296,78848,78848,0,0,61600,109648,438592,262144,1.0500000000000003,1.05,1.0497783618340095,0.0,0.0,public_state_tabular_independent_mc,1,0.0006228707386320821,3.535897299996577,True,accepted_return_check_disabled,0.1,1,,,,,,,2.465190328815662e-32,1.3697070084383964e-08,1.0,,,
T-L,DA,mc_learned_baseline,False,41,309,220008,79104,79104,0,0,61800,110004,440016,262144,1.0500000000000003,1.05,1.0497783618340095,0.0,0.0,public_state_tabular_independent_mc,1,0.0006228707386320821,3.546592800063081,True,accepted_return_check_disabled,0.1,1,,,,,,,2.465190328815662e-32,1.3697070084383964e-08,1.0,,,
T-L,DA,mc_learned_baseline,False,41,310,220720,79360,79360,0,0,62000,110360,441440,262144,1.0500000000000003,1.0470000000000002,1.0497783618340095,0.0,0.0,public_state_tabular_independent_mc,1,0.0006228707386320821,3.556404000031762,True,accepted_return_check_disabled,0.1,1,,,,,,,2.465190328815662e-32,1.3697070084383964e-08,1.0,,,
T-L,DA,mc_learned_baseline,False,41,311,221432,79616,79616,0,0,62200,110716,442864,262144,1.0500000000000003,1.05,1.0497783618340095,0.0,0.0,public_state_tabular_independent_mc,1,0.0006228707386320821,3.5667162999743596,True,accepted_return_check_disabled,0.1,1,,,,,,,2.465190328815662e-32,1.3697070084383964e-08,1.0,,,
T-L,DA,mc_learned_baseline,False,41,312,222144,79872,79872,0,0,62400,111072,444288,262144,1.0500000000000003,1.05,1.0497783618340095,0.0,0.0,public_state_tabular_independent_mc,1,0.0006228707386320821,3.5781232999870554,True,accepted_return_check_disabled,0.1,1,,,,,,,2.465190328815662e-32,1.3697070084383964e-08,1.0,,,
T-L,DA,mc_learned_baseline,False,41,313,222856,80128,80128,0,0,62600,111428,445712,262144,1.0500000000000003,1.05,1.049816273639474,3.791180546452999e-05,8.946701947545492e-07,public_state_tabular_independent_mc,1,0.000524533002926239,3.589777800021693,True,accepted_return_check_disabled,0.1,1,,,,,,,9.335021972656141e-05,9.114820449482964e-05,0.99958740234375,,,
T-L,DA,mc_learned_baseline,False,41,314,223568,80384,80384,0,0,62800,111784,447136,262144,1.0408593750000001,1.05,1.0497685944351691,-4.7679204304929e-05,3.608373401116071e-06,public_state_tabular_independent_mc,1,0.0006724906049650124,3.599112000083551,True,accepted_return_check_disabled,0.1,1,,,,,,,0.011948828125000005,0.005348281860371603,0.05200576133645418,,,
T-L,DA,mc_learned_baseline,False,41,315,224280,80640,80640,0,0,63000,112140,448560,262144,1.0500000000000003,1.05,1.0497685944351691,0.0,0.0,public_state_tabular_independent_mc,1,0.0006724906049650124,3.6095028000418097,True,accepted_return_check_disabled,0.1,1,,,,,,,2.465190328815662e-32,1.6862369508614602e-08,1.0,,,
T-L,DA,mc_learned_baseline,False,41,316,224992,80896,80896,0,0,63200,112496,449984,262144,1.0500000000000003,1.05,1.0497685944351691,0.0,0.0,public_state_tabular_independent_mc,1,0.0006724906049650124,3.620729700080119,True,accepted_return_check_disabled,0.1,1,,,,,,,2.465190328815662e-32,1.6862369508614602e-08,1.0,,,
T-L,DA,mc_learned_baseline,False,41,317,225704,81152,81152,0,0,63400,112852,451408,262144,1.0500000000000003,1.05,1.0497685944351691,0.0,0.0,public_state_tabular_independent_mc,1,0.0006724906049650124,3.631416500080377,True,accepted_return_check_disabled,0.1,1,,,,,,,2.465190328815662e-32,1.6862369508614602e-08,1.0,,,
T-L,DA,mc_learned_baseline,False,41,318,226416,81408,81408,0,0,63600,113208,452832,262144,1.0500000000000003,1.05,1.0497685944351691,0.0,0.0,public_state_tabular_independent_mc,1,0.0006724906049650124,3.643140000058338,True,accepted_return_check_disabled,0.1,1,,,,,,,2.465190328815662e-32,1.6862369508614602e-08,1.0,,,
T-L,DA,mc_learned_baseline,False,41,319,227128,81664,81664,0,0,63800,113564,454256,262144,1.0500000000000003,1.05,1.0497685944351691,0.0,0.0,public_state_tabular_independent_mc,1,0.0006724906049650124,3.6542171000037342,True,accepted_return_check_disabled,0.1,1,,,,,,,2.465190328815662e-32,1.6862369508614602e-08,1.0,,,
T-L,DA,mc_learned_baseline,False,41,320,227840,81920,81920,0,0,64000,113920,455680,262144,1.0500000000000003,1.05,1.0497984258461188,2.9831410949698878e-05,7.980304431792432e-07,public_state_tabular_independent_mc,0,0.0005871303901100883,3.664906600024551,True,accepted_return_check_disabled,0.1,1,,,,,,,7.426757812499754e-05,7.220170630657513e-05,0.9405859375000021,,,
T-L,DA,mc_learned_baseline,False,41,321,228552,82176,82176,0,0,64200,114276,457104,262144,1.0500000000000003,1.05,1.0497984258461188,0.0,0.0,public_state_tabular_independent_mc,1,0.0005871303901100883,3.675810300046578,True,accepted_return_check_disabled,0.1,1,,,,,,,2.465190328815662e-32,1.220940609260976e-08,1.0,,,
T-L,DA,mc_learned_baseline,False,41,322,229264,82432,82432,0,0,64400,114632,458528,262144,1.0500000000000003,1.05,1.0497984258461188,0.0,0.0,public_state_tabular_independent_mc,1,0.0005871303901100883,3.688147700042464,True,accepted_return_check_disabled,0.1,1,,,,,,,2.465190328815662e-32,1.220940609260976e-08,1.0,,,
T-L,DA,mc_learned_baseline,False,41,323,229976,82688,82688,0,0,64600,114988,459952,262144,1.0500000000000003,1.05,1.0497984258461188,0.0,0.0,public_state_tabular_independent_mc,1,0.0005871303901100883,3.7009627000661567,True,accepted_return_check_disabled,0.1,1,,,,,,,2.465190328815662e-32,1.220940609260976e-08,1.0,,,
T-L,DA,mc_learned_baseline,False,41,324,230688,82944,82944,0,0,64800,115344,461376,262144,1.0500000000000003,1.05,1.0497984258461188,0.0,0.0,public_state_tabular_independent_mc,1,0.0005871303901100883,3.71433019998949,True,accepted_return_check_disabled,0.1,1,,,,,,,2.465190328815662e-32,1.220940609260976e-08,1.0,,,
T-L,DA,mc_learned_baseline,False,41,325,231400,83200,83200,0,0,65000,115700,462800,262144,1.0500000000000003,1.05,1.0497984258461188,0.0,0.0,public_state_tabular_independent_mc,1,0.0005871303901100883,3.7248521000146866,True,accepted_return_check_disabled,0.1,1,,,,,,,2.465190328815662e-32,1.220940609260976e-08,1.0,,,
T-L,DA,mc_learned_baseline,False,41,326,232112,83456,83456,0,0,65200,116056,464224,262144,1.0500000000000003,1.05,1.0498327986479012,3.437280178242297e-05,8.328452592613785e-07,public_state_tabular_independent_mc,1,0.0004945710224875673,3.7358976000687107,True,accepted_return_check_disabled,0.1,1,,,,,,,9.335021972656141e-05,9.139016629404177e-05,0.99958740234375,,,
T-L,DA,mc_learned_baseline,False,41,327,232824,83712,83712,0,0,65400,116412,465648,262144,1.0500000000000003,1.05,1.0498327986479012,0.0,0.0,public_state_tabular_independent_mc,1,0.0004945710224875673,3.7481666000094265,True,accepted_return_check_disabled,0.1,1,,,,,,,2.465190328815662e-32,8.382860778245999e-09,1.0,,,
T-L,DA,mc_learned_baseline,False,41,328,233536,83968,83968,0,0,65600,116768,467072,262144,1.0500000000000003,1.05,1.0498327986479012,0.0,0.0,public_state_tabular_independent_mc,1,0.0004945710224875673,3.7590184999862686,True,accepted_return_check_disabled,0.1,1,,,,,,,2.465190328815662e-32,8.382860778245999e-09,1.0,,,
T-L,DA,mc_learned_baseline,False,41,329,234248,84224,84224,0,0,65800,117124,468496,262144,1.0500000000000003,1.05,1.0498327986479012,0.0,0.0,public_state_tabular_independent_mc,1,0.0004945710224875673,3.768631200073287,True,accepted_return_check_disabled,0.1,1,,,,,,,2.465190328815662e-32,8.382860778245999e-09,1.0,,,
T-L,DA,mc_learned_baseline,False,41,330,234960,84480,84480,0,0,66000,117480,469920,262144,1.0500000000000003,1.05,1.0498327986479012,0.0,0.0,public_state_tabular_independent_mc,1,0.0004945710224875673,3.7787767000263557,True,accepted_return_check_disabled,0.1,1,,,,,,,2.465190328815662e-32,8.382860778245999e-09,1.0,,,
T-L,DA,mc_learned_baseline,False,41,331,235672,84736,84736,0,0,66200,117836,471344,262144,1.0500000000000003,1.05,1.0498327986479012,0.0,0.0,public_state_tabular_independent_mc,1,0.0004945710224875673,3.788405100000091,True,accepted_return_check_disabled,0.1,1,,,,,,,2.465190328815662e-32,8.382860778245999e-09,1.0,,,
T-L,DA,mc_learned_baseline,False,41,332,236384,84992,84992,0,0,66400,118192,472768,262144,1.0500000000000003,1.05,1.0498327986479012,0.0,0.0,public_state_tabular_independent_mc,1,0.0004945710224875673,3.79940949997399,True,accepted_return_check_disabled,0.1,1,,,,,,,2.465190328815662e-32,8.382860778245999e-09,1.0,,,
T-L,DA,mc_learned_baseline,False,41,333,237096,85248,85248,0,0,66600,118548,474192,262144,1.0500000000000003,1.05,1.0498512396215331,1.8440973631905777e-05,4.408987588820626e-07,public_state_tabular_independent_mc,0,0.0004399510280023903,3.8114550000755116,True,accepted_return_check_disabled,0.1,1,,,,,,,2.7465820312496886e-06,2.4814879562022543e-06,0.9978027343750002,,,
T-L,DA,mc_learned_baseline,False,41,334,237808,85504,85504,0,0,66800,118904,475616,262144,1.0500000000000003,1.05,1.0498512396215331,0.0,0.0,public_state_tabular_independent_mc,1,0.0004399510280023903,3.8224508999846876,True,accepted_return_check_disabled,0.1,1,,,,,,,2.465190328815662e-32,6.40113832182346e-09,1.0,,,
T-L,DA,mc_learned_baseline,False,41,335,238520,85760,85760,0,0,67000,119260,477040,262144,1.0500000000000003,1.05,1.0498512396215331,0.0,0.0,public_state_tabular_independent_mc,1,0.0004399510280023903,3.8323255999712273,True,accepted_return_check_disabled,0.1,1,,,,,,,2.465190328815662e-32,6.40113832182346e-09,1.0,,,
T-L,DA,mc_learned_baseline,False,41,336,239232,86016,86016,0,0,67200,119616,478464,262144,1.0500000000000003,1.05,1.0498512396215331,0.0,0.0,public_state_tabular_independent_mc,1,0.0004399510280023903,3.844347200007178,True,accepted_return_check_disabled,0.1,1,,,,,,,2.465190328815662e-32,6.40113832182346e-09,1.0,,,
T-L,DA,mc_learned_baseline,False,41,337,239944,86272,86272,0,0,67400,119972,479888,262144,1.0500000000000003,1.05,1.0498512396215331,0.0,0.0,public_state_tabular_independent_mc,1,0.0004399510280023903,3.854556899983436,True,accepted_return_check_disabled,0.1,1,,,,,,,2.465190328815662e-32,6.40113832182346e-09,1.0,,,
T-L,DA,mc_learned_baseline,False,41,338,240656,86528,86528,0,0,67600,120328,481312,262144,1.0500000000000003,1.05,1.0498512396215331,0.0,0.0,public_state_tabular_independent_mc,1,0.0004399510280023903,3.8683145999675617,True,accepted_return_check_disabled,0.1,1,,,,,,,2.465190328815662e-32,6.40113832182346e-09,1.0,,,
T-L,DA,mc_learned_baseline,False,41,339,241368,86784,86784,0,0,67800,120684,482736,262144,1.0500000000000003,1.05,1.0498512396215331,0.0,0.0,public_state_tabular_independent_mc,1,0.0004399510280023903,3.877540900022723,True,accepted_return_check_disabled,0.1,1,,,,,,,2.465190328815662e-32,6.40113832182346e-09,1.0,,,
T-L,DA,mc_learned_baseline,False,41,340,242080,87040,87040,0,0,68000,121040,484160,262144,1.0500000000000003,1.05,1.0498512396215331,0.0,0.0,public_state_tabular_independent_mc,1,0.0004399510280023903,3.887717599980533,True,accepted_return_check_disabled,0.1,1,,,,,,,2.465190328815662e-32,6.40113832182346e-09,1.0,,,
T-L,DA,mc_learned_baseline,False,41,341,242792,87296,87296,0,0,68200,121396,485584,262144,1.0500000000000003,1.05,1.0498512396215331,0.0,0.0,public_state_tabular_independent_mc,1,0.0004399510280023903,3.898125300067477,True,accepted_return_check_disabled,0.1,1,,,,,,,2.465190328815662e-32,6.40113832182346e-09,1.0,,,
T-L,DA,mc_learned_baseline,False,41,342,243504,87552,87552,0,0,68400,121752,487008,262144,1.0500000000000003,1.05,1.0498512396215331,0.0,0.0,public_state_tabular_independent_mc,1,0.0004399510280023903,3.9076306000351906,True,accepted_return_check_disabled,0.1,1,,,,,,,2.465190328815662e-32,6.40113832182346e-09,1.0,,,
T-L,DA,mc_learned_baseline,False,41,343,244216,87808,87808,0,0,68600,122108,488432,262144,1.0500000000000003,1.05,1.0498512396215331,0.0,0.0,public_state_tabular_independent_mc,1,0.0004399510280023903,3.9184064000146464,True,accepted_return_check_disabled,0.1,1,,,,,,,2.465190328815662e-32,6.40113832182346e-09,1.0,,,
T-L,DA,mc_learned_baseline,False,41,344,244928,88064,88064,0,0,68800,122464,489856,262144,1.0500000000000003,1.05,1.0498512396215331,0.0,0.0,public_state_tabular_independent_mc,1,0.0004399510280023903,3.9283053000690416,True,accepted_return_check_disabled,0.1,1,,,,,,,2.465190328815662e-32,6.40113832182346e-09,1.0,,,
T-L,DA,mc_learned_baseline,False,41,345,245640,88320,88320,0,0,69000,122820,491280,262144,1.0500000000000003,1.05,1.0498512396215331,0.0,0.0,public_state_tabular_independent_mc,1,0.0004399510280023903,3.937807000009343,True,accepted_return_check_disabled,0.1,1,,,,,,,2.465190328815662e-32,6.40113832182346e-09,1.0,,,
T-L,DA,mc_learned_baseline,False,41,346,246352,88576,88576,0,0,69200,123176,492704,262144,1.0500000000000003,1.05,1.0498512396215331,0.0,0.0,public_state_tabular_independent_mc,1,0.0004399510280023903,3.9534193000290543,True,accepted_return_check_disabled,0.1,1,,,,,,,2.465190328815662e-32,6.40113832182346e-09,1.0,,,
T-L,DA,mc_learned_baseline,False,41,347,247064,88832,88832,0,0,69400,123532,494128,262144,1.0500000000000003,1.05,1.0498512396215331,0.0,0.0,public_state_tabular_independent_mc,1,0.0004399510280023903,3.965638400055468,True,accepted_return_check_disabled,0.1,1,,,,,,,2.465190328815662e-32,6.40113832182346e-09,1.0,,,
T-L,DA,mc_learned_baseline,False,41,348,247776,89088,89088,0,0,69600,123888,495552,262144,1.0500000000000003,1.05,1.0498512396215331,0.0,0.0,public_state_tabular_independent_mc,1,0.0004399510280023903,3.9780169000150636,True,accepted_return_check_disabled,0.1,1,,,,,,,2.465190328815662e-32,6.40113832182346e-09,1.0,,,
T-L,DA,mc_learned_baseline,False,41,349,248488,89344,89344,0,0,69800,124244,496976,262144,1.0500000000000003,1.05,1.0498512396215331,0.0,0.0,public_state_tabular_independent_mc,1,0.0004399510280023903,3.9865864000748843,True,accepted_return_check_disabled,0.1,1,,,,,,,2.465190328815662e-32,6.40113832182346e-09,1.0,,,
T-L,DA,mc_learned_baseline,False,41,350,249200,89600,89600,0,0,70000,124600,498400,262144,1.0500000000000003,1.05,1.0498512396215331,0.0,0.0,public_state_tabular_independent_mc,1,0.0004399510280023903,3.9973131000297144,True,accepted_return_check_disabled,0.1,1,,,,,,,2.465190328815662e-32,6.40113832182346e-09,1.0,,,
T-L,DA,mc_learned_baseline,False,41,351,249912,89856,89856,0,0,70200,124956,499824,262144,1.0500000000000003,1.05,1.0498512396215331,0.0,0.0,public_state_tabular_independent_mc,1,0.0004399510280023903,4.011749400058761,True,accepted_return_check_disabled,0.1,1,,,,,,,2.465190328815662e-32,6.40113832182346e-09,1.0,,,
T-L,DA,mc_learned_baseline,False,41,352,250624,90112,90112,0,0,70400,125312,501248,262144,1.0500000000000003,1.05,1.0498512396215331,0.0,0.0,public_state_tabular_independent_mc,1,0.0004399510280023903,4.021763700060546,True,accepted_return_check_disabled,0.1,1,,,,,,,2.465190328815662e-32,6.40113832182346e-09,1.0,,,
T-L,DA,mc_learned_baseline,False,41,353,251336,90368,90368,0,0,70600,125668,502672,262144,1.0500000000000003,1.05,1.0498512396215331,0.0,0.0,public_state_tabular_independent_mc,1,0.0004399510280023903,4.031391200027429,True,accepted_return_check_disabled,0.1,1,,,,,,,2.465190328815662e-32,6.40113832182346e-09,1.0,,,
T-L,DA,mc_learned_baseline,False,41,354,252048,90624,90624,0,0,70800,126024,504096,262144,1.0500000000000003,1.05,1.0498512396215331,0.0,0.0,public_state_tabular_independent_mc,1,0.0004399510280023903,4.044239600072615,True,accepted_return_check_disabled,0.1,1,,,,,,,2.465190328815662e-32,6.40113832182346e-09,1.0,,,
T-L,DA,mc_learned_baseline,False,41,355,252760,90880,90880,0,0,71000,126380,505520,262144,1.0500000000000003,1.05,1.0498512396215331,0.0,0.0,public_state_tabular_independent_mc,1,0.0004399510280023903,4.054564399993978,True,accepted_return_check_disabled,0.1,1,,,,,,,2.465190328815662e-32,6.40113832182346e-09,1.0,,,
T-L,DA,mc_learned_baseline,False,41,356,253472,91136,91136,0,0,71200,126736,506944,262144,1.0500000000000003,1.05,1.0498512396215331,0.0,0.0,public_state_tabular_independent_mc,1,0.0004399510280023903,4.0643380000256,True,accepted_return_check_disabled,0.1,1,,,,,,,2.465190328815662e-32,6.40113832182346e-09,1.0,,,
T-L,DA,mc_learned_baseline,False,41,357,254184,91392,91392,0,0,71400,127092,508368,262144,1.0500000000000003,1.05,1.0498512396215331,0.0,0.0,public_state_tabular_independent_mc,1,0.0004399510280023903,4.074294200050645,True,accepted_return_check_disabled,0.1,1,,,,,,,2.465190328815662e-32,6.40113832182346e-09,1.0,,,
T-L,DA,mc_learned_baseline,False,41,358,254896,91648,91648,0,0,71600,127448,509792,262144,1.0500000000000003,1.05,1.0498512396215331,0.0,0.0,public_state_tabular_independent_mc,1,0.0004399510280023903,4.08510450005997,True,accepted_return_check_disabled,0.1,1,,,,,,,2.465190328815662e-32,6.40113832182346e-09,1.0,,,
T-L,DA,mc_learned_baseline,False,41,359,255608,91904,91904,0,0,71800,127804,511216,262144,1.0500000000000003,1.05,1.0498512396215331,0.0,0.0,public_state_tabular_independent_mc,1,0.0004399510280023903,4.0980896999826655,True,accepted_return_check_disabled,0.1,1,,,,,,,2.465190328815662e-32,6.40113832182346e-09,1.0,,,
T-L,DA,mc_learned_baseline,False,41,360,256320,92160,92160,0,0,72000,128160,512640,262144,1.0500000000000003,1.05,1.0498681547320012,1.691511046808536e-05,4.4541879463931103e-07,public_state_tabular_independent_mc,0,0.0003890286279913621,4.107573900022544,True,accepted_return_check_disabled,0.1,1,,,,,,,6.594543457030985e-05,6.48235817796398e-05,0.9472436523437522,,,
T-L,DA,mc_learned_baseline,False,41,361,257032,92416,92416,0,0,72200,128516,514064,262144,1.0500000000000003,1.05,1.0498681547320012,0.0,0.0,public_state_tabular_independent_mc,1,0.0003890286279913621,4.118662800057791,True,accepted_return_check_disabled,0.1,1,,,,,,,2.465190328815662e-32,4.88241574156461e-09,1.0,,,
T-L,DA,mc_learned_baseline,False,41,362,257744,92672,92672,0,0,72400,128872,515488,262144,1.0500000000000003,1.05,1.0498681547320012,0.0,0.0,public_state_tabular_independent_mc,1,0.0003890286279913621,4.129107000073418,True,accepted_return_check_disabled,0.1,1,,,,,,,2.465190328815662e-32,4.88241574156461e-09,1.0,,,
T-L,DA,mc_learned_baseline,False,41,363,258456,92928,92928,0,0,72600,129228,516912,262144,1.0500000000000003,1.05,1.0498681547320012,0.0,0.0,public_state_tabular_independent_mc,1,0.0003890286279913621,4.1379926999798045,True,accepted_return_check_disabled,0.1,1,,,,,,,2.465190328815662e-32,4.88241574156461e-09,1.0,,,
T-L,DA,mc_learned_baseline,False,41,364,259168,93184,93184,0,0,72800,129584,518336,262144,1.0500000000000003,1.05,1.0498681547320012,0.0,0.0,public_state_tabular_independent_mc,1,0.0003890286279913621,4.148846299969591,True,accepted_return_check_disabled,0.1,1,,,,,,,2.465190328815662e-32,4.88241574156461e-09,1.0,,,
T-L,DA,mc_learned_baseline,False,41,365,259880,93440,93440,0,0,73000,129940,519760,262144,1.0500000000000003,1.05,1.0498681547320012,0.0,0.0,public_state_tabular_independent_mc,1,0.0003890286279913621,4.157988600083627,True,accepted_return_check_disabled,0.1,1,,,,,,,2.465190328815662e-32,4.88241574156461e-09,1.0,,,
T-L,DA,mc_learned_baseline,False,41,366,260592,93696,93696,0,0,73200,130296,521184,262144,1.0500000000000003,1.05,1.0498681547320012,0.0,0.0,public_state_tabular_independent_mc,1,0.0003890286279913621,4.169029199983925,True,accepted_return_check_disabled,0.1,1,,,,,,,2.465190328815662e-32,4.88241574156461e-09,1.0,,,
T-L,DA,mc_learned_baseline,False,41,367,261304,93952,93952,0,0,73400,130652,522608,262144,1.0500000000000003,1.05,1.0498681547320012,0.0,0.0,public_state_tabular_independent_mc,1,0.0003890286279913621,4.179238100070506,True,accepted_return_check_disabled,0.1,1,,,,,,,2.465190328815662e-32,4.88241574156461e-09,1.0,,,
T-L,DA,mc_learned_baseline,False,41,368,262016,94208,94208,0,0,73600,131008,524032,262144,1.0500000000000003,1.05,1.0498681547320012,0.0,0.0,public_state_tabular_independent_mc,1,0.0003890286279913621,4.199174500070512,True,accepted_return_check_disabled,0.1,1,,,,,,,2.465190328815662e-32,4.88241574156461e-09,1.0,,,
