experiment,method,label,oracle_label_group,seed,update,source_steps_total,source_steps_training,source_steps_critic,source_steps_direction_check,source_steps_return_check,source_steps_monitor,source_complete_episodes,agent_decisions,budget,training_return,monitor_return,exact_source_return_diagnostic,actual_return_gain_diagnostic,old_new_kl,baseline_kind,baseline_missing_states,entropy,seconds,accepted,reason,eta,attempts,forward_kl_training,direction_loss,direction_steps,q_bound,direction_check_score,direction_check_mode,return_check_gain,return_check_mode,return_check_standard_error,critic_validation_mse,label_mse_against_exact_joint_advantage,critic_explained_variance,direction_error,direction_norm,exact_direction_score_diagnostic
T-L,AN,mc_learned_baseline,False,46,1,3784,256,256,1024,2048,200,1892,7568,262144,0.19148437499999996,0.2754,0.3537805067478608,0.034766506747860804,0.00048014453156419224,public_state_tabular_independent_mc,0,0.6154101721564078,0.048884599935263395,True,accepted_empirical,0.1,1,4.083214628530262e-09,-0.09295686636771183,100,5.0,0.0762423047261617,empirical,0.03779296875,empirical,0.00995280072743754,0.4074925527356591,0.1717049778337192,0.012895825385180526,0.0016149602719140095,0.09742593899636695,0.08713260046703336
T-L,AN,mc_learned_baseline,False,46,2,7568,512,512,2048,4096,400,3784,15136,262144,0.39328125,0.3617999999999999,0.3857170669897008,0.031936560241839995,0.0003987933129062147,public_state_tabular_independent_mc,0,0.6059751764409893,0.09557899995706975,True,accepted_empirical,0.1,1,1.9588616099844522e-09,-0.08049076911317193,100,5.0,0.08810738845234169,empirical,0.044062500000000004,empirical,0.010470075692998751,0.4068431512721342,0.172473837063684,0.007834212861944967,0.00038702227894290463,0.08074724035583933,0.08894969782813664
T-L,AN,mc_learned_baseline,False,46,3,11352,768,768,3072,6144,600,5676,22704,262144,0.30351562499999996,0.5138999999999999,0.4189895996282803,0.03327253263857949,0.00043463392896665406,public_state_tabular_independent_mc,0,0.5949852324864007,0.14409059996251017,True,accepted_empirical,0.1,1,7.733575767907346e-09,-0.08772853807452943,100,5.0,0.08760944192551738,empirical,0.039609375,empirical,0.009354699538112111,0.4476620265629334,0.193861909018366,0.03462149794633196,0.000279559125108664,0.08812812869407402,0.08910756793969724
T-L,AN,mc_learned_baseline,False,46,4,15136,1024,1024,4096,8192,800,7568,30272,262144,0.393046875,0.5492999999999999,0.45402748954400224,0.03503788991572193,0.0004907004596428516,public_state_tabular_independent_mc,0,0.5836265037320995,0.19246269995346665,True,accepted_empirical,0.1,1,3.0012463965631512e-09,-0.09989031163644667,100,5.0,0.08344347326663316,empirical,0.04189453125,empirical,0.010058358925474119,0.4051957002416941,0.1721693695850156,0.009012405843473181,0.0012909459048499792,0.09990682621692584,0.0876460078471929
T-L,AN,mc_learned_baseline,False,46,5,18920,1280,1280,5120,10240,1000,9460,37840,262144,0.4228125,0.39629999999999993,0.48672640038874243,0.03269891084474019,0.0004350191805279156,public_state_tabular_independent_mc,0,0.5721338593899008,0.2412176999496296,True,accepted_empirical,0.1,1,5.190161389782449e-09,-0.08927041382931405,100,5.0,0.08883973268677939,empirical,0.030410156249999997,empirical,0.009378100813679043,0.3969432863383908,0.1692874075536419,0.0023720021754668474,0.0009443583037635305,0.08939778009134858,0.08680471739537066
T-L,AN,mc_learned_baseline,False,46,6,22704,1536,1536,6144,12288,1200,11352,45408,262144,0.50109375,0.5244,0.5195763783820933,0.03284997799335082,0.00045767272525669764,public_state_tabular_independent_mc,0,0.5588955667241946,0.289663799921982,True,accepted_empirical,0.1,1,5.306983066353092e-09,-0.09061552969187399,100,5.0,0.0802165879856407,empirical,0.030996093750000002,empirical,0.00994207784658303,0.3836238227032463,0.16137827091448886,0.007831556835983688,0.002807456954389191,0.09256496090606921,0.08319476559880178
T-L,AN,mc_learned_baseline,False,46,7,26488,1792,1792,7168,14336,1400,13244,52976,262144,0.54328125,0.4958999999999999,0.5486977043281068,0.029121325946013576,0.00036598020027176154,public_state_tabular_independent_mc,0,0.5477781503609198,0.34988049999810755,True,accepted_empirical,0.1,1,2.6215869797134092e-09,-0.07515539379384102,100,5.0,0.09056719214745199,empirical,0.013476562499999999,empirical,0.005162185702715672,0.3542593998915485,0.15049941193898703,0.005515720753195175,0.001780179197403533,0.07503344033652604,0.08221964987547714
T-L,AN,mc_learned_baseline,False,46,8,30272,2048,2048,8192,16384,1600,15136,60544,262144,0.448828125,0.6081,0.5817928240409853,0.033095119712878485,0.0004843449872084524,public_state_tabular_independent_mc,0,0.5341300401641423,0.39489309990312904,True,accepted_empirical,0.1,1,1.205627756754809e-09,-0.1002702921102391,100,5.0,0.0739234926953547,empirical,0.005859374999999999,empirical,0.007223959861830716,0.3952762150694923,0.16464646410914638,0.010284451101300052,0.0013169930784425554,0.09969827301674974,0.08007966646241546
T-L,AN,mc_learned_baseline,False,46,9,34056,2304,2304,9216,18432,1800,17028,68112,262144,0.6442968750000001,0.5583,0.6097149895883457,0.027922165547360378,0.0003719342041547083,public_state_tabular_independent_mc,0,0.5221224791722072,0.43689779995474964,True,accepted_empirical,0.1,1,3.2449647161885927e-09,-0.07815190335963026,100,5.0,0.06735762945950566,empirical,0.0348046875,empirical,0.00872952867829982,0.3107724864676805,0.13395601852084388,-0.013121260513226929,0.002565924482804688,0.07682795743450455,0.07537820068109813
T-L,AN,mc_learned_baseline,False,46,10,37840,2560,2560,10240,20480,2000,18920,75680,262144,0.5946093750000001,0.7497,0.6379367937358784,0.028221804147532725,0.0003862700759757223,public_state_tabular_independent_mc,0,0.5091736557020123,0.4778637000126764,True,accepted_empirical,0.1,1,2.277624134409962e-09,-0.07918133531047308,100,5.0,0.07043195829968452,empirical,0.047402343750000006,empirical,0.010786807009894178,0.33620949353267204,0.13581231649639205,0.01975499620733423,0.0002392083804790409,0.07967729831866308,0.07416822652806246
T-L,AN,mc_learned_baseline,False,46,11,41624,2816,2816,11264,22528,2200,20812,83248,262144,0.5350781250000001,0.6555,0.6684137127553105,0.03047691901943206,0.0005111420986860513,public_state_tabular_independent_mc,0,0.49453618183239706,0.5241777999326587,True,accepted_empirical,0.1,1,9.240416547746593e-09,-0.10198142350009845,100,5.0,0.07143492057642636,empirical,0.02548828125,empirical,0.008928728762918213,0.35340532674984054,0.15128633074139314,-0.018854970021852324,0.008928817779879923,0.10672479809299296,0.061657977948773174
T-L,AN,mc_learned_baseline,False,46,12,45408,3072,3072,12288,24576,2400,22704,90816,262144,0.63375,0.6216,0.6923864375255226,0.023972724770212173,0.0003440114805180857,public_state_tabular_independent_mc,0,0.4820737975987702,0.5723425999749452,True,accepted_empirical,0.1,1,9.496181122738768e-10,-0.07343236278973646,100,5.0,0.04918313330141912,empirical,0.022500000000000003,empirical,0.0071568707323145546,0.30745762254931464,0.11771688228832067,0.040083508733573026,0.0055444496593139905,0.07048643428837212,0.060125740574956926
T-L,AN,mc_learned_baseline,False,46,13,49192,3328,3328,13312,26624,2600,24596,98384,262144,0.7075781250000002,0.8034,0.7160324814817729,0.02364604395625025,0.0003396111300613409,public_state_tabular_independent_mc,0,0.46966288071895856,0.6183597999624908,True,accepted_empirical,0.1,1,5.922028521102823e-09,-0.06963886851459662,100,5.0,0.06023986535403067,empirical,0.0216796875,empirical,0.006826896365990999,0.262352048828125,0.11488221302472332,0.00332226565406879,0.001994642413069134,0.06974580591277428,0.05988441111506747
T-L,AN,mc_learned_baseline,False,46,14,52976,3584,3584,14336,28672,2800,26488,105952,262144,0.6989062500000001,0.7142999999999999,0.738406581850896,0.02237410036912313,0.0003225002391700709,public_state_tabular_independent_mc,0,0.4573383313673318,0.6717395999003202,True,accepted_empirical,0.1,1,4.5438470150124265e-09,-0.0663498591455335,100,5.0,0.04989457964513756,empirical,0.011660156250000001,empirical,0.005526178880654281,0.2608390329861111,0.10933579652469777,0.002895102379153802,0.000836005595305781,0.06673900625806284,0.056572913351314424
T-L,AN,mc_learned_baseline,False,46,15,56760,3840,3840,15360,30720,3000,28380,113520,262144,0.6946875000000001,0.7863,0.7581146185820209,0.019708036731124867,0.00027465821061776514,public_state_tabular_independent_mc,0,0.44615734904492793,0.721393599989824,True,accepted_empirical,0.1,1,1.1030812389992995e-09,-0.057834087361120126,100,5.0,0.049642988134888856,empirical,0.017109375,empirical,0.006268112781507789,0.2542905555077652,0.09968703941363019,0.030429058253399588,0.0012129220119731457,0.05655478403038682,0.05171831657376164
T-L,AN,mc_learned_baseline,False,46,16,60544,4096,4096,16384,32768,3200,30272,121088,262144,0.7582031250000001,0.8976000000000001,0.776756195006553,0.018641576424532125,0.00026649418644712,public_state_tabular_independent_mc,0,0.4343569532040751,0.771852899924852,True,accepted_empirical,0.1,1,3.6174520453360707e-09,-0.05438944351885247,100,5.0,0.027722180681907963,empirical,0.0179296875,empirical,0.00783318091211123,0.203152657056882,0.0827633734190946,0.008292348912003256,0.001049674330912083,0.05478874809868882,0.04773636827349308
T-L,AN,mc_learned_baseline,False,46,17,64328,4352,4352,17408,34816,3400,32164,128656,262144,0.7605468750000002,0.7593000000000001,0.7946574677510564,0.01790127274450337,0.0002867877666227615,public_state_tabular_independent_mc,0,0.4229679320988231,0.830394999939017,True,accepted_empirical,0.1,1,2.3860431924115885e-09,-0.059594525910442765,100,5.0,0.0316461837198887,empirical,0.008613281250000002,empirical,0.005266458071939793,0.21370259998370472,0.08409476840879021,0.02650494286467142,0.0049848291219719565,0.059946027900519484,0.03974436796252428
T-L,AN,mc_learned_baseline,False,46,18,68112,4608,4608,18432,36864,3600,34056,136224,262144,0.8390625000000003,0.8481000000000001,0.806153924875245,0.011496457124188564,0.000122141547759511,public_state_tabular_independent_mc,0,0.41473491616394476,0.8939953999361023,True,accepted_empirical,0.1,1,9.151427860891428e-10,-0.024669188786598982,100,5.0,0.03151870962494034,empirical,0.006328125,empirical,0.0033790433369176925,0.12554127924433323,0.05039385215616837,0.007949846121080184,0.0030934982966599714,0.024867382564172185,0.03757270113335626
T-L,AN,mc_learned_baseline,False,46,19,71896,4864,4864,19456,38912,3800,35948,143792,262144,0.80203125,0.8181,0.817776913659445,0.011622988784200095,0.00018216413296371782,public_state_tabular_independent_mc,0,0.40611657506401366,0.9448551000095904,True,accepted_empirical,0.1,1,3.3332906707088397e-09,-0.040016730772061825,100,5.0,0.01897188638129146,empirical,0.0075,empirical,0.0053220782480784025,0.1516122674248247,0.05792199564807981,0.04609444932494955,0.011306526530857761,0.037314781528492276,0.026747569609549236
T-L,AN,mc_learned_baseline,False,46,20,73632,5120,5120,20480,38912,4000,36816,147264,262144,0.7441406250000001,0.792,0.817776913659445,0.0,0.0,public_state_tabular_independent_mc,0,0.40611657506401366,0.9744494999758899,False,direction_rejected,0.0,0,,-0.1394578738635996,100,5.0,-0.01182924982387816,empirical,,,,0.23804285951930843,0.10716983476910173,0.0014629242066990233,0.04591628667470295,0.1351547510130738,-0.010485205300743594
T-L,AN,mc_learned_baseline,False,46,21,77416,5376,5376,21504,40960,4200,38708,154832,262144,0.8622656250000001,0.8534999999999998,0.8275636964483526,0.009786782788907544,0.00010521883692938247,public_state_tabular_independent_mc,0,0.39900937100840134,1.0339648999506608,True,accepted_empirical,0.1,1,1.7649524153303061e-09,-0.022761447391063064,100,5.0,0.0398982552997648,empirical,0.014296875,empirical,0.005832675224494439,0.1099786808656669,0.04567846440451181,0.003789871759792729,0.003456944768401639,0.02187779057265853,0.0319741366055577
T-L,AN,mc_learned_baseline,False,46,22,81200,5632,5632,22528,43008,4400,40600,162400,262144,0.7973437500000001,0.8835000000000001,0.8444768433489959,0.016913146900643272,0.00034269724762715797,public_state_tabular_independent_mc,0,0.38609144874811957,1.0725923998979852,True,accepted_empirical,0.1,1,4.665491607398172e-09,-0.0718069056171608,100,5.0,0.023158706613574997,empirical,0.014296875,empirical,0.0067720303483960855,0.17659034876565533,0.07301533926220524,0.00497394142180918,0.00926243940857445,0.07182539663177004,0.02372994611233864
T-L,AN,mc_learned_baseline,False,46,23,84984,5888,5888,23552,45056,4600,42492,169968,262144,0.8132812500000002,0.8451,0.8593731614979068,0.014896318148910903,0.0002992730912880318,public_state_tabular_independent_mc,0,0.37411067341299653,1.1145429000025615,True,accepted_empirical,0.1,1,5.504347684400604e-10,-0.06181331680640951,100,5.0,0.013269044349351031,empirical,0.02232421875,empirical,0.006916220875098981,0.1598335615370009,0.06344645451273555,0.02448730079256589,0.007160552188403044,0.06272434239332475,0.021554613445427445
T-L,AN,mc_learned_baseline,False,46,24,88768,6144,6144,24576,47104,4800,44384,177536,262144,0.8704687500000001,0.8981999999999999,0.8644060029924621,0.005032841494555296,4.039079804223829e-05,public_state_tabular_independent_mc,0,0.36958984624104885,1.1576824999647215,True,accepted_empirical,0.1,1,1.8858376576924476e-10,-0.008806769996872412,100,5.0,0.018037192062962528,empirical,0.00861328125,empirical,0.004685039075833925,0.061909966571987586,0.022536842836908374,0.026202015439206416,0.005922461889472128,0.008185165434764883,0.018949444670746614
T-L,AN,mc_learned_baseline,False,46,25,92552,6400,6400,25600,49152,5000,46276,185104,262144,0.8868750000000002,0.8153999999999999,0.8697465012319638,0.005340498239501779,4.622286040871253e-05,public_state_tabular_independent_mc,0,0.36465306164141564,1.217799699981697,True,accepted_empirical,0.1,1,2.941716446953865e-10,-0.009409718529993345,100,5.0,0.021517984861201316,empirical,0.0028710937500000004,empirical,0.002499602075250439,0.05827558668987243,0.021201452428691557,0.02070001951760303,0.004189101044032775,0.009412127606137945,0.01946258928528683
T-L,AN,mc_learned_baseline,False,46,26,96336,6656,6656,26624,51200,5200,48168,192672,262144,0.8524218750000001,0.8859,0.8771577240872659,0.0074112228553020465,0.00011334846765710357,public_state_tabular_independent_mc,0,0.3582610930396928,1.3385201999917626,True,accepted_empirical,0.1,1,2.1909052206327647e-09,-0.02655599403610533,100,5.0,0.029334562884857657,empirical,0.008554687500000002,empirical,0.004815950609947197,0.0983809922159678,0.035131301644841434,0.011808815485437218,0.00465988520971084,0.02387940969638284,0.017699003234423413
T-L,AN,mc_learned_baseline,False,46,27,100120,6912,6912,27648,53248,5400,50060,200240,262144,0.8732812500000001,0.8919,0.8842590736222372,0.007101349534971324,0.00010459939458582587,public_state_tabular_independent_mc,0,0.3518200957535102,1.383312699967064,True,accepted_empirical,0.1,1,1.8264326135147174e-09,-0.021819776146879532,100,5.0,0.013876724168545008,empirical,0.007441406250000001,empirical,0.003991503981249873,0.0788587982921401,0.031143981275706528,0.006060743721132744,0.00268240277782701,0.02201261536791192,0.017670443471232897
T-L,AN,mc_learned_baseline,False,46,28,103904,7168,7168,28672,55296,5600,51952,207808,262144,0.8735156250000002,0.8922000000000001,0.8925806566075506,0.00832158298531338,0.00017077845191837917,public_state_tabular_independent_mc,0,0.34365286797275774,1.4252888999180868,True,accepted_empirical,0.1,1,1.875561641533579e-09,-0.03737391123042878,100,5.0,0.0008950260634904752,empirical,0.0011718750000000002,empirical,0.0008278295590484756,0.0884072809542619,0.03591339207904936,0.0051172639108845175,0.007581120104704825,0.03661417003227227,0.010877503605473057
T-L,AN,mc_learned_baseline,False,46,29,107688,7424,7424,29696,57344,5800,53844,215376,262144,0.9077343750000002,0.8829,0.8965674277146428,0.003986771107092224,4.120304009346249e-05,public_state_tabular_independent_mc,0,0.33967258657320376,1.4696936999680474,True,accepted_empirical,0.1,1,5.709720543188797e-10,-0.008615783131446831,100,5.0,0.012866945475153962,empirical,0.007441406249999999,empirical,0.003824254761706055,0.04668969627307447,0.016330269783863212,-0.0028429698190597374,0.00296259098761381,0.008556840899399721,0.013365137246460542
T-L,AN,mc_learned_baseline,False,46,30,111472,7680,7680,30720,59392,6000,55736,222944,262144,0.8889843750000002,0.9333,0.900323113863328,0.0037556861486851556,5.125876823562376e-05,public_state_tabular_independent_mc,0,0.3356547176149238,1.5078392999712378,True,accepted_empirical,0.1,1,4.2685610328129357e-10,-0.011883266482035658,100,5.0,0.017648932076411633,empirical,0.00462890625,empirical,0.0025624608400153085,0.05037450920670006,0.015406561128339834,0.03694429450961201,0.005116203806658828,0.010595582565444713,0.010167182526931622
T-L,AN,mc_learned_baseline,False,46,31,115256,7936,7936,31744,61440,6200,57628,230512,262144,0.8613281250000001,0.9209999999999999,0.9060061471526519,0.005683033289323958,9.08384615088104e-05,public_state_tabular_independent_mc,0,0.3297049572610949,1.5550815999740735,True,accepted_empirical,0.1,1,1.6209135165741028e-09,-0.022071470962085102,100,5.0,0.004449074891942483,empirical,0.005742187499999999,empirical,0.0033298317769591677,0.07290565145997366,0.02573431403174089,0.02795895760771394,0.0016029701888324263,0.019067868237452962,0.012781923018440472
T-L,AN,mc_learned_baseline,False,46,32,116992,8192,8192,32768,61440,6400,58496,233984,262144,0.87984375,0.8808,0.9060061471526519,0.0,0.0,public_state_tabular_independent_mc,0,0.3297049572610949,1.5789769999682903,False,direction_rejected,0.0,0,,-0.022411899649660817,100,5.0,-0.003461547949769713,empirical,,,,0.05644207523155884,0.02125815855592623,0.02371010873977719,0.007482109549416343,0.024493096139432936,0.0054261646883976555
T-L,AN,mc_learned_baseline,False,46,33,120776,8448,8448,33792,63488,6600,60388,241552,262144,0.9447656250000002,0.8922,0.9083041912075016,0.0022980440548496794,2.4991114659158556e-05,public_state_tabular_independent_mc,0,0.3267667727077806,1.6451966000022367,True,accepted_empirical,0.1,1,3.644692354149147e-10,-0.004775198106383063,100,5.0,0.007807579136292486,empirical,0.0,empirical,0.0008294511660071416,0.023432395317140687,0.005571528491010325,0.025058949644866435,0.005571756396902695,0.00508543014133902,0.007336517840911306
T-L,AN,mc_learned_baseline,False,46,34,124560,8704,8704,34816,65536,6800,62280,249120,262144,0.9056250000000001,0.9129,0.9135178203636061,0.00521362915610446,8.221762685756999e-05,public_state_tabular_independent_mc,0,0.3211483173112798,1.6908088999334723,True,accepted_empirical,0.1,1,5.49846469317214e-10,-0.01701169428329713,100,5.0,0.03344322421851351,empirical,0.00861328125,empirical,0.003819437957138629,0.0583574349234491,0.020971490579246715,0.009658251769750104,0.0004433988708670882,0.01714614833919081,0.012032022343469735
T-L,AN,mc_learned_baseline,False,46,35,128344,8960,8960,35840,67584,7000,64172,256688,262144,0.9077343750000002,0.9333000000000001,0.9178734169568791,0.004355596593273003,6.7131548562338e-05,public_state_tabular_independent_mc,0,0.3159811325235645,1.7278117999667302,True,accepted_empirical,0.1,1,1.0822616509101936e-09,-0.014327604821179776,100,5.0,0.003764155292744246,empirical,0.00462890625,empirical,0.0025624608400153085,0.04806415828491169,0.015693787528113956,0.01777810959469872,0.0008810186824952965,0.013997703030783895,0.010212608218039343
T-L,AN,mc_learned_baseline,False,46,36,132128,9216,9216,36864,69632,7200,66064,264256,262144,0.9262500000000001,0.9042,0.9209986189163654,0.00312520195948629,3.553616810787229e-05,public_state_tabular_independent_mc,0,0.3121556382399715,1.7697751999367028,True,accepted_empirical,0.1,1,2.3947042777249753e-10,-0.007177427699684461,100,5.0,0.006291535334877997,empirical,0.0005859375000000001,empirical,0.001015535322230033,0.034746698686099364,0.010778994094860337,0.01797825689152288,0.00027073286599117003,0.0072566567313941425,0.009783566364084107
T-L,AN,mc_learned_baseline,False,46,37,135912,9472,9472,37888,71680,7400,67956,271824,262144,0.9241406250000002,0.9393,0.9250129851501752,0.004014366233809796,7.06240802137211e-05,public_state_tabular_independent_mc,0,0.3074087303175419,1.81222949991934,True,accepted_empirical,0.1,1,1.0464179249833004e-09,-0.014925437808442478,100,5.0,0.02101814771806217,empirical,0.003984375,empirical,0.0029634566150551016,0.04521900185757567,0.015874907544025978,0.009478657894615328,0.0015415070508246794,0.014821688161722732,0.007787424158726321
T-L,AN,mc_learned_baseline,False,46,38,137648,9728,9728,38912,71680,7600,68824,275296,262144,0.8964843750000002,0.9423,0.9250129851501752,0.0,0.0,public_state_tabular_independent_mc,0,0.3074087303175419,1.8383433999260888,False,direction_rejected,0.0,0,,-0.04578005275502524,100,5.0,-0.017864226336778442,empirical,,,,0.07066125488281252,0.026930768788863024,0.009979057023325133,0.017691696404191673,0.045614123666111867,-0.009389868346671035
T-L,AN,mc_learned_baseline,False,46,39,141432,9984,9984,39936,73728,7800,70716,282864,262144,0.9377343750000002,0.9480000000000001,0.9273339097441203,0.002320924593945173,3.3732026603379854e-05,public_state_tabular_independent_mc,0,0.30393912194096323,1.8828626999165863,True,accepted_empirical,0.1,1,8.264489691732725e-11,-0.006951956538773307,100,5.0,0.013477404242713212,empirical,0.00462890625,empirical,0.002818188075731138,0.0228490478515625,0.00637220464862648,-0.0019363438877129102,0.0026376245385768813,0.0068858652116219055,0.005664203518943756
T-L,AN,mc_learned_baseline,False,46,40,143168,10240,10240,40960,73728,8000,71584,286336,262144,0.8936718750000001,0.93,0.9273339097441203,0.0,0.0,public_state_tabular_independent_mc,0,0.30393912194096323,1.9078838999848813,False,direction_rejected,0.0,0,,-0.01858508236402682,100,5.0,-0.0015430735423575042,empirical,,,,0.04904366204974456,0.015855846931762303,0.024876968738773098,0.002139935620860611,0.017285876763983334,0.005832534566696718
T-L,AN,mc_learned_baseline,False,46,41,149000,10496,10496,41984,77824,8200,74500,298000,262144,0.9075000000000002,0.9632999999999999,0.9288555487650333,0.001521639020912957,1.6007186039139996e-05,public_state_tabular_independent_mc,0,0.3019109063479363,1.9777811999665573,True,accepted_empirical,0.05,2,6.197014315101191e-10,-0.014892491750159349,100,5.0,0.010433369714990329,empirical,0.0023437500000000003,empirical,0.001168429990096266,0.037639953660309595,0.010461808765009585,0.03881162791184567,0.004545874686591385,0.013301221631367318,0.0034265955009659434
T-L,AN,mc_learned_baseline,False,46,42,150736,10752,10752,43008,77824,8400,75368,301472,262144,0.9288281250000001,0.9480000000000001,0.9288555487650333,0.0,0.0,public_state_tabular_independent_mc,0,0.3019109063479363,1.999118199921213,False,direction_rejected,0.0,0,,-0.02174956717698358,100,5.0,-0.0013158326788107284,empirical,,,,0.04561529399269455,0.016407441521831153,0.004473941643130308,0.00444014710635334,0.02144355948149035,0.0032013930038539834
T-L,AN,mc_learned_baseline,False,46,43,154520,11008,11008,44032,79872,8600,77260,309040,262144,0.9264843750000002,0.9159,0.9328433860167075,0.003987837251674176,9.321436580186167e-05,public_state_tabular_independent_mc,0,0.29689901547419134,2.0394035999197513,True,accepted_empirical,0.1,1,4.784493576204873e-10,-0.020362391165551698,100,5.0,0.00916624002827979,empirical,0.0011718750000000002,empirical,0.0008278295590484756,0.044980187929631564,0.015731809778542338,0.009262658559516468,0.004678720340237932,0.020140162543738856,0.0029628197699693853
T-L,AN,mc_learned_baseline,False,46,44,158304,11264,11264,45056,81920,8800,79152,316608,262144,0.9356250000000002,0.9216,0.9359017461186803,0.0030583601019728013,5.7122473546460846e-05,public_state_tabular_independent_mc,0,0.29283127673436654,2.0777697999728844,True,accepted_empirical,0.1,1,6.13963406123011e-10,-0.011665047784958516,100,5.0,0.007125474138506026,empirical,0.00462890625,empirical,0.0026933612445051943,0.03477462158203125,0.01083035881190253,0.004451307183351183,0.0013634962367991034,0.011992295814900853,0.005268150265158844
T-L,AN,mc_learned_baseline,False,46,45,162088,11520,11520,46080,83968,9000,81044,324176,262144,0.9421875000000002,0.9540000000000001,0.9369229967070047,0.0010212505883244738,1.3653316001970679e-05,public_state_tabular_independent_mc,0,0.29083506149674654,2.12280789995566,True,accepted_empirical,0.1,1,1.1159838777268621e-10,-0.00277235043671148,100,5.0,0.003046435338409227,empirical,0.0029296875000000004,empirical,0.0013050580369279305,0.010384826660156256,8.006609227051626e-05,0.07352941176470607,0.003264493993514731,0.002755081527009646,0.002632475705635584
T-L,AN,mc_learned_baseline,False,46,46,165872,11776,11776,47104,86016,9200,82936,331744,262144,0.9539062500000002,0.9302999999999999,0.9379526847416674,0.0010296880346626347,1.3698958453452407e-05,public_state_tabular_independent_mc,0,0.2888169075232931,2.171054399921559,True,accepted_empirical,0.1,1,6.759481768092694e-11,-0.002774201169519515,100,5.0,0.0022390188032106384,empirical,0.0023437500000000003,empirical,0.0014329053976264332,0.009931640624999998,0.00010848544767587177,0.044912612466204815,0.003255465070446733,0.002760370641740586,0.002664946654010801
T-L,AN,mc_learned_baseline,False,46,47,169656,12032,12032,48128,88064,9400,84828,339312,262144,0.9189843750000002,0.9456,0.9400731589652018,0.002120474223534452,3.769263638386941e-05,public_state_tabular_independent_mc,0,0.2854606339461837,2.214016899932176,True,accepted_empirical,0.1,1,6.065976178386608e-10,-0.008585762593473625,100,5.0,0.007987980088453701,empirical,0.0011718750000000002,empirical,0.0011718750000000002,0.024554601846969944,0.005573736452946858,0.04284930794392072,0.002060418852836492,0.00782204027239802,0.0038822398300493097
T-L,AN,mc_learned_baseline,False,46,48,173440,12288,12288,49152,90112,9600,86720,346880,262144,0.9632812500000003,0.9540000000000001,0.9410186065705112,0.0009454476053093464,1.0970692076347875e-05,public_state_tabular_independent_mc,0,0.28360731572865133,2.2509671999141574,True,accepted_empirical,0.1,1,1.5582519684738844e-10,-0.0022322356486421304,100,5.0,0.002902576352707653,empirical,0.0,empirical,0.0011730210882934771,0.010560264472046171,0.000640774895102134,-0.014904962934298327,0.0028470921044049173,0.002217363232224707,0.0027789591291481485
T-L,AN,mc_learned_baseline,False,46,49,175176,12544,12544,50176,90112,9800,87588,350352,262144,0.9220312500000002,0.96,0.9410186065705112,0.0,0.0,public_state_tabular_independent_mc,0,0.28360731572865133,2.273589299991727,False,direction_rejected,0.0,0,,-0.0774830811388472,100,5.0,-0.014894183074414171,empirical,,,,0.062395593261718764,0.021956116395798194,0.005707404874336075,0.044114078190987505,0.06839565778309528,-0.03847613469137248
T-L,AN,mc_learned_baseline,False,46,50,178960,12800,12800,51200,92160,10000,89480,357920,262144,0.9562500000000003,0.9420000000000001,0.9420938038852493,0.0010751973147381522,1.4329335715363486e-05,public_state_tabular_independent_mc,0,0.28148349201909056,2.320540799992159,True,accepted_empirical,0.1,1,9.605525757071029e-11,-0.002851840339166778,100,5.0,0.0029973512448415026,empirical,0.0005859375000000001,empirical,0.001015535322230033,0.009863080625345974,0.00010816249772886848,0.032152507533969255,0.0028550868783038005,0.0028610431874454946,0.00278285662131123
T-L,AN,mc_learned_baseline,False,46,51,182744,13056,13056,52224,94208,10200,91372,365488,262144,0.9281250000000002,0.9690000000000001,0.9432234602398922,0.001129656354642905,1.5823665719718356e-05,public_state_tabular_independent_mc,0,0.2792390204587132,2.3642372000031173,True,accepted_empirical,0.1,1,3.999294148371528e-10,-0.003111030795209513,100,5.0,0.0029573876599463833,empirical,0.0011718750000000002,empirical,0.0008278295590484758,0.011001719848632815,0.00042907949148520775,0.09885096984924624,0.002879339964804316,0.0031448487802002967,0.002775357681828019
T-L,AN,mc_learned_baseline,False,46,52,184480,13312,13312,53248,94208,10400,92240,368960,262144,0.9241406250000002,0.96,0.9432234602398922,0.0,0.0,public_state_tabular_independent_mc,0,0.2792390204587132,2.3895567998988554,False,direction_rejected,0.0,0,,-0.03395138218280494,100,5.0,-0.01097344794128997,empirical,,,,0.04580998535156251,0.016085996869857382,0.011273108841556967,0.01590905439446196,0.03414305287055106,-0.010235589853088384
T-L,AN,mc_learned_baseline,False,46,53,188264,13568,13568,54272,96256,10600,94132,376528,262144,0.9400781250000001,0.9570000000000001,0.9453439059511758,0.0021204457112835584,4.207168597576702e-05,public_state_tabular_independent_mc,0,0.2758418567421487,2.434692099923268,True,accepted_empirical,0.1,1,5.823636624669113e-10,-0.008917651284620113,100,5.0,0.0024937255110735012,empirical,0.0011718750000000002,empirical,0.0011718750000000002,0.02118347829663686,0.005427812220426384,0.019398144995190547,0.002749290708255725,0.00894743500162138,0.0029241738331178494
T-L,AN,mc_learned_baseline,False,46,54,192048,13824,13824,55296,98304,10800,96024,384096,262144,0.9471093750000001,0.9480000000000001,0.9473110953848997,0.0019671894337238705,4.5788840852654726e-05,public_state_tabular_independent_mc,0,0.2726474827960831,2.475832099909894,True,accepted_empirical,0.1,1,9.917683659932928e-10,-0.009957040638221202,100,5.0,0.0025005831090295517,empirical,0.0011718750000000002,empirical,0.0008278295590484758,0.020759863281250006,0.005447795918986749,0.021601918340500736,0.0040160513533992765,0.009876429433627968,0.0013470457700751667
T-L,AN,mc_learned_baseline,False,46,55,195832,14080,14080,56320,100352,11000,97916,391664,262144,0.9656250000000002,0.9690000000000001,0.9482778763388044,0.0009667809539047889,1.1243902638149047e-05,public_state_tabular_independent_mc,0,0.27070836141436555,2.524267499917187,True,accepted_empirical,0.1,1,3.751856074552024e-10,-0.0023083658665574705,100,5.0,0.002903913600159046,empirical,0.0005859375000000001,empirical,0.0005859375,0.009165344238281251,3.7848941176528044e-05,0.027797634520405734,0.002228463744188114,0.002282281337825888,0.002836591923819259
T-L,AN,mc_learned_baseline,False,46,56,197568,14336,14336,57344,100352,11200,98784,395136,262144,0.9450000000000003,0.9480000000000001,0.9482778763388044,0.0,0.0,public_state_tabular_independent_mc,0,0.27070836141436555,2.5628935999702662,False,direction_rejected,0.0,0,,-0.036709265481833536,100,5.0,-0.026162320949691925,empirical,,,,0.0368791015625,0.01051912014015376,0.005837422500622691,0.02496471904818791,0.0403106303277259,-0.019886542130346865
T-L,AN,mc_learned_baseline,False,46,57,203400,14592,14592,58368,104448,11400,101700,406800,262144,0.9585937500000002,0.9366,0.9487807977101036,0.0005029213712991476,3.01993277793815e-06,public_state_tabular_independent_mc,0,0.26969755675934665,2.694687300012447,True,accepted_empirical,0.05,2,4.3896058994724583e-10,-0.0023881327979880804,100,5.0,0.0032233961112488187,empirical,0.0005859375000000001,empirical,0.0005859375,0.009558105468750001,0.00010040936467723008,0.04178473509274394,0.0022130351498044964,0.0023623379089675713,0.0028651417680365396
T-L,AN,mc_learned_baseline,False,46,58,209232,14848,14848,59392,108544,11600,104616,418464,262144,0.9585937500000002,0.9483000000000001,0.94934787801834,0.0005670803082363784,3.811884064964272e-06,public_state_tabular_independent_mc,0,0.2685563649220472,2.783361699897796,True,accepted_empirical,0.05,2,2.0077261557770616e-10,-0.003071799470674455,100,5.0,0.0023925018755422585,empirical,0.0,empirical,0.0,0.01023972608778212,0.000580651925897852,0.026408762676932707,0.0021630502157767356,0.0030993333855947225,0.002921448808302617
T-L,AN,mc_learned_baseline,False,46,59,210968,15104,15104,60416,108544,11800,105484,421936,262144,0.8983593750000001,0.9750000000000001,0.94934787801834,0.0,0.0,public_state_tabular_independent_mc,0,0.2685563649220472,2.8157736998982728,False,direction_rejected,0.0,0,,-0.039815077131805585,100,5.0,-0.01731485964261256,empirical,,,,0.05035451268774185,0.01619376358771094,0.014770579831535957,0.017605749238850405,0.03664033612334748,-0.012514680055844853
T-L,AN,mc_learned_baseline,False,46,60,214752,15360,15360,61440,110592,12000,107376,429504,262144,0.9609375000000002,0.9420000000000001,0.950328410204793,0.0009805321864529981,1.1333019992383252e-05,public_state_tabular_independent_mc,0,0.26657866943350705,2.8751364999916404,True,accepted_empirical,0.1,1,3.7668156197947434e-10,-0.0023265519397817395,100,5.0,0.0026263686258203873,empirical,0.0023437500000000003,empirical,0.001168429990096266,0.009534264266384086,8.858173405120865e-05,0.03671010262795349,0.0021930752157761644,0.002300342833174552,0.002897993967229386
T-L,AN,mc_learned_baseline,False,46,61,218536,15616,15616,62464,112640,12200,109268,437072,262144,0.9609375000000002,0.9600000000000002,0.9514516562581002,0.0011232460533072697,1.4849527550289065e-05,public_state_tabular_independent_mc,0,0.2643035274084317,2.9333863999927416,True,accepted_empirical,0.1,1,3.7364365329345713e-10,-0.0029198597001841077,100,5.0,0.0033035073417244532,empirical,0.0017578125000000003,empirical,0.001012885519091092,0.009418029785156252,4.280888507511849e-05,0.03776147361848314,0.0021668119985433013,0.0029518057639706897,0.002934662114499973
T-L,AN,mc_learned_baseline,False,46,62,222320,15872,15872,63488,114688,12400,111160,444640,262144,0.9609375000000002,0.9423,0.9523768623470599,0.0009252060889596292,9.748499172237023e-06,public_state_tabular_independent_mc,0,0.2624350585494808,2.9854431999847293,True,accepted_empirical,0.1,1,8.097084635534258e-11,-0.0019763856015674124,100,5.0,0.0032642435899795834,empirical,0.0017578125000000003,empirical,0.0013091700850443525,0.009608811388517678,9.635073186104282e-05,0.02650302348127609,0.002192415693370889,0.0019671977191152577,0.0029206187345072964
T-L,AN,mc_learned_baseline,False,46,63,224056,16128,16128,64512,114688,12600,112028,448112,262144,0.9400781250000002,0.9660000000000001,0.9523768623470599,0.0,0.0,public_state_tabular_independent_mc,0,0.2624350585494808,3.0184980999911204,False,direction_rejected,0.0,0,,-0.010922405906244126,100,5.0,-0.003841289460143932,empirical,,,,0.024223852539062514,0.005509863633225343,0.021302031161086532,0.0030375880104180518,0.01029969019522737,0.0020790040050546136
T-L,AN,mc_learned_baseline,False,46,64,225792,16384,16384,65536,114688,12800,112896,451584,262144,0.9520312500000002,0.9660000000000001,0.9523768623470599,0.0,0.0,public_state_tabular_independent_mc,0,0.2624350585494808,3.044876799918711,False,direction_rejected,0.0,0,,-0.021334981724751505,100,5.0,-0.002183534378088748,empirical,,,,0.03361634826660157,0.010580653481719505,0.005151661633548743,0.008495844628895933,0.021976218717232498,-0.0033792526134232663
T-L,AN,mc_learned_baseline,False,46,65,229576,16640,16640,66560,116736,13000,114788,459152,262144,0.9541406250000002,0.9840000000000001,0.954271177716106,0.0018943153690461623,5.3710691579866974e-05,public_state_tabular_independent_mc,0,0.2592359934409313,3.0939629999920726,True,accepted_empirical,0.1,1,1.3003040243665358e-09,-0.01238936861042382,100,5.0,0.00282969792544651,empirical,0.004570312500000001,empirical,0.0032285352802890552,0.0203654541015625,0.005366918555347286,0.01348267234731837,0.006126525134968966,0.01213921388101411,-0.001009933119496301
T-L,AN,mc_learned_baseline,False,46,66,233360,16896,16896,67584,118784,13200,116680,466720,262144,0.9562500000000003,0.9423,0.9554177571965615,0.0011465794804554896,1.5092459474601779e-05,public_state_tabular_independent_mc,0,0.2568934432455807,3.1480037999572232,True,accepted_empirical,0.1,1,5.1132690688443945e-11,-0.0030017833172281236,100,5.0,0.0034066546322625508,empirical,0.0005859375000000001,empirical,0.001015535322230033,0.009678955078125006,3.9819252269300616e-05,0.04661934552454283,0.0018159872916027426,0.003019962095612969,0.003014384089471635
T-L,AN,mc_learned_baseline,False,46,67,237144,17152,17152,68608,120832,13400,118572,474288,262144,0.9656250000000002,0.9456,0.9564167504275547,0.0009989932309931726,1.1344355891189191e-05,public_state_tabular_independent_mc,0,0.25484652570489436,3.196200800011866,True,accepted_empirical,0.1,1,1.9908711728783685e-10,-0.0023158326612632086,100,5.0,0.0030739564452082146,empirical,0.0005859375000000001,empirical,0.0005859375,0.009210211314325749,8.726652712894763e-05,0.029276857460924344,0.001842913239930198,0.002295979847934105,0.002994396293787592
T-L,AN,mc_learned_baseline,False,46,68,240928,17408,17408,69632,122880,13600,120464,481856,262144,0.9703125000000002,0.9362999999999999,0.9575462713738624,0.0011295209463076938,1.448815515103171e-05,public_state_tabular_independent_mc,0,0.25252259124480575,3.245171899907291,True,accepted_empirical,0.1,1,1.5447101299261252e-10,-0.0028653226340731187,100,5.0,0.0027203295336164033,empirical,0.0017578125000000003,empirical,0.0010128855190910918,0.008822021484375001,3.4507798697554844e-05,0.022044360035270993,0.0017958216348582818,0.002890631775714616,0.003045755244292972
T-L,AN,mc_learned_baseline,False,46,69,242664,17664,17664,70656,122880,13800,121332,485328,262144,0.9262500000000002,0.9543,0.9575462713738624,0.0,0.0,public_state_tabular_independent_mc,0,0.25252259124480575,3.296965299989097,False,direction_rejected,0.0,0,,-0.027750475930413167,100,5.0,-0.00043039789102029173,empirical,,,,0.0351990663489517,0.010710181199492689,0.014395352143458329,0.014361669379945464,0.02844865164273753,-0.009515885048150905
T-L,AN,mc_learned_baseline,False,46,70,244400,17920,17920,71680,122880,14000,122200,488800,262144,0.9588281250000001,0.9510000000000001,0.9575462713738624,0.0,0.0,public_state_tabular_independent_mc,0,0.25252259124480575,3.322323999949731,False,direction_rejected,0.0,0,,-0.012032438271282232,100,5.0,-0.0011748486183611735,empirical,,,,0.022662469092314057,0.005321523053201215,0.01607914369672714,0.00424728405790585,0.012522163641159524,0.0005985002738887104
T-L,AN,mc_learned_baseline,False,46,71,248184,18176,18176,72704,124928,14200,124092,496368,262144,0.9609375000000002,0.9540000000000002,0.9585642398927081,0.0010179685188457244,1.1700928756712455e-05,public_state_tabular_independent_mc,0,0.2504209956403347,3.376472199917771,True,accepted_empirical,0.1,1,2.079093311436864e-11,-0.002363082102942691,100,5.0,0.002723009049779113,empirical,0.0,empirical,0.0,0.009461975097656256,8.553472129298949e-05,0.03551358101779578,0.0018288966127745815,0.002354571473620004,0.003016887719019979
T-L,AN,mc_learned_baseline,False,46,72,251968,18432,18432,73728,126976,14400,125984,503936,262144,0.9914062500000003,0.9333,0.9594805766337128,0.0009163367410046641,9.448947588898403e-06,public_state_tabular_independent_mc,0,0.2485226964112925,3.4232665000017732,True,accepted_empirical,0.1,1,1.7797904896207778e-10,-0.0019281851323186376,100,5.0,0.0033952898796684623,empirical,0.0011718750000000002,empirical,0.0008278295590484756,0.00806396484375,0.00015588798646900496,-0.067310795980289,0.0019094509840189603,0.0019128582165894225,0.0029387981546126598
T-L,AN,mc_learned_baseline,False,46,73,255752,18688,18688,74752,129024,14600,127876,511504,262144,0.9773437500000002,0.972,0.9605676575690425,0.0010870809353297206,1.3249978280574236e-05,public_state_tabular_independent_mc,0,0.24626310378824848,3.4627974999602884,True,accepted_empirical,0.1,1,3.9469575876006063e-10,-0.0026043317119689895,100,5.0,0.00338804767299459,empirical,0.0,empirical,0.0,0.008591308593749996,0.00011288489727014165,-0.004511797987883481,0.0017807220994858312,0.0026319676633975103,0.003068924701406476
T-L,AN,mc_learned_baseline,False,46,74,259536,18944,18944,75776,131072,14800,129768,519072,262144,0.9890625000000002,0.96,0.961467331215256,0.0008996736462134614,9.051760291657992e-06,public_state_tabular_independent_mc,0,0.24438613669866407,3.508665799978189,True,accepted_empirical,0.1,1,1.17255635393482e-10,-0.001841147050770828,100,5.0,0.003328935007331757,empirical,0.0017578125000000003,empirical,0.0010128855190910918,0.007327880859375,0.00013548956806635316,0.0010848702328303261,0.001917628545933213,0.0018297295328038876,0.0029324478500550614
T-L,SA,mc_learned_baseline,False,46,1,3784,256,256,1024,2048,200,1892,7568,262144,0.19148437499999996,0.2754,0.350147253140022,0.031133253140021966,0.00038166369479999507,public_state_tabular_independent_mc,0,0.6164913292017307,0.03863009996712208,True,accepted_empirical,0.1,1,1.3931509485211113e-09,-0.08312775598679459,100,5.0,0.07813501987555137,empirical,0.033222656249999996,empirical,0.009446114536774767,0.4074925527356591,0.1717049778337192,0.012895825385180526,0.0009753430557388043,0.07706559884988562,0.08777221768320859
T-L,SA,mc_learned_baseline,False,46,2,7568,512,512,2048,4096,400,3784,15136,262144,0.39328125,0.3617999999999999,0.3845119083967925,0.034364655256770515,0.0004614194969442008,public_state_tabular_independent_mc,0,0.6064193197656316,0.08181660005357116,True,accepted_empirical,0.1,1,7.565776054951611e-09,-0.08679035683375136,100,5.0,0.08872609577245877,empirical,0.04828125,empirical,0.010920737347101552,0.40845704092481483,0.17317812278860184,0.007553673350572887,0.00019222413992916543,0.09354373542785786,0.08915309761414038
T-L,SA,mc_learned_baseline,False,46,3,11352,768,768,3072,6144,600,5676,22704,262144,0.30351562499999996,0.5138999999999999,0.4165705753250035,0.03205866692821102,0.00040518306446252255,public_state_tabular_independent_mc,0,0.5957577453876786,0.1348613000009209,True,accepted_empirical,0.1,1,6.923703039378717e-09,-0.08358213013371754,100,5.0,0.08710512135257306,empirical,0.030468750000000003,empirical,0.008236219324075872,0.4476620265629334,0.19443311061936855,0.03462149794633196,0.000918960299538112,0.08162751192246114,0.08854045624738334
T-L,SA,mc_learned_baseline,False,46,4,15136,1024,1024,4096,8192,800,7568,30272,262144,0.393046875,0.5258999999999999,0.45106109537094025,0.03449052004593672,0.0004754340266622406,public_state_tabular_independent_mc,0,0.5847129543076628,0.18335329997353256,True,accepted_empirical,0.1,1,4.877774245962386e-09,-0.09816490169950834,100,5.0,0.08396111486873255,empirical,0.035039062499999996,empirical,0.009300872796840942,0.4051957002416941,0.1720462731483866,0.009012405843473181,0.001234182017624159,0.09634933445541172,0.08779107064624952
T-L,SA,mc_learned_baseline,False,46,5,18920,1280,1280,5120,10240,1000,9460,37840,262144,0.4228125,0.3954,0.48329081174809674,0.03222971637715649,0.0004194684562074344,public_state_tabular_independent_mc,0,0.573580781776478,0.22946499998215586,True,accepted_empirical,0.1,1,3.344267714237813e-09,-0.08674885254855369,100,5.0,0.08970226566588113,empirical,0.0256640625,empirical,0.008830306238192781,0.3969432863383908,0.1691287697266849,0.0023720021754668474,0.0006064926406538354,0.08516669760846413,0.08731309936271736
T-L,SA,mc_learned_baseline,False,46,6,22704,1536,1536,6144,12288,1200,11352,45408,262144,0.50109375,0.5244,0.5164662027638001,0.033175391015703326,0.0004628553132299475,public_state_tabular_independent_mc,0,0.5601218479993018,0.2820982000557706,True,accepted_empirical,0.1,1,4.977953213382755e-09,-0.0910078908988624,100,5.0,0.08057852199537277,empirical,0.032695312500000004,empirical,0.010168791738538832,0.3836238227032463,0.1614983420402474,0.007831556835983688,0.0024637556803555494,0.09368857760280111,0.08384421612221096
T-L,SA,mc_learned_baseline,False,46,7,26488,1792,1792,7168,14336,1400,13244,52976,262144,0.54328125,0.4958999999999999,0.5476005533398156,0.031134350576015546,0.00041632533843487257,public_state_tabular_independent_mc,0,0.548373926674116,0.339956899988465,True,accepted_empirical,0.1,1,4.42721238735838e-09,-0.07955484976158815,100,5.0,0.09066343833786773,empirical,0.014589843749999998,empirical,0.006705717508442658,0.3542593998915485,0.15039008437617432,0.005515720753195175,0.0014584028057213305,0.08491929880023465,0.0828239121808703
T-L,SA,mc_learned_baseline,False,46,8,30272,2048,2048,8192,16384,1600,15136,60544,262144,0.448828125,0.6081,0.5760693084510188,0.02846875511120317,0.0003547920838496125,public_state_tabular_independent_mc,0,0.536647032464521,0.3877026999834925,True,accepted_empirical,0.1,1,3.00299066700296e-09,-0.08489619101308989,100,5.0,0.07548968473194567,empirical,0.005507812499999999,empirical,0.007220214509049067,0.3952762150694923,0.1645192952239683,0.010284451101300052,0.0004360508084667435,0.07213300385726559,0.08113316865693429
T-L,SA,mc_learned_baseline,False,46,9,34056,2304,2304,9216,18432,1800,17028,68112,262144,0.6442968750000001,0.5583,0.6063983405850626,0.03032903213404381,0.0004267350709706082,public_state_tabular_independent_mc,0,0.5240142411860071,0.44542420003563166,True,accepted_empirical,0.1,1,5.251105025643975e-09,-0.08036799456654553,100,5.0,0.06907319982174528,empirical,0.044531249999999994,empirical,0.009932288088357692,0.3131419335421969,0.13578400624480932,-0.00801787805212495,0.0016344860939215187,0.08823291166404293,0.07704367195128603
T-L,SA,mc_learned_baseline,False,46,10,37840,2560,2560,10240,20480,2000,18920,75680,262144,0.5946093750000001,0.7487999999999999,0.6335312349380093,0.027132894352946746,0.00035293368425731936,public_state_tabular_independent_mc,0,0.5115245750224631,0.4953433000482619,True,accepted_empirical,0.1,1,4.724894622404204e-09,-0.07487413943770033,100,5.0,0.07481043871554996,empirical,0.04763671875,empirical,0.010728501938476824,0.33620949353267204,0.13600168396672305,0.01975499620733423,7.503723595100832e-05,0.07232232401229888,0.07495838700889379
T-L,SA,mc_learned_baseline,False,46,11,41624,2816,2816,11264,22528,2200,20812,83248,262144,0.534375,0.6350999999999999,0.6588220289737899,0.025290794035780606,0.0003267964424752116,public_state_tabular_independent_mc,0,0.4998120718703516,0.5820480000693351,True,accepted_empirical,0.1,1,2.8880631573313632e-09,-0.08316670055692511,100,5.0,0.0782744065760072,empirical,0.018046875000000004,empirical,0.008019707371002114,0.3524605085969302,0.15110995458371185,-0.016002978802507783,0.000800383229996505,0.06705964790582797,0.07057042842167238
T-L,SA,mc_learned_baseline,False,46,12,45408,3072,3072,12288,24576,2400,22704,90816,262144,0.61546875,0.6129000000000001,0.6836386249271416,0.024816595953351617,0.00033340562435569664,public_state_tabular_independent_mc,0,0.4867926936751745,0.6466024999972433,True,accepted_empirical,0.1,1,4.256231407316782e-09,-0.07235154035492299,100,5.0,0.06034398352308192,empirical,0.029179687500000002,empirical,0.008136999895190454,0.3200442968174388,0.1273012245595911,0.026802558911020347,0.0006478377752210021,0.0684035779790402,0.06684187362049973
T-L,SA,mc_learned_baseline,False,46,13,49192,3328,3328,13312,26624,2600,24596,98384,262144,0.6801562500000001,0.7917000000000001,0.7061803386440039,0.02254171371686231,0.0002968189578270342,public_state_tabular_independent_mc,0,0.4755785622281985,0.6898530999897048,True,accepted_empirical,0.1,1,2.5357890235209743e-09,-0.06850737559730653,100,5.0,0.06260899795666784,empirical,0.02455078125,empirical,0.007568965138843144,0.28191907179090714,0.123947735851061,-0.003223708663615321,0.001299701195259409,0.06149663232628804,0.062212261603220013
T-L,SA,mc_learned_baseline,False,46,14,52976,3584,3584,14336,28672,2800,26488,105952,262144,0.6989062500000001,0.6908999999999998,0.7272758793689041,0.021095540724900275,0.00027345728069299685,public_state_tabular_independent_mc,0,0.4641536050292888,0.7307380000129342,True,accepted_empirical,0.1,1,1.8364078336713414e-09,-0.059524480528499936,100,5.0,0.05814785033978418,empirical,0.01845703125,empirical,0.006526679524560259,0.2608390329861111,0.10912995566838171,0.002895102379153802,0.0001247571342028807,0.05655624771439783,0.05922630129501134
T-L,SA,mc_learned_baseline,False,46,15,56760,3840,3840,15360,30720,3000,28380,113520,262144,0.6672656250000001,0.7863,0.7461512532082979,0.01887537383939375,0.00023732046857649863,public_state_tabular_independent_mc,0,0.45370543130624125,0.768929100013338,True,accepted_empirical,0.1,1,3.5301419076959616e-09,-0.05743194545248714,100,5.0,0.05523641160850281,empirical,0.025195312500000004,empirical,0.007932187515612095,0.27643405818643485,0.11174072002088614,0.019709496831007423,0.000692788261870593,0.048975794773742955,0.05457807186417948
T-L,SA,mc_learned_baseline,False,46,16,60544,4096,4096,16384,32768,3200,30272,121088,262144,0.73078125,0.8976000000000001,0.7646986753146836,0.018547422106385714,0.0002454341923338369,public_state_tabular_independent_mc,0,0.44260504874861184,0.8062673000385985,True,accepted_empirical,0.1,1,2.970913709772869e-09,-0.0570651477102323,100,5.0,0.034264495541268564,empirical,0.012773437499999998,empirical,0.005918580075197399,0.22676284382446016,0.09507211681567702,-0.0004292282411575421,4.0125748348747406e-06,0.05100130484085669,0.051328515946685
T-L,SA,mc_learned_baseline,False,46,17,64328,4352,4352,17408,34816,3400,32164,128656,262144,0.7490625000000002,0.7622999999999999,0.7820462454545709,0.017347570139887303,0.00023499958406827641,public_state_tabular_independent_mc,0,0.4314449081188177,0.8496442000614479,True,accepted_empirical,0.1,1,3.4439013213740725e-09,-0.0523362733537954,100,5.0,0.04287849250000946,empirical,0.018515625,empirical,0.00696515997906519,0.2236577802900557,0.08793208034595702,0.025031089748260293,0.0003962106444214718,0.04883305039353335,0.04696179514071859
T-L,SA,mc_learned_baseline,False,46,18,68112,4608,4608,18432,36864,3600,34056,136224,262144,0.8116406250000002,0.8364,0.7980873707974562,0.016041125342885265,0.00021876602164066082,public_state_tabular_independent_mc,0,0.42070812311658085,0.8885311000049114,True,accepted_empirical,0.1,1,3.5780567887160485e-09,-0.03872122485747836,100,5.0,0.030999360608520304,empirical,0.008027343749999999,empirical,0.004116594547075104,0.15534465637207032,0.0626287977308814,0.006659206073656554,0.0003161570823635592,0.04553177160552123,0.043232669088238765
T-L,SA,mc_learned_baseline,False,46,19,71896,4864,4864,19456,38912,3800,35948,143792,262144,0.7814062500000001,0.7830000000000001,0.814079991047032,0.015992620249575817,0.00025097716231696043,public_state_tabular_independent_mc,0,0.4088523930535361,0.9295180999906734,True,accepted_empirical,0.1,1,2.9157033820701088e-09,-0.04232012485471179,100,5.0,0.024524929656807037,empirical,0.0130078125,empirical,0.0062428922306141344,0.17116483824023887,0.06504050865200264,0.04910066150211112,0.003398067167719323,0.05170675582352838,0.03647840843955624
T-L,SA,mc_learned_baseline,False,46,20,75680,5120,5120,20480,40960,4000,37840,151360,262144,0.7350000000000001,0.8385000000000001,0.8265195304408485,0.012439539393816479,0.00016159208114131297,public_state_tabular_independent_mc,0,0.4005560915128792,0.9740921000484377,True,accepted_empirical,0.1,1,2.4501371991884675e-09,-0.06547875550881121,100,5.0,0.03758624704113669,empirical,0.00873046875,empirical,0.004297821315332111,0.2502306508766127,0.11151816897821458,-0.00027526967676072545,0.0008691749429345325,0.03375590001819131,0.03538588960401955
T-L,SA,mc_learned_baseline,False,46,21,79464,5376,5376,21504,43008,4200,39732,158928,262144,0.8667187500000002,0.8715,0.8378435617952884,0.011324031354439934,0.00014540454148629907,public_state_tabular_independent_mc,0,0.39257000906538164,1.0165567999938503,True,accepted_empirical,0.1,1,2.1679340078608202e-09,-0.023068207978868636,100,5.0,0.03845746490110237,empirical,0.0103125,empirical,0.005174439208532501,0.10093664804913456,0.042768977662160215,0.0016856274465264498,0.00045196299791976953,0.03036733602180012,0.032554367416122144
T-L,SA,mc_learned_baseline,False,46,22,83248,5632,5632,22528,45056,4400,41624,166496,262144,0.8458593750000002,0.8600999999999999,0.8483748253564649,0.010531263561176507,0.00013908553719586093,public_state_tabular_independent_mc,0,0.38489350452103804,1.0610932999989018,True,accepted_empirical,0.1,1,1.528228999775445e-09,-0.0265448955133162,100,5.0,0.03737374353317895,empirical,0.0097265625,empirical,0.0045921115211808635,0.10990608731204266,0.04612770038178191,0.006066804114103208,0.0004469606859448173,0.029049367580418324,0.02956539735742649
T-L,SA,mc_learned_baseline,False,46,23,87032,5888,5888,23552,47104,4600,43516,174064,262144,0.8542968750000002,0.8271,0.8585470926733384,0.010172267316873485,0.00014211791185825224,public_state_tabular_independent_mc,0,0.3765474687377478,1.1042407000204548,True,accepted_empirical,0.1,1,1.4008517856277906e-09,-0.02893136694958557,100,5.0,0.022866537612070553,empirical,0.014296875000000002,empirical,0.005891357187543619,0.11148726501464844,0.04303735601955528,0.02378162464827449,0.00021488147665232012,0.029500138551204688,0.026943598243656233
T-L,SA,mc_learned_baseline,False,46,24,88768,6144,6144,24576,47104,4800,44384,177536,262144,0.8456250000000001,0.8891999999999999,0.8585470926733384,0.0,0.0,public_state_tabular_independent_mc,0,0.3765474687377478,1.1289761000080034,False,direction_rejected,0.0,0,,-0.0252411695135265,100,5.0,-0.006452531791194973,empirical,,,,0.11090945602797408,0.03856318147693222,0.030531489900433972,0.021282496194263558,0.07459817978640325,0.0032582898836619884
T-L,SA,mc_learned_baseline,False,46,25,92552,6400,6400,25600,49152,5000,46276,185104,262144,0.8800781250000002,0.8123999999999999,0.8674152174018351,0.00886812472849674,0.0001188556712937163,public_state_tabular_independent_mc,0,0.3690914601194508,1.19192050001584,True,accepted_empirical,0.1,1,1.949548781898104e-09,-0.01721384499948966,100,5.0,0.030835773047938823,empirical,0.004746093750000001,empirical,0.0038092428742702265,0.07089532201826379,0.026481883809347042,0.01828457639929626,3.161789751873098e-05,0.024794478696391672,0.024509168180406816
T-L,SA,mc_learned_baseline,False,46,26,96336,6656,6656,26624,51200,5200,48168,192672,262144,0.8385937500000001,0.8859,0.8755792096238915,0.008163992222056327,0.00011165046464794218,public_state_tabular_independent_mc,0,0.3620044355043498,1.233122400008142,True,accepted_empirical,0.1,1,1.4085115674188978e-09,-0.025264664545340494,100,5.0,0.03509124252032268,empirical,0.005156249999999999,empirical,0.0032796770761689543,0.11024227763671698,0.0394440917255527,0.012222884292591663,4.145903131533354e-05,0.02322415935510287,0.02215985271489467
T-L,SA,mc_learned_baseline,False,46,27,100120,6912,6912,27648,53248,5400,50060,200240,262144,0.8709375000000001,0.9036,0.8827096098950091,0.007130400271117665,9.446569862223974e-05,public_state_tabular_independent_mc,0,0.35569162048630987,1.2733715999638662,True,accepted_empirical,0.1,1,8.695956534170816e-10,-0.019720788754496083,100,5.0,0.020835032578253674,empirical,0.00861328125,empirical,0.0043893545218639425,0.07957586302465322,0.03167184518895294,0.0024659333254134497,3.6804549273592276e-05,0.01967837859103564,0.019978010123707902
T-L,SA,mc_learned_baseline,False,46,28,103904,7168,7168,28672,55296,5600,51952,207808,262144,0.8735156250000002,0.8892,0.8894715819139167,0.006761972018907603,9.487329122467785e-05,public_state_tabular_independent_mc,0,0.34910509294203207,1.3285195999778807,True,accepted_empirical,0.1,1,1.0867429449811863e-09,-0.02505711136257359,100,5.0,0.01514094597667464,empirical,0.00234375,empirical,0.0038988065088710745,0.0890099395751953,0.03609607432580279,0.0011673400276550616,0.00026036204292416735,0.019722507503321392,0.017799039225305714
T-L,SA,mc_learned_baseline,False,46,29,107688,7424,7424,29696,57344,5800,53844,215376,262144,0.9053906250000002,0.8858999999999999,0.8951238709153587,0.00565228900144199,7.462677040672241e-05,public_state_tabular_independent_mc,0,0.3439231619533235,1.3778652000473812,True,accepted_empirical,0.1,1,2.928492262704848e-10,-0.010340186940852501,100,5.0,0.01654805084399441,empirical,0.00287109375,empirical,0.0023579697406467485,0.04588508165523286,0.016009892016891934,0.011308025560682444,0.00037955037353137725,0.01555574215791566,0.015947179732174067
T-L,SA,mc_learned_baseline,False,46,30,111472,7680,7680,30720,59392,6000,55736,222944,262144,0.8913281250000002,0.9302999999999999,0.9005124424995514,0.005388571584192703,7.333234012056341e-05,public_state_tabular_independent_mc,0,0.33845314972193347,1.4219070000108331,True,accepted_empirical,0.1,1,6.478206488671041e-10,-0.011355280925502125,100,5.0,0.027682790712699704,empirical,0.00345703125,empirical,0.0025660765804063285,0.050382046535713,0.015549262890243543,0.03550964738763518,1.7619124941222958e-05,0.015231393961664952,0.0146839594902597
T-L,SA,mc_learned_baseline,False,46,31,115256,7936,7936,31744,61440,6200,57628,230512,262144,0.8728125000000002,0.9033000000000001,0.9053662964138451,0.004853853914293715,6.572783050503149e-05,public_state_tabular_independent_mc,0,0.33327004844506003,1.4672223000088707,True,accepted_empirical,0.1,1,9.326732939189803e-10,-0.014800261533560633,100,5.0,0.007441041496549954,empirical,0.011601562499999999,empirical,0.0051591028025346165,0.06065134108949268,0.021275450608297247,0.03164166142788494,2.175211682059701e-05,0.013674013545351967,0.013254286769408315
T-L,SA,mc_learned_baseline,False,46,32,119040,8192,8192,32768,63488,6400,59520,238080,262144,0.8660156250000001,0.9366,0.9096132576093621,0.0042469611955169295,5.5496863009940676e-05,public_state_tabular_independent_mc,0,0.32867006875002136,1.511683200020343,True,accepted_empirical,0.1,1,5.012774393339528e-10,-0.01704631743772233,100,5.0,0.0016378268924654342,empirical,0.00521484375,empirical,0.0026265781639980123,0.06965584038628474,0.02633149413663661,0.022199486030775484,1.8494475598899442e-05,0.011525261262547264,0.01201303170129062
T-L,SA,mc_learned_baseline,False,46,33,122824,8448,8448,33792,65536,6600,61412,245648,262144,0.9215625000000003,0.9246000000000001,0.9138090120130284,0.004195754403666374,6.0171490042507966e-05,public_state_tabular_independent_mc,0,0.32369988073506467,1.563186899991706,True,accepted_empirical,0.1,1,3.3080443793764586e-10,-0.009560253236774285,100,5.0,0.00733224855231005,empirical,0.00228515625,empirical,0.002431034414339844,0.03478863930951748,0.010708220574266087,0.021799971396138762,0.00020203472784849352,0.012444008409038877,0.010719568266406793
T-L,SA,mc_learned_baseline,False,46,34,128656,8704,8704,34816,69632,6800,64328,257312,262144,0.9147656250000002,0.9246000000000001,0.9157236479736253,0.0019146359605968222,1.32505954922233e-05,public_state_tabular_independent_mc,0,0.32139105342012764,1.6314334999769926,True,accepted_empirical,0.05,2,5.4237254177274166e-11,-0.012060944900386929,100,5.0,0.01640612136315888,empirical,0.005156250000000001,empirical,0.0032796770761689543,0.04770702923215483,0.015625640987108943,0.019287400501817764,8.647936355283817e-05,0.0107963867941897,0.00985609596271672
T-L,SA,mc_learned_baseline,False,46,35,132440,8960,8960,35840,71680,7000,66220,264880,262144,0.9098437500000002,0.945,0.919312518609963,0.0035888706363377265,5.013748240081974e-05,public_state_tabular_independent_mc,0,0.31695442749281866,1.6785462000407279,True,accepted_empirical,0.1,1,4.561222367070324e-10,-0.00956793526779129,100,5.0,0.006042213760221308,empirical,0.00515625,empirical,0.0032796770761689543,0.03497369114854601,0.010720746965002945,0.03298803678131901,6.611258615950337e-05,0.010329823095035327,0.009430753905898587
T-L,SA,mc_learned_baseline,False,46,36,136224,9216,9216,36864,73728,7200,68112,272448,262144,0.9285937500000002,0.9306,0.9223793126171705,0.0030667940072075517,3.99017742284494e-05,public_state_tabular_independent_mc,0,0.3131571061443992,1.7275934000499547,True,accepted_empirical,0.1,1,2.0488812704950719e-10,-0.008124759720047801,100,5.0,0.005361814538068022,empirical,0.0040429687500000006,empirical,0.002630616613922533,0.03483125000000001,0.011005523329035868,0.018228045899010614,1.530962248240637e-05,0.00825793368043476,0.008662215733744136
T-L,SA,mc_learned_baseline,False,46,37,140008,9472,9472,37888,75776,7400,70004,280016,262144,0.9217968750000003,0.9273,0.9251707702631208,0.002791457645950235,3.599110184107376e-05,public_state_tabular_independent_mc,0,0.3095732003096001,1.7694917999906465,True,accepted_empirical,0.1,1,2.3233124213107912e-10,-0.010980613447608333,100,5.0,0.016267466949394592,empirical,0.0005859375000000001,empirical,0.001015535322230033,0.0454882551073207,0.01606840167411759,0.009798969421676795,1.7085322897679352e-05,0.007443006430744614,0.007932488708502996
T-L,SA,mc_learned_baseline,False,46,38,145840,9728,9728,38912,79872,7600,72920,291680,262144,0.9147656250000001,0.9570000000000001,0.9265403752788175,0.0013696050156967177,9.134472806162317e-06,public_state_tabular_independent_mc,0,0.30773822041408194,1.850678600021638,True,accepted_empirical,0.05,2,6.536936981058225e-10,-0.011961358863953568,100,5.0,0.0038686460835040196,empirical,0.0,empirical,0.0,0.04553668575263034,0.01582893766337158,0.013600632283331304,8.191268282443411e-07,0.007368144565921923,0.007311182100846718
T-L,SA,mc_learned_baseline,False,46,39,147576,9984,9984,39936,79872,7800,73788,295152,262144,0.9283593750000001,0.936,0.9265403752788175,0.0,0.0,public_state_tabular_independent_mc,0,0.30773822041408194,1.8784986999817193,False,direction_rejected,0.0,0,,-0.007882096397972225,100,5.0,-0.06640118856585721,empirical,,,,0.022973883545565326,0.006503715871684982,0.010640279156033716,0.07592606142083397,0.1113650541650381,-0.06890477620492974
T-L,SA,mc_learned_baseline,False,46,40,151360,10240,10240,40960,81920,8000,75680,302720,262144,0.8868750000000001,0.927,0.9291028237082388,0.0025624484294213268,3.4177624400294695e-05,public_state_tabular_independent_mc,0,0.3042333534088062,1.923048699973151,True,accepted_empirical,0.1,1,4.1665026875641115e-10,-0.015120936705140304,100,5.0,0.0007587561820649402,empirical,0.0057421875,empirical,0.0033298317769591677,0.06298281250000001,0.0213073778662093,0.020727731820837092,2.099167338782284e-07,0.007072906040611487,0.007021075299170357
T-L,SA,mc_learned_baseline,False,46,41,155144,10496,10496,41984,83968,8200,77572,310288,262144,0.9004687500000002,0.963,0.9309365196173252,0.0018336959090863303,2.618043012355805e-05,public_state_tabular_independent_mc,0,0.30139645091444633,1.969295399961993,True,accepted_empirical,0.1,1,3.948742055165559e-10,-0.00942583410013973,100,5.0,0.009961281704154725,empirical,0.00228515625,empirical,0.002431034414339844,0.037831124539834074,0.01048289434773719,0.0436793592724003,0.0018828586646968011,0.005315672066579643,0.004607041948970209
T-L,SA,mc_learned_baseline,False,46,42,158928,10752,10752,43008,86016,8400,79464,317856,262144,0.9332812500000002,0.9450000000000002,0.93321940153149,0.002282881914164814,3.0390049094506623e-05,public_state_tabular_independent_mc,0,0.29808946186069285,2.0234103000257164,True,accepted_empirical,0.1,1,5.300823877293891e-10,-0.008596069369410334,100,5.0,0.007977752495917634,empirical,0.0045703125000000015,empirical,0.0033333810602542476,0.034540505588107645,0.010580694483426821,0.013397584525951078,1.4087648103635264e-06,0.006283672957495544,0.006234418889898559
T-L,SA,mc_learned_baseline,False,46,43,160664,11008,11008,44032,86016,8600,80332,321328,262144,0.9332812500000003,0.9186,0.93321940153149,0.0,0.0,public_state_tabular_independent_mc,0,0.29808946186069285,2.0503412999678403,False,direction_rejected,0.0,0,,-0.008438505963839793,100,5.0,-0.004181038310055429,empirical,,,,0.03198270831910334,0.010656881700978746,0.007153084346186667,0.012378555489082968,0.026998832385943583,-0.006569973686685965
T-L,SA,mc_learned_baseline,False,46,44,164448,11264,11264,45056,88064,8800,82224,328896,262144,0.9075000000000002,0.9159,0.9347045091887928,0.0014851076573028088,1.885434142201727e-05,public_state_tabular_independent_mc,0,0.29564702440858337,2.098744999966584,True,accepted_empirical,0.1,1,1.115756610140842e-10,-0.00839381119045604,100,5.0,0.005091985048666469,empirical,0.0040429687500000006,empirical,0.0026306166139225327,0.03218155826135356,0.010668117341209517,0.042145644993651254,0.0016589888454570858,0.0038613765586011997,0.00414959295693992
T-L,SA,mc_learned_baseline,False,46,45,168232,11520,11520,46080,90112,9000,84116,336464,262144,0.9283593750000001,0.9359999999999999,0.9363506075577082,0.001646098368915383,2.314269982485872e-05,public_state_tabular_independent_mc,0,0.29295659329822826,2.1725949000101537,True,accepted_empirical,0.1,1,1.8299977508206973e-10,-0.006166128895620677,100,5.0,0.007233815410017429,empirical,0.0005859375000000001,empirical,0.0005859375,0.024556738281250007,0.0055604775949243184,0.03457342606249625,0.0014697918325584708,0.004692901478292622,0.004183038090146814
T-L,SA,mc_learned_baseline,False,46,46,169968,11776,11776,47104,90112,9200,84984,339936,262144,0.9562500000000002,0.9243000000000001,0.9363506075577082,0.0,0.0,public_state_tabular_independent_mc,0,0.29295659329822826,2.2180010000010952,False,direction_rejected,0.0,0,,-0.0029732195892664915,100,5.0,-0.016072567727879565,empirical,,,,0.010061954496848784,0.00012355505953155817,0.03361603028895788,0.016234287686871372,0.02855028352092159,-0.010774618909690364
T-L,SA,mc_learned_baseline,False,46,47,171704,12032,12032,48128,90112,9400,85852,343408,262144,0.9166406250000001,0.9423,0.9363506075577082,0.0,0.0,public_state_tabular_independent_mc,0,0.29295659329822826,2.2398076000390574,False,direction_rejected,0.0,0,,-0.007114054100871221,100,5.0,-0.009572436187427862,empirical,,,,0.02459675400115698,0.005635292379757947,0.04659921885918694,0.0491610101075672,0.07256748818089799,-0.043701341330386216
T-L,SA,mc_learned_baseline,False,46,48,173440,12288,12288,49152,90112,9600,86720,346880,262144,0.9562500000000002,0.9510000000000001,0.9363506075577082,0.0,0.0,public_state_tabular_independent_mc,0,0.29295659329822826,2.262223200057633,False,direction_rejected,0.0,0,,-0.0036018874854131704,100,5.0,-0.02059754743565011,empirical,,,,0.011546800808780186,0.001216298481012976,-0.04084935821316393,0.055172527772306704,0.07552206317589297,-0.04971285899512569
T-L,SA,mc_learned_baseline,False,46,49,177224,12544,12544,50176,92160,9800,88612,354448,262144,0.9196875000000002,0.9275999999999999,0.9384759007353757,0.00212529317766752,2.9980408590337705e-05,public_state_tabular_independent_mc,0,0.2896305898875664,2.3108463999815285,True,accepted_empirical,0.1,1,5.166381359841664e-10,-0.015487418432496323,100,5.0,0.01231988318565889,empirical,0.0011718750000000002,empirical,0.0011718750000000002,0.06244448242187502,0.02207899861111884,0.006436593862303108,3.558562612428822e-05,0.006101595408616978,0.005424083151056715
T-L,SA,mc_learned_baseline,False,46,50,181008,12800,12800,51200,94208,10000,90504,362016,262144,0.9632812500000003,0.9269999999999999,0.9396158165019377,0.0011399157665620274,1.7225916608660835e-05,public_state_tabular_independent_mc,0,0.28738955137598504,2.3549397999886423,True,accepted_empirical,0.1,1,1.3176296213198084e-10,-0.00289516739753767,100,5.0,0.0031199252302779095,empirical,0.0005859375000000001,empirical,0.001015535322230033,0.009272460937499998,9.324396397722369e-05,0.0338772586165722,0.002593358395110933,0.003438626658511657,0.002538837475203887
T-L,SA,mc_learned_baseline,False,46,51,182744,13056,13056,52224,94208,10200,91372,365488,262144,0.9421875000000002,0.9630000000000001,0.9396158165019377,0.0,0.0,public_state_tabular_independent_mc,0,0.28738955137598504,2.37801230000332,False,direction_rejected,0.0,0,,-0.0021578751739964744,100,5.0,-0.010561103205686428,empirical,,,,0.010526877890342522,0.00011688450386448533,0.06480935822118739,0.021355966416352706,0.0329911592790861,-0.016195228507917228
T-L,SA,mc_learned_baseline,False,46,52,186528,13312,13312,53248,96256,10400,93264,373056,262144,0.9241406250000002,0.936,0.941454431427615,0.0018386149256772732,2.365767072710154e-05,public_state_tabular_independent_mc,0,0.28448320204283184,2.420326799969189,True,accepted_empirical,0.1,1,3.37076348416846e-10,-0.011615982928003607,100,5.0,0.0064285748790163175,empirical,0.0005859375000000001,empirical,0.0005859375,0.04580998535156251,0.016216088666407495,0.011273108841556967,8.053875104287243e-06,0.004875891426303692,0.005152684033331198
T-L,SA,mc_learned_baseline,False,46,53,192360,13568,13568,54272,100352,10600,96180,384720,262144,0.9353906250000001,0.9510000000000001,0.9422071464797587,0.0007527150521436932,5.22874168580463e-06,public_state_tabular_independent_mc,0,0.28314701909454665,2.4780540000647306,True,accepted_empirical,0.05,2,3.7277183811750626e-11,-0.005989688068085418,100,5.0,0.002893876817986098,empirical,0.0028710937500000004,empirical,0.0024996020752504396,0.021372900390625012,0.005463036615532313,0.03306424546835607,0.001092653932224179,0.004233565729308169,0.0037781914149570966
T-L,SA,mc_learned_baseline,False,46,54,196144,13824,13824,55296,102400,10800,98072,392288,262144,0.9377343750000002,0.9480000000000001,0.9435588308209955,0.0013516843412367807,1.7217770426500734e-05,public_state_tabular_independent_mc,0,0.2807418368763244,2.5235986000625417,True,accepted_empirical,0.1,1,4.2215601190273717e-10,-0.0055546183887270695,100,5.0,0.004405452208198371,empirical,0.0034570312500000005,empirical,0.0024283244799077467,0.02128720703125001,0.005491639554011121,0.03041783468723691,0.0010747764762034481,0.00352767030093077,0.003743474310990577
T-L,SA,mc_learned_baseline,False,46,55,199928,14080,14080,56320,104448,11000,99964,399856,262144,0.9517968750000002,0.9630000000000001,0.9447903700028205,0.0012315391818250587,1.466259391172913e-05,public_state_tabular_independent_mc,0,0.27853068115561314,2.572067099972628,True,accepted_empirical,0.1,1,2.274764032909261e-11,-0.005081955068780512,100,5.0,0.003311894772029123,empirical,0.0017578125000000003,empirical,0.0010128855190910918,0.020489599609375006,0.005386990102664831,0.01545205515635295,0.0011082184471985998,0.002984379496545257,0.003612001861737638
T-L,SA,mc_learned_baseline,False,46,56,203712,14336,14336,57344,106496,11200,101856,407424,262144,0.9447656250000002,0.9392999999999999,0.9464649516199218,0.0016745816171013228,2.6451575539793204e-05,public_state_tabular_independent_mc,0,0.2755114484212529,2.614815599983558,True,accepted_empirical,0.1,1,1.2130388752303888e-10,-0.00697399391140014,100,5.0,0.0032665811179834656,empirical,0.0040429687500000006,empirical,0.0030989194557020385,0.023567968750000008,0.005302568164722674,0.020022083741012442,0.0010125592693727482,0.005336716446659936,0.0036202175531869366
T-L,SA,mc_learned_baseline,False,46,57,207496,14592,14592,58368,108544,11400,103748,414992,262144,0.9328125000000002,0.9366,0.9476492321516988,0.0011842805317769933,1.7569597191096952e-05,public_state_tabular_independent_mc,0,0.2731391318106728,2.656627699965611,True,accepted_empirical,0.1,1,2.965784339016707e-10,-0.0036410234021021187,100,5.0,0.002006652098212449,empirical,0.0011718750000000002,empirical,0.0008278295590484756,0.010810546875000007,3.6556073594312495e-05,0.09113871849064381,0.0018105398618166108,0.0035569904341796756,0.0027031855222062104
T-L,SA,mc_learned_baseline,False,46,58,209232,14848,14848,59392,108544,11600,104616,418464,262144,0.9562500000000003,0.9483000000000001,0.9476492321516988,0.0,0.0,public_state_tabular_independent_mc,0,0.2731391318106728,2.684652699972503,False,direction_rejected,0.0,0,,-0.003490585826322919,100,5.0,-0.017476074355491443,empirical,,,,0.01046290997534247,0.0006435000457866032,0.028034257033185184,0.029394369658947053,0.04279865329551894,-0.02485781662457684
T-L,SA,mc_learned_baseline,False,46,59,213016,15104,15104,60416,110592,11800,106508,426032,262144,0.9051562500000001,0.9540000000000001,0.9493259810372635,0.0016767488855646828,2.2165523915482424e-05,public_state_tabular_independent_mc,0,0.2702465646311543,2.7275802000658587,True,accepted_empirical,0.1,1,1.307362398963392e-10,-0.00940070051616761,100,5.0,0.000858366882101752,empirical,0.0011718750000000002,empirical,0.0008278295590484756,0.03648921111450126,0.010853886629618965,0.02515043026340613,9.855157682535574e-08,0.004507163976592229,0.004536454482793384
T-L,SA,mc_learned_baseline,False,46,60,216800,15360,15360,61440,112640,12000,108400,433600,262144,0.9398437500000002,0.9329999999999999,0.9504758543842158,0.0011498733469522682,1.632301841968789e-05,public_state_tabular_independent_mc,0,0.26792470987301004,2.777038100059144,True,accepted_empirical,0.1,1,1.445766295414133e-12,-0.0033477174486689285,100,5.0,0.002315700308698288,empirical,0.0011718750000000002,empirical,0.0008278295590484758,0.010480957031250005,4.3389466332753934e-05,0.07854408703243554,0.0015575268454244737,0.0032755445297878824,0.002778804247939881
T-L,SA,mc_learned_baseline,False,46,61,222632,15616,15616,62464,116736,12200,111316,445264,262144,0.9726562500000002,0.96,0.9509961020772097,0.0005202476929939692,3.316475774631804e-06,public_state_tabular_independent_mc,0,0.26687138570458585,2.850323999999091,True,accepted_empirical,0.05,2,8.160176129667052e-11,-0.0024164066037225714,100,5.0,0.002973704952585741,empirical,0.0005859375000000001,empirical,0.0005859375,0.009228515624999994,0.00016340479584691075,-0.0138756395802615,0.0015369663397559927,0.002631618569155811,0.0028195277264587023
T-L,SA,mc_learned_baseline,False,46,62,224368,15872,15872,63488,116736,12400,112184,448736,262144,0.9609375000000002,0.9543000000000003,0.9509961020772097,0.0,0.0,public_state_tabular_independent_mc,0,0.26687138570458585,2.8774650000268593,False,direction_rejected,0.0,0,,-0.001838377140055413,100,5.0,-0.010028186809161342,empirical,,,,0.009673307545223383,0.00014631006341740536,0.027122920622268065,0.02615995023669591,0.03633118684956416,-0.021794790956134853
T-L,SA,mc_learned_baseline,False,46,63,228152,16128,16128,64512,118784,12600,114076,456304,262144,0.9517968750000002,0.963,0.9522520576854739,0.001255955608264192,1.5493316802811248e-05,public_state_tabular_independent_mc,0,0.2645519618721403,2.9211209999630228,True,accepted_empirical,0.1,1,2.836218099285692e-10,-0.005662053272154029,100,5.0,0.0017615174394430217,empirical,0.004101562500000001,empirical,0.0015411167927199777,0.02323837890625,0.005345421727385045,0.015028806184213317,0.0007777062064171602,0.0031643839603343674,0.0035874530741438933
T-L,SA,mc_learned_baseline,False,46,64,233984,16384,16384,65536,122880,12800,116992,467968,262144,0.9588281250000001,0.9630000000000001,0.9529988568463585,0.0007467991608846036,5.568175239176722e-06,public_state_tabular_independent_mc,0,0.2631323926936905,2.988649500068277,True,accepted_empirical,0.05,2,2.531962870346394e-10,-0.006599160403300417,100,5.0,0.003689425132541926,empirical,0.0005859375000000001,empirical,0.001015535322230033,0.0228857177734375,0.005299433321895942,0.006201988015453352,0.0008418250984311032,0.004536737466730511,0.0034308028035990885
T-L,SA,mc_learned_baseline,False,46,65,237768,16640,16640,66560,124928,13000,118884,475536,262144,0.9541406250000002,0.978,0.9541964230557061,0.0011975662093475226,1.4044522210787093e-05,public_state_tabular_independent_mc,0,0.2608753271805504,3.0365453000413254,True,accepted_empirical,0.1,1,2.7006587073311026e-10,-0.005244578388620911,100,5.0,0.004828179212226714,empirical,0.0011718750000000002,empirical,0.0008278295590484756,0.0203654541015625,0.005331079400014206,0.01348267234731837,0.0006814278847236243,0.00287100353153648,0.0035523346552704844
T-L,SA,mc_learned_baseline,False,46,66,241552,16896,16896,67584,126976,13200,120776,483104,262144,0.9539062500000002,0.9483000000000001,0.9553124340759992,0.0011160110202931284,1.5022790112861698e-05,public_state_tabular_independent_mc,0,0.25858775735419104,3.093072099960409,True,accepted_empirical,0.1,1,2.002216632852912e-10,-0.0029945915729126674,100,5.0,0.0031047216026755566,empirical,0.0011718750000000002,empirical,0.0008278295590484756,0.009841003417968754,2.5183622128750977e-05,0.04930045651306747,0.0012974699941837693,0.0029945662681343725,0.002865317487857982
T-L,SA,mc_learned_baseline,False,46,67,243288,17152,17152,68608,126976,13400,121644,486576,262144,0.9609375000000002,0.9483,0.9553124340759992,0.0,0.0,public_state_tabular_independent_mc,0,0.25858775735419104,3.117507299990393,False,direction_rejected,0.0,0,,-0.002520153331963154,100,5.0,-0.017648738934464347,empirical,,,,0.009473421906613676,5.308754271606698e-05,0.0361252340817062,0.023916872160405507,0.03425395351250632,-0.01973842390423703
T-L,SA,mc_learned_baseline,False,46,68,245024,17408,17408,69632,126976,13600,122512,490048,262144,0.9632812500000001,0.9333,0.9553124340759992,0.0,0.0,public_state_tabular_independent_mc,0,0.25858775735419104,3.1480366999749094,False,direction_rejected,0.0,0,,-0.0035163991618824084,100,5.0,-0.030453764851017723,empirical,,,,0.009387852835949556,7.886378876842989e-05,0.03289151859811745,0.024136683261486255,0.03598347294028082,-0.01995823500531778
T-L,SA,mc_learned_baseline,False,46,69,248808,17664,17664,70656,129024,13800,124404,497616,262144,0.9262500000000002,0.963,0.9568681038096389,0.0015556697336397418,2.0593336093821062e-05,public_state_tabular_independent_mc,0,0.2557329924868177,3.2010052000405267,True,accepted_empirical,0.1,1,3.8564393117265214e-10,-0.009403828145822395,100,5.0,0.0063734993851487015,empirical,0.0005859375000000001,empirical,0.0013112212732744476,0.03577387695312501,0.010961401423437876,0.01622385532455639,2.629505532029089e-08,0.004158843117164942,0.0041784219611131585
T-L,SA,mc_learned_baseline,False,46,70,252592,17920,17920,71680,131072,14000,126296,505184,262144,0.9750000000000003,0.9510000000000001,0.9579251928976943,0.0010570890880553518,1.3344861542251028e-05,public_state_tabular_independent_mc,0,0.2535488701653383,3.250405100057833,True,accepted_empirical,0.1,1,2.8466906661592745e-10,-0.002420905682946277,100,5.0,0.0025166204696518727,empirical,0.0011718750000000002,empirical,0.0011718750000000002,0.008440246582031253,0.0001572263051686493,0.01802201704545492,0.001138283399005853,0.002654609214330227,0.0028916984677898683
T-L,SA,mc_learned_baseline,False,46,71,258424,18176,18176,72704,135168,14200,129212,516848,262144,0.9562500000000002,0.9690000000000001,0.9583205087205539,0.00039531582285956546,1.8571210437619387e-06,public_state_tabular_independent_mc,0,0.2527300435730328,3.3433196999831125,True,accepted_empirical,0.05,2,8.70093153462192e-11,-0.0018447514855904836,100,5.0,0.0025400665453195357,empirical,0.0,empirical,0.0,0.009692687988281254,1.0740411444185954e-05,0.0459426130895092,0.0013588300564156726,0.0015083554129689987,0.0026839635276901946
T-L,DA,mc_learned_baseline,False,46,1,2760,256,256,0,2048,200,1380,5520,262144,0.19148437499999996,0.3054,0.4093360936298753,0.09032209362987526,0.00518971987112492,public_state_tabular_independent_mc,0,0.5856048417685715,0.01384859997779131,True,accepted_empirical,0.1,1,,,,,,,0.07564453125000001,empirical,0.022146793757488407,0.4074925527356591,0.1717049778337192,0.012895825385180526,,,
T-L,DA,mc_learned_baseline,False,46,2,5520,512,512,0,4096,400,2760,11040,262144,0.37124999999999997,0.48239999999999994,0.495555949332291,0.08621985570241575,0.004522903489666105,public_state_tabular_independent_mc,0,0.5405994959567378,0.027453599963337183,True,accepted_empirical,0.1,1,,,,,,,0.0828515625,empirical,0.01749679309958497,0.41081471644796475,0.17849669964142809,-0.025517041725904743,,,
T-L,DA,mc_learned_baseline,False,46,3,8280,768,768,0,6144,600,4140,16560,262144,0.563203125,0.4827,0.5752967111956182,0.07974076186332718,0.0038960606521914482,public_state_tabular_independent_mc,0,0.4929977127725623,0.039264900027774274,True,accepted_empirical,0.1,1,,,,,,,0.102421875,empirical,0.01713556765497107,0.36570464257410035,0.1504718609764054,0.008388900041656044,,,
T-L,DA,mc_learned_baseline,False,46,4,11040,1024,1024,0,8192,800,5520,22080,262144,0.6182812500000001,0.6791999999999999,0.6471555055940343,0.07185879439841614,0.0033241184182803097,public_state_tabular_independent_mc,0,0.4449103207164862,0.05242650001309812,True,accepted_empirical,0.1,1,,,,,,,0.08958984375000001,empirical,0.01540133630244083,0.3612400921182264,0.14476720016857803,0.008749452431213611,,,
T-L,DA,mc_learned_baseline,False,46,5,13800,1280,1280,0,10240,1000,6900,27600,262144,0.698203125,0.8136,0.7105716864499989,0.06341618085596457,0.002814275164695248,public_state_tabular_independent_mc,0,0.3979564548069147,0.0657461000373587,True,accepted_empirical,0.1,1,,,,,,,0.05572265625,empirical,0.012094437869675989,0.2717031912543878,0.12611356136636875,-0.0022461472661805537,,,
T-L,DA,mc_learned_baseline,False,46,6,16560,1536,1536,0,12288,1200,8280,33120,262144,0.7577343750000002,0.7697999999999999,0.7656176947106079,0.055046008260609014,0.0023679584404477485,public_state_tabular_independent_mc,0,0.35328147511512265,0.07641830004286021,True,accepted_empirical,0.1,1,,,,,,,0.0866015625,empirical,0.014761834202318786,0.2531582330628057,0.12149667707052916,-0.0037253595268160744,,,
T-L,DA,mc_learned_baseline,False,46,7,19320,1792,1792,0,14336,1400,9660,38640,262144,0.7971093750000002,0.8525999999999999,0.8127839525044578,0.047166257793849864,0.0019827222194431188,public_state_tabular_independent_mc,0,0.31162065266662226,0.09045869996771216,True,accepted_empirical,0.1,1,,,,,,,0.035390625,empirical,0.00892835289376027,0.22479316015216394,0.09306126069084515,0.00014971878819114437,,,
T-L,DA,mc_learned_baseline,False,46,8,22080,2048,2048,0,16384,1600,11040,44160,262144,0.7703906250000001,0.8174999999999999,0.8527968157062015,0.04001286320174369,0.0016538030467448178,public_state_tabular_independent_mc,0,0.2733807463943481,0.10573990002740175,True,accepted_empirical,0.1,1,,,,,,,0.06515625000000001,empirical,0.0119321206252015,0.24275120499942288,0.10308255939172432,0.0013683067663968762,,,
T-L,DA,mc_learned_baseline,False,46,9,24840,2304,2304,0,18432,1800,12420,49680,262144,0.8936718750000002,0.9057000000000001,0.8864831924431258,0.03368637673692432,0.0013753133937659122,public_state_tabular_independent_mc,0,0.23872101584979907,0.13838759995996952,True,accepted_empirical,0.1,1,,,,,,,0.044296875,empirical,0.010480948141914068,0.14111740929927097,0.06477358330910973,0.002474674916336017,,,
T-L,DA,mc_learned_baseline,False,46,10,27600,2560,2560,0,20480,2000,13800,55200,262144,0.9229687500000002,0.9606,0.9146800921742838,0.02819689973115802,0.001141051212629944,public_state_tabular_independent_mc,0,0.20762423405972702,0.16021780006121844,True,accepted_empirical,0.1,1,,,,,,,0.02015625,empirical,0.006088102342998263,0.12449074194637347,0.055586080681615586,-0.010654672044729585,,,
T-L,DA,mc_learned_baseline,False,46,11,30360,2816,2816,0,22528,2200,15180,60720,262144,0.9691406250000003,0.9324000000000001,0.9358613807356689,0.021181288561385125,0.0008842331519910754,public_state_tabular_independent_mc,0,0.18134592706694738,0.18304060003720224,True,accepted_empirical,0.1,1,,,,,,,0.02126953125,empirical,0.0064435167021594944,0.06648845817660105,0.031054107392331727,-0.0019933933881051136,,,
T-L,DA,mc_learned_baseline,False,46,12,33120,3072,3072,0,24576,2400,16560,66240,262144,0.9667968750000002,0.9648,0.9560719430730968,0.020210562337427906,0.000790077902557041,public_state_tabular_independent_mc,0,0.15653959628756822,0.19995290006045252,True,accepted_empirical,0.1,1,,,,,,,0.0235546875,empirical,0.00687303456293379,0.07318533806620153,0.026765321027833296,-0.04665982734218521,,,
T-L,DA,mc_learned_baseline,False,46,13,35880,3328,3328,0,26624,2600,17940,71760,262144,0.9970312500000003,1.0233,0.9727408421514628,0.016668899078365995,0.000651560103780665,public_state_tabular_independent_mc,0,0.13478257010508088,0.21414239995647222,True,accepted_empirical,0.1,1,,,,,,,0.0155859375,empirical,0.00589079835329891,0.05167054505007381,0.02088035905272926,0.011941240727576519,,,
T-L,DA,mc_learned_baseline,False,46,14,38640,3584,3584,0,28672,2800,19320,77280,262144,0.9506250000000003,1.0089000000000001,0.9864698523014829,0.013729010150020038,0.0005369722009208293,public_state_tabular_independent_mc,0,0.11578942470931633,0.22533010004553944,True,accepted_empirical,0.1,1,,,,,,,0.00919921875,empirical,0.004111793408362359,0.10618704647708249,0.04604188883034142,0.007392080076273455,,,
T-L,DA,mc_learned_baseline,False,46,15,41400,3840,3840,0,30720,3000,20700,82800,262144,0.9808593750000003,0.9882000000000002,0.9971126960576615,0.010642843756178633,0.00042553246866646155,public_state_tabular_independent_mc,0,0.09973965179269553,0.23693130002357066,True,accepted_empirical,0.1,1,,,,,,,0.012832031250000002,empirical,0.0047645909458843136,0.05949649548626657,0.026198159210910635,0.00586914958439122,,,
T-L,DA,mc_learned_baseline,False,46,16,44160,4096,4096,0,32768,3200,22080,88320,262144,1.0155468750000003,0.9912000000000001,1.0060650397619135,0.00895234370425202,0.0003526970178136588,public_state_tabular_independent_mc,0,0.08568610610660546,0.24884719995316118,True,accepted_empirical,0.1,1,,,,,,,0.0069140625,empirical,0.0037986711330666566,0.03632490608013111,0.015993943998166112,0.01468952712099414,,,
T-L,DA,mc_learned_baseline,False,46,17,46920,4352,4352,0,34816,3400,23460,93840,262144,1.0108593750000003,1.0119,1.013565625945036,0.0075005861831225484,0.0002919395571742888,public_state_tabular_independent_mc,0,0.07343932298386273,0.26070520002394915,True,accepted_empirical,0.1,1,,,,,,,0.0035156250000000005,empirical,0.0035361132448425672,0.03654493071425621,0.01613919845464272,0.011845302954666126,,,
T-L,DA,mc_learned_baseline,False,46,18,49680,4608,4608,0,36864,3600,24840,99360,262144,1.0176562500000004,1.0206,1.0202000897714996,0.006634463826463488,0.0002509196449454379,public_state_tabular_independent_mc,0,0.06254779749719233,0.2731505000265315,True,accepted_empirical,0.1,1,,,,,,,0.006328125000000001,empirical,0.003755142060728359,0.027167674763997396,0.01063025647789669,0.046006787068383015,,,
T-L,DA,mc_learned_baseline,False,46,19,52440,4864,4864,0,38912,3800,26220,104880,262144,1.0132031250000004,1.0263000000000002,1.025352217167605,0.005152127396105488,0.00019939106955151644,public_state_tabular_independent_mc,0,0.05340322881913483,0.2855926000047475,True,accepted_empirical,0.1,1,,,,,,,0.0005859375000000001,empirical,0.0005859375,0.03615630346030134,0.015831203731997517,0.013201341192619287,,,
T-L,DA,mc_learned_baseline,False,46,20,55200,5120,5120,0,40960,4000,27600,110400,262144,1.0155468750000003,1.0323,1.0298442054987968,0.0044919883311917985,0.0001699648519786148,public_state_tabular_independent_mc,0,0.04536159015236126,0.29883810004685074,True,accepted_empirical,0.1,1,,,,,,,0.0040429687500000006,empirical,0.002985852065347178,0.040806651032808956,0.01970365407594387,-0.11863535927557112,,,
T-L,DA,mc_learned_baseline,False,46,21,57960,5376,5376,0,43008,4200,28980,115920,262144,1.0202343750000002,1.0323000000000002,1.0333589137261374,0.0035147082273405683,0.00013576013600301865,public_state_tabular_independent_mc,0,0.0386100835911777,0.3128700000233948,True,accepted_empirical,0.1,1,,,,,,,0.0011718750000000002,empirical,0.0008278295590484758,0.03558422817871093,0.015855778383586157,0.017643997733957972,,,
T-L,DA,mc_learned_baseline,False,46,22,60720,5632,5632,0,45056,4400,30360,121440,262144,1.0293750000000004,1.0383000000000002,1.0359418305757015,0.002582916849564132,0.00012780778205388497,public_state_tabular_independent_mc,1,0.033056389346074695,0.3233361999737099,True,accepted_empirical,0.1,1,,,,,,,0.004570312500000001,empirical,0.003228535280289055,0.02425166015625001,0.010917965804627436,0.025309542480429825,,,
T-L,DA,mc_learned_baseline,False,46,23,63480,5888,5888,0,47104,4600,31740,126960,262144,1.0429687500000002,1.05,1.0367495226874295,0.0008076921117279312,5.828843312101636e-05,public_state_tabular_independent_mc,0,0.02994226298486856,0.3420837000012398,True,accepted_empirical,0.1,1,,,,,,,0.0011718750000000002,empirical,0.0008278295590484756,0.001032714843750001,0.00021441089186087723,0.30854219948849126,,,
T-L,DA,mc_learned_baseline,False,46,24,66240,6144,6144,0,49152,4800,33120,132480,262144,1.0293750000000004,1.0383000000000002,1.0390773103604365,0.002327787673007009,8.201586956571528e-05,public_state_tabular_independent_mc,0,0.025395378989785923,0.35709760000463575,True,accepted_empirical,0.1,1,,,,,,,0.004570312500000001,empirical,0.003228535280289055,0.023922356528935478,0.010641177206961932,0.025285773422534796,,,
T-L,DA,mc_learned_baseline,False,46,25,69000,6400,6400,0,51200,5000,34500,138000,262144,1.0453125000000003,1.05,1.0396294254424348,0.0005521150819982612,3.949816285891889e-05,public_state_tabular_independent_mc,0,0.02312773161048112,0.3698156999889761,True,accepted_empirical,0.1,1,,,,,,,0.0,empirical,0.0,0.0006948852539062503,0.00014502562611255526,0.4246835443037973,,,
T-L,DA,mc_learned_baseline,False,46,26,71760,6656,6656,0,53248,5200,35880,143520,262144,1.0225781250000003,1.0323000000000002,1.0409997865766485,0.0013703611342137378,2.8098846640298373e-05,public_state_tabular_independent_mc,1,0.021515897287585857,0.3834449000423774,True,accepted_empirical,0.1,1,,,,,,,0.0022851562500000003,empirical,0.0022851562500000003,0.03500633239746095,0.01590691314200441,0.01970025711890533,,,
T-L,DA,mc_learned_baseline,False,46,27,74520,6912,6912,0,55296,5400,37260,149040,262144,1.0500000000000003,1.0236,1.0414555409825366,0.0004557544058880758,3.23509551219133e-05,public_state_tabular_independent_mc,0,0.019588595554760283,0.3960278000449762,True,accepted_empirical,0.1,1,,,,,,,0.0011718750000000002,empirical,0.0008278295590484758,2.7465820312496886e-06,2.543505427738667e-05,0.9978027343750002,,,
T-L,DA,mc_learned_baseline,False,46,28,79328,7168,7168,0,59392,5600,39664,158656,262144,1.0317187500000002,1.0383000000000002,1.0415248998030622,6.935882052561126e-05,4.5090097728535615e-05,public_state_tabular_independent_mc,1,0.021078349668250354,0.41240040003322065,True,accepted_empirical,0.05,2,,,,,,,0.0016992187500000002,empirical,0.0023601911752726573,0.02389765625000001,0.01076112497050346,0.027923612577024692,,,
T-L,DA,mc_learned_baseline,False,46,29,82088,7424,7424,0,61440,5800,41044,164176,262144,1.0338281250000003,1.0470000000000002,1.0420761767205258,0.0005512769174635945,3.546534822458262e-05,public_state_tabular_independent_mc,0,0.0190464126223735,0.444122500019148,True,accepted_empirical,0.1,1,,,,,,,0.0,empirical,0.0,0.015680883789062506,0.0048222565646262126,0.030112465322598037,,,
T-L,DA,mc_learned_baseline,False,46,30,84848,7680,7680,0,63488,6000,42424,169696,262144,1.0110937500000001,1.0383000000000002,1.0435305985880636,0.0014544218675378584,4.9880470186967686e-05,public_state_tabular_independent_mc,0,0.016069884209159634,0.4578414000570774,True,accepted_empirical,0.1,1,,,,,,,0.0005859375000000001,empirical,0.0005859375,0.05080062255859375,0.020868876827155707,0.013298081844664966,,,
T-L,DA,mc_learned_baseline,False,46,31,89656,7936,7936,0,67584,6200,44828,179312,262144,1.0225781250000003,1.0353,1.04355952775667,2.8929168606417477e-05,3.7591157950278704e-05,public_state_tabular_independent_mc,1,0.01740669369448734,0.4720806999830529,True,accepted_empirical,0.05,2,,,,,,,0.0016992187500000002,empirical,0.002360191175272657,0.035846484375000015,0.01610345011570421,0.019635264870758284,,,
T-L,DA,mc_learned_baseline,False,46,32,92416,8192,8192,0,69632,6400,46208,184832,262144,1.0453125000000003,1.05,1.0439302740232792,0.00037074626660915655,2.814338969692807e-05,public_state_tabular_independent_mc,0,0.01571076465639046,0.48278770002070814,True,accepted_empirical,0.1,1,,,,,,,0.0,empirical,0.0,0.0007031249999999983,9.570688613582795e-05,0.42126582278481106,,,
T-L,DA,mc_learned_baseline,False,46,33,95176,8448,8448,0,71680,6600,47588,190352,262144,1.0361718750000004,1.05,1.044893508148362,0.0009632341250827015,4.412434687706786e-05,public_state_tabular_independent_mc,1,0.013356913021665296,0.4946876000612974,True,accepted_empirical,0.1,1,,,,,,,0.0,empirical,0.0,0.012656835937500006,0.0054557855615344495,0.04087331186324683,,,
T-L,DA,mc_learned_baseline,False,46,34,99984,8704,8704,0,75776,6800,49992,199968,262144,1.0317187500000002,1.05,1.0448462164695418,-4.729167882011609e-05,3.1375326907997055e-05,public_state_tabular_independent_mc,1,0.014588240766152403,0.5063814000459388,True,accepted_empirical,0.05,2,,,,,,,0.0,empirical,0.0,0.02389765625000001,0.010731607609917503,0.02792361257702458,,,
T-L,DA,mc_learned_baseline,False,46,35,102744,8960,8960,0,77824,7000,51372,205488,262144,1.0385156250000003,1.05,1.0457569957534096,0.0009107792838678463,3.546129154287011e-05,public_state_tabular_independent_mc,0,0.012323281043576424,0.5221733000362292,True,accepted_empirical,0.1,1,,,,,,,0.0,empirical,0.0,0.012276220703125002,0.005408773343156289,0.04633854874917798,,,
T-L,DA,mc_learned_baseline,False,46,36,105504,9216,9216,0,79872,7200,52752,211008,262144,1.0500000000000003,1.0353,1.0457569957533983,-1.1324274851176597e-14,-1.6429480214605204e-17,public_state_tabular_independent_mc,1,0.012323281043627605,0.5342849000589922,True,accepted_empirical,0.1,1,,,,,,,0.0,empirical,0.0,2.465190328815662e-32,5.632289535711824e-06,1.0,,,
T-L,DA,mc_learned_baseline,False,46,37,108264,9472,9472,0,81920,7400,54132,216528,262144,1.0476562500000002,1.05,1.0460360532257162,0.000279057472317934,1.9548987647032466e-05,public_state_tabular_independent_mc,0,0.011058183207849735,0.5441007000626996,True,accepted_empirical,0.1,1,,,,,,,0.0011718750000000002,empirical,0.0008278295590484756,0.00034881591796874994,6.414955569905947e-05,0.619443982020976,,,
T-L,DA,mc_learned_baseline,False,46,38,111024,9728,9728,0,83968,7600,55512,222048,262144,1.0500000000000003,1.05,1.0467364041794034,0.0007003509536871455,2.5649574432754657e-05,public_state_tabular_independent_mc,1,0.009331909449119262,0.5576344999717548,True,accepted_empirical,0.1,1,,,,,,,0.0005859375000000001,empirical,0.0005859375,9.335021972656141e-05,5.6630693160680186e-05,0.99958740234375,,,
T-L,DA,mc_learned_baseline,False,46,39,113784,9984,9984,0,86016,7800,56892,227568,262144,1.0500000000000003,1.05,1.0473133215426484,0.0005769173632450553,2.1120774631327535e-05,public_state_tabular_independent_mc,0,0.00786945378221534,0.5722982999868691,True,accepted_empirical,0.1,1,,,,,,,0.0,empirical,0.0,0.0002650854172802021,0.0002216219939998716,0.9568293039711102,,,
T-L,DA,mc_learned_baseline,False,46,40,116544,10240,10240,0,88064,8000,58272,233088,262144,1.0500000000000003,1.05,1.047313321542645,-3.552713678800501e-15,-2.8342428714679658e-18,public_state_tabular_independent_mc,1,0.007869453782232597,0.5836432999931276,True,accepted_empirical,0.1,1,,,,,,,0.0,empirical,0.0,2.465190328815662e-32,2.401365125355953e-06,1.0,,,
T-L,DA,mc_learned_baseline,False,46,41,119304,10496,10496,0,90112,8200,59652,238608,262144,1.0500000000000003,1.0323000000000002,1.0473133215426413,-3.552713678800501e-15,-2.8342428813868536e-18,public_state_tabular_independent_mc,1,0.007869453782249855,0.5995899999979883,True,accepted_empirical,0.1,1,,,,,,,0.0,empirical,0.0,2.465190328815662e-32,2.401365125359081e-06,1.0,,,
T-L,DA,mc_learned_baseline,False,46,42,122064,10752,10752,0,92160,8400,61032,244128,262144,1.0408593750000001,1.0470000000000002,1.0471424616733054,-0.00017085986933595976,7.624231178888821e-05,public_state_tabular_independent_mc,0,0.009702737039809417,0.6151623000623658,True,accepted_empirical,0.1,1,,,,,,,0.0,empirical,0.0,0.011930151367187503,0.0053369750241537475,0.05180078367352914,,,
T-L,DA,mc_learned_baseline,False,46,43,124824,11008,11008,0,94208,8600,62412,249648,262144,1.0385156250000003,1.05,1.0474277581124056,0.0002852964391002466,1.805397437477089e-05,public_state_tabular_independent_mc,0,0.008550314622327304,0.6287016000133008,True,accepted_empirical,0.1,1,,,,,,,0.0,empirical,0.0,0.01501840820312499,0.004651774136331124,0.03814968707639488,,,
T-L,DA,mc_learned_baseline,False,46,44,127584,11264,11264,0,96256,8800,63792,255168,262144,1.0476562500000002,1.05,1.0476202828750538,0.00019252476264819407,1.395156279452576e-05,public_state_tabular_independent_mc,0,0.0076049466342804324,0.6421311000594869,True,accepted_empirical,0.1,1,,,,,,,0.0005859375000000001,empirical,0.0005859375,0.00035980224609374835,6.303347451685062e-05,0.613450973863827,,,
T-L,DA,mc_learned_baseline,False,46,45,130344,11520,11520,0,98304,9000,65172,260688,262144,1.0500000000000003,1.0383000000000002,1.0476202828750498,-3.9968028886505635e-15,5.5028880147885383e-17,public_state_tabular_independent_mc,1,0.007604946634299499,0.6571749000577256,True,accepted_empirical,0.1,1,,,,,,,0.0,empirical,0.0,2.465190328815662e-32,1.762169497924987e-06,1.0,,,
T-L,DA,mc_learned_baseline,False,46,46,133104,11776,11776,0,100352,9200,66552,266208,262144,1.0476562500000002,1.0470000000000002,1.047714669839907,9.438696485708498e-05,1.4556765345711007e-05,public_state_tabular_independent_mc,1,0.006848786691649771,0.6711263000033796,True,accepted_empirical,0.1,1,,,,,,,0.0,empirical,0.0,0.00035400390625000064,5.958616289135081e-05,0.6155422840019975,,,
T-L,DA,mc_learned_baseline,False,46,47,135864,12032,12032,0,102400,9400,67932,271728,262144,1.0500000000000003,1.05,1.047714669839904,-2.886579864025407e-15,-1.8615705911889517e-18,public_state_tabular_independent_mc,1,0.006848786691663272,0.6840066000586376,True,accepted_empirical,0.1,1,,,,,,,0.0,empirical,0.0,2.465190328815662e-32,1.6822406407697723e-06,1.0,,,
T-L,DA,mc_learned_baseline,False,46,48,138624,12288,12288,0,104448,9600,69312,277248,262144,1.0500000000000003,1.05,1.0477146698399014,-2.6645352591003757e-15,-1.861570597828877e-18,public_state_tabular_independent_mc,1,0.0068487866916767766,0.6968729000072926,True,accepted_empirical,0.1,1,,,,,,,0.0,empirical,0.0,2.465190328815662e-32,1.6822406407720805e-06,1.0,,,
T-L,DA,mc_learned_baseline,False,46,49,141384,12544,12544,0,106496,9800,70692,282768,262144,1.0408593750000001,1.05,1.047531744684843,-0.00018292515505846652,6.592018612886993e-05,public_state_tabular_independent_mc,1,0.008506520553382167,0.7075306000187993,True,accepted_empirical,0.1,1,,,,,,,0.0033984375000000004,empirical,0.003336121101963174,0.011948828125000005,0.005356256960259284,0.05200576133645429,,,
T-L,DA,mc_learned_baseline,False,46,50,144144,12800,12800,0,108544,10000,72072,288288,262144,1.0500000000000003,1.05,1.0477514398602377,0.000219695175394774,1.4555064649108212e-05,public_state_tabular_independent_mc,0,0.007510206678471378,0.7219741999870166,True,accepted_empirical,0.1,1,,,,,,,0.0,empirical,0.0,2.7465820312496886e-06,1.5242137957004693e-06,0.9978027343750002,,,
T-L,DA,mc_learned_baseline,False,46,51,146904,13056,13056,0,110592,10200,73452,293808,262144,1.0354687500000002,1.05,1.0479697597014757,0.00021831984123799053,1.3064956524968648e-05,public_state_tabular_independent_mc,1,0.006637866715932839,0.7365312000038102,True,accepted_empirical,0.1,1,,,,,,,0.0,empirical,0.0,0.017792382812500004,0.005453520297081721,0.01463899215693576,,,
T-L,DA,mc_learned_baseline,False,46,52,149664,13312,13312,0,112640,10400,74832,299328,262144,1.0500000000000003,1.05,1.0479697597014725,-3.1086244689504383e-15,5.618856319122436e-17,public_state_tabular_independent_mc,1,0.006637866715947409,0.7497685999842361,True,accepted_empirical,0.1,1,,,,,,,0.0,empirical,0.0,2.465190328815662e-32,1.2484564979522262e-06,1.0,,,
T-L,DA,mc_learned_baseline,False,46,53,152424,13568,13568,0,114688,10600,76212,304848,262144,1.0500000000000003,1.05,1.0479697597014697,-2.886579864025407e-15,5.618856318369822e-17,public_state_tabular_independent_mc,1,0.006637866715961982,0.7618700000457466,True,accepted_empirical,0.1,1,,,,,,,0.0,empirical,0.0,2.465190328815662e-32,1.2484564979547385e-06,1.0,,,
T-L,DA,mc_learned_baseline,False,46,54,155184,13824,13824,0,116736,10800,77592,310368,262144,1.0476562500000002,1.0383000000000002,1.0480478601674519,7.810046598222264e-05,1.3072216925661674e-05,public_state_tabular_independent_mc,1,0.005967362010357821,0.7734930999577045,True,accepted_empirical,0.1,1,,,,,,,0.0005859375000000001,empirical,0.0005859375,0.00035400390625000064,8.199431819775524e-05,0.6155422840019977,,,
T-L,DA,mc_learned_baseline,False,46,55,157944,14080,14080,0,118784,11000,78972,315888,262144,1.0408593750000001,1.05,1.047856840453585,-0.0001910197138668135,5.70395301431776e-05,public_state_tabular_independent_mc,1,0.007466197982286676,0.7909966000588611,True,accepted_empirical,0.1,1,,,,,,,0.0,empirical,0.0,0.011948828125000005,0.0053551272941354386,0.05200576133645418,,,
T-L,DA,mc_learned_baseline,False,46,56,160704,14336,14336,0,120832,11200,80352,321408,262144,1.0361718750000004,1.05,1.0481254605524288,0.0002686200988437637,2.161663826412776e-05,public_state_tabular_independent_mc,1,0.006353505458890448,0.8019396000308916,True,accepted_empirical,0.1,1,,,,,,,0.0,empirical,0.0,0.012656835937500006,0.005669755618992315,0.04087331186324683,,,
T-L,DA,mc_learned_baseline,False,46,57,163464,14592,14592,0,122880,11400,81732,326928,262144,1.0500000000000003,1.0470000000000002,1.0484566045168178,0.0003311439643889358,1.3434758655487086e-05,public_state_tabular_independent_mc,0,0.0053501812842891685,0.8164582999888808,True,accepted_empirical,0.1,1,,,,,,,0.0,empirical,0.0,0.00011833553935051878,9.78700850455573e-05,0.9993768441101337,,,
T-L,DA,mc_learned_baseline,False,46,58,166224,14848,14848,0,124928,11600,83112,332448,262144,1.0500000000000003,1.05,1.0486092906451856,0.00015268612836782935,8.616158372002368e-06,public_state_tabular_independent_mc,0,0.0047031408027999105,0.8330729999579489,True,accepted_empirical,0.1,1,,,,,,,0.0,empirical,0.0,6.594543457030985e-05,5.669795765182907e-05,0.9472436523437522,,,
T-L,DA,mc_learned_baseline,False,46,59,168984,15104,15104,0,126976,11800,84492,337968,262144,1.0408593750000001,1.05,1.0483335648997851,-0.000275725745400468,4.817150877298664e-05,public_state_tabular_independent_mc,1,0.006151255701671625,0.8454877999611199,True,accepted_empirical,0.1,1,,,,,,,0.0,empirical,0.0,0.011948828125000005,0.005354292137652288,0.05200576133645429,,,
T-L,DA,mc_learned_baseline,False,46,60,171744,15360,15360,0,129024,12000,85872,343488,262144,1.0500000000000003,1.05,1.0483335648997807,-4.440892098500626e-15,-3.0442092465915505e-18,public_state_tabular_independent_mc,1,0.006151255701690167,0.8615671000443399,True,accepted_empirical,0.1,1,,,,,,,0.0,empirical,0.0,2.465190328815662e-32,8.056747980075498e-07,1.0,,,
T-L,DA,mc_learned_baseline,False,46,61,174504,15616,15616,0,131072,12200,87252,349008,262144,1.0500000000000003,1.05,1.0486283328165698,0.00029476791678906267,1.3081257652423833e-05,public_state_tabular_independent_mc,1,0.005179262301402985,0.8751478999620304,True,accepted_empirical,0.1,1,,,,,,,0.005156250000000001,empirical,0.003665984144459917,0.00037340087890624566,0.00034134059891656856,0.9983496093749997,,,
T-L,DA,mc_learned_baseline,False,46,62,177264,15872,15872,0,133120,12400,88632,354528,262144,1.0385156250000003,1.05,1.0488715111449902,0.00024317832842046805,1.0795350086937302e-05,public_state_tabular_independent_mc,0,0.004357282356087241,0.8869621000485495,True,accepted_empirical,0.1,1,,,,,,,0.0005859375000000001,empirical,0.0005859375,0.012276220703125004,0.0055926495958864494,0.04633854874917809,,,
T-L,DA,mc_learned_baseline,False,46,63,180024,16128,16128,0,135168,12600,90012,360048,262144,1.0500000000000003,1.0470000000000002,1.0488715111449882,-1.9984014443252818e-15,-9.289971176140015e-19,public_state_tabular_independent_mc,1,0.004357282356096141,0.8983081000624225,True,accepted_empirical,0.1,1,,,,,,,0.0,empirical,0.0,2.465190328815662e-32,3.6948362290242065e-07,1.0,,,
T-L,DA,mc_learned_baseline,False,46,64,182784,16384,16384,0,137216,12800,91392,365568,262144,1.0500000000000003,1.05,1.048871511144986,-2.220446049250313e-15,-9.289971208755262e-19,public_state_tabular_independent_mc,1,0.0043572823561050114,0.9091033999575302,True,accepted_empirical,0.1,1,,,,,,,0.0,empirical,0.0,2.465190328815662e-32,3.6948362290391805e-07,1.0,,,
T-L,DA,mc_learned_baseline,False,46,65,185544,16640,16640,0,139264,13000,92772,371088,262144,1.0500000000000003,1.05,1.0490031223943341,0.00013161124934812918,7.353189422270128e-06,public_state_tabular_independent_mc,0,0.003789508924797057,0.9184900999534875,True,accepted_empirical,0.1,1,,,,,,,0.0,empirical,0.0,2.7465820312496886e-06,1.3598712195456645e-06,0.9978027343750002,,,
T-L,DA,mc_learned_baseline,False,46,66,188304,16896,16896,0,141312,13200,94152,376608,262144,1.0500000000000003,1.05,1.0490031223943328,-1.3322676295501878e-15,-5.353075245786519e-19,public_state_tabular_independent_mc,1,0.0037895089248034452,0.9295556000433862,True,accepted_empirical,0.1,1,,,,,,,0.0,empirical,0.0,2.465190328815662e-32,2.795268074311714e-07,1.0,,,
T-L,DA,mc_learned_baseline,False,46,67,191064,17152,17152,0,143360,13400,95532,382128,262144,1.0500000000000003,1.05,1.0491120504751101,0.0001089280807773374,6.110415653481366e-06,public_state_tabular_independent_mc,0,0.003307891763827866,0.9428578000515699,True,accepted_empirical,0.1,1,,,,,,,0.0,empirical,0.0,1.0986328124998754e-05,8.370393794524803e-06,0.991210937500001,,,
T-L,DA,mc_learned_baseline,False,46,68,193824,17408,17408,0,145408,13600,96912,387648,262144,1.0500000000000003,1.05,1.0491120504751092,-8.881784197001252e-16,5.810635906850965e-17,public_state_tabular_independent_mc,1,0.0033078917638320747,0.9550437000580132,True,accepted_empirical,0.1,1,,,,,,,0.0,empirical,0.0,2.465190328815662e-32,2.1817477221649532e-07,1.0,,,
T-L,DA,mc_learned_baseline,False,46,69,196584,17664,17664,0,147456,13800,98292,393168,262144,1.0500000000000003,1.05,1.0491120504751084,-8.881784197001252e-16,5.810635906753686e-17,public_state_tabular_independent_mc,1,0.0033078917638362827,0.9651543999789283,True,accepted_empirical,0.1,1,,,,,,,0.0,empirical,0.0,2.465190328815662e-32,2.1817477221694721e-07,1.0,,,
T-L,DA,mc_learned_baseline,False,46,70,199344,17920,17920,0,149504,14000,99672,398688,262144,1.0500000000000003,1.05,1.0491120504751072,-1.1102230246251565e-15,5.810635906656407e-17,public_state_tabular_independent_mc,1,0.003307891763840492,0.9760311000281945,True,accepted_empirical,0.1,1,,,,,,,0.0,empirical,0.0,2.465190328815662e-32,2.181747722173991e-07,1.0,,,
T-L,DA,mc_learned_baseline,False,46,71,202104,18176,18176,0,151552,14200,101052,404208,262144,1.0500000000000003,1.05,1.0491120504751064,-8.881784197001252e-16,5.810635906559138e-17,public_state_tabular_independent_mc,1,0.0033078917638447005,0.9894997000228614,True,accepted_empirical,0.1,1,,,,,,,0.0,empirical,0.0,2.465190328815662e-32,2.1817477221796392e-07,1.0,,,
T-L,DA,mc_learned_baseline,False,46,72,204864,18432,18432,0,153600,14400,102432,409728,262144,1.0500000000000003,1.05,1.0491120504751055,-8.881784197001252e-16,5.81063590646185e-17,public_state_tabular_independent_mc,1,0.0033078917638489093,1.0030490000499412,True,accepted_empirical,0.1,1,,,,,,,0.0,empirical,0.0,2.465190328815662e-32,2.181747722184158e-07,1.0,,,
T-L,DA,mc_learned_baseline,False,46,73,207624,18688,18688,0,155648,14600,103812,415248,262144,1.0500000000000003,1.05,1.0492020509550422,9.000047993668048e-05,5.064539114328393e-06,public_state_tabular_independent_mc,0,0.0029002466518274084,1.0147802999708802,True,accepted_empirical,0.1,1,,,,,,,0.0,empirical,0.0,6.594543457030985e-05,6.0320700482282786e-05,0.9472436523437522,,,
T-L,DA,mc_learned_baseline,False,46,74,210384,18944,18944,0,157696,14800,105192,420768,262144,1.0500000000000003,1.0470000000000002,1.0492020509550415,-6.661338147750939e-16,-1.4555336934751488e-19,public_state_tabular_independent_mc,1,0.002900246651830283,1.0259439999936149,True,accepted_empirical,0.1,1,,,,,,,0.0,empirical,0.0,2.465190328815662e-32,1.7643524465748359e-07,1.0,,,
T-L,DA,mc_learned_baseline,False,46,75,213144,19200,19200,0,159744,15000,106572,426288,262144,1.0500000000000003,1.0470000000000002,1.0492760934381573,7.404248311582151e-05,4.1627194701356766e-06,public_state_tabular_independent_mc,0,0.0025568689947351314,1.0438522000331432,True,accepted_empirical,0.1,1,,,,,,,0.0,empirical,0.0,6.594543457030985e-05,6.131256021648683e-05,0.9472436523437522,,,
T-L,DA,mc_learned_baseline,False,46,76,215904,19456,19456,0,161792,15200,107952,431808,262144,1.0500000000000003,1.05,1.0493360044741875,5.9911036030202425e-05,3.3020226174171655e-06,public_state_tabular_independent_mc,0,0.0022725980306993296,1.066194299957715,True,accepted_empirical,0.1,1,,,,,,,0.0,empirical,0.0,2.7465820312496886e-06,2.0867969785865596e-06,0.9978027343750002,,,
T-L,DA,mc_learned_baseline,False,46,77,218664,19712,19712,0,163840,15400,109332,437328,262144,1.0500000000000003,1.05,1.049336004474187,-4.440892098500626e-16,5.835817776211004e-17,public_state_tabular_independent_mc,1,0.002272598030700835,1.0769053000258282,True,accepted_empirical,0.1,1,,,,,,,0.0,empirical,0.0,2.465190328815662e-32,1.2931132682153215e-07,1.0,,,
T-L,DA,mc_learned_baseline,False,46,78,221424,19968,19968,0,165888,15600,110712,442848,262144,1.0500000000000003,1.05,1.0493360044741866,-4.440892098500626e-16,5.835817776191695e-17,public_state_tabular_independent_mc,1,0.0022725980307023393,1.087637500022538,True,accepted_empirical,0.1,1,,,,,,,0.0,empirical,0.0,2.465190328815662e-32,1.2931132682165862e-07,1.0,,,
T-L,DA,mc_learned_baseline,False,46,79,224184,20224,20224,0,167936,15800,112092,448368,262144,1.0500000000000003,1.0470000000000002,1.0493360044741866,0.0,5.835817776172387e-17,public_state_tabular_independent_mc,1,0.0022725980307038442,1.1008030000375584,True,accepted_empirical,0.1,1,,,,,,,0.0,empirical,0.0,2.465190328815662e-32,1.2931132682178512e-07,1.0,,,
T-L,DA,mc_learned_baseline,False,46,80,226944,20480,20480,0,169984,16000,113472,453888,262144,1.0500000000000003,1.05,1.0493360044741862,-4.440892098500626e-16,5.835817776153079e-17,public_state_tabular_independent_mc,1,0.0022725980307053487,1.1125858000013977,True,accepted_empirical,0.1,1,,,,,,,0.0,empirical,0.0,2.465190328815662e-32,1.2931132682178512e-07,1.0,,,
T-L,DA,mc_learned_baseline,False,46,81,229704,20736,20736,0,172032,16200,114852,459408,262144,1.0476562500000002,1.05,1.0493550539076513,1.904943346509036e-05,4.305159381621203e-06,public_state_tabular_independent_mc,1,0.002043403034537575,1.1268893999513239,True,accepted_empirical,0.1,1,,,,,,,0.0,empirical,0.0,0.00035400390625000064,0.0002948799032690261,0.6155422840019975,,,
T-L,DA,mc_learned_baseline,False,46,82,232464,20992,20992,0,174080,16400,116232,464928,262144,1.0500000000000003,1.05,1.049355053907651,-2.220446049250313e-16,-2.7832920149292693e-20,public_state_tabular_independent_mc,1,0.002043403034538615,1.1376546999672428,True,accepted_empirical,0.1,1,,,,,,,0.0,empirical,0.0,2.465190328815662e-32,1.2406717819470953e-07,1.0,,,
T-L,DA,mc_learned_baseline,False,46,83,235224,21248,21248,0,176128,16600,117612,470448,262144,1.0500000000000003,1.05,1.0494689091848537,0.00011385527720264577,3.6828942865261186e-06,public_state_tabular_independent_mc,1,0.001715676448699198,1.1493192999623716,True,accepted_empirical,0.1,1,,,,,,,0.0,empirical,0.0,0.00037340087890624566,0.00036010853106794834,0.9983496093749997,,,
T-L,DA,mc_learned_baseline,False,46,84,237984,21504,21504,0,178176,16800,118992,475968,262144,1.0500000000000003,1.05,1.0494689091848537,0.0,5.841254813003818e-17,public_state_tabular_independent_mc,1,0.0017156764486997297,1.1607705999631435,True,accepted_empirical,0.1,1,,,,,,,0.0,empirical,0.0,2.465190328815662e-32,8.413562816205611e-08,1.0,,,
T-L,DA,mc_learned_baseline,False,46,85,240744,21760,21760,0,180224,17000,120372,481488,262144,1.0500000000000003,1.05,1.0494689091848535,-2.220446049250313e-16,5.841254813000649e-17,public_state_tabular_independent_mc,1,0.0017156764487002612,1.1735499000642449,True,accepted_empirical,0.1,1,,,,,,,0.0,empirical,0.0,2.465190328815662e-32,8.413562816205611e-08,1.0,,,
T-L,DA,mc_learned_baseline,False,46,86,243504,22016,22016,0,182272,17200,121752,487008,262144,1.0500000000000003,1.05,1.0494689091848535,0.0,5.841254812997481e-17,public_state_tabular_independent_mc,1,0.0017156764487007926,1.1904998000245541,True,accepted_empirical,0.1,1,,,,,,,0.0,empirical,0.0,2.465190328815662e-32,8.41356281621047e-08,1.0,,,
T-L,DA,mc_learned_baseline,False,46,87,246264,22272,22272,0,184320,17400,123132,492528,262144,1.0500000000000003,1.05,1.0494689091848532,-2.220446049250313e-16,5.841254812994312e-17,public_state_tabular_independent_mc,1,0.0017156764487013243,1.201683699968271,True,accepted_empirical,0.1,1,,,,,,,0.0,empirical,0.0,2.465190328815662e-32,8.41356281621047e-08,1.0,,,
T-L,DA,mc_learned_baseline,False,46,88,249024,22528,22528,0,186368,17600,124512,498048,262144,1.0500000000000003,1.0383000000000002,1.0494689091848532,0.0,5.841254812991143e-17,public_state_tabular_independent_mc,1,0.0017156764487018558,1.2139247000450268,True,accepted_empirical,0.1,1,,,,,,,0.0,empirical,0.0,2.465190328815662e-32,8.41356281621533e-08,1.0,,,
T-L,DA,mc_learned_baseline,False,46,89,251784,22784,22784,0,188416,17800,125892,503568,262144,1.0476562500000002,1.05,1.049481941135549,1.3031950695685524e-05,3.107922816613369e-06,public_state_tabular_independent_mc,1,0.0015513410697682347,1.2277099000057206,True,accepted_empirical,0.1,1,,,,,,,0.0,empirical,0.0,0.00035400390625000064,0.0005327692430442363,0.6155422840019975,,,
T-L,DA,mc_learned_baseline,False,46,90,254544,23040,23040,0,190464,18000,127272,509088,262144,1.0500000000000003,1.05,1.0495726513022134,9.071016666450937e-05,2.6461756410275623e-06,public_state_tabular_independent_mc,1,0.0013036404105640554,1.2391040000366047,True,accepted_empirical,0.1,1,,,,,,,0.0,empirical,0.0,9.335021972656141e-05,8.802665141260599e-05,0.99958740234375,,,
T-L,DA,mc_learned_baseline,False,46,91,257304,23296,23296,0,192512,18200,128652,514608,262144,1.0500000000000003,1.05,1.0495726513022134,0.0,5.841911527993049e-17,public_state_tabular_independent_mc,1,0.0013036404105646175,1.252593299956061,True,accepted_empirical,0.1,1,,,,,,,0.0,empirical,0.0,2.465190328815662e-32,5.537693424891729e-08,1.0,,,
T-L,DA,mc_learned_baseline,False,46,92,260064,23552,23552,0,194560,18400,130032,520128,262144,1.0500000000000003,1.05,1.0495726513022134,0.0,5.841911527988378e-17,public_state_tabular_independent_mc,1,0.001303640410565179,1.2634650999680161,True,accepted_empirical,0.1,1,,,,,,,0.0,empirical,0.0,2.465190328815662e-32,5.537693424891729e-08,1.0,,,
