experiment,method,label,oracle_label_group,seed,update,source_steps_total,source_steps_training,source_steps_critic,source_steps_direction_check,source_steps_return_check,source_steps_monitor,source_complete_episodes,agent_decisions,budget,training_return,monitor_return,exact_source_return_diagnostic,actual_return_gain_diagnostic,old_new_kl,baseline_kind,baseline_missing_states,entropy,seconds,accepted,reason,eta,attempts,forward_kl_training,direction_loss,direction_steps,q_bound,critic_validation_mse,label_mse_against_exact_joint_advantage,critic_explained_variance,direction_error,direction_norm,exact_direction_score_diagnostic
T-L,AN,mc_learned_baseline,False,47,1,712,256,256,0,0,200,356,1424,262144,0.230859375,0.36810000000000004,0.3561679888708066,0.037153988870806565,0.00054044081175724,public_state_tabular_independent_mc,0,0.6149537088238489,0.04005349997896701,True,accepted_return_check_disabled,0.1,1,1.11187082700531e-09,-0.10800979693380915,100,5.0,0.4343011194143328,0.19387106449441005,0.0008492530627974837,0.00115915500212961,0.10981593619685642,0.08758840573681775
T-L,AN,mc_learned_baseline,False,47,2,1424,512,512,0,0,400,712,2848,262144,0.349453125,0.31139999999999995,0.39013995534544704,0.03397196647464046,0.0004506797911283197,public_state_tabular_independent_mc,0,0.6048725142535942,0.07850790000520647,True,accepted_return_check_disabled,0.1,1,8.006212023043542e-09,-0.09128336356425243,100,5.0,0.40977702728878684,0.18464251290925415,-0.0002927601113200673,0.00013785420077099884,0.09140243200621437,0.08930141129763039
T-L,AN,mc_learned_baseline,False,47,3,2136,768,768,0,0,600,1068,4272,262144,0.39117187499999995,0.42119999999999996,0.4253018781023528,0.03516192275690577,0.00048428131295633677,public_state_tabular_independent_mc,0,0.5934778309882046,0.117005999898538,True,accepted_return_check_disabled,0.1,1,1.0056984056411719e-09,-0.09819811929425003,100,5.0,0.41316331906220416,0.17034652473257947,0.007585481626966706,0.00023743166141069162,0.09847427401065764,0.08921229093489827
T-L,AN,mc_learned_baseline,False,47,4,2848,1024,1024,0,0,800,1424,5696,262144,0.40757812499999996,0.5052,0.45922586161332973,0.03392398351097692,0.0004627153168668245,public_state_tabular_independent_mc,0,0.5820336282212724,0.15696489997208118,True,accepted_return_check_disabled,0.1,1,8.546644423689288e-09,-0.09795779318476064,100,5.0,0.39332689243559876,0.18075551614751256,-0.011672684923279553,0.0013936495930815486,0.09525162088159889,0.08745652444248361
T-L,AN,mc_learned_baseline,False,47,5,3560,1280,1280,0,0,1000,1780,7120,262144,0.5303906249999999,0.4115999999999999,0.4898708717752268,0.03064501016189708,0.00038053260310925074,public_state_tabular_independent_mc,0,0.5707299068626117,0.1978617999702692,True,accepted_return_check_disabled,0.1,1,1.9349878749502723e-09,-0.0771259999962417,100,5.0,0.35882873076892796,0.15821405068682512,-0.015028162874914486,0.0007462307625031924,0.07734661613797124,0.08678698710874351
T-L,AN,mc_learned_baseline,False,47,6,4272,1536,1536,0,0,1200,2136,8544,262144,0.48539062499999996,0.594,0.5217741639560265,0.03190329218079968,0.00042416130115021506,public_state_tabular_independent_mc,0,0.5585221616020855,0.23403890000190586,True,accepted_return_check_disabled,0.1,1,7.708485441626999e-09,-0.08772467408045284,100,5.0,0.3820805353136182,0.16266829631961766,0.0015147379585068732,0.0007808830673975594,0.08746375192537051,0.08510536546582867
T-L,AN,mc_learned_baseline,False,47,7,4984,1792,1792,0,0,1400,2492,9968,262144,0.534609375,0.4512,0.5542931337647176,0.03251896980869107,0.00045080405691411,public_state_tabular_independent_mc,0,0.5454670214363079,0.27193299995269626,True,accepted_return_check_disabled,0.1,1,6.1655402890271575e-09,-0.09189702359954621,100,5.0,0.3675604625857144,0.15151660733150696,0.013622158486548686,0.0002343195837626326,0.0922413488295191,0.08335376897162414
T-L,AN,mc_learned_baseline,False,47,8,5696,2048,2048,0,0,1600,2848,11392,262144,0.580078125,0.5852999999999999,0.5844201193212879,0.03012698555657034,0.00040209717901411996,public_state_tabular_independent_mc,0,0.5325170220168264,0.3092101999791339,True,accepted_return_check_disabled,0.1,1,4.199112240841361e-09,-0.08088254516776551,100,5.0,0.3396434423403538,0.14474825121915597,-0.00633016229293526,0.00016444096397189668,0.08174573966474197,0.08060352000137205
T-L,AN,mc_learned_baseline,False,47,9,6408,2304,2304,0,0,1800,3204,12816,262144,0.5948437500000001,0.6362999999999999,0.610413802386422,0.025993683065134054,0.00034637571712670004,public_state_tabular_independent_mc,0,0.5198785623104061,0.3464396999916062,True,accepted_return_check_disabled,0.1,1,3.0306000111455936e-09,-0.07211418252707363,100,5.0,0.3293182705835576,0.12798229297207087,0.028623060951858625,0.008122320784237146,0.07012616898982012,0.06957044285373236
T-L,AN,mc_learned_baseline,False,47,10,7120,2560,2560,0,0,2000,3560,14240,262144,0.6051562500000001,0.6668999999999998,0.637460003297175,0.02704620091075305,0.0003562415367408962,public_state_tabular_independent_mc,0,0.5070066803277551,0.38171859993599355,True,accepted_return_check_disabled,0.1,1,3.0292133005213413e-09,-0.07436511143787358,100,5.0,0.3232759100166488,0.13839684134965602,0.004322999254371962,0.001060835909497411,0.07362472985178284,0.07386945151088267
T-L,AN,mc_learned_baseline,False,47,11,7832,2816,2816,0,0,2200,3916,15664,262144,0.639609375,0.7842,0.6650617155850026,0.027601712287827596,0.00040375677354474086,public_state_tabular_independent_mc,0,0.49292042160575966,0.418911499902606,True,accepted_return_check_disabled,0.1,1,3.0729062111502155e-09,-0.0816102657891469,100,5.0,0.3110853745946344,0.1273338510871824,0.02788158992049261,0.0037667607244839113,0.08277770567678593,0.06747127193589018
T-L,AN,mc_learned_baseline,False,47,12,8544,3072,3072,0,0,2400,4272,17088,262144,0.7171875000000002,0.6282,0.6868385629992275,0.02177684741422492,0.00025475197170663806,public_state_tabular_independent_mc,0,0.4816657308079577,0.4541163999820128,True,accepted_return_check_disabled,0.1,1,1.442942623650968e-09,-0.052218951550377944,100,5.0,0.25712903654154007,0.10833127655455672,0.007948552122248653,0.0011214127292898854,0.05230450471585086,0.06617878009231284
T-L,AN,mc_learned_baseline,False,47,13,9256,3328,3328,0,0,2600,4628,18512,262144,0.6405468750000001,0.7469999999999999,0.7131905377066589,0.026351974707431336,0.00041714561633942725,public_state_tabular_independent_mc,0,0.4675035992206674,0.49124070000834763,True,accepted_return_check_disabled,0.1,1,6.205675550696156e-09,-0.08502765656136366,100,5.0,0.2901013877684069,0.12494375490572532,-0.008078717899917987,0.005007186683979269,0.08693991994137866,0.05869157748011773
T-L,AN,mc_learned_baseline,False,47,14,9968,3584,3584,0,0,2800,4984,19936,262144,0.6473437500000001,0.6738,0.7365023063442034,0.023311768637544583,0.00034770178244178824,public_state_tabular_independent_mc,0,0.4544257694226479,0.5291225999826565,True,accepted_return_check_disabled,0.1,1,5.9060617342641444e-09,-0.0754864270004625,100,5.0,0.2867198734436507,0.11511329316268096,0.03247235086867295,0.002420783278762355,0.07127865822415934,0.05645858443408684
T-L,AN,mc_learned_baseline,False,47,15,10680,3840,3840,0,0,3000,5340,21360,262144,0.733125,0.708,0.7564572818695857,0.01995497552538228,0.00027960405227910057,public_state_tabular_independent_mc,0,0.442306897838629,0.5750058999983594,True,accepted_return_check_disabled,0.1,1,8.66090117216563e-10,-0.05758078049946125,100,5.0,0.2342279538469397,0.09219694618255003,0.03399139447553501,0.0025254113355861465,0.05761781410709155,0.05192154593515014
T-L,AN,mc_learned_baseline,False,47,16,11392,4096,4096,0,0,3200,5696,22784,262144,0.8015625000000002,0.7812,0.770869653052142,0.014412371182556227,0.0001494879211781569,public_state_tabular_independent_mc,0,0.4335245962129557,0.6293290999019518,True,accepted_return_check_disabled,0.1,1,1.2119113603376399e-09,-0.031150993047878613,100,5.0,0.1594398324985697,0.06403651382950475,-0.0061526863854171054,0.0025627617821576223,0.030713357880015186,0.047908081766419086
T-L,AN,mc_learned_baseline,False,47,17,12104,4352,4352,0,0,3400,6052,24208,262144,0.8165625000000002,0.7542,0.7848046836898159,0.013935030637673984,0.00015517501562895572,public_state_tabular_independent_mc,0,0.42529336028882886,0.6672314999159425,True,accepted_return_check_disabled,0.1,1,1.5810926751648515e-09,-0.03023266987516146,100,5.0,0.16794880456902814,0.06651097632801722,0.012573535541284264,0.002958211569675054,0.032063288318900374,0.04439443724654196
T-L,AN,mc_learned_baseline,False,47,18,12816,4608,4608,0,0,3600,6408,25632,262144,0.774140625,0.7293,0.8012267575692955,0.016422073879479582,0.00022613033946515873,public_state_tabular_independent_mc,0,0.4145647325106797,0.7046853000065312,True,accepted_return_check_disabled,0.1,1,2.5405021986793747e-09,-0.04799618204442746,100,5.0,0.18779096320447736,0.07789730644019595,-0.004386233489643621,0.00016871326681518553,0.047079041433401636,0.04392503267249134
T-L,AN,mc_learned_baseline,False,47,19,13528,4864,4864,0,0,3800,6764,27056,262144,0.7994531250000001,0.8867999999999999,0.816820352000108,0.01559359443081254,0.00023603215901440498,public_state_tabular_independent_mc,0,0.40339383901737097,0.74156839994248,True,accepted_return_check_disabled,0.1,1,3.6522350223171074e-09,-0.048217786760424715,100,5.0,0.16992123240379697,0.066271500115787,0.026212448703481606,0.0027475355045933764,0.04849541502583149,0.037498748603600196
T-L,AN,mc_learned_baseline,False,47,20,14240,5120,5120,0,0,4000,7120,28480,262144,0.8060156250000001,0.8187000000000001,0.82958880630867,0.012768454308561994,0.00017510672721320202,public_state_tabular_independent_mc,0,0.3945078316422332,0.7784041999839246,True,accepted_return_check_disabled,0.1,1,2.925426283917144e-09,-0.038141012978267275,100,5.0,0.14918197326660157,0.05900080371880399,0.015266236959494472,0.0021322464390984034,0.036189214827074,0.034467255929714356
T-L,AN,mc_learned_baseline,False,47,21,14952,5376,5376,0,0,4200,7476,29904,262144,0.712734375,0.8421,0.8484757269491168,0.018886920640446725,0.0004368989400867061,public_state_tabular_independent_mc,0,0.3805244785092857,0.8166046999394894,True,accepted_return_check_disabled,0.1,1,4.860754771329759e-09,-0.10410185577642858,100,5.0,0.2524651570015213,0.0994304669835857,0.013064286534071656,0.018092065618969116,0.09337463143283668,0.015246989898908284
T-L,AN,mc_learned_baseline,False,47,22,15664,5632,5632,0,0,4400,7832,31328,262144,0.8343750000000002,0.8979,0.8595922883848572,0.011116561435740469,0.0001669051658051943,public_state_tabular_independent_mc,0,0.37146526038905975,0.8544784999685362,True,accepted_return_check_disabled,0.1,1,9.273309528471859e-10,-0.03426539033697621,100,5.0,0.1211651416831783,0.05045635551734308,0.008450014830828634,0.0012618670096144935,0.034639263707351396,0.02711918107618313
T-L,AN,mc_learned_baseline,False,47,23,16376,5888,5888,0,0,4600,8188,32752,262144,0.8777343750000002,0.8649000000000001,0.8657803185989148,0.0061880302140575605,5.691361739952471e-05,public_state_tabular_independent_mc,0,0.3661860896832526,0.8922294999938458,True,accepted_return_check_disabled,0.1,1,3.789264282934377e-10,-0.011389759158044114,100,5.0,0.06971599907627515,0.027486743979111695,0.010323799584713966,0.0035279369002333525,0.011605204328586433,0.022006813177541027
T-L,AN,mc_learned_baseline,False,47,24,17088,6144,6144,0,0,4800,8544,34176,262144,0.8803125000000002,0.8277,0.8729973912292193,0.007217072630304466,8.756963839433947e-05,public_state_tabular_independent_mc,0,0.35993779531444997,0.9314280999824405,True,accepted_return_check_disabled,0.1,1,4.0022097049807855e-10,-0.017961924954273616,100,5.0,0.08634184112548829,0.032894243165927414,0.012417439961814991,0.0022556510400061026,0.018087890282499925,0.021699047403973482
T-L,AN,mc_learned_baseline,False,47,25,17800,6400,6400,0,0,5000,8900,35600,262144,0.8690625000000001,0.8976000000000001,0.8827755551926914,0.009778163963472086,0.00021141789509636374,public_state_tabular_independent_mc,0,0.3508730771991681,0.9682396999560297,True,accepted_return_check_disabled,0.1,1,6.342375737054201e-10,-0.04282856154280787,100,5.0,0.10878003348045126,0.03961266073299596,0.00355016576897238,0.011129294510172513,0.04485287750424263,0.010912578305884012
T-L,AN,mc_learned_baseline,False,47,26,18512,6656,6656,0,0,5200,9256,37024,262144,0.9051562500000001,0.8981999999999999,0.8862217927393912,0.003446237546699815,3.083092330013363e-05,public_state_tabular_independent_mc,0,0.3469121991414023,1.0056968999560922,True,accepted_return_check_disabled,0.1,1,1.31838079039286e-10,-0.0062657126222317935,100,5.0,0.03564767562355824,0.011736931290353395,0.03733831966847678,0.00731005361005165,0.006220986699005263,0.012163655983842175
T-L,AN,mc_learned_baseline,False,47,27,19224,6912,6912,0,0,5400,9612,38448,262144,0.8805468750000002,0.8273999999999999,0.8944496882626896,0.00822789552329839,0.0001505956405291573,public_state_tabular_independent_mc,0,0.3392901883764967,1.0437543999869376,True,accepted_return_check_disabled,0.1,1,1.6847083922768077e-09,-0.030517406104547107,100,5.0,0.0942492310855762,0.036064912575055647,0.0037689400490353853,0.003909003233884273,0.03171352813935388,0.014891628454601999
T-L,AN,mc_learned_baseline,False,47,28,19936,7168,7168,0,0,5600,9968,39872,262144,0.8962500000000002,0.8775,0.8995895976610898,0.005139909398400255,7.992471197556285e-05,public_state_tabular_independent_mc,0,0.33392034256065234,1.0844298999290913,True,accepted_return_check_disabled,0.1,1,3.780264065438673e-10,-0.017281042854865716,100,5.0,0.06117298635550511,0.0207686723026651,0.014545557345067017,0.0045362921467009916,0.016737767265570698,0.01196938402716476
T-L,AN,mc_learned_baseline,False,47,29,20648,7424,7424,0,0,5800,10324,41296,262144,0.9142968750000002,0.9279000000000002,0.9017153906912461,0.0021257930301562533,1.5395791770788677e-05,public_state_tabular_independent_mc,0,0.33132249629668276,1.125321300001815,True,accepted_return_check_disabled,0.1,1,1.9003162182653576e-10,-0.002983639924118365,100,5.0,0.02378820384548093,0.0066436128875988106,0.04298068945001532,0.0069420745923685565,0.0031019044526971397,0.008229832132930659
T-L,AN,mc_learned_baseline,False,47,30,21360,7680,7680,0,0,6000,10680,42720,262144,0.9370312500000002,0.8337,0.9051808458583729,0.0034654551671268186,6.089295878716546e-05,public_state_tabular_independent_mc,0,0.32738233379828896,1.2000273999292403,True,accepted_return_check_disabled,0.1,1,1.8257293772959856e-10,-0.012155387835383787,100,5.0,0.028277114581211276,0.006995105562513037,0.004870609692480765,0.008069729105505283,0.012816489860174725,0.006719432934377703
T-L,AN,mc_learned_baseline,False,47,31,22072,7936,7936,0,0,6200,11036,44144,262144,0.9168750000000002,0.8981999999999999,0.9082406535347801,0.0030598076764072335,2.7213535464239645e-05,public_state_tabular_independent_mc,0,0.32383119908721303,1.2755375999258831,True,accepted_return_check_disabled,0.1,1,7.386612711498333e-11,-0.00560591671924718,100,5.0,0.03550775487191665,0.010888425730450901,0.007757375569376501,0.002904308414144357,0.005535871061982942,0.011004382779814578
T-L,AN,mc_learned_baseline,False,47,32,22784,8192,8192,0,0,6400,11392,45568,262144,0.9194531250000002,0.9180000000000001,0.9121172369658483,0.0038765834310682257,5.774361997761021e-05,public_state_tabular_independent_mc,0,0.31960507128713905,1.3191469999728724,True,accepted_return_check_disabled,0.1,1,8.272767479960078e-10,-0.012124192168229138,100,5.0,0.04214105721932872,0.015950151946287183,0.01902636800950619,0.0037074418200720126,0.011936514443201944,0.009505450582548909
T-L,AN,mc_learned_baseline,False,47,33,23496,8448,8448,0,0,6600,11748,46992,262144,0.9517968750000002,0.9543,0.9139880556742512,0.0018708187084028882,1.534715559049984e-05,public_state_tabular_independent_mc,0,0.31707501339339755,1.3576732999645174,True,accepted_return_check_disabled,0.1,1,9.139530536700747e-11,-0.003187962375467244,100,5.0,0.020812068417242938,0.005433964008576586,0.012109907040076862,0.0054598330158472565,0.003083063172131902,0.006870953880456739
T-L,AN,mc_learned_baseline,False,47,34,24208,8704,8704,0,0,6800,12104,48416,262144,0.8962500000000002,0.8835000000000001,0.9196740143227454,0.005685958648494194,0.00010649102999213109,public_state_tabular_independent_mc,0,0.31045009391258954,1.3960875999182463,True,accepted_return_check_disabled,0.1,1,6.182035904816804e-10,-0.02152136593219388,100,5.0,0.057331338027859724,0.021942416738336135,0.01662750239755295,0.0024718956752631193,0.022189919800155167,0.009570455666372255
T-L,AN,mc_learned_baseline,False,47,35,24920,8960,8960,0,0,7000,12460,49840,262144,0.9217968750000003,0.9333,0.9237080377315334,0.004034023408788001,7.671065991312805e-05,public_state_tabular_independent_mc,0,0.3057894489966565,1.4373290999792516,True,accepted_return_check_disabled,0.1,1,1.3049835125272954e-09,-0.016046445046174328,100,5.0,0.04785674020724416,0.015667292383682162,0.010372998920883503,0.0042482554836788915,0.016507181368557684,0.0064811983375102356
T-L,AN,mc_learned_baseline,False,47,36,25632,9216,9216,0,0,7200,12816,51264,262144,0.9217968750000003,0.9009,0.9275667184806807,0.003858680749147303,6.062792130562838e-05,public_state_tabular_independent_mc,0,0.3013622779903398,1.483519300003536,True,accepted_return_check_disabled,0.1,1,3.559792926723616e-10,-0.012767978132978105,100,5.0,0.04525508092314914,0.015843576095572846,0.010010237183771364,0.0007004775572844009,0.012751981004797361,0.00894522204097173
T-L,AN,mc_learned_baseline,False,47,37,26344,9472,9472,0,0,7400,13172,52688,262144,0.9353906250000001,0.9158999999999999,0.9297134256729086,0.00214670719222787,3.886357899757749e-05,public_state_tabular_independent_mc,0,0.2981010429425032,1.5241230999818072,True,accepted_return_check_disabled,0.1,1,2.734270733901215e-10,-0.008041370230936382,100,5.0,0.024009619140625008,0.005576360471793836,0.030074824692055357,0.0047816287085233325,0.008029839946374946,0.0038427865721217935
T-L,AN,mc_learned_baseline,False,47,38,27056,9728,9728,0,0,7600,13528,54112,262144,0.9096093750000003,0.9603,0.9316761198125396,0.001962694139631016,3.4366435867741676e-05,public_state_tabular_independent_mc,0,0.29496061017393355,1.5655616999138147,True,accepted_return_check_disabled,0.1,1,4.020608331577421e-11,-0.008083680767375295,100,5.0,0.024888233632489678,0.005408650226554564,0.0482037773142624,0.0045628131925496045,0.007109210431902343,0.0037029215423337834
T-L,AN,mc_learned_baseline,False,47,39,27768,9984,9984,0,0,7800,13884,55536,262144,0.9332812500000002,0.9216000000000001,0.9345520248134971,0.0028759050009574683,4.838686043331415e-05,public_state_tabular_independent_mc,0,0.2912872227479175,1.6063898999709636,True,accepted_return_check_disabled,0.1,1,4.5363631660724716e-10,-0.010389774858251705,100,5.0,0.03185842186167359,0.010612203646587102,0.012060742484113707,0.002073305801331948,0.010204592259260247,0.005912306640498029
T-L,AN,mc_learned_baseline,False,47,40,28480,10240,10240,0,0,8000,14240,56960,262144,0.9192187500000002,0.9243000000000001,0.9377414991838787,0.0031894743703816397,6.824173229458982e-05,public_state_tabular_independent_mc,0,0.28702406701417443,1.6488823998952284,True,accepted_return_check_disabled,0.1,1,1.811239388143092e-10,-0.013941528709528622,100,5.0,0.03329755859375001,0.01124479644917216,0.022591191918922893,0.003794672782976534,0.0145695441554165,0.0035834055550012546
T-L,AN,mc_learned_baseline,False,47,41,29192,10496,10496,0,0,8200,14596,58384,262144,0.9262500000000002,0.9359999999999999,0.940932623719149,0.003191124535270262,6.316415477602826e-05,public_state_tabular_independent_mc,0,0.2825375503053471,1.6847088999347761,True,accepted_return_check_disabled,0.1,1,7.142235718660918e-10,-0.013514221426400236,100,5.0,0.035488781738281266,0.011122555737769846,0.018238441237700354,0.0021075287641134943,0.013345417374368267,0.0046241939389028985
T-L,AN,mc_learned_baseline,False,47,42,29904,10752,10752,0,0,8400,14952,59808,262144,0.9121875000000002,0.9513000000000001,0.9441140553371727,0.0031814316180237556,7.098030539183632e-05,public_state_tabular_independent_mc,0,0.2778952370537099,1.72489690000657,True,accepted_return_check_disabled,0.1,1,1.3403030863976308e-09,-0.016190704109255195,100,5.0,0.03544565176337137,0.01060148134189251,0.02749803687658736,0.003099307156951219,0.015211284563002081,0.002940833040642705
T-L,AN,mc_learned_baseline,False,47,43,30616,11008,11008,0,0,8600,15308,61232,262144,0.9377343750000002,0.948,0.9461927266505972,0.0020786713134244295,3.548304657024844e-05,public_state_tabular_independent_mc,0,0.27465609917822,1.7632971999701113,True,accepted_return_check_disabled,0.1,1,3.868778836362317e-10,-0.007276526027179521,100,5.0,0.021287207031250005,0.005425935240635679,0.030417834687237022,0.0012826389953560845,0.007409100755020564,0.004100687928016944
T-L,AN,mc_learned_baseline,False,47,44,31328,11264,11264,0,0,8800,15664,62656,262144,0.9445312500000003,0.9275999999999999,0.9473151118638556,0.00112238521325847,1.5915943338434198e-05,public_state_tabular_independent_mc,0,0.2723870198763655,1.800903599942103,True,accepted_return_check_disabled,0.1,1,1.66058157254086e-10,-0.0031475765893559625,100,5.0,0.011212035718376263,0.0006206739152084151,-0.010826788608241378,0.002349262377114157,0.0031748184703638237,0.0027170566253912395
T-L,AN,mc_learned_baseline,False,47,45,32040,11520,11520,0,0,9000,16020,64080,262144,0.9330468750000003,0.9239999999999999,0.9492896934002851,0.001974581536429487,6.465880336365304e-05,public_state_tabular_independent_mc,0,0.2689826996608414,1.8393327000085264,True,accepted_return_check_disabled,0.1,1,1.1556866340348893e-09,-0.016046217723040476,100,5.0,0.024166093350634174,0.005554340836627447,0.029014161721471754,0.008031669719744984,0.014609204465243924,-0.0029427820565681335
T-L,AN,mc_learned_baseline,False,47,46,32752,11776,11776,0,0,9200,16376,65504,262144,0.9353906250000001,0.948,0.9510622266509434,0.0017725332506582925,7.941028730229495e-05,public_state_tabular_independent_mc,0,0.26577092302227484,1.8832466999301687,True,accepted_return_check_disabled,0.1,1,9.670597994745568e-10,-0.02564358587709298,100,5.0,0.024212866210937507,0.00543116983684466,0.02836518314999592,0.013588733786860171,0.019828671799984623,-0.008786243856798145
T-L,AN,mc_learned_baseline,False,47,47,33464,12032,12032,0,0,9400,16732,66928,262144,0.9656250000000002,0.9516,0.9521052734979474,0.0010430468470039589,1.405666602274513e-05,public_state_tabular_independent_mc,0,0.2636185932872359,1.9244628999149427,True,accepted_return_check_disabled,0.1,1,3.571905784676422e-10,-0.0027697285904338207,100,5.0,0.009140625,2.8503049738106674e-05,0.02911359500909827,0.0019012761361921243,0.002793574383943755,0.0026742147295477736
T-L,AN,mc_learned_baseline,False,47,48,34176,12288,12288,0,0,9600,17088,68352,262144,0.9257812500000002,0.927,0.9532532589046344,0.0011479854066870354,1.6724330631065072e-05,public_state_tabular_independent_mc,0,0.26124636850643934,1.9627625999273732,True,accepted_return_check_disabled,0.1,1,4.002422750594731e-10,-0.0034249210591831896,100,5.0,0.011684465732732982,3.408140676856314e-05,0.0675952433298409,0.0019116702222390875,0.003391932176613567,0.002690061856108394
T-L,AN,mc_learned_baseline,False,47,49,34888,12544,12544,0,0,9800,17444,69776,262144,0.9585937500000002,0.9603,0.9542220934958253,0.0009688345911909035,1.1788023698341727e-05,public_state_tabular_independent_mc,0,0.25923855769269605,2.004334899946116,True,accepted_return_check_disabled,0.1,1,1.348035949189042e-10,-0.0023989480285482147,100,5.0,0.009887865288189418,0.0002991051056453484,0.036612413130556076,0.0018836316687600436,0.0023817917965482933,0.0027435564990535934
T-L,AN,mc_learned_baseline,False,47,50,35600,12800,12800,0,0,10000,17800,71200,262144,0.9588281250000003,0.9603,0.9560409666436339,0.0018188731478085973,3.180359020379636e-05,public_state_tabular_independent_mc,0,0.2563679382107138,2.0479636999079958,True,accepted_return_check_disabled,0.1,1,3.885735502018027e-10,-0.0068215216884249955,100,5.0,0.0201435302734375,0.005320620909392333,0.007040338658342082,0.0011848992913610613,0.006673710133351671,0.00346211424308618
T-L,AN,mc_learned_baseline,False,47,51,36312,13056,13056,0,0,10200,18156,72624,262144,0.9377343750000002,0.9540000000000001,0.9582475642034337,0.0022065975597997944,5.067344943358933e-05,public_state_tabular_independent_mc,0,0.25268777462605696,2.08760829991661,True,accepted_return_check_disabled,0.1,1,1.6152046021215671e-10,-0.010293683706003795,100,5.0,0.021048231649115134,0.005357862443361513,0.032235286078408865,0.00270025941650708,0.010852024046433442,0.0016441858384433003
T-L,AN,mc_learned_baseline,False,47,52,37024,13312,13312,0,0,10400,18512,74048,262144,0.9585937500000001,0.9810000000000001,0.9592687299666303,0.001021165763196552,1.2822615768559349e-05,public_state_tabular_independent_mc,0,0.25055183712273094,2.1358025999506935,True,accepted_return_check_disabled,0.1,1,1.716295957101507e-10,-0.002542447736557036,100,5.0,0.009544372558593753,4.0464735636416736e-05,0.0424739994179546,0.0012161394131932008,0.0025557011035765116,0.002808532876228474
T-L,AN,mc_learned_baseline,False,47,53,37736,13568,13568,0,0,10600,18868,75472,262144,0.9609375000000002,0.9660000000000001,0.9603502725680104,0.0010815426013801588,1.4317185730279459e-05,public_state_tabular_independent_mc,0,0.24828105092177083,2.1922915999311954,True,accepted_return_check_disabled,0.1,1,1.4506925851573814e-10,-0.0028324359859613368,100,5.0,0.009461975097656256,5.808379772354425e-05,0.03551358101779578,0.0012132872243383556,0.0028571011468685424,0.0028282228469917736
T-L,AN,mc_learned_baseline,False,47,54,38448,13824,13824,0,0,10800,19224,76896,262144,0.9585937500000001,0.9632999999999999,0.9614852636647442,0.0011349910967337618,1.5698543289781884e-05,public_state_tabular_independent_mc,0,0.24588841049739976,2.2501090998994187,True,accepted_return_check_disabled,0.1,1,4.086833648748927e-10,-0.003218627132781102,100,5.0,0.009558105468750001,8.530934328422623e-05,0.04178473509274461,0.0012265918257722483,0.00318612812166528,0.002831538935998925
T-L,AN,mc_learned_baseline,False,47,55,39160,14080,14080,0,0,11000,19580,78320,262144,0.9494531250000002,0.9396,0.9635921910342575,0.002106927369513345,5.641470160853202e-05,public_state_tabular_independent_mc,0,0.24224414442575792,2.292449999949895,True,accepted_return_check_disabled,0.1,1,1.5628651917256978e-10,-0.012255986221168597,100,5.0,0.02082248535156251,0.005411503156901975,0.01809110851716922,0.004346369905389055,0.012447370443428883,-0.0002721211560968301
T-L,AN,mc_learned_baseline,False,47,56,39872,14336,14336,0,0,11200,19936,79744,262144,0.9517968750000002,0.9570000000000001,0.965639668912858,0.00204747787860049,7.305611946832895e-05,public_state_tabular_independent_mc,0,0.23857155710275402,2.3350976000074297,True,accepted_return_check_disabled,0.1,1,1.4828831590661664e-09,-0.016597462396161246,100,5.0,0.020528051757812506,0.005313827278626492,0.01738906491954262,0.008291910518966859,0.016777107864836632,-0.004519149539079925
T-L,AN,mc_learned_baseline,False,47,57,40584,14592,14592,0,0,11400,20292,81168,262144,0.9515625000000002,0.99,0.9669210054034969,0.0012813364906388847,1.9444749580559348e-05,public_state_tabular_independent_mc,0,0.23584486855310713,2.3774322000099346,True,accepted_return_check_disabled,0.1,1,5.090952003137749e-10,-0.0038289690695763805,100,5.0,0.009964599609375006,2.1839807788771944e-05,0.05373221028173092,0.0006310180724136948,0.0038690694697840725,0.0028606794195455954
T-L,AN,mc_learned_baseline,False,47,58,41296,14848,14848,0,0,11600,20648,82592,262144,0.9632812500000001,0.9843000000000001,0.9681352150164889,0.0012142096129920121,1.740879025268151e-05,public_state_tabular_independent_mc,0,0.2332488753445829,2.4155526999384165,True,accepted_return_check_disabled,0.1,1,6.828136321263586e-11,-0.003478030374939426,100,5.0,0.009470214843750005,0.00012652375032989492,0.02356125129348019,0.0005890741373617312,0.0034852717511953384,0.0029123626942267767
T-L,AN,mc_learned_baseline,False,47,59,42008,15104,15104,0,0,11800,21004,84016,262144,0.9726562500000002,0.9780000000000001,0.969228773164173,0.0010935581476840817,1.4050456383867902e-05,public_state_tabular_independent_mc,0,0.23090153127248256,2.4543318999931216,True,accepted_return_check_disabled,0.1,1,1.174471188997675e-10,-0.002852871374048082,100,5.0,0.008687103930228144,5.08735568950257e-05,0.018436090307754616,0.0005582371144334122,0.0028391769290463348,0.0029508340326447505
T-L,AN,mc_learned_baseline,False,47,60,42720,15360,15360,0,0,12000,21360,85440,262144,0.9937500000000001,0.987,0.9701469202645764,0.0009181471004033881,9.912131506833781e-06,public_state_tabular_independent_mc,0,0.22892224088816765,2.4949161999393255,True,accepted_return_check_disabled,0.1,1,2.1308717182052593e-10,-0.002028046855271388,100,5.0,0.007187805175781247,6.001486065505524e-06,-0.022781827880512306,0.0006553671931618636,0.002008709040380711,0.0028587924720257637
T-L,AN,mc_learned_baseline,False,47,61,43432,15616,15616,0,0,12200,21716,86864,262144,0.9705468750000003,0.9660000000000001,0.9716645936209346,0.0015176733563582179,7.561742654083532e-05,public_state_tabular_independent_mc,0,0.22608434865819574,2.5354474999476224,True,accepted_return_check_disabled,0.1,1,1.049337767373237e-09,-0.02296276799403821,100,5.0,0.01954746878127421,0.005490139957193692,-0.0007977277068071942,0.013071908638116686,0.019329252250481144,-0.009554064090712452
T-L,AN,mc_learned_baseline,False,47,62,44144,15872,15872,0,0,12400,22072,88288,262144,0.9679687500000002,0.9690000000000001,0.9728287282386976,0.0011641346177629908,1.5814334169635453e-05,public_state_tabular_independent_mc,0,0.22355892450227766,2.579768899944611,True,accepted_return_check_disabled,0.1,1,2.0846055951473374e-11,-0.003197002976757515,100,5.0,0.009039001464843757,4.4970974151139825e-05,0.022514974033946422,0.0003268831959145121,0.003186131833948818,0.002969867956722173
T-L,AN,mc_learned_baseline,False,47,63,44856,16128,16128,0,0,12600,22428,89712,262144,0.9539062500000002,0.9573000000000002,0.9741396953700835,0.0013109671313858984,2.0052176316354224e-05,public_state_tabular_independent_mc,0,0.22070099957373646,2.6263125999830663,True,accepted_return_check_disabled,0.1,1,1.55874376460387e-10,-0.004076063867640711,100,5.0,0.010192565917968754,3.4443175393887275e-05,0.03228094021008421,0.0004056405272283702,0.004056198861824509,0.002892261947961522
T-L,AN,mc_learned_baseline,False,47,64,45568,16384,16384,0,0,12800,22784,91136,262144,0.9867187500000003,0.987,0.9751378638400066,0.0009981684699230664,1.16170732419417e-05,public_state_tabular_independent_mc,0,0.21851488073697928,2.6743941999739036,True,accepted_return_check_disabled,0.1,1,3.441953240594806e-10,-0.002284195105300999,100,5.0,0.007954101562499993,0.00017730134546247827,-0.02495189873417658,0.00036335244898037333,0.002308318802123952,0.0029341387878988293
T-L,AN,mc_learned_baseline,False,47,65,46280,16640,16640,0,0,13000,23140,92560,262144,0.9679687500000003,0.9510000000000001,0.9763892850963796,0.0012514212563730087,1.8279377550245837e-05,public_state_tabular_independent_mc,0,0.21576154225069483,2.7146714999107644,True,accepted_return_check_disabled,0.1,1,1.2135667605837225e-10,-0.0036306813120704326,100,5.0,0.00898406982421875,0.00015388149702873913,0.025501484959599474,0.00035513016983531475,0.0036575819666228968,0.002940834842186105
T-L,AN,mc_learned_baseline,False,47,66,46992,16896,16896,0,0,13200,23496,93984,262144,0.9632812500000002,0.9810000000000001,0.9776834795358816,0.0012941944395020721,1.9573865846335077e-05,public_state_tabular_independent_mc,0,0.2128991180326861,2.7532704999903217,True,accepted_return_check_disabled,0.1,1,3.5492551328505137e-10,-0.00400510604053847,100,5.0,0.009423522949218758,1.1641910437691416e-05,0.025996975244765852,0.00039097450741158404,0.003971955742404424,0.002901595373829978
T-L,AN,mc_learned_baseline,False,47,67,47704,17152,17152,0,0,13400,23852,95408,262144,0.9609375000000002,1.008,0.9790024522506314,0.0013189727147497887,2.0367087052010545e-05,public_state_tabular_independent_mc,0,0.20996589605854726,2.8013827999820933,True,accepted_return_check_disabled,0.1,1,5.014875817406439e-10,-0.0041809051987198856,100,5.0,0.009418029785156254,5.79037978813437e-05,0.03776147361848259,0.00041461519121514215,0.004139689674610998,0.002872709555971004
T-L,AN,mc_learned_baseline,False,47,68,48416,17408,17408,0,0,13600,24208,96832,262144,0.9726562500000002,0.966,0.9801549372941649,0.001152485043533491,1.5577940369161775e-05,public_state_tabular_independent_mc,0,0.20738943124779247,2.8434941999148577,True,accepted_return_check_disabled,0.1,1,2.799945896859766e-10,-0.0030857254571241785,100,5.0,0.00862152099609375,7.244571797014653e-05,0.020622669326163856,0.0003181297370114602,0.003106104597674455,0.0029620354036695236
T-L,AN,mc_learned_baseline,False,47,69,49128,17664,17664,0,0,13800,24564,98256,262144,0.9752343750000002,0.9960000000000001,0.9815943152663947,0.0014393779722298161,4.148775513120395e-05,public_state_tabular_independent_mc,0,0.20430059091312244,2.8879200000083074,True,accepted_return_check_disabled,0.1,1,3.1906371233241256e-11,-0.04262680392046493,100,5.0,0.021911230468749997,0.005538431197053804,0.0016506913849271276,0.004928515976581972,0.00990601933639044,-0.0016561058340184495
T-L,AN,mc_learned_baseline,False,47,70,49840,17920,17920,0,0,14000,24920,99680,262144,0.9890625000000003,0.978,0.9826044245113843,0.0010101092449895654,1.2105507768323868e-05,public_state_tabular_independent_mc,0,0.2020174470979466,2.9315984999993816,True,accepted_return_check_disabled,0.1,1,2.32212716348466e-10,-0.0024753427005592505,100,5.0,0.008077697753906245,0.0005476360603884841,-0.050175248268379935,0.0002626590003067859,0.0024547037365328654,0.002908890642926741
T-L,AN,mc_learned_baseline,False,47,71,50552,18176,18176,0,0,14200,25276,101104,262144,0.9843750000000002,0.987,0.9836698457354217,0.0010654212240374106,1.3494913113741625e-05,public_state_tabular_independent_mc,0,0.19959854705033356,2.9726330999983475,True,accepted_return_check_disabled,0.1,1,4.1977033639141605e-11,-0.002735318268241966,100,5.0,0.007823731131661172,0.0001135776277920633,0.005924756814144838,0.00024147551306291824,0.00272299635483912,0.0029219309849419324
T-L,AN,mc_learned_baseline,False,47,72,51264,18432,18432,0,0,14400,25632,102528,262144,0.9937500000000002,1.0050000000000001,0.9846725179611016,0.001002672225679846,1.2007545267558675e-05,public_state_tabular_independent_mc,0,0.19731105282697756,3.014619499910623,True,accepted_return_check_disabled,0.1,1,3.294440787183523e-10,-0.002464720576252865,100,5.0,0.0068994140624999995,3.1514982494189403e-07,-0.0017780938833571458,0.00026262592553098546,0.0024393226857473958,0.0028908191451120385
T-L,AN,mc_learned_baseline,False,47,73,51976,18688,18688,0,0,14600,25988,103952,262144,0.9726562500000001,0.978,0.985872719878447,0.0012002019173454892,1.7286300443825892e-05,public_state_tabular_independent_mc,0,0.19455905777469992,3.066745699965395,True,accepted_return_check_disabled,0.1,1,2.710597702592864e-10,-0.003533259459232746,100,5.0,0.008610534667968753,8.118524581089573e-05,0.021247073107275805,0.0002705420780083642,0.0035066512129211,0.0028726310046036257
T-L,AN,mc_learned_baseline,False,47,74,52688,18944,18944,0,0,14800,26344,105376,262144,0.9820312500000002,0.9990000000000001,0.9870374937248975,0.0011647738464504176,1.6361658265248796e-05,public_state_tabular_independent_mc,0,0.19187356718847864,3.110690400004387,True,accepted_return_check_disabled,0.1,1,2.8073963518236292e-11,-0.00330494017754504,100,5.0,0.007929382324218755,1.1963135133653898e-05,0.007374490010918389,0.0002559141078097589,0.003301240471479348,0.002873572605917158
T-L,AN,mc_learned_baseline,False,47,75,53400,19200,19200,0,0,15000,26700,106800,262144,0.9750000000000002,0.9840000000000001,0.9882413574640707,0.0012038637391732498,1.757816763293609e-05,public_state_tabular_independent_mc,0,0.1890823714306158,3.150192999979481,True,accepted_return_check_disabled,0.1,1,4.574997574191213e-10,-0.0036115365627940013,100,5.0,0.00850616455078125,0.0002994371082875014,0.014186789772727249,0.0002806173496212052,0.0035749603471416425,0.0028341376074609652
T-L,AN,mc_learned_baseline,False,47,76,54112,19456,19456,0,0,15200,27056,108224,262144,0.9820312500000002,0.9780000000000001,0.9894105427550741,0.001169185291003405,1.668095462297914e-05,public_state_tabular_independent_mc,0,0.18635608125963182,3.192286300007254,True,accepted_return_check_disabled,0.1,1,3.91292487129798e-10,-0.0034230902428319825,100,5.0,0.007896423339843753,6.763423800653872e-05,0.009443178117876982,0.0002653646157343234,0.0033905189719613533,0.002832662607513458
T-L,AN,mc_learned_baseline,False,47,77,54824,19712,19712,0,0,15400,27412,109648,262144,0.9892968750000002,0.9990000000000001,0.9906034970763987,0.0011929543213246019,2.3609686137958625e-05,public_state_tabular_independent_mc,0,0.18360169870806467,3.236863899976015,True,accepted_return_check_disabled,0.1,1,3.28565761839087e-11,-0.046700676843102785,100,5.0,0.020629125976562503,0.005307634531956337,-0.0047534483123812254,0.001834158710583874,0.005295918232615195,0.0012461636458594699
T-L,AN,mc_learned_baseline,False,47,78,55536,19968,19968,0,0,15600,27768,111072,262144,0.9960937500000002,1.008,0.9916343477098674,0.0010308506334686385,1.3164679216087548e-05,public_state_tabular_independent_mc,0,0.18117079404732087,3.2758479999611154,True,accepted_return_check_disabled,0.1,1,2.7761249629161547e-10,-0.0026047589355081154,100,5.0,0.006643981933593752,4.572896601623266e-05,-0.00025290263248667344,0.00022121819022226735,0.002624085151924927,0.0028090236271086414
T-L,AN,mc_learned_baseline,False,47,79,56248,20224,20224,0,0,15800,28124,112496,262144,1.0007812500000002,1.0110000000000001,0.9925762147723295,0.0009418670624621317,1.1058220275369566e-05,public_state_tabular_independent_mc,0,0.17893864290113362,3.3167003999697044,True,accepted_return_check_disabled,0.1,1,2.4857981027435204e-10,-0.002266743127271769,100,5.0,0.006215515136718749,6.906877946163378e-07,-0.00353549088931171,0.00024855300818531656,0.0022450476979746295,0.0027641250251810977
T-L,AN,mc_learned_baseline,False,47,80,56960,20480,20480,0,0,16000,28480,113920,262144,0.9960937500000002,0.996,0.9935827007977641,0.0010064860254346275,1.2715894751770467e-05,public_state_tabular_independent_mc,0,0.17654141882287966,3.3571977999527007,True,accepted_return_check_disabled,0.1,1,2.6699078817451923e-10,-0.0025162710261003854,100,5.0,0.006676940917968751,2.1444069576562997e-05,-0.002735946660535893,0.0002245910839828343,0.002534835949032258,0.0027710613658823774
T-L,AN,mc_learned_baseline,False,47,81,57672,20736,20736,0,0,16200,28836,115344,262144,0.9796875000000003,0.9720000000000002,0.9948738590720114,0.001291158274247306,2.112372982353054e-05,public_state_tabular_independent_mc,0,0.17344772027493377,3.3971096999011934,True,accepted_return_check_disabled,0.1,1,1.8662875481149982e-10,-0.004198759198124989,100,5.0,0.008349609375000008,4.0105412175745245e-05,-0.004179416374356926,0.00037720061463863904,0.004232321314729193,0.0025992260722045935
T-L,AN,mc_learned_baseline,False,47,82,58384,20992,20992,0,0,16400,29192,116768,262144,0.9937500000000004,0.981,0.995932039465441,0.0010581803934295309,1.4310894273256226e-05,public_state_tabular_independent_mc,0,0.17089643050416525,3.439886200008914,True,accepted_return_check_disabled,0.1,1,1.1669081733970885e-10,-0.0029114686083773784,100,5.0,0.006855468750000003,1.8556552405483225e-06,0.0014224751066849173,0.00022290087935593176,0.0028975133802829466,0.002727300895629817
T-L,AN,mc_learned_baseline,False,47,83,59096,21248,21248,0,0,16600,29548,118192,262144,0.9890625000000002,0.9840000000000001,0.9970946545010431,0.0011626150356021103,1.7443830433595996e-05,public_state_tabular_independent_mc,0,0.1680765057774312,3.5164783999789506,True,accepted_return_check_disabled,0.1,1,8.392317363071858e-11,-0.0034903278600084985,100,5.0,0.007308654785156253,4.0495547222482815e-07,0.00239923224568106,0.00027182044837740057,0.003498892387528578,0.002655580027560654
T-L,AN,mc_learned_baseline,False,47,84,59808,21504,21504,0,0,16800,29904,119616,262144,0.9939843750000003,0.987,0.9983286656753989,0.0012340111743558424,4.938605896214134e-05,public_state_tabular_independent_mc,0,0.16533425846361255,3.5586169000016525,True,accepted_return_check_disabled,0.1,1,2.816086249263573e-10,-0.035748023115313596,100,5.0,0.017457373046875002,0.005314052048173037,-0.00537803783344204,0.007855325661426459,0.012523392786696636,-0.0049543357160970695
T-L,AN,mc_learned_baseline,False,47,85,60520,21760,21760,0,0,17000,30260,121040,262144,1.0031250000000003,1.002,0.9992827609282471,0.000954095252848175,1.1913179511478427e-05,public_state_tabular_independent_mc,0,0.16299641362069345,3.5981420999160036,True,accepted_return_check_disabled,0.1,1,3.2368962472113915e-10,-0.0023488833791717326,100,5.0,0.006067199707031248,7.076556988756149e-05,-0.010926573426573105,0.00010492017226834818,0.0023724432492283265,0.002657555867292995
T-L,AN,mc_learned_baseline,False,47,86,61232,22016,22016,0,0,17200,30616,122464,262144,0.9937500000000001,0.996,1.0003940528626563,0.0011112919344091754,1.633648170514255e-05,public_state_tabular_independent_mc,0,0.1602574476113176,3.6334608999313787,True,accepted_return_check_disabled,0.1,1,4.98900304892135e-11,-0.003274805148741149,100,5.0,0.006990051269531253,5.6151624651591816e-05,-0.008379267425320469,0.0001308905271201762,0.0032799977101211114,0.0026074604590095416
T-L,AN,mc_learned_baseline,False,47,87,61944,22272,22272,0,0,17400,30972,123888,262144,0.9914062500000003,1.0170000000000001,1.0014988874838813,0.0011048346212250149,1.63343422571227e-05,public_state_tabular_independent_mc,0,0.15751698264766723,3.678179399925284,True,accepted_return_check_disabled,0.1,1,1.4446357359012549e-10,-0.0032589417290996535,100,5.0,0.0071411132812500035,3.051755421387654e-06,-0.0022379548535649274,0.00013353948521841046,0.003271859059687898,0.0025755035796709578
T-L,AN,mc_learned_baseline,False,47,88,62656,22528,22528,0,0,17600,31328,125312,262144,0.9984375000000003,1.008,1.002498726259242,0.0009998387753606952,1.3527721296203871e-05,public_state_tabular_independent_mc,0,0.15502161032938866,3.7132088999496773,True,accepted_return_check_disabled,0.1,1,3.573785255399331e-10,-0.0027810960386438874,100,5.0,0.006416015625000002,9.53220115376282e-07,-0.0007622677465457528,9.92902072432273e-05,0.002752731742958021,0.0025793265744200634
T-L,AN,mc_learned_baseline,False,47,89,63368,22784,22784,0,0,17800,31684,126736,262144,1.0007812500000002,0.9960000000000001,1.0035022964562992,0.001003570197057213,1.3787360339582798e-05,public_state_tabular_independent_mc,0,0.15250190376581185,3.748433499946259,True,accepted_return_check_disabled,0.1,1,2.4113569201131927e-10,-0.0028249808782247203,100,5.0,0.006182556152343751,3.6619842793641133e-06,-0.0008653299379441926,0.00010233976384900434,0.0028006793503866337,0.0025476346939940268
T-L,AN,mc_learned_baseline,False,47,90,64080,23040,23040,0,0,18000,32040,128160,262144,1.0171875000000004,0.99,1.004218645451026,0.0007163489947268342,7.090442703151574e-06,public_state_tabular_independent_mc,0,0.15069392773179385,3.7855968999210745,True,accepted_return_check_disabled,0.1,1,2.1027016743857609e-10,-0.001395882626248211,100,5.0,0.004482421874999997,2.7005875269812265e-07,0.005477201150213107,0.00025760858178265747,0.0014099141257038776,0.0023625584681348857
T-L,AN,mc_learned_baseline,False,47,91,64792,23296,23296,0,0,18200,32396,129584,262144,1.0054687500000004,1.0200000000000002,1.005150385285345,0.0009317398343189343,1.2129380078835916e-05,public_state_tabular_independent_mc,0,0.14833034929971528,3.8222087000031024,True,accepted_return_check_disabled,0.1,1,1.8243545943915987e-10,-0.0024795513365122247,100,5.0,0.005712890625000002,3.203650239818796e-05,-0.0008572882899779977,9.689468777777261e-05,0.002461735935703996,0.002501347363009807
T-L,AN,mc_learned_baseline,False,47,92,65504,23552,23552,0,0,18400,32752,131008,262144,1.01015625,0.9840000000000001,1.0060176458347336,0.000867260549388682,1.062991684777869e-05,public_state_tabular_independent_mc,0,0.14611790541332687,3.863492399919778,True,accepted_return_check_disabled,0.1,1,2.2475385399723746e-10,-0.002098274610300851,100,5.0,0.005193786621093752,4.43190281580378e-05,0.0038962941262626893,0.00011030310876896057,0.0021201581785334823,0.0024586133587569015
T-L,AN,mc_learned_baseline,False,47,93,66216,23808,23808,0,0,18600,33108,132432,262144,0.9914062500000003,1.0050000000000001,1.007163028838124,0.0011453830033902879,1.8817022505559458e-05,public_state_tabular_independent_mc,0,0.14317711671922423,3.9031277999747545,True,accepted_return_check_disabled,0.1,1,4.285366729673079e-10,-0.0038694374864124362,100,5.0,0.007171325683593755,3.929285024528994e-07,-0.0043683157237852654,0.000252558025145102,0.0038334087736259003,0.002288241121410581
T-L,AN,mc_learned_baseline,False,47,94,66928,24064,24064,0,0,18800,33464,133856,262144,1.0031250000000003,1.014,1.0081668666032333,0.0010038377651093722,1.4668753510804985e-05,public_state_tabular_independent_mc,0,0.1405816530546152,3.9399230999406427,True,accepted_return_check_disabled,0.1,1,3.0742178443799984e-10,-0.0029074228592970296,100,5.0,0.006031494140625007,4.750192791907177e-05,-0.007918552036199289,0.0001227558266126889,0.002929891918601365,0.0023796957453676407
T-L,AN,mc_learned_baseline,False,47,95,67640,24320,24320,0,0,19000,33820,135280,262144,1.0078125,1.0170000000000001,1.0090771609704268,0.000910294367193476,1.2231207574791254e-05,public_state_tabular_independent_mc,0,0.13821303439616772,3.9757084999000654,True,accepted_return_check_disabled,0.1,1,1.7748769699522684e-10,-0.0025033204490485595,100,5.0,0.005449218749999999,1.4229660878655226e-05,0.0017907106883047197,9.829602973273922e-05,0.002483273571260681,0.002369411411001674
T-L,AN,mc_learned_baseline,False,47,96,68352,24576,24576,0,0,19200,34176,136704,262144,1.01015625,1.005,1.0099318642218191,0.0008547032513923636,1.0929354972894455e-05,public_state_tabular_independent_mc,0,0.1359757355544948,4.011484899907373,True,accepted_return_check_disabled,0.1,1,2.0636926907341845e-10,-0.0022391877782281617,100,5.0,0.005226745605468756,5.1766374715804804e-05,0.0007323861139586496,9.856548602395004e-05,0.002220684235177564,0.0023367184170809837
T-L,AN,mc_learned_baseline,False,47,97,69064,24832,24832,0,0,19400,34532,138128,262144,1.0054687500000004,0.9990000000000001,1.0108334225078217,0.0009015582860025795,1.2331005386696896e-05,public_state_tabular_independent_mc,0,0.13360161592065978,4.049828399904072,True,accepted_return_check_disabled,0.1,1,1.0261249348510365e-11,-0.0024976036255697108,100,5.0,0.0060983988067250215,0.00045100367497951543,-0.05724302436226747,9.943553442217076e-05,0.002489630673870083,0.0023046109432420746
T-L,AN,mc_learned_baseline,False,47,98,69776,25088,25088,0,0,19600,34888,139552,262144,1.0148437500000003,1.011,1.0116340220191824,0.000800599511360689,9.86436885868095e-06,public_state_tabular_independent_mc,0,0.13148056000068328,4.086631099926308,True,accepted_return_check_disabled,0.1,1,1.895422735648881e-16,-0.001982022173628137,100,5.0,0.0046994018554687485,1.6007570372316988e-05,0.0070292507531340975,0.00010673411001156309,0.00198658685661335,0.002263437162754656
T-L,AN,mc_learned_baseline,False,47,99,70488,25344,25344,0,0,19800,35244,140976,262144,1.0078125000000002,1.014,1.0125743432246397,0.000940321205457284,1.3824873504542592e-05,public_state_tabular_independent_mc,0,0.12897375143560774,4.12350649992004,True,accepted_return_check_disabled,0.1,1,3.06453072503767e-10,-0.002734163093879595,100,5.0,0.005537109375000004,4.962829202420216e-05,-0.006267487409065575,0.00012416331326009866,0.0027616368626918295,0.002215292527026592
T-L,AN,mc_learned_baseline,False,47,100,71200,25600,25600,0,0,20000,35600,142400,262144,1.0078125000000002,1.0170000000000001,1.0135007292907081,0.0009263860660684298,1.3646916215200467e-05,public_state_tabular_independent_mc,0,0.12648719146762769,4.160063099930994,True,accepted_return_check_disabled,0.1,1,2.5859776228727647e-10,-0.0027015646050225673,100,5.0,0.005440979003906251,3.6985719487204082e-06,0.0025461667599325777,0.0001250005393063166,0.0027282806917545105,0.0021775177783441087
T-L,AN,mc_learned_baseline,False,47,101,71912,25856,25856,0,0,20200,35956,143824,262144,1.0125000000000002,1.0050000000000001,1.0143501220626574,0.0008493927719492866,1.1662985260890328e-05,public_state_tabular_independent_mc,0,0.12419214131093691,4.2041462999768555,True,accepted_return_check_disabled,0.1,1,2.6029745642995738e-11,-0.0023416691400098087,100,5.0,0.004965820312500003,3.2775287847835625e-05,0.0034448818897639955,0.00010070218910132885,0.0023439984202276664,0.002164515849988798
T-L,AN,mc_learned_baseline,False,47,102,72624,26112,26112,0,0,20400,36312,145248,262144,1.0125000000000002,1.0110000000000001,1.0151751453572024,0.0008250232945450353,1.1184712121746505e-05,public_state_tabular_independent_mc,0,0.12194868191202413,4.252225399948657,True,accepted_return_check_disabled,0.1,1,1.6562620830609173e-12,-0.0022550701593275348,100,5.0,0.004932861328125003,3.309745243008741e-06,0.006766732283464361,9.896269559817802e-05,0.0022528170529426193,0.002131261285518688
T-L,AN,mc_learned_baseline,False,47,103,73336,26368,26368,0,0,20600,36668,146672,262144,1.0031250000000003,1.008,1.0161860036932808,0.0010108583360783907,1.7125038162999676e-05,public_state_tabular_independent_mc,0,0.11918018357102964,4.29414289991837,True,accepted_return_check_disabled,0.1,1,1.630370125819528e-14,-0.0034646958249459443,100,5.0,0.00593536376953125,4.993695083409553e-05,0.00017996709173251357,0.00026653020927312006,0.0034587561848104208,0.0019289766402125832
T-L,AN,mc_learned_baseline,False,47,104,74048,26624,26624,0,0,20800,37024,148096,262144,1.0312500000000002,1.0290000000000001,1.0166599395221554,0.000473935828874561,3.8138168623853223e-06,public_state_tabular_independent_mc,0,0.11787452666760817,4.335152399959043,True,accepted_return_check_disabled,0.1,1,1.17797367326656e-10,-0.0007831881298134596,100,5.0,0.0027053833007812484,4.725333863798964e-06,0.07282838983050943,0.0004033051279266751,0.0007749693084285724,0.0017486878718833746
T-L,AN,mc_learned_baseline,False,47,105,74760,26880,26880,0,0,21000,37380,149520,262144,1.0265625000000003,1.0170000000000001,1.0172427663712773,0.0005828268491219202,5.8377759096228665e-06,public_state_tabular_independent_mc,0,0.11626202374412523,4.376238800003193,True,accepted_return_check_disabled,0.1,1,8.613667042523213e-11,-0.0011915265913204367,100,5.0,0.003416748046874998,4.1769064393024414e-05,0.025897481693160085,0.0002118354504514857,0.001183580219139151,0.0019193859336380959
T-L,AN,mc_learned_baseline,False,47,106,75472,27136,27136,0,0,21200,37736,150944,262144,1.0218750000000003,1.0170000000000001,1.0179099682292918,0.0006672018580144989,7.761719826794522e-06,public_state_tabular_independent_mc,0,0.1144066098915175,4.413698399905115,True,accepted_return_check_disabled,0.1,1,1.542884703690886e-10,-0.0015332250501179294,100,5.0,0.003891906738281249,2.722763061498732e-05,0.021633126934985203,0.00012722188468116077,0.001549096590566079,0.0019781312551331765
T-L,AN,mc_learned_baseline,False,47,107,76184,27392,27392,0,0,21400,38092,152368,262144,1.0031250000000003,1.0230000000000001,1.018949326749225,0.0010393585199330868,1.9250864869673878e-05,public_state_tabular_independent_mc,0,0.11149558898989854,4.4538846999639645,True,accepted_return_check_disabled,0.1,1,9.758238489738473e-11,-0.003848732627452278,100,5.0,0.0059765625000000044,1.6250793783782762e-05,-0.0032908268202385127,0.0004136607381171246,0.0038751888201265837,0.0016616402900454484
T-L,AN,mc_learned_baseline,False,47,108,76896,27648,27648,0,0,21600,38448,153792,262144,1.0218750000000003,1.0290000000000001,1.0196176466194045,0.0006683198701795678,8.10891843616735e-06,public_state_tabular_independent_mc,0,0.10961008409190333,4.490381899988279,True,accepted_return_check_disabled,0.1,1,8.619381549766896e-11,-0.0016536022988173724,100,5.0,0.0038479614257812536,4.6814415756424855e-05,0.02720588235294097,0.00010905000274998888,0.00164442104192972,0.0019185026892029292
T-L,AN,mc_learned_baseline,False,47,109,77608,27904,27904,0,0,21800,38804,155216,262144,1.0289062500000004,1.014,1.0201336939382337,0.0005160473188292602,4.902534009921328e-06,public_state_tabular_independent_mc,0,0.1081466532767784,4.534829699900001,True,accepted_return_check_disabled,0.1,1,5.466113916659246e-11,-0.0009704069455144269,100,5.0,0.0029443359375000023,6.44058114958391e-05,0.06586913353029533,0.0002483455221561601,0.0009795529379972173,0.0017479037513631827
T-L,AN,mc_learned_baseline,False,47,110,78320,28160,28160,0,0,22000,39160,156640,262144,1.0171875000000001,1.0230000000000001,1.020907840005699,0.0007741460674652867,1.1234003872604651e-05,public_state_tabular_independent_mc,0,0.10593869384468825,4.583485599956475,True,accepted_return_check_disabled,0.1,1,7.659160664299169e-11,-0.002237836960940967,100,5.0,0.004452209472656255,3.606930320743562e-05,0.008866219361906014,0.00011529895577504788,0.002254767266402319,0.0018564575110149861
T-L,AN,mc_learned_baseline,False,47,111,79032,28416,28416,0,0,22200,39516,158064,262144,1.0359375000000002,0.9990000000000001,1.0212732615124753,0.00036542150677632,2.5350378013142976e-06,public_state_tabular_independent_mc,0,0.10489110332288945,4.626529000001028,True,accepted_return_check_disabled,0.1,1,1.8260740757207958e-11,-0.0005028677479029141,100,5.0,0.002054443359374998,1.4448302074140486e-05,0.12895631702851218,0.0005120108547682937,0.0005064260065815277,0.001422477154788956
T-L,AN,mc_learned_baseline,False,47,112,79744,28672,28672,0,0,22400,39872,159488,262144,1.0195312500000004,1.0170000000000001,1.0219846362748954,0.0007113747624201139,9.768809716663057e-06,public_state_tabular_independent_mc,0,0.1028416310473269,4.665311599965207,True,accepted_return_check_disabled,0.1,1,1.9971694606978826e-10,-0.0019378705213921631,100,5.0,0.004106140136718751,2.1061112592857164e-06,0.022698383875068506,0.0001001467111078129,0.0019523573722761529,0.0018165302344053068
T-L,AN,mc_learned_baseline,False,47,113,80456,28928,28928,0,0,22600,40228,160912,262144,1.0171875000000004,1.026,1.0227557127803037,0.000771076505408308,1.172295295445259e-05,public_state_tabular_independent_mc,0,0.10060471231110858,4.701548699988052,True,accepted_return_check_disabled,0.1,1,2.2619940058691294e-10,-0.002407637012296303,100,5.0,0.00445220947265625,0.00014118647898680013,0.008866219361906125,0.00014178150832498313,0.0023877053605140864,0.0017398190531360326
T-L,AN,mc_learned_baseline,False,47,114,81168,29184,29184,0,0,22800,40584,162336,262144,1.0312500000000002,1.0320000000000003,1.0232378471678334,0.00048213438752964244,4.658937122148821e-06,public_state_tabular_independent_mc,0,0.09919764317920605,4.739466900005937,True,accepted_return_check_disabled,0.1,1,2.1903031379320952e-11,-0.0009436671945297344,100,5.0,0.0027053833007812484,6.219358515280859e-06,0.07282838983050932,0.00022088400021544807,0.0009414934386794028,0.0016220947877814273
T-L,AN,mc_learned_baseline,False,47,115,81880,29440,29440,0,0,23000,40940,163760,262144,1.0289062500000004,1.0230000000000001,1.0237767634447628,0.0005389162769293687,5.91240152330894e-06,public_state_tabular_independent_mc,0,0.09761703922491904,4.780609200010076,True,accepted_return_check_disabled,0.1,1,1.2427234130229272e-10,-0.0011712301318598023,100,5.0,0.0029855346679687512,8.027009081605757e-06,0.05933065336368515,0.00014881369977079266,0.0011796308569104505,0.0016696978741286281
T-L,AN,mc_learned_baseline,False,47,116,82592,29696,29696,0,0,23200,41296,165184,262144,1.021875,1.026,1.0244677025737223,0.0006909391289595668,9.91372888961276e-06,public_state_tabular_independent_mc,0,0.09557819174192017,4.817087100003846,True,accepted_return_check_disabled,0.1,1,4.5717772080899994e-11,-0.0019785721852424096,100,5.0,0.0038259887695312514,6.297690406080845e-08,0.02999226006191913,0.00011010512815147906,0.0019919612453844393,0.0016807680700681015
T-L,AN,mc_learned_baseline,False,47,117,83304,29952,29952,0,0,23400,41652,166608,262144,1.0312500000000004,1.038,1.0249393943572178,0.000471691783495487,4.699270440601558e-06,public_state_tabular_independent_mc,0,0.09417812733312377,4.855062899994664,True,accepted_return_check_disabled,0.1,1,1.3430585014385022e-10,-0.0009662331455214177,100,5.0,0.002636718750000001,2.114058353562432e-05,0.08474576271186485,0.00019378949319834033,0.0009559743363703841,0.0015612015824333911
T-L,AN,mc_learned_baseline,False,47,118,84016,30208,30208,0,0,23600,42008,168032,262144,1.0218750000000003,1.0230000000000001,1.0256265907574573,0.0006871964002395092,1.0179631330387784e-05,public_state_tabular_independent_mc,0,0.0921262042638675,4.894381899968721,True,accepted_return_check_disabled,0.1,1,9.994795281884661e-11,-0.0020787508553088497,100,5.0,0.003847961425781252,6.825244038958261e-06,0.027205882352940858,0.00012379290595361222,0.0020680734122912547,0.001606413453069719
T-L,AN,mc_learned_baseline,False,47,119,84728,30464,30464,0,0,23800,42364,169456,262144,1.0195312500000002,1.032,1.026375023127624,0.0007484323701667517,1.2376790905613232e-05,public_state_tabular_independent_mc,0,0.08987449410152894,4.9337816999759525,True,accepted_return_check_disabled,0.1,1,5.3804357407312476e-11,-0.0024860720878794986,100,5.0,0.004150085449218755,4.533106485862117e-06,0.017468676230252167,0.00019735909807512363,0.0024909272992442,0.0014963198548171106
T-L,AN,mc_learned_baseline,False,47,120,85440,30720,30720,0,0,24000,42720,170880,262144,1.0148437500000003,1.035,1.027233682126282,0.0008586589986578907,1.67727564650722e-05,public_state_tabular_independent_mc,0,0.08726862183112252,4.971280899946578,True,accepted_return_check_disabled,0.1,1,3.073467390166641e-10,-0.003456805004964949,100,5.0,0.004987792968750007,9.75661842432709e-05,-0.023582002526643775,0.0004628055977709834,0.0034260819137381555,0.0011905254861387955
T-L,AN,mc_learned_baseline,False,47,121,86152,30976,30976,0,0,24200,43076,172304,262144,1.0359375000000002,1.0200000000000002,1.0276077554414083,0.0003740733151262887,3.2440832340084156e-06,public_state_tabular_independent_mc,0,0.08612560776358703,5.009518799954094,True,accepted_return_check_disabled,0.1,1,4.3694249199014295e-11,-0.0006447233967814866,100,5.0,0.0020214843750000003,6.999132741705084e-06,0.13601883337692955,0.0002773624698854067,0.000647643435089747,0.0013289521591524117
T-L,AN,mc_learned_baseline,False,47,122,86864,31232,31232,0,0,24400,43432,173728,262144,1.0312500000000002,1.0290000000000001,1.0280916215237221,0.0004838660823138774,5.520847940568906e-06,public_state_tabular_independent_mc,0,0.08463992012422988,5.0504602999426425,True,accepted_return_check_disabled,0.1,1,9.161884592931378e-12,-0.001103537938833271,100,5.0,0.002636718750000001,5.677493207893903e-06,0.08474576271186496,0.0001258561097169914,0.0011094431380204168,0.0014597331804737863
T-L,AN,mc_learned_baseline,False,47,123,87576,31488,31488,0,0,24600,43788,175152,262144,1.0382812500000003,1.026,1.0284213057079443,0.0003296841842221898,2.6003747176154438e-06,public_state_tabular_independent_mc,0,0.08362290152462803,5.088068399927579,True,accepted_return_check_disabled,0.1,1,8.059930538498573e-11,-0.0005346111667596988,100,5.0,0.0019638061523437455,9.167754609511289e-05,0.11142454160789994,0.00032996890730340985,0.0005286088070444767,0.001228593544170366
T-L,AN,mc_learned_baseline,False,47,124,88288,31744,31744,0,0,24800,44144,176576,262144,1.0312500000000004,1.0200000000000002,1.0288961421943204,0.00047483648637602904,5.486807726322147e-06,public_state_tabular_independent_mc,0,0.08215121505478178,5.125817099935375,True,accepted_return_check_disabled,0.1,1,1.3517560133971538e-11,-0.0011105167420668366,100,5.0,0.0026477050781250023,2.617617505833016e-05,0.08283898305084825,0.00012003967305275086,0.00110912471493246,0.0014199667629188279
T-L,AN,mc_learned_baseline,False,47,125,89000,32000,32000,0,0,25000,44500,178000,262144,1.0242187500000002,1.0320000000000003,1.0295485691985453,0.0006524270042249647,1.0613894513716257e-05,public_state_tabular_independent_mc,0,0.08011549394122482,5.163385399966501,True,accepted_return_check_disabled,0.1,1,3.055023313398606e-11,-0.0021354964474782374,100,5.0,0.003603515625000003,2.286544970227427e-05,0.030505243088655765,0.00017268223841388072,0.0021380101361768806,0.0013403973377446188
T-L,AN,mc_learned_baseline,False,47,126,89712,32256,32256,0,0,25200,44856,179424,262144,1.0312500000000004,1.026,1.0300302455552648,0.00048167635671947373,5.91626374203035e-06,public_state_tabular_independent_mc,0,0.07860214714598597,5.203820899943821,True,accepted_return_check_disabled,0.1,1,8.830148294705162e-11,-0.0012120680499815534,100,5.0,0.00263946533203125,4.839171115100206e-07,0.08426906779661081,0.00010429547232975647,0.0012021150404332385,0.0013713994209271453
T-L,AN,mc_learned_baseline,False,47,127,90424,32512,32512,0,0,25400,45212,180848,262144,1.0335937500000003,1.0230000000000001,1.0304594169449874,0.000429171389722649,4.788152419860515e-06,public_state_tabular_independent_mc,0,0.07724610209979224,5.2440038999775425,True,accepted_return_check_disabled,0.1,1,5.4947611487901795e-11,-0.0009494100938490988,100,5.0,0.002370300292968755,8.006583814776297e-05,0.09973676513600371,0.00013179258655776564,0.0009581065562537333,0.0013160142860672041
T-L,AN,mc_learned_baseline,False,47,128,91136,32768,32768,0,0,25600,45568,182272,262144,1.0359375000000004,1.008,1.0308329209665714,0.00037350402158398133,3.6900439079979636e-06,public_state_tabular_independent_mc,0,0.0760599322563811,5.282400199910626,True,accepted_return_check_disabled,0.1,1,7.738925141260604e-11,-0.0007568790140619052,100,5.0,0.002054443359374998,8.811387795443524e-06,0.12895631702851196,0.00017959578456800727,0.0007496995440451873,0.0012431572496068768
T-L,AN,mc_learned_baseline,False,47,129,91848,33024,33024,0,0,25800,45924,183696,262144,1.0242187500000002,1.0350000000000001,1.0314867343339225,0.0006538133673510416,1.1605623135913678e-05,public_state_tabular_independent_mc,0,0.07396970345451692,5.364478499977849,True,accepted_return_check_disabled,0.1,1,1.428842890964844e-11,-0.0023319098614820945,100,5.0,0.0035375976562500022,1.0433402570080217e-05,0.03945786877771784,0.0002501585475582327,0.00234319196486032,0.0011506325643310246
T-L,AN,mc_learned_baseline,False,47,130,92560,33280,33280,0,0,26000,46280,185120,262144,1.0359375000000002,1.0410000000000001,1.0318597790869648,0.00037304475304233975,3.861027364399982e-06,public_state_tabular_independent_mc,0,0.07276896683034055,5.412898399983533,True,accepted_return_check_disabled,0.1,1,1.233023604655136e-11,-0.000773885212887053,100,5.0,0.0020132446289062526,2.121433905325036e-05,0.13778446246403397,0.00015793938611591767,0.00077474140195053,0.0012040541871015725
T-L,AN,mc_learned_baseline,False,47,131,93272,33536,33536,0,0,26200,46636,186544,262144,1.03359375,1.038,1.032288716855506,0.00042893776854113774,5.208164699516738e-06,public_state_tabular_independent_mc,0,0.07138081928767055,5.449400499928743,True,accepted_return_check_disabled,0.1,1,8.752625242057366e-11,-0.0010679834223379053,100,5.0,0.0023373413085937492,5.306086306347736e-06,0.10605440187189263,0.00010573184423885804,0.001058790620417905,0.001233923496071492
T-L,AN,mc_learned_baseline,False,47,132,93984,33792,33792,0,0,26400,46992,187968,262144,1.0289062500000004,1.0320000000000003,1.032825788752448,0.0005370718969419652,8.374466104611128e-06,public_state_tabular_independent_mc,0,0.06963108973901558,5.486045499914326,True,accepted_return_check_disabled,0.1,1,2.1917976969517424e-11,-0.0017058997650872996,100,5.0,0.002952575683593751,5.690607133263183e-07,0.06456143749697318,0.00013878337678289716,0.0016979517816723608,0.001175005756997669
T-L,AN,mc_learned_baseline,False,47,133,94696,34048,34048,0,0,26600,47348,189392,262144,1.0265625000000003,1.035,1.0334310655375119,0.0006052767850639462,1.0965586905115495e-05,public_state_tabular_independent_mc,0,0.06764313102483367,5.5227182999951765,True,accepted_return_check_disabled,0.1,1,7.71394142307685e-11,-0.0022402498514493634,100,5.0,0.0033398437500000043,2.826856972773838e-05,0.037149490980531774,0.0002637652082113544,0.002231809865625615,0.0010173638522929435
T-L,AN,mc_learned_baseline,False,47,134,95408,34304,34304,0,0,26800,47704,190816,262144,1.0265625000000003,1.035,1.0340325321366022,0.0006014665990903278,1.1188481717714343e-05,public_state_tabular_independent_mc,0,0.06565021868798723,5.566702599986456,True,accepted_return_check_disabled,0.1,1,2.388057969584544e-10,-0.0023077405851169627,100,5.0,0.003284912109375002,2.5142707374089723e-06,0.04518664047151277,0.00029404780098554696,0.0022871039816494123,0.0009499096398518513
T-L,AN,mc_learned_baseline,False,47,135,96120,34560,34560,0,0,27000,48060,192240,262144,1.0382812500000003,1.0410000000000001,1.0343450978361945,0.0003125656995923709,3.0907230259299836e-06,public_state_tabular_independent_mc,0,0.06460744463280531,5.60806459991727,True,accepted_return_check_disabled,0.1,1,3.011295794810847e-11,-0.0006307454026820488,100,5.0,0.0017001342773437511,3.743745503764365e-05,0.17556231905574948,0.00016690083719023076,0.0006262175711818559,0.0010397369690620067
T-L,AN,mc_learned_baseline,False,47,136,96832,34816,34816,0,0,27200,48416,193664,262144,1.03359375,1.0410000000000001,1.0347799398143365,0.00043484197814191994,6.121427944672608e-06,public_state_tabular_independent_mc,0,0.0631483903687713,5.646509999991395,True,accepted_return_check_disabled,0.1,1,7.374267934476815e-12,-0.0012388722106692648,100,5.0,0.002370300292968755,3.4790875028865966e-05,0.09973676513600371,0.00010351575704100192,0.0012387669455547934,0.0010835776925398831
T-L,AN,mc_learned_baseline,False,47,137,97544,35072,35072,0,0,27400,48772,195088,262144,1.0453125000000003,1.0320000000000003,1.0349156269604856,0.00013568714614908828,6.041830405224839e-07,public_state_tabular_independent_mc,0,0.06269108086693478,5.683977299951948,True,accepted_return_check_disabled,0.1,1,3.7856614693985886e-11,-0.00012505752577370138,100,5.0,0.0007168579101562492,5.206680362132457e-06,0.41556962025316535,0.0005599467211332838,0.00012313697978229515,0.0005997855285159986
T-L,AN,mc_learned_baseline,False,47,138,98256,35328,35328,0,0,27600,49128,196512,262144,1.0359375000000002,1.0320000000000003,1.0352938914922585,0.0003782645317729205,4.782594213516275e-06,public_state_tabular_independent_mc,0,0.06141099355561004,5.728469099965878,True,accepted_return_check_disabled,0.1,1,1.61797627838114e-11,-0.0009598188698525614,100,5.0,0.00201324462890625,1.3486306254774434e-06,0.13778446246403353,0.00010076165859701097,0.0009612161811569616,0.0010503921177379488
T-L,AN,mc_learned_baseline,False,47,139,98968,35584,35584,0,0,27800,49484,197936,262144,1.0174218750000001,1.038,1.0360670049528293,0.0007731134605708512,3.1236198630944595e-05,public_state_tabular_independent_mc,0,0.0590300541891518,5.771833000006154,True,accepted_return_check_disabled,0.1,1,2.4436088132960925e-10,-0.04295693752598592,100,5.0,0.015105200195312508,0.005350599222785099,0.011455974828441184,0.00403052386124782,0.0075041350682114975,-0.0029033872148591863
T-L,AN,mc_learned_baseline,False,47,140,99680,35840,35840,0,0,28000,49840,199360,262144,1.0406250000000004,1.038,1.0363267157731688,0.0002597108203394871,2.384578434848482e-06,public_state_tabular_independent_mc,0,0.05813799798454686,5.810047799954191,True,accepted_return_check_disabled,0.1,1,1.133918927189803e-11,-0.00048307993124033135,100,5.0,0.0013870239257812484,3.3645290923613017e-06,0.2254986244841829,0.0001314328875889879,0.0004820445222051533,0.0009002296875049089
T-L,AN,mc_learned_baseline,False,47,141,100392,36096,36096,0,0,28200,50196,200784,262144,1.0429687500000004,1.0350000000000001,1.0365227057718434,0.00019598999867453948,1.3760754300524803e-06,public_state_tabular_independent_mc,0,0.05746236550999991,5.848204999929294,True,accepted_return_check_disabled,0.1,1,4.070750600624345e-12,-0.0002778333895391481,100,5.0,0.0013048302544487792,0.00015870662238556024,0.2908497371412343,0.0002518764915411444,0.00027750547514076364,0.0007629815440736015
T-L,AN,mc_learned_baseline,False,47,142,101104,36352,36352,0,0,28400,50552,202208,262144,1.0406250000000004,1.038,1.0367806639230523,0.00025795815120899235,2.4254521999202537e-06,public_state_tabular_independent_mc,0,0.05656941581273245,5.886421800008975,True,accepted_return_check_disabled,0.1,1,6.515845911876646e-11,-0.000498321221288581,100,5.0,0.0013870239257812484,4.648526327751824e-06,0.22549862448418279,0.00011800364634810007,0.000493354248805188,0.0008840954513560897
T-L,AN,mc_learned_baseline,False,47,143,101816,36608,36608,0,0,28600,50908,203632,262144,1.0382812500000003,1.0410000000000001,1.0370958515521058,0.00031518762905347053,3.6964787927689224e-06,public_state_tabular_independent_mc,0,0.055472873581329615,5.923638299922459,True,accepted_return_check_disabled,0.1,1,9.422078198367472e-11,-0.0007606033706504244,100,5.0,0.0017001342773437526,1.8431315163711033e-05,0.17556231905574948,5.1467536276348504e-05,0.0007529117811132391,0.000933816916722109
T-L,AN,mc_learned_baseline,False,47,144,102528,36864,36864,0,0,28800,51264,205056,262144,1.0359375000000002,1.02,1.037471362893662,0.0003755113415562228,5.382045513248599e-06,public_state_tabular_independent_mc,0,0.05415837873965641,5.963528899941593,True,accepted_return_check_disabled,0.1,1,9.986036254361057e-11,-0.0011054185923531608,100,5.0,0.002035217285156249,3.452654025111535e-05,0.13307611823175525,4.793573468187504e-05,0.0010966035743607584,0.000916708571247868
T-L,AN,mc_learned_baseline,False,47,145,103240,37120,37120,0,0,29000,51620,206480,262144,1.0382812500000003,1.0320000000000003,1.0377933126279815,0.00032194973431942664,4.056045967590135e-06,public_state_tabular_independent_mc,0,0.053024176231899194,5.999514399911277,True,accepted_return_check_disabled,0.1,1,2.49275378752685e-11,-0.0008120748974602279,100,5.0,0.001757812499999998,6.080665290064239e-05,0.16153218023903282,4.262464541358721e-05,0.0008142393343063426,0.0008972926907805069
T-L,AN,mc_learned_baseline,False,47,146,103952,37376,37376,0,0,29200,51976,207904,262144,1.0382812500000003,1.0320000000000003,1.0381155467364782,0.00032223410849674394,4.1636850145462165e-06,public_state_tabular_independent_mc,0,0.051882114677251776,6.035968899959698,True,accepted_return_check_disabled,0.1,1,8.948914156567625e-11,-0.0008260140355110336,100,5.0,0.0017138671875000023,2.7396938592499857e-05,0.17222180981367385,4.107431362590772e-05,0.0008324056418304639,0.0008775248373359671
T-L,AN,mc_learned_baseline,False,47,147,104664,37632,37632,0,0,29400,52332,209328,262144,1.0476562500000002,1.0470000000000002,1.0381946586869024,7.911195042420438e-05,2.5402015333431847e-07,public_state_tabular_independent_mc,0,0.05160065476001472,6.073734599980526,True,accepted_return_check_disabled,0.1,1,2.6129249442151768e-12,-5.179289549877732e-05,100,5.0,0.00044769287109374626,1.0755402916138717e-05,0.5655069086066276,0.0005293318843348697,5.1246160754725304e-05,0.0003678209997258755
T-L,AN,mc_learned_baseline,False,47,148,105376,37888,37888,0,0,29600,52688,210752,262144,1.0312500000000002,1.0410000000000001,1.03870122281919,0.0005065641322876679,1.0727189878854184e-05,public_state_tabular_independent_mc,0,0.04978813890091854,6.109553899965249,True,accepted_return_check_disabled,0.1,1,2.0802303615433245e-10,-0.0021381566430963127,100,5.0,0.0026806640625000027,2.676619994697248e-06,0.07711864406779645,0.0003387400897453367,0.002157799278142089,0.0005531307931993324
T-L,AN,mc_learned_baseline,False,47,149,106088,38144,38144,0,0,29800,53044,212176,262144,1.0406250000000004,1.0410000000000001,1.0389609426135884,0.0002597197943983165,2.8992023907919403e-06,public_state_tabular_independent_mc,0,0.048851759096669174,6.146279299980961,True,accepted_return_check_disabled,0.1,1,1.3724592138474767e-11,-0.0005885041051627435,100,5.0,0.0013870239257812505,1.3657618492907563e-05,0.2254986244841819,5.9399024680694485e-05,0.0005869549726134939,0.0007984943678276376
T-L,AN,mc_learned_baseline,False,47,150,106800,38400,38400,0,0,30000,53400,213600,262144,1.0335937500000003,1.044,1.0394023649820487,0.00044142236846034244,8.653578171690993e-06,public_state_tabular_independent_mc,0,0.04724882417152891,6.183207299909554,True,accepted_return_check_disabled,0.1,1,1.5428699021807712e-13,-0.0017572848392358959,100,5.0,0.002337341308593753,3.2947903749796057e-07,0.10605440187189197,0.0002251722418411469,0.0017541050307762842,0.0006151958517260886
T-L,AN,mc_learned_baseline,False,47,151,107512,38656,38656,0,0,30200,53756,215024,262144,1.0406250000000004,1.038,1.0396591126309456,0.0002567476488968268,3.010162520641221e-06,public_state_tabular_independent_mc,0,0.04630965083154706,6.2191469999961555,True,accepted_return_check_disabled,0.1,1,6.466206718942826e-11,-0.0006185804255536748,100,5.0,0.0013732910156250013,1.678795415656029e-05,0.22936726272352148,4.923876838843058e-05,0.0006127042199282874,0.0007611802566087222
T-L,AN,mc_learned_baseline,False,47,152,108224,38912,38912,0,0,30400,54112,216448,262144,1.0476562500000002,1.0350000000000001,1.0397297650678725,7.065243692694345e-05,2.306393442909473e-07,public_state_tabular_independent_mc,0,0.04605030016020029,6.255839299992658,True,accepted_return_check_disabled,0.1,1,4.2740084778339344e-14,-4.640478431524521e-05,100,5.0,0.00035980224609374835,5.112947401005753e-06,0.613450973863827,0.0004661626523337992,4.619463142435872e-05,0.00032674253778425857
T-L,AN,mc_learned_baseline,False,47,153,108936,39168,39168,0,0,30600,54468,217872,262144,1.0453125000000003,1.044,1.0398672987138378,0.00013753364596524875,8.833265761950284e-07,public_state_tabular_independent_mc,0,0.045544301811592414,6.291490799980238,True,accepted_return_check_disabled,0.1,1,6.858958593752244e-12,-0.00017518616040408715,100,5.0,0.0007168579101562491,1.2312826883266128e-06,0.41556962025316546,0.00023796244196065718,0.00017647683066408787,0.000550111074323739
T-L,AN,mc_learned_baseline,False,47,154,109648,39424,39424,0,0,30800,54824,219296,262144,1.0406250000000004,1.044,1.0401277678730647,0.00026046915922695035,3.2343444480321025e-06,public_state_tabular_independent_mc,0,0.04458181541734571,6.326103599974886,True,accepted_return_check_disabled,0.1,1,1.0673158528550025e-11,-0.0006492835490048553,100,5.0,0.0013650512695312516,4.461811844667589e-06,0.231688445667125,4.299080509662488e-05,0.0006501701426123437,0.0007356621948626988
T-L,AN,mc_learned_baseline,False,47,155,110360,39680,39680,0,0,31000,55180,220720,262144,1.0429687500000004,1.038,1.0403247212267435,0.00019695335367875266,1.8858979888000374e-06,public_state_tabular_independent_mc,0,0.04385049963012797,6.363600199925713,True,accepted_return_check_disabled,0.1,1,3.247393162323459e-11,-0.0003863496350473743,100,5.0,0.0010910456345509841,5.140427478429251e-05,0.30350880292348814,9.24858743691461e-05,0.00038292518325365747,0.000668271446061766
T-L,AN,mc_learned_baseline,False,47,156,111072,39936,39936,0,0,31200,55536,222144,262144,1.0500000000000003,1.0410000000000001,1.0403337827739674,9.061547223909727e-06,4.0235244212788514e-09,public_state_tabular_independent_mc,0,0.04381676552084219,6.4038348000030965,True,accepted_return_check_disabled,0.1,1,4.012978877178716e-13,-7.602297664333626e-07,100,5.0,4.39453124999971e-05,2.5401795862890472e-08,0.9648437500000024,0.0006997781926040704,8.211217244121851e-07,4.7369713152274776e-05
T-L,AN,mc_learned_baseline,False,47,157,111784,40192,40192,0,0,31400,55892,223568,262144,1.0359375000000002,1.05,1.0407195057211938,0.00038572294722638567,7.484636330070771e-06,public_state_tabular_independent_mc,0,0.0423742588664153,6.442549399915151,True,accepted_return_check_disabled,0.1,1,1.4533796229746168e-12,-0.0015232103480650838,100,5.0,0.0020791625976562516,2.5954661375420944e-05,0.12365942976719846,0.00019369498136385824,0.0015189124376100128,0.0005528271812552084
T-L,AN,mc_learned_baseline,False,47,158,112496,40448,40448,0,0,31600,56248,224992,262144,1.0453125000000003,1.044,1.0408553063098893,0.000135800588695556,9.482958885164351e-07,public_state_tabular_independent_mc,0,0.04186329259297214,6.4826871999539435,True,accepted_return_check_disabled,0.1,1,6.147131822469322e-12,-0.0001921449392676089,100,5.0,0.0007168579101562492,3.2685808129438613e-06,0.41556962025316535,0.00018963137633839155,0.00019158044185876863,0.0005301746275405165
T-L,AN,mc_learned_baseline,False,47,159,113208,40704,40704,0,0,31800,56604,226416,262144,1.0382812500000003,1.0410000000000001,1.041179423685297,0.00032411737540760654,5.5533049220969324e-06,public_state_tabular_independent_mc,0,0.040637007086355766,6.520222899969667,True,accepted_return_check_disabled,0.1,1,5.233163118793276e-12,-0.00111680747442538,100,5.0,0.0017001342773437526,2.000034148073954e-06,0.17556231905574937,9.784861787127987e-05,0.0011220205791266677,0.0006125142142274559
T-L,AN,mc_learned_baseline,False,47,160,113920,40960,40960,0,0,32000,56960,227840,262144,1.0359375000000002,1.0350000000000001,1.0415687129997129,0.0003892893144159526,8.338937917918145e-06,public_state_tabular_independent_mc,0,0.039151128300277116,6.5623283999739215,True,accepted_return_check_disabled,0.1,1,7.496791741085872e-11,-0.001669451608739342,100,5.0,0.0020544433593750033,8.065989268424189e-06,0.12895631702851096,0.0002824784290727192,0.0016830086451038704,0.0004052677816614046
T-L,AN,mc_learned_baseline,False,47,161,114632,41216,41216,0,0,32200,57316,229264,262144,1.0453125000000003,1.0350000000000001,1.041699901533613,0.00013118853390015062,9.701307233172077e-07,public_state_tabular_independent_mc,0,0.03864708173217912,6.604713200009428,True,accepted_return_check_disabled,0.1,1,3.278140513915712e-11,-0.00019959943894553873,100,5.0,0.0006948852539062502,1.7842680950286456e-05,0.4246835443037972,0.00015790403945529363,0.00019734205933230554,0.0005025317408755062
T-L,AN,mc_learned_baseline,False,47,162,115344,41472,41472,0,0,32400,57672,230688,262144,1.0476562500000002,1.044,1.0417737562395704,7.385470595733246e-05,3.098168663546064e-07,public_state_tabular_independent_mc,0,0.03836277383436582,6.643346900003962,True,accepted_return_check_disabled,0.1,1,3.895400635860349e-12,-6.289940684745017e-05,100,5.0,0.00046757052597695383,6.744587663547348e-05,0.6185693888749846,0.00032197133009523955,6.259288765489232e-05,0.0003292250358233421
T-L,AN,mc_learned_baseline,False,47,163,116056,41728,41728,0,0,32600,58028,232112,262144,1.0429687500000002,1.0320000000000003,1.0419700765222548,0.000196320282684459,2.2364355941430304e-06,public_state_tabular_independent_mc,0,0.03760379679192903,6.68084279994946,True,accepted_return_check_disabled,0.1,1,5.841538768753971e-11,-0.00046021425875742924,100,5.0,0.0010327148437499992,8.085476451965748e-07,0.3085421994884916,5.056579283886132e-05,0.0004556055032648525,0.0005953911992405431
T-L,AN,mc_learned_baseline,False,47,164,116768,41984,41984,0,0,32800,58384,233536,262144,1.0453125000000003,1.044,1.0421051799463332,0.0001351034240784088,1.0789214500802117e-06,public_state_tabular_independent_mc,0,0.037079178446127244,6.718955999938771,True,accepted_return_check_disabled,0.1,1,1.993393550935278e-13,-0.00021723021723588163,100,5.0,0.0007031249999999985,1.074505166311735e-06,0.4212658227848112,0.0001321905212125924,0.00021683642137726035,0.0004998908131995472
T-L,AN,mc_learned_baseline,False,47,165,117480,42240,42240,0,0,33000,58740,234960,262144,1.0453125000000003,1.0410000000000001,1.04224186688232,0.00013668693598667403,1.1228419522359827e-06,public_state_tabular_independent_mc,0,0.03654645727691874,6.7621843999950215,True,accepted_return_check_disabled,0.1,1,1.5982866583300994e-11,-0.00022316471715393607,100,5.0,0.000716857910156249,7.766461735242527e-06,0.41556962025316546,0.00012382456986627868,0.00022418539765577,0.000498684266831341
T-L,AN,mc_learned_baseline,False,47,166,118192,42496,42496,0,0,33200,59096,236384,262144,1.0359375000000002,1.0323000000000002,1.0426152896531686,0.0003734227708487303,8.699589416992265e-06,public_state_tabular_independent_mc,0,0.035080767381448885,6.804556299932301,True,accepted_return_check_disabled,0.1,1,1.7722591506947688e-10,-0.0018016068449782589,100,5.0,0.002054443359374998,0.00012480137469091253,0.12895631702851218,0.00037523673653005454,0.001785351094601757,0.00023756785297783978
T-L,AN,mc_learned_baseline,False,47,167,118904,42752,42752,0,0,33400,59452,237808,262144,1.0453125000000003,1.0323,1.0427498585769754,0.0001345689238068104,1.1612507407218195e-06,public_state_tabular_independent_mc,0,0.03454876584384484,6.844633199973032,True,accepted_return_check_disabled,0.1,1,2.2604540837146758e-11,-0.00022916210286987076,100,5.0,0.0006948852539062503,1.2140405154786818e-05,0.4246835443037974,0.00010626944201183929,0.0002316279767209961,0.00047992330967301324
T-L,AN,mc_learned_baseline,False,47,168,119616,43008,43008,0,0,33600,59808,239232,262144,1.0500000000000003,1.0320000000000003,1.0427555740764132,5.715499437730642e-06,2.108028491717071e-09,public_state_tabular_independent_mc,0,0.03452612445417009,6.883003699942492,True,accepted_return_check_disabled,0.1,1,2.138231454738286e-12,-3.126481953271959e-07,100,5.0,2.4719238281247193e-05,1.3496836997978896e-08,0.9802246093750023,0.0005478273961318605,3.952770495546079e-07,2.873937129418732e-05
T-L,AN,mc_learned_baseline,False,47,169,120328,43264,43264,0,0,33800,60164,240656,262144,1.0359375000000002,1.044,1.0431448805331924,0.00038930645677925924,1.0140111387261285e-05,public_state_tabular_independent_mc,0,0.032974893470701074,6.922556599951349,True,accepted_return_check_disabled,0.1,1,1.5352976725825436e-10,-0.002037551968052432,100,5.0,0.0020352172851562534,1.3884334566342863e-08,0.1330761182317547,0.0005287045102508365,0.0020497863197342526,4.745299407173239e-05
T-L,AN,mc_learned_baseline,False,47,170,121040,43520,43520,0,0,34000,60520,242080,262144,1.0382812500000003,1.0470000000000002,1.0434662913700647,0.00032141083687231564,7.257592347192648e-06,public_state_tabular_independent_mc,0,0.031680284532354726,6.964970799977891,True,accepted_return_check_disabled,0.1,1,9.805710882095046e-11,-0.0014956425146453141,100,5.0,0.0016918945312500008,3.488184479172263e-06,0.1775666246009947,0.0002957042710716618,0.0014862869319867064,0.0002524956805025711
T-L,AN,mc_learned_baseline,False,47,171,121752,43776,43776,0,0,34200,60876,243504,262144,1.0453125000000003,1.0470000000000002,1.0436025768758526,0.0001362855057878143,1.341174091577255e-06,public_state_tabular_independent_mc,0,0.031127602557145362,7.0017537999665365,True,accepted_return_check_disabled,0.1,1,1.1993463848067182e-12,-0.00026979326870337205,100,5.0,0.0008113191064453092,9.951852829923332e-05,0.42481031898734245,7.048358278078641e-05,0.0002696420579062712,0.0004545144269595553
T-L,AN,mc_learned_baseline,False,47,172,122464,44032,44032,0,0,34400,61232,244928,262144,1.0453125000000003,1.044,1.0437366015786762,0.00013402470282364298,1.3262085422542077e-06,public_state_tabular_independent_mc,0,0.03058147989849895,7.04299170000013,True,accepted_return_check_disabled,0.1,1,3.597432799216248e-12,-0.0002660794634717883,100,5.0,0.0006948852539062503,7.764982242016619e-06,0.4246835443037975,6.968752692886035e-05,0.0002662653008974873,0.00044540927534253026
T-L,AN,mc_learned_baseline,False,47,173,123176,44288,44288,0,0,34600,61588,246352,262144,1.0476562500000002,1.044,1.0438030601443802,6.645856570397513e-05,3.3073128666323215e-07,public_state_tabular_independent_mc,1,0.03030975632589936,7.083014699979685,True,accepted_return_check_disabled,0.1,1,7.471047971586067e-12,-6.764827335191672e-05,100,5.0,0.00035400390625000064,2.1407284991562413e-05,0.6155422840019974,0.00021906895132540945,6.702090792447688e-05,0.0002863015437243961
T-L,AN,mc_learned_baseline,False,47,174,123888,44544,44544,0,0,34800,61944,247776,262144,1.0500000000000003,1.05,1.0438059020214348,2.8418770545712846e-06,6.067793367183989e-10,public_state_tabular_independent_mc,0,0.03029812476867101,7.120637099957094,True,accepted_return_check_disabled,0.1,1,2.225646381253709e-11,-1.8096550063320436e-08,100,5.0,2.7465820312496886e-06,7.001933926709747e-06,0.9978027343750002,0.0004885297667876899,7.933076316663597e-08,1.201571747674418e-05
T-L,AN,mc_learned_baseline,False,47,175,124600,44800,44800,0,0,35000,62300,249200,262144,1.0453125000000003,1.038,1.0439421123356651,0.00013621031423038943,1.4146352045276064e-06,public_state_tabular_independent_mc,0,0.029739329169533275,7.156945499940775,True,accepted_return_check_disabled,0.1,1,3.752471372609587e-11,-0.0002792526310205037,100,5.0,0.0007031249999999985,5.439930437032499e-06,0.42126582278481106,6.13414728389764e-05,0.00028211642134879007,0.0004389973677126778
T-L,AN,mc_learned_baseline,False,47,176,125312,45056,45056,0,0,35200,62656,250624,262144,1.0453125000000003,1.0320000000000003,1.044078020536796,0.00013590820113096314,1.43972912885849e-06,public_state_tabular_independent_mc,0,0.029179196551675387,7.1942782999249175,True,accepted_return_check_disabled,0.1,1,1.822154719242844e-11,-0.000285384652327672,100,5.0,0.0007031249999999987,5.898144196956803e-06,0.4212658227848112,5.767231980832236e-05,0.0002880928313973331,0.0004327521810129835
T-L,AN,mc_learned_baseline,False,47,177,126024,45312,45312,0,0,35400,63012,252048,262144,1.0382812500000003,1.0470000000000002,1.0444069060416246,0.0003288855048284578,8.817214184123466e-06,public_state_tabular_independent_mc,0,0.027812688378635046,7.234118399908766,True,accepted_return_check_disabled,0.1,1,1.6027903762305676e-10,-0.0017663891096021973,100,5.0,0.0017138671875000016,6.326292708716503e-07,0.17222180981367397,0.0004896302476863462,0.001782262011060098,-9.117561499543151e-06
T-L,AN,mc_learned_baseline,False,47,178,126736,45568,45568,0,0,35600,63368,253472,262144,1.0476562500000002,1.044,1.0444762230874491,6.931704582457954e-05,4.0227879020128513e-07,public_state_tabular_independent_mc,0,0.027522619088065903,7.273487199912779,True,accepted_return_check_disabled,0.1,1,4.899161042331354e-12,-7.96126870242804e-05,100,5.0,0.0003515624999999993,3.214139038269687e-07,0.617945729981689,0.00017085578126332655,8.023216638160512e-05,0.00028559075891517393
T-L,AN,mc_learned_baseline,False,47,179,127448,45824,45824,0,0,35800,63724,254896,262144,1.0453125000000003,1.0470000000000002,1.0446089907572254,0.00013276766977621257,1.505750770326685e-06,public_state_tabular_independent_mc,0,0.02696495994564272,7.310668099904433,True,accepted_return_check_disabled,0.1,1,3.993596998907343e-11,-0.0003099708510276196,100,5.0,0.0006948852539062501,4.705580345452495e-06,0.42468354430379696,4.716691271685902e-05,0.00030681091080572286,0.00040419283585524173
T-L,AN,mc_learned_baseline,False,47,180,128160,46080,46080,0,0,36000,64080,256320,262144,1.0453125000000003,1.0410000000000001,1.0447423215123852,0.00013333075515986614,1.5560866897580076e-06,public_state_tabular_independent_mc,0,0.026402138595900418,7.346992400009185,True,accepted_return_check_disabled,0.1,1,1.945839575941131e-11,-0.0003186026608568166,100,5.0,0.000692138671875,1.8158028696259502e-07,0.42582278481012714,4.459563971029933e-05,0.000316119983363842,0.00039700690843033604
T-L,AN,mc_learned_baseline,False,47,181,128872,46336,46336,0,0,36200,64436,257744,262144,1.0429687500000004,1.0470000000000002,1.0449399906187251,0.00019766910633989276,3.5365598853146725e-06,public_state_tabular_independent_mc,0,0.025562409347894815,7.385081399930641,True,accepted_return_check_disabled,0.1,1,7.615694771712037e-11,-0.0007298905623624533,100,5.0,0.001040954589843751,3.923010518369924e-06,0.3057800511508957,8.961738883784715e-05,0.0007233324985217427,0.0003421679040711621
T-L,AN,mc_learned_baseline,False,47,182,129584,46592,46592,0,0,36400,64792,259168,262144,1.0476562500000002,1.05,1.0450085686083996,6.857798967452311e-05,4.349319983154174e-07,public_state_tabular_independent_mc,0,0.025269553651912555,7.422210699995048,True,accepted_return_check_disabled,0.1,1,2.818660361106172e-12,-8.633464852085416e-05,100,5.0,0.00034881591796874983,3.3938565848135547e-06,0.619443982020976,0.00014165202333771737,8.694516962335613e-05,0.00027554429160307607
T-L,AN,mc_learned_baseline,False,47,183,130296,46848,46848,0,0,36600,65148,260592,262144,1.0476562500000002,1.0470000000000002,1.045076535252854,6.796664445429812e-05,4.3315649564642006e-07,public_state_tabular_independent_mc,1,0.02497849223757152,7.458082899916917,True,accepted_return_check_disabled,0.1,1,2.4118714957942506e-12,-8.604167684811447e-05,100,5.0,0.00035400390625000064,1.4394590191056088e-05,0.6155422840019977,0.000139411911285854,8.662476831676954e-05,0.00027271339196803925
T-L,AN,mc_learned_baseline,False,47,184,131008,47104,47104,0,0,36800,65504,262016,262144,1.0453125000000003,1.0470000000000002,1.045212098092851,0.00013556283999704988,1.7627846740412852e-06,public_state_tabular_independent_mc,0,0.024395595221891365,7.493145899963565,True,accepted_return_check_disabled,0.1,1,3.257569383333454e-11,-0.00034937757404874555,100,5.0,0.0006948852539062505,3.04578165677908e-06,0.4246835443037976,3.951444194746077e-05,0.00035284136443303524,0.00036758410699519
T-L,AN,mc_learned_baseline,False,47,185,131720,47360,47360,0,0,37000,65860,263440,262144,1.0382812500000003,1.05,1.0455354490404904,0.0003233509476394669,1.0601454637881606e-05,public_state_tabular_independent_mc,0,0.022991784953672937,7.530928599997424,True,accepted_return_check_disabled,0.1,1,2.3514837810546982e-11,-0.0021633077299267594,100,5.0,0.0016918945312500006,1.107748250382316e-05,0.1775666246009947,0.0008017798021061538,0.0021646180995861307,-0.0004047298463825471
T-L,AN,mc_learned_baseline,False,47,186,132432,47616,47616,0,0,37200,66216,264864,262144,1.0476562500000002,1.0410000000000001,1.0456026538613392,6.720482084876522e-05,4.735327423957685e-07,public_state_tabular_independent_mc,1,0.022697520554376214,7.574604599969462,True,accepted_return_check_disabled,0.1,1,9.869208278294465e-12,-9.680972524652047e-05,100,5.0,0.00035400390625000064,1.1963713212485478e-05,0.6155422840019975,0.00011101373300419218,9.60743443824707e-05,0.0002619897390920155
T-L,AN,mc_learned_baseline,False,47,187,133144,47872,47872,0,0,37400,66572,266288,262144,1.0453125000000003,1.05,1.0457355978242182,0.00013294396287899524,1.9003714483629066e-06,public_state_tabular_independent_mc,0,0.022112834478177763,7.614106599939987,True,accepted_return_check_disabled,0.1,1,4.233891774103524e-11,-0.0003915028646708,100,5.0,0.0007031249999999985,1.2976124428376649e-05,0.42126582278481106,4.17280158470792e-05,0.00038775100202758565,0.0003262673667356325
T-L,AN,mc_learned_baseline,False,47,188,133856,48128,48128,0,0,37600,66928,267712,262144,1.0476562500000002,1.0410000000000001,1.0458031099754552,6.75121512370147e-05,5.003747337346234e-07,public_state_tabular_independent_mc,0,0.021814556375200574,7.652123000007123,True,accepted_return_check_disabled,0.1,1,1.492775762456834e-11,-0.00010287943964404001,100,5.0,0.00034881591796875,1.6400173095300933e-06,0.6194439820209758,9.962435687311342e-05,0.0001017309188906791,0.00025844300536557454
T-L,AN,mc_learned_baseline,False,47,189,134568,48384,48384,0,0,37800,67284,269136,262144,1.0500000000000003,1.044,1.0458063770925896,3.2671171343867655e-06,1.1786031087632362e-09,public_state_tabular_independent_mc,0,0.021800098155477305,7.6887091000098735,True,accepted_return_check_disabled,0.1,1,7.00250060596738e-13,-1.769711115533527e-07,100,5.0,2.4719238281247193e-05,4.351740402647078e-06,0.9802246093750023,0.00033646024849201143,2.244262678981493e-07,1.65583027821275e-05
T-L,AN,mc_learned_baseline,False,47,190,135280,48640,48640,0,0,38000,67640,270560,262144,1.0476562500000002,1.0470000000000002,1.0458740358062704,6.76587136807516e-05,5.111284887503196e-07,public_state_tabular_independent_mc,0,0.021500186611151904,7.73179629992228,True,accepted_return_check_disabled,0.1,1,9.192014019202023e-12,-0.0001046648951033319,100,5.0,0.00034881591796875005,1.5146541268689121e-06,0.6194439820209758,9.587571237589464e-05,0.00010367482541443493,0.00025689838996215234
T-L,AN,mc_learned_baseline,False,47,191,135992,48896,48896,0,0,38200,67996,271984,262144,1.0429687500000004,1.0410000000000001,1.0460725368809098,0.00019850107463947886,4.5719014815226235e-06,public_state_tabular_independent_mc,1,0.02061467682599162,7.766336999949999,True,accepted_return_check_disabled,0.1,1,9.264652580255444e-11,-0.0009469932790119983,100,5.0,0.0010620117187500019,1.5525729786673087e-05,0.29770460358056194,0.0002101457683621297,0.0009384414680255244,0.0001375635164268769
T-L,AN,mc_learned_baseline,False,47,192,136704,49152,49152,0,0,38400,68352,273408,262144,1.0453125000000003,1.044,1.0462080254432475,0.00013548856233769335,2.216637405907786e-06,public_state_tabular_independent_mc,0,0.02000531421183002,7.8050138999242336,True,accepted_return_check_disabled,0.1,1,3.649132857936662e-11,-0.00044084884221639686,100,5.0,0.0006921386718749999,3.91301961355703e-07,0.42582278481012703,5.4914310977951245e-05,0.00044501005800301496,0.00027791070085037234
T-L,AN,mc_learned_baseline,False,47,193,137416,49408,49408,0,0,38600,68708,274832,262144,1.0500000000000003,1.05,1.0462109651547378,2.9397114902351973e-06,1.0563132965594955e-09,public_state_tabular_independent_mc,0,0.019992046785132257,7.841240599984303,True,accepted_return_check_disabled,0.1,1,5.289147509616925e-13,-1.5919712184415458e-07,100,5.0,2.4719238281247193e-05,5.627201848513659e-06,0.9802246093750023,0.0003077098047639375,2.0196493085165577e-07,1.4929858344274718e-05
T-L,AN,mc_learned_baseline,False,47,194,138128,49664,49664,0,0,38800,69064,276256,262144,1.0476562500000002,1.05,1.046280669331976,6.970417723817235e-05,6.015099701471676e-07,public_state_tabular_independent_mc,0,0.019676876056024528,7.879114999901503,True,accepted_return_check_disabled,0.1,1,4.3297024101689e-12,-0.00011937685861498879,100,5.0,0.0003735351562499976,1.6253430977313545e-05,0.6059597136673893,7.349357580102285e-05,0.00012041796276146817,0.00024892488040316246
T-L,AN,mc_learned_baseline,False,47,195,138840,49920,49920,0,0,39000,69420,277680,262144,1.0500000000000003,1.0470000000000002,1.0462823176975928,1.6483656168908567e-06,3.385628960156038e-10,public_state_tabular_independent_mc,0,0.0196694092394843,7.920257699908689,True,accepted_return_check_disabled,0.1,1,9.645657968219037e-12,-1.0574188935128461e-08,100,5.0,2.7465820312496886e-06,8.047941519426007e-07,0.9978027343750002,0.0003100047952367285,4.678803168329484e-08,7.165907997908466e-06
T-L,AN,mc_learned_baseline,False,47,196,139552,50176,50176,0,0,39200,69776,279104,262144,1.0500000000000003,1.0470000000000002,1.0462839652626752,1.6475650823633003e-06,3.383849824156957e-10,public_state_tabular_independent_mc,0,0.019661945414482424,7.956678299931809,True,accepted_return_check_disabled,0.1,1,9.63751134269657e-12,-1.0569257655818807e-08,100,5.0,2.7465820312496886e-06,8.027145257271774e-07,0.9978027343750002,0.00030988388156031097,4.676648391038786e-08,7.162660816547717e-06
T-L,AN,mc_learned_baseline,False,47,197,140264,50432,50432,0,0,39400,70132,280528,262144,1.0476562500000002,1.044,1.0463528494449745,6.888418229933357e-05,5.991099479671977e-07,public_state_tabular_independent_mc,0,0.01934931336090318,8.001745699904859,True,accepted_return_check_disabled,0.1,1,9.141912893238142e-13,-0.00011956204260757042,100,5.0,0.0003515624999999994,5.973693116930118e-07,0.6179457299816888,7.165625571298466e-05,0.00012029453362572218,0.0002452661832472407
T-L,AN,mc_learned_baseline,False,47,198,140976,50688,50688,0,0,39600,70488,281952,262144,1.0406250000000004,1.044,1.0466181448358154,0.0002652953908408584,9.40761824279323e-06,public_state_tabular_independent_mc,0,0.01813447936124475,8.044725199928507,True,accepted_return_check_disabled,0.1,1,1.3404514166767837e-10,-0.0018991287905138032,100,5.0,0.0013870239257812507,7.12784811934507e-07,0.22549862448418134,0.0007823761283652984,0.00191583994681144,-0.00047064497166994924
T-L,AN,mc_learned_baseline,False,47,199,141688,50944,50944,0,0,39800,70844,283376,262144,1.0476562500000002,1.0470000000000002,1.0466867795238728,6.86346880574007e-05,6.549272121454963e-07,public_state_tabular_independent_mc,0,0.0178172850925819,8.085336099960841,True,accepted_return_check_disabled,0.1,1,2.4264144661094306e-12,-0.00013315180041504333,100,5.0,0.0003735351562499977,1.8657271945562173e-05,0.6059597136673894,5.837022540254861e-05,0.00013242549890331114,0.00023332095359843713
T-L,AN,mc_learned_baseline,False,47,200,142400,51200,51200,0,0,40000,71200,284800,262144,1.0476562500000002,1.0470000000000002,1.0467547758468079,6.799632293508218e-05,6.56514818976677e-07,public_state_tabular_independent_mc,1,0.017501796613146946,8.123151000007056,True,accepted_return_check_disabled,0.1,1,4.8631166128953516e-14,-0.00013268222906099545,100,5.0,0.00035400390625000064,7.617879521548373e-06,0.6155422840019977,5.702245270673454e-05,0.00013231715688421936,0.00022947211205983435
T-L,AN,mc_learned_baseline,False,47,201,143112,51456,51456,0,0,40200,71556,286224,262144,1.0476562500000002,1.05,1.0468237555182087,6.897967140084837e-05,6.902218670528538e-07,public_state_tabular_independent_mc,0,0.017180486910840967,8.16183060000185,True,accepted_return_check_disabled,0.1,1,1.2106643173088209e-11,-0.00013709710604459466,100,5.0,0.0003515624999999994,1.2192967215080849e-06,0.6179457299816888,5.372740744952613e-05,0.00013789988065512915,0.00022761656646945184
T-L,AN,mc_learned_baseline,False,47,202,143824,51712,51712,0,0,40400,71912,287648,262144,1.0476562500000002,1.05,1.046892929822456,6.917430424735471e-05,7.096898898668211e-07,public_state_tabular_independent_mc,0,0.016856949974036507,8.19930839992594,True,accepted_return_check_disabled,0.1,1,1.9076421880532326e-11,-0.0001401166763661548,100,5.0,0.00035156249999999944,1.3290331782142606e-06,0.6179457299816888,5.135934132261548e-05,0.00014153028865535055,0.00022475190811175992
T-L,AN,mc_learned_baseline,False,47,203,144536,51968,51968,0,0,40600,72268,289072,262144,1.0453125000000003,1.044,1.047028057245948,0.00013512742349197637,2.8119215925851076e-06,public_state_tabular_independent_mc,0,0.016221006552000226,8.234500099904835,True,accepted_return_check_disabled,0.1,1,3.98493980396539e-11,-0.0005616513437054581,100,5.0,0.000692138671875,1.4457475580460882e-06,0.42582278481012703,0.00011277856620633389,0.000566716347309915,0.00015808016425795707
T-L,AN,mc_learned_baseline,False,47,204,145248,52224,52224,0,0,40800,72624,290496,262144,1.0500000000000003,1.05,1.0470293416088108,1.2843628627301484e-06,2.579636861699161e-10,public_state_tabular_independent_mc,0,0.01621493644129525,8.276093399967067,True,accepted_return_check_disabled,0.1,1,6.025291655995962e-12,-8.348136498041323e-09,100,5.0,2.7465820312496886e-06,1.4054608918812607e-07,0.9978027343750002,0.0002548929385976058,3.7031790669548075e-08,5.690813937699258e-06
T-L,AN,mc_learned_baseline,False,47,205,145960,52480,52480,0,0,41000,72980,291920,262144,1.0476562500000002,1.05,1.0470975415452277,6.8199936416935e-05,7.390830556317114e-07,public_state_tabular_independent_mc,0,0.01589190346359627,8.31497089995537,True,accepted_return_check_disabled,0.1,1,3.3541254533262958e-12,-0.00014999212190104486,100,5.0,0.0003515624999999994,1.6843136977620983e-06,0.6179457299816888,4.6098100490704426e-05,0.00014964986506700437,0.0002143878979392096
T-L,AN,mc_learned_baseline,False,47,206,146672,52736,52736,0,0,41200,73336,293344,262144,1.0500000000000003,1.0470000000000002,1.0470987919548855,1.2504096578158652e-06,2.5047741292828243e-10,public_state_tabular_independent_mc,0,0.01588596772397197,8.358353499905206,True,accepted_return_check_disabled,0.1,1,5.699107855334229e-12,-8.142184406718687e-09,100,5.0,2.7465820312496886e-06,1.0717115904602189e-07,0.9978027343750002,0.00024973934881989345,3.6126171077908886e-08,5.55339206692101e-06
T-L,AN,mc_learned_baseline,False,47,207,147384,52992,52992,0,0,41400,73692,294768,262144,1.0500000000000003,1.05,1.0471000417533483,1.2497984627213299e-06,2.5034269204356627e-10,public_state_tabular_independent_mc,0,0.01588003441022989,8.397852399968542,True,accepted_return_check_disabled,0.1,1,5.69329622441736e-12,-8.138479735677817e-09,100,5.0,2.7465820312496886e-06,1.0661478179458649e-07,0.9978027343750002,0.0002496465609168823,3.6109876118248695e-08,5.5509186416207505e-06
T-L,AN,mc_learned_baseline,False,47,208,148096,53248,53248,0,0,41600,74048,296192,262144,1.0500000000000003,1.0470000000000002,1.0471012909409079,1.24918755961545e-06,2.5020808764259805e-10,public_state_tabular_independent_mc,0,0.015874103521462415,8.4503247999819,True,accepted_return_check_disabled,0.1,1,5.687406443649526e-12,-8.134776930363512e-09,100,5.0,2.7465820312496886e-06,1.060602388761945e-07,0.9978027343750002,0.00024955381673916774,3.609358920058276e-08,5.548446409771176e-06
T-L,AN,mc_learned_baseline,False,47,209,148808,53504,53504,0,0,41800,74404,297616,262144,1.0476562500000002,1.05,1.0471690104007123,6.771945980443839e-05,7.473895928120366e-07,public_state_tabular_independent_mc,0,0.01555186806398439,8.50338849995751,True,accepted_return_check_disabled,0.1,1,1.4820994093202633e-11,-0.00015332117595714495,100,5.0,0.00034881591796874994,1.0534926934578145e-07,0.619443982020976,4.466971817391344e-05,0.00015206301988249447,0.0002103373734643683
T-L,AN,mc_learned_baseline,False,47,210,149520,53760,53760,0,0,42000,74760,299040,262144,1.0453125000000003,1.05,1.0473017664213,0.00013275602058770986,2.9919115130407248e-06,public_state_tabular_independent_mc,0,0.014915971135777679,8.548309999983758,True,accepted_return_check_disabled,0.1,1,5.559875917030569e-11,-0.0006187064034431574,100,5.0,0.0006921386718750002,1.951945638384857e-06,0.4258227848101269,0.00014426839390891896,0.0006137575642396986,0.00010557691561407221
T-L,AN,mc_learned_baseline,False,47,211,150232,54016,54016,0,0,42200,75116,300464,262144,1.0500000000000003,1.0470000000000002,1.0473029169160128,1.1504947128315735e-06,2.284821262495762e-10,public_state_tabular_independent_mc,0,0.014910435404170802,8.591510799946263,True,accepted_return_check_disabled,0.1,1,4.75564370480743e-12,-7.537841629760145e-09,100,5.0,2.7465820312496886e-06,3.702629732992637e-08,0.9978027343750002,0.0002345630261447038,3.346579602478646e-08,5.1492102878259735e-06
T-L,AN,mc_learned_baseline,False,47,212,150944,54272,54272,0,0,42400,75472,301888,262144,1.0453125000000003,1.0470000000000002,1.04743696751882,0.0001340506028071342,3.2127090485278463e-06,public_state_tabular_independent_mc,1,0.014262387411792572,8.63133179990109,True,accepted_return_check_disabled,0.1,1,1.1252263326893808e-11,-0.0006600344602017251,100,5.0,0.0007080078125000013,8.327087848576063e-06,0.418006329113924,0.00017041695418252984,0.0006564955408286319,6.920738558594431e-05
T-L,AN,mc_learned_baseline,False,47,213,151656,54528,54528,0,0,42600,75828,303312,262144,1.0453125000000003,1.0470000000000002,1.0475718520532467,0.00013488453442667137,3.4350255335951816e-06,public_state_tabular_independent_mc,0,0.01360401761818127,8.669015999999829,True,accepted_return_check_disabled,0.1,1,4.285231461979638e-11,-0.0006915747344825518,100,5.0,0.0006948852539062501,1.3864509027486645e-08,0.4246835443037972,0.00019696441354942828,0.0006950029984438051,3.241101803570486e-05
T-L,AN,mc_learned_baseline,False,47,214,152368,54784,54784,0,0,42800,76184,304736,262144,1.0453125000000003,1.0353,1.0477063207795967,0.00013446872635003437,3.6171543006693022e-06,public_state_tabular_independent_mc,0,0.012941007805710175,8.709550899919122,True,accepted_return_check_disabled,0.1,1,4.444753601567903e-11,-0.0007263683926813943,100,5.0,0.000692138671875,2.827336128940833e-06,0.42582278481012703,0.00022536178396808689,0.0007326628292863888,-6.320196657358889e-06
T-L,AN,mc_learned_baseline,False,47,215,153080,55040,55040,0,0,43000,76540,306160,262144,1.0476562500000002,1.0470000000000002,1.0477737995286283,6.74787490315687e-05,9.48395238236609e-07,public_state_tabular_independent_mc,0,0.012605658461986986,8.747243199963123,True,accepted_return_check_disabled,0.1,1,2.262476865222001e-11,-0.00019545106207824963,100,5.0,0.00035980224609374835,1.1777477358737106e-05,0.613450973863827,3.978727239517767e-05,0.00019356848639317948,0.0001689332638042368
T-L,AN,mc_learned_baseline,False,47,216,153792,55296,55296,0,0,43200,76896,307584,262144,1.0476562500000002,1.05,1.0478416041691843,6.780464055600177e-05,9.885980043011578e-07,public_state_tabular_independent_mc,1,0.012266823332091508,8.784639699966647,True,accepted_return_check_disabled,0.1,1,8.085541839206777e-12,-0.00020242335824600791,100,5.0,0.00035400390625000064,4.731394322294212e-06,0.6155422840019975,4.084198339368267e-05,0.00020103237400364362,0.000162692097397018
T-L,AN,mc_learned_baseline,False,47,217,154504,55552,55552,0,0,43400,77252,309008,262144,1.0500000000000003,1.0470000000000002,1.0478424895947556,8.854255713064418e-07,1.7042115887568038e-10,public_state_tabular_independent_mc,0,0.012262386265911878,8.824751199921593,True,accepted_return_check_disabled,0.1,1,2.4231544085128593e-12,-5.947359152499838e-09,100,5.0,2.7465820312496886e-06,5.244544960069498e-08,0.9978027343750002,0.00019424061944419655,2.6443261811972015e-08,4.078822113832422e-06
T-L,AN,mc_learned_baseline,False,47,218,155216,55808,55808,0,0,43600,77608,310432,262144,1.0500000000000003,1.05,1.0478423253154334,-1.642793221456884e-07,5.8671335692949655e-12,public_state_tabular_independent_mc,1,0.01226320953119957,8.865612599998713,True,accepted_return_check_disabled,0.1,1,1.575261280548873e-13,1.5894477362913194e-09,100,5.0,2.465190328815662e-32,2.0976510606934483e-06,1.0,0.00019925914996764233,1.5894477362920765e-09,-1.0078585145281786e-06
T-L,AN,mc_learned_baseline,False,47,219,155928,56064,56064,0,0,43800,77964,311856,262144,1.0500000000000003,1.05,1.0478432103858926,8.850704591445435e-07,1.7034371973495335e-10,public_state_tabular_independent_mc,0,0.012258773977913301,8.905105999903753,True,accepted_return_check_disabled,0.1,1,2.4202617098054198e-12,-5.945241336133475e-09,100,5.0,2.7465820312496886e-06,5.2660958398802174e-08,0.9978027343750002,0.00019418654559549101,2.6433890431478042e-08,4.077390295057978e-06
T-L,AN,mc_learned_baseline,False,47,220,156640,56320,56320,0,0,44000,78320,313280,262144,1.0476562500000002,1.0470000000000002,1.0479115910254135,6.838063952097073e-05,1.0400960378868684e-06,public_state_tabular_independent_mc,1,0.011915068946757201,8.944958699983545,True,accepted_return_check_disabled,0.1,1,3.3321789755189907e-12,-0.00020939948809412646,100,5.0,0.00035400390625000064,4.587320482218067e-06,0.6155422840019977,4.246869681036058e-05,0.0002096246469607214,0.00015572711563609543
T-L,AN,mc_learned_baseline,False,47,221,157352,56576,56576,0,0,44200,78676,314704,262144,1.0476562500000002,1.05,1.047980312898944,6.8721873530464e-05,1.0872302960266794e-06,public_state_tabular_independent_mc,0,0.01156762203520485,8.983592899981886,True,accepted_return_check_disabled,0.1,1,2.3341937211735215e-11,-0.0002162180361383511,100,5.0,0.0003488159179687501,7.641400986333073e-08,0.6194439820209758,4.452654436998857e-05,0.00021796187755350496,0.00014840518857242972
T-L,AN,mc_learned_baseline,False,47,222,158064,56832,56832,0,0,44400,79032,316128,262144,1.0476562500000002,1.0470000000000002,1.048048865692634,6.855279368989109e-05,1.1212616006571087e-06,public_state_tabular_independent_mc,0,0.011218918264197996,9.025236399960704,True,accepted_return_check_disabled,0.1,1,1.4067832571603428e-11,-0.00022336112549822189,100,5.0,0.00035156249999999934,3.877690702937606e-06,0.617945729981689,4.691712728058085e-05,0.00022537287861373623,0.00014071759517402958
T-L,AN,mc_learned_baseline,False,47,223,158776,57088,57088,0,0,44600,79388,317552,262144,1.0453125000000003,1.0470000000000002,1.0481818003686951,0.000132934676061236,4.483019772094322e-06,public_state_tabular_independent_mc,0,0.010536410557212812,9.06407439999748,True,accepted_return_check_disabled,0.1,1,6.973943089649198e-11,-0.0009061013644052964,100,5.0,0.0006948852539062496,1.3503433258429522e-05,0.42468354430379784,0.00037095805198719125,0.0009117590474880137,-0.00018861226044959386
T-L,AN,mc_learned_baseline,False,47,224,159488,57344,57344,0,0,44800,79744,318976,262144,1.0500000000000003,1.044,1.048182517939483,7.175707879003568e-07,1.339538903623948e-10,public_state_tabular_independent_mc,0,0.010532702937325184,9.101104900008067,True,accepted_return_check_disabled,0.1,1,1.1671576562400348e-12,-4.950290863015619e-09,100,5.0,2.7465820312496886e-06,2.1185442878407712e-07,0.9978027343750002,0.0001686728240830265,2.2025147064811276e-08,3.4027992760863315e-06
T-L,AN,mc_learned_baseline,False,47,225,160200,57600,57600,0,0,45000,80100,320400,262144,1.0476562500000002,1.0470000000000002,1.0482497788263772,6.726088689412713e-05,1.2087335636876123e-06,public_state_tabular_independent_mc,0,0.010184006964784671,9.137708299909718,True,accepted_return_check_disabled,0.1,1,2.410712590862503e-11,-0.0002495186646041424,100,5.0,0.00035156249999999944,4.460650981155971e-06,0.6179457299816888,5.6472318843786874e-05,0.0002472250162464209,0.00011554781648962246
T-L,AN,mc_learned_baseline,False,47,226,160912,57856,57856,0,0,45200,80456,321824,262144,1.0453125000000003,1.05,1.0483820124323295,0.00013223360595238098,5.003543488313695e-06,public_state_tabular_independent_mc,0,0.009491467066573637,9.176150699961,True,accepted_return_check_disabled,0.1,1,3.2442874473940064e-11,-0.0010378049295142562,100,5.0,0.0006948852539062501,2.594987145797213e-07,0.42468354430379707,0.0004737875598752553,0.0010343932448391435,-0.0003069709538591083
T-L,AN,mc_learned_baseline,False,47,227,161624,58112,58112,0,0,45400,80812,323248,262144,1.0500000000000003,1.0470000000000002,1.0483826308976378,6.184653082996761e-07,1.125938416806007e-10,public_state_tabular_independent_mc,0,0.00948820522668805,9.215129199903458,True,accepted_return_check_disabled,0.1,1,5.71148034205056e-13,-4.3653811913541706e-09,100,5.0,2.7465820312496886e-06,3.5976783254732026e-07,0.9978027343750002,0.00015356827170917315,1.9427665701721662e-08,3.0044119168700545e-06
T-L,AN,mc_learned_baseline,False,47,228,162336,58368,58368,0,0,45600,81168,324672,262144,1.0500000000000003,1.0470000000000002,1.0483835445969913,9.136993535108218e-07,2.458803696789282e-10,public_state_tabular_independent_mc,0,0.009483385896994304,9.262163499952294,True,accepted_return_check_disabled,0.1,1,2.3890779520848096e-13,-2.7173851870714325e-08,100,5.0,1.0986328124998754e-05,5.074466153104562e-06,0.991210937500001,0.00015191047040671033,4.61669263793598e-08,4.614258473340092e-06
T-L,AN,mc_learned_baseline,False,47,229,163048,58624,58624,0,0,45800,81524,326096,262144,1.0500000000000003,1.05,1.048384162302985,6.177059936884888e-07,1.1243085493619207e-10,public_state_tabular_independent_mc,0,0.009480127521302473,9.310668499907479,True,accepted_return_check_disabled,0.1,1,5.671172165922192e-13,-4.360910400650263e-09,100,5.0,2.7465820312496886e-06,3.6105432347256903e-07,0.9978027343750002,0.00015345251980436662,1.9407795438044288e-08,3.0013616481872154e-06
T-L,AN,mc_learned_baseline,False,47,230,163760,58880,58880,0,0,46000,81880,327520,262144,1.0500000000000003,1.05,1.0483847797028507,6.173998656766599e-07,1.1236518562186156e-10,public_state_tabular_independent_mc,0,0.009476870542467946,9.358424399979413,True,accepted_return_check_disabled,0.1,1,5.655224188354158e-13,-4.359107984060841e-09,100,5.0,2.7465820312496886e-06,3.6157364787895907e-07,0.9978027343750002,0.00015340585268820782,1.9399784594347106e-08,3.0001318983190677e-06
T-L,AN,mc_learned_baseline,False,47,231,164472,59136,59136,0,0,46200,82236,328944,262144,1.0453125000000003,1.05,1.0485163081364184,0.00013152843356767363,5.416657529471986e-06,public_state_tabular_independent_mc,0,0.008777893170196982,9.40047929994762,True,accepted_return_check_disabled,0.1,1,4.775409904471905e-11,-0.0011315833964835164,100,5.0,0.0006948852539062501,3.64273201799134e-07,0.42468354430379707,0.000553364530712453,0.0011235186938698691,-0.0003970064196561553
T-L,AN,mc_learned_baseline,False,47,232,165184,59392,59392,0,0,46400,82592,330368,262144,1.0476562500000002,1.0470000000000002,1.0485835072097895,6.719907337116027e-05,1.5069286604622383e-06,public_state_tabular_independent_mc,0,0.008416650192226486,9.439264499931596,True,accepted_return_check_disabled,0.1,1,2.7899245824942933e-11,-0.00031161730609370586,100,5.0,0.0003488159179687499,4.826627968466153e-07,0.619443982020976,9.110567830158774e-05,0.00030914501570637667,5.504449673428264e-05
T-L,AN,mc_learned_baseline,False,47,233,165896,59648,59648,0,0,46600,82948,331792,262144,1.0500000000000003,1.05,1.0485840257189016,5.185091120907259e-07,9.125035451649828e-11,public_state_tabular_independent_mc,0,0.008413851435500743,9.478938599932007,True,accepted_return_check_disabled,0.1,1,1.471983339686411e-13,-3.778124858927653e-09,100,5.0,2.7465820312496886e-06,5.490997996173705e-07,0.9978027343750002,0.0001383247463945505,1.6815506030905563e-08,2.603072674213388e-06
T-L,AN,mc_learned_baseline,False,47,234,166608,59904,59904,0,0,46800,83304,333216,262144,1.0500000000000003,1.05,1.0485839783867394,-4.733216218966163e-08,7.605054524976411e-13,public_state_tabular_independent_mc,1,0.008414106927688389,9.516257399925962,True,accepted_return_check_disabled,0.1,1,3.666989277736175e-12,1.5533608487138803e-09,100,5.0,2.465190328815662e-32,8.566050279124343e-07,1.0,0.00014168517776792485,1.5533608487144844e-09,-7.976729604277464e-07
T-L,AN,mc_learned_baseline,False,47,235,167320,60160,60160,0,0,47000,83660,334640,262144,1.0500000000000003,1.044,1.0485844966619193,5.18275179883787e-07,9.12007181886311e-11,public_state_tabular_independent_mc,0,0.008411309272343978,9.565756700001657,True,accepted_return_check_disabled,0.1,1,1.4652603956830607e-13,-3.776753258797748e-09,100,5.0,2.7465820312496886e-06,5.495901158083427e-07,0.9978027343750002,0.00013828905120106622,1.6809400039197022e-08,2.6021337100155135e-06
T-L,AN,mc_learned_baseline,False,47,236,168032,60416,60416,0,0,47200,84016,336064,262144,1.0500000000000003,1.05,1.0485850146797824,5.180178630492804e-07,9.114609661469446e-11,public_state_tabular_independent_mc,0,0.008408512828577635,9.61455759999808,True,accepted_return_check_disabled,0.1,1,1.457230015471608e-13,-3.775244564177448e-09,100,5.0,2.7465820312496886e-06,5.501296997669752e-07,0.9978027343750002,0.00013824978769548475,1.680268371295269e-08,2.601100885658572e-06
T-L,AN,mc_learned_baseline,False,47,237,168744,60672,60672,0,0,47400,84372,337488,262144,1.0500000000000003,1.05,1.0485857944931765,7.798133940806196e-07,2.0666129787373437e-10,public_state_tabular_independent_mc,0,0.008404302785229864,9.653490099939518,True,accepted_return_check_disabled,0.1,1,6.104279506609116e-14,-2.3501185188406904e-08,100,5.0,1.0986328124998754e-05,5.739185578767259e-06,0.991210937500001,0.00013681559936343148,3.993169199297315e-08,3.995012611822703e-06
T-L,AN,mc_learned_baseline,False,47,238,169456,60928,60928,0,0,47600,84728,338912,262144,1.0500000000000003,1.05,1.0485857472915192,-4.720165724947378e-08,7.572738615363162e-13,public_state_tabular_independent_mc,1,0.008404557628175767,9.692102400003932,True,accepted_return_check_disabled,0.1,1,3.675759912904554e-12,1.5538843151316314e-09,100,5.0,2.465190328815662e-32,8.543021499209002e-07,1.0,0.0001415472515274418,1.5538843151322528e-09,-7.972716556423427e-07
T-L,AN,mc_learned_baseline,False,47,239,170168,61184,61184,0,0,47800,85084,340336,262144,1.0500000000000003,1.0470000000000002,1.0485862646884583,5.173969390703803e-07,9.101433947290545e-11,public_state_tabular_independent_mc,0,0.008401764108469696,9.728447799920104,True,accepted_return_check_disabled,0.1,1,1.4379484955072595e-13,-3.771604030303484e-09,100,5.0,2.7465820312496886e-06,5.51432854871165e-07,0.9978027343750002,0.00013815504130980567,1.6786476861805892e-08,2.598608606621337e-06
T-L,AN,mc_learned_baseline,False,47,240,170880,61440,61440,0,0,48000,85440,341760,262144,1.0476562500000002,1.0470000000000002,1.0486538346608312,6.756997237289397e-05,1.6081898983239457e-06,public_state_tabular_independent_mc,1,0.008035382986837232,9.77199609996751,True,accepted_return_check_disabled,0.1,1,7.000101100487618e-12,-0.0003306817422501966,100,5.0,0.00035400390625000064,3.3456769721691113e-06,0.6155422840019975,0.00010355251147678974,0.00032877522938310605,3.716090943048806e-05
T-L,AN,mc_learned_baseline,False,47,241,171592,61696,61696,0,0,48200,85796,343184,262144,1.0453125000000003,1.05,1.0487856267567464,0.00013179209591518415,6.706704324870061e-06,public_state_tabular_independent_mc,1,0.007311428802137116,9.821028399979696,True,accepted_return_check_disabled,0.1,1,8.500719808704796e-12,-0.0013958594968267106,100,5.0,0.0007080078125000013,5.752445481675872e-06,0.4180063291139243,0.0007967884079501289,0.0013956077485028744,-0.0006613301314058147
T-L,AN,mc_learned_baseline,False,47,242,172304,61952,61952,0,0,48400,86152,344608,262144,1.0500000000000003,1.05,1.048785597657505,-2.9099241460883718e-08,3.3958462666540285e-13,public_state_tabular_independent_mc,1,0.007311590091598888,9.867969899903983,True,accepted_return_check_disabled,0.1,1,4.956934267528198e-12,1.57815851365544e-09,100,5.0,2.465190328815662e-32,6.142712080662343e-07,1.0,0.0001259331521083292,1.5781585136559599e-09,-7.398356135245654e-07
T-L,AN,mc_learned_baseline,False,47,243,173016,62208,62208,0,0,48600,86508,346032,262144,1.0476562500000002,1.05,1.048853085498866,6.748784136112462e-05,1.9044903463125256e-06,public_state_tabular_independent_mc,1,0.006935693496846485,9.90947889990639,True,accepted_return_check_disabled,0.1,1,6.784411007633423e-12,-0.0003910636284846033,100,5.0,0.00035400390625000064,3.1067314802185016e-06,0.6155422840019977,0.00014845254148509698,0.00039047044323432275,-2.32569562838417e-05
T-L,AN,mc_learned_baseline,False,47,244,173728,62464,62464,0,0,48800,86864,347456,262144,1.0500000000000003,1.0470000000000002,1.0488536878426429,6.023437768565287e-07,1.5499230477108403e-10,public_state_tabular_independent_mc,0,0.006932321842439955,9.949450799962506,True,accepted_return_check_disabled,0.1,1,1.825584603927538e-14,-1.8644908088417173e-08,100,5.0,1.0986328124998754e-05,6.682708372075036e-06,0.991210937500001,0.00011675849758344944,3.168142954674288e-08,3.1739019585952074e-06
T-L,AN,mc_learned_baseline,False,47,245,174440,62720,62720,0,0,49000,87220,348880,262144,1.0476562500000002,1.05,1.0489200941075623,6.640626491938306e-05,1.96857959447589e-06,public_state_tabular_independent_mc,0,0.006558708117866458,9.991447399952449,True,accepted_return_check_disabled,0.1,1,3.8560195349052295e-11,-0.00040974637166182697,100,5.0,0.00035156249999999944,6.688791963746476e-06,0.6179457299816888,0.00016318014285872262,0.00040613312993547935,-4.329474819509375e-05
T-L,AN,mc_learned_baseline,False,47,246,175152,62976,62976,0,0,49200,87576,350304,262144,1.0476562500000002,1.05,1.048986901066692,6.680695912963941e-05,2.1355811920693744e-06,public_state_tabular_independent_mc,0,0.006178858721400722,10.027320499997586,True,accepted_return_check_disabled,0.1,1,3.4080659718172794e-13,-0.00043770261739222886,100,5.0,0.00035156249999999934,6.933731798291574e-06,0.617945729981689,0.00018754963910221195,0.0004370130931546733,-7.284870755738381e-05
T-L,AN,mc_learned_baseline,False,47,247,175864,63232,63232,0,0,49400,87932,351728,262144,1.0500000000000003,1.0470000000000002,1.0489872195746501,3.185079582301853e-07,4.972887596087562e-11,public_state_tabular_independent_mc,0,0.006177037730124294,10.068026299937628,True,accepted_return_check_disabled,0.1,1,3.1441776450428054e-13,-2.606631380853966e-09,100,5.0,2.7465820312496886e-06,1.0501478105030123e-06,0.9978027343750002,0.00010768211574728166,1.1591763419451274e-08,1.7983857369482398e-06
T-L,AN,mc_learned_baseline,False,47,248,176576,63488,63488,0,0,49600,88288,353152,262144,1.0500000000000003,1.05,1.0489872458981626,2.6323512480885825e-08,3.3969494769145606e-13,public_state_tabular_independent_mc,1,0.006176887227522243,10.108964199898764,True,accepted_return_check_disabled,0.1,1,8.741065152453513e-12,1.126773268895214e-09,100,5.0,2.465190328815662e-32,4.1258776174211124e-07,1.0,0.00011002093751622647,1.126773268895658e-09,-5.653361366382633e-07
T-L,AN,mc_learned_baseline,False,47,249,177288,63744,63744,0,0,49800,88644,354576,262144,1.0500000000000003,1.05,1.0489872722307416,2.6332579006194123e-08,3.399727107582296e-13,public_state_tabular_independent_mc,1,0.006176736672418474,10.147173299919814,True,accepted_return_check_disabled,0.1,1,8.741486270779039e-12,1.1266339180412644e-09,100,5.0,2.465190328815662e-32,4.1256408005757893e-07,1.0,0.00011001883637620948,1.1266339180416956e-09,-5.652929035743294e-07
T-L,AN,mc_learned_baseline,False,47,250,178000,64000,64000,0,0,50000,89000,356000,262144,1.0453125000000003,1.05,1.0491171431736968,0.0001298709429551348,9.158824050463663e-06,public_state_tabular_independent_mc,1,0.005425665614198468,10.185416499967687,True,accepted_return_check_disabled,0.1,1,8.627153108791204e-12,-0.001917523765237967,100,5.0,0.0007080078125000013,5.398046963015233e-06,0.41800632911392444,0.00129640567835106,0.0019242352792258452,-0.0011869541934948799
T-L,AN,mc_learned_baseline,False,47,251,178712,64256,64256,0,0,50200,89356,357424,262144,1.0500000000000003,1.05,1.0491173979434394,2.5476974263582974e-07,3.7167919206005506e-11,public_state_tabular_independent_mc,0,0.005424174561508344,10.223516099969856,True,accepted_return_check_disabled,0.1,1,8.855215192087167e-13,-2.229597824525691e-09,100,5.0,2.7465820312496886e-06,1.2466700466723924e-06,0.9978027343750002,9.775200387549034e-05,9.906872268407939e-09,1.5382369692858555e-06
T-L,AN,mc_learned_baseline,False,47,252,179424,64512,64512,0,0,50400,89712,358848,262144,1.0500000000000003,1.05,1.0491172875266415,-1.1041679792711534e-07,6.981446457217544e-12,public_state_tabular_independent_mc,1,0.00542482079032356,10.262223499943502,True,accepted_return_check_disabled,0.1,1,2.7599630806919054e-12,1.9244679689649845e-10,100,5.0,2.465190328815662e-32,3.0394558568483285e-07,1.0,9.948621904772736e-05,1.9244679689666182e-10,-2.1593055057799544e-07
T-L,AN,mc_learned_baseline,False,47,253,180136,64768,64768,0,0,50600,90068,360272,262144,1.0500000000000003,1.0470000000000002,1.0491171759991664,-1.1152747503295757e-07,7.1216817959941746e-12,public_state_tabular_independent_mc,1,0.005425473505592661,10.3020696999738,True,accepted_return_check_disabled,0.1,1,2.8418895255941668e-12,1.9319403542294925e-10,100,5.0,2.465190328815662e-32,3.0403055472250354e-07,1.0,9.949530097875099e-05,1.9319403542310233e-10,-2.163651577483052e-07
T-L,AN,mc_learned_baseline,False,47,254,180848,65024,65024,0,0,50800,90424,361696,262144,1.0500000000000003,1.05,1.0491170633651357,-1.1263403076888778e-07,7.262591377148396e-12,public_state_tabular_independent_mc,1,0.005426132682776501,10.339482299983501,True,accepted_return_check_disabled,0.1,1,2.9246581874274956e-12,1.939496934162368e-10,100,5.0,2.465190328815662e-32,3.041163908359612e-07,1.0,9.950447399535615e-05,1.93949693416405e-10,-2.1680388050707395e-07
T-L,AN,mc_learned_baseline,False,47,255,181560,65280,65280,0,0,51000,90780,363120,262144,1.0476562500000002,1.05,1.0491830839795024,6.602061436677964e-05,2.6470404402665252e-06,public_state_tabular_independent_mc,0,0.005037232722738084,10.37938179995399,True,accepted_return_check_disabled,0.1,1,4.475216770741193e-11,-0.0005548043901207688,100,5.0,0.00034881591796874983,1.2483834701619202e-06,0.619443982020976,0.0002844894937765402,0.0005499794016053483,-0.00018519300272105288
T-L,AN,mc_learned_baseline,False,47,256,182272,65536,65536,0,0,51200,91136,364544,262144,1.0476562500000002,1.05,1.0492501031208654,6.701914136297837e-05,3.0028149247008996e-06,public_state_tabular_independent_mc,1,0.004636942794668722,10.415883299894631,True,accepted_return_check_disabled,0.1,1,3.365469205153859e-11,-0.0006135608907908096,100,5.0,0.00035400390625000064,2.748630420379218e-06,0.6155422840019974,0.0003412443719663738,0.0006164710039073399,-0.0002471205793019264
T-L,AN,mc_learned_baseline,False,47,257,182984,65792,65792,0,0,51400,91492,365968,262144,1.0500000000000003,1.05,1.0492501916156731,8.84948077040093e-08,5.4152679197389e-12,public_state_tabular_independent_mc,1,0.0046364103325587935,10.451503899996169,True,accepted_return_check_disabled,0.1,1,2.8427953632256284e-13,6.436391775256073e-10,100,5.0,2.465190328815662e-32,2.1063763000569163e-07,1.0,8.851027412126473e-05,6.436391775253415e-10,3.584271564577918e-07
T-L,AN,mc_learned_baseline,False,47,258,183696,66048,66048,0,0,51600,91848,367392,262144,1.0500000000000003,1.05,1.0492503830049695,1.9138929641115965e-07,2.5335348112970437e-11,public_state_tabular_independent_mc,0,0.004635258730765389,10.490585699910298,True,accepted_return_check_disabled,0.1,1,1.8602874581537755e-12,-1.8450470367843773e-09,100,5.0,2.7465820312496886e-06,1.464941958640659e-06,0.9978027343750002,8.75894488188029e-05,8.186511526511505e-09,1.272309516851847e-06
T-L,AN,mc_learned_baseline,False,47,259,184408,66304,66304,0,0,51800,92204,368816,262144,1.0500000000000003,1.05,1.0492504709431736,8.793820405195163e-08,5.3496956032749066e-12,public_state_tabular_independent_mc,1,0.004634729584153748,10.527456899988465,True,accepted_return_check_disabled,0.1,1,2.6542535746422764e-13,6.463915356981538e-10,100,5.0,2.465190328815662e-32,2.104594474823808e-07,1.0,8.848763011359023e-05,6.463915356979058e-10,3.591125694112525e-07
T-L,AN,mc_learned_baseline,False,47,260,185120,66560,66560,0,0,52000,92560,370240,262144,1.0408593750000001,1.05,1.049318966973828,6.849603065450793e-05,7.655716720480486e-06,public_state_tabular_independent_mc,1,0.0044937804045656875,10.572628799942322,True,accepted_return_check_disabled,0.1,1,1.3256224676280114e-11,-0.04343270143493717,100,5.0,0.011948828125000005,0.005353293138538989,0.052005761336454404,0.001572987268522591,0.0020426329704056967,-0.0014841474251386765
T-L,AN,mc_learned_baseline,False,47,261,185832,66816,66816,0,0,52200,92916,371664,262144,1.0500000000000003,1.0470000000000002,1.0493190559714702,8.899764214476136e-08,5.472389804676662e-12,public_state_tabular_independent_mc,1,0.004493245026555577,10.616788399987854,True,accepted_return_check_disabled,0.1,1,3.0109602932786094e-13,6.412686369433073e-10,100,5.0,2.465190328815662e-32,2.0417241240354793e-07,1.0,6.491581829660583e-05,6.412686369430247e-10,3.579175464826201e-07
T-L,AN,mc_learned_baseline,False,47,262,186544,67072,67072,0,0,52400,93272,373088,262144,1.0500000000000003,1.05,1.049319144789385,8.881791480064294e-08,5.451067424011219e-12,public_state_tabular_independent_mc,1,0.004492710718967446,10.654870699974708,True,accepted_return_check_disabled,0.1,1,2.947770170589767e-13,6.421502591171463e-10,100,5.0,2.465190328815662e-32,2.0411571096121014e-07,1.0,6.490860674326412e-05,6.421502591168511e-10,3.581381023102367e-07
T-L,AN,mc_learned_baseline,False,47,263,187256,67328,67328,0,0,52600,93628,374512,262144,1.0476562500000002,1.05,1.049385724037128,6.657924774300383e-05,3.2943327954872396e-06,public_state_tabular_independent_mc,1,0.004089046207279721,10.69211850001011,True,accepted_return_check_disabled,0.1,1,4.575499120128412e-12,-0.0006783766064343329,100,5.0,0.00035400390625000064,2.697120956564718e-06,0.6155422840019977,0.0003773014236254721,0.0006816629655360737,-0.00031204165566767336
T-L,AN,mc_learned_baseline,False,47,264,187968,67584,67584,0,0,52800,93984,375936,262144,1.0476562500000002,1.05,1.049451131175916,6.540713878799842e-05,3.575417242732232e-06,public_state_tabular_independent_mc,1,0.0036859077889513274,10.728866799967363,True,accepted_return_check_disabled,0.1,1,6.743858983825084e-11,-0.0007578877126526174,100,5.0,0.00035400390625000064,2.657159910765519e-06,0.6155422840019975,0.0004439344250041641,0.0007511571144921634,-0.00038390649410325727
T-L,AN,mc_learned_baseline,False,47,265,188680,67840,67840,0,0,53000,94340,377360,262144,1.0500000000000003,1.05,1.0494510285542757,-1.0262164029661847e-07,9.1701039240702e-12,public_state_tabular_independent_mc,1,0.0036865458229053912,10.766438599908724,True,accepted_return_check_disabled,0.1,1,1.918184957222909e-12,5.400570369300764e-10,100,5.0,2.465190328815662e-32,1.2869685510402934e-07,1.0,5.517716545281971e-05,5.40057036930312e-10,-2.9361069982846057e-07
T-L,AN,mc_learned_baseline,False,47,266,189392,68096,68096,0,0,53200,94696,378784,262144,1.0500000000000003,1.05,1.0494511616519786,1.3309770285907518e-07,1.5427194652201702e-11,public_state_tabular_independent_mc,0,0.0036857183053214757,10.804009299958125,True,accepted_return_check_disabled,0.1,1,3.118001568668367e-12,-1.4649891703237049e-09,100,5.0,2.7465820312496886e-06,1.691515117198629e-06,0.9978027343750002,5.3882498189535784e-05,6.484352094399742e-09,1.0091322007091367e-06
T-L,AN,mc_learned_baseline,False,47,267,190104,68352,68352,0,0,53400,95052,380208,262144,1.0500000000000003,1.05,1.0494512946947947,1.3304281609727298e-07,1.5418514547538576e-11,public_state_tabular_independent_mc,0,0.003684891098516286,10.841595400008373,True,accepted_return_check_disabled,0.1,1,3.119290117866767e-12,-1.464605490450529e-09,100,5.0,2.7465820312496886e-06,1.6917598468589036e-06,0.9978027343750002,5.387229057709769e-05,6.482632738908589e-09,1.0088659113079552e-06
T-L,AN,mc_learned_baseline,False,47,268,190816,68608,68608,0,0,53600,95408,381632,262144,1.0500000000000003,1.05,1.0494514276827585,1.3298796375238453e-07,1.5409839985884133e-11,public_state_tabular_independent_mc,0,0.0036840642023101165,10.884975799941458,True,accepted_return_check_disabled,0.1,1,3.1205254151625643e-12,-1.4642219694213744e-09,100,5.0,2.7465820312496886e-06,1.6920044933017307e-06,0.9978027343750002,5.386208715558279e-05,6.480914093231821e-09,1.0085997315399616e-06
T-L,AN,mc_learned_baseline,False,47,269,191528,68864,68864,0,0,53800,95764,383056,262144,1.0500000000000003,1.05,1.0494513254544784,-1.0222828006334339e-07,9.105375536888214e-12,public_state_tabular_independent_mc,1,0.003684699842820162,10.923914499930106,True,accepted_return_check_disabled,0.1,1,1.8790161255855627e-12,5.423515749369198e-10,100,5.0,2.465190328815662e-32,1.2854716546894405e-07,1.0,5.515437055952994e-05,5.423515749371587e-10,-2.9414897575991917e-07
T-L,AN,mc_learned_baseline,False,47,270,192240,69120,69120,0,0,54000,96120,384480,262144,1.0500000000000003,1.044,1.0494512230935993,-1.0236087910620029e-07,9.12712452349637e-12,public_state_tabular_independent_mc,1,0.0036853362897833956,10.95989999989979,True,accepted_return_check_disabled,0.1,1,1.8920775790446797e-12,5.415769757593796e-10,100,5.0,2.465190328815662e-32,1.2859876484988082e-07,1.0,5.516223436912156e-05,5.415769757596187e-10,-2.9396807097235313e-07
T-L,AN,mc_learned_baseline,False,47,271,192952,69376,69376,0,0,54200,96476,385904,262144,1.0500000000000003,1.05,1.0494511205967538,-1.0249684545549087e-07,9.149571779212512e-12,public_state_tabular_independent_mc,1,0.0036859735640706152,10.998655700008385,True,accepted_return_check_disabled,0.1,1,1.9056493741314762e-12,5.40783945330075e-10,100,5.0,2.465190328815662e-32,1.286504416307021e-07,1.0,5.517010342973116e-05,5.407839453302643e-10,-2.937819935372389e-07
T-L,AN,mc_learned_baseline,False,47,272,193664,69632,69632,0,0,54400,96832,387328,262144,1.0500000000000003,1.05,1.0494510179605878,-1.0263616601058345e-07,9.172607816404633e-12,public_state_tabular_independent_mc,1,0.0036866116864674044,11.038238899898715,True,accepted_return_check_disabled,0.1,1,1.91962318743844e-12,5.399724795818419e-10,100,5.0,2.465190328815662e-32,1.2870219755262527e-07,1.0,5.517797799320641e-05,5.39972479582081e-10,-2.9359073034430574e-07
T-L,AN,mc_learned_baseline,False,47,273,194376,69888,69888,0,0,54600,97188,388752,262144,1.0500000000000003,1.044,1.0494509151817613,-1.0277882656062332e-07,9.196182023990384e-12,public_state_tabular_independent_mc,1,0.003687250677668753,11.078541599912569,True,accepted_return_check_disabled,0.1,1,1.9339495931302953e-12,5.391425738318617e-10,100,5.0,2.465190328815662e-32,1.2875403435168568e-07,1.0,5.5185858309852196e-05,5.39142573832102e-10,-2.9339426778963395e-07
T-L,AN,mc_learned_baseline,False,47,274,195088,70144,70144,0,0,54800,97544,390176,262144,1.0500000000000003,1.05,1.0494508122569495,-1.0292481178453272e-07,9.220536625042151e-12,public_state_tabular_independent_mc,1,0.0036878905582703792,11.116912099998444,True,accepted_return_check_disabled,0.1,1,1.94869701675059e-12,5.382942228235775e-10,100,5.0,2.465190328815662e-32,1.288059537581736e-07,1.0,5.5193744628369156e-05,5.38294222823779e-10,-2.9319259178248196e-07
T-L,AN,mc_learned_baseline,False,47,275,195800,70400,70400,0,0,55000,97900,391600,262144,1.0476562500000002,1.05,1.04951668989614,6.587763919063683e-05,4.140452015986401e-06,public_state_tabular_independent_mc,1,0.003274426118747664,11.154213699977845,True,accepted_return_check_disabled,0.1,1,5.058547788993789e-11,-0.0008558941586067387,100,5.0,0.00035400390625000064,2.6223826100000943e-06,0.6155422840019977,0.0005455582779658537,0.0008607519955741602,-0.0004906496264578549
T-L,AN,mc_learned_baseline,False,47,276,196512,70656,70656,0,0,55200,98256,393024,262144,1.0500000000000003,1.05,1.0495167834799803,9.358384023272492e-08,8.762367273525797e-12,public_state_tabular_independent_mc,1,0.003273832944562553,11.19155019999016,True,accepted_return_check_disabled,0.1,1,2.304598084220375e-12,4.158949786827132e-10,100,5.0,2.465190328815662e-32,9.77391965758027e-08,1.0,4.948307996413908e-05,4.1589497868255017e-10,2.3954702927274685e-07
T-L,AN,mc_learned_baseline,False,47,277,197224,70912,70912,0,0,55400,98612,394448,262144,1.0500000000000003,1.05,1.0495168766951237,9.321514338189729e-08,8.695317576293843e-12,public_state_tabular_independent_mc,1,0.003273242090097985,11.230418199906126,True,accepted_return_check_disabled,0.1,1,2.275877882212739e-12,4.148264315721497e-10,100,5.0,2.465190328815662e-32,9.769807709780578e-08,1.0,4.947604183460124e-05,4.148264315719435e-10,2.3921418918809524e-07
T-L,AN,mc_learned_baseline,False,47,278,197936,71168,71168,0,0,55600,98968,395872,262144,1.0500000000000003,1.05,1.049516969527934,9.2832810327792e-08,8.6259440439064e-12,public_state_tabular_independent_mc,1,0.003272653641989404,11.276082099997438,True,accepted_return_check_disabled,0.1,1,2.246160636427264e-12,4.1372655892956093e-10,100,5.0,2.465190328815662e-32,9.76571283264826e-08,1.0,4.946904199756505e-05,4.1372655892935946e-10,2.388720872241964e-07
T-L,AN,mc_learned_baseline,False,47,279,198648,71424,71424,0,0,55800,99324,397296,262144,1.0500000000000003,1.05,1.049517061964652,9.243671805769793e-08,8.5542974995802e-12,public_state_tabular_independent_mc,1,0.0032720676876668298,11.320628699962981,True,accepted_return_check_disabled,0.1,1,2.21553337359234e-12,4.125960653245833e-10,100,5.0,2.465190328815662e-32,9.761635614711741e-08,1.0,4.9462081355217195e-05,4.1259606532440643e-10,2.3852089529613157e-07
T-L,AN,mc_learned_baseline,False,47,280,199360,71680,71680,0,0,56000,99680,398720,262144,1.0500000000000003,1.0470000000000002,1.04951716947131,1.0750665779823976e-07,1.1573536101975308e-11,public_state_tabular_independent_mc,0,0.003271386184035233,11.366827599937096,True,accepted_return_check_disabled,0.1,1,3.6247540411693576e-12,-1.2747093351959505e-09,100,5.0,2.7465820312496886e-06,1.8151080057821842e-06,0.9978027343750002,4.8816324837718656e-05,5.631417971125441e-09,8.769967671070456e-07
T-L,AN,mc_learned_baseline,False,47,281,200072,71936,71936,0,0,56200,100036,400144,262144,1.0500000000000003,1.05,1.049517261001212,9.152990210203882e-08,8.391049522840891e-12,public_state_tabular_independent_mc,1,0.0032708059418198312,11.408926200005226,True,accepted_return_check_disabled,0.1,1,2.1458585509656076e-12,4.1004271078518826e-10,100,5.0,2.465190328815662e-32,9.75285702662378e-08,1.0,4.9447125076251476e-05,4.1004271078501615e-10,2.3772890937436255e-07
T-L,AN,mc_learned_baseline,False,47,282,200784,72192,72192,0,0,56400,100392,401568,262144,1.0500000000000003,1.05,1.0495173520906842,9.108947218727792e-08,8.312249971803489e-12,public_state_tabular_independent_mc,1,0.0032702284751661673,11.449195299996063,True,accepted_return_check_disabled,0.1,1,2.112290483266693e-12,4.088201154467448e-10,100,5.0,2.465190328815662e-32,9.748839706244074e-08,1.0,4.944029461860203e-05,4.08820115446579e-10,2.37350126192526e-07
T-L,AN,mc_learned_baseline,False,47,283,201496,72448,72448,0,0,56600,100748,402992,262144,1.0500000000000003,1.05,1.0495174427255334,9.063484918137021e-08,8.231162365995856e-12,public_state_tabular_independent_mc,1,0.0032696538742946583,11.486646399949677,True,accepted_return_check_disabled,0.1,1,2.0778016415412204e-12,4.075700911830741e-10,100,5.0,2.465190328815662e-32,9.744842548419608e-08,1.0,4.943350714337587e-05,4.075700911828946e-10,2.3696304173536072e-07
T-L,AN,mc_learned_baseline,False,47,284,202208,72704,72704,0,0,56800,101104,404416,262144,1.0500000000000003,1.0470000000000002,1.049517532891486,9.016595270416872e-08,8.147882084434573e-12,public_state_tabular_independent_mc,1,0.0032690822299387785,11.524328299914487,True,accepted_return_check_disabled,0.1,1,2.0425138197441644e-12,4.0629346183935066e-10,100,5.0,2.465190328815662e-32,9.740866163738019e-08,1.0,4.94267635624637e-05,4.062934618391754e-10,2.3656786218790926e-07
T-L,AN,mc_learned_baseline,False,47,285,202920,72960,72960,0,0,57000,101460,405840,262144,1.0476562500000002,1.05,1.0495822905024106,6.475761092450405e-05,4.667920830183531e-06,public_state_tabular_independent_mc,1,0.0028541339137652505,11.57019259990193,True,accepted_return_check_disabled,0.1,1,3.885904560970514e-12,-0.0009865467568115586,100,5.0,0.00035400390625000064,2.5911279466961527e-06,0.6155422840019975,0.0006664108332643744,0.000985847774935603,-0.0006167546036766171
T-L,AN,mc_learned_baseline,False,47,286,203632,73216,73216,0,0,57200,101816,407264,262144,1.0500000000000003,1.05,1.049582274598648,-1.5903762529134724e-08,2.9725492584972814e-13,public_state_tabular_independent_mc,1,0.0028542369544952606,11.611684900010005,True,accepted_return_check_disabled,0.1,1,2.558368164843994e-12,2.2230366818844006e-10,100,5.0,2.465190328815662e-32,7.106382459366647e-08,1.0,4.439213516226237e-05,2.2230366818832483e-10,1.6162794844328063e-07
T-L,AN,mc_learned_baseline,False,47,287,204344,73472,73472,0,0,57400,102172,408688,262144,1.0476562500000002,1.05,1.0496461031065192,6.382850787112204e-05,5.413321437393307e-06,public_state_tabular_independent_mc,1,0.002435647476619436,11.649314699927345,True,accepted_return_check_disabled,0.1,1,9.682744697297503e-12,-0.0011578939331605496,100,5.0,0.00035400390625000064,2.5650606510942996e-06,0.6155422840019975,0.0008302516060019948,0.001154547133592963,-0.0007856965891481448
T-L,AN,mc_learned_baseline,False,47,288,205056,73728,73728,0,0,57600,102528,410112,262144,1.0500000000000003,1.05,1.049646080050675,-2.3055844122765734e-08,7.53089297761186e-13,public_state_tabular_independent_mc,1,0.002435800614624334,11.688393399934284,True,accepted_return_check_disabled,0.1,1,8.2024633321287e-13,2.866966148665651e-13,100,5.0,2.465190328815662e-32,4.924461029258048e-08,1.0,3.9516042053848325e-05,2.8669661486265027e-13,5.293916366313606e-09
T-L,AN,mc_learned_baseline,False,47,289,205768,73984,73984,0,0,57800,102884,411536,262144,1.0500000000000003,1.05,1.0496460476254588,-3.242521628976647e-08,1.489370875166258e-12,public_state_tabular_independent_mc,1,0.0024360159819099268,11.729336899938062,True,accepted_return_check_disabled,0.1,1,1.5750723627505227e-12,2.398478055032491e-13,100,5.0,2.465190328815662e-32,4.9251758333529327e-08,1.0,3.951831280131214e-05,2.3984780549966815e-13,4.842301102852653e-09
T-L,AN,mc_learned_baseline,False,47,290,206480,74240,74240,0,0,58000,103240,412960,262144,1.0500000000000003,1.0470000000000002,1.0496460106796466,-3.6945812187383353e-08,1.9333514797265525e-12,public_state_tabular_independent_mc,1,0.0024362613712533452,11.77033989992924,True,accepted_return_check_disabled,0.1,1,2.0178925740231937e-12,1.809874726621232e-13,100,5.0,2.465190328815662e-32,4.926181207570173e-08,1.0,3.952150686402585e-05,1.809874726590043e-13,4.206623677449288e-09
T-L,AN,mc_learned_baseline,False,47,291,207192,74496,74496,0,0,58200,103596,414384,262144,1.0500000000000003,1.05,1.0496459804125655,-3.026708106368403e-08,1.2973353962001332e-12,public_state_tabular_independent_mc,1,0.002436462398462548,11.80945899989456,True,accepted_return_check_disabled,0.1,1,1.3546647899302225e-12,1.23958308930497e-13,100,5.0,2.465190328815662e-32,4.9273268752479864e-08,1.0,3.952514697255777e-05,1.2395830892791687e-13,3.481579097868038e-09
T-L,AN,mc_learned_baseline,False,47,292,207904,74752,74752,0,0,58400,103952,415808,262144,1.0500000000000003,1.0470000000000002,1.0496459612297468,-1.9182818666863e-08,5.21140699808495e-13,public_state_tabular_independent_mc,1,0.0024365898051378933,11.848341499920934,True,accepted_return_check_disabled,0.1,1,5.513093647504061e-13,8.522709953679157e-14,100,5.0,2.465190328815662e-32,4.928265541159953e-08,1.0,3.952812962690473e-05,8.522709953464763e-14,2.8870286245246082e-09
T-L,AN,mc_learned_baseline,False,47,293,208616,75008,75008,0,0,58600,104308,417232,262144,1.0476562500000002,1.05,1.049709031089579,6.306985983206559e-05,6.534482264233697e-06,public_state_tabular_independent_mc,1,0.002011683834603177,11.888601499958895,True,accepted_return_check_disabled,0.1,1,3.0067665133642184e-11,-0.001396243144876901,100,5.0,0.00035400390625000064,2.5435108128417323e-06,0.6155422840019977,0.0010705876462840831,0.0014012617643643175,-0.001031055116084896
T-L,AN,mc_learned_baseline,False,47,294,209328,75264,75264,0,0,58800,104664,418656,262144,1.0500000000000003,1.05,1.0497090284367425,-2.6528363950006906e-09,1.2458450240309913e-14,public_state_tabular_independent_mc,1,0.0020117019797431723,11.925813299953006,True,accepted_return_check_disabled,0.1,1,7.716451393906395e-13,1.1755276812028746e-10,100,5.0,2.465190328815662e-32,3.171563604745832e-08,1.0,3.445876318269208e-05,1.1755276812021487e-10,9.560888719637394e-08
T-L,AN,mc_learned_baseline,False,47,295,210040,75520,75520,0,0,59000,105020,420080,262144,1.0500000000000003,1.05,1.0497090258064152,-2.6303272893102303e-09,1.230703461977478e-14,public_state_tabular_independent_mc,1,0.002011719970899978,11.96482319990173,True,accepted_return_check_disabled,0.1,1,7.701189977639926e-13,1.175733057489256e-10,100,5.0,2.465190328815662e-32,3.171629154594499e-08,1.0,3.445896381815047e-05,1.1757330574884576e-10,9.561774153676302e-08
T-L,AN,mc_learned_baseline,False,47,296,210752,75776,75776,0,0,59200,105376,421504,262144,1.0500000000000003,1.05,1.0497090231983859,-2.6080293480390537e-09,1.2141927712535821e-14,public_state_tabular_independent_mc,1,0.0020117378095151493,12.005685799987987,True,accepted_return_check_disabled,0.1,1,7.685983078183238e-13,1.175936255245873e-10,100,5.0,2.465190328815662e-32,3.1716941489527395e-08,1.0,3.445916276958009e-05,1.1759362552452406e-10,9.562650241062795e-08
T-L,AN,mc_learned_baseline,False,47,297,211464,76032,76032,0,0,59400,105732,422928,262144,1.0453125000000003,1.05,1.0498162429125522,0.0001072197141662734,2.9300110209359323e-05,public_state_tabular_independent_mc,1,0.0012542487171959562,12.04202469997108,True,accepted_return_check_disabled,0.1,1,6.556665392563436e-10,-0.007013107331216014,100,5.0,0.0007080078125000013,5.020624541737992e-06,0.4180063291139243,0.006240586727459503,0.006941649541493458,-0.006206031732236067
T-L,AN,mc_learned_baseline,False,47,298,212176,76288,76288,0,0,59600,106088,424352,262144,1.0500000000000003,1.05,1.0498162533081794,1.039562724791665e-08,3.3896738068206066e-13,public_state_tabular_independent_mc,1,0.0012541724465776072,12.082593599916436,True,accepted_return_check_disabled,0.1,1,9.159007685937721e-14,1.565898468333967e-10,100,5.0,2.465190328815662e-32,1.09716269507472e-08,1.0,2.599910925673654e-05,1.5658984683333277e-10,8.300098835303436e-08
T-L,AN,mc_learned_baseline,False,47,299,212888,76544,76544,0,0,59800,106444,425776,262144,1.0500000000000003,1.05,1.0498162637650217,1.0456842280959222e-08,3.4296142683058563e-13,public_state_tabular_independent_mc,1,0.0012540957261598918,12.121799999964423,True,accepted_return_check_disabled,0.1,1,8.937797644691104e-14,1.565011355547805e-10,100,5.0,2.465190328815662e-32,1.0970172861358218e-08,1.0,2.599831370670809e-05,1.5650113555472223e-10,8.297443215792285e-08
T-L,AN,mc_learned_baseline,False,47,300,213600,76800,76800,0,0,60000,106800,427200,262144,1.0500000000000003,1.05,1.049816274283782,1.0518760307220987e-08,3.4710884719049904e-13,public_state_tabular_independent_mc,1,0.001254018550765147,12.158297499991022,True,accepted_return_check_disabled,0.1,1,8.708650587526717e-14,1.564115868597362e-10,100,5.0,2.465190328815662e-32,1.0968710318535929e-08,1.0,2.5997513560449675e-05,1.5641158685965645e-10,8.294763112097979e-08
T-L,AN,mc_learned_baseline,False,47,301,214312,77056,77056,0,0,60200,107156,428624,262144,1.0500000000000003,1.05,1.0498162848651742,1.0581392206887585e-08,3.5123760230696185e-13,public_state_tabular_independent_mc,1,0.00125394091514799,12.195022300002165,True,accepted_return_check_disabled,0.1,1,8.495188191299583e-14,1.5632118971057686e-10,100,5.0,2.465190328815662e-32,1.0967239225887837e-08,1.0,2.5996708765569733e-05,1.563211897105218e-10,8.29205819538606e-08
T-L,AN,mc_learned_baseline,False,47,302,215024,77312,77312,0,0,60400,107512,430048,262144,1.0500000000000003,1.05,1.049816295509923,1.064474886014466e-08,3.5552686892528773e-13,public_state_tabular_independent_mc,1,0.0012538628139786923,12.233536399900913,True,accepted_return_check_disabled,0.1,1,8.268504136156107e-14,1.562299328965366e-10,100,5.0,2.465190328815662e-32,1.0965759485540965e-08,1.0,2.5995899269002645e-05,1.562299328964964e-10,8.289328131505512e-08
T-L,AN,mc_learned_baseline,False,47,303,215736,77568,77568,0,0,60600,107868,431472,262144,1.0500000000000003,1.05,1.0498163062187627,1.0708839592865615e-08,3.598049413710755e-13,public_state_tabular_independent_mc,1,0.001253784241854415,12.270460999920033,True,accepted_return_check_disabled,0.1,1,8.052243095704272e-14,1.5613780500514331e-10,100,5.0,2.465190328815662e-32,1.0964270998142892e-08,1.0,2.5995085016838043e-05,1.5613780500509622e-10,8.28657258015411e-08
T-L,AN,mc_learned_baseline,False,47,304,216448,77824,77824,0,0,60800,108224,432896,262144,1.0500000000000003,1.05,1.0498163169924397,1.0773677061592934e-08,3.6425099004385746e-13,public_state_tabular_independent_mc,1,0.0012537051932879602,12.307773299980909,True,accepted_return_check_disabled,0.1,1,7.829183828984279e-14,1.5604479444041153e-10,100,5.0,2.465190328815662e-32,1.0962773663080078e-08,1.0,2.5994265954436732e-05,1.5604479444037591e-10,8.283791195390983e-08
T-L,AN,mc_learned_baseline,False,47,305,217160,78080,78080,0,0,61000,108580,434320,262144,1.0500000000000003,1.05,1.04981632783171,1.0839270370155418e-08,3.6869339917767005e-13,public_state_tabular_independent_mc,1,0.0012536256627185176,12.347924900008366,True,accepted_return_check_disabled,0.1,1,7.605455460829876e-14,1.5595088940152306e-10,100,5.0,2.465190328815662e-32,1.0961267378013194e-08,1.0,2.5993442026315947e-05,1.5595088940147036e-10,8.280983625007703e-08
T-L,AN,mc_learned_baseline,False,47,306,217872,78336,78336,0,0,61200,108936,435744,262144,1.0500000000000003,1.05,1.0498163387373405,1.0905630398738708e-08,3.7325274546243014e-13,public_state_tabular_independent_mc,1,0.0012535456445072605,12.388626599917188,True,accepted_return_check_disabled,0.1,1,7.387195964991787e-14,1.5585607789755292e-10,100,5.0,2.465190328815662e-32,1.0959752039374946e-08,1.0,2.5992613176260924e-05,1.558560778975127e-10,8.278149510951268e-08
T-L,AN,mc_learned_baseline,False,47,307,218584,78592,78592,0,0,61400,109292,437168,262144,1.0500000000000003,1.05,1.0498163497101087,1.097276824957305e-08,3.7787471784561586e-13,public_state_tabular_independent_mc,1,0.0012534651329309803,12.427661099936813,True,accepted_return_check_disabled,0.1,1,7.168879725260252e-14,1.5576034773771934e-10,100,5.0,2.465190328815662e-32,1.0958227542122726e-08,1.0,2.59917793472805e-05,1.5576034773764502e-10,8.275288489025655e-08
T-L,AN,mc_learned_baseline,False,47,308,219296,78848,78848,0,0,61600,109648,438592,262144,1.0500000000000003,1.05,1.0498163607508053,1.1040696579200926e-08,3.8262187013529146e-13,public_state_tabular_independent_mc,1,0.00125338412217866,12.466249599936418,True,accepted_return_check_disabled,0.1,1,6.950837821197871e-14,1.5566368652259498e-10,100,5.0,2.465190328815662e-32,1.0956693779708694e-08,1.0,2.5990940481541285e-05,1.5566368652254396e-10,8.272400188624914e-08
T-L,AN,mc_learned_baseline,False,47,309,220008,79104,79104,0,0,61800,110004,440016,262144,1.0500000000000003,1.05,1.0498163718602307,1.1109425379629556e-08,3.874396844280561e-13,public_state_tabular_independent_mc,1,0.0012533026063612427,12.504435499897227,True,accepted_return_check_disabled,0.1,1,6.727534994542306e-14,1.555660816372039e-10,100,5.0,2.465190328815662e-32,1.0955150643863655e-08,1.0,2.5990096520333013e-05,1.5556608163714235e-10,8.269484232509076e-08
T-L,AN,mc_learned_baseline,False,47,310,220720,79360,79360,0,0,62000,110360,441440,262144,1.0500000000000003,1.05,1.049816383039197,1.1178966419223002e-08,3.9233233617839585e-13,public_state_tabular_independent_mc,1,0.0012532205795047812,12.549477899912745,True,accepted_return_check_disabled,0.1,1,6.522666698909844e-14,1.5546752025990436e-10,100,5.0,2.465190328815662e-32,1.0953598024970663e-08,1.0,2.598924740417127e-05,1.554675202598303e-10,8.266540237069898e-08
T-L,AN,mc_learned_baseline,False,47,311,221432,79616,79616,0,0,62200,110716,442864,262144,1.0500000000000003,1.05,1.0498163942885295,1.1249332354523744e-08,3.973042570195032e-13,public_state_tabular_independent_mc,1,0.0012531380355426066,12.59659649990499,True,accepted_return_check_disabled,0.1,1,6.307378075268371e-14,1.553679893527225e-10,100,5.0,2.465190328815662e-32,1.0952035811817884e-08,1.0,2.598839307272678e-05,1.553679893526802e-10,8.263567812025786e-08
T-L,AN,mc_learned_baseline,False,47,312,222144,79872,79872,0,0,62400,111072,444288,262144,1.0500000000000003,1.05,1.0498164056090629,1.132053339958361e-08,4.024178891266299e-13,public_state_tabular_independent_mc,1,0.0012530549683299886,12.637466999934986,True,accepted_return_check_disabled,0.1,1,6.087825838364392e-14,1.5526747565023693e-10,100,5.0,2.465190328815662e-32,1.0950463891475723e-08,1.0,2.5987533464744574e-05,1.552674756501916e-10,8.260566560072664e-08
T-L,AN,mc_learned_baseline,False,47,313,222856,80128,80128,0,0,62600,111428,445712,262144,1.0500000000000003,1.05,1.0498164170016464,1.1392583543212709e-08,4.0756113285429663e-13,public_state_tabular_independent_mc,1,0.0012529713716226151,12.67331949993968,True,accepted_return_check_disabled,0.1,1,5.876075373260959e-14,1.551659656714056e-10,100,5.0,2.465190328815662e-32,1.0948882149639368e-08,1.0,2.5986668518198456e-05,1.5516596567136115e-10,8.257536077244015e-08
T-L,AN,mc_learned_baseline,False,47,314,223568,80384,80384,0,0,62800,111784,447136,262144,1.0500000000000003,1.05,1.0498164890995287,7.209788233097925e-08,1.632889448007048e-11,public_state_tabular_independent_mc,0,0.0012524423116364093,12.711375999962911,True,accepted_return_check_disabled,0.1,1,1.1425681764696885e-12,-4.141938015843579e-10,100,5.0,2.7465820312496886e-06,2.430092897713329e-06,0.9978027343750002,2.579096444484863e-05,1.766690700154738e-09,2.773784847397086e-07
T-L,AN,mc_learned_baseline,False,47,315,224280,80640,80640,0,0,63000,112140,448560,262144,1.0500000000000003,1.05,1.0498165010357319,1.1936203136997392e-08,4.476710691862e-13,public_state_tabular_independent_mc,1,0.001252354719692046,12.759294799994677,True,accepted_return_check_disabled,0.1,1,4.3883045152270784e-14,1.5440623144598305e-10,100,5.0,2.465190328815662e-32,1.0937220547440145e-08,1.0,2.598029257685908e-05,1.5440623144593515e-10,8.234869794788959e-08
T-L,AN,mc_learned_baseline,False,47,316,224992,80896,80896,0,0,63200,112496,449984,262144,1.0408593750000001,1.05,1.0498432672755207,2.676623978881132e-05,2.9845893949735937e-06,public_state_tabular_independent_mc,1,0.0011917822988691186,12.80797659989912,True,accepted_return_check_disabled,0.1,1,7.879590774319953e-12,-0.044766661538810336,100,5.0,0.011948828125000005,0.00534855279448348,0.052005761336454515,0.0006045446748601953,0.0007963938997939605,-0.0005784829775263873
T-L,AN,mc_learned_baseline,False,47,317,225704,81152,81152,0,0,63400,112852,451408,262144,1.0500000000000003,1.05,1.0498432785555663,1.1280045564276975e-08,3.994457648693867e-13,public_state_tabular_independent_mc,1,0.0011916995343155732,12.850286399945617,True,accepted_return_check_disabled,0.1,1,6.215711414326467e-14,1.553260337182579e-10,100,5.0,2.465190328815662e-32,9.942824826499883e-09,1.0,1.6794942126730765e-05,1.5532603371818734e-10,8.263056521228487e-08
T-L,AN,mc_learned_baseline,False,47,318,226416,81408,81408,0,0,63600,113208,452832,262144,1.0500000000000003,1.05,1.0498432899071732,1.1351606987730634e-08,4.0455224067481613e-13,public_state_tabular_independent_mc,1,0.0011916162438940562,12.89468239992857,True,accepted_return_check_disabled,0.1,1,6.004272293649369e-14,1.5522510461994455e-10,100,5.0,2.465190328815662e-32,9.941248526457755e-09,1.0,1.6794079789313573e-05,1.5522510461986486e-10,8.260042811709003e-08
T-L,AN,mc_learned_baseline,False,47,319,227128,81664,81664,0,0,63800,113564,454256,262144,1.0500000000000003,1.05,1.0498433013311959,1.1424022616779439e-08,4.097486309571042e-13,public_state_tabular_independent_mc,1,0.0011915324213227821,12.933618599898182,True,accepted_return_check_disabled,0.1,1,5.783256979643791e-14,1.5512317353059657e-10,100,5.0,2.465190328815662e-32,9.939662354707161e-09,1.0,1.679321208388338e-05,1.5512317353051057e-10,8.256999697356709e-08
T-L,AN,mc_learned_baseline,False,47,320,227840,81920,81920,0,0,64000,113920,455680,262144,1.0500000000000003,1.05,1.0498433128284996,1.1497303775698242e-08,4.150392916580639e-13,public_state_tabular_independent_mc,1,0.0011914480602330808,12.968630999908783,True,accepted_return_check_disabled,0.1,1,5.576380514477176e-14,1.5502022663120427e-10,100,5.0,2.465190328815662e-32,9.938066194340704e-09,1.0,1.6792338947010468e-05,1.5502022663117064e-10,8.253926763720581e-08
T-L,AN,mc_learned_baseline,False,47,321,228552,82176,82176,0,0,64200,114276,457104,262144,1.0500000000000003,1.05,1.049843324399962,1.1571462454895709e-08,4.204869452243769e-13,public_state_tabular_independent_mc,1,0.0011913631541737902,13.006864399998449,True,accepted_return_check_disabled,0.1,1,5.366461591945949e-14,1.5491624987317575e-10,100,5.0,2.465190328815662e-32,9.93645992692357e-09,1.0,1.679146031440319e-05,1.549162498731017e-10,8.250823589221945e-08
T-L,AN,mc_learned_baseline,False,47,322,229264,82432,82432,0,0,64400,114632,458528,262144,1.0500000000000003,1.05,1.0498433360464752,1.164651308727116e-08,4.2598015165662765e-13,public_state_tabular_independent_mc,1,0.0011912776965804447,13.043600899982266,True,accepted_return_check_disabled,0.1,1,5.15392710450903e-14,1.5481122898171262e-10,100,5.0,2.465190328815662e-32,9.934843432401818e-09,1.0,1.6790576120954413e-05,1.5481122898162688e-10,8.247689745253266e-08
T-L,AN,mc_learned_baseline,False,47,323,229976,82688,82688,0,0,64600,114988,459952,262144,1.0500000000000003,1.05,1.0498433477689417,1.1722466553010236e-08,4.3158141539848284e-13,public_state_tabular_independent_mc,1,0.0011911916808129144,13.081296799937263,True,accepted_return_check_disabled,0.1,1,4.950795294595536e-14,1.5470514941168767e-10,100,5.0,2.465190328815662e-32,9.933216588762488e-09,1.0,1.678968630042266e-05,1.5470514941164293e-10,8.244524794848929e-08
T-L,AN,mc_learned_baseline,False,47,324,230688,82944,82944,0,0,64800,115344,461376,262144,1.0500000000000003,1.05,1.0498433595682788,1.1799337062967652e-08,4.372959977174265e-13,public_state_tabular_independent_mc,1,0.0011911051001250808,13.119827599963173,True,accepted_return_check_disabled,0.1,1,4.7457972791933385e-14,1.5459799639552095e-10,100,5.0,2.465190328815662e-32,9.931579272531348e-09,1.0,1.678879078582411e-05,1.5459799639544036e-10,8.241328294084964e-08
T-L,AN,mc_learned_baseline,False,47,325,231400,83200,83200,0,0,65000,115700,462800,262144,1.0500000000000003,1.05,1.0498433714454167,1.1877137939819704e-08,4.431287684695253e-13,public_state_tabular_independent_mc,1,0.0011910179476746084,13.15610659995582,True,accepted_return_check_disabled,0.1,1,4.5451753284267717e-14,1.5448975490030907e-10,100,5.0,2.465190328815662e-32,9.929931358309035e-09,1.0,1.678788950911845e-05,1.544897549002255e-10,8.238099790803722e-08
T-L,AN,mc_learned_baseline,False,47,326,232112,83456,83456,0,0,65200,116056,464224,262144,1.0500000000000003,1.05,1.049843383401298,1.1955881173975058e-08,4.4908454525218694e-13,public_state_tabular_independent_mc,1,0.0011909302165273347,13.193281199899502,True,accepted_return_check_disabled,0.1,1,4.3434725344069717e-14,1.5438040963869894e-10,100,5.0,2.465190328815662e-32,9.928272718896622e-09,1.0,1.6786982401311337e-05,1.5438040963861126e-10,8.234838824907422e-08
T-L,AN,mc_learned_baseline,False,47,327,232824,83712,83712,0,0,65400,116412,465648,262144,1.0500000000000003,1.05,1.0498433954368789,1.2035580976288429e-08,4.551102039056168e-13,public_state_tabular_independent_mc,1,0.0011908418996455239,13.231332700001076,True,accepted_return_check_disabled,0.1,1,4.1469583443208333e-14,1.5426994507151945e-10,100,5.0,2.465190328815662e-32,9.92660322548317e-09,1.0,1.6786069392501244e-05,1.54269945071434e-10,8.23154492842555e-08
T-L,AN,mc_learned_baseline,False,47,328,233536,83968,83968,0,0,65600,116768,467072,262144,1.0500000000000003,1.05,1.0498434674852166,7.204833774032693e-08,1.631508845301934e-11,public_state_tabular_independent_mc,0,0.00119031319125068,13.26817850000225,True,accepted_return_check_disabled,0.1,1,1.1411906263744927e-12,-4.1391025980125315e-10,100,5.0,2.7465820312496886e-06,2.429272987448134e-06,0.9978027343750002,1.659022739625706e-05,1.765414075445469e-09,2.772051917509643e-07
T-L,AN,mc_learned_baseline,False,47,329,234248,84224,84224,0,0,65800,117124,468496,262144,1.0500000000000003,1.05,1.049843480093507,1.2608290411719736e-08,4.997402936861194e-13,public_state_tabular_independent_mc,1,0.0011902206651789391,13.30646639992483,True,accepted_return_check_disabled,0.1,1,2.859742296283418e-14,1.5348196332069004e-10,100,5.0,2.465190328815662e-32,9.914865966459328e-09,1.0,1.6779651529064077e-05,1.5348196332065545e-10,8.208059964066962e-08
T-L,AN,mc_learned_baseline,False,47,330,234960,84480,84480,0,0,66000,117480,469920,262144,1.0500000000000003,1.05,1.049843492789492,1.2695984930033433e-08,5.06758938274054e-13,public_state_tabular_independent_mc,1,0.0011901274945529138,13.344366199919023,True,accepted_return_check_disabled,0.1,1,2.6815627547260585e-14,1.5336214196160717e-10,100,5.0,2.465190328815662e-32,9.91310658704018e-09,1.0,1.67786896576126e-05,1.5336214196157426e-10,8.204490351257857e-08
T-L,AN,mc_learned_baseline,False,47,331,235672,84736,84736,0,0,66200,117836,471344,262144,1.0500000000000003,1.05,1.0498435055742548,1.2784762803974559e-08,5.139552253544435e-13,public_state_tabular_independent_mc,1,0.001190033671401835,13.38155359996017,True,accepted_return_check_disabled,0.1,1,2.512607325210645e-14,1.532410516828432e-10,100,5.0,2.465190328815662e-32,9.911335131230098e-09,1.0,1.6777721222106595e-05,1.5324105168279947e-10,8.200883287047022e-08
T-L,AN,mc_learned_baseline,False,47,332,236384,84992,84992,0,0,66400,118192,472768,262144,1.0500000000000003,1.05,1.0498435184488937,1.2874638910531644e-08,5.212183502792057e-13,public_state_tabular_independent_mc,1,0.0011899391876448958,13.421303499955684,True,accepted_return_check_disabled,0.1,1,2.3416927005647125e-14,1.5311867412991097e-10,100,5.0,2.465190328815662e-32,9.909551451230584e-09,1.0,1.6776746142399978e-05,1.5311867412986116e-10,8.197238214910228e-08
T-L,AN,mc_learned_baseline,False,47,333,237096,85248,85248,0,0,66600,118548,474192,262144,1.0500000000000003,1.05,1.049843531414521,1.2965627238514799e-08,5.286708278293984e-13,public_state_tabular_independent_mc,1,0.001189844035099554,13.457488699932583,True,accepted_return_check_disabled,0.1,1,2.180982742486882e-14,1.5299499063880838e-10,100,5.0,2.465190328815662e-32,9.907755397246694e-09,1.0,1.6775764337263825e-05,1.5299499063872838e-10,8.193554568502129e-08
T-L,AN,mc_learned_baseline,False,47,334,237808,85504,85504,0,0,66800,118904,475616,262144,1.0500000000000003,1.05,1.049843544472264,1.3057743109001763e-08,5.362607072453324e-13,public_state_tabular_independent_mc,1,0.001189748205464403,13.531038399902172,True,accepted_return_check_disabled,0.1,1,2.0134853564613614e-14,1.5286998224432412e-10,100,5.0,2.465190328815662e-32,9.905946817612876e-09,1.0,1.6774775724473794e-05,1.5286998224428627e-10,8.189831771879144e-08
T-L,AN,mc_learned_baseline,False,47,335,238520,85760,85760,0,0,67000,119260,477040,262144,1.0500000000000003,1.05,1.0498436164357576,7.196349360860665e-08,1.629410038511301e-11,public_state_tabular_independent_mc,0,0.0011892200525117438,13.611688999924809,True,accepted_return_check_disabled,0.1,1,1.139110063650974e-12,-4.1348296956322945e-10,100,5.0,2.7465820312496886e-06,2.429601491943336e-06,0.9978027343750002,1.657873455401129e-05,1.7634902263862918e-09,2.769063590092924e-07
T-L,AN,mc_learned_baseline,False,47,336,239232,86016,86016,0,0,67200,119616,478464,262144,1.0500000000000003,1.05,1.0498436301093808,1.3673623122656409e-08,5.883757415926964e-13,public_state_tabular_independent_mc,1,0.0011891196956754899,13.64854669990018,True,accepted_return_check_disabled,0.1,1,1.0987034103262956e-14,1.5203912010113886e-10,100,5.0,2.465190328815662e-32,9.894091342651846e-09,1.0,1.676829620771173e-05,1.5203912010105907e-10,8.165094759625356e-08
T-L,AN,mc_learned_baseline,False,47,337,239944,86272,86272,0,0,67400,119972,479888,262144,1.0500000000000003,1.0470000000000002,1.0498436438839303,1.3774549501022193e-08,5.971536806457255e-13,public_state_tabular_independent_mc,1,0.001189018596910547,13.684845199924894,True,accepted_return_check_disabled,0.1,1,9.756850643719227e-15,1.5190370669653516e-10,100,5.0,2.465190328815662e-32,9.892185349113758e-09,1.0,1.6767254657035907e-05,1.5190370669645055e-10,8.161063943438578e-08
T-L,AN,mc_learned_baseline,False,47,338,240656,86528,86528,0,0,67600,120328,481312,262144,1.0500000000000003,1.05,1.0498436577606653,1.3876735094342507e-08,6.061244468780631e-13,public_state_tabular_independent_mc,1,0.0011889167469477256,13.722016599960625,True,accepted_return_check_disabled,0.1,1,8.622543963651905e-15,1.5176679632194112e-10,100,5.0,2.465190328815662e-32,9.890265476290045e-09,1.0,1.6766205564826278e-05,1.5176679632190826e-10,8.156988730378071e-08
T-L,AN,mc_learned_baseline,False,47,339,241368,86784,86784,0,0,67800,120684,482736,262144,1.0500000000000003,1.05,1.0498436717408606,1.3980195223695091e-08,6.152948859633185e-13,public_state_tabular_independent_mc,1,0.0011888141364051975,13.757928899955004,True,accepted_return_check_disabled,0.1,1,7.414690630471425e-15,1.5162836683801603e-10,100,5.0,2.465190328815662e-32,9.888331552870311e-09,1.0,1.6765148838220763e-05,1.5162836683797832e-10,8.152868442522465e-08
T-L,AN,mc_learned_baseline,False,47,340,242080,87040,87040,0,0,68000,121040,484160,262144,1.0500000000000003,1.05,1.049843685825806,1.408494543220229e-08,6.246134409476901e-13,public_state_tabular_independent_mc,1,0.001188710755787993,13.795996899949387,True,accepted_return_check_disabled,0.1,1,6.3729726172882956e-15,1.5148839575502688e-10,100,5.0,2.465190328815662e-32,9.886383405510214e-09,1.0,1.676408438326404e-05,1.5148839575494794e-10,8.148702390529542e-08
T-L,AN,mc_learned_baseline,False,47,341,242792,87296,87296,0,0,68200,121396,485584,262144,1.0500000000000003,1.05,1.0498437000168084,1.4191002373209471e-08,6.340876725353813e-13,public_state_tabular_independent_mc,1,0.0011886065954747787,13.844654999906197,True,accepted_return_check_disabled,0.1,1,5.38698932327438e-15,1.5134686022477674e-10,100,5.0,2.465190328815662e-32,9.884420858802937e-09,1.0,1.676301210490506e-05,1.5134686022471005e-10,8.144489873363112e-08
T-L,AN,mc_learned_baseline,False,47,342,243504,87552,87552,0,0,68400,121752,487008,262144,1.0500000000000003,1.05,1.0498437143151902,1.4298381811883587e-08,6.437829664821918e-13,public_state_tabular_independent_mc,1,0.0011885016457310479,13.881828799960203,True,accepted_return_check_disabled,0.1,1,4.4628822749646685e-15,1.512037370217926e-10,100,5.0,2.465190328815662e-32,9.882443735126912e-09,1.0,1.676193190686079e-05,1.5120373702171885e-10,8.140230177674145e-08
T-L,AN,mc_learned_baseline,False,47,343,244216,87808,87808,0,0,68600,122108,488432,262144,1.0500000000000003,1.05,1.0498437287222893,1.4407099069302376e-08,6.537064098487065e-13,public_state_tabular_independent_mc,1,0.0011883958967110607,13.920290599926375,True,accepted_return_check_disabled,0.1,1,3.7236830660681706e-15,1.5105900255772495e-10,100,5.0,2.465190328815662e-32,9.880451854772135e-09,1.0,1.6760843691754774e-05,1.5105900255765115e-10,8.135922578190383e-08
T-L,AN,mc_learned_baseline,False,47,344,244928,88064,88064,0,0,68800,122464,489856,262144,1.0500000000000003,1.05,1.0498438005801434,7.185785411145673e-08,1.6267743550765246e-11,public_state_tabular_independent_mc,0,0.0011878684360500035,13.95777429989539,True,accepted_return_check_disabled,0.1,1,1.1364482325675447e-12,-4.1295471995860725e-10,100,5.0,2.7465820312496886e-06,2.430007647417381e-06,0.9978027343750002,1.6564526108261786e-05,1.7611118000894028e-09,2.7653691625355407e-07
T-L,AN,mc_learned_baseline,False,47,345,245640,88320,88320,0,0,69000,122820,491280,262144,1.0500000000000003,1.05,1.0498438156539645,1.5073821080235916e-08,7.160137365862741e-13,public_state_tabular_independent_mc,1,0.0011877577850536777,13.993196499999613,True,accepted_return_check_disabled,0.1,1,3.918158909504121e-16,1.5017463080264696e-10,100,5.0,2.465190328815662e-32,9.868438785886292e-09,1.0,1.675428159627191e-05,1.5017463080258544e-10,8.109601478675839e-08
T-L,AN,mc_learned_baseline,False,47,346,246352,88576,88576,0,0,69200,123176,492704,262144,1.0500000000000003,1.05,1.0498438308461202,1.5192155755627823e-08,7.273857033792176e-13,public_state_tabular_independent_mc,1,0.0011876462639666347,14.033428399940021,True,accepted_return_check_disabled,0.1,1,2.0399994144643987e-16,1.5001814781106983e-10,100,5.0,2.465190328815662e-32,9.866340402281144e-09,1.0,1.6753135527060234e-05,1.5001814781102077e-10,8.104943838057153e-08
T-L,AN,mc_learned_baseline,False,47,347,247064,88832,88832,0,0,69400,123532,494128,262144,1.0500000000000003,1.05,1.0498438461580684,1.5311948153851063e-08,7.389861482472662e-13,public_state_tabular_independent_mc,1,0.001187533862051783,14.070635399897583,True,accepted_return_check_disabled,0.1,1,7.830691690482307e-17,1.498598545957424e-10,100,5.0,2.465190328815662e-32,9.864225775546327e-09,1.0,1.6751980635474458e-05,1.4985985459569626e-10,8.100232143956861e-08
T-L,AN,mc_learned_baseline,False,47,348,247776,89088,89088,0,0,69600,123888,495552,262144,1.0500000000000003,1.05,1.0498438615912802,1.5433211819626536e-08,7.50822217485844e-13,public_state_tabular_independent_mc,1,0.001187420568475318,14.106926999986172,True,accepted_return_check_disabled,0.1,1,2.139556225197024e-17,1.496997241886397e-10,100,5.0,2.465190328815662e-32,9.862094708205142e-09,1.0,1.6750816814531696e-05,1.4969972418859395e-10,8.095465558221036e-08
T-L,AN,mc_learned_baseline,False,47,349,248488,89344,89344,0,0,69800,124244,496976,262144,1.0500000000000003,1.0470000000000002,1.0498438771472414,1.5555961185853562e-08,7.629015992180563e-13,public_state_tabular_independent_mc,1,0.001187306372295455,14.144177899928764,True,accepted_return_check_disabled,0.1,1,9.872817825483818e-17,1.495377292452275e-10,100,5.0,2.465190328815662e-32,9.859947001028068e-09,1.0,1.6749643956344406e-05,1.4953772924518567e-10,8.090643229811016e-08
T-L,AN,mc_learned_baseline,False,47,350,249200,89600,89600,0,0,70000,124600,498400,262144,1.0500000000000003,1.05,1.0498438928274503,1.5680208909074622e-08,7.752315371115457e-13,public_state_tabular_independent_mc,1,0.0011871912624761038,14.182891399948858,True,accepted_return_check_disabled,0.1,1,2.5864551056981937e-16,1.4937384203146764e-10,100,5.0,2.465190328815662e-32,9.857782452912009e-09,1.0,1.674846195200388e-05,1.4937384203141705e-10,8.085764294329904e-08
T-L,AN,mc_learned_baseline,False,47,351,249912,89856,89856,0,0,70200,124956,499824,262144,1.0500000000000003,1.0470000000000002,1.049843908633418,1.5805967645832197e-08,7.878193503929859e-13,public_state_tabular_independent_mc,1,0.001187075227885875,14.242522099986672,True,accepted_return_check_disabled,0.1,1,5.664726184966131e-16,1.492080344311555e-10,100,5.0,2.465190328815662e-32,9.855600861130342e-09,1.0,1.6747270691726122e-05,1.4920803443106903e-10,8.080827874195567e-08
T-L,AN,mc_learned_baseline,False,47,352,250624,90112,90112,0,0,70400,125312,501248,262144,1.0500000000000003,1.05,1.0498439803873212,7.175390326352726e-08,1.6241682631557046e-11,public_state_tabular_independent_mc,0,0.0011865484492118623,14.295185399940237,True,accepted_return_check_disabled,0.1,1,1.1337236106635548e-12,-4.1243891262013924e-10,100,5.0,2.7465820312496886e-06,2.4304042711105132e-06,0.9978027343750002,1.6550652222878335e-05,1.7587893800752426e-09,2.761761727493588e-07
T-L,AN,mc_learned_baseline,False,47,353,251336,90368,90368,0,0,70600,125668,502672,262144,1.0500000000000003,1.05,1.0498439969045568,1.6517235579271983e-08,8.608360174377597e-13,public_state_tabular_independent_mc,1,0.0011864271839464107,14.331474300008267,True,accepted_return_check_disabled,0.1,1,4.488144169518862e-15,1.4827096354168637e-10,100,5.0,2.465190328815662e-32,9.843423152032951e-09,1.0,1.674062197290521e-05,1.4827096354162907e-10,8.052922031015155e-08
T-L,AN,mc_learned_baseline,False,47,354,252048,90624,90624,0,0,70800,126024,504096,262144,1.0500000000000003,1.05,1.0498440135575624,1.6653005641131813e-08,8.751519864142002e-13,public_state_tabular_independent_mc,1,0.0011863049201537323,14.3694334999891,True,accepted_return_check_disabled,0.1,1,5.634640052920659e-15,1.480920873400868e-10,100,5.0,2.465190328815662e-32,9.841126816653668e-09,1.0,1.6739368406810223e-05,1.4809208734001957e-10,8.047593424007269e-08
T-L,AN,mc_learned_baseline,False,47,355,252760,90880,90880,0,0,71000,126380,505520,262144,1.0476562500000002,1.05,1.0498994188220243,5.540526446190519e-05,1.3398928849369797e-05,public_state_tabular_independent_mc,1,0.0007682481916216614,14.405662799952552,True,accepted_return_check_disabled,0.1,1,4.693198592528628e-11,-0.0031193449626725897,100,5.0,0.00035400390625000064,2.504615452186726e-06,0.6155422840019977,0.0027842172242242094,0.003138535795570498,-0.0027673986974778367
T-L,AN,mc_learned_baseline,False,47,356,253472,91136,91136,0,0,71200,126736,506944,262144,1.0500000000000003,1.05,1.0498994168237648,-1.9982595578227347e-09,2.0910632277935386e-14,public_state_tabular_independent_mc,1,0.0007682637510869528,14.443270899937488,True,accepted_return_check_disabled,0.1,1,1.893456741233042e-13,6.725090144689278e-11,100,5.0,2.465190328815662e-32,3.6722573182303728e-09,1.0,1.2475494439075017e-05,6.725090144693394e-11,-4.220643257387932e-08
T-L,AN,mc_learned_baseline,False,47,357,254184,91392,91392,0,0,71400,127092,508368,262144,1.0500000000000003,1.05,1.0498994148287086,-1.9950561203074813e-09,2.0819330382354602e-14,public_state_tabular_independent_mc,1,0.000768279285567792,14.483437099959701,True,accepted_return_check_disabled,0.1,1,1.8959569298810845e-13,6.725939893388865e-11,100,5.0,2.465190328815662e-32,3.672424367613286e-09,1.0,1.247565583474523e-05,6.725939893392369e-11,-4.220960662337131e-08
T-L,AN,mc_learned_baseline,False,47,358,254896,91648,91648,0,0,71600,127448,509792,262144,1.0500000000000003,1.05,1.0498994128368415,-1.991867115691548e-09,2.078514935559595e-14,public_state_tabular_independent_mc,1,0.0007682947951749145,14.524367999983951,True,accepted_return_check_disabled,0.1,1,1.8984304856643374e-13,6.726788352857237e-11,100,5.0,2.465190328815662e-32,3.6725911531804714e-09,1.0,1.2475816971803193e-05,6.726788352860069e-11,-4.221277570365381e-08
T-L,AN,mc_learned_baseline,False,47,359,255608,91904,91904,0,0,71800,127804,511216,262144,1.0500000000000003,1.05,1.0498994108481492,-1.98869232193033e-09,2.0691236650744957e-14,public_state_tabular_independent_mc,1,0.0007683102800200908,14.584300499991514,True,accepted_return_check_disabled,0.1,1,1.900877334423882e-13,6.727635528406243e-11,100,5.0,2.465190328815662e-32,3.672757676119377e-09,1.0,1.2475977851393718e-05,6.727635528410253e-11,-4.2215939835522474e-08
T-L,AN,mc_learned_baseline,False,47,360,256320,92160,92160,0,0,72000,128160,512640,262144,1.0500000000000003,1.05,1.0498994088626172,-1.985531961068432e-09,2.0712829238711676e-14,public_state_tabular_independent_mc,1,0.0007683257402166475,14.63343609997537,True,accepted_return_check_disabled,0.1,1,1.903296772263845e-13,6.728481426172523e-11,100,5.0,2.465190328815662e-32,3.672923937599038e-09,1.0,1.24761384746748e-05,6.728481426175346e-11,-4.221909904237538e-08
T-L,AN,mc_learned_baseline,False,47,361,257032,92416,92416,0,0,72200,128516,514064,262144,1.0500000000000003,1.05,1.0498994068802314,-1.982385811061249e-09,2.0616289596745324e-14,public_state_tabular_independent_mc,1,0.0007683411758747957,14.668559099896811,True,accepted_return_check_disabled,0.1,1,1.905105488438761e-13,6.729326051631322e-11,100,5.0,2.465190328815662e-32,3.6730899388072013e-09,1.0,1.2476298842818198e-05,6.729326051633127e-11,-4.2222253345599855e-08
T-L,AN,mc_learned_baseline,False,47,362,257744,92672,92672,0,0,72400,128872,515488,262144,1.0500000000000003,1.05,1.0498994049009778,-1.9792536498641766e-09,2.0576892097815742e-14,public_state_tabular_independent_mc,1,0.0007683565871031885,14.708829099894501,True,accepted_return_check_disabled,0.1,1,1.907472534121529e-13,6.730169410522606e-11,100,5.0,2.465190328815662e-32,3.6732556809131792e-09,1.0,1.2476458956964807e-05,6.730169410526699e-11,-4.222540276731239e-08
T-L,AN,mc_learned_baseline,False,47,363,258456,92928,92928,0,0,72600,129228,516912,262144,1.0500000000000003,1.05,1.049899402924842,-1.9761356995218193e-09,2.0536167980115854e-14,public_state_tabular_independent_mc,1,0.00076837197401411,14.746625499916263,True,accepted_return_check_disabled,0.1,1,1.9098121813794964e-13,6.731011508527402e-11,100,5.0,2.465190328815662e-32,3.6734211650678772e-09,1.0,1.2476618818239347e-05,6.731011508529373e-11,-4.222854732935595e-08
T-L,AN,mc_learned_baseline,False,47,364,259168,93184,93184,0,0,72800,129584,518336,262144,1.0500000000000003,1.05,1.0498994009518101,-1.9730319600341772e-09,2.0435737097697602e-14,public_state_tabular_independent_mc,1,0.00076838733671621,14.784535799990408,True,accepted_return_check_disabled,0.1,1,1.912125827703833e-13,6.731852351372796e-11,100,5.0,2.465190328815662e-32,3.673586392440898e-09,1.0,1.2476778427803843e-05,6.73185235137704e-11,-4.2231687053883875e-08
T-L,AN,mc_learned_baseline,False,47,365,259880,93440,93440,0,0,73000,129940,519760,262144,1.0500000000000003,1.05,1.0498993989818677,-1.9699424314012504e-09,2.039240393262221e-14,public_state_tabular_independent_mc,1,0.0007684026753222889,14.826399299898185,True,accepted_return_check_disabled,0.1,1,1.9144122600124035e-13,6.732691944458541e-11,100,5.0,2.465190328815662e-32,3.673751364201988e-09,1.0,1.2476937786782156e-05,6.73269194446195e-11,-4.2234821961848475e-08
T-L,AN,mc_learned_baseline,False,47,366,260592,93696,93696,0,0,73200,130296,521184,262144,1.0500000000000003,1.05,1.0498993970150012,-1.966866447489224e-09,2.0289408494914495e-14,public_state_tabular_independent_mc,1,0.0007684179899368418,14.86642919993028,True,accepted_return_check_disabled,0.1,1,1.9166734884150456e-13,6.733530293920158e-11,100,5.0,2.465190328815662e-32,3.6739160815210362e-09,1.0,1.2477096896342849e-05,6.73353029392338e-11,-4.2237952076679565e-08
T-L,AN,mc_learned_baseline,False,47,367,261304,93952,93952,0,0,73400,130652,522608,262144,1.0500000000000003,1.05,1.0498993950511963,-1.9638048964765176e-09,2.01850714527536e-14,public_state_tabular_independent_mc,1,0.0007684332806731849,14.903383099939674,True,accepted_return_check_disabled,0.1,1,1.918907271165228e-13,6.734367404861453e-11,100,5.0,2.465190328815662e-32,3.6740805455123652e-09,1.0,1.2477255757566502e-05,6.734367404864188e-11,-4.224107741827845e-08
T-L,AN,mc_learned_baseline,False,47,368,262016,94208,94208,0,0,73600,131008,524032,262144,1.0500000000000003,1.05,1.0498993930904397,-1.9607566681401067e-09,2.013794022411569e-14,public_state_tabular_independent_mc,1,0.0007684485476347733,14.944372199941427,True,accepted_return_check_disabled,0.1,1,1.9211162594900068e-13,6.735203283233502e-11,100,5.0,2.465190328815662e-32,3.6742447573647134e-09,1.0,1.2477414371626383e-05,6.735203283237033e-11,-4.22441980094979e-08
T-L,SA,mc_learned_baseline,False,47,1,712,256,256,0,0,200,356,1424,262144,0.230859375,0.36810000000000004,0.35303541330389365,0.03402141330389363,0.00045359395038947336,public_state_tabular_independent_mc,0,0.6159392043167699,0.0362209000159055,True,accepted_return_check_disabled,0.1,1,1.9836427128562057e-09,-0.10051703499264299,100,5.0,0.4343011194143328,0.19387106449441005,0.0008492530627974837,0.0002623972625296721,0.09211163799414865,0.08848516347641772
T-L,SA,mc_learned_baseline,False,47,2,1424,512,512,0,0,400,712,2848,262144,0.36093749999999997,0.2996999999999999,0.3865491342654996,0.03351372096160593,0.00044062049442754607,public_state_tabular_independent_mc,0,0.6062974226319144,0.07473039999604225,True,accepted_return_check_disabled,0.1,1,5.143574949086133e-11,-0.08989311322538102,100,5.0,0.4102524883808585,0.1845267932224491,-0.0003477566536562726,0.0006709284160687896,0.08936791110099211,0.08879421835795005
T-L,SA,mc_learned_baseline,False,47,3,2136,768,768,0,0,600,1068,4272,262144,0.391875,0.4095,0.4215159933031822,0.034966859037682596,0.00047889812171009237,public_state_tabular_independent_mc,0,0.5949946331744823,0.11070070008281618,True,accepted_return_check_disabled,0.1,1,3.0014757892012243e-09,-0.09611731518072214,100,5.0,0.4133533179823514,0.17089563607808383,0.004655165756982105,0.00034247369464355826,0.09769654672187116,0.08923447005296954
T-L,SA,mc_learned_baseline,False,47,4,2848,1024,1024,0,0,800,1424,5696,262144,0.40757812499999996,0.5052,0.45419927609262944,0.032683282789447266,0.00042653919261885606,public_state_tabular_independent_mc,0,0.5842968778808084,0.15171380003448576,True,accepted_return_check_disabled,0.1,1,4.683726438164311e-09,-0.08867282247403446,100,5.0,0.39332689243559876,0.18000002353138786,-0.011672684923279553,0.0010750755434155062,0.08642989096192077,0.08795054156993687
T-L,SA,mc_learned_baseline,False,47,5,3560,1280,1280,0,0,1000,1780,7120,262144,0.52125,0.41249999999999987,0.48853867417334806,0.03433939808071862,0.0004747661828611747,public_state_tabular_independent_mc,0,0.5721439229101105,0.18832359998486936,True,accepted_return_check_disabled,0.1,1,5.973778900363414e-09,-0.08498060449951154,100,5.0,0.3624560107710981,0.1604051014080133,-0.01784110118270732,0.0005154954466312668,0.0961306795719952,0.08748097010268402
T-L,SA,mc_learned_baseline,False,47,6,4272,1536,1536,0,0,1200,2136,8544,262144,0.49453125,0.5852999999999999,0.5209442942569458,0.03240562008359771,0.0004320338541452897,public_state_tabular_independent_mc,0,0.559968811493591,0.22453760006465018,True,accepted_return_check_disabled,0.1,1,2.442621321869701e-09,-0.0863499274383562,100,5.0,0.3763317371164607,0.16114765481988413,0.0013630365559269553,0.00010538533679279665,0.08791190907307588,0.08616374635628175
T-L,SA,mc_learned_baseline,False,47,7,4984,1792,1792,0,0,1400,2492,9968,262144,0.5353125000000001,0.4512,0.5526277270478936,0.031683432790947874,0.00042570064747091737,public_state_tabular_independent_mc,0,0.5471422686811104,0.2595390999922529,True,accepted_return_check_disabled,0.1,1,3.891336240973278e-09,-0.08732937136231222,100,5.0,0.36732196480168944,0.15136617033307592,0.01034994906421094,8.849263641574329e-05,0.08702015023739225,0.08390276910988108
T-L,SA,mc_learned_baseline,False,47,8,5696,2048,2048,0,0,1600,2848,11392,262144,0.561796875,0.6086999999999999,0.5836036759591097,0.030975948911216022,0.00042469646548556385,public_state_tabular_independent_mc,0,0.5338091711549865,0.2963700999971479,True,accepted_return_check_disabled,0.1,1,1.7171479592178484e-09,-0.08589214498206738,100,5.0,0.3484825431693098,0.15007154517039095,-0.009059179532683315,0.000619984504481698,0.0867232405013834,0.08060420212630766
T-L,SA,mc_learned_baseline,False,47,9,6408,2304,2304,0,0,1800,3204,12816,262144,0.585703125,0.6362999999999999,0.6135233162445104,0.029919640285400728,0.0004283650375670149,public_state_tabular_independent_mc,0,0.5193170385805539,0.33485189999919385,True,accepted_return_check_disabled,0.1,1,6.415854174591474e-09,-0.07881548530201138,100,5.0,0.3348662358354233,0.13211071481230063,0.026532103438408283,0.0037246382029005503,0.08775051881154104,0.07432795654340944
T-L,SA,mc_learned_baseline,False,47,10,7120,2560,2560,0,0,2000,3560,14240,262144,0.616640625,0.6552,0.640482473434335,0.026959157189824556,0.00035060530100851166,public_state_tabular_independent_mc,0,0.5066460381929816,0.371182500035502,True,accepted_return_check_disabled,0.1,1,3.0136680983524202e-09,-0.07192391795317829,100,5.0,0.3141914609933115,0.13661481419729657,0.0017914153000481159,4.325894999827483e-05,0.0717049957553016,0.07453746986326833
T-L,SA,mc_learned_baseline,False,47,11,7832,2816,2816,0,0,2200,3916,15664,262144,0.639609375,0.7959,0.6674376403412962,0.026955166906961203,0.0003818154680193541,public_state_tabular_independent_mc,0,0.4924483670536685,0.40710040007252246,True,accepted_return_check_disabled,0.1,1,5.8824048361992394e-09,-0.07958406570510282,100,5.0,0.3100765311762971,0.12694151080193244,0.02632085685760588,0.002481559603173733,0.07837989087124017,0.06838213619591119
T-L,SA,mc_learned_baseline,False,47,12,8544,3072,3072,0,0,2400,4272,17088,262144,0.7171875000000002,0.6398999999999999,0.6925356943366737,0.025098053995377567,0.0003419313048075868,public_state_tabular_independent_mc,0,0.47960139642414107,0.4466753000160679,True,accepted_return_check_disabled,0.1,1,3.658956809225778e-09,-0.060650769680796426,100,5.0,0.2549141529309602,0.10689666393918548,0.008156578396965708,7.058372655835196e-05,0.07083926137886286,0.06682083686159986
T-L,SA,mc_learned_baseline,False,47,13,9256,3328,3328,0,0,2600,4628,18512,262144,0.6405468750000001,0.7469999999999999,0.7153486731938704,0.022812978857196686,0.0003022370051212331,public_state_tabular_independent_mc,0,0.4673525444988613,0.4832316000247374,True,accepted_return_check_disabled,0.1,1,2.498715079594169e-09,-0.07275139245189302,100,5.0,0.2905471299913195,0.12479178335458305,-0.009582173336730948,1.4192908597375029e-05,0.06259107282460386,0.06262283467566349
T-L,SA,mc_learned_baseline,False,47,14,9968,3584,3584,0,0,2800,4984,19936,262144,0.656484375,0.6474000000000001,0.7362781443202719,0.020929471126401533,0.0002734508676904802,public_state_tabular_independent_mc,0,0.4553815555009357,0.5229096000548452,True,accepted_return_check_disabled,0.1,1,2.8022447147796218e-09,-0.06436093192371971,100,5.0,0.27903544919326984,0.1149789552663439,0.01990568440870455,0.0001281912730277574,0.05638666380450551,0.058332390877557025
T-L,SA,mc_learned_baseline,False,47,15,10680,3840,3840,0,0,3000,5340,21360,262144,0.7239843750000001,0.708,0.7561617337385447,0.01988358941827273,0.00026719194098905367,public_state_tabular_independent_mc,0,0.44335880991246474,0.5602901000529528,True,accepted_return_check_disabled,0.1,1,2.706527159363634e-09,-0.057215562489797984,100,5.0,0.24440899778772213,0.09791639274670055,0.028007233398129383,0.0003544813742826289,0.0552659243496753,0.054049697693132004
T-L,SA,mc_learned_baseline,False,47,16,11392,4096,4096,0,0,3200,5696,22784,262144,0.7877343750000001,0.7812,0.7747134194221594,0.01855168568361476,0.00025220626708259415,public_state_tabular_independent_mc,0,0.4322822017777337,0.6044075000099838,True,accepted_return_check_disabled,0.1,1,4.138731332948298e-09,-0.04278410371814948,100,5.0,0.1697087636969675,0.06847448245085193,-0.0036567526403823436,0.0002502395279220421,0.05257040050508866,0.05010130910609464
T-L,SA,mc_learned_baseline,False,47,17,12104,4352,4352,0,0,3400,6052,24208,262144,0.8371875000000002,0.7629,0.7908794299635162,0.0161660105413568,0.00021550912255328118,public_state_tabular_independent_mc,0,0.42273202285170886,0.6490334999980405,True,accepted_return_check_disabled,0.1,1,4.344942038548058e-09,-0.032753876881868454,100,5.0,0.1497168924552243,0.059865426540496196,0.0002136825499456929,0.0016013057440350906,0.04501426011747563,0.04462995428380405
T-L,SA,mc_learned_baseline,False,47,18,12816,4608,4608,0,0,3600,6408,25632,262144,0.7947656250000001,0.7263,0.8062673235380913,0.01538789357457504,0.00020648625100337046,public_state_tabular_independent_mc,0,0.4126357842816971,0.6871628999942914,True,accepted_return_check_disabled,0.1,1,3.4733302416513e-09,-0.042717541760489405,100,5.0,0.17070857986730098,0.07167290600702382,-0.029437395439970926,6.950971252841446e-05,0.043061508180680094,0.042268585769398445
T-L,SA,mc_learned_baseline,False,47,19,13528,4864,4864,0,0,3800,6764,27056,262144,0.8085937500000001,0.8985,0.8210232265744658,0.01475590303637453,0.00021486042168676665,public_state_tabular_independent_mc,0,0.4016430152523704,0.7253114000195637,True,accepted_return_check_disabled,0.1,1,9.254296892436364e-10,-0.043843595032615014,100,5.0,0.15973470246257193,0.06263344335699353,0.023043240968615986,0.0015634397706750527,0.044407515439513864,0.03708132025987752
T-L,SA,mc_learned_baseline,False,47,20,14240,5120,5120,0,0,4000,7120,28480,262144,0.7992187500000001,0.8303999999999999,0.8335750204186172,0.012551793844151393,0.00016523231930260185,public_state_tabular_independent_mc,0,0.39260902077143395,0.7610903000459075,True,accepted_return_check_disabled,0.1,1,2.8128524738140098e-09,-0.039511898562437545,100,5.0,0.15830290052015028,0.06329594207470901,0.011606886832431718,1.2896827301795673e-05,0.03446861637613188,0.03520790719030775
T-L,SA,mc_learned_baseline,False,47,21,14952,5376,5376,0,0,4200,7476,29904,262144,0.712734375,0.8244,0.8454365440318737,0.011861523613256542,0.00016509951269428686,public_state_tabular_independent_mc,0,0.38318279991282234,0.7968479000264779,True,accepted_return_check_disabled,0.1,1,3.0091106228479184e-09,-0.05956117398591188,100,5.0,0.2544852089718266,0.10037937375312464,0.015909363478083915,0.0006064502315317878,0.03424547503695521,0.03143667007494871
T-L,SA,mc_learned_baseline,False,47,22,15664,5632,5632,0,0,4400,7832,31328,262144,0.8343750000000001,0.8979,0.8560006461693005,0.010564102137426756,0.00014219845739884776,public_state_tabular_independent_mc,0,0.3747044876791627,0.8341074000345543,True,accepted_return_check_disabled,0.1,1,2.710646449698041e-09,-0.030978643266212663,100,5.0,0.12113434020686761,0.0507792740152908,0.008437932700008699,9.007614778955092e-05,0.029582746458120177,0.029036908212653336
T-L,SA,mc_learned_baseline,False,47,23,16376,5888,5888,0,0,4600,8188,32752,262144,0.8730468750000002,0.8649000000000001,0.8655240960684102,0.009523449899109693,0.00012911149864510465,public_state_tabular_independent_mc,0,0.3672282953617818,0.8696465999819338,True,accepted_return_check_disabled,0.1,1,5.443682484344195e-10,-0.016986849089281636,100,5.0,0.07029613887332342,0.027555887338971213,0.01689388773181444,0.0002859811443940582,0.02690755674666654,0.02612858606234085
T-L,SA,mc_learned_baseline,False,47,24,17088,6144,6144,0,0,4800,8544,34176,262144,0.8871093750000001,0.81,0.8744111028131698,0.008887006744759618,0.0001238529475262791,public_state_tabular_independent_mc,0,0.3596685444239225,0.9069585000397637,True,accepted_return_check_disabled,0.1,1,1.8393036615470424e-09,-0.017519038358552005,100,5.0,0.07746843813480254,0.028642985444911652,0.017123486404158283,0.00010977286014902355,0.025726016404192774,0.02368458527992024
T-L,SA,mc_learned_baseline,False,47,25,17800,6400,6400,0,0,5000,8900,35600,262144,0.8735156250000001,0.8829,0.882794026661153,0.008382923847983226,0.00012438269160709478,public_state_tabular_independent_mc,0,0.35177217259543175,0.9436230000574142,True,accepted_return_check_disabled,0.1,1,1.5217964924717213e-09,-0.025498476139389218,100,5.0,0.09925980658152436,0.03481698330779566,0.004932494801512366,0.0006805080853094211,0.025682869161725304,0.02073180867292411
T-L,SA,mc_learned_baseline,False,47,26,18512,6656,6656,0,0,5200,9256,37024,262144,0.8868750000000001,0.9129,0.8901249402066724,0.007330913545519402,0.00010460453214051845,public_state_tabular_independent_mc,0,0.34463839287685744,0.9859998000320047,True,accepted_return_check_disabled,0.1,1,7.533847051060665e-10,-0.01664177179782371,100,5.0,0.06091028955584992,0.021100613856120193,0.021349289383500114,0.00035523261628747155,0.021687350534521203,0.01894638026292036
T-L,SA,mc_learned_baseline,False,47,27,19224,6912,6912,0,0,5400,9612,38448,262144,0.8850000000000002,0.8273999999999999,0.896552497228943,0.0064275570222706024,8.8094964154232e-05,public_state_tabular_independent_mc,0,0.3382424927142041,1.026848700013943,True,accepted_return_check_disabled,0.1,1,1.1789057439159343e-09,-0.0206278053793263,100,5.0,0.08423676948229235,0.03099316409888531,0.008041897310501533,9.04748878745846e-05,0.018258327521129946,0.01735216928725512
T-L,SA,mc_learned_baseline,False,47,28,19936,7168,7168,0,0,5600,9968,39872,262144,0.8871093750000001,0.8775,0.902448074665604,0.005895577436660915,8.191722307935271e-05,public_state_tabular_independent_mc,0,0.33212866339725233,1.0692721999948844,True,accepted_return_check_disabled,0.1,1,7.154968750104889e-10,-0.018138710391653996,100,5.0,0.07358987406426487,0.02538048262947187,0.015459874891868175,0.0001038370299406188,0.016961417940620133,0.015683459969599512
T-L,SA,mc_learned_baseline,False,47,29,20648,7424,7424,0,0,5800,10324,41296,262144,0.9051562500000001,0.9396000000000001,0.9075068613895352,0.00505878672393123,6.748785342512416e-05,public_state_tabular_independent_mc,0,0.327051189645682,1.118176400079392,True,accepted_return_check_disabled,0.1,1,1.0368684675826683e-10,-0.008137687635473654,100,5.0,0.036128263685906464,0.011457072659250332,0.03224162117489915,0.00018701017002526875,0.01401438512172681,0.01410107501963824
T-L,SA,mc_learned_baseline,False,47,30,21360,7680,7680,0,0,6000,10680,42720,262144,0.9370312500000002,0.9068999999999999,0.9171922738425742,0.009685412453039,0.0004853100395634892,public_state_tabular_independent_mc,0,0.316969061558364,1.16858180006966,True,accepted_return_check_disabled,0.1,1,8.839613725620966e-09,-0.010674197474484868,100,5.0,0.02741031925262715,0.006760939039473347,0.013195240704005573,0.06470987578193733,0.11432080648704981,-0.051821990221590855
T-L,SA,mc_learned_baseline,False,47,31,22072,7936,7936,0,0,6200,11036,44144,262144,0.9168750000000002,0.9098999999999999,0.9206239911093556,0.0034317172667813756,4.3174773750269894e-05,public_state_tabular_independent_mc,0,0.31300830147870956,1.2209941999753937,True,accepted_return_check_disabled,0.1,1,4.725341565477584e-10,-0.00784502884431021,100,5.0,0.035803635397937655,0.011587948699032584,0.01958785583154321,0.00012080070825905843,0.008959813527045423,0.0100244630003748
T-L,SA,mc_learned_baseline,False,47,32,22784,8192,8192,0,0,6400,11392,45568,262144,0.9377343750000001,0.9180000000000001,0.9225385153718693,0.001914524262513706,2.5350542377594253e-05,public_state_tabular_independent_mc,0,0.3101082436179609,1.266507999971509,True,accepted_return_check_disabled,0.1,1,4.134318715317391e-10,-0.005574589839512442,100,5.0,0.02144211425781251,0.006262325750713882,0.028497772032560875,0.004105356168393606,0.005217027902283055,0.00515835838004227
T-L,SA,mc_learned_baseline,False,47,33,23496,8448,8448,0,0,6600,11748,46992,262144,0.9471093750000003,0.9660000000000001,0.9264705928781957,0.0039320775063264035,6.94533754913547e-05,public_state_tabular_independent_mc,0,0.305513979381366,1.3140159000176936,True,accepted_return_check_disabled,0.1,1,5.591853717272231e-10,-0.005275316667718438,100,5.0,0.020951050225154203,0.005454544290177298,0.017577178392651938,0.0013969437639055919,0.014569647118415154,0.007611302457167565
T-L,SA,mc_learned_baseline,False,47,34,24208,8704,8704,0,0,6800,12104,48416,262144,0.9236718750000001,0.8718,0.9282604049487373,0.0017898120705416298,2.4578768324889196e-05,public_state_tabular_independent_mc,0,0.30263641228173926,1.3586625000461936,True,accepted_return_check_disabled,0.1,1,1.2287348214747988e-10,-0.006433133269952757,100,5.0,0.02215732421875001,0.0059441430778094705,0.04166966396184013,0.0033386521021832984,0.00499775314208826,0.00462865387092508
T-L,SA,mc_learned_baseline,False,47,35,24920,8960,8960,0,0,7000,12460,49840,262144,0.9194531250000002,0.9333,0.9308598846605669,0.002599479711829611,3.2235833505544876e-05,public_state_tabular_independent_mc,0,0.29928008127154326,1.4245027999859303,True,accepted_return_check_disabled,0.1,1,2.844843888867076e-10,-0.010920096653433974,100,5.0,0.047933984761517535,0.015712853575446134,0.01655837920972958,0.00012316722860880328,0.006663563612587582,0.007648570117600157
T-L,SA,mc_learned_baseline,False,47,36,25632,9216,9216,0,0,7200,12816,51264,262144,0.9171093750000002,0.9096000000000001,0.9331895345347501,0.0023296498741831595,2.821309476247668e-05,public_state_tabular_independent_mc,0,0.2961934828203308,1.4827294000424445,True,accepted_return_check_disabled,0.1,1,2.5708767407610773e-10,-0.010684916338674539,100,5.0,0.04814207505025833,0.01595195449741945,0.010215670362365592,0.00018181215985966663,0.005833991248679613,0.006981435032758909
T-L,SA,mc_learned_baseline,False,47,37,26344,9472,9472,0,0,7400,13172,52688,262144,0.9307031250000002,0.9216,0.9352934980228297,0.0021039634880796187,3.0438377089469082e-05,public_state_tabular_independent_mc,0,0.2930001776061545,1.5195540999993682,True,accepted_return_check_disabled,0.1,1,1.527043951616835e-10,-0.00661574321993611,100,5.0,0.024194189453125008,0.0054021343208175065,0.034951181677998155,0.0014105589500398438,0.00623173329655456,0.005217665812497442
T-L,SA,mc_learned_baseline,False,47,38,27056,9728,9728,0,0,7600,13528,54112,262144,0.9096093750000003,0.9573,0.9371069943703713,0.0018134963475415766,2.3928791892700833e-05,public_state_tabular_independent_mc,0,0.29022106469018005,1.555407500010915,True,accepted_return_check_disabled,0.1,1,2.4200878976908525e-10,-0.00613602485115059,100,5.0,0.025189941406250006,0.005691241526682241,0.035159568508756456,0.0013473066497805132,0.004913015371598608,0.00496199293793348
T-L,SA,mc_learned_baseline,False,47,39,27768,9984,9984,0,0,7800,13884,55536,262144,0.9447656250000003,0.9333000000000001,0.940669366578006,0.0035623722076347786,0.00015740002145297547,public_state_tabular_independent_mc,0,0.28519888750492695,1.5940846999874339,True,accepted_return_check_disabled,0.1,1,7.519166295866305e-10,-0.0056321984927213305,100,5.0,0.024342475138346354,0.005977170493399999,0.020810120370255647,0.02113565471582286,0.03758904361962123,-0.015105025078403011
T-L,SA,mc_learned_baseline,False,47,40,28480,10240,10240,0,0,8000,14240,56960,262144,0.9260156250000002,0.9243000000000001,0.9425791755493852,0.0019098089713791566,2.9475498986905653e-05,public_state_tabular_independent_mc,0,0.2820011912580971,1.6361906999954954,True,accepted_return_check_disabled,0.1,1,8.003696257222728e-11,-0.007177110493039976,100,5.0,0.02444041551077466,0.00539910089360071,0.03525866811558609,0.0008880842200069937,0.005982735864677976,0.004311464943631832
T-L,SA,mc_learned_baseline,False,47,41,29192,10496,10496,0,0,8200,14596,58384,262144,0.9330468750000003,0.9359999999999999,0.9443027930034474,0.0017236174540622429,2.4953490260698063e-05,public_state_tabular_independent_mc,0,0.2790759990019144,1.6787310000509024,True,accepted_return_check_disabled,0.1,1,2.41460349724413e-10,-0.006680399538794999,100,5.0,0.024350195312500007,0.005470194645321468,0.030157001517641113,0.0007770151934047145,0.005096307341552939,0.004215382444478722
T-L,SA,mc_learned_baseline,False,47,42,29904,10752,10752,0,0,8400,14952,59808,262144,0.9236718750000001,0.9453,0.9459387014091564,0.0016359084057089301,2.3421710798308163e-05,public_state_tabular_independent_mc,0,0.27623704790320874,1.7149613000219688,True,accepted_return_check_disabled,0.1,1,6.14860852005549e-11,-0.006760278442327984,100,5.0,0.024678686523437503,0.005352738703028821,0.04010809453121522,0.000764987680577824,0.004765971791388453,0.00404450451002386
T-L,SA,mc_learned_baseline,False,47,43,30616,11008,11008,0,0,8600,15308,61232,262144,0.9377343750000002,0.948,0.9471800653974671,0.0012413639883107619,1.536187795062079e-05,public_state_tabular_independent_mc,0,0.2739296273530136,1.7503082000184804,True,accepted_return_check_disabled,0.1,1,3.922791441096345e-10,-0.005587397670935319,100,5.0,0.021287207031250005,0.00545486216078832,0.030417834687237022,0.0011417173191167781,0.0031401311101198464,0.0035101364678728686
T-L,SA,mc_learned_baseline,False,47,44,31328,11264,11264,0,0,8800,15664,62656,262144,0.9445312500000003,0.951,0.9502036056674716,0.00302354027000451,0.0002104415385680846,public_state_tabular_independent_mc,0,0.26943878332680116,1.7887547999853268,True,accepted_return_check_disabled,0.1,1,1.410412368771494e-09,-0.003423185073739669,100,5.0,0.011108741044025042,0.00048363562000643774,-0.0026625119060095237,0.03797531937377454,0.05443396656903591,-0.03338826448974881
T-L,SA,mc_learned_baseline,False,47,45,32040,11520,11520,0,0,9000,16020,64080,262144,0.9283593750000001,0.921,0.9514882699044583,0.001284664236986699,1.8050227588394143e-05,public_state_tabular_independent_mc,0,0.2669556681208371,1.8258867000695318,True,accepted_return_check_disabled,0.1,1,1.5251087980246424e-10,-0.006425757036802165,100,5.0,0.024441051454897292,0.005558404245860341,0.030854840276378748,0.0006664802861583197,0.003625128635059705,0.003190414319826231
T-L,SA,mc_learned_baseline,False,47,46,32752,11776,11776,0,0,9200,16376,65504,262144,0.9330468750000002,0.945,0.95265080299903,0.001162533094571705,1.4963799141473958e-05,public_state_tabular_independent_mc,0,0.2646952837620101,1.8648193000117317,True,accepted_return_check_disabled,0.1,1,5.889418741857672e-12,-0.006095534914541002,100,5.0,0.024350195312500007,0.005392217257239606,0.03015700151764078,0.0006551782748568364,0.003020856358168529,0.003161617120742964
T-L,SA,mc_learned_baseline,False,47,47,33464,12032,12032,0,0,9400,16732,66928,262144,0.9656250000000002,0.9516,0.9538304985991615,0.0011796956001314252,1.735221649168788e-05,public_state_tabular_independent_mc,0,0.26228819962816075,1.9028516999678686,True,accepted_return_check_disabled,0.1,1,4.806443096846453e-10,-0.0031251276334524954,100,5.0,0.009140625,5.61119686011167e-06,0.02911359500909827,0.0010538800782280574,0.0035218655010421248,0.0027265125286394334
T-L,SA,mc_learned_baseline,False,47,48,34176,12288,12288,0,0,9600,17088,68352,262144,0.9234375000000002,0.927,0.9553287226608644,0.0014982240617029685,7.745483747852728e-05,public_state_tabular_independent_mc,0,0.25961164958679045,1.9389276000438258,True,accepted_return_check_disabled,0.1,1,8.971640017705087e-11,-0.0027486256508032674,100,5.0,0.011995660812219545,0.00026453095855553455,0.04515923142750555,0.014117809637907366,0.01999462811392276,-0.010314639771641659
T-L,SA,mc_learned_baseline,False,47,49,34888,12544,12544,0,0,9800,17444,69776,262144,0.9585937500000002,0.9660000000000001,0.9573929548930562,0.002064232232191765,0.00013164464493633021,public_state_tabular_independent_mc,0,0.25608077193727985,1.9800912999780849,True,accepted_return_check_disabled,0.1,1,2.9014794438703163e-10,-0.002295437833578968,100,5.0,0.009947087038166106,0.0003601854531218514,0.035059409263525354,0.023795430860989154,0.0342437182100437,-0.020222445923125634
T-L,SA,mc_learned_baseline,False,47,50,35600,12800,12800,0,0,10000,17800,71200,262144,0.9679687500000003,0.9690000000000001,0.9581702953840521,0.0007773404909958703,7.40894953714788e-06,public_state_tabular_independent_mc,0,0.2544791634502719,2.017622100072913,True,accepted_return_check_disabled,0.1,1,1.0699235360539903e-10,-0.001626111281600844,100,5.0,0.00911590576171875,4.4617932944610566e-05,0.018333858738033282,0.0006214459279100823,0.0014746970354997777,0.002604892444715837
T-L,SA,mc_learned_baseline,False,47,51,36312,13056,13056,0,0,10200,18156,72624,262144,0.9377343750000002,0.9540000000000001,0.9593567655025509,0.001186470118498817,1.5776779636287427e-05,public_state_tabular_independent_mc,0,0.2520761631927801,2.057950900052674,True,accepted_return_check_disabled,0.1,1,3.4033139456201915e-10,-0.00609016529638721,100,5.0,0.021211401367187504,0.005307747848914154,0.03106627689956243,0.00013338988507475633,0.0031510135608116513,0.0031059407184585073
T-L,SA,mc_learned_baseline,False,47,52,37024,13312,13312,0,0,10400,18512,74048,262144,0.9585937500000001,0.9780000000000001,0.960265585264386,0.0009088197618351002,1.0012149509579091e-05,public_state_tabular_independent_mc,0,0.2501913694271323,2.0965455999830738,True,accepted_return_check_disabled,0.1,1,2.4644261306443815e-10,-0.0022613869481816953,100,5.0,0.009558105468750001,4.0206921752073344e-05,0.041784735092744496,0.0004417098667920466,0.002029279275594401,0.002784288971652502
T-L,SA,mc_learned_baseline,False,47,53,37736,13568,13568,0,0,10600,18868,75472,262144,0.9562500000000003,0.9690000000000001,0.9613100053908813,0.0010444201264953046,1.3162018543211736e-05,public_state_tabular_independent_mc,0,0.24801795927617987,2.136868300032802,True,accepted_return_check_disabled,0.1,1,2.778068195928512e-10,-0.002769062104814355,100,5.0,0.009766845703125004,4.085798681900426e-05,0.04228825794032687,0.00037686248254054544,0.0026184588039241006,0.002862340962384682
T-L,SA,mc_learned_baseline,False,47,54,38448,13824,13824,0,0,10800,19224,76896,262144,0.9562500000000002,0.972,0.9624503341101452,0.00114032871926395,1.5615016012696816e-05,public_state_tabular_independent_mc,0,0.24563580984351405,2.180936000077054,True,accepted_return_check_disabled,0.1,1,2.57193312089009e-10,-0.0032175508722680273,100,5.0,0.009678955078125,5.9493272561583845e-05,0.04661934552454283,0.00037731769456267957,0.003162236843850619,0.0028759868630595362
T-L,SA,mc_learned_baseline,False,47,55,39160,14080,14080,0,0,11000,19580,78320,262144,0.9494531250000002,0.9366,0.9635731824765196,0.0011228483663743294,1.3985007932987592e-05,public_state_tabular_independent_mc,0,0.24332567644771638,2.22277870005928,True,accepted_return_check_disabled,0.1,1,2.709286814023761e-10,-0.005760962309660665,100,5.0,0.020776342773437505,0.005399123430441228,0.018623970718784744,0.00013798357987602317,0.0027945510133715623,0.003129405761479752
T-L,SA,mc_learned_baseline,False,47,56,39872,14336,14336,0,0,11200,19936,79744,262144,0.9609375000000002,0.96,0.9647946302888195,0.0012214478122999362,1.77482989037198e-05,public_state_tabular_independent_mc,0,0.24075397986857214,2.2618482999969274,True,accepted_return_check_disabled,0.1,1,3.4501189710479344e-14,-0.003442275647004444,100,5.0,0.009404296875000002,3.530605636494012e-05,0.03846394005619724,0.0003737348808745214,0.003566972153310788,0.002877955522973798
T-L,SA,mc_learned_baseline,False,47,57,40584,14592,14592,0,0,11400,20292,81168,262144,0.9492187500000002,0.987,0.9659751853762761,0.001180555087456625,1.6512928313665115e-05,public_state_tabular_independent_mc,0,0.23825748457939883,2.3013752000406384,True,accepted_return_check_disabled,0.1,1,2.398773083443437e-10,-0.0036040036349531232,100,5.0,0.010107421875000007,1.2560895295780436e-05,0.057130614868242224,0.0003539575851232086,0.0033435515744011505,0.002909806216022597
T-L,SA,mc_learned_baseline,False,47,58,41296,14848,14848,0,0,11600,20648,82592,262144,0.9632812500000001,0.9960000000000001,0.9672672455915728,0.0012920602152967087,1.9714622225825404e-05,public_state_tabular_independent_mc,0,0.23551270422734946,2.3391891000792384,True,accepted_return_check_disabled,0.1,1,4.728230121666519e-10,-0.003629201386976336,100,5.0,0.009470214843750005,0.00015206511034213295,0.02356125129348019,0.0004111534037238969,0.003924559153515539,0.0028627871187311043
T-L,SA,mc_learned_baseline,False,47,59,42008,15104,15104,0,0,11800,21004,84016,262144,0.9703125000000001,0.9780000000000001,0.9687923077636197,0.0015250621720468427,5.794546296983075e-05,public_state_tabular_independent_mc,0,0.2324371653261221,2.3784662999678403,True,accepted_return_check_disabled,0.1,1,4.725575771020108e-10,-0.003033400655091667,100,5.0,0.008869933583267509,7.081581280770629e-05,0.022162603389598523,0.008595189863353206,0.014485023375859662,-0.005311792870376978
T-L,SA,mc_learned_baseline,False,47,60,42720,15360,15360,0,0,12000,21360,85440,262144,0.9890625000000002,0.9840000000000001,0.9699523804460929,0.001160072682473201,1.575003134112971e-05,public_state_tabular_independent_mc,0,0.22995180083435074,2.41566729999613,True,accepted_return_check_disabled,0.1,1,2.490573101255412e-10,-0.0026478723904726545,100,5.0,0.007506408691406249,1.2632560131837048e-06,-0.011119919886505958,0.00020857329173264226,0.003190511173027223,0.002958353572068524
T-L,SA,mc_learned_baseline,False,47,61,43432,15616,15616,0,0,12200,21716,86864,262144,0.9773437500000002,0.9660000000000001,0.970861128138892,0.0009087476927991389,2.3745870006685476e-05,public_state_tabular_independent_mc,0,0.2280415559445356,2.4518128000199795,True,accepted_return_check_disabled,0.1,1,1.1252391143409657e-10,-0.0015573142272374096,100,5.0,0.00879872090993834,0.00035295365730568084,0.0021073614303819266,0.003842384383848507,0.005887298572895931,-0.0006705405162373548
T-L,SA,mc_learned_baseline,False,47,62,44144,15872,15872,0,0,12400,22072,88288,262144,0.9656250000000002,0.9690000000000001,0.9719764033716253,0.0011152752327332482,1.449629712761919e-05,public_state_tabular_independent_mc,0,0.22563502027168272,2.4921981000807136,True,accepted_return_check_disabled,0.1,1,4.1032260959694304e-10,-0.0031128228981729773,100,5.0,0.009231262207031257,5.7799696711689256e-05,0.024288406550559083,0.00014936263455915828,0.002944215909882884,0.002976052600677573
T-L,SA,mc_learned_baseline,False,47,63,44856,16128,16128,0,0,12600,22428,89712,262144,0.9515625000000002,0.9573000000000002,0.9730824875616222,0.0011060841899969143,1.4243992355739517e-05,public_state_tabular_independent_mc,0,0.22323798609967535,2.528655100031756,True,accepted_return_check_disabled,0.1,1,3.960766851810839e-10,-0.003471247658986738,100,5.0,0.010384826660156256,4.601632454512439e-05,0.033735114725530035,0.00014845815566266515,0.0028927836569897242,0.002979201503190012
T-L,SA,mc_learned_baseline,False,47,64,45568,16384,16384,0,0,12800,22784,91136,262144,0.9867187500000003,0.9840000000000001,0.9741434470300593,0.0010609594684370949,1.3097063991725312e-05,public_state_tabular_independent_mc,0,0.22092891684230664,2.5711126000387594,True,accepted_return_check_disabled,0.1,1,8.428570850778934e-12,-0.002443071575755118,100,5.0,0.008028259277343748,0.00019150782162142058,-0.029873417721518525,0.00015705255561252086,0.0026357972573547565,0.002971539867000319
T-L,SA,mc_learned_baseline,False,47,65,46280,16640,16640,0,0,13000,23140,92560,262144,0.9679687500000003,0.9510000000000001,0.975407027269438,0.00126358023937867,1.8583517182112344e-05,public_state_tabular_independent_mc,0,0.21816609113832763,2.6173600000329316,True,accepted_return_check_disabled,0.1,1,1.536068439458931e-10,-0.0036259717925230285,100,5.0,0.00898406982421875,0.00012841147872816056,0.025501484959599474,0.0001851510104528815,0.0037159560224788906,0.002943126045548962
T-L,SA,mc_learned_baseline,False,47,66,46992,16896,16896,0,0,13200,23496,93984,262144,0.9632812500000002,0.9780000000000001,0.9768419928050502,0.001434965535612287,3.958212014690389e-05,public_state_tabular_independent_mc,0,0.21512722266077827,2.6628107000142336,True,accepted_return_check_disabled,0.1,1,3.1253969609094625e-10,-0.0037747448969101195,100,5.0,0.009545533921983512,0.00026807434742496535,0.004819337207142227,0.004345457136829168,0.009348996342456976,-0.0012191015928505987
T-L,SA,mc_learned_baseline,False,47,67,47704,17152,17152,0,0,13400,23852,95408,262144,0.9585937500000001,1.008,0.9780610848241464,0.0012190920190962018,1.7410951804573106e-05,public_state_tabular_independent_mc,0,0.21243261506545244,2.7001304000150412,True,accepted_return_check_disabled,0.1,1,3.811587639422079e-10,-0.0038083880193254373,100,5.0,0.009577331542968755,4.164388153189309e-05,0.040819765037450106,9.588323190081745e-05,0.003468845793184244,0.002945830533012222
T-L,SA,mc_learned_baseline,False,47,68,48416,17408,17408,0,0,13600,24208,96832,262144,0.9656250000000002,0.966,0.9790653108105527,0.0010042259864062597,1.1824197828266264e-05,public_state_tabular_independent_mc,0,0.21020260715462796,2.736071399995126,True,accepted_return_check_disabled,0.1,1,8.82172692436642e-11,-0.0028126156981420946,100,5.0,0.0090966796875,8.036562641524999e-05,0.03145308032232941,0.0001094767976274854,0.0023629185880528094,0.002928290887853621
T-L,SA,mc_learned_baseline,False,47,69,49128,17664,17664,0,0,13800,24564,98256,262144,0.9773437500000002,0.9960000000000001,0.9802195274512664,0.00115421664071369,1.5651951130359605e-05,public_state_tabular_independent_mc,0,0.20762780305398512,2.7739366000751033,True,accepted_return_check_disabled,0.1,1,2.553621598723275e-10,-0.0031074290915024364,100,5.0,0.008357849121093757,7.348795170856407e-05,0.00940564338603156,7.744957121783491e-05,0.003122019810562552,0.0029558958522556845
T-L,SA,mc_learned_baseline,False,47,70,49840,17920,17920,0,0,14000,24920,99680,262144,0.9867187500000003,0.978,0.9812788380732432,0.001059310621976839,1.3209745257974485e-05,public_state_tabular_independent_mc,0,0.20525347339485436,2.817847099970095,True,accepted_return_check_disabled,0.1,1,3.3827335867139536e-10,-0.002625147310049445,100,5.0,0.008193054199218746,0.00048713649791797486,-0.04081012658227823,8.121139476653544e-05,0.002682523447533867,0.0029457347211557226
T-L,SA,mc_learned_baseline,False,47,71,50552,18176,18176,0,0,14200,25276,101104,262144,0.9843750000000002,0.987,0.9823203687747363,0.001041530701493043,1.280109187639753e-05,public_state_tabular_independent_mc,0,0.2029083215553441,2.8551343000726774,True,accepted_return_check_disabled,0.1,1,3.6611975759772733e-10,-0.002651916474291859,100,5.0,0.007701416015625,1.6832625851612265e-06,0.007165354330708418,8.502248109635069e-05,0.0026010124320937408,0.0029348197972099664
T-L,SA,mc_learned_baseline,False,47,72,51264,18432,18432,0,0,14400,25632,102528,262144,0.9890625000000002,0.9990000000000001,0.9835366211175673,0.00121625234283107,1.7518358051927738e-05,public_state_tabular_independent_mc,0,0.20015611007408549,2.8909681000513956,True,accepted_return_check_disabled,0.1,1,5.88861929427933e-11,-0.0030848762189699744,100,5.0,0.00730865478515625,1.7477607119251198e-07,0.00239923224568106,0.00010173937936793997,0.0035379015477278912,0.0029099653465794696
T-L,SA,mc_learned_baseline,False,47,73,51976,18688,18688,0,0,14600,25988,103952,262144,0.9703125000000001,0.9719999999999999,0.9845467693190054,0.001010148201438077,1.2120557253669847e-05,public_state_tabular_independent_mc,0,0.19785889382654462,2.934013399994001,True,accepted_return_check_disabled,0.1,1,3.320585479887917e-10,-0.0029905815385961494,100,5.0,0.008780822753906254,6.179391469418278e-05,0.024333582038933543,9.347911825193979e-05,0.00246221421619901,0.0029072771248389775
T-L,SA,mc_learned_baseline,False,47,74,52688,18944,18944,0,0,14800,26344,105376,262144,0.9796875000000003,0.9990000000000001,0.9857255774475427,0.001178808128537323,1.6578010678524545e-05,public_state_tabular_independent_mc,0,0.19516479264463707,2.96856619999744,True,accepted_return_check_disabled,0.1,1,1.3235614539234497e-13,-0.0033474680894641485,100,5.0,0.008118896484375004,9.285643200790464e-06,0.009926113889095922,8.69040253496219e-05,0.0033351253980352063,0.002903575365641779
T-L,SA,mc_learned_baseline,False,47,75,53400,19200,19200,0,0,15000,26700,106800,262144,0.9726562500000002,0.9810000000000001,0.9867881871907871,0.001062609743244347,1.3527241070611044e-05,public_state_tabular_independent_mc,0,0.19272371517675901,3.003637699992396,True,accepted_return_check_disabled,0.1,1,2.1725560655047405e-11,-0.0031538886243631286,100,5.0,0.008654479980468751,0.0002570814662693555,0.018749457982828455,7.570093259453529e-05,0.0027135816951547615,0.002901427642312473
T-L,SA,mc_learned_baseline,False,47,76,54112,19456,19456,0,0,15200,27056,108224,262144,0.9820312500000002,0.9750000000000001,0.9879435277965464,0.0011553406057592808,1.6073959771829527e-05,public_state_tabular_independent_mc,0,0.19005584146381266,3.039468700066209,True,accepted_return_check_disabled,0.1,1,1.5027505930287768e-12,-0.00327645170802649,100,5.0,0.007910156250000001,7.211340626048952e-05,0.008581224739977467,8.170965556465103e-05,0.0032365894418586692,0.002882130576281297
T-L,SA,mc_learned_baseline,False,47,77,54824,19712,19712,0,0,15400,27412,109648,262144,0.9892968750000002,0.9990000000000001,0.9892070902398593,0.0012635624433129378,1.9138055529547535e-05,public_state_tabular_independent_mc,0,0.18712874761983114,3.0751457000151277,True,accepted_return_check_disabled,0.1,1,5.492957396370686e-11,-0.006541939984087897,100,5.0,0.020654394531249995,0.005304120162002565,-0.005948499107613525,0.00010468795288185752,0.003868026337923004,0.002843355622895707
T-L,SA,mc_learned_baseline,False,47,78,55536,19968,19968,0,0,15600,27768,111072,262144,0.9937500000000001,1.005,0.9904423769176774,0.001235286677818137,1.861908074259815e-05,public_state_tabular_independent_mc,0,0.18424254707422372,3.11862059996929,True,accepted_return_check_disabled,0.1,1,4.6828126912990784e-11,-0.0031926728626758194,100,5.0,0.0068664550781250035,4.089547356068801e-05,0.0006223328591749011,0.00012883775430241475,0.003761338135289921,0.002795146909379863
T-L,SA,mc_learned_baseline,False,47,79,56248,20224,20224,0,0,15800,28124,112496,262144,0.9984375000000003,1.0110000000000001,0.9915735681964581,0.0011311912787806966,1.571713811372388e-05,public_state_tabular_independent_mc,0,0.18158417778062366,3.1618561000796035,True,accepted_return_check_disabled,0.1,1,1.7875090141328683e-10,-0.002761868745966858,100,5.0,0.00647369384765625,7.679104454871824e-06,-0.005264411624582577,7.63879881527255e-05,0.003185078461165928,0.002827615020590627
T-L,SA,mc_learned_baseline,False,47,80,56960,20480,20480,0,0,16000,28480,113920,262144,0.9937500000000004,0.996,0.9926046491509803,0.001031080954522201,1.314390803161965e-05,public_state_tabular_independent_mc,0,0.17914797804359492,3.207120400038548,True,accepted_return_check_disabled,0.1,1,3.068783878453378e-10,-0.002607230685509676,100,5.0,0.0069241333007812505,4.740568881400366e-05,-0.0035784139402561532,6.962627015809071e-05,0.0026187759752069177,0.0028146699865889036
T-L,SA,mc_learned_baseline,False,47,81,57672,20736,20736,0,0,16200,28836,115344,262144,0.9773437500000002,0.9750000000000001,0.9937651096306653,0.0011604604796849882,1.6779810482579148e-05,public_state_tabular_independent_mc,0,0.17639081694977457,3.254060000064783,True,accepted_return_check_disabled,0.1,1,2.7332704945153414e-10,-0.0038419205346489505,100,5.0,0.00859130859375001,5.322203598441552e-05,-0.004511797987884147,9.534200419480463e-05,0.0034063862646572583,0.0027698181369718113
T-L,SA,mc_learned_baseline,False,47,82,58384,20992,20992,0,0,16400,29192,116768,262144,0.9843750000000002,0.9719999999999999,0.9948375428352866,0.0010724332046212481,1.4443200868781488e-05,public_state_tabular_independent_mc,0,0.17382810803689502,3.293103100033477,True,accepted_return_check_disabled,0.1,1,2.369426287158012e-11,-0.00323654721339209,100,5.0,0.007734375000000003,6.603764706860076e-08,0.005039370078739669,6.686106205339725e-05,0.0029147283882214013,0.002775423248416193
T-L,SA,mc_learned_baseline,False,47,83,59096,21248,21248,0,0,16600,29548,118192,262144,0.9867187500000003,0.9840000000000001,0.9959826788848075,0.001145136049520934,1.6613327131537664e-05,public_state_tabular_independent_mc,0,0.17107572209733662,3.340470700059086,True,accepted_return_check_disabled,0.1,1,1.0610355894381879e-10,-0.003483551631865642,100,5.0,0.007514648437500002,8.68103402699766e-07,0.0042126582278479985,9.510269318714375e-05,0.0033630149469102725,0.00272478071224779
T-L,SA,mc_learned_baseline,False,47,84,59808,21504,21504,0,0,16800,29904,119616,262144,1.0007812500000002,0.9839999999999999,0.9969560523196132,0.0009733734348056355,1.210168013208841e-05,public_state_tabular_independent_mc,0,0.1687229376052895,3.3813154000090435,True,accepted_return_check_disabled,0.1,1,2.701883159624803e-10,-0.002350916081222551,100,5.0,0.0063473510742187485,9.99353403795888e-05,-0.014216134694785554,7.42793189783353e-05,0.0024119504086769954,0.00272034803375356
T-L,SA,mc_learned_baseline,False,47,85,60520,21760,21760,0,0,17000,30260,121040,262144,0.9937500000000002,1.002,0.9979891565707026,0.0010331042510894894,1.3754399691321756e-05,public_state_tabular_independent_mc,0,0.16621216817712986,3.4175637000007555,True,accepted_return_check_disabled,0.1,1,6.280640509641471e-11,-0.0028896296977090376,100,5.0,0.006880187988281251,5.441157853753524e-05,-0.000377844950213424,6.456497115496435e-05,0.0027808917856920103,0.002707509248671896
T-L,SA,mc_learned_baseline,False,47,86,61232,22016,22016,0,0,17200,30616,122464,262144,0.9890625000000002,0.996,0.9990985669413152,0.001109410370612518,1.6021967993971042e-05,public_state_tabular_independent_mc,0,0.16349999369440527,3.478875800035894,True,accepted_return_check_disabled,0.1,1,2.111548902522095e-11,-0.003430834678258798,100,5.0,0.007459716796875007,4.6387062513713723e-05,-0.007927897855295463,8.948420728996986e-05,0.0032349608503407894,0.0026575619119672076
T-L,SA,mc_learned_baseline,False,47,87,61944,22272,22272,0,0,17400,30972,123888,262144,0.9914062500000003,1.014,0.9999521105500957,0.0008535436087805381,9.566088311974105e-06,public_state_tabular_independent_mc,0,0.161401838457441,3.534603500040248,True,accepted_return_check_disabled,0.1,1,2.5649943123403554e-10,-0.0024915218730622605,100,5.0,0.0071411132812500035,7.386310743875937e-06,-0.0022379548535649274,0.00011868736699233233,0.0019441262894632052,0.002600231036297606
T-L,SA,mc_learned_baseline,False,47,88,62656,22528,22528,0,0,17600,31328,125312,262144,0.9937500000000002,1.002,1.00087235157027,0.000920241020174295,1.1222376785500863e-05,public_state_tabular_independent_mc,0,0.1591282838639736,3.5736117999767885,True,accepted_return_check_disabled,0.1,1,2.5547579143491573e-10,-0.002609891692963948,100,5.0,0.006858215332031252,8.236534762955228e-06,0.0012224395448078296,7.920809568485344e-05,0.0022367705334301923,0.0026171879495486506
T-L,SA,mc_learned_baseline,False,47,89,63368,22784,22784,0,0,17800,31684,126736,262144,0.9960937500000002,0.9930000000000001,1.001951405125677,0.0010790535554070502,1.5603259761602896e-05,public_state_tabular_independent_mc,0,0.1564469059483928,3.615024400060065,True,accepted_return_check_disabled,0.1,1,9.85768521698476e-12,-0.00314692093302275,100,5.0,0.006657714843750001,2.1679352965797544e-06,-0.0012875043108404594,8.722458254274927e-05,0.003138796837415221,0.00258403005743306
T-L,SA,mc_learned_baseline,False,47,90,64080,23040,23040,0,0,18000,32040,128160,262144,1.0148437500000003,0.99,1.0028146879197495,0.0008632827940724397,1.0087886381607911e-05,public_state_tabular_independent_mc,0,0.15428941851939595,3.65613460005261,True,accepted_return_check_disabled,0.1,1,1.5675497387992917e-11,-0.001747562877047088,100,5.0,0.004724121093749998,5.329444543748711e-07,0.004405429043439213,9.574375805021886e-05,0.0020247220250165393,0.00254489520040063
T-L,SA,mc_learned_baseline,False,47,91,64792,23296,23296,0,0,18200,32396,129584,262144,1.0031250000000003,1.0200000000000002,1.0038765833396275,0.0010618954198780006,1.5446876812819864e-05,public_state_tabular_independent_mc,0,0.15162022606299763,3.69563830003608,True,accepted_return_check_disabled,0.1,1,1.0318928866775981e-10,-0.0028402234944663934,100,5.0,0.005957336425781251,2.56692783665453e-05,-0.0016711229946519968,8.82317699175542e-05,0.003096703855428447,0.002527030991119497
T-L,SA,mc_learned_baseline,False,47,92,65504,23552,23552,0,0,18400,32752,131008,262144,1.01015625,0.987,1.0049371344491205,0.001060551109492991,1.5608977876520634e-05,public_state_tabular_independent_mc,0,0.14893711114590383,3.736042100004852,True,accepted_return_check_disabled,0.1,1,2.6428885959190027e-10,-0.0025217770675197895,100,5.0,0.005182800292968751,1.8670163366476484e-05,0.004950930130364739,9.352429734531952e-05,0.0031200505873178316,0.002489448080885093
T-L,SA,mc_learned_baseline,False,47,93,66216,23808,23808,0,0,18600,33108,132432,262144,0.9914062500000003,1.0050000000000001,1.005792871624059,0.0008557371749384757,1.0279813648887878e-05,public_state_tabular_independent_mc,0,0.14675924310705238,3.775950700044632,True,accepted_return_check_disabled,0.1,1,2.733126886587914e-10,-0.0027517681692398937,100,5.0,0.007141113281250004,2.050367501177521e-06,-0.0022379548535651494,8.273169879494422e-05,0.002047729822472116,0.0024668064573771012
T-L,SA,mc_learned_baseline,False,47,94,66928,24064,24064,0,0,18800,33464,133856,262144,1.0031250000000003,1.0110000000000001,1.006804382550108,0.0010115109260491195,1.4552115967525105e-05,public_state_tabular_independent_mc,0,0.1441696793294701,3.8163151000626385,True,accepted_return_check_disabled,0.1,1,1.225568549748076e-10,-0.0028511446654123445,100,5.0,0.006031494140625007,6.290421326337383e-05,-0.007918552036199289,8.02890733390994e-05,0.002915834110821408,0.002441408614108734
T-L,SA,mc_learned_baseline,False,47,95,67640,24320,24320,0,0,19000,33820,135280,262144,1.0054687500000001,1.014,1.0078051619296302,0.0010007793795221431,1.4446084217946727e-05,public_state_tabular_independent_mc,0,0.14159092512992727,3.852066899999045,True,accepted_return_check_disabled,0.1,1,1.93790761912925e-10,-0.002755648091175283,100,5.0,0.0056909179687500006,7.476005338424853e-06,0.001071610362472497,8.085549400908875e-05,0.002890422824782057,0.0024069397222214826
T-L,SA,mc_learned_baseline,False,47,96,68352,24576,24576,0,0,19200,34176,136704,262144,1.01015625,1.005,1.0086737576774172,0.000868595747786971,1.1025570121985678e-05,public_state_tabular_independent_mc,0,0.13933899496400265,3.8895233999937773,True,accepted_return_check_disabled,0.1,1,9.073401906986356e-11,-0.002201611597512498,100,5.0,0.005207519531250005,4.2427196517837e-05,0.0025779991211363207,6.304107838461543e-05,0.00223331059246035,0.0023901514266594062
T-L,SA,mc_learned_baseline,False,47,97,69064,24832,24832,0,0,19400,34532,138128,262144,1.0031250000000003,0.9960000000000001,1.009410603914431,0.0007368462370138662,1.1363099651482613e-05,public_state_tabular_independent_mc,0,0.1374472977481217,3.9261804000707343,True,accepted_return_check_disabled,0.1,1,1.0527790255709726e-10,-0.002003030161704448,100,5.0,0.0063916974552774945,0.0004817712152996606,-0.06861477203338118,0.0009618571833999955,0.0025665378802670604,0.001460448365038813
T-L,SA,mc_learned_baseline,False,47,98,69776,25088,25088,0,0,19600,34888,139552,262144,1.0148437500000003,1.011,1.0103899101328233,0.0009793062183922618,1.4404196696590806e-05,public_state_tabular_independent_mc,0,0.13487965887394204,3.963157400023192,True,accepted_return_check_disabled,0.1,1,3.547719449581054e-10,-0.0023384699333504973,100,5.0,0.004724121093749998,2.064070491886981e-05,0.004405429043439102,7.56287006052695e-05,0.002875401068132286,0.002304548483872974
T-L,SA,mc_learned_baseline,False,47,99,70488,25344,25344,0,0,19800,35244,140976,262144,1.0078125000000002,1.014,1.0113269399993232,0.0009370298664999055,1.3393598617806204e-05,public_state_tabular_independent_mc,0,0.13240647997706023,4.001094700070098,True,accepted_return_check_disabled,0.1,1,2.2447708097225437e-10,-0.0026440559946979275,100,5.0,0.005506896972656255,4.053772736806139e-05,-0.003497481813094838,6.188050369673387e-05,0.0026779496767601386,0.002282131320768687
T-L,SA,mc_learned_baseline,False,47,100,71200,25600,25600,0,0,20000,35600,142400,262144,1.0078125000000002,1.014,1.0121362114798085,0.000809271480485263,1.0134485990741895e-05,public_state_tabular_independent_mc,0,0.13025727038190404,4.038650600006804,True,accepted_return_check_disabled,0.1,1,9.469313633479954e-11,-0.0023177041424188834,100,5.0,0.005440979003906251,8.689940592237421e-07,0.0025461667599325777,5.220237198443939e-05,0.0020538351472814964,0.0022562602536787997
T-L,SA,mc_learned_baseline,False,47,101,71912,25856,25856,0,0,20200,35956,143824,262144,1.0125000000000002,1.0020000000000002,1.0130464710721312,0.0009102595923227152,1.3024409945408238e-05,public_state_tabular_independent_mc,0,0.1278248220686301,4.075116700027138,True,accepted_return_check_disabled,0.1,1,2.790121878454927e-10,-0.0024065413858143743,100,5.0,0.0049465942382812544,2.634491436590596e-05,0.005382627952755681,6.150887449531815e-05,0.0026016578332899135,0.0022155076655413883
T-L,SA,mc_learned_baseline,False,47,102,72624,26112,26112,0,0,20400,36312,145248,262144,1.01015625,1.0110000000000001,1.0137518979830904,0.000705426910959206,7.931822280862454e-06,public_state_tabular_independent_mc,0,0.1259285195570554,4.11154950002674,True,accepted_return_check_disabled,0.1,1,6.028704534744147e-11,-0.0019493767682400341,100,5.0,0.005193786621093752,1.3882482892966496e-06,0.0038962941262626893,9.600341860590673e-05,0.00158775410725122,0.0021448191130086338
T-L,SA,mc_learned_baseline,False,47,103,73336,26368,26368,0,0,20600,36668,146672,262144,0.9937500000000002,1.005,1.0145171500027619,0.0007652520196714807,9.468333584527192e-06,public_state_tabular_independent_mc,0,0.12386004728424362,4.149899100069888,True,accepted_return_check_disabled,0.1,1,7.725025630245211e-11,-0.002966115199887168,100,5.0,0.006924133300781251,3.5489007865141696e-05,-0.0035784139402563753,5.45816442885726e-05,0.0019181878557740313,0.0021575916281951152
T-L,SA,mc_learned_baseline,False,47,104,74048,26624,26624,0,0,20800,37024,148096,262144,1.0289062500000004,1.0320000000000003,1.015411757262289,0.0008946072595270582,1.3161447755607214e-05,public_state_tabular_independent_mc,0,0.12142658064899926,4.186690000002272,True,accepted_return_check_disabled,0.1,1,1.8825311578479504e-10,-0.0015370565653677185,100,5.0,0.0029855346679687495,1.1910066029776596e-05,0.059330653363685704,7.349171226132435e-05,0.002634592652554387,0.0021070103077909475
T-L,SA,mc_learned_baseline,False,47,105,74760,26880,26880,0,0,21000,37380,149520,262144,1.0265625000000003,1.0170000000000001,1.0162988910589903,0.000887133796701356,1.3180490530869344e-05,public_state_tabular_independent_mc,0,0.11899665824044149,4.221902800025418,True,accepted_return_check_disabled,0.1,1,6.064552403121019e-11,-0.0017416770213678778,100,5.0,0.003416748046874998,2.9929891343438644e-05,0.025897481693160085,7.925899027022236e-05,0.002647551951170222,0.002063436653428937
T-L,SA,mc_learned_baseline,False,47,106,75472,27136,27136,0,0,21200,37736,150944,262144,1.0218750000000003,1.014,1.0170106812807798,0.0007117902217894656,8.623076385410721e-06,public_state_tabular_independent_mc,0,0.11703459770306993,4.259108699974604,True,accepted_return_check_disabled,0.1,1,1.2442545037533049e-11,-0.0016106043746291004,100,5.0,0.003891906738281249,1.97269911282611e-05,0.021633126934985203,6.018864962147558e-05,0.0017411542407199452,0.002044184531334204
T-L,SA,mc_learned_baseline,False,47,107,76184,27392,27392,0,0,21400,38092,152368,262144,1.0031250000000003,1.02,1.0177193688616364,0.0007086875808566262,8.682618385006886e-06,public_state_tabular_independent_mc,0,0.11506982209913225,4.294165899977088,True,accepted_return_check_disabled,0.1,1,1.0205220058267973e-10,-0.0025670394983845785,100,5.0,0.0059765625000000044,1.0822215533297904e-05,-0.0032908268202385127,5.624146248384395e-05,0.0017612611584613444,0.002016784759541373
T-L,SA,mc_learned_baseline,False,47,108,76896,27648,27648,0,0,21600,38448,153792,262144,1.0195312500000004,1.026,1.0185244419887363,0.0008050731270998757,1.1405617497677022e-05,public_state_tabular_independent_mc,0,0.11282383618493105,4.3302018999820575,True,accepted_return_check_disabled,0.1,1,2.814824030863604e-10,-0.0020313128592835987,100,5.0,0.004130859375000003,3.7909818930254277e-05,0.01975667332485942,5.633457846297263e-05,0.0022774404522377125,0.0019849514947717487
T-L,SA,mc_learned_baseline,False,47,109,77608,27904,27904,0,0,21800,38804,155216,262144,1.0289062500000004,1.0110000000000001,1.019173669472632,0.0006492274838958423,7.539065032472423e-06,public_state_tabular_independent_mc,0,0.11100151344459032,4.3652894999831915,True,accepted_return_check_disabled,0.1,1,1.2900197695089775e-10,-0.0011780160359652105,100,5.0,0.0029443359375000023,7.92616332492484e-05,0.06586913353029533,7.65251113363983e-05,0.0015057216531521042,0.001928062557372805
T-L,SA,mc_learned_baseline,False,47,110,78320,28160,28160,0,0,22000,39160,156640,262144,1.0148437500000003,1.02,1.0198418507468896,0.0006681812742574955,8.115523178025062e-06,public_state_tabular_independent_mc,0,0.1091153639589785,4.418293799972162,True,accepted_return_check_disabled,0.1,1,9.812528617431533e-11,-0.002012840246713649,100,5.0,0.004754333496093757,4.604355421169738e-05,0.0011985358426999104,5.795419048156964e-05,0.0016465012710623515,0.00191654219944295
T-L,SA,mc_learned_baseline,False,47,111,79032,28416,28416,0,0,22200,39516,158064,262144,1.0312500000000002,0.9990000000000001,1.020462205433103,0.0006203546862133535,7.107361060992354e-06,public_state_tabular_independent_mc,0,0.10735434251775905,4.472055200021714,True,accepted_return_check_disabled,0.1,1,1.6517683420936935e-10,-0.0010576441570279485,100,5.0,0.0026477050781249997,2.1693017605046053e-05,0.08283898305084803,8.161198170336171e-05,0.0014175122933194608,0.001861451334496494
T-L,SA,mc_learned_baseline,False,47,112,79744,28672,28672,0,0,22400,39872,159488,262144,1.0195312500000004,1.0170000000000001,1.0210092267585458,0.0005470213254428202,5.6078489996507935e-06,public_state_tabular_independent_mc,0,0.10579342339069556,4.510122700012289,True,accepted_return_check_disabled,0.1,1,1.2916824074541148e-10,-0.0014610766529844297,100,5.0,0.004117126464843751,1.6574546267486704e-05,0.021390956963864505,0.00013608606887920377,0.0011395249975653197,0.00177737335687027
T-L,SA,mc_learned_baseline,False,47,113,80456,28928,28928,0,0,22600,40228,160912,262144,1.0148437500000003,1.026,1.0217327575183783,0.000723530759832558,9.988215959985614e-06,public_state_tabular_independent_mc,0,0.10371693671721936,4.544722100021318,True,accepted_return_check_disabled,0.1,1,2.215522853934637e-10,-0.002273117649020068,100,5.0,0.004699401855468749,0.0001229130928494909,0.0070292507531342086,4.994796897775233e-05,0.001995482975695897,0.0018370710065541062
T-L,SA,mc_learned_baseline,False,47,114,81168,29184,29184,0,0,22800,40584,162336,262144,1.0265625000000003,1.0320000000000003,1.0224634659234055,0.0007307084050272028,1.039357914927079e-05,public_state_tabular_independent_mc,0,0.10160573588947619,4.580006100004539,True,accepted_return_check_disabled,0.1,1,1.7478960177420357e-10,-0.0016536760064789421,100,5.0,0.0032656860351562506,2.7438988772242496e-06,0.04799964279335578,5.6510900584937434e-05,0.0020796622322263067,0.0017950521514975824
T-L,SA,mc_learned_baseline,False,47,115,81880,29440,29440,0,0,23000,40940,163760,262144,1.0265625000000003,1.0230000000000001,1.023177149959921,0.000713684036515394,1.0120004418921846e-05,public_state_tabular_independent_mc,0,0.09952963328593316,4.62830079998821,True,accepted_return_check_disabled,0.1,1,1.7116696465271746e-10,-0.0016519268911936132,100,5.0,0.003265686035156251,4.719019170819454e-06,0.04799964279335556,5.5422268964095474e-05,0.0020249232375696377,0.0017597738499244278
T-L,SA,mc_learned_baseline,False,47,116,82592,29696,29696,0,0,23200,41296,165184,262144,1.021875,1.026,1.0238661970236234,0.0006890470637024304,9.629197597381176e-06,public_state_tabular_independent_mc,0,0.09751160242214274,4.663894600002095,True,accepted_return_check_disabled,0.1,1,2.2258397543428264e-10,-0.0019133766071245265,100,5.0,0.0038259887695312514,4.210585523164609e-07,0.02999226006191913,5.1727202144646014e-05,0.0019238577796852113,0.0017274067292113884
T-L,SA,mc_learned_baseline,False,47,117,83304,29952,29952,0,0,23400,41652,166608,262144,1.0289062500000004,1.038,1.0245441753581186,0.0006779783344952328,9.518451428755194e-06,public_state_tabular_independent_mc,0,0.09551256940059907,4.6976337999803945,True,accepted_return_check_disabled,0.1,1,1.8711979144603542e-10,-0.001479899041810092,100,5.0,0.0029443359375000014,2.627777107653315e-05,0.065869133530295,5.259320907088277e-05,0.0019033399035053977,0.0016912147224377376
T-L,SA,mc_learned_baseline,False,47,118,84016,30208,30208,0,0,23600,42008,168032,262144,1.0195312500000002,1.0230000000000001,1.0252008266346206,0.0006566512765020516,9.118263620407626e-06,public_state_tabular_independent_mc,0,0.09356336019262515,4.731656500021927,True,accepted_return_check_disabled,0.1,1,2.1347253575155083e-10,-0.0020622064996901617,100,5.0,0.004150085449218752,8.937227590696263e-06,0.01746867623025239,5.0322452827638176e-05,0.0018217337032839362,0.0016582391527651822
T-L,SA,mc_learned_baseline,False,47,119,84728,30464,30464,0,0,23800,42364,169456,262144,1.0195312500000002,1.032,1.0258423703169204,0.0006415436822997389,8.889547302806488e-06,public_state_tabular_independent_mc,0,0.09164622328263607,4.7664895000634715,True,accepted_return_check_disabled,0.1,1,2.067777209955771e-10,-0.002064836667128227,100,5.0,0.004150085449218755,6.378442971291837e-06,0.017468676230252167,4.9880887166424407e-05,0.0017761416719453307,0.0016240818747349983
T-L,SA,mc_learned_baseline,False,47,120,85440,30720,30720,0,0,24000,42720,170880,262144,1.0148437500000003,1.035,1.026472698867669,0.0006303285507485157,8.767618672918938e-06,public_state_tabular_independent_mc,0,0.08974994581960122,4.79952660005074,True,accepted_return_check_disabled,0.1,1,1.7957461051836883e-10,-0.0024035300232557685,100,5.0,0.004930114746093759,7.567243532622883e-05,-0.01745975187068849,5.041943304692116e-05,0.0017529710752621156,0.0015893021602631531
T-L,SA,mc_learned_baseline,False,47,121,86152,30976,30976,0,0,24200,43076,172304,262144,1.0359375000000002,1.0200000000000002,1.0271011654349917,0.0006284665673228496,8.910165997762381e-06,public_state_tabular_independent_mc,0,0.08784641298268514,4.836192100076005,True,accepted_return_check_disabled,0.1,1,4.984919369696654e-11,-0.0010566990571672886,100,5.0,0.00203521728515625,2.6529942830869555e-06,0.13307611823175525,5.451999874667179e-05,0.0017896617663239836,0.0015511370662057073
T-L,SA,mc_learned_baseline,False,47,122,86864,31232,31232,0,0,24400,43432,173728,262144,1.0312500000000002,1.026,1.027706328879737,0.0006051634447452603,8.447045047842845e-06,public_state_tabular_independent_mc,0,0.08600096823134261,4.8755604000762105,True,accepted_return_check_disabled,0.1,1,1.2731781443989093e-10,-0.001339939785778035,100,5.0,0.002636718750000001,8.064550524959732e-06,0.08474576271186496,5.086108910273997e-05,0.0016912773876107986,0.0015204156996996374
T-L,SA,mc_learned_baseline,False,47,123,87576,31488,31488,0,0,24600,43788,175152,262144,1.0382812500000003,1.026,1.0283306230773062,0.0006242941975691529,9.200714920802253e-06,public_state_tabular_independent_mc,0,0.08408394814289247,4.9133976000593975,True,accepted_return_check_disabled,0.1,1,1.2624595882649897e-10,-0.0009950766608881165,100,5.0,0.0019638061523437455,8.447597012081786e-05,0.11142454160789994,6.810024660245092e-05,0.0018716229764436675,0.0014696781439489334
T-L,SA,mc_learned_baseline,False,47,124,88288,31744,31744,0,0,24800,44144,176576,262144,1.0289062500000004,1.0200000000000002,1.0287981764849607,0.0004675534076545862,5.264537241918206e-06,public_state_tabular_independent_mc,0,0.08263917785496043,4.951903800014406,True,accepted_return_check_disabled,0.1,1,4.8914538841807885e-11,-0.001198434396748068,100,5.0,0.0029663085937500027,2.791947734311938e-05,0.06238194410810294,7.892230381727493e-05,0.0010541182388248494,0.0014238947489283475
T-L,SA,mc_learned_baseline,False,47,125,89000,32000,32000,0,0,25000,44500,178000,262144,1.0242187500000002,1.0320000000000003,1.0293591481792148,0.0005609716942540643,7.741631139740345e-06,public_state_tabular_independent_mc,0,0.08089521479085858,4.989510799990967,True,accepted_return_check_disabled,0.1,1,1.4212864105249334e-10,-0.0017981682887497738,100,5.0,0.003603515625000003,2.4531732549088412e-05,0.030505243088655765,4.884810940723126e-05,0.001548798713343359,0.001427516623707792
T-L,SA,mc_learned_baseline,False,47,126,89712,32256,32256,0,0,25200,44856,179424,262144,1.0312500000000004,1.026,1.0299107892334387,0.0005516410542238948,7.659482492678944e-06,public_state_tabular_independent_mc,0,0.07916875146368194,5.025580000015907,True,accepted_return_check_disabled,0.1,1,9.606011769227784e-11,-0.001348170204906602,100,5.0,0.0026477050781249997,4.310412918922846e-06,0.08283898305084814,4.9649010687438495e-05,0.0015348155789670786,0.0013946744959632271
T-L,SA,mc_learned_baseline,False,47,127,90424,32512,32512,0,0,25400,45212,180848,262144,1.0335937500000003,1.0230000000000001,1.0304450585190323,0.000534269285593636,7.351878565316088e-06,public_state_tabular_independent_mc,0,0.07748545424884418,5.065164100029506,True,accepted_return_check_disabled,0.1,1,1.284298177561356e-10,-0.0011674008934963506,100,5.0,0.002370300292968755,8.350911930416396e-05,0.09973676513600371,4.8375556540559464e-05,0.0014712110552673797,0.001364116632152924
T-L,SA,mc_learned_baseline,False,47,128,91136,32768,32768,0,0,25600,45568,182272,262144,1.0359375000000004,1.008,1.030977963235279,0.0005329047162465628,7.488339286687237e-06,public_state_tabular_independent_mc,0,0.07579514521736903,5.1013806000119075,True,accepted_return_check_disabled,0.1,1,1.586905080329185e-11,-0.0010646709644217005,100,5.0,0.002079162597656249,2.0244422069385103e-05,0.12365942976719868,5.162484695400805e-05,0.0015071436263505583,0.001329733074271329
T-L,SA,mc_learned_baseline,False,47,129,91848,33024,33024,0,0,25800,45924,183696,262144,1.0242187500000002,1.0350000000000001,1.0314822311300211,0.0005042678947422274,6.863643611080331e-06,public_state_tabular_independent_mc,0,0.07418495442578867,5.135300699970685,True,accepted_return_check_disabled,0.1,1,1.4726784472475443e-10,-0.0017795455531495422,100,5.0,0.0035375976562500022,1.0371571894080218e-05,0.03945786877771784,4.726065057919774e-05,0.0013722146686889372,0.001302743205880951
T-L,SA,mc_learned_baseline,False,47,130,92560,33280,33280,0,0,26000,46280,185120,262144,1.0359375000000002,1.0410000000000001,1.0319811167600539,0.0004988856300327527,6.8779843463430964e-06,public_state_tabular_independent_mc,0,0.07258138914085137,5.171391100040637,True,accepted_return_check_disabled,0.1,1,8.134891355689633e-11,-0.0010238174140757507,100,5.0,0.0020132446289062526,2.221591278642577e-05,0.13778446246403397,4.843581993118482e-05,0.0013786148575982234,0.0012716235823270348
T-L,SA,mc_learned_baseline,False,47,131,93272,33536,33536,0,0,26200,46636,186544,262144,1.03359375,1.038,1.032468644256829,0.00048752749677505314,6.72698396095862e-06,public_state_tabular_independent_mc,0,0.07100387987594535,5.208672299981117,True,accepted_return_check_disabled,0.1,1,6.600923429213176e-11,-0.0011943411511658947,100,5.0,0.0023373413085937492,5.163923294030249e-06,0.10605440187189263,4.8482178914009565e-05,0.0013492417871270401,0.0012416889795685857
T-L,SA,mc_learned_baseline,False,47,132,93984,33792,33792,0,0,26400,46992,187968,262144,1.0289062500000004,1.0320000000000003,1.0328518984055006,0.0003832541486716856,4.24450270847568e-06,public_state_tabular_independent_mc,0,0.06975631319945323,5.245224200072698,True,accepted_return_check_disabled,0.1,1,4.2523653006339306e-11,-0.0011996716544269708,100,5.0,0.002952575683593751,5.0079118450866e-07,0.06456143749697318,7.877802810662092e-05,0.0008497675374989839,0.0011819322453760458
T-L,SA,mc_learned_baseline,False,47,133,94696,34048,34048,0,0,26600,47348,189392,262144,1.0265625000000003,1.035,1.0333154622087297,0.0004635638032290945,6.351920398058019e-06,public_state_tabular_independent_mc,0,0.06823830279821051,5.280402900069021,True,accepted_return_check_disabled,0.1,1,7.990996919345458e-11,-0.0016743190613296762,100,5.0,0.0033398437500000043,2.917299803988164e-05,0.037149490980531774,4.7662311584286305e-05,0.0012729404897635851,0.0011897125816975136
T-L,SA,mc_learned_baseline,False,47,134,95408,34304,34304,0,0,26800,47704,190816,262144,1.0265625000000003,1.035,1.0337656351188513,0.00045017291012161564,6.13678425600799e-06,public_state_tabular_independent_mc,0,0.06675442523495984,5.316644500009716,True,accepted_return_check_disabled,0.1,1,9.264644863248413e-11,-0.0016618079971765216,100,5.0,0.003284912109375002,3.1013509801145973e-06,0.04518664047151277,4.720149614324919e-05,0.0012289643922648431,0.0011617415568181886
T-L,SA,mc_learned_baseline,False,47,135,96120,34560,34560,0,0,27000,48060,192240,262144,1.0382812500000003,1.0410000000000001,1.0342073954498092,0.00044176033095788547,6.055578459797893e-06,public_state_tabular_independent_mc,0,0.0652886882465801,5.351667999988422,True,accepted_return_check_disabled,0.1,1,5.906956655586457e-11,-0.0008625343698800345,100,5.0,0.001691894531250001,2.262177568140116e-05,0.17756662460099493,4.7619432613450474e-05,0.0012146737832151053,0.001133496591549323
T-L,SA,mc_learned_baseline,False,47,136,96832,34816,34816,0,0,27200,48416,193664,262144,1.03359375,1.0410000000000001,1.0346373649448835,0.0004299694950742339,5.87945353564862e-06,public_state_tabular_independent_mc,0,0.06385267510200686,5.389330800040625,True,accepted_return_check_disabled,0.1,1,6.096764133499535e-11,-0.0011914647135760677,100,5.0,0.002370300292968755,3.721589376530049e-05,0.09973676513600371,4.737093696975774e-05,0.0011791223230768434,0.00110623069499193
T-L,SA,mc_learned_baseline,False,47,137,97544,35072,35072,0,0,27400,48772,195088,262144,1.0453125000000003,1.0320000000000003,1.0350666117005964,0.00042924675571298643,6.0089511548090605e-06,public_state_tabular_independent_mc,0,0.0624095462327125,5.423845799989067,True,accepted_return_check_disabled,0.1,1,8.15801690162008e-13,-0.00038614221050917646,100,5.0,0.0007168579101562492,6.171308153173501e-06,0.41556962025316535,5.012885292148735e-05,0.0012141688796602145,0.0010764954894749562
T-L,SA,mc_learned_baseline,False,47,138,98256,35328,35328,0,0,27600,49128,196512,262144,1.0359375000000002,1.0320000000000003,1.0354756057028704,0.00040899400227401017,5.5940415428075666e-06,public_state_tabular_independent_mc,0,0.06102537792227056,5.459450599970296,True,accepted_return_check_disabled,0.1,1,4.4113621131068584e-11,-0.001033936139208609,100,5.0,0.00201324462890625,1.3039232555357582e-06,0.13778446246403353,4.732116250598054e-05,0.001122886881258439,0.0010521771231067592
T-L,SA,mc_learned_baseline,False,47,139,98968,35584,35584,0,0,27800,49484,197936,262144,1.0265625000000003,1.038,1.0358703353707586,0.00039472966788811625,5.342124575414882e-06,public_state_tabular_independent_mc,0,0.05968077855706561,5.49793850001879,True,accepted_return_check_disabled,0.1,1,7.789834026128188e-11,-0.001668452595112321,100,5.0,0.003284912109375003,6.460702658420821e-08,0.04518664047151233,4.6626828192164124e-05,0.0010700530413111796,0.0010268448246275703
T-L,SA,mc_learned_baseline,False,47,140,99680,35840,35840,0,0,28000,49840,199360,262144,1.0406250000000004,1.038,1.0362630917468925,0.0003927563761338959,5.42462595820348e-06,public_state_tabular_independent_mc,0,0.05833415469024747,5.532198900007643,True,accepted_return_check_disabled,0.1,1,5.603241600245675e-12,-0.0007206008724510347,100,5.0,0.0013870239257812484,2.917662627132532e-06,0.2254986244841829,4.815037708486372e-05,0.00109299270565231,0.001000035388737557
T-L,SA,mc_learned_baseline,False,47,141,100392,36096,36096,0,0,28200,50196,200784,262144,1.0429687500000004,1.0350000000000001,1.0365742595239296,0.0003111677770371024,1.0592029641480403e-05,public_state_tabular_independent_mc,0,0.057369808717941895,5.5691295000724494,True,accepted_return_check_disabled,0.1,1,3.791610587643696e-11,-0.00033311474398469755,100,5.0,0.0013048302544487792,0.00015782120160434747,0.2908497371412343,0.001851977711576872,0.0026959725790618805,-0.0008291142104565018
T-L,SA,mc_learned_baseline,False,47,142,101104,36352,36352,0,0,28400,50552,202208,262144,1.0406250000000004,1.038,1.0369502258366459,0.00037596631271630265,5.177325487578648e-06,public_state_tabular_independent_mc,0,0.05606723917006041,5.625241499976255,True,accepted_return_check_disabled,0.1,1,6.044751385687953e-12,-0.0007189783654384264,100,5.0,0.0013870239257812484,4.610562160261409e-06,0.22549862448418279,2.1105671030750133e-05,0.0010430475021865834,0.000960495352798999
T-L,SA,mc_learned_baseline,False,47,143,101816,36608,36608,0,0,28600,50908,203632,262144,1.0382812500000003,1.0410000000000001,1.0373120705692518,0.00036184473260592043,4.920233864945783e-06,public_state_tabular_independent_mc,0,0.05480543047394546,5.6734195000026375,True,accepted_return_check_disabled,0.1,1,3.5398466530793044e-11,-0.0008672045424957709,100,5.0,0.0017001342773437526,1.777678823691917e-05,0.17556231905574948,2.007844540054928e-05,0.0009879545750664156,0.0009369968214956233
T-L,SA,mc_learned_baseline,False,47,144,102528,36864,36864,0,0,28800,51264,205056,262144,1.0359375000000002,1.02,1.0376632108573922,0.00035114028814042797,4.753599459988203e-06,public_state_tabular_independent_mc,0,0.053573059072894426,5.7121070000575855,True,accepted_return_check_disabled,0.1,1,4.47877707425022e-11,-0.001028415033664438,100,5.0,0.002035217285156249,3.581406273254924e-05,0.13307611823175525,1.97959006675574e-05,0.0009537311825739824,0.0009135343032170107
T-L,SA,mc_learned_baseline,False,47,145,103240,37120,37120,0,0,29000,51620,206480,262144,1.0382812500000003,1.0320000000000003,1.0380075003103006,0.0003442894529084306,4.689449678114504e-06,public_state_tabular_independent_mc,0,0.05235695485252046,5.751137600047514,True,accepted_return_check_disabled,0.1,1,2.0850608022330238e-11,-0.000876205760401164,100,5.0,0.001757812499999998,6.224164960465607e-05,0.16153218023903282,2.0060517420161283e-05,0.0009427681055876638,0.0008900953058648128
T-L,SA,mc_learned_baseline,False,47,146,103952,37376,37376,0,0,29200,51976,207904,262144,1.0382812500000003,1.0320000000000003,1.0383415613648872,0.0003340610545865541,4.530958593259877e-06,public_state_tabular_independent_mc,0,0.05116939432193363,5.789817600045353,True,accepted_return_check_disabled,0.1,1,2.8657537363917252e-11,-0.0008695911248911413,100,5.0,0.0017138671875000023,2.6274592856983222e-05,0.17222180981367385,1.977691731661308e-05,0.0009101414400590951,0.0008675306480269582
T-L,SA,mc_learned_baseline,False,47,147,104664,37632,37632,0,0,29400,52332,209328,262144,1.0476562500000002,1.0470000000000002,1.0387074738121833,0.00036591244729611283,5.592058438594069e-06,public_state_tabular_independent_mc,0,0.049859757802415784,5.826353400014341,True,accepted_return_check_disabled,0.1,1,1.1354841959180479e-11,-0.00024385327550373724,100,5.0,0.00044769287109374626,1.1523590538783557e-05,0.5655069086066276,4.02751238315091e-05,0.0011336402064751542,0.0008247437073494656
T-L,SA,mc_learned_baseline,False,47,148,105376,37888,37888,0,0,29600,52688,210752,262144,1.0312500000000002,1.044,1.0390218053045515,0.0003143314923681473,4.240171760648748e-06,public_state_tabular_independent_mc,0,0.0487271136737787,5.864017000072636,True,accepted_return_check_disabled,0.1,1,3.5478581728567137e-11,-0.0013713211583398811,100,5.0,0.0026806640625000027,1.7300359944228527e-06,0.07711864406779645,1.9448724963530506e-05,0.0008510759597236806,0.0008210214251678896
T-L,SA,mc_learned_baseline,False,47,149,106088,38144,38144,0,0,29800,53044,212176,262144,1.0406250000000004,1.0410000000000001,1.0393307441239465,0.00030893881939508816,4.2052259995032155e-06,public_state_tabular_independent_mc,0,0.04760681897060729,5.904529400053434,True,accepted_return_check_disabled,0.1,1,9.466436792600143e-12,-0.0007116216598827304,100,5.0,0.0013870239257812505,1.503618536662585e-05,0.2254986244841819,1.9794799009087552e-05,0.0008465324881168889,0.0007994746441181221
T-L,SA,mc_learned_baseline,False,47,150,106800,38400,38400,0,0,30000,53400,213600,262144,1.0335937500000003,1.0470000000000002,1.039627959847419,0.00029721572347241043,3.995920154388187e-06,public_state_tabular_independent_mc,0,0.04652220623163735,5.941383500001393,True,accepted_return_check_disabled,0.1,1,3.666198618261487e-11,-0.0011994902788016323,100,5.0,0.002337341308593753,6.163122399134811e-07,0.10605440187189197,1.9260591692711674e-05,0.0008018370955647326,0.0007790705205217246
T-L,SA,mc_learned_baseline,False,47,151,107512,38656,38656,0,0,30200,53756,215024,262144,1.0406250000000004,1.038,1.0399189990421789,0.00029103919475992335,3.934178988148903e-06,public_state_tabular_independent_mc,0,0.04545344447573507,5.9768886000383645,True,accepted_return_check_disabled,0.1,1,1.8806758549655607e-11,-0.0007027233665075838,100,5.0,0.0013732910156250013,1.5846309891207676e-05,0.22936726272352148,1.9385366878290976e-05,0.0007908513869677166,0.0007587071269937782
T-L,SA,mc_learned_baseline,False,47,152,108224,38912,38912,0,0,30400,54112,216448,262144,1.0476562500000002,1.0350000000000001,1.0402069691034794,0.0002879700613005465,3.956609035863349e-06,public_state_tabular_independent_mc,0,0.04438923858972709,6.016709299990907,True,accepted_return_check_disabled,0.1,1,7.166178138316259e-13,-0.00019412872279254113,100,5.0,0.00035980224609374835,4.4934162249587265e-06,0.613450973863827,2.0210812273776698e-05,0.0007997098184792719,0.0007379735400080935
T-L,SA,mc_learned_baseline,False,47,153,108936,39168,39168,0,0,30600,54468,217872,262144,1.0453125000000003,1.0470000000000002,1.0404878072562997,0.00028083815282031743,3.866760883560872e-06,public_state_tabular_independent_mc,0,0.04334475607635563,6.057361999992281,True,accepted_return_check_disabled,0.1,1,3.1720031748456852e-12,-0.00037713643201941214,100,5.0,0.0007168579101562491,1.960631470654334e-06,0.41556962025316546,2.0299034952487095e-05,0.0007823387019650663,0.0007180993591630189
T-L,SA,mc_learned_baseline,False,47,154,109648,39424,39424,0,0,30800,54824,219296,262144,1.0406250000000004,1.044,1.0407557993923024,0.0002679921360027038,3.6173217098661733e-06,public_state_tabular_independent_mc,0,0.04234175286518191,6.0965162999928,True,accepted_return_check_disabled,0.1,1,1.3964786175312437e-11,-0.0007053206409460439,100,5.0,0.0013650512695312516,2.944140109396918e-06,0.231688445667125,1.9206001767970907e-05,0.0007275141409340322,0.0006998123808143994
T-L,SA,mc_learned_baseline,False,47,155,110360,39680,39680,0,0,31000,55180,220720,262144,1.0429687500000004,1.038,1.0410159870533957,0.0002601876610932585,3.502477644257279e-06,public_state_tabular_independent_mc,0,0.0413618935450735,6.13535870006308,True,accepted_return_check_disabled,0.1,1,1.7129787246058308e-11,-0.0005293813649731542,100,5.0,0.0010409545898437504,2.3436306725082023e-05,0.3057800511508957,1.9089000462450397e-05,0.0007040597362170559,0.0006813584337328893
T-L,SA,mc_learned_baseline,False,47,156,111072,39936,39936,0,0,31200,55536,222144,262144,1.0500000000000003,1.038,1.0415392856964871,0.0005232986430914188,1.4847758674678587e-05,public_state_tabular_independent_mc,0,0.03937231006321381,6.1736185000045225,True,accepted_return_check_disabled,0.1,1,4.031577118888263e-12,-4.625806639977519e-05,100,5.0,4.39453124999971e-05,9.959919540664032e-08,0.9648437500000024,0.0008746889329329187,0.003026360078941163,-0.00019234395281969487
T-L,SA,mc_learned_baseline,False,47,157,111784,40192,40192,0,0,31400,55892,223568,262144,1.0406250000000004,1.05,1.041778772126472,0.0002394864299848365,3.22648193526962e-06,public_state_tabular_independent_mc,0,0.038453025905588245,6.210313800023869,True,accepted_return_check_disabled,0.1,1,9.350299783886845e-12,-0.0007086148477534275,100,5.0,0.001387023925781251,1.8374006897458764e-05,0.22549862448418156,1.899591131680818e-05,0.0006492870454527412,0.0006267249836680971
T-L,SA,mc_learned_baseline,False,47,158,112496,40448,40448,0,0,31600,56248,224992,262144,1.0453125000000003,1.044,1.042015050857152,0.00023627873067999516,3.2282544786307383e-06,public_state_tabular_independent_mc,0,0.03754043709477384,6.243721800041385,True,accepted_return_check_disabled,0.1,1,1.0619509805583854e-12,-0.00037300195019688377,100,5.0,0.0007168579101562492,6.306831724154781e-06,0.41556962025316535,1.948757226052176e-05,0.0006527366872308076,0.0006093762481137584
T-L,SA,mc_learned_baseline,False,47,159,113208,40704,40704,0,0,31800,56604,226416,262144,1.0406250000000004,1.0410000000000001,1.0422411415157966,0.00022609065864465094,3.03806922401693e-06,public_state_tabular_independent_mc,0,0.036661812404111586,6.279173400020227,True,accepted_return_check_disabled,0.1,1,1.0266632840218989e-11,-0.0007070102668087465,100,5.0,0.0013650512695312516,4.058918087712404e-07,0.2316884456671252,1.8866546811022973e-05,0.0006112074587725059,0.0005933068190453666
T-L,SA,mc_learned_baseline,False,47,160,113920,40960,40960,0,0,32000,56960,227840,262144,1.0359375000000002,1.0350000000000001,1.0424610635259137,0.00021992201011711288,2.954314537442509e-06,public_state_tabular_independent_mc,0,0.03580195031893474,6.3164213000563905,True,accepted_return_check_disabled,0.1,1,9.216366454411685e-12,-0.0010580750056165226,100,5.0,0.0020544433593750033,4.545307172474573e-06,0.12895631702851096,1.8828300487225044e-05,0.0005944513237451586,0.0005773192647173449
T-L,SA,mc_learned_baseline,False,47,161,114632,41216,41216,0,0,32200,57316,229264,262144,1.0453125000000003,1.0350000000000001,1.0426746629191883,0.00021359939327458832,2.8643748145448954e-06,public_state_tabular_independent_mc,0,0.03496173914157603,6.352429500082508,True,accepted_return_check_disabled,0.1,1,1.0412413367925173e-11,-0.0003568101064058104,100,5.0,0.0006948852539062502,1.3220559086684637e-05,0.4246835443037972,1.8765648198430482e-05,0.0005761892986749346,0.0005617417383965656
T-L,SA,mc_learned_baseline,False,47,162,115344,41472,41472,0,0,32400,57672,230688,262144,1.0476562500000002,1.044,1.0429255862970335,0.00025092337784515806,6.554421993088758e-06,public_state_tabular_independent_mc,0,0.034021291495809104,6.389697700040415,True,accepted_return_check_disabled,0.1,1,7.986772540500408e-11,-0.00021254040330830968,100,5.0,0.00046757052597695383,7.37100401336269e-05,0.6185693888749846,0.0006855320138638753,0.0015525140712912377,-0.00012026389756128095
T-L,SA,mc_learned_baseline,False,47,163,116056,41728,41728,0,0,32600,58028,232112,262144,1.0429687500000002,1.0320000000000003,1.0431277322182586,0.00020214592122513864,2.7146597702605524e-06,public_state_tabular_independent_mc,0,0.03321625101904116,6.424809499992989,True,accepted_return_check_disabled,0.1,1,5.805946402805731e-12,-0.0005356549835895983,100,5.0,0.00102996826171875,1.1133288453085045e-09,0.30946291560102346,8.160541690243006e-06,0.0005465875820038113,0.0005309029638928108
T-L,SA,mc_learned_baseline,False,47,164,116768,41984,41984,0,0,32800,58384,233536,262144,1.0453125000000003,1.0470000000000002,1.0433256688832155,0.00019793666495693252,2.6762487770503397e-06,public_state_tabular_independent_mc,0,0.03242321745151484,6.460209800046869,True,accepted_return_check_disabled,0.1,1,2.7075373904999184e-13,-0.00036626173799450925,100,5.0,0.0007031249999999985,3.188693842462833e-06,0.4212658227848112,8.277295556964625e-06,0.0005401441248658465,0.0005162642269047427
T-L,SA,mc_learned_baseline,False,47,165,117480,42240,42240,0,0,33000,58740,234960,262144,1.0453125000000003,1.0410000000000001,1.0435184521318592,0.0001927832486436909,2.61081481596342e-06,public_state_tabular_independent_mc,0,0.03164616664644947,6.4968037999933586,True,accepted_return_check_disabled,0.1,1,4.66583221851068e-15,-0.00036839043886416865,100,5.0,0.000716857910156249,1.2836723633305259e-05,0.41556962025316546,8.283840200878983e-06,0.0005273365279860917,0.0005019964088841815
T-L,SA,mc_learned_baseline,False,47,166,118192,42496,42496,0,0,33200,59096,236384,262144,1.0382812500000003,1.044,1.0437000187264567,0.00018156659459744873,2.3804152458688714e-06,public_state_tabular_independent_mc,0,0.030909988203703737,6.532507900032215,True,accepted_return_check_disabled,0.1,1,3.999219497087373e-11,-0.0008430876092584104,100,5.0,0.0017330932617187498,0.00010713789993540129,0.16754509687476837,8.017990927005659e-06,0.00047664692240288617,0.0004883326424335117
T-L,SA,mc_learned_baseline,False,47,167,118904,42752,42752,0,0,33400,59452,237808,262144,1.0476562500000002,1.044,1.0438799814876254,0.00017996276116871712,2.4040502891285656e-06,public_state_tabular_independent_mc,0,0.03017603225877349,6.568448400008492,True,accepted_return_check_disabled,0.1,1,8.125845989224323e-12,-0.00018080017990728897,100,5.0,0.00034881591796874994,7.742844989235691e-06,0.619443982020976,7.952019168467946e-06,0.000483679658499962,0.0004752436880361597
T-L,SA,mc_learned_baseline,False,47,168,119616,43008,43008,0,0,33600,59808,239232,262144,1.0500000000000003,1.0350000000000001,1.0442728344768561,0.00039285298923075196,1.2066142192846582e-05,public_state_tabular_independent_mc,0,0.02855837718698622,6.606370000052266,True,accepted_return_check_disabled,0.1,1,1.8823652673256993e-10,-2.601977945389049e-05,100,5.0,2.4719238281247193e-05,4.338331329962352e-07,0.9802246093750023,0.0008127603799534423,0.002487023478613054,-0.0003426376404701949
T-L,SA,mc_learned_baseline,False,47,169,120328,43264,43264,0,0,33800,60164,240656,262144,1.0359375000000002,1.044,1.044436326979604,0.00016349250274783067,2.1747441057430003e-06,public_state_tabular_independent_mc,0,0.02787864033787892,6.6451514000073075,True,accepted_return_check_disabled,0.1,1,1.0140426405249782e-11,-0.0010541352454314138,100,5.0,0.0020352172851562534,8.875313712522464e-07,0.1330761182317547,7.824500776772587e-06,0.0004372593406136967,0.0004336419274756744
T-L,SA,mc_learned_baseline,False,47,170,121040,43520,43520,0,0,34000,60520,242080,262144,1.0429687500000002,1.0470000000000002,1.0445959326751262,0.0001596056955222025,2.1315194388741493e-06,public_state_tabular_independent_mc,0,0.02721120122965673,6.682895999983884,True,accepted_return_check_disabled,0.1,1,4.83197577029603e-12,-0.0005353906049230435,100,5.0,0.0010299682617187502,1.1125998001088497e-06,0.30946291560102346,7.821628129263331e-06,0.00042915669392147457,0.000421671112398962
T-L,SA,mc_learned_baseline,False,47,171,121752,43776,43776,0,0,34200,60876,243504,262144,1.0453125000000003,1.0470000000000002,1.0447515339917648,0.00015560131663860943,2.083846246613614e-06,public_state_tabular_independent_mc,0,0.026556721348408596,6.7225369000807405,True,accepted_return_check_disabled,0.1,1,2.097650666586635e-12,-0.0003613416165818784,100,5.0,0.000692138671875,2.416724294845171e-07,0.42582278481012703,7.821686047627038e-06,0.00042000034864334295,0.0004099548833380358
T-L,SA,mc_learned_baseline,False,47,172,122464,44032,44032,0,0,34400,61232,244928,262144,1.0453125000000003,1.0470000000000002,1.044902612880115,0.00015107888835030892,2.0207922647566246e-06,public_state_tabular_independent_mc,0,0.025917576246701907,6.762134799966589,True,accepted_return_check_disabled,0.1,1,2.48207016167085e-12,-0.00036065353602345376,100,5.0,0.0006948852539062503,4.154740770293129e-06,0.4246835443037975,7.780952291373402e-06,0.0004072047023030845,0.00039854758127462204
T-L,SA,mc_learned_baseline,False,47,173,123176,44288,44288,0,0,34600,61588,246352,262144,1.0476562500000002,1.044,1.0450439840681478,0.00014137118803270177,2.2890644958499784e-06,public_state_tabular_independent_mc,1,0.02530553258959087,6.799684699974023,True,accepted_return_check_disabled,0.1,1,1.4638655055873872e-11,-0.0001786151880646294,100,5.0,0.00035400390625000064,1.5362884090601417e-05,0.6155422840019974,7.323816247807074e-05,0.00043991236466796107,0.00032195067756861677
T-L,SA,mc_learned_baseline,False,47,174,123888,44544,44544,0,0,34800,61944,247776,262144,1.0500000000000003,1.05,1.0451807735331973,0.00013678946504946943,1.748312287743888e-06,public_state_tabular_independent_mc,0,0.024720539384971547,6.835916700074449,True,accepted_return_check_disabled,0.1,1,4.304238495855498e-11,-2.891073281962059e-06,100,5.0,2.7465820312496886e-06,3.3601946272334903e-06,0.9978027343750002,9.700713683835322e-06,0.0003494188591331357,0.0003768612889440047
T-L,SA,mc_learned_baseline,False,47,175,124600,44800,44800,0,0,35000,62300,249200,262144,1.0453125000000003,1.044,1.0453198164317161,0.00013904289851884855,1.8577109511150335e-06,public_state_tabular_independent_mc,0,0.0241225750471274,6.873672700021416,True,accepted_return_check_disabled,0.1,1,1.5627977732721577e-12,-0.00036176319325474464,100,5.0,0.0007031249999999985,1.0501762801025832e-05,0.42126582278481106,9.132553085578069e-06,0.0003744970426618407,0.00036725189144670977
T-L,SA,mc_learned_baseline,False,47,176,125312,45056,45056,0,0,35200,62656,250624,262144,1.0476562500000002,1.044,1.0454564268674664,0.00013661043575030618,1.8454692954751523e-06,public_state_tabular_independent_mc,0,0.02353169802819863,6.9108714000321925,True,accepted_return_check_disabled,0.1,1,1.3745861623817375e-12,-0.0001879407859921903,100,5.0,0.00035980224609374824,2.8204331261053296e-06,0.613450973863827,9.216790927049963e-06,0.00037341310961412687,0.0003568022475665295
T-L,SA,mc_learned_baseline,False,47,177,126024,45312,45312,0,0,35400,63012,252048,262144,1.0429687500000004,1.0470000000000002,1.0455872916216429,0.00013086475417645183,1.7425809624083874e-06,public_state_tabular_independent_mc,0,0.022962439574017623,6.947624400025234,True,accepted_return_check_disabled,0.1,1,2.8617374968901083e-12,-0.0005378901683584976,100,5.0,0.0010327148437500005,1.9987147942757834e-08,0.30854219948849115,8.980257222851573e-06,0.00035102420896132195,0.00034683489155904113
T-L,SA,mc_learned_baseline,False,47,178,126736,45568,45568,0,0,35600,63368,253472,262144,1.0500000000000003,1.05,1.0457216288859348,0.00013433726429190607,1.89140881261047e-06,public_state_tabular_independent_mc,0,0.02237468133315527,6.985701799974777,True,accepted_return_check_disabled,0.1,1,4.437372898828336e-11,-2.8910741276800247e-06,100,5.0,2.7465820312496886e-06,2.099382931938941e-06,0.9978027343750002,1.055765548430058e-05,0.00038595826758810174,0.00033546434506163226
T-L,SA,mc_learned_baseline,False,47,179,127448,45824,45824,0,0,35800,63724,254896,262144,1.0476562500000002,1.0470000000000002,1.045845299259668,0.0001236703737332867,1.65033254858959e-06,public_state_tabular_independent_mc,0,0.021830457625893,7.023278800072148,True,accepted_return_check_disabled,0.1,1,1.094737596911614e-12,-0.00018237681285296058,100,5.0,0.0003488159179687499,1.8285400796967928e-06,0.619443982020976,8.867209058728979e-06,0.00033276856692481476,0.00032708303022868467
T-L,SA,mc_learned_baseline,False,47,180,128160,46080,46080,0,0,36000,64080,256320,262144,1.0453125000000003,1.0410000000000001,1.045965301564261,0.00012000230459285888,1.5990092277001534e-06,public_state_tabular_independent_mc,0,0.021299411572687534,7.060000800061971,True,accepted_return_check_disabled,0.1,1,1.5224797422518053e-12,-0.0003613767949085418,100,5.0,0.000692138671875,1.5975131509172627e-07,0.42582278481012714,8.80007994881482e-06,0.000322312720150361,0.0003178613406614568
T-L,SA,mc_learned_baseline,False,47,181,128872,46336,46336,0,0,36200,64436,257744,262144,1.0476562500000002,1.05,1.0460727876193079,0.00010748605504695696,2.269152702045184e-06,public_state_tabular_independent_mc,1,0.020796408926238887,7.097957200021483,True,accepted_return_check_disabled,0.1,1,1.1070305162239827e-11,-0.00018073488825420784,100,5.0,0.00035400390625000064,1.0583279497566445e-05,0.6155422840019975,0.00014153461179962668,0.00041501793858165397,0.00017609810678636802
T-L,SA,mc_learned_baseline,False,47,182,129584,46592,46592,0,0,36400,64792,259168,262144,1.0476562500000002,1.05,1.0461864724053178,0.0001136847860099266,1.5128954666537472e-06,public_state_tabular_independent_mc,0,0.02028842573550757,7.134912100038491,True,accepted_return_check_disabled,0.1,1,7.449830845448362e-13,-0.0001825433393251068,100,5.0,0.00034881591796874983,1.2197253372268878e-06,0.619443982020976,1.1675181437071633e-05,0.0003051313415957889,0.0003015384836859942
T-L,SA,mc_learned_baseline,False,47,183,130296,46848,46848,0,0,36600,65148,260592,262144,1.0476562500000002,1.0470000000000002,1.0462754526651012,8.898025978343327e-05,3.201707392122086e-06,public_state_tabular_independent_mc,1,0.0198243811494291,7.17353540007025,True,accepted_return_check_disabled,0.1,1,1.632867989542874e-11,-0.00018155223980419988,100,5.0,0.00035400390625000064,9.855935596732472e-06,0.6155422840019977,0.00033067832695018263,0.0005438921348617336,-2.6151990624556534e-05
T-L,SA,mc_learned_baseline,False,47,184,131008,47104,47104,0,0,36800,65504,262016,262144,1.0453125000000003,1.0470000000000002,1.0463832492027125,0.00010779653761128216,1.4243582191039185e-06,public_state_tabular_independent_mc,0,0.019339259798205742,7.2078333999961615,True,accepted_return_check_disabled,0.1,1,9.13338051407778e-13,-0.0003625031337627231,100,5.0,0.0006948852539062505,1.0052551503341207e-06,0.4246835443037976,1.856161640969621e-05,0.00028721726589771144,0.0002879800517253597
T-L,SA,mc_learned_baseline,False,47,185,131720,47360,47360,0,0,37000,65860,263440,262144,1.0429687500000004,1.05,1.0464872983907003,0.00010404918798778695,1.3656683783084953e-06,public_state_tabular_independent_mc,0,0.0188684451358965,7.24426800000947,True,accepted_return_check_disabled,0.1,1,4.1697020819436104e-12,-0.0005341337069359506,100,5.0,0.0010299682617187502,6.332478292897251e-06,0.30946291560102346,1.8242218515865707e-05,0.00027484033897032744,0.0002797826408976853
T-L,SA,mc_learned_baseline,False,47,186,132432,47616,47616,0,0,37200,66216,264864,262144,1.0500000000000003,1.0410000000000001,1.0464867526335533,-5.457571470302014e-07,3.79266904894785e-11,public_state_tabular_independent_mc,1,0.01887092134876862,7.28553680004552,True,accepted_return_check_disabled,0.1,1,8.352392261697709e-12,1.2465744169920529e-11,100,5.0,2.465190328815662e-32,6.0997648146376134e-06,1.0,0.00029131877059659846,2.136490796512126e-09,-1.5264927958187405e-06
T-L,SA,mc_learned_baseline,False,47,187,133144,47872,47872,0,0,37400,66572,266288,262144,1.0476562500000002,1.05,1.0465891787308172,0.00010242609726396346,1.3620405098991898e-06,public_state_tabular_independent_mc,0,0.01840493125886076,7.323448700015433,True,accepted_return_check_disabled,0.1,1,1.2219917104169162e-13,-0.0001855014121772412,100,5.0,0.0003598022460937483,6.406000714988271e-06,0.613450973863827,1.7902471679258256e-05,0.0002752832822676894,0.0002719330159459569
T-L,SA,mc_learned_baseline,False,47,188,133856,48128,48128,0,0,37600,66928,267712,262144,1.0476562500000002,1.044,1.0466880865148382,9.89077840209962e-05,1.3074156553458161e-06,public_state_tabular_independent_mc,0,0.017952490948636348,7.365113100036979,True,accepted_return_check_disabled,0.1,1,4.2987586392845904e-13,-0.00018272703173955149,100,5.0,0.00034881591796875,5.948743410734487e-07,0.6194439820209758,1.7568311101386817e-05,0.0002637637502575472,0.0002641521914627675
T-L,SA,mc_learned_baseline,False,47,189,134568,48384,48384,0,0,37800,67284,269136,262144,1.0500000000000003,1.0470000000000002,1.0470795809480975,0.00039149443325925404,2.2452097344146315e-05,public_state_tabular_independent_mc,0,0.01613643343718903,7.404860200011171,True,accepted_return_check_disabled,0.1,1,1.3719888399859917e-10,-2.6020010292971094e-05,100,5.0,2.4719238281247193e-05,6.9915270224670445e-06,0.9802246093750023,0.0027820421055194675,0.0047060368976610785,-0.0025081683209006215
T-L,SA,mc_learned_baseline,False,47,190,135280,48640,48640,0,0,38000,67640,270560,262144,1.0476562500000002,1.0470000000000002,1.0471243235395973,4.4742591499780104e-05,4.3916115421982e-06,public_state_tabular_independent_mc,1,0.01578814105804549,7.446561000077054,True,accepted_return_check_disabled,0.1,1,1.6506104034131656e-11,-0.00018377094643418708,100,5.0,0.00035400390625000064,7.267595944257393e-06,0.6155422840019977,0.0006197036301556837,0.0006967445309767487,-0.0003769895847132178
T-L,SA,mc_learned_baseline,False,47,191,135992,48896,48896,0,0,38200,67996,271984,262144,1.0453125000000003,1.0410000000000001,1.047129580446529,5.256906931760952e-06,6.8063329389578335e-06,public_state_tabular_independent_mc,1,0.015481868864806419,7.486504100030288,True,accepted_return_check_disabled,0.1,1,3.381956696088634e-10,-0.0003701992368523341,100,5.0,0.0007080078125000013,1.2617711522954778e-05,0.4180063291139242,0.0011596833358254763,0.001073055266515762,-0.0009039245352308965
T-L,SA,mc_learned_baseline,False,47,192,136704,49152,49152,0,0,38400,68352,273408,262144,1.0500000000000003,1.0470000000000002,1.047270689679798,0.00014110923326904334,3.0644853267533854e-06,public_state_tabular_independent_mc,0,0.014830602233265646,7.531787500018254,True,accepted_return_check_disabled,0.1,1,6.289560179816685e-11,-2.8910802619599374e-06,100,5.0,2.7465820312496886e-06,1.2860888441645078e-07,0.9978027343750002,0.00015141031856468395,0.0006290701822192151,0.00013595769267673316
T-L,SA,mc_learned_baseline,False,47,193,137416,49408,49408,0,0,38600,68708,274832,262144,1.0500000000000003,1.05,1.0475492809611409,0.0002785912813427771,1.3035728929394497e-05,public_state_tabular_independent_mc,0,0.01352704821909001,7.571607300080359,True,accepted_return_check_disabled,0.1,1,6.165845758012923e-11,-1.1564432020781194e-05,100,5.0,1.0986328124998754e-05,1.9568435379561608e-06,0.991210937500001,0.001420711223172238,0.0026900936195775075,-0.001147029484466697
T-L,SA,mc_learned_baseline,False,47,194,138128,49664,49664,0,0,38800,69064,276256,262144,1.0476562500000002,1.05,1.0476204539638627,7.117300272185823e-05,8.993336352877431e-07,public_state_tabular_independent_mc,0,0.013189989283223399,7.617608000058681,True,accepted_return_check_disabled,0.1,1,2.096416351786365e-13,-0.0001827726134278961,100,5.0,0.0003735351562499976,2.71434606912726e-05,0.6059597136673893,4.811583041343459e-05,0.0001814756491491115,0.0001984836267512757
T-L,SA,mc_learned_baseline,False,47,195,138840,49920,49920,0,0,39000,69420,277680,262144,1.0500000000000003,1.0470000000000002,1.047762517308261,0.00014206334439825774,3.7684682210222658e-06,public_state_tabular_independent_mc,0,0.012511951846888171,7.663032300071791,True,accepted_return_check_disabled,0.1,1,1.7701851545392837e-13,-2.8911355684904088e-06,100,5.0,2.7465820312496886e-06,3.715796741965131e-10,0.9978027343750002,0.0002382312277451366,0.0007697133063494867,1.4362917519222676e-06
T-L,SA,mc_learned_baseline,False,47,196,139552,50176,50176,0,0,39200,69776,279104,262144,1.0500000000000003,1.0470000000000002,1.047762495838841,-2.1469420019570862e-08,8.789237087409818e-14,public_state_tabular_independent_mc,1,0.012512054861970472,7.701060599996708,True,accepted_return_check_disabled,0.1,1,1.2817341964736455e-14,2.3750576039921433e-14,100,5.0,2.465190328815662e-32,2.458884189552307e-06,1.0,0.0002258851032375304,6.716712396548248e-12,-6.987285258284937e-08
T-L,SA,mc_learned_baseline,False,47,197,140264,50432,50432,0,0,39400,70132,280528,262144,1.0500000000000003,1.0470000000000002,1.047903076659457,0.00014058082061607635,3.931840811845639e-06,public_state_tabular_independent_mc,0,0.011833820525122597,7.739176800008863,True,accepted_return_check_disabled,0.1,1,7.472469446779045e-11,-2.891088677985461e-06,100,5.0,2.7465820312496886e-06,8.214368672901173e-09,0.9978027343750002,0.0002689984698137767,0.0008108055585264588,-4.318114438715663e-05
T-L,SA,mc_learned_baseline,False,47,198,140976,50688,50688,0,0,39600,70488,281952,262144,1.0429687500000004,1.0470000000000002,1.0479638468913044,6.077023184736241e-05,7.6560950717643e-07,public_state_tabular_independent_mc,0,0.01153826996073464,7.774149100063369,True,accepted_return_check_disabled,0.1,1,4.3129800493457396e-13,-0.0005447098350905965,100,5.0,0.0010409545898437504,6.661960156990832e-06,0.3057800511508957,4.215756330161542e-05,0.0001544069202793663,0.00016993112105884636
T-L,SA,mc_learned_baseline,False,47,199,141688,50944,50944,0,0,39800,70844,283376,262144,1.0500000000000003,1.0470000000000002,1.0481057361195516,0.00014188922824720507,4.421413061699649e-06,public_state_tabular_independent_mc,0,0.010842323698979743,7.811513800057583,True,accepted_return_check_disabled,0.1,1,2.2145996966195554e-11,-2.8911356757064023e-06,100,5.0,2.7465820312496886e-06,5.39031553973573e-08,0.9978027343750002,0.00033550648492494103,0.0009017703052567006,-0.00012935885318084226
T-L,SA,mc_learned_baseline,False,47,200,142400,51200,51200,0,0,40000,71200,284800,262144,1.0476562500000002,1.0470000000000002,1.0481207436100068,1.50074904552433e-05,2.1545286067541783e-06,public_state_tabular_independent_mc,1,0.010609131806888694,7.849956699996255,True,accepted_return_check_disabled,0.1,1,3.200168352905617e-11,-0.00018582501354758786,100,5.0,0.00035400390625000064,9.571116597543829e-06,0.6155422840019977,0.0004740341207204984,0.0003960957453972506,-0.0002817730755626437
T-L,SA,mc_learned_baseline,False,47,201,143112,51456,51456,0,0,40200,71556,286224,262144,1.0476562500000002,1.05,1.0481752794259167,5.4535815909861896e-05,6.730218612398987e-07,public_state_tabular_independent_mc,0,0.010342686612722479,7.8902715999865904,True,accepted_return_check_disabled,0.1,1,1.825545615927854e-13,-0.00018281809066977782,100,5.0,0.00034881591796874994,4.716969300593503e-06,0.619443982020976,5.1300209158687786e-05,0.00013581923177255554,0.00015538082319996636
T-L,SA,mc_learned_baseline,False,47,202,143824,51712,51712,0,0,40400,71912,287648,262144,1.0476562500000002,1.05,1.0482282196742145,5.294024829782806e-05,6.53227240240544e-07,public_state_tabular_independent_mc,0,0.010082769787745069,7.926122699980624,True,accepted_return_check_disabled,0.1,1,2.2785926875521156e-13,-0.0001828096252563272,100,5.0,0.00034881591796875005,4.755010639429848e-06,0.6194439820209758,5.0002280316695515e-05,0.00013182426301598841,0.00015087121822239283
T-L,SA,mc_learned_baseline,False,47,203,144536,51968,51968,0,0,40600,72268,289072,262144,1.0500000000000003,1.0470000000000002,1.048371203039186,0.0001429833649715384,5.086938360117608e-06,public_state_tabular_independent_mc,0,0.009374375477234187,7.969850800000131,True,accepted_return_check_disabled,0.1,1,5.709824660797049e-11,-2.8911173912154698e-06,100,5.0,2.7465820312496886e-06,1.7545462486419274e-07,0.9978027343750002,0.0004613609110194434,0.001053691026973611,-0.0002661270549288567
T-L,SA,mc_learned_baseline,False,47,204,145248,52224,52224,0,0,40800,72624,290496,262144,1.0500000000000003,1.05,1.048513921151994,0.0001427181128079713,5.5417077202737635e-06,public_state_tabular_independent_mc,0,0.008657158270444632,8.006588399992324,True,accepted_return_check_disabled,0.1,1,2.287967697840638e-11,-2.8911164702155017e-06,100,5.0,2.7465820312496886e-06,2.703170929648144e-07,0.9978027343750002,0.0005396487435856508,0.0011477178895609491,-0.0003596708889859122
T-L,SA,mc_learned_baseline,False,47,205,145960,52480,52480,0,0,41000,72980,291920,262144,1.0500000000000003,1.05,1.0487878795036043,0.0002739583516102595,2.40987611269515e-05,public_state_tabular_independent_mc,0,0.007248162486955928,8.043090200051665,True,accepted_return_check_disabled,0.1,1,4.137266314580155e-10,-1.156434200870412e-05,100,5.0,1.0986328124998754e-05,5.188990677902805e-06,0.991210937500001,0.0036883180987394887,0.00511195355397428,-0.0035235894042332594
T-L,SA,mc_learned_baseline,False,47,206,146672,52736,52736,0,0,41200,73336,293344,262144,1.0500000000000003,1.0470000000000002,1.048787782330682,-9.717292237532149e-08,3.253208663635664e-12,public_state_tabular_independent_mc,1,0.007248670587761115,8.080312200007029,True,accepted_return_check_disabled,0.1,1,2.7817829400722534e-12,6.836459395559961e-15,100,5.0,2.465190328815662e-32,7.108345484442864e-07,1.0,0.00013543519011261298,3.687813541943525e-12,-3.8506689754643324e-08
T-L,SA,mc_learned_baseline,False,47,207,147384,52992,52992,0,0,41400,73692,294768,262144,1.0500000000000003,1.05,1.0487876849636797,-9.736700223861305e-08,3.2659660270215206e-12,public_state_tabular_independent_mc,1,0.0072491796970035405,8.118506900034845,True,accepted_return_check_disabled,0.1,1,2.793274574532381e-12,6.846884586049671e-15,100,5.0,2.465190328815662e-32,7.109503959965223e-07,1.0,0.00013544563750597383,3.693135083389647e-12,-3.853602375516453e-08
T-L,SA,mc_learned_baseline,False,47,208,148096,53248,53248,0,0,41600,74048,296192,262144,1.0500000000000003,1.0470000000000002,1.04878758741686,-9.754681973284107e-08,3.277800155422718e-12,public_state_tabular_independent_mc,1,0.007249689740071865,8.155207499978133,True,accepted_return_check_disabled,0.1,1,2.8038710655072576e-12,6.85680774995821e-15,100,5.0,2.465190328815662e-32,7.110664843976496e-07,1.0,0.0001354561042627169,3.6981843843010914e-12,-3.8563923505918796e-08
T-L,SA,mc_learned_baseline,False,47,209,148808,53504,53504,0,0,41800,74404,297616,262144,1.0500000000000003,1.05,1.048927974642885,0.0001403872260250516,7.37032967632385e-06,public_state_tabular_independent_mc,0,0.006508740973689579,8.194786900072359,True,accepted_return_check_disabled,0.1,1,8.680901177830308e-11,-2.891096489532159e-06,100,5.0,2.7465820312496886e-06,6.630237532819303e-07,0.9978027343750002,0.0008939294428418501,0.0015472611728184749,-0.0007585014443771741
T-L,SA,mc_learned_baseline,False,47,210,149520,53760,53760,0,0,42000,74760,299040,262144,1.0500000000000003,1.05,1.0491898019828656,0.0002618273399805915,3.218813128049238e-05,public_state_tabular_independent_mc,0,0.005084698848396511,8.233924100059085,True,accepted_return_check_disabled,0.1,1,4.980719219168122e-11,-1.1564545819260564e-05,100,5.0,1.0986328124998754e-05,6.60854724361679e-06,0.991210937500001,0.005619600760907431,0.007085345908572707,-0.005499234231102013
T-L,SA,mc_learned_baseline,False,47,211,150232,54016,54016,0,0,42200,75116,300464,262144,1.0500000000000003,1.05,1.0491898021318806,1.490150225436082e-10,2.90096887455018e-17,public_state_tabular_independent_mc,1,0.005084698019939338,8.269866300048307,True,accepted_return_check_disabled,0.1,1,2.1132632757041248e-13,5.1109614176589634e-14,100,5.0,2.465190328815662e-32,3.1246123271467653e-07,1.0,9.232642589982815e-05,4.164530041846753e-11,-1.0551582600290909e-07
T-L,SA,mc_learned_baseline,False,47,212,150944,54272,54272,0,0,42400,75472,301888,262144,1.0500000000000003,1.0470000000000002,1.0491898021871158,5.523514978733601e-11,1.8275177725601918e-17,public_state_tabular_independent_mc,1,0.005084697712855098,8.307747000013478,True,accepted_return_check_disabled,0.1,1,2.0942432468264805e-13,5.111805849541242e-14,100,5.0,2.465190328815662e-32,3.1246111496178124e-07,1.0,9.232641858047365e-05,4.165218891945492e-11,-1.0552454581498752e-07
T-L,SA,mc_learned_baseline,False,47,213,151656,54528,54528,0,0,42600,75828,303312,262144,1.0500000000000003,1.05,1.0491898022075867,2.047095826185341e-11,2.617666812442883e-17,public_state_tabular_independent_mc,1,0.005084697599046127,8.351681199972518,True,accepted_return_check_disabled,0.1,1,2.086948845636792e-13,5.112118871101621e-14,100,5.0,2.465190328815662e-32,3.124610713145175e-07,1.0,9.232641586739041e-05,4.1654742411105175e-11,-1.0552777797006835e-07
T-L,SA,mc_learned_baseline,False,47,214,152368,54784,54784,0,0,42800,76184,304736,262144,1.0476562500000002,1.0470000000000002,1.0492130235678698,2.3221360283098846e-05,2.8525932799949575e-07,public_state_tabular_independent_mc,0,0.00495530146518524,8.389312700019218,True,accepted_return_check_disabled,0.1,1,1.5874710508115436e-13,-0.00018252952142992543,100,5.0,0.00034881591796874994,5.997297203127968e-06,0.619443982020976,2.578000884774075e-05,5.7564682606126754e-05,6.644087703830558e-05
T-L,SA,mc_learned_baseline,False,47,215,153080,55040,55040,0,0,43000,76540,306160,262144,1.0500000000000003,1.05,1.049350443386431,0.00013741981856107977,1.1475058040229338e-05,public_state_tabular_independent_mc,0,0.004177423732458681,8.424844600027427,True,accepted_return_check_disabled,0.1,1,5.005572342177073e-11,-2.891126011882428e-06,100,5.0,2.7465820312496886e-06,1.2433379001977406e-06,0.9978027343750002,0.0017322383637622142,0.002437571173624731,-0.0016425156960970411
T-L,SA,mc_learned_baseline,False,47,216,153792,55296,55296,0,0,43200,76896,307584,262144,1.0500000000000003,1.05,1.0493503987399448,-4.464648606372634e-08,1.295872765608887e-12,public_state_tabular_independent_mc,1,0.00417768013087647,8.46436129999347,True,accepted_return_check_disabled,0.1,1,4.083074000430723e-12,1.5216066826427881e-13,100,5.0,2.465190328815662e-32,1.984238937652885e-07,1.0,7.473599419734638e-05,1.5569855245339683e-10,1.819710844039514e-07
T-L,SA,mc_learned_baseline,False,47,217,154504,55552,55552,0,0,43400,77252,309008,262144,1.0500000000000003,1.05,1.0494841058558395,0.00013370711589466566,1.3577787531645478e-05,public_state_tabular_independent_mc,0,0.003397440741398309,8.501412800047547,True,accepted_return_check_disabled,0.1,1,2.1229612993877064e-11,-2.891121954685968e-06,100,5.0,2.7465820312496886e-06,1.4693819977758802e-06,0.9978027343750002,0.0022267762927960597,0.0029438109179876033,-0.0021518535143691462
T-L,SA,mc_learned_baseline,False,47,218,155216,55808,55808,0,0,43600,77608,310432,262144,1.0500000000000003,1.05,1.0494841311544794,2.529863984968017e-08,5.27852032588774e-13,public_state_tabular_independent_mc,1,0.003397290574016432,8.535351500031538,True,accepted_return_check_disabled,0.1,1,1.9269836929461482e-13,2.090396619937887e-13,100,5.0,2.465190328815662e-32,1.232072565941284e-07,1.0,6.028565309685796e-05,2.716658831077362e-10,2.1333147083849901e-07
T-L,SA,mc_learned_baseline,False,47,219,155928,56064,56064,0,0,43800,77964,311856,262144,1.0500000000000003,1.05,1.0496150759487664,0.00013094479428699124,1.7250142089973853e-05,public_state_tabular_independent_mc,0,0.0026046078916189598,8.576224200078286,True,accepted_return_check_disabled,0.1,1,1.0623280709577895e-10,-2.891083515619087e-06,100,5.0,2.7465820312496886e-06,1.707560052836715e-06,0.9978027343750002,0.0030531131001775673,0.003790475332732616,-0.0029926168465075572
T-L,SA,mc_learned_baseline,False,47,220,156640,56320,56320,0,0,44000,78320,313280,262144,1.0476562500000002,1.05,1.049618729386396,3.653437629758116e-06,3.16591965542616e-07,public_state_tabular_independent_mc,1,0.002544342609807606,8.622289000079036,True,accepted_return_check_disabled,0.1,1,6.8804103806441764e-12,-0.00018712090497023117,100,5.0,0.00035400390625000064,1.1896064489361436e-05,0.6155422840019977,8.319459941715155e-05,6.046916614992085e-05,-3.684239414701202e-05
T-L,SA,mc_learned_baseline,False,47,221,157352,56576,56576,0,0,44200,78676,314704,262144,1.0500000000000003,1.05,1.049618715551921,-1.3834475121043965e-08,2.122318428870303e-13,public_state_tabular_independent_mc,1,0.0025444270548098226,8.667374100070447,True,accepted_return_check_disabled,0.1,1,9.172131602145377e-15,3.399670847618606e-14,100,5.0,2.465190328815662e-32,6.550860030618846e-08,1.0,4.880501115317502e-05,6.189308120105212e-11,-8.799516651696134e-08
T-L,SA,mc_learned_baseline,False,47,222,158064,56832,56832,0,0,44400,79032,316128,262144,1.0500000000000003,1.05,1.04974360845562,0.00012489290369899209,2.270495191056146e-05,public_state_tabular_independent_mc,0,0.0017625158588769772,8.705447499989532,True,accepted_return_check_disabled,0.1,1,4.945385625152781e-10,-2.891138874965858e-06,100,5.0,2.7465820312496886e-06,1.9653111216670694e-06,0.9978027343750002,0.004499254051798417,0.005261284342853271,-0.004450535434792811
T-L,SA,mc_learned_baseline,False,47,223,158776,57088,57088,0,0,44600,79388,317552,262144,1.0500000000000003,1.05,1.049857068777231,0.00011346032161108077,3.289117167576368e-05,public_state_tabular_independent_mc,0,0.0010053461217543638,8.74569450004492,True,accepted_return_check_disabled,0.1,1,8.702882087917602e-12,-2.8911296607544406e-06,100,5.0,2.7465820312496886e-06,2.220704836304354e-06,0.9978027343750002,0.007297342927135023,0.008075908687090584,-0.007263085969617487
T-L,SA,mc_learned_baseline,False,47,224,159488,57344,57344,0,0,44800,79744,318976,262144,1.0500000000000003,1.0470000000000002,1.049857068777231,0.0,0.0,public_state_tabular_independent_mc,1,0.0010053461217543638,8.78541860007681,True,accepted_return_check_disabled,0.1,1,0.0,-2.591567024865197e-32,100,5.0,2.465190328815662e-32,7.803965916289836e-09,1.0,2.110487161071382e-05,1.2909607629889235e-28,-7.413620138812474e-17
T-L,SA,mc_learned_baseline,False,47,225,160200,57600,57600,0,0,45000,80100,320400,262144,1.0500000000000003,1.05,1.049857068777231,0.0,0.0,public_state_tabular_independent_mc,1,0.0010053461217543638,8.832377800019458,True,accepted_return_check_disabled,0.1,1,0.0,-2.591567024865197e-32,100,5.0,2.465190328815662e-32,7.803965916289836e-09,1.0,2.110487161071382e-05,1.2909607629889235e-28,-7.413620138812474e-17
T-L,SA,mc_learned_baseline,False,47,226,160912,57856,57856,0,0,45200,80456,321824,262144,1.0500000000000003,1.05,1.049857068777231,0.0,0.0,public_state_tabular_independent_mc,1,0.0010053461217543638,8.879077600082383,True,accepted_return_check_disabled,0.1,1,0.0,-2.591567024865197e-32,100,5.0,2.465190328815662e-32,7.803965916289836e-09,1.0,2.110487161071382e-05,1.2909607629889235e-28,-7.413620138812474e-17
T-L,SA,mc_learned_baseline,False,47,227,161624,58112,58112,0,0,45400,80812,323248,262144,1.0500000000000003,1.05,1.049857068777231,0.0,0.0,public_state_tabular_independent_mc,1,0.0010053461217543638,8.919453300070018,True,accepted_return_check_disabled,0.1,1,0.0,-2.591567024865197e-32,100,5.0,2.465190328815662e-32,7.803965916289836e-09,1.0,2.110487161071382e-05,1.2909607629889235e-28,-7.413620138812474e-17
T-L,SA,mc_learned_baseline,False,47,228,162336,58368,58368,0,0,45600,81168,324672,262144,1.0500000000000003,1.0470000000000002,1.049857068777231,0.0,0.0,public_state_tabular_independent_mc,1,0.0010053461217543638,8.965221700025722,True,accepted_return_check_disabled,0.1,1,0.0,-2.591567024865197e-32,100,5.0,2.465190328815662e-32,7.803965916289836e-09,1.0,2.110487161071382e-05,1.2909607629889235e-28,-7.413620138812474e-17
T-L,SA,mc_learned_baseline,False,47,229,163048,58624,58624,0,0,45800,81524,326096,262144,1.0500000000000003,1.05,1.049857068777231,0.0,0.0,public_state_tabular_independent_mc,1,0.0010053461217543638,9.001553200068884,True,accepted_return_check_disabled,0.1,1,0.0,-2.591567024865197e-32,100,5.0,2.465190328815662e-32,7.803965916289836e-09,1.0,2.110487161071382e-05,1.2909607629889235e-28,-7.413620138812474e-17
T-L,SA,mc_learned_baseline,False,47,230,163760,58880,58880,0,0,46000,81880,327520,262144,1.0500000000000003,1.05,1.049857068777231,0.0,0.0,public_state_tabular_independent_mc,1,0.0010053461217543638,9.043705600081012,True,accepted_return_check_disabled,0.1,1,0.0,-2.591567024865197e-32,100,5.0,2.465190328815662e-32,7.803965916289836e-09,1.0,2.110487161071382e-05,1.2909607629889235e-28,-7.413620138812474e-17
T-L,SA,mc_learned_baseline,False,47,231,164472,59136,59136,0,0,46200,82236,328944,262144,1.0500000000000003,1.05,1.049857068777231,0.0,0.0,public_state_tabular_independent_mc,1,0.0010053461217543638,9.089383900049143,True,accepted_return_check_disabled,0.1,1,0.0,-2.591567024865197e-32,100,5.0,2.465190328815662e-32,7.803965916289836e-09,1.0,2.110487161071382e-05,1.2909607629889235e-28,-7.413620138812474e-17
T-L,SA,mc_learned_baseline,False,47,232,165184,59392,59392,0,0,46400,82592,330368,262144,1.0500000000000003,1.05,1.049857068777231,0.0,0.0,public_state_tabular_independent_mc,1,0.0010053461217543638,9.127067200024612,True,accepted_return_check_disabled,0.1,1,0.0,-2.591567024865197e-32,100,5.0,2.465190328815662e-32,7.803965916289836e-09,1.0,2.110487161071382e-05,1.2909607629889235e-28,-7.413620138812474e-17
T-L,SA,mc_learned_baseline,False,47,233,165896,59648,59648,0,0,46600,82948,331792,262144,1.0500000000000003,1.05,1.049857068777231,0.0,0.0,public_state_tabular_independent_mc,1,0.0010053461217543638,9.162063400028273,True,accepted_return_check_disabled,0.1,1,0.0,-2.591567024865197e-32,100,5.0,2.465190328815662e-32,7.803965916289836e-09,1.0,2.110487161071382e-05,1.2909607629889235e-28,-7.413620138812474e-17
T-L,SA,mc_learned_baseline,False,47,234,166608,59904,59904,0,0,46800,83304,333216,262144,1.0500000000000003,1.05,1.049857068777231,0.0,0.0,public_state_tabular_independent_mc,1,0.0010053461217543638,9.203816600027494,True,accepted_return_check_disabled,0.1,1,0.0,-2.591567024865197e-32,100,5.0,2.465190328815662e-32,7.803965916289836e-09,1.0,2.110487161071382e-05,1.2909607629889235e-28,-7.413620138812474e-17
T-L,SA,mc_learned_baseline,False,47,235,167320,60160,60160,0,0,47000,83660,334640,262144,1.0500000000000003,1.0470000000000002,1.049857068777231,0.0,0.0,public_state_tabular_independent_mc,1,0.0010053461217543638,9.244519800064154,True,accepted_return_check_disabled,0.1,1,0.0,-2.591567024865197e-32,100,5.0,2.465190328815662e-32,7.803965916289836e-09,1.0,2.110487161071382e-05,1.2909607629889235e-28,-7.413620138812474e-17
T-L,SA,mc_learned_baseline,False,47,236,168032,60416,60416,0,0,47200,84016,336064,262144,1.0500000000000003,1.05,1.049857068777231,0.0,0.0,public_state_tabular_independent_mc,1,0.0010053461217543638,9.279768400010653,True,accepted_return_check_disabled,0.1,1,0.0,-2.591567024865197e-32,100,5.0,2.465190328815662e-32,7.803965916289836e-09,1.0,2.110487161071382e-05,1.2909607629889235e-28,-7.413620138812474e-17
T-L,SA,mc_learned_baseline,False,47,237,168744,60672,60672,0,0,47400,84372,337488,262144,1.0500000000000003,1.05,1.049857068777231,0.0,0.0,public_state_tabular_independent_mc,1,0.0010053461217543638,9.319857700029388,True,accepted_return_check_disabled,0.1,1,0.0,-2.591567024865197e-32,100,5.0,2.465190328815662e-32,7.803965916289836e-09,1.0,2.110487161071382e-05,1.2909607629889235e-28,-7.413620138812474e-17
T-L,SA,mc_learned_baseline,False,47,238,169456,60928,60928,0,0,47600,84728,338912,262144,1.0500000000000003,1.05,1.049857068777231,0.0,0.0,public_state_tabular_independent_mc,1,0.0010053461217543638,9.367455700063147,True,accepted_return_check_disabled,0.1,1,0.0,-2.591567024865197e-32,100,5.0,2.465190328815662e-32,7.803965916289836e-09,1.0,2.110487161071382e-05,1.2909607629889235e-28,-7.413620138812474e-17
T-L,SA,mc_learned_baseline,False,47,239,170168,61184,61184,0,0,47800,85084,340336,262144,1.0500000000000003,1.05,1.049857068777231,0.0,0.0,public_state_tabular_independent_mc,1,0.0010053461217543638,9.417565600015223,True,accepted_return_check_disabled,0.1,1,0.0,-2.591567024865197e-32,100,5.0,2.465190328815662e-32,7.803965916289836e-09,1.0,2.110487161071382e-05,1.2909607629889235e-28,-7.413620138812474e-17
T-L,SA,mc_learned_baseline,False,47,240,170880,61440,61440,0,0,48000,85440,341760,262144,1.0500000000000003,1.05,1.049857068777231,0.0,0.0,public_state_tabular_independent_mc,1,0.0010053461217543638,9.45449210004881,True,accepted_return_check_disabled,0.1,1,0.0,-2.591567024865197e-32,100,5.0,2.465190328815662e-32,7.803965916289836e-09,1.0,2.110487161071382e-05,1.2909607629889235e-28,-7.413620138812474e-17
T-L,SA,mc_learned_baseline,False,47,241,171592,61696,61696,0,0,48200,85796,343184,262144,1.0476562500000002,1.05,1.0498584209704758,1.3521932447080331e-06,9.007297333692998e-08,public_state_tabular_independent_mc,1,0.0009820142717919804,9.492269900045358,True,accepted_return_check_disabled,0.1,1,1.1071174610403337e-11,-0.0001872746881523376,100,5.0,0.00035400390625000064,1.6231017054539483e-05,0.6155422840019974,3.0524660386939646e-05,1.759856072801809e-05,-9.419788776299961e-06
T-L,SA,mc_learned_baseline,False,47,242,172304,61952,61952,0,0,48400,86152,344608,262144,1.0500000000000003,1.05,1.0498584209704758,0.0,0.0,public_state_tabular_independent_mc,1,0.0009820142717919804,9.529546500067227,True,accepted_return_check_disabled,0.1,1,0.0,-2.4062696414742564e-32,100,5.0,2.465190328815662e-32,7.63863946627865e-09,1.0,2.1810470261103546e-05,2.3077019538173273e-28,-9.951197847628976e-17
T-L,SA,mc_learned_baseline,False,47,243,173016,62208,62208,0,0,48600,86508,346032,262144,1.0500000000000003,1.05,1.0498584209704758,0.0,0.0,public_state_tabular_independent_mc,1,0.0009820142717919804,9.5696450000396,True,accepted_return_check_disabled,0.1,1,0.0,-2.4062696414742564e-32,100,5.0,2.465190328815662e-32,7.63863946627865e-09,1.0,2.1810470261103546e-05,2.3077019538173273e-28,-9.951197847628976e-17
T-L,SA,mc_learned_baseline,False,47,244,173728,62464,62464,0,0,48800,86864,347456,262144,1.0500000000000003,1.05,1.0498584209704758,0.0,0.0,public_state_tabular_independent_mc,1,0.0009820142717919804,9.629160000011325,True,accepted_return_check_disabled,0.1,1,0.0,-2.4062696414742564e-32,100,5.0,2.465190328815662e-32,7.63863946627865e-09,1.0,2.1810470261103546e-05,2.3077019538173273e-28,-9.951197847628976e-17
T-L,SA,mc_learned_baseline,False,47,245,174440,62720,62720,0,0,49000,87220,348880,262144,1.0500000000000003,1.05,1.0499306186089932,7.219763851740169e-05,2.9300148745091284e-05,public_state_tabular_independent_mc,0,0.0004642230433798236,9.676203500013798,True,accepted_return_check_disabled,0.1,1,2.5606214224858414e-11,-2.6268431294656297e-06,100,5.0,2.7465820312496886e-06,2.469245737337782e-06,0.9978027343750002,0.007207735778271048,0.00776309421988445,-0.007185925308010045
T-L,SA,mc_learned_baseline,False,47,246,175152,62976,62976,0,0,49200,87576,350304,262144,1.0500000000000003,1.05,1.0499306186089932,0.0,0.0,public_state_tabular_independent_mc,1,0.0004642230433798236,9.713446900015697,True,accepted_return_check_disabled,0.1,1,0.0,-2.5949089149997154e-32,100,5.0,2.465190328815662e-32,1.4664282866759e-09,1.0,1.2922219308264748e-05,3.5482621345118213e-28,-7.866218442842702e-17
T-L,SA,mc_learned_baseline,False,47,247,175864,63232,63232,0,0,49400,87932,351728,262144,1.0500000000000003,1.05,1.0499306186089932,0.0,0.0,public_state_tabular_independent_mc,1,0.0004642230433798236,9.748652499984019,True,accepted_return_check_disabled,0.1,1,0.0,-2.5949089149997154e-32,100,5.0,2.465190328815662e-32,1.4664282866759e-09,1.0,1.2922219308264748e-05,3.5482621345118213e-28,-7.866218442842702e-17
T-L,SA,mc_learned_baseline,False,47,248,176576,63488,63488,0,0,49600,88288,353152,262144,1.0500000000000003,1.05,1.0499306186089932,0.0,0.0,public_state_tabular_independent_mc,1,0.0004642230433798236,9.7866949000163,True,accepted_return_check_disabled,0.1,1,0.0,-2.5949089149997154e-32,100,5.0,2.465190328815662e-32,1.4664282866759e-09,1.0,1.2922219308264748e-05,3.5482621345118213e-28,-7.866218442842702e-17
T-L,SA,mc_learned_baseline,False,47,249,177288,63744,63744,0,0,49800,88644,354576,262144,1.0500000000000003,1.05,1.0499306186089932,0.0,0.0,public_state_tabular_independent_mc,1,0.0004642230433798236,9.823010600055568,True,accepted_return_check_disabled,0.1,1,0.0,-2.5949089149997154e-32,100,5.0,2.465190328815662e-32,1.4664282866759e-09,1.0,1.2922219308264748e-05,3.5482621345118213e-28,-7.866218442842702e-17
T-L,SA,mc_learned_baseline,False,47,250,178000,64000,64000,0,0,50000,89000,356000,262144,1.0500000000000003,1.05,1.0499306186089932,0.0,0.0,public_state_tabular_independent_mc,1,0.0004642230433798236,9.86741730000358,True,accepted_return_check_disabled,0.1,1,0.0,-2.5949089149997154e-32,100,5.0,2.465190328815662e-32,1.4664282866759e-09,1.0,1.2922219308264748e-05,3.5482621345118213e-28,-7.866218442842702e-17
T-L,SA,mc_learned_baseline,False,47,251,178712,64256,64256,0,0,50200,89356,357424,262144,1.0500000000000003,1.05,1.0499306186089932,0.0,0.0,public_state_tabular_independent_mc,1,0.0004642230433798236,9.905795600032434,True,accepted_return_check_disabled,0.1,1,0.0,-2.5949089149997154e-32,100,5.0,2.465190328815662e-32,1.4664282866759e-09,1.0,1.2922219308264748e-05,3.5482621345118213e-28,-7.866218442842702e-17
T-L,SA,mc_learned_baseline,False,47,252,179424,64512,64512,0,0,50400,89712,358848,262144,1.0500000000000003,1.05,1.0499306186089932,0.0,0.0,public_state_tabular_independent_mc,1,0.0004642230433798236,9.947567700059153,True,accepted_return_check_disabled,0.1,1,0.0,-2.5949089149997154e-32,100,5.0,2.465190328815662e-32,1.4664282866759e-09,1.0,1.2922219308264748e-05,3.5482621345118213e-28,-7.866218442842702e-17
T-L,SA,mc_learned_baseline,False,47,253,180136,64768,64768,0,0,50600,90068,360272,262144,1.0500000000000003,1.05,1.0499306186089932,0.0,0.0,public_state_tabular_independent_mc,1,0.0004642230433798236,9.993778200005181,True,accepted_return_check_disabled,0.1,1,0.0,-2.5949089149997154e-32,100,5.0,2.465190328815662e-32,1.4664282866759e-09,1.0,1.2922219308264748e-05,3.5482621345118213e-28,-7.866218442842702e-17
T-L,SA,mc_learned_baseline,False,47,254,180848,65024,65024,0,0,50800,90424,361696,262144,1.0500000000000003,1.05,1.0499306186089932,0.0,0.0,public_state_tabular_independent_mc,1,0.0004642230433798236,10.031679900013842,True,accepted_return_check_disabled,0.1,1,0.0,-2.5949089149997154e-32,100,5.0,2.465190328815662e-32,1.4664282866759e-09,1.0,1.2922219308264748e-05,3.5482621345118213e-28,-7.866218442842702e-17
T-L,SA,mc_learned_baseline,False,47,255,181560,65280,65280,0,0,51000,90780,363120,262144,1.0500000000000003,1.05,1.0499306186089932,0.0,0.0,public_state_tabular_independent_mc,1,0.0004642230433798236,10.068402200005949,True,accepted_return_check_disabled,0.1,1,0.0,-2.5949089149997154e-32,100,5.0,2.465190328815662e-32,1.4664282866759e-09,1.0,1.2922219308264748e-05,3.5482621345118213e-28,-7.866218442842702e-17
T-L,SA,mc_learned_baseline,False,47,256,182272,65536,65536,0,0,51200,91136,364544,262144,1.0500000000000003,1.05,1.0499306186089932,0.0,0.0,public_state_tabular_independent_mc,1,0.0004642230433798236,10.107986800023355,True,accepted_return_check_disabled,0.1,1,0.0,-2.5949089149997154e-32,100,5.0,2.465190328815662e-32,1.4664282866759e-09,1.0,1.2922219308264748e-05,3.5482621345118213e-28,-7.866218442842702e-17
T-L,SA,mc_learned_baseline,False,47,257,182984,65792,65792,0,0,51400,91492,365968,262144,1.0500000000000003,1.05,1.0499306186089932,0.0,0.0,public_state_tabular_independent_mc,1,0.0004642230433798236,10.147155500017107,True,accepted_return_check_disabled,0.1,1,0.0,-2.5949089149997154e-32,100,5.0,2.465190328815662e-32,1.4664282866759e-09,1.0,1.2922219308264748e-05,3.5482621345118213e-28,-7.866218442842702e-17
T-L,SA,mc_learned_baseline,False,47,258,183696,66048,66048,0,0,51600,91848,367392,262144,1.0500000000000003,1.05,1.0499306186089932,0.0,0.0,public_state_tabular_independent_mc,1,0.0004642230433798236,10.189900700002909,True,accepted_return_check_disabled,0.1,1,0.0,-2.5949089149997154e-32,100,5.0,2.465190328815662e-32,1.4664282866759e-09,1.0,1.2922219308264748e-05,3.5482621345118213e-28,-7.866218442842702e-17
T-L,SA,mc_learned_baseline,False,47,259,184408,66304,66304,0,0,51800,92204,368816,262144,1.0500000000000003,1.05,1.0499306186089932,0.0,0.0,public_state_tabular_independent_mc,1,0.0004642230433798236,10.239673200063407,True,accepted_return_check_disabled,0.1,1,0.0,-2.5949089149997154e-32,100,5.0,2.465190328815662e-32,1.4664282866759e-09,1.0,1.2922219308264748e-05,3.5482621345118213e-28,-7.866218442842702e-17
T-L,SA,mc_learned_baseline,False,47,260,185120,66560,66560,0,0,52000,92560,370240,262144,1.0500000000000003,1.05,1.0499306186089932,0.0,0.0,public_state_tabular_independent_mc,1,0.0004642230433798236,10.282078100019135,True,accepted_return_check_disabled,0.1,1,0.0,-2.5949089149997154e-32,100,5.0,2.465190328815662e-32,1.4664282866759e-09,1.0,1.2922219308264748e-05,3.5482621345118213e-28,-7.866218442842702e-17
T-L,SA,mc_learned_baseline,False,47,261,185832,66816,66816,0,0,52200,92916,371664,262144,1.0500000000000003,1.05,1.0499306186089932,0.0,0.0,public_state_tabular_independent_mc,1,0.0004642230433798236,10.326106900000013,True,accepted_return_check_disabled,0.1,1,0.0,-2.5949089149997154e-32,100,5.0,2.465190328815662e-32,1.4664282866759e-09,1.0,1.2922219308264748e-05,3.5482621345118213e-28,-7.866218442842702e-17
T-L,SA,mc_learned_baseline,False,47,262,186544,67072,67072,0,0,52400,93272,373088,262144,1.0500000000000003,1.05,1.0499306186089932,0.0,0.0,public_state_tabular_independent_mc,1,0.0004642230433798236,10.370000700000674,True,accepted_return_check_disabled,0.1,1,0.0,-2.5949089149997154e-32,100,5.0,2.465190328815662e-32,1.4664282866759e-09,1.0,1.2922219308264748e-05,3.5482621345118213e-28,-7.866218442842702e-17
T-L,SA,mc_learned_baseline,False,47,263,187256,67328,67328,0,0,52600,93628,374512,262144,1.0500000000000003,1.05,1.0499306186089932,0.0,0.0,public_state_tabular_independent_mc,1,0.0004642230433798236,10.412685299990699,True,accepted_return_check_disabled,0.1,1,0.0,-2.5949089149997154e-32,100,5.0,2.465190328815662e-32,1.4664282866759e-09,1.0,1.2922219308264748e-05,3.5482621345118213e-28,-7.866218442842702e-17
T-L,SA,mc_learned_baseline,False,47,264,187968,67584,67584,0,0,52800,93984,375936,262144,1.0500000000000003,1.05,1.0499306186089932,0.0,0.0,public_state_tabular_independent_mc,1,0.0004642230433798236,10.454278300050646,True,accepted_return_check_disabled,0.1,1,0.0,-2.5949089149997154e-32,100,5.0,2.465190328815662e-32,1.4664282866759e-09,1.0,1.2922219308264748e-05,3.5482621345118213e-28,-7.866218442842702e-17
T-L,SA,mc_learned_baseline,False,47,265,188680,67840,67840,0,0,53000,94340,377360,262144,1.0500000000000003,1.05,1.0499306186089932,0.0,0.0,public_state_tabular_independent_mc,1,0.0004642230433798236,10.491522300057113,True,accepted_return_check_disabled,0.1,1,0.0,-2.5949089149997154e-32,100,5.0,2.465190328815662e-32,1.4664282866759e-09,1.0,1.2922219308264748e-05,3.5482621345118213e-28,-7.866218442842702e-17
T-L,SA,mc_learned_baseline,False,47,266,189392,68096,68096,0,0,53200,94696,378784,262144,1.0500000000000003,1.05,1.0499306186089932,0.0,0.0,public_state_tabular_independent_mc,1,0.0004642230433798236,10.547768000047654,True,accepted_return_check_disabled,0.1,1,0.0,-2.5949089149997154e-32,100,5.0,2.465190328815662e-32,1.4664282866759e-09,1.0,1.2922219308264748e-05,3.5482621345118213e-28,-7.866218442842702e-17
T-L,SA,mc_learned_baseline,False,47,267,190104,68352,68352,0,0,53400,95052,380208,262144,1.0500000000000003,1.05,1.0499306186089932,0.0,0.0,public_state_tabular_independent_mc,1,0.0004642230433798236,10.598088799975812,True,accepted_return_check_disabled,0.1,1,0.0,-2.5949089149997154e-32,100,5.0,2.465190328815662e-32,1.4664282866759e-09,1.0,1.2922219308264748e-05,3.5482621345118213e-28,-7.866218442842702e-17
T-L,SA,mc_learned_baseline,False,47,268,190816,68608,68608,0,0,53600,95408,381632,262144,1.0500000000000003,1.05,1.0499306186089932,0.0,0.0,public_state_tabular_independent_mc,1,0.0004642230433798236,10.641297099995427,True,accepted_return_check_disabled,0.1,1,0.0,-2.5949089149997154e-32,100,5.0,2.465190328815662e-32,1.4664282866759e-09,1.0,1.2922219308264748e-05,3.5482621345118213e-28,-7.866218442842702e-17
T-L,SA,mc_learned_baseline,False,47,269,191528,68864,68864,0,0,53800,95764,383056,262144,1.0500000000000003,1.05,1.0499306186089932,0.0,0.0,public_state_tabular_independent_mc,1,0.0004642230433798236,10.688034599996172,True,accepted_return_check_disabled,0.1,1,0.0,-2.5949089149997154e-32,100,5.0,2.465190328815662e-32,1.4664282866759e-09,1.0,1.2922219308264748e-05,3.5482621345118213e-28,-7.866218442842702e-17
T-L,SA,mc_learned_baseline,False,47,270,192240,69120,69120,0,0,54000,96120,384480,262144,1.0500000000000003,1.0470000000000002,1.0499306186089932,0.0,0.0,public_state_tabular_independent_mc,1,0.0004642230433798236,10.726628200034611,True,accepted_return_check_disabled,0.1,1,0.0,-2.5949089149997154e-32,100,5.0,2.465190328815662e-32,1.4664282866759e-09,1.0,1.2922219308264748e-05,3.5482621345118213e-28,-7.866218442842702e-17
T-L,SA,mc_learned_baseline,False,47,271,192952,69376,69376,0,0,54200,96476,385904,262144,1.0500000000000003,1.05,1.0499306186089932,0.0,0.0,public_state_tabular_independent_mc,1,0.0004642230433798236,10.799631000030786,True,accepted_return_check_disabled,0.1,1,0.0,-2.5949089149997154e-32,100,5.0,2.465190328815662e-32,1.4664282866759e-09,1.0,1.2922219308264748e-05,3.5482621345118213e-28,-7.866218442842702e-17
T-L,SA,mc_learned_baseline,False,47,272,193664,69632,69632,0,0,54400,96832,387328,262144,1.0500000000000003,1.05,1.0499306186089932,0.0,0.0,public_state_tabular_independent_mc,1,0.0004642230433798236,10.845905800000764,True,accepted_return_check_disabled,0.1,1,0.0,-2.5949089149997154e-32,100,5.0,2.465190328815662e-32,1.4664282866759e-09,1.0,1.2922219308264748e-05,3.5482621345118213e-28,-7.866218442842702e-17
T-L,SA,mc_learned_baseline,False,47,273,194376,69888,69888,0,0,54600,97188,388752,262144,1.0500000000000003,1.05,1.0499306186089932,0.0,0.0,public_state_tabular_independent_mc,1,0.0004642230433798236,10.880899099982344,True,accepted_return_check_disabled,0.1,1,0.0,-2.5949089149997154e-32,100,5.0,2.465190328815662e-32,1.4664282866759e-09,1.0,1.2922219308264748e-05,3.5482621345118213e-28,-7.866218442842702e-17
T-L,SA,mc_learned_baseline,False,47,274,195088,70144,70144,0,0,54800,97544,390176,262144,1.0500000000000003,1.05,1.0499306186089932,0.0,0.0,public_state_tabular_independent_mc,1,0.0004642230433798236,10.917305400012992,True,accepted_return_check_disabled,0.1,1,0.0,-2.5949089149997154e-32,100,5.0,2.465190328815662e-32,1.4664282866759e-09,1.0,1.2922219308264748e-05,3.5482621345118213e-28,-7.866218442842702e-17
T-L,SA,mc_learned_baseline,False,47,275,195800,70400,70400,0,0,55000,97900,391600,262144,1.0500000000000003,1.05,1.0499306186089932,0.0,0.0,public_state_tabular_independent_mc,1,0.0004642230433798236,10.952773900004104,True,accepted_return_check_disabled,0.1,1,0.0,-2.5949089149997154e-32,100,5.0,2.465190328815662e-32,1.4664282866759e-09,1.0,1.2922219308264748e-05,3.5482621345118213e-28,-7.866218442842702e-17
T-L,SA,mc_learned_baseline,False,47,276,196512,70656,70656,0,0,55200,98256,393024,262144,1.0500000000000003,1.05,1.0499306186089932,0.0,0.0,public_state_tabular_independent_mc,1,0.0004642230433798236,10.995829900028184,True,accepted_return_check_disabled,0.1,1,0.0,-2.5949089149997154e-32,100,5.0,2.465190328815662e-32,1.4664282866759e-09,1.0,1.2922219308264748e-05,3.5482621345118213e-28,-7.866218442842702e-17
T-L,SA,mc_learned_baseline,False,47,277,197224,70912,70912,0,0,55400,98612,394448,262144,1.0500000000000003,1.05,1.0499306186089932,0.0,0.0,public_state_tabular_independent_mc,1,0.0004642230433798236,11.034931299975142,True,accepted_return_check_disabled,0.1,1,0.0,-2.5949089149997154e-32,100,5.0,2.465190328815662e-32,1.4664282866759e-09,1.0,1.2922219308264748e-05,3.5482621345118213e-28,-7.866218442842702e-17
T-L,SA,mc_learned_baseline,False,47,278,197936,71168,71168,0,0,55600,98968,395872,262144,1.0500000000000003,1.05,1.0499306186089932,0.0,0.0,public_state_tabular_independent_mc,1,0.0004642230433798236,11.073637000052258,True,accepted_return_check_disabled,0.1,1,0.0,-2.5949089149997154e-32,100,5.0,2.465190328815662e-32,1.4664282866759e-09,1.0,1.2922219308264748e-05,3.5482621345118213e-28,-7.866218442842702e-17
T-L,SA,mc_learned_baseline,False,47,279,198648,71424,71424,0,0,55800,99324,397296,262144,1.0500000000000003,1.05,1.0499306186089932,0.0,0.0,public_state_tabular_independent_mc,1,0.0004642230433798236,11.111274300026707,True,accepted_return_check_disabled,0.1,1,0.0,-2.5949089149997154e-32,100,5.0,2.465190328815662e-32,1.4664282866759e-09,1.0,1.2922219308264748e-05,3.5482621345118213e-28,-7.866218442842702e-17
T-L,SA,mc_learned_baseline,False,47,280,199360,71680,71680,0,0,56000,99680,398720,262144,1.0500000000000003,1.0470000000000002,1.0499306186089932,0.0,0.0,public_state_tabular_independent_mc,1,0.0004642230433798236,11.154608400072902,True,accepted_return_check_disabled,0.1,1,0.0,-2.5949089149997154e-32,100,5.0,2.465190328815662e-32,1.4664282866759e-09,1.0,1.2922219308264748e-05,3.5482621345118213e-28,-7.866218442842702e-17
T-L,SA,mc_learned_baseline,False,47,281,200072,71936,71936,0,0,56200,100036,400144,262144,1.0500000000000003,1.05,1.0499306186089932,0.0,0.0,public_state_tabular_independent_mc,1,0.0004642230433798236,11.197328299982473,True,accepted_return_check_disabled,0.1,1,0.0,-2.5949089149997154e-32,100,5.0,2.465190328815662e-32,1.4664282866759e-09,1.0,1.2922219308264748e-05,3.5482621345118213e-28,-7.866218442842702e-17
T-L,SA,mc_learned_baseline,False,47,282,200784,72192,72192,0,0,56400,100392,401568,262144,1.0500000000000003,1.05,1.0499306186089932,0.0,0.0,public_state_tabular_independent_mc,1,0.0004642230433798236,11.240442899987102,True,accepted_return_check_disabled,0.1,1,0.0,-2.5949089149997154e-32,100,5.0,2.465190328815662e-32,1.4664282866759e-09,1.0,1.2922219308264748e-05,3.5482621345118213e-28,-7.866218442842702e-17
T-L,SA,mc_learned_baseline,False,47,283,201496,72448,72448,0,0,56600,100748,402992,262144,1.0500000000000003,1.05,1.0499306186089932,0.0,0.0,public_state_tabular_independent_mc,1,0.0004642230433798236,11.289547300082631,True,accepted_return_check_disabled,0.1,1,0.0,-2.5949089149997154e-32,100,5.0,2.465190328815662e-32,1.4664282866759e-09,1.0,1.2922219308264748e-05,3.5482621345118213e-28,-7.866218442842702e-17
T-L,SA,mc_learned_baseline,False,47,284,202208,72704,72704,0,0,56800,101104,404416,262144,1.0500000000000003,1.05,1.0499306186089932,0.0,0.0,public_state_tabular_independent_mc,1,0.0004642230433798236,11.329711699974723,True,accepted_return_check_disabled,0.1,1,0.0,-2.5949089149997154e-32,100,5.0,2.465190328815662e-32,1.4664282866759e-09,1.0,1.2922219308264748e-05,3.5482621345118213e-28,-7.866218442842702e-17
T-L,SA,mc_learned_baseline,False,47,285,202920,72960,72960,0,0,57000,101460,405840,262144,1.0476562500000002,1.05,1.0499311957745725,5.771655793296304e-07,3.200646541057249e-08,public_state_tabular_independent_mc,1,0.00045391096178723457,11.365834500058554,True,accepted_return_check_disabled,0.1,1,7.762298758665289e-12,-0.0001873179598249746,100,5.0,0.00035400390625000064,2.115875450786596e-05,0.6155422840019975,1.579656357468604e-05,6.290899415779515e-06,-2.8743442664999494e-06
T-L,SA,mc_learned_baseline,False,47,286,203632,73216,73216,0,0,57200,101816,407264,262144,1.0500000000000003,1.05,1.0499311957745725,0.0,0.0,public_state_tabular_independent_mc,1,0.00045391096178723457,11.403013200033456,True,accepted_return_check_disabled,0.1,1,0.0,-2.59493356257947e-32,100,5.0,2.465190328815662e-32,1.4380876769823562e-09,1.0,1.317662700811464e-05,3.640632650459909e-28,-7.993581552907883e-17
T-L,SA,mc_learned_baseline,False,47,287,204344,73472,73472,0,0,57400,102172,408688,262144,1.0500000000000003,1.05,1.0499311957745725,0.0,0.0,public_state_tabular_independent_mc,1,0.00045391096178723457,11.442010500002652,True,accepted_return_check_disabled,0.1,1,0.0,-2.59493356257947e-32,100,5.0,2.465190328815662e-32,1.4380876769823562e-09,1.0,1.317662700811464e-05,3.640632650459909e-28,-7.993581552907883e-17
T-L,SA,mc_learned_baseline,False,47,288,205056,73728,73728,0,0,57600,102528,410112,262144,1.0500000000000003,1.05,1.0499311957745725,0.0,0.0,public_state_tabular_independent_mc,1,0.00045391096178723457,11.47954089997802,True,accepted_return_check_disabled,0.1,1,0.0,-2.59493356257947e-32,100,5.0,2.465190328815662e-32,1.4380876769823562e-09,1.0,1.317662700811464e-05,3.640632650459909e-28,-7.993581552907883e-17
T-L,SA,mc_learned_baseline,False,47,289,205768,73984,73984,0,0,57800,102884,411536,262144,1.0500000000000003,1.05,1.0499311957745725,0.0,0.0,public_state_tabular_independent_mc,1,0.00045391096178723457,11.520489100017585,True,accepted_return_check_disabled,0.1,1,0.0,-2.59493356257947e-32,100,5.0,2.465190328815662e-32,1.4380876769823562e-09,1.0,1.317662700811464e-05,3.640632650459909e-28,-7.993581552907883e-17
T-L,SA,mc_learned_baseline,False,47,290,206480,74240,74240,0,0,58000,103240,412960,262144,1.0500000000000003,1.05,1.0499311957745725,0.0,0.0,public_state_tabular_independent_mc,1,0.00045391096178723457,11.558057100046426,True,accepted_return_check_disabled,0.1,1,0.0,-2.59493356257947e-32,100,5.0,2.465190328815662e-32,1.4380876769823562e-09,1.0,1.317662700811464e-05,3.640632650459909e-28,-7.993581552907883e-17
T-L,SA,mc_learned_baseline,False,47,291,207192,74496,74496,0,0,58200,103596,414384,262144,1.0500000000000003,1.05,1.0499311957745725,0.0,0.0,public_state_tabular_independent_mc,1,0.00045391096178723457,11.601605199975893,True,accepted_return_check_disabled,0.1,1,0.0,-2.59493356257947e-32,100,5.0,2.465190328815662e-32,1.4380876769823562e-09,1.0,1.317662700811464e-05,3.640632650459909e-28,-7.993581552907883e-17
T-L,SA,mc_learned_baseline,False,47,292,207904,74752,74752,0,0,58400,103952,415808,262144,1.0500000000000003,1.0470000000000002,1.0499311957745725,0.0,0.0,public_state_tabular_independent_mc,1,0.00045391096178723457,11.643526799976826,True,accepted_return_check_disabled,0.1,1,0.0,-2.59493356257947e-32,100,5.0,2.465190328815662e-32,1.4380876769823562e-09,1.0,1.317662700811464e-05,3.640632650459909e-28,-7.993581552907883e-17
T-L,SA,mc_learned_baseline,False,47,293,208616,75008,75008,0,0,58600,104308,417232,262144,1.0476562500000002,1.05,1.0499317955553902,5.997808176783082e-07,2.881704844892231e-08,public_state_tabular_independent_mc,1,0.00044381286987681855,11.67921309999656,True,accepted_return_check_disabled,0.1,1,6.878022744865189e-13,-0.0001873187665801393,100,5.0,0.00035400390625000064,2.6637351087608377e-05,0.6155422840019977,1.5439438536894555e-05,5.718857513340294e-06,-2.262811528859851e-06
T-L,SA,mc_learned_baseline,False,47,294,209328,75264,75264,0,0,58800,104664,418656,262144,1.0500000000000003,1.05,1.0499317955553902,0.0,0.0,public_state_tabular_independent_mc,1,0.00044381286987681855,11.71640620008111,True,accepted_return_check_disabled,0.1,1,0.0,-2.5949173933071714e-32,100,5.0,2.465190328815662e-32,1.408989544285697e-09,1.0,1.3403103980728725e-05,3.7217297569114777e-28,-8.103176455016281e-17
T-L,SA,mc_learned_baseline,False,47,295,210040,75520,75520,0,0,59000,105020,420080,262144,1.0500000000000003,1.05,1.0499317955553902,0.0,0.0,public_state_tabular_independent_mc,1,0.00044381286987681855,11.752770200022496,True,accepted_return_check_disabled,0.1,1,0.0,-2.5949173933071714e-32,100,5.0,2.465190328815662e-32,1.408989544285697e-09,1.0,1.3403103980728725e-05,3.7217297569114777e-28,-8.103176455016281e-17
T-L,SA,mc_learned_baseline,False,47,296,210752,75776,75776,0,0,59200,105376,421504,262144,1.0500000000000003,1.05,1.0499317955553902,0.0,0.0,public_state_tabular_independent_mc,1,0.00044381286987681855,11.788536000065506,True,accepted_return_check_disabled,0.1,1,0.0,-2.5949173933071714e-32,100,5.0,2.465190328815662e-32,1.408989544285697e-09,1.0,1.3403103980728725e-05,3.7217297569114777e-28,-8.103176455016281e-17
T-L,SA,mc_learned_baseline,False,47,297,211464,76032,76032,0,0,59400,105732,422928,262144,1.0453125000000003,1.05,1.0499324206689913,6.25113601104843e-07,2.6200563892074573e-08,public_state_tabular_independent_mc,1,0.0004339264113600412,11.824719600030221,True,accepted_return_check_disabled,0.1,1,3.5826350369040064e-12,-0.00037463930282650407,100,5.0,0.0007080078125000013,6.534232254324699e-05,0.4180063291139243,1.5093328349050534e-05,5.228128328097685e-06,-1.690224368402841e-06
T-L,SA,mc_learned_baseline,False,47,298,212176,76288,76288,0,0,59600,106088,424352,262144,1.0500000000000003,1.05,1.0499324206689913,0.0,0.0,public_state_tabular_independent_mc,1,0.0004339264113600412,11.861282999976538,True,accepted_return_check_disabled,0.1,1,0.0,-2.5949265525434104e-32,100,5.0,2.465190328815662e-32,1.3790452505512328e-09,1.0,1.360091311539428e-05,3.840451088196916e-28,-8.24717143064541e-17
T-L,SA,mc_learned_baseline,False,47,299,212888,76544,76544,0,0,59800,106444,425776,262144,1.0500000000000003,1.05,1.0499324206689913,0.0,0.0,public_state_tabular_independent_mc,1,0.0004339264113600412,11.898822500021197,True,accepted_return_check_disabled,0.1,1,0.0,-2.5949265525434104e-32,100,5.0,2.465190328815662e-32,1.3790452505512328e-09,1.0,1.360091311539428e-05,3.840451088196916e-28,-8.24717143064541e-17
T-L,SA,mc_learned_baseline,False,47,300,213600,76800,76800,0,0,60000,106800,427200,262144,1.0500000000000003,1.05,1.0499324206689913,0.0,0.0,public_state_tabular_independent_mc,1,0.0004339264113600412,11.93719119997695,True,accepted_return_check_disabled,0.1,1,0.0,-2.5949265525434104e-32,100,5.0,2.465190328815662e-32,1.3790452505512328e-09,1.0,1.360091311539428e-05,3.840451088196916e-28,-8.24717143064541e-17
T-L,SA,mc_learned_baseline,False,47,301,214312,77056,77056,0,0,60200,107156,428624,262144,1.0500000000000003,1.05,1.0499324206689913,0.0,0.0,public_state_tabular_independent_mc,1,0.0004339264113600412,11.972782799974084,True,accepted_return_check_disabled,0.1,1,0.0,-2.5949265525434104e-32,100,5.0,2.465190328815662e-32,1.3790452505512328e-09,1.0,1.360091311539428e-05,3.840451088196916e-28,-8.24717143064541e-17
T-L,SA,mc_learned_baseline,False,47,302,215024,77312,77312,0,0,60400,107512,430048,262144,1.0500000000000003,1.05,1.0499324206689913,0.0,0.0,public_state_tabular_independent_mc,1,0.0004339264113600412,12.008990000002086,True,accepted_return_check_disabled,0.1,1,0.0,-2.5949265525434104e-32,100,5.0,2.465190328815662e-32,1.3790452505512328e-09,1.0,1.360091311539428e-05,3.840451088196916e-28,-8.24717143064541e-17
T-L,SA,mc_learned_baseline,False,47,303,215736,77568,77568,0,0,60600,107868,431472,262144,1.0500000000000003,1.05,1.0499324206689913,0.0,0.0,public_state_tabular_independent_mc,1,0.0004339264113600412,12.050867000012659,True,accepted_return_check_disabled,0.1,1,0.0,-2.5949265525434104e-32,100,5.0,2.465190328815662e-32,1.3790452505512328e-09,1.0,1.360091311539428e-05,3.840451088196916e-28,-8.24717143064541e-17
T-L,SA,mc_learned_baseline,False,47,304,216448,77824,77824,0,0,60800,108224,432896,262144,1.0500000000000003,1.05,1.0499324206689913,0.0,0.0,public_state_tabular_independent_mc,1,0.0004339264113600412,12.086977300001308,True,accepted_return_check_disabled,0.1,1,0.0,-2.5949265525434104e-32,100,5.0,2.465190328815662e-32,1.3790452505512328e-09,1.0,1.360091311539428e-05,3.840451088196916e-28,-8.24717143064541e-17
T-L,SA,mc_learned_baseline,False,47,305,217160,78080,78080,0,0,61000,108580,434320,262144,1.0500000000000003,1.05,1.0499324206689913,0.0,0.0,public_state_tabular_independent_mc,1,0.0004339264113600412,12.127455300069414,True,accepted_return_check_disabled,0.1,1,0.0,-2.5949265525434104e-32,100,5.0,2.465190328815662e-32,1.3790452505512328e-09,1.0,1.360091311539428e-05,3.840451088196916e-28,-8.24717143064541e-17
T-L,SA,mc_learned_baseline,False,47,306,217872,78336,78336,0,0,61200,108936,435744,262144,1.0500000000000003,1.05,1.0499324206689913,0.0,0.0,public_state_tabular_independent_mc,1,0.0004339264113600412,12.171220100019127,True,accepted_return_check_disabled,0.1,1,0.0,-2.5949265525434104e-32,100,5.0,2.465190328815662e-32,1.3790452505512328e-09,1.0,1.360091311539428e-05,3.840451088196916e-28,-8.24717143064541e-17
T-L,SA,mc_learned_baseline,False,47,307,218584,78592,78592,0,0,61400,109292,437168,262144,1.0500000000000003,1.05,1.0499324206689913,0.0,0.0,public_state_tabular_independent_mc,1,0.0004339264113600412,12.218436300056055,True,accepted_return_check_disabled,0.1,1,0.0,-2.5949265525434104e-32,100,5.0,2.465190328815662e-32,1.3790452505512328e-09,1.0,1.360091311539428e-05,3.840451088196916e-28,-8.24717143064541e-17
T-L,SA,mc_learned_baseline,False,47,308,219296,78848,78848,0,0,61600,109648,438592,262144,1.0500000000000003,1.05,1.0499324206689913,0.0,0.0,public_state_tabular_independent_mc,1,0.0004339264113600412,12.266860299976543,True,accepted_return_check_disabled,0.1,1,0.0,-2.5949265525434104e-32,100,5.0,2.465190328815662e-32,1.3790452505512328e-09,1.0,1.360091311539428e-05,3.840451088196916e-28,-8.24717143064541e-17
T-L,SA,mc_learned_baseline,False,47,309,220008,79104,79104,0,0,61800,110004,440016,262144,1.0500000000000003,1.05,1.0499324206689913,0.0,0.0,public_state_tabular_independent_mc,1,0.0004339264113600412,12.315121100051329,True,accepted_return_check_disabled,0.1,1,0.0,-2.5949265525434104e-32,100,5.0,2.465190328815662e-32,1.3790452505512328e-09,1.0,1.360091311539428e-05,3.840451088196916e-28,-8.24717143064541e-17
T-L,SA,mc_learned_baseline,False,47,310,220720,79360,79360,0,0,62000,110360,441440,262144,1.0500000000000003,1.05,1.0499324206689913,0.0,0.0,public_state_tabular_independent_mc,1,0.0004339264113600412,12.356250900076702,True,accepted_return_check_disabled,0.1,1,0.0,-2.5949265525434104e-32,100,5.0,2.465190328815662e-32,1.3790452505512328e-09,1.0,1.360091311539428e-05,3.840451088196916e-28,-8.24717143064541e-17
T-L,SA,mc_learned_baseline,False,47,311,221432,79616,79616,0,0,62200,110716,442864,262144,1.0500000000000003,1.05,1.0499324206689913,0.0,0.0,public_state_tabular_independent_mc,1,0.0004339264113600412,12.401601199992001,True,accepted_return_check_disabled,0.1,1,0.0,-2.5949265525434104e-32,100,5.0,2.465190328815662e-32,1.3790452505512328e-09,1.0,1.360091311539428e-05,3.840451088196916e-28,-8.24717143064541e-17
T-L,SA,mc_learned_baseline,False,47,312,222144,79872,79872,0,0,62400,111072,444288,262144,1.0500000000000003,1.05,1.0499324206689913,0.0,0.0,public_state_tabular_independent_mc,1,0.0004339264113600412,12.443865400040522,True,accepted_return_check_disabled,0.1,1,0.0,-2.5949265525434104e-32,100,5.0,2.465190328815662e-32,1.3790452505512328e-09,1.0,1.360091311539428e-05,3.840451088196916e-28,-8.24717143064541e-17
T-L,SA,mc_learned_baseline,False,47,313,222856,80128,80128,0,0,62600,111428,445712,262144,1.0500000000000003,1.05,1.0499324206689913,0.0,0.0,public_state_tabular_independent_mc,1,0.0004339264113600412,12.495712500065565,True,accepted_return_check_disabled,0.1,1,0.0,-2.5949265525434104e-32,100,5.0,2.465190328815662e-32,1.3790452505512328e-09,1.0,1.360091311539428e-05,3.840451088196916e-28,-8.24717143064541e-17
T-L,SA,mc_learned_baseline,False,47,314,223568,80384,80384,0,0,62800,111784,447136,262144,1.0500000000000003,1.05,1.0499324206689913,0.0,0.0,public_state_tabular_independent_mc,1,0.0004339264113600412,12.538916500052437,True,accepted_return_check_disabled,0.1,1,0.0,-2.5949265525434104e-32,100,5.0,2.465190328815662e-32,1.3790452505512328e-09,1.0,1.360091311539428e-05,3.840451088196916e-28,-8.24717143064541e-17
T-L,SA,mc_learned_baseline,False,47,315,224280,80640,80640,0,0,63000,112140,448560,262144,1.0500000000000003,1.05,1.0499324206689913,0.0,0.0,public_state_tabular_independent_mc,1,0.0004339264113600412,12.58254620002117,True,accepted_return_check_disabled,0.1,1,0.0,-2.5949265525434104e-32,100,5.0,2.465190328815662e-32,1.3790452505512328e-09,1.0,1.360091311539428e-05,3.840451088196916e-28,-8.24717143064541e-17
T-L,SA,mc_learned_baseline,False,47,316,224992,80896,80896,0,0,63200,112496,449984,262144,1.0500000000000003,1.05,1.0499324206689913,0.0,0.0,public_state_tabular_independent_mc,1,0.0004339264113600412,12.630206600064412,True,accepted_return_check_disabled,0.1,1,0.0,-2.5949265525434104e-32,100,5.0,2.465190328815662e-32,1.3790452505512328e-09,1.0,1.360091311539428e-05,3.840451088196916e-28,-8.24717143064541e-17
T-L,SA,mc_learned_baseline,False,47,317,225704,81152,81152,0,0,63400,112852,451408,262144,1.0500000000000003,1.05,1.0499324206689913,0.0,0.0,public_state_tabular_independent_mc,1,0.0004339264113600412,12.667451500077732,True,accepted_return_check_disabled,0.1,1,0.0,-2.5949265525434104e-32,100,5.0,2.465190328815662e-32,1.3790452505512328e-09,1.0,1.360091311539428e-05,3.840451088196916e-28,-8.24717143064541e-17
T-L,SA,mc_learned_baseline,False,47,318,226416,81408,81408,0,0,63600,113208,452832,262144,1.0500000000000003,1.05,1.0499324206689913,0.0,0.0,public_state_tabular_independent_mc,1,0.0004339264113600412,12.734638200025074,True,accepted_return_check_disabled,0.1,1,0.0,-2.5949265525434104e-32,100,5.0,2.465190328815662e-32,1.3790452505512328e-09,1.0,1.360091311539428e-05,3.840451088196916e-28,-8.24717143064541e-17
T-L,SA,mc_learned_baseline,False,47,319,227128,81664,81664,0,0,63800,113564,454256,262144,1.0500000000000003,1.05,1.0499324206689913,0.0,0.0,public_state_tabular_independent_mc,1,0.0004339264113600412,12.775084000080824,True,accepted_return_check_disabled,0.1,1,0.0,-2.5949265525434104e-32,100,5.0,2.465190328815662e-32,1.3790452505512328e-09,1.0,1.360091311539428e-05,3.840451088196916e-28,-8.24717143064541e-17
T-L,SA,mc_learned_baseline,False,47,320,227840,81920,81920,0,0,64000,113920,455680,262144,1.0500000000000003,1.05,1.0499324206689913,0.0,0.0,public_state_tabular_independent_mc,1,0.0004339264113600412,12.810293500078842,True,accepted_return_check_disabled,0.1,1,0.0,-2.5949265525434104e-32,100,5.0,2.465190328815662e-32,1.3790452505512328e-09,1.0,1.360091311539428e-05,3.840451088196916e-28,-8.24717143064541e-17
T-L,SA,mc_learned_baseline,False,47,321,228552,82176,82176,0,0,64200,114276,457104,262144,1.0500000000000003,1.05,1.0499324206689913,0.0,0.0,public_state_tabular_independent_mc,1,0.0004339264113600412,12.846298500080593,True,accepted_return_check_disabled,0.1,1,0.0,-2.5949265525434104e-32,100,5.0,2.465190328815662e-32,1.3790452505512328e-09,1.0,1.360091311539428e-05,3.840451088196916e-28,-8.24717143064541e-17
T-L,SA,mc_learned_baseline,False,47,322,229264,82432,82432,0,0,64400,114632,458528,262144,1.0500000000000003,1.05,1.0499324206689913,0.0,0.0,public_state_tabular_independent_mc,1,0.0004339264113600412,12.879898000042886,True,accepted_return_check_disabled,0.1,1,0.0,-2.5949265525434104e-32,100,5.0,2.465190328815662e-32,1.3790452505512328e-09,1.0,1.360091311539428e-05,3.840451088196916e-28,-8.24717143064541e-17
T-L,SA,mc_learned_baseline,False,47,323,229976,82688,82688,0,0,64600,114988,459952,262144,1.0500000000000003,1.05,1.0499324206689913,0.0,0.0,public_state_tabular_independent_mc,1,0.0004339264113600412,12.917372100055218,True,accepted_return_check_disabled,0.1,1,0.0,-2.5949265525434104e-32,100,5.0,2.465190328815662e-32,1.3790452505512328e-09,1.0,1.360091311539428e-05,3.840451088196916e-28,-8.24717143064541e-17
T-L,SA,mc_learned_baseline,False,47,324,230688,82944,82944,0,0,64800,115344,461376,262144,1.0500000000000003,1.05,1.0499324206689913,0.0,0.0,public_state_tabular_independent_mc,1,0.0004339264113600412,12.95432730007451,True,accepted_return_check_disabled,0.1,1,0.0,-2.5949265525434104e-32,100,5.0,2.465190328815662e-32,1.3790452505512328e-09,1.0,1.360091311539428e-05,3.840451088196916e-28,-8.24717143064541e-17
T-L,SA,mc_learned_baseline,False,47,325,231400,83200,83200,0,0,65000,115700,462800,262144,1.0500000000000003,1.05,1.0499324206689913,0.0,0.0,public_state_tabular_independent_mc,1,0.0004339264113600412,12.990974600077607,True,accepted_return_check_disabled,0.1,1,0.0,-2.5949265525434104e-32,100,5.0,2.465190328815662e-32,1.3790452505512328e-09,1.0,1.360091311539428e-05,3.840451088196916e-28,-8.24717143064541e-17
T-L,SA,mc_learned_baseline,False,47,326,232112,83456,83456,0,0,65200,116056,464224,262144,1.0500000000000003,1.05,1.0499324206689913,0.0,0.0,public_state_tabular_independent_mc,1,0.0004339264113600412,13.026933900080621,True,accepted_return_check_disabled,0.1,1,0.0,-2.5949265525434104e-32,100,5.0,2.465190328815662e-32,1.3790452505512328e-09,1.0,1.360091311539428e-05,3.840451088196916e-28,-8.24717143064541e-17
T-L,SA,mc_learned_baseline,False,47,327,232824,83712,83712,0,0,65400,116412,465648,262144,1.0500000000000003,1.05,1.0499324206689913,0.0,0.0,public_state_tabular_independent_mc,1,0.0004339264113600412,13.066726300050505,True,accepted_return_check_disabled,0.1,1,0.0,-2.5949265525434104e-32,100,5.0,2.465190328815662e-32,1.3790452505512328e-09,1.0,1.360091311539428e-05,3.840451088196916e-28,-8.24717143064541e-17
T-L,SA,mc_learned_baseline,False,47,328,233536,83968,83968,0,0,65600,116768,467072,262144,1.0500000000000003,1.05,1.04996139609195,2.8975422958765762e-05,1.1682647147872121e-05,public_state_tabular_independent_mc,0,0.00021394047601884994,13.1080127999885,True,accepted_return_check_disabled,0.1,1,9.542598685578807e-12,-1.3470356513769305e-06,100,5.0,2.7465820312496886e-06,2.6364229365177972e-06,0.9978027343750002,0.0028919883773216473,0.003113197828556327,-0.0028783874642063353
T-L,SA,mc_learned_baseline,False,47,329,234248,84224,84224,0,0,65800,117124,468496,262144,1.0500000000000003,1.05,1.04996139609195,0.0,0.0,public_state_tabular_independent_mc,1,0.00021394047601884994,13.145562699995935,True,accepted_return_check_disabled,0.1,1,0.0,-2.594920742179436e-32,100,5.0,2.465190328815662e-32,4.199038447004308e-10,1.0,9.483801953697323e-06,9.9090064711025e-28,-8.285724486146554e-17
T-L,SA,mc_learned_baseline,False,47,330,234960,84480,84480,0,0,66000,117480,469920,262144,1.0500000000000003,1.05,1.04996139609195,0.0,0.0,public_state_tabular_independent_mc,1,0.00021394047601884994,13.180767300073057,True,accepted_return_check_disabled,0.1,1,0.0,-2.594920742179436e-32,100,5.0,2.465190328815662e-32,4.199038447004308e-10,1.0,9.483801953697323e-06,9.9090064711025e-28,-8.285724486146554e-17
T-L,SA,mc_learned_baseline,False,47,331,235672,84736,84736,0,0,66200,117836,471344,262144,1.0500000000000003,1.05,1.04996139609195,0.0,0.0,public_state_tabular_independent_mc,1,0.00021394047601884994,13.219877099967562,True,accepted_return_check_disabled,0.1,1,0.0,-2.594920742179436e-32,100,5.0,2.465190328815662e-32,4.199038447004308e-10,1.0,9.483801953697323e-06,9.9090064711025e-28,-8.285724486146554e-17
T-L,SA,mc_learned_baseline,False,47,332,236384,84992,84992,0,0,66400,118192,472768,262144,1.0500000000000003,1.05,1.04996139609195,0.0,0.0,public_state_tabular_independent_mc,1,0.00021394047601884994,13.257018900010735,True,accepted_return_check_disabled,0.1,1,0.0,-2.594920742179436e-32,100,5.0,2.465190328815662e-32,4.199038447004308e-10,1.0,9.483801953697323e-06,9.9090064711025e-28,-8.285724486146554e-17
T-L,SA,mc_learned_baseline,False,47,333,237096,85248,85248,0,0,66600,118548,474192,262144,1.0500000000000003,1.05,1.04996139609195,0.0,0.0,public_state_tabular_independent_mc,1,0.00021394047601884994,13.293264599982649,True,accepted_return_check_disabled,0.1,1,0.0,-2.594920742179436e-32,100,5.0,2.465190328815662e-32,4.199038447004308e-10,1.0,9.483801953697323e-06,9.9090064711025e-28,-8.285724486146554e-17
T-L,SA,mc_learned_baseline,False,47,334,237808,85504,85504,0,0,66800,118904,475616,262144,1.0500000000000003,1.05,1.04996139609195,0.0,0.0,public_state_tabular_independent_mc,1,0.00021394047601884994,13.33213960006833,True,accepted_return_check_disabled,0.1,1,0.0,-2.594920742179436e-32,100,5.0,2.465190328815662e-32,4.199038447004308e-10,1.0,9.483801953697323e-06,9.9090064711025e-28,-8.285724486146554e-17
T-L,SA,mc_learned_baseline,False,47,335,238520,85760,85760,0,0,67000,119260,477040,262144,1.0500000000000003,1.05,1.04996139609195,0.0,0.0,public_state_tabular_independent_mc,1,0.00021394047601884994,13.36877090006601,True,accepted_return_check_disabled,0.1,1,0.0,-2.594920742179436e-32,100,5.0,2.465190328815662e-32,4.199038447004308e-10,1.0,9.483801953697323e-06,9.9090064711025e-28,-8.285724486146554e-17
T-L,SA,mc_learned_baseline,False,47,336,239232,86016,86016,0,0,67200,119616,478464,262144,1.0500000000000003,1.05,1.04996139609195,0.0,0.0,public_state_tabular_independent_mc,1,0.00021394047601884994,13.405675900052302,True,accepted_return_check_disabled,0.1,1,0.0,-2.594920742179436e-32,100,5.0,2.465190328815662e-32,4.199038447004308e-10,1.0,9.483801953697323e-06,9.9090064711025e-28,-8.285724486146554e-17
T-L,SA,mc_learned_baseline,False,47,337,239944,86272,86272,0,0,67400,119972,479888,262144,1.0500000000000003,1.0470000000000002,1.04996139609195,0.0,0.0,public_state_tabular_independent_mc,1,0.00021394047601884994,13.441572900046594,True,accepted_return_check_disabled,0.1,1,0.0,-2.594920742179436e-32,100,5.0,2.465190328815662e-32,4.199038447004308e-10,1.0,9.483801953697323e-06,9.9090064711025e-28,-8.285724486146554e-17
T-L,SA,mc_learned_baseline,False,47,338,240656,86528,86528,0,0,67600,120328,481312,262144,1.0500000000000003,1.05,1.04996139609195,0.0,0.0,public_state_tabular_independent_mc,1,0.00021394047601884994,13.476601000060327,True,accepted_return_check_disabled,0.1,1,0.0,-2.594920742179436e-32,100,5.0,2.465190328815662e-32,4.199038447004308e-10,1.0,9.483801953697323e-06,9.9090064711025e-28,-8.285724486146554e-17
T-L,SA,mc_learned_baseline,False,47,339,241368,86784,86784,0,0,67800,120684,482736,262144,1.0500000000000003,1.05,1.04996139609195,0.0,0.0,public_state_tabular_independent_mc,1,0.00021394047601884994,13.513571999967098,True,accepted_return_check_disabled,0.1,1,0.0,-2.594920742179436e-32,100,5.0,2.465190328815662e-32,4.199038447004308e-10,1.0,9.483801953697323e-06,9.9090064711025e-28,-8.285724486146554e-17
T-L,SA,mc_learned_baseline,False,47,340,242080,87040,87040,0,0,68000,121040,484160,262144,1.0500000000000003,1.05,1.04996139609195,0.0,0.0,public_state_tabular_independent_mc,1,0.00021394047601884994,13.552765100030228,True,accepted_return_check_disabled,0.1,1,0.0,-2.594920742179436e-32,100,5.0,2.465190328815662e-32,4.199038447004308e-10,1.0,9.483801953697323e-06,9.9090064711025e-28,-8.285724486146554e-17
T-L,SA,mc_learned_baseline,False,47,341,242792,87296,87296,0,0,68200,121396,485584,262144,1.0500000000000003,1.05,1.04996139609195,0.0,0.0,public_state_tabular_independent_mc,1,0.00021394047601884994,13.59554690006189,True,accepted_return_check_disabled,0.1,1,0.0,-2.594920742179436e-32,100,5.0,2.465190328815662e-32,4.199038447004308e-10,1.0,9.483801953697323e-06,9.9090064711025e-28,-8.285724486146554e-17
T-L,SA,mc_learned_baseline,False,47,342,243504,87552,87552,0,0,68400,121752,487008,262144,1.0500000000000003,1.05,1.04996139609195,0.0,0.0,public_state_tabular_independent_mc,1,0.00021394047601884994,13.645586500060745,True,accepted_return_check_disabled,0.1,1,0.0,-2.594920742179436e-32,100,5.0,2.465190328815662e-32,4.199038447004308e-10,1.0,9.483801953697323e-06,9.9090064711025e-28,-8.285724486146554e-17
T-L,SA,mc_learned_baseline,False,47,343,244216,87808,87808,0,0,68600,122108,488432,262144,1.0500000000000003,1.05,1.04996139609195,0.0,0.0,public_state_tabular_independent_mc,1,0.00021394047601884994,13.688805500045419,True,accepted_return_check_disabled,0.1,1,0.0,-2.594920742179436e-32,100,5.0,2.465190328815662e-32,4.199038447004308e-10,1.0,9.483801953697323e-06,9.9090064711025e-28,-8.285724486146554e-17
T-L,SA,mc_learned_baseline,False,47,344,244928,88064,88064,0,0,68800,122464,489856,262144,1.0500000000000003,1.05,1.04996139609195,0.0,0.0,public_state_tabular_independent_mc,1,0.00021394047601884994,13.725872999988496,True,accepted_return_check_disabled,0.1,1,0.0,-2.594920742179436e-32,100,5.0,2.465190328815662e-32,4.199038447004308e-10,1.0,9.483801953697323e-06,9.9090064711025e-28,-8.285724486146554e-17
T-L,SA,mc_learned_baseline,False,47,345,245640,88320,88320,0,0,69000,122820,491280,262144,1.0500000000000003,1.05,1.04996139609195,0.0,0.0,public_state_tabular_independent_mc,1,0.00021394047601884994,13.764129500021227,True,accepted_return_check_disabled,0.1,1,0.0,-2.594920742179436e-32,100,5.0,2.465190328815662e-32,4.199038447004308e-10,1.0,9.483801953697323e-06,9.9090064711025e-28,-8.285724486146554e-17
T-L,SA,mc_learned_baseline,False,47,346,246352,88576,88576,0,0,69200,123176,492704,262144,1.0500000000000003,1.05,1.04996139609195,0.0,0.0,public_state_tabular_independent_mc,1,0.00021394047601884994,13.799080800032243,True,accepted_return_check_disabled,0.1,1,0.0,-2.594920742179436e-32,100,5.0,2.465190328815662e-32,4.199038447004308e-10,1.0,9.483801953697323e-06,9.9090064711025e-28,-8.285724486146554e-17
T-L,SA,mc_learned_baseline,False,47,347,247064,88832,88832,0,0,69400,123532,494128,262144,1.0500000000000003,1.05,1.04996139609195,0.0,0.0,public_state_tabular_independent_mc,1,0.00021394047601884994,13.837368700071238,True,accepted_return_check_disabled,0.1,1,0.0,-2.594920742179436e-32,100,5.0,2.465190328815662e-32,4.199038447004308e-10,1.0,9.483801953697323e-06,9.9090064711025e-28,-8.285724486146554e-17
T-L,SA,mc_learned_baseline,False,47,348,247776,89088,89088,0,0,69600,123888,495552,262144,1.0500000000000003,1.05,1.04996139609195,0.0,0.0,public_state_tabular_independent_mc,1,0.00021394047601884994,13.874752799980342,True,accepted_return_check_disabled,0.1,1,0.0,-2.594920742179436e-32,100,5.0,2.465190328815662e-32,4.199038447004308e-10,1.0,9.483801953697323e-06,9.9090064711025e-28,-8.285724486146554e-17
T-L,SA,mc_learned_baseline,False,47,349,248488,89344,89344,0,0,69800,124244,496976,262144,1.0500000000000003,1.05,1.04996139609195,0.0,0.0,public_state_tabular_independent_mc,1,0.00021394047601884994,13.91277000005357,True,accepted_return_check_disabled,0.1,1,0.0,-2.594920742179436e-32,100,5.0,2.465190328815662e-32,4.199038447004308e-10,1.0,9.483801953697323e-06,9.9090064711025e-28,-8.285724486146554e-17
T-L,SA,mc_learned_baseline,False,47,350,249200,89600,89600,0,0,70000,124600,498400,262144,1.0500000000000003,1.05,1.04996139609195,0.0,0.0,public_state_tabular_independent_mc,1,0.00021394047601884994,13.956460200017318,True,accepted_return_check_disabled,0.1,1,0.0,-2.594920742179436e-32,100,5.0,2.465190328815662e-32,4.199038447004308e-10,1.0,9.483801953697323e-06,9.9090064711025e-28,-8.285724486146554e-17
T-L,SA,mc_learned_baseline,False,47,351,249912,89856,89856,0,0,70200,124956,499824,262144,1.0500000000000003,1.05,1.04996139609195,0.0,0.0,public_state_tabular_independent_mc,1,0.00021394047601884994,14.002195300068706,True,accepted_return_check_disabled,0.1,1,0.0,-2.594920742179436e-32,100,5.0,2.465190328815662e-32,4.199038447004308e-10,1.0,9.483801953697323e-06,9.9090064711025e-28,-8.285724486146554e-17
T-L,SA,mc_learned_baseline,False,47,352,250624,90112,90112,0,0,70400,125312,501248,262144,1.0500000000000003,1.05,1.04996139609195,0.0,0.0,public_state_tabular_independent_mc,1,0.00021394047601884994,14.042319000000134,True,accepted_return_check_disabled,0.1,1,0.0,-2.594920742179436e-32,100,5.0,2.465190328815662e-32,4.199038447004308e-10,1.0,9.483801953697323e-06,9.9090064711025e-28,-8.285724486146554e-17
T-L,SA,mc_learned_baseline,False,47,353,251336,90368,90368,0,0,70600,125668,502672,262144,1.0500000000000003,1.05,1.04996139609195,0.0,0.0,public_state_tabular_independent_mc,1,0.00021394047601884994,14.08481470006518,True,accepted_return_check_disabled,0.1,1,0.0,-2.594920742179436e-32,100,5.0,2.465190328815662e-32,4.199038447004308e-10,1.0,9.483801953697323e-06,9.9090064711025e-28,-8.285724486146554e-17
T-L,SA,mc_learned_baseline,False,47,354,252048,90624,90624,0,0,70800,126024,504096,262144,1.0500000000000003,1.05,1.04996139609195,0.0,0.0,public_state_tabular_independent_mc,1,0.00021394047601884994,14.133270799997263,True,accepted_return_check_disabled,0.1,1,0.0,-2.594920742179436e-32,100,5.0,2.465190328815662e-32,4.199038447004308e-10,1.0,9.483801953697323e-06,9.9090064711025e-28,-8.285724486146554e-17
T-L,SA,mc_learned_baseline,False,47,355,252760,90880,90880,0,0,71000,126380,505520,262144,1.0500000000000003,1.05,1.04996139609195,0.0,0.0,public_state_tabular_independent_mc,1,0.00021394047601884994,14.173200100078247,True,accepted_return_check_disabled,0.1,1,0.0,-2.594920742179436e-32,100,5.0,2.465190328815662e-32,4.199038447004308e-10,1.0,9.483801953697323e-06,9.9090064711025e-28,-8.285724486146554e-17
T-L,SA,mc_learned_baseline,False,47,356,253472,91136,91136,0,0,71200,126736,506944,262144,1.0500000000000003,1.05,1.04996139609195,0.0,0.0,public_state_tabular_independent_mc,1,0.00021394047601884994,14.224831199971959,True,accepted_return_check_disabled,0.1,1,0.0,-2.594920742179436e-32,100,5.0,2.465190328815662e-32,4.199038447004308e-10,1.0,9.483801953697323e-06,9.9090064711025e-28,-8.285724486146554e-17
T-L,SA,mc_learned_baseline,False,47,357,254184,91392,91392,0,0,71400,127092,508368,262144,1.0500000000000003,1.05,1.04996139609195,0.0,0.0,public_state_tabular_independent_mc,1,0.00021394047601884994,14.268179400009103,True,accepted_return_check_disabled,0.1,1,0.0,-2.594920742179436e-32,100,5.0,2.465190328815662e-32,4.199038447004308e-10,1.0,9.483801953697323e-06,9.9090064711025e-28,-8.285724486146554e-17
T-L,SA,mc_learned_baseline,False,47,358,254896,91648,91648,0,0,71600,127448,509792,262144,1.0500000000000003,1.05,1.04996139609195,0.0,0.0,public_state_tabular_independent_mc,1,0.00021394047601884994,14.3120581000112,True,accepted_return_check_disabled,0.1,1,0.0,-2.594920742179436e-32,100,5.0,2.465190328815662e-32,4.199038447004308e-10,1.0,9.483801953697323e-06,9.9090064711025e-28,-8.285724486146554e-17
T-L,SA,mc_learned_baseline,False,47,359,255608,91904,91904,0,0,71800,127804,511216,262144,1.0500000000000003,1.05,1.04996139609195,0.0,0.0,public_state_tabular_independent_mc,1,0.00021394047601884994,14.356763800024055,True,accepted_return_check_disabled,0.1,1,0.0,-2.594920742179436e-32,100,5.0,2.465190328815662e-32,4.199038447004308e-10,1.0,9.483801953697323e-06,9.9090064711025e-28,-8.285724486146554e-17
T-L,SA,mc_learned_baseline,False,47,360,256320,92160,92160,0,0,72000,128160,512640,262144,1.0500000000000003,1.05,1.04996139609195,0.0,0.0,public_state_tabular_independent_mc,1,0.00021394047601884994,14.396885100053623,True,accepted_return_check_disabled,0.1,1,0.0,-2.594920742179436e-32,100,5.0,2.465190328815662e-32,4.199038447004308e-10,1.0,9.483801953697323e-06,9.9090064711025e-28,-8.285724486146554e-17
T-L,SA,mc_learned_baseline,False,47,361,257032,92416,92416,0,0,72200,128516,514064,262144,1.0500000000000003,1.05,1.04996139609195,0.0,0.0,public_state_tabular_independent_mc,1,0.00021394047601884994,14.438264099997468,True,accepted_return_check_disabled,0.1,1,0.0,-2.594920742179436e-32,100,5.0,2.465190328815662e-32,4.199038447004308e-10,1.0,9.483801953697323e-06,9.9090064711025e-28,-8.285724486146554e-17
T-L,SA,mc_learned_baseline,False,47,362,257744,92672,92672,0,0,72400,128872,515488,262144,1.0500000000000003,1.05,1.04996139609195,0.0,0.0,public_state_tabular_independent_mc,1,0.00021394047601884994,14.476354800048284,True,accepted_return_check_disabled,0.1,1,0.0,-2.594920742179436e-32,100,5.0,2.465190328815662e-32,4.199038447004308e-10,1.0,9.483801953697323e-06,9.9090064711025e-28,-8.285724486146554e-17
T-L,SA,mc_learned_baseline,False,47,363,258456,92928,92928,0,0,72600,129228,516912,262144,1.0500000000000003,1.05,1.04996139609195,0.0,0.0,public_state_tabular_independent_mc,1,0.00021394047601884994,14.514004900003783,True,accepted_return_check_disabled,0.1,1,0.0,-2.594920742179436e-32,100,5.0,2.465190328815662e-32,4.199038447004308e-10,1.0,9.483801953697323e-06,9.9090064711025e-28,-8.285724486146554e-17
T-L,SA,mc_learned_baseline,False,47,364,259168,93184,93184,0,0,72800,129584,518336,262144,1.0500000000000003,1.05,1.04996139609195,0.0,0.0,public_state_tabular_independent_mc,1,0.00021394047601884994,14.553700600052252,True,accepted_return_check_disabled,0.1,1,0.0,-2.594920742179436e-32,100,5.0,2.465190328815662e-32,4.199038447004308e-10,1.0,9.483801953697323e-06,9.9090064711025e-28,-8.285724486146554e-17
T-L,SA,mc_learned_baseline,False,47,365,259880,93440,93440,0,0,73000,129940,519760,262144,1.0500000000000003,1.05,1.04996139609195,0.0,0.0,public_state_tabular_independent_mc,1,0.00021394047601884994,14.592490100068972,True,accepted_return_check_disabled,0.1,1,0.0,-2.594920742179436e-32,100,5.0,2.465190328815662e-32,4.199038447004308e-10,1.0,9.483801953697323e-06,9.9090064711025e-28,-8.285724486146554e-17
T-L,SA,mc_learned_baseline,False,47,366,260592,93696,93696,0,0,73200,130296,521184,262144,1.0500000000000003,1.05,1.04996139609195,0.0,0.0,public_state_tabular_independent_mc,1,0.00021394047601884994,14.640137500013225,True,accepted_return_check_disabled,0.1,1,0.0,-2.594920742179436e-32,100,5.0,2.465190328815662e-32,4.199038447004308e-10,1.0,9.483801953697323e-06,9.9090064711025e-28,-8.285724486146554e-17
T-L,SA,mc_learned_baseline,False,47,367,261304,93952,93952,0,0,73400,130652,522608,262144,1.0500000000000003,1.05,1.04996139609195,0.0,0.0,public_state_tabular_independent_mc,1,0.00021394047601884994,14.679715499980375,True,accepted_return_check_disabled,0.1,1,0.0,-2.594920742179436e-32,100,5.0,2.465190328815662e-32,4.199038447004308e-10,1.0,9.483801953697323e-06,9.9090064711025e-28,-8.285724486146554e-17
T-L,SA,mc_learned_baseline,False,47,368,262016,94208,94208,0,0,73600,131008,524032,262144,1.0500000000000003,1.05,1.04996139609195,0.0,0.0,public_state_tabular_independent_mc,1,0.00021394047601884994,14.715450000017881,True,accepted_return_check_disabled,0.1,1,0.0,-2.594920742179436e-32,100,5.0,2.465190328815662e-32,4.199038447004308e-10,1.0,9.483801953697323e-06,9.9090064711025e-28,-8.285724486146554e-17
