round,source_episodes,round_source_episodes,direction_passed,candidate_count,fit_kl,accepted,experiment,method,label,seed,source_steps_total
1,456,356,,1,3.785836633136335e-09,True,P-L,AN,mc_learned_baseline,49,456
2,812,356,,1,5.453563554744658e-09,True,P-L,AN,mc_learned_baseline,49,812
3,1168,356,,1,6.584209836259838e-09,True,P-L,AN,mc_learned_baseline,49,1168
4,1524,356,,1,7.595290886327867e-10,True,P-L,AN,mc_learned_baseline,49,1524
5,1880,356,,1,2.2181095869624784e-08,True,P-L,AN,mc_learned_baseline,49,1880
6,2236,356,,1,8.85461710735713e-09,True,P-L,AN,mc_learned_baseline,49,2236
7,2592,356,,1,1.0345194156426749e-08,True,P-L,AN,mc_learned_baseline,49,2592
8,2948,356,,1,1.2335769230745468e-08,True,P-L,AN,mc_learned_baseline,49,2948
9,3304,356,,1,2.1439138252252746e-08,True,P-L,AN,mc_learned_baseline,49,3304
10,3660,356,,1,6.883552850814036e-09,True,P-L,AN,mc_learned_baseline,49,3660
11,4016,356,,1,1.3117540317715836e-08,True,P-L,AN,mc_learned_baseline,49,4016
12,4372,356,,1,1.1994066409402757e-08,True,P-L,AN,mc_learned_baseline,49,4372
13,4728,356,,1,1.9300283167745166e-08,True,P-L,AN,mc_learned_baseline,49,4728
14,5084,356,,1,3.53917908014048e-08,True,P-L,AN,mc_learned_baseline,49,5084
15,5440,356,,1,4.304246421885894e-08,True,P-L,AN,mc_learned_baseline,49,5440
16,5796,356,,1,2.5835940894007645e-08,True,P-L,AN,mc_learned_baseline,49,5796
17,6152,356,,1,4.786884266819316e-08,True,P-L,AN,mc_learned_baseline,49,6152
18,6508,356,,1,3.801207680849133e-08,True,P-L,AN,mc_learned_baseline,49,6508
19,6864,356,,1,2.657346382274863e-08,True,P-L,AN,mc_learned_baseline,49,6864
20,7220,356,,1,4.8302090219347004e-08,True,P-L,AN,mc_learned_baseline,49,7220
21,7576,356,,1,1.824714314896071e-08,True,P-L,AN,mc_learned_baseline,49,7576
22,7932,356,,1,8.8386087155571e-09,True,P-L,AN,mc_learned_baseline,49,7932
23,8288,356,,1,1.4086344021707026e-08,True,P-L,AN,mc_learned_baseline,49,8288
24,8644,356,,1,1.4753396344716406e-09,True,P-L,AN,mc_learned_baseline,49,8644
25,9000,356,,1,2.881925024385722e-08,True,P-L,AN,mc_learned_baseline,49,9000
26,9356,356,,1,2.059482575421087e-09,True,P-L,AN,mc_learned_baseline,49,9356
27,9712,356,,1,1.0913508011362065e-08,True,P-L,AN,mc_learned_baseline,49,9712
28,10068,356,,1,4.151921854459439e-09,True,P-L,AN,mc_learned_baseline,49,10068
29,10424,356,,1,1.1194983851586498e-09,True,P-L,AN,mc_learned_baseline,49,10424
30,10780,356,,1,3.4008098727777383e-09,True,P-L,AN,mc_learned_baseline,49,10780
31,11136,356,,1,7.305354799360113e-14,True,P-L,AN,mc_learned_baseline,49,11136
32,11492,356,,1,2.417325732086259e-12,True,P-L,AN,mc_learned_baseline,49,11492
33,11848,356,,1,1.1394974600982705e-12,True,P-L,AN,mc_learned_baseline,49,11848
34,12204,356,,1,5.735975951896484e-13,True,P-L,AN,mc_learned_baseline,49,12204
35,12560,356,,1,4.384283552917297e-09,True,P-L,AN,mc_learned_baseline,49,12560
36,12916,356,,1,9.529321492041942e-13,True,P-L,AN,mc_learned_baseline,49,12916
37,13272,356,,1,4.6069191460569135e-12,True,P-L,AN,mc_learned_baseline,49,13272
38,13628,356,,1,4.4234504921282795e-12,True,P-L,AN,mc_learned_baseline,49,13628
39,13984,356,,1,2.4150793667836653e-12,True,P-L,AN,mc_learned_baseline,49,13984
40,14340,356,,1,2.05461869442249e-12,True,P-L,AN,mc_learned_baseline,49,14340
41,14696,356,,1,2.7137716081572745e-12,True,P-L,AN,mc_learned_baseline,49,14696
42,15052,356,,1,1.1060596065822477e-13,True,P-L,AN,mc_learned_baseline,49,15052
43,15408,356,,1,5.6214587392819036e-12,True,P-L,AN,mc_learned_baseline,49,15408
44,15764,356,,1,6.986291731255855e-13,True,P-L,AN,mc_learned_baseline,49,15764
45,16120,356,,1,5.834454373800508e-13,True,P-L,AN,mc_learned_baseline,49,16120
46,16476,356,,1,1.0094852684194414e-12,True,P-L,AN,mc_learned_baseline,49,16476
47,16832,356,,1,6.07854304375358e-11,True,P-L,AN,mc_learned_baseline,49,16832
48,17188,356,,1,1.6621888626684156e-13,True,P-L,AN,mc_learned_baseline,49,17188
49,17544,356,,1,1.5240450183359387e-13,True,P-L,AN,mc_learned_baseline,49,17544
50,17900,356,,1,7.01137268616789e-13,True,P-L,AN,mc_learned_baseline,49,17900
51,18256,356,,1,3.0419411346066415e-13,True,P-L,AN,mc_learned_baseline,49,18256
52,18612,356,,1,2.1292587393047488e-13,True,P-L,AN,mc_learned_baseline,49,18612
53,18968,356,,1,1.4730787902843268e-13,True,P-L,AN,mc_learned_baseline,49,18968
54,19324,356,,1,2.0071812865269398e-13,True,P-L,AN,mc_learned_baseline,49,19324
55,19680,356,,1,1.9226590440031894e-13,True,P-L,AN,mc_learned_baseline,49,19680
56,20036,356,,1,3.010475363501242e-11,True,P-L,AN,mc_learned_baseline,49,20036
57,20392,356,,1,1.624891254071481e-13,True,P-L,AN,mc_learned_baseline,49,20392
58,20748,356,,1,6.765279284393307e-13,True,P-L,AN,mc_learned_baseline,49,20748
59,21104,356,,1,1.184687101702697e-13,True,P-L,AN,mc_learned_baseline,49,21104
60,21460,356,,1,9.419653777402394e-14,True,P-L,AN,mc_learned_baseline,49,21460
61,21816,356,,1,2.4794130574902945e-13,True,P-L,AN,mc_learned_baseline,49,21816
62,22172,356,,1,1.1675001095719294e-13,True,P-L,AN,mc_learned_baseline,49,22172
63,22528,356,,1,1.7277077474262922e-13,True,P-L,AN,mc_learned_baseline,49,22528
64,22884,356,,1,4.131830918410843e-11,True,P-L,AN,mc_learned_baseline,49,22884
65,23240,356,,1,4.76723908079604e-14,True,P-L,AN,mc_learned_baseline,49,23240
66,23596,356,,1,4.6009666552115614e-14,True,P-L,AN,mc_learned_baseline,49,23596
67,23952,356,,1,4.9672859841148046e-14,True,P-L,AN,mc_learned_baseline,49,23952
68,24308,356,,1,7.626002609827162e-14,True,P-L,AN,mc_learned_baseline,49,24308
69,24664,356,,1,1.0982182757827822e-13,True,P-L,AN,mc_learned_baseline,49,24664
70,25020,356,,1,6.326839470615462e-14,True,P-L,AN,mc_learned_baseline,49,25020
71,25376,356,,1,2.533375421515609e-14,True,P-L,AN,mc_learned_baseline,49,25376
72,25732,356,,1,2.428983781222271e-13,True,P-L,AN,mc_learned_baseline,49,25732
73,26088,356,,1,7.195237192457614e-12,True,P-L,AN,mc_learned_baseline,49,26088
74,26444,356,,1,9.673093871809764e-14,True,P-L,AN,mc_learned_baseline,49,26444
75,26800,356,,1,5.121681065977036e-14,True,P-L,AN,mc_learned_baseline,49,26800
76,27156,356,,1,3.0900721145241324e-14,True,P-L,AN,mc_learned_baseline,49,27156
77,27512,356,,1,5.6360800262351995e-14,True,P-L,AN,mc_learned_baseline,49,27512
78,27868,356,,1,1.4493951455527736e-13,True,P-L,AN,mc_learned_baseline,49,27868
79,28224,356,,1,1.000907215791508e-13,True,P-L,AN,mc_learned_baseline,49,28224
80,28580,356,,1,1.6511018126478241e-13,True,P-L,AN,mc_learned_baseline,49,28580
81,28936,356,,1,7.299534265450281e-14,True,P-L,AN,mc_learned_baseline,49,28936
82,29292,356,,1,1.1774147433144693e-13,True,P-L,AN,mc_learned_baseline,49,29292
83,29648,356,,1,1.7395258181343738e-14,True,P-L,AN,mc_learned_baseline,49,29648
84,30004,356,,1,1.9235574053383773e-13,True,P-L,AN,mc_learned_baseline,49,30004
85,30360,356,,1,6.44223730940131e-14,True,P-L,AN,mc_learned_baseline,49,30360
86,30716,356,,1,1.464910098510792e-13,True,P-L,AN,mc_learned_baseline,49,30716
87,31072,356,,1,6.410207026660161e-14,True,P-L,AN,mc_learned_baseline,49,31072
88,31428,356,,1,1.4062033284479054e-13,True,P-L,AN,mc_learned_baseline,49,31428
89,31784,356,,1,1.2105367085109659e-13,True,P-L,AN,mc_learned_baseline,49,31784
90,32140,356,,1,9.382127806181997e-14,True,P-L,AN,mc_learned_baseline,49,32140
91,32496,356,,1,5.709641562691051e-14,True,P-L,AN,mc_learned_baseline,49,32496
92,32852,356,,1,2.9342966201256807e-15,True,P-L,AN,mc_learned_baseline,49,32852
93,33208,356,,1,2.371849683888519e-13,True,P-L,AN,mc_learned_baseline,49,33208
94,33564,356,,1,1.173782745997737e-13,True,P-L,AN,mc_learned_baseline,49,33564
95,33920,356,,1,1.3228598090876007e-13,True,P-L,AN,mc_learned_baseline,49,33920
96,34276,356,,1,8.30150454877699e-15,True,P-L,AN,mc_learned_baseline,49,34276
97,34632,356,,1,1.408951240619432e-13,True,P-L,AN,mc_learned_baseline,49,34632
98,34988,356,,1,7.025445318032222e-14,True,P-L,AN,mc_learned_baseline,49,34988
99,35344,356,,1,4.2367128110703476e-14,True,P-L,AN,mc_learned_baseline,49,35344
100,35700,356,,1,9.593127590482846e-15,True,P-L,AN,mc_learned_baseline,49,35700
101,36056,356,,1,1.5786554022168015e-13,True,P-L,AN,mc_learned_baseline,49,36056
102,36412,356,,1,1.7146198957977974e-13,True,P-L,AN,mc_learned_baseline,49,36412
103,36768,356,,1,4.5165499201862924e-14,True,P-L,AN,mc_learned_baseline,49,36768
104,37124,356,,1,1.4256095538805972e-13,True,P-L,AN,mc_learned_baseline,49,37124
105,37480,356,,1,1.0532067034831528e-13,True,P-L,AN,mc_learned_baseline,49,37480
106,37836,356,,1,9.473259453917314e-14,True,P-L,AN,mc_learned_baseline,49,37836
107,38192,356,,1,3.502341732361644e-14,True,P-L,AN,mc_learned_baseline,49,38192
108,38548,356,,1,4.672302620181806e-14,True,P-L,AN,mc_learned_baseline,49,38548
109,38904,356,,1,1.813582622984609e-14,True,P-L,AN,mc_learned_baseline,49,38904
110,39260,356,,1,5.5019516737290266e-14,True,P-L,AN,mc_learned_baseline,49,39260
111,39616,356,,1,7.202997719784962e-14,True,P-L,AN,mc_learned_baseline,49,39616
112,39972,356,,1,1.5034982364567912e-13,True,P-L,AN,mc_learned_baseline,49,39972
113,40328,356,,1,1.0551459167148742e-13,True,P-L,AN,mc_learned_baseline,49,40328
114,40684,356,,1,2.0672562300279217e-14,True,P-L,AN,mc_learned_baseline,49,40684
115,41040,356,,1,2.024327322249377e-14,True,P-L,AN,mc_learned_baseline,49,41040
116,41396,356,,1,5.5562479260217275e-14,True,P-L,AN,mc_learned_baseline,49,41396
117,41752,356,,1,1.427918471520025e-13,True,P-L,AN,mc_learned_baseline,49,41752
118,42108,356,,1,1.1209878019224097e-13,True,P-L,AN,mc_learned_baseline,49,42108
119,42464,356,,1,1.2306379267735602e-13,True,P-L,AN,mc_learned_baseline,49,42464
120,42820,356,,1,1.454988060676249e-13,True,P-L,AN,mc_learned_baseline,49,42820
121,43176,356,,1,1.2556564630377307e-13,True,P-L,AN,mc_learned_baseline,49,43176
122,43532,356,,1,5.898466365207042e-14,True,P-L,AN,mc_learned_baseline,49,43532
123,43888,356,,1,1.1449586644984195e-13,True,P-L,AN,mc_learned_baseline,49,43888
124,44244,356,,1,9.291245028890339e-14,True,P-L,AN,mc_learned_baseline,49,44244
125,44600,356,,1,5.4028277037429594e-14,True,P-L,AN,mc_learned_baseline,49,44600
126,44956,356,,1,1.150034107759547e-13,True,P-L,AN,mc_learned_baseline,49,44956
127,45312,356,,1,1.3597910329926104e-13,True,P-L,AN,mc_learned_baseline,49,45312
128,45668,356,,1,1.5702801994970558e-13,True,P-L,AN,mc_learned_baseline,49,45668
129,46024,356,,1,1.6901724460073612e-13,True,P-L,AN,mc_learned_baseline,49,46024
130,46380,356,,1,5.6547791415671305e-14,True,P-L,AN,mc_learned_baseline,49,46380
131,46736,356,,1,5.35513809637221e-14,True,P-L,AN,mc_learned_baseline,49,46736
132,47092,356,,1,1.0739893002309174e-13,True,P-L,AN,mc_learned_baseline,49,47092
133,47448,356,,1,1.536010108509216e-13,True,P-L,AN,mc_learned_baseline,49,47448
134,47804,356,,1,4.569212939397816e-14,True,P-L,AN,mc_learned_baseline,49,47804
135,48160,356,,1,1.4228481866137195e-13,True,P-L,AN,mc_learned_baseline,49,48160
136,48516,356,,1,2.0468769644077904e-13,True,P-L,AN,mc_learned_baseline,49,48516
137,48872,356,,1,4.776238303686012e-14,True,P-L,AN,mc_learned_baseline,49,48872
138,49228,356,,1,3.5018198303564763e-13,True,P-L,AN,mc_learned_baseline,49,49228
139,49584,356,,1,1.3766553678473354e-13,True,P-L,AN,mc_learned_baseline,49,49584
140,49940,356,,1,7.010414693418981e-14,True,P-L,AN,mc_learned_baseline,49,49940
141,50296,356,,1,7.350638889273028e-14,True,P-L,AN,mc_learned_baseline,49,50296
142,50652,356,,1,1.2666647160024193e-13,True,P-L,AN,mc_learned_baseline,49,50652
143,51008,356,,1,1.0159845715747086e-13,True,P-L,AN,mc_learned_baseline,49,51008
144,51364,356,,1,3.819874655290177e-14,True,P-L,AN,mc_learned_baseline,49,51364
145,51720,356,,1,1.3439305023621009e-13,True,P-L,AN,mc_learned_baseline,49,51720
146,52076,356,,1,1.3155819731788793e-13,True,P-L,AN,mc_learned_baseline,49,52076
147,52432,356,,1,1.1629080738502384e-13,True,P-L,AN,mc_learned_baseline,49,52432
148,52788,356,,1,1.949684024697423e-14,True,P-L,AN,mc_learned_baseline,49,52788
149,53144,356,,1,7.733737161115963e-14,True,P-L,AN,mc_learned_baseline,49,53144
150,53500,356,,1,4.213803339909473e-14,True,P-L,AN,mc_learned_baseline,49,53500
151,53856,356,,1,4.188061367437369e-14,True,P-L,AN,mc_learned_baseline,49,53856
152,54212,356,,1,9.506475608809547e-14,True,P-L,AN,mc_learned_baseline,49,54212
153,54568,356,,1,1.4814014595167297e-13,True,P-L,AN,mc_learned_baseline,49,54568
154,54924,356,,1,6.707154633262702e-14,True,P-L,AN,mc_learned_baseline,49,54924
155,55280,356,,1,9.628253133555596e-14,True,P-L,AN,mc_learned_baseline,49,55280
156,55636,356,,1,7.157138293624166e-14,True,P-L,AN,mc_learned_baseline,49,55636
157,55992,356,,1,8.912549964056041e-14,True,P-L,AN,mc_learned_baseline,49,55992
158,56348,356,,1,9.813133099302296e-14,True,P-L,AN,mc_learned_baseline,49,56348
159,56704,356,,1,3.178078143283856e-14,True,P-L,AN,mc_learned_baseline,49,56704
160,57060,356,,1,1.4402870244413918e-13,True,P-L,AN,mc_learned_baseline,49,57060
161,57416,356,,1,9.850207214966124e-14,True,P-L,AN,mc_learned_baseline,49,57416
162,57772,356,,1,6.155667344478038e-14,True,P-L,AN,mc_learned_baseline,49,57772
163,58128,356,,1,7.74101229586853e-14,True,P-L,AN,mc_learned_baseline,49,58128
164,58484,356,,1,4.2409040036599783e-13,True,P-L,AN,mc_learned_baseline,49,58484
165,58840,356,,1,4.8117460085308886e-14,True,P-L,AN,mc_learned_baseline,49,58840
166,59196,356,,1,9.953436404804406e-14,True,P-L,AN,mc_learned_baseline,49,59196
167,59552,356,,1,6.565173054678765e-14,True,P-L,AN,mc_learned_baseline,49,59552
168,59908,356,,1,7.837254689908177e-13,True,P-L,AN,mc_learned_baseline,49,59908
169,60264,356,,1,1.1396982886020319e-13,True,P-L,AN,mc_learned_baseline,49,60264
170,60620,356,,1,3.879503264854871e-14,True,P-L,AN,mc_learned_baseline,49,60620
171,60976,356,,1,6.579768022746669e-14,True,P-L,AN,mc_learned_baseline,49,60976
172,61332,356,,1,6.945067133728611e-14,True,P-L,AN,mc_learned_baseline,49,61332
173,61688,356,,1,3.630910607742355e-14,True,P-L,AN,mc_learned_baseline,49,61688
174,62044,356,,1,1.177462514309819e-13,True,P-L,AN,mc_learned_baseline,49,62044
175,62400,356,,1,7.228409481793613e-14,True,P-L,AN,mc_learned_baseline,49,62400
176,62756,356,,1,4.6926631775382834e-14,True,P-L,AN,mc_learned_baseline,49,62756
177,63112,356,,1,1.437041026957055e-13,True,P-L,AN,mc_learned_baseline,49,63112
178,63468,356,,1,5.632394934945937e-14,True,P-L,AN,mc_learned_baseline,49,63468
179,63824,356,,1,5.245619579589996e-14,True,P-L,AN,mc_learned_baseline,49,63824
180,64180,356,,1,5.944413554586049e-14,True,P-L,AN,mc_learned_baseline,49,64180
181,64536,356,,1,7.956185756676589e-14,True,P-L,AN,mc_learned_baseline,49,64536
182,64892,356,,1,7.583805457378483e-14,True,P-L,AN,mc_learned_baseline,49,64892
183,65248,356,,1,1.0811116950543612e-13,True,P-L,AN,mc_learned_baseline,49,65248
184,65604,356,,1,5.732255452812911e-14,True,P-L,AN,mc_learned_baseline,49,65604
185,65960,356,,1,6.165186278863202e-14,True,P-L,AN,mc_learned_baseline,49,65960
186,66316,356,,1,7.447416239149733e-14,True,P-L,AN,mc_learned_baseline,49,66316
187,66672,356,,1,1.6186775464008607e-11,True,P-L,AN,mc_learned_baseline,49,66672
188,67028,356,,1,5.682383701708399e-14,True,P-L,AN,mc_learned_baseline,49,67028
189,67384,356,,1,6.724043372751021e-14,True,P-L,AN,mc_learned_baseline,49,67384
190,67740,356,,1,8.340776465444044e-15,True,P-L,AN,mc_learned_baseline,49,67740
191,68096,356,,1,4.6593971437479796e-14,True,P-L,AN,mc_learned_baseline,49,68096
192,68452,356,,1,5.2796682910849665e-14,True,P-L,AN,mc_learned_baseline,49,68452
193,68808,356,,1,5.5398971000501525e-14,True,P-L,AN,mc_learned_baseline,49,68808
194,69164,356,,1,4.5394556815550035e-14,True,P-L,AN,mc_learned_baseline,49,69164
195,69520,356,,1,5.216148177523409e-14,True,P-L,AN,mc_learned_baseline,49,69520
196,69876,356,,1,6.055498226982567e-14,True,P-L,AN,mc_learned_baseline,49,69876
197,70232,356,,1,4.1224478634448554e-14,True,P-L,AN,mc_learned_baseline,49,70232
198,70588,356,,1,7.271972138670016e-14,True,P-L,AN,mc_learned_baseline,49,70588
199,70944,356,,1,1.2564190338218092e-13,True,P-L,AN,mc_learned_baseline,49,70944
200,71300,356,,1,2.3889315590651932e-14,True,P-L,AN,mc_learned_baseline,49,71300
201,71656,356,,1,5.100071607335221e-14,True,P-L,AN,mc_learned_baseline,49,71656
202,72012,356,,1,3.7551589041580605e-14,True,P-L,AN,mc_learned_baseline,49,72012
203,72368,356,,1,7.098474594657234e-15,True,P-L,AN,mc_learned_baseline,49,72368
204,72724,356,,1,6.387608853030928e-14,True,P-L,AN,mc_learned_baseline,49,72724
205,73080,356,,1,6.702300050384485e-14,True,P-L,AN,mc_learned_baseline,49,73080
206,73436,356,,1,3.220755547992373e-13,True,P-L,AN,mc_learned_baseline,49,73436
207,73792,356,,1,2.6667372165520153e-15,True,P-L,AN,mc_learned_baseline,49,73792
208,74148,356,,1,7.580769672612227e-15,True,P-L,AN,mc_learned_baseline,49,74148
209,74504,356,,1,6.564340746878021e-14,True,P-L,AN,mc_learned_baseline,49,74504
210,74860,356,,1,5.579629388985674e-14,True,P-L,AN,mc_learned_baseline,49,74860
211,75216,356,,1,6.332986810885426e-14,True,P-L,AN,mc_learned_baseline,49,75216
212,75572,356,,1,3.8665231455331854e-14,True,P-L,AN,mc_learned_baseline,49,75572
213,75928,356,,1,2.9485771493084684e-14,True,P-L,AN,mc_learned_baseline,49,75928
214,76284,356,,1,4.3002673185188e-14,True,P-L,AN,mc_learned_baseline,49,76284
215,76640,356,,1,4.790425733312821e-15,True,P-L,AN,mc_learned_baseline,49,76640
216,76996,356,,1,4.21165902721974e-14,True,P-L,AN,mc_learned_baseline,49,76996
217,77352,356,,1,5.771113735708356e-14,True,P-L,AN,mc_learned_baseline,49,77352
218,77708,356,,1,7.113330298295192e-12,True,P-L,AN,mc_learned_baseline,49,77708
219,78064,356,,1,1.2328656999458998e-15,True,P-L,AN,mc_learned_baseline,49,78064
220,78420,356,,1,1.0466969466927718e-14,True,P-L,AN,mc_learned_baseline,49,78420
221,78776,356,,1,6.288926728465399e-14,True,P-L,AN,mc_learned_baseline,49,78776
222,79132,356,,1,4.435757472057962e-14,True,P-L,AN,mc_learned_baseline,49,79132
223,79488,356,,1,3.91872448177601e-14,True,P-L,AN,mc_learned_baseline,49,79488
224,79844,356,,1,6.580844143517535e-14,True,P-L,AN,mc_learned_baseline,49,79844
225,80200,356,,1,4.92749402281367e-14,True,P-L,AN,mc_learned_baseline,49,80200
226,80556,356,,1,4.8952511207730185e-14,True,P-L,AN,mc_learned_baseline,49,80556
227,80912,356,,1,4.680721659677396e-14,True,P-L,AN,mc_learned_baseline,49,80912
228,81268,356,,1,2.5569576523924797e-14,True,P-L,AN,mc_learned_baseline,49,81268
229,81624,356,,1,3.0769443201125575e-14,True,P-L,AN,mc_learned_baseline,49,81624
230,81980,356,,1,2.4355560172671316e-14,True,P-L,AN,mc_learned_baseline,49,81980
231,82336,356,,1,9.273584947366177e-15,True,P-L,AN,mc_learned_baseline,49,82336
232,82692,356,,1,5.4611094396439914e-14,True,P-L,AN,mc_learned_baseline,49,82692
233,83048,356,,1,4.479605906535144e-14,True,P-L,AN,mc_learned_baseline,49,83048
234,83404,356,,1,4.483678822583521e-14,True,P-L,AN,mc_learned_baseline,49,83404
235,83760,356,,1,6.185450267467794e-14,True,P-L,AN,mc_learned_baseline,49,83760
236,84116,356,,1,6.174030196015723e-14,True,P-L,AN,mc_learned_baseline,49,84116
237,84472,356,,1,1.0423651227258205e-14,True,P-L,AN,mc_learned_baseline,49,84472
238,84828,356,,1,1.104638191121386e-13,True,P-L,AN,mc_learned_baseline,49,84828
239,85184,356,,1,6.590439984272709e-14,True,P-L,AN,mc_learned_baseline,49,85184
240,85540,356,,1,5.204430226101862e-14,True,P-L,AN,mc_learned_baseline,49,85540
241,85896,356,,1,5.537375233950019e-14,True,P-L,AN,mc_learned_baseline,49,85896
242,86252,356,,1,5.206220962390857e-14,True,P-L,AN,mc_learned_baseline,49,86252
243,86608,356,,1,1.3924288040493092e-14,True,P-L,AN,mc_learned_baseline,49,86608
244,86964,356,,1,3.911075678564941e-14,True,P-L,AN,mc_learned_baseline,49,86964
245,87320,356,,1,6.700233323318525e-14,True,P-L,AN,mc_learned_baseline,49,87320
246,87676,356,,1,2.110506028106674e-14,True,P-L,AN,mc_learned_baseline,49,87676
247,88032,356,,1,3.71720070592915e-14,True,P-L,AN,mc_learned_baseline,49,88032
248,88388,356,,1,5.638412317063203e-14,True,P-L,AN,mc_learned_baseline,49,88388
249,88744,356,,1,3.1056621038703565e-14,True,P-L,AN,mc_learned_baseline,49,88744
250,89100,356,,1,5.684220500120123e-14,True,P-L,AN,mc_learned_baseline,49,89100
251,89456,356,,1,4.800628054078258e-14,True,P-L,AN,mc_learned_baseline,49,89456
252,89812,356,,1,5.1694677394953766e-14,True,P-L,AN,mc_learned_baseline,49,89812
253,90168,356,,1,5.655648082168501e-14,True,P-L,AN,mc_learned_baseline,49,90168
254,90524,356,,1,1.5542600823092926e-14,True,P-L,AN,mc_learned_baseline,49,90524
255,90880,356,,1,5.802588237415017e-14,True,P-L,AN,mc_learned_baseline,49,90880
256,91236,356,,1,8.492944251065128e-17,True,P-L,AN,mc_learned_baseline,49,91236
257,91592,356,,1,1.997199460475263e-14,True,P-L,AN,mc_learned_baseline,49,91592
258,91948,356,,1,6.426038075921446e-14,True,P-L,AN,mc_learned_baseline,49,91948
259,92304,356,,1,4.8519116195789054e-14,True,P-L,AN,mc_learned_baseline,49,92304
260,92660,356,,1,5.956141768118113e-14,True,P-L,AN,mc_learned_baseline,49,92660
261,93016,356,,1,2.410878161337779e-14,True,P-L,AN,mc_learned_baseline,49,93016
262,93372,356,,1,1.6813256886333e-15,True,P-L,AN,mc_learned_baseline,49,93372
263,93728,356,,1,6.290679823664267e-14,True,P-L,AN,mc_learned_baseline,49,93728
264,94084,356,,1,4.7445752116895754e-14,True,P-L,AN,mc_learned_baseline,49,94084
265,94440,356,,1,2.5543261649255885e-14,True,P-L,AN,mc_learned_baseline,49,94440
266,94796,356,,1,6.019763354717435e-14,True,P-L,AN,mc_learned_baseline,49,94796
267,95152,356,,1,5.5979515389189933e-14,True,P-L,AN,mc_learned_baseline,49,95152
268,95508,356,,1,4.8189344300589755e-14,True,P-L,AN,mc_learned_baseline,49,95508
269,95864,356,,1,3.0487569534467255e-14,True,P-L,AN,mc_learned_baseline,49,95864
270,96220,356,,1,1.1859746911537177e-13,True,P-L,AN,mc_learned_baseline,49,96220
271,96576,356,,1,4.90065209624221e-14,True,P-L,AN,mc_learned_baseline,49,96576
272,96932,356,,1,5.0801363123669784e-14,True,P-L,AN,mc_learned_baseline,49,96932
273,97288,356,,1,1.7811234617197774e-14,True,P-L,AN,mc_learned_baseline,49,97288
274,97644,356,,1,6.392405760029088e-14,True,P-L,AN,mc_learned_baseline,49,97644
275,98000,356,,1,5.849583978455256e-14,True,P-L,AN,mc_learned_baseline,49,98000
276,98356,356,,1,5.6452740848952303e-14,True,P-L,AN,mc_learned_baseline,49,98356
277,98712,356,,1,5.3753716079549754e-14,True,P-L,AN,mc_learned_baseline,49,98712
278,99068,356,,1,1.096057938495121e-15,True,P-L,AN,mc_learned_baseline,49,99068
279,99424,356,,1,5.811222289839257e-14,True,P-L,AN,mc_learned_baseline,49,99424
280,99780,356,,1,3.5807170090762845e-14,True,P-L,AN,mc_learned_baseline,49,99780
281,100136,356,,1,3.946903513899392e-15,True,P-L,AN,mc_learned_baseline,49,100136
282,100492,356,,1,5.865410832525126e-14,True,P-L,AN,mc_learned_baseline,49,100492
283,100848,356,,1,5.429849335957248e-14,True,P-L,AN,mc_learned_baseline,49,100848
284,101204,356,,1,5.2565072949879395e-14,True,P-L,AN,mc_learned_baseline,49,101204
285,101560,356,,1,6.420410330558143e-14,True,P-L,AN,mc_learned_baseline,49,101560
286,101916,356,,1,4.707986779401779e-15,True,P-L,AN,mc_learned_baseline,49,101916
287,102272,356,,1,5.692605917338716e-14,True,P-L,AN,mc_learned_baseline,49,102272
288,102628,356,,1,5.6351645004767706e-14,True,P-L,AN,mc_learned_baseline,49,102628
289,102984,356,,1,3.3869891284899337e-14,True,P-L,AN,mc_learned_baseline,49,102984
290,103340,356,,1,5.845298871594975e-14,True,P-L,AN,mc_learned_baseline,49,103340
291,103696,356,,1,1.7211304643524607e-15,True,P-L,AN,mc_learned_baseline,49,103696
292,104052,356,,1,1.4518717254656816e-14,True,P-L,AN,mc_learned_baseline,49,104052
293,104408,356,,1,5.0176991842614385e-14,True,P-L,AN,mc_learned_baseline,49,104408
294,104764,356,,1,2.023623980926206e-14,True,P-L,AN,mc_learned_baseline,49,104764
295,105120,356,,1,6.642514893537092e-14,True,P-L,AN,mc_learned_baseline,49,105120
296,105476,356,,1,5.730298547173034e-14,True,P-L,AN,mc_learned_baseline,49,105476
297,105832,356,,1,2.3345427427945397e-14,True,P-L,AN,mc_learned_baseline,49,105832
298,106188,356,,1,5.135837472924715e-15,True,P-L,AN,mc_learned_baseline,49,106188
299,106544,356,,1,2.2153385085453063e-14,True,P-L,AN,mc_learned_baseline,49,106544
300,106900,356,,1,1.911656748180965e-14,True,P-L,AN,mc_learned_baseline,49,106900
301,107256,356,,1,4.609344316196688e-14,True,P-L,AN,mc_learned_baseline,49,107256
302,107612,356,,1,4.775458744582416e-14,True,P-L,AN,mc_learned_baseline,49,107612
303,107968,356,,1,4.589960355410023e-14,True,P-L,AN,mc_learned_baseline,49,107968
304,108324,356,,1,2.4195591276406267e-14,True,P-L,AN,mc_learned_baseline,49,108324
305,108680,356,,1,1.290415641672723e-11,True,P-L,AN,mc_learned_baseline,49,108680
306,109036,356,,1,1.8186429212858075e-14,True,P-L,AN,mc_learned_baseline,49,109036
307,109392,356,,1,1.1163124561534043e-15,True,P-L,AN,mc_learned_baseline,49,109392
308,109748,356,,1,2.07889902729374e-15,True,P-L,AN,mc_learned_baseline,49,109748
309,110104,356,,1,4.7778805074461284e-15,True,P-L,AN,mc_learned_baseline,49,110104
310,110460,356,,1,2.4282999512759167e-15,True,P-L,AN,mc_learned_baseline,49,110460
311,110816,356,,1,4.748634941967148e-15,True,P-L,AN,mc_learned_baseline,49,110816
312,111172,356,,1,3.669066657863893e-15,True,P-L,AN,mc_learned_baseline,49,111172
313,111528,356,,1,5.013360886384838e-15,True,P-L,AN,mc_learned_baseline,49,111528
314,111884,356,,1,2.6794849191629166e-16,True,P-L,AN,mc_learned_baseline,49,111884
315,112240,356,,1,1.7417197721069767e-15,True,P-L,AN,mc_learned_baseline,49,112240
316,112596,356,,1,5.3949955533607505e-15,True,P-L,AN,mc_learned_baseline,49,112596
317,112952,356,,1,3.9281842780146555e-15,True,P-L,AN,mc_learned_baseline,49,112952
318,113308,356,,1,3.2758450150357897e-15,True,P-L,AN,mc_learned_baseline,49,113308
319,113664,356,,1,6.250240695614826e-15,True,P-L,AN,mc_learned_baseline,49,113664
320,114020,356,,1,4.772462916364165e-15,True,P-L,AN,mc_learned_baseline,49,114020
321,114376,356,,1,1.1418118504233114e-15,True,P-L,AN,mc_learned_baseline,49,114376
322,114732,356,,1,-1.8584915793099468e-17,True,P-L,AN,mc_learned_baseline,49,114732
323,115088,356,,1,5.7012379081003124e-15,True,P-L,AN,mc_learned_baseline,49,115088
324,115444,356,,1,5.868797041768219e-15,True,P-L,AN,mc_learned_baseline,49,115444
325,115800,356,,1,4.203490975989843e-16,True,P-L,AN,mc_learned_baseline,49,115800
326,116156,356,,1,3.7910067283283176e-15,True,P-L,AN,mc_learned_baseline,49,116156
327,116512,356,,1,1.7540745950688215e-16,True,P-L,AN,mc_learned_baseline,49,116512
328,116868,356,,1,6.257737578031732e-15,True,P-L,AN,mc_learned_baseline,49,116868
329,117224,356,,1,6.126328388665735e-16,True,P-L,AN,mc_learned_baseline,49,117224
330,117580,356,,1,3.0885234062509497e-15,True,P-L,AN,mc_learned_baseline,49,117580
331,117936,356,,1,1.5298330015204782e-15,True,P-L,AN,mc_learned_baseline,49,117936
332,118292,356,,1,3.8389264357201615e-15,True,P-L,AN,mc_learned_baseline,49,118292
333,118648,356,,1,-1.478539624825211e-17,True,P-L,AN,mc_learned_baseline,49,118648
334,119004,356,,1,3.53896589532938e-15,True,P-L,AN,mc_learned_baseline,49,119004
335,119360,356,,1,2.9795313851046506e-15,True,P-L,AN,mc_learned_baseline,49,119360
336,119716,356,,1,2.6195614916333523e-16,True,P-L,AN,mc_learned_baseline,49,119716
337,120072,356,,1,3.668394268953452e-16,True,P-L,AN,mc_learned_baseline,49,120072
338,120428,356,,1,3.5940174769676593e-17,True,P-L,AN,mc_learned_baseline,49,120428
339,120784,356,,1,5.340071326115337e-15,True,P-L,AN,mc_learned_baseline,49,120784
340,121140,356,,1,-6.002957317271927e-17,True,P-L,AN,mc_learned_baseline,49,121140
341,121496,356,,1,1.1628016257620692e-15,True,P-L,AN,mc_learned_baseline,49,121496
342,121852,356,,1,7.509856273266048e-16,True,P-L,AN,mc_learned_baseline,49,121852
343,122208,356,,1,8.353457312205978e-17,True,P-L,AN,mc_learned_baseline,49,122208
344,122564,356,,1,9.125638538960232e-16,True,P-L,AN,mc_learned_baseline,49,122564
345,122920,356,,1,4.426535047802998e-15,True,P-L,AN,mc_learned_baseline,49,122920
346,123276,356,,1,2.649706738193653e-15,True,P-L,AN,mc_learned_baseline,49,123276
347,123632,356,,1,2.0540519451281015e-16,True,P-L,AN,mc_learned_baseline,49,123632
348,123988,356,,1,1.6464659049253793e-15,True,P-L,AN,mc_learned_baseline,49,123988
349,124344,356,,1,3.640493375172153e-15,True,P-L,AN,mc_learned_baseline,49,124344
350,124700,356,,1,1.4428587249197983e-16,True,P-L,AN,mc_learned_baseline,49,124700
351,125056,356,,1,7.179984238165025e-16,True,P-L,AN,mc_learned_baseline,49,125056
352,125412,356,,1,5.675641860132661e-15,True,P-L,AN,mc_learned_baseline,49,125412
353,125768,356,,1,3.329941086436065e-16,True,P-L,AN,mc_learned_baseline,49,125768
354,126124,356,,1,1.1736563591738603e-14,True,P-L,AN,mc_learned_baseline,49,126124
355,126480,356,,1,3.4496193331412926e-15,True,P-L,AN,mc_learned_baseline,49,126480
356,126836,356,,1,-1.0202079647577641e-17,True,P-L,AN,mc_learned_baseline,49,126836
357,127192,356,,1,7.261586753515876e-16,True,P-L,AN,mc_learned_baseline,49,127192
358,127548,356,,1,5.69554486811583e-15,True,P-L,AN,mc_learned_baseline,49,127548
359,127904,356,,1,1.2497829738318578e-15,True,P-L,AN,mc_learned_baseline,49,127904
360,128260,356,,1,5.3704832183551444e-15,True,P-L,AN,mc_learned_baseline,49,128260
361,128616,356,,1,2.299652070491159e-15,True,P-L,AN,mc_learned_baseline,49,128616
362,128972,356,,1,4.6822870655037125e-15,True,P-L,AN,mc_learned_baseline,49,128972
363,129328,356,,1,5.578904854404097e-15,True,P-L,AN,mc_learned_baseline,49,129328
364,129684,356,,1,4.18127368677772e-15,True,P-L,AN,mc_learned_baseline,49,129684
365,130040,356,,1,2.2699920943689697e-16,True,P-L,AN,mc_learned_baseline,49,130040
366,130396,356,,1,2.0500435332472527e-15,True,P-L,AN,mc_learned_baseline,49,130396
367,130752,356,,1,8.78293147266917e-16,True,P-L,AN,mc_learned_baseline,49,130752
368,131108,356,,1,4.467662638440059e-15,True,P-L,AN,mc_learned_baseline,49,131108
369,131464,356,,1,6.310134439345657e-15,True,P-L,AN,mc_learned_baseline,49,131464
370,131820,356,,1,3.1547118425958147e-15,True,P-L,AN,mc_learned_baseline,49,131820
371,132176,356,,1,6.174916350360172e-15,True,P-L,AN,mc_learned_baseline,49,132176
372,132532,356,,1,6.952158153510009e-15,True,P-L,AN,mc_learned_baseline,49,132532
373,132888,356,,1,3.609466837852245e-15,True,P-L,AN,mc_learned_baseline,49,132888
374,133244,356,,1,5.702836254121621e-12,True,P-L,AN,mc_learned_baseline,49,133244
375,133600,356,,1,3.3552794795870617e-18,True,P-L,AN,mc_learned_baseline,49,133600
376,133956,356,,1,1.2572850514871295e-16,True,P-L,AN,mc_learned_baseline,49,133956
377,134312,356,,1,7.21835173829489e-17,True,P-L,AN,mc_learned_baseline,49,134312
378,134668,356,,1,-5.662796885851025e-17,True,P-L,AN,mc_learned_baseline,49,134668
379,135024,356,,1,-2.4279294825727808e-17,True,P-L,AN,mc_learned_baseline,49,135024
380,135380,356,,1,8.52281986865343e-17,True,P-L,AN,mc_learned_baseline,49,135380
381,135736,356,,1,4.865267993055502e-18,True,P-L,AN,mc_learned_baseline,49,135736
382,136092,356,,1,-1.9480596102015772e-17,True,P-L,AN,mc_learned_baseline,49,136092
383,136448,356,,1,9.864004849866315e-17,True,P-L,AN,mc_learned_baseline,49,136448
384,136804,356,,1,2.4180548521925157e-17,True,P-L,AN,mc_learned_baseline,49,136804
385,137160,356,,1,-8.497130757724964e-17,True,P-L,AN,mc_learned_baseline,49,137160
386,137516,356,,1,-3.0922729710901824e-17,True,P-L,AN,mc_learned_baseline,49,137516
387,137872,356,,1,-2.863799872565277e-17,True,P-L,AN,mc_learned_baseline,49,137872
388,138228,356,,1,1.6194244339214605e-17,True,P-L,AN,mc_learned_baseline,49,138228
389,138584,356,,1,4.02986258407894e-17,True,P-L,AN,mc_learned_baseline,49,138584
390,138940,356,,1,-8.77784702253179e-18,True,P-L,AN,mc_learned_baseline,49,138940
391,139296,356,,1,1.2291659871951058e-17,True,P-L,AN,mc_learned_baseline,49,139296
392,139652,356,,1,2.1311959649237127e-17,True,P-L,AN,mc_learned_baseline,49,139652
393,140008,356,,1,2.3957490060977525e-17,True,P-L,AN,mc_learned_baseline,49,140008
394,140364,356,,1,2.7175774266708578e-17,True,P-L,AN,mc_learned_baseline,49,140364
395,140720,356,,1,2.511241860161515e-17,True,P-L,AN,mc_learned_baseline,49,140720
396,141076,356,,1,1.6437155459761986e-17,True,P-L,AN,mc_learned_baseline,49,141076
397,141432,356,,1,7.961557298728008e-17,True,P-L,AN,mc_learned_baseline,49,141432
398,141788,356,,1,-8.774290996683904e-17,True,P-L,AN,mc_learned_baseline,49,141788
399,142144,356,,1,8.095188154698495e-18,True,P-L,AN,mc_learned_baseline,49,142144
400,142500,356,,1,-1.9442363876057552e-17,True,P-L,AN,mc_learned_baseline,49,142500
401,142856,356,,1,1.4465557267245828e-18,True,P-L,AN,mc_learned_baseline,49,142856
402,143212,356,,1,5.925701143238508e-17,True,P-L,AN,mc_learned_baseline,49,143212
403,143568,356,,1,8.369723507735162e-17,True,P-L,AN,mc_learned_baseline,49,143568
404,143924,356,,1,-1.3331914207280196e-17,True,P-L,AN,mc_learned_baseline,49,143924
405,144280,356,,1,-5.336216572413028e-17,True,P-L,AN,mc_learned_baseline,49,144280
406,144636,356,,1,1.4817590320195163e-16,True,P-L,AN,mc_learned_baseline,49,144636
407,144992,356,,1,-3.2758819068487385e-17,True,P-L,AN,mc_learned_baseline,49,144992
408,145348,356,,1,-4.9083443504433883e-17,True,P-L,AN,mc_learned_baseline,49,145348
409,145704,356,,1,1.0239147463783416e-16,True,P-L,AN,mc_learned_baseline,49,145704
410,146060,356,,1,-3.4529669042727794e-17,True,P-L,AN,mc_learned_baseline,49,146060
411,146416,356,,1,-3.465559365910494e-17,True,P-L,AN,mc_learned_baseline,49,146416
412,146772,356,,1,3.609337554903412e-17,True,P-L,AN,mc_learned_baseline,49,146772
413,147128,356,,1,1.1981946005935522e-16,True,P-L,AN,mc_learned_baseline,49,147128
414,147484,356,,1,-2.820805183610854e-17,True,P-L,AN,mc_learned_baseline,49,147484
415,147840,356,,1,4.892504409512964e-15,True,P-L,AN,mc_learned_baseline,49,147840
416,148196,356,,1,-1.1436054889019384e-16,True,P-L,AN,mc_learned_baseline,49,148196
417,148552,356,,1,1.183763183624376e-16,True,P-L,AN,mc_learned_baseline,49,148552
418,148908,356,,1,-1.727551210616176e-17,True,P-L,AN,mc_learned_baseline,49,148908
419,149264,356,,1,-4.001820676060396e-17,True,P-L,AN,mc_learned_baseline,49,149264
420,149620,356,,1,7.759556474437812e-15,True,P-L,AN,mc_learned_baseline,49,149620
421,149976,356,,1,7.240476708746014e-17,True,P-L,AN,mc_learned_baseline,49,149976
422,150332,356,,1,4.264462564137724e-19,True,P-L,AN,mc_learned_baseline,49,150332
423,150688,356,,1,4.419276889959917e-17,True,P-L,AN,mc_learned_baseline,49,150688
424,151044,356,,1,3.9515686277062945e-17,True,P-L,AN,mc_learned_baseline,49,151044
425,151400,356,,1,-4.4077976165473443e-17,True,P-L,AN,mc_learned_baseline,49,151400
426,151756,356,,1,3.1449044555466585e-17,True,P-L,AN,mc_learned_baseline,49,151756
427,152112,356,,1,1.3877149435382925e-17,True,P-L,AN,mc_learned_baseline,49,152112
428,152468,356,,1,3.691650889529857e-17,True,P-L,AN,mc_learned_baseline,49,152468
429,152824,356,,1,1.487023709603354e-17,True,P-L,AN,mc_learned_baseline,49,152824
430,153180,356,,1,1.1511483970036492e-16,True,P-L,AN,mc_learned_baseline,49,153180
431,153536,356,,1,-2.438185421604608e-17,True,P-L,AN,mc_learned_baseline,49,153536
432,153892,356,,1,9.34609547969878e-17,True,P-L,AN,mc_learned_baseline,49,153892
433,154248,356,,1,5.458086795795548e-17,True,P-L,AN,mc_learned_baseline,49,154248
434,154604,356,,1,4.463268115661002e-15,True,P-L,AN,mc_learned_baseline,49,154604
435,154960,356,,1,4.034638296362579e-17,True,P-L,AN,mc_learned_baseline,49,154960
436,155316,356,,1,-1.6096994039592765e-18,True,P-L,AN,mc_learned_baseline,49,155316
437,155672,356,,1,3.9839175627312075e-18,True,P-L,AN,mc_learned_baseline,49,155672
438,156028,356,,1,-8.82017951601725e-18,True,P-L,AN,mc_learned_baseline,49,156028
439,156384,356,,1,7.619679815825721e-16,True,P-L,AN,mc_learned_baseline,49,156384
440,156740,356,,1,4.6251214970257666e-17,True,P-L,AN,mc_learned_baseline,49,156740
441,157096,356,,1,-6.276532929664618e-17,True,P-L,AN,mc_learned_baseline,49,157096
442,157452,356,,1,7.212148522774632e-17,True,P-L,AN,mc_learned_baseline,49,157452
443,157808,356,,1,6.777503237925004e-17,True,P-L,AN,mc_learned_baseline,49,157808
444,158164,356,,1,-1.272541706955425e-19,True,P-L,AN,mc_learned_baseline,49,158164
445,158520,356,,1,1.781917294902329e-18,True,P-L,AN,mc_learned_baseline,49,158520
446,158876,356,,1,-4.4852496301461413e-17,True,P-L,AN,mc_learned_baseline,49,158876
447,159232,356,,1,7.552695185202889e-17,True,P-L,AN,mc_learned_baseline,49,159232
448,159588,356,,1,6.341990540814142e-17,True,P-L,AN,mc_learned_baseline,49,159588
449,159944,356,,1,-6.895158200166767e-18,True,P-L,AN,mc_learned_baseline,49,159944
450,160300,356,,1,2.1670082245941626e-17,True,P-L,AN,mc_learned_baseline,49,160300
451,160656,356,,1,8.10675609291113e-17,True,P-L,AN,mc_learned_baseline,49,160656
452,161012,356,,1,8.283223235563116e-17,True,P-L,AN,mc_learned_baseline,49,161012
453,161368,356,,1,6.322488713129329e-17,True,P-L,AN,mc_learned_baseline,49,161368
454,161724,356,,1,-3.22753387499756e-17,True,P-L,AN,mc_learned_baseline,49,161724
455,162080,356,,1,4.4581425415871104e-17,True,P-L,AN,mc_learned_baseline,49,162080
456,162436,356,,1,-3.4324383737182917e-17,True,P-L,AN,mc_learned_baseline,49,162436
457,162792,356,,1,-2.595830118104433e-17,True,P-L,AN,mc_learned_baseline,49,162792
458,163148,356,,1,5.3515719551449066e-17,True,P-L,AN,mc_learned_baseline,49,163148
459,163504,356,,1,6.538473638219655e-17,True,P-L,AN,mc_learned_baseline,49,163504
460,163860,356,,1,1.677487977282022e-17,True,P-L,AN,mc_learned_baseline,49,163860
461,164216,356,,1,9.158926842981668e-17,True,P-L,AN,mc_learned_baseline,49,164216
462,164572,356,,1,4.211905112410238e-17,True,P-L,AN,mc_learned_baseline,49,164572
463,164928,356,,1,1.7153264995967438e-17,True,P-L,AN,mc_learned_baseline,49,164928
464,165284,356,,1,1.0734913525895209e-16,True,P-L,AN,mc_learned_baseline,49,165284
465,165640,356,,1,4.0476357521242924e-17,True,P-L,AN,mc_learned_baseline,49,165640
466,165996,356,,1,-3.6294214490932354e-18,True,P-L,AN,mc_learned_baseline,49,165996
467,166352,356,,1,2.3532900708700883e-17,True,P-L,AN,mc_learned_baseline,49,166352
468,166708,356,,1,8.244047468842334e-17,True,P-L,AN,mc_learned_baseline,49,166708
469,167064,356,,1,1.1171405210207763e-15,True,P-L,AN,mc_learned_baseline,49,167064
470,167420,356,,1,4.6990845343812646e-17,True,P-L,AN,mc_learned_baseline,49,167420
471,167776,356,,1,-3.276968801712159e-17,True,P-L,AN,mc_learned_baseline,49,167776
472,168132,356,,1,4.8608827376665176e-17,True,P-L,AN,mc_learned_baseline,49,168132
473,168488,356,,1,-1.1458361272008916e-16,True,P-L,AN,mc_learned_baseline,49,168488
474,168844,356,,1,-6.569809150738363e-17,True,P-L,AN,mc_learned_baseline,49,168844
475,169200,356,,1,-4.128217710224741e-17,True,P-L,AN,mc_learned_baseline,49,169200
476,169556,356,,1,1.2342725489380613e-16,True,P-L,AN,mc_learned_baseline,49,169556
477,169912,356,,1,-6.033423100775084e-17,True,P-L,AN,mc_learned_baseline,49,169912
478,170268,356,,1,-4.288253473625082e-18,True,P-L,AN,mc_learned_baseline,49,170268
479,170624,356,,1,8.07269754920289e-18,True,P-L,AN,mc_learned_baseline,49,170624
480,170980,356,,1,-7.334072786781901e-17,True,P-L,AN,mc_learned_baseline,49,170980
481,171336,356,,1,4.6799306315947803e-17,True,P-L,AN,mc_learned_baseline,49,171336
482,171692,356,,1,2.5881137643200077e-17,True,P-L,AN,mc_learned_baseline,49,171692
483,172048,356,,1,2.029443412527767e-17,True,P-L,AN,mc_learned_baseline,49,172048
484,172404,356,,1,-9.717527544565257e-19,True,P-L,AN,mc_learned_baseline,49,172404
485,172760,356,,1,2.1077192510605497e-17,True,P-L,AN,mc_learned_baseline,49,172760
486,173116,356,,1,8.844132720859761e-17,True,P-L,AN,mc_learned_baseline,49,173116
487,173472,356,,1,-6.983682230330754e-17,True,P-L,AN,mc_learned_baseline,49,173472
488,173828,356,,1,1.834623059836429e-17,True,P-L,AN,mc_learned_baseline,49,173828
489,174184,356,,1,2.1629853567608797e-17,True,P-L,AN,mc_learned_baseline,49,174184
490,174540,356,,1,1.3112040992864632e-17,True,P-L,AN,mc_learned_baseline,49,174540
491,174896,356,,1,2.0401472470969354e-17,True,P-L,AN,mc_learned_baseline,49,174896
492,175252,356,,1,-2.902315763412415e-17,True,P-L,AN,mc_learned_baseline,49,175252
493,175608,356,,1,1.5882655130241023e-17,True,P-L,AN,mc_learned_baseline,49,175608
494,175964,356,,1,4.2907192008185313e-17,True,P-L,AN,mc_learned_baseline,49,175964
495,176320,356,,1,6.416887578419698e-17,True,P-L,AN,mc_learned_baseline,49,176320
496,176676,356,,1,8.927057902840564e-18,True,P-L,AN,mc_learned_baseline,49,176676
497,177032,356,,1,1.1446228009381792e-16,True,P-L,AN,mc_learned_baseline,49,177032
498,177388,356,,1,8.270394453605041e-17,True,P-L,AN,mc_learned_baseline,49,177388
499,177744,356,,1,-4.1671921379567637e-17,True,P-L,AN,mc_learned_baseline,49,177744
500,178100,356,,1,6.144651654717483e-17,True,P-L,AN,mc_learned_baseline,49,178100
501,178456,356,,1,-4.2803608297859803e-17,True,P-L,AN,mc_learned_baseline,49,178456
502,178812,356,,1,-5.847812601953139e-17,True,P-L,AN,mc_learned_baseline,49,178812
503,179168,356,,1,1.576454740615039e-15,True,P-L,AN,mc_learned_baseline,49,179168
504,179524,356,,1,2.6100589616152872e-15,True,P-L,AN,mc_learned_baseline,49,179524
505,179880,356,,1,4.727945846339574e-17,True,P-L,AN,mc_learned_baseline,49,179880
506,180236,356,,1,4.803881609957281e-17,True,P-L,AN,mc_learned_baseline,49,180236
507,180592,356,,1,8.453774111386134e-17,True,P-L,AN,mc_learned_baseline,49,180592
508,180948,356,,1,2.6114669172874603e-15,True,P-L,AN,mc_learned_baseline,49,180948
509,181304,356,,1,-5.933193335819248e-17,True,P-L,AN,mc_learned_baseline,49,181304
510,181660,356,,1,3.1695451390727197e-18,True,P-L,AN,mc_learned_baseline,49,181660
511,182016,356,,1,1.6415168464939453e-17,True,P-L,AN,mc_learned_baseline,49,182016
512,182372,356,,1,3.4730650714650744e-17,True,P-L,AN,mc_learned_baseline,49,182372
513,182728,356,,1,4.1003398516166694e-17,True,P-L,AN,mc_learned_baseline,49,182728
514,183084,356,,1,7.350951599924338e-17,True,P-L,AN,mc_learned_baseline,49,183084
515,183440,356,,1,-3.582108654044622e-17,True,P-L,AN,mc_learned_baseline,49,183440
516,183796,356,,1,1.9852605930240598e-17,True,P-L,AN,mc_learned_baseline,49,183796
517,184152,356,,1,7.652378467576714e-17,True,P-L,AN,mc_learned_baseline,49,184152
518,184508,356,,1,1.1654919091945371e-17,True,P-L,AN,mc_learned_baseline,49,184508
519,184864,356,,1,1.5444747179441918e-16,True,P-L,AN,mc_learned_baseline,49,184864
520,185220,356,,1,-7.360726738180983e-17,True,P-L,AN,mc_learned_baseline,49,185220
521,185576,356,,1,-5.085592788622447e-17,True,P-L,AN,mc_learned_baseline,49,185576
522,185932,356,,1,7.645532479560744e-17,True,P-L,AN,mc_learned_baseline,49,185932
523,186288,356,,1,1.6115615097060612e-17,True,P-L,AN,mc_learned_baseline,49,186288
524,186644,356,,1,-5.0838477426130036e-17,True,P-L,AN,mc_learned_baseline,49,186644
525,187000,356,,1,-3.334675665443245e-17,True,P-L,AN,mc_learned_baseline,49,187000
526,187356,356,,1,-1.8196977309557472e-17,True,P-L,AN,mc_learned_baseline,49,187356
527,187712,356,,1,1.1215552705353104e-15,True,P-L,AN,mc_learned_baseline,49,187712
528,188068,356,,1,5.0030547479674256e-17,True,P-L,AN,mc_learned_baseline,49,188068
529,188424,356,,1,2.161542416374648e-17,True,P-L,AN,mc_learned_baseline,49,188424
530,188780,356,,1,4.401153224171966e-17,True,P-L,AN,mc_learned_baseline,49,188780
531,189136,356,,1,-3.61198348676472e-18,True,P-L,AN,mc_learned_baseline,49,189136
532,189492,356,,1,4.6734756866016357e-17,True,P-L,AN,mc_learned_baseline,49,189492
533,189848,356,,1,-2.15673811495042e-17,True,P-L,AN,mc_learned_baseline,49,189848
534,190204,356,,1,4.107683133166273e-17,True,P-L,AN,mc_learned_baseline,49,190204
535,190560,356,,1,-1.0903803071737695e-16,True,P-L,AN,mc_learned_baseline,49,190560
536,190916,356,,1,3.357791403877794e-17,True,P-L,AN,mc_learned_baseline,49,190916
537,191272,356,,1,-7.406833555044854e-17,True,P-L,AN,mc_learned_baseline,49,191272
538,191628,356,,1,2.751168394586097e-17,True,P-L,AN,mc_learned_baseline,49,191628
539,191984,356,,1,-4.74082974013439e-17,True,P-L,AN,mc_learned_baseline,49,191984
540,192340,356,,1,-6.180385255430226e-17,True,P-L,AN,mc_learned_baseline,49,192340
541,192696,356,,1,-3.944154301174652e-17,True,P-L,AN,mc_learned_baseline,49,192696
542,193052,356,,1,-1.5003675930351565e-18,True,P-L,AN,mc_learned_baseline,49,193052
543,193408,356,,1,5.305779405214864e-17,True,P-L,AN,mc_learned_baseline,49,193408
544,193764,356,,1,8.058679976374225e-17,True,P-L,AN,mc_learned_baseline,49,193764
545,194120,356,,1,9.951745256002813e-17,True,P-L,AN,mc_learned_baseline,49,194120
546,194476,356,,1,3.140541623595994e-17,True,P-L,AN,mc_learned_baseline,49,194476
547,194832,356,,1,-7.471053432133339e-18,True,P-L,AN,mc_learned_baseline,49,194832
548,195188,356,,1,-8.147419850774748e-17,True,P-L,AN,mc_learned_baseline,49,195188
549,195544,356,,1,-1.6140729555942474e-17,True,P-L,AN,mc_learned_baseline,49,195544
550,195900,356,,1,-5.374054649318576e-17,True,P-L,AN,mc_learned_baseline,49,195900
551,196256,356,,1,6.25338001707276e-17,True,P-L,AN,mc_learned_baseline,49,196256
552,196612,356,,1,3.118650195627906e-17,True,P-L,AN,mc_learned_baseline,49,196612
553,196968,356,,1,1.2441880088972464e-16,True,P-L,AN,mc_learned_baseline,49,196968
554,197324,356,,1,4.2183184079862824e-17,True,P-L,AN,mc_learned_baseline,49,197324
555,197680,356,,1,-2.814437922498252e-17,True,P-L,AN,mc_learned_baseline,49,197680
556,198036,356,,1,5.550469600315194e-15,True,P-L,AN,mc_learned_baseline,49,198036
557,198392,356,,1,1.1146283379360599e-16,True,P-L,AN,mc_learned_baseline,49,198392
558,198748,356,,1,9.051823471883978e-17,True,P-L,AN,mc_learned_baseline,49,198748
559,199104,356,,1,6.906186123982265e-17,True,P-L,AN,mc_learned_baseline,49,199104
560,199460,356,,1,5.2623183173848904e-17,True,P-L,AN,mc_learned_baseline,49,199460
561,199816,356,,1,5.791168542991172e-17,True,P-L,AN,mc_learned_baseline,49,199816
562,200172,356,,1,-4.422830507663531e-17,True,P-L,AN,mc_learned_baseline,49,200172
563,200528,356,,1,4.402604712277604e-15,True,P-L,AN,mc_learned_baseline,49,200528
564,200884,356,,1,2.4677135041195857e-17,True,P-L,AN,mc_learned_baseline,49,200884
565,201240,356,,1,5.025184542318763e-18,True,P-L,AN,mc_learned_baseline,49,201240
566,201596,356,,1,-6.261763512389795e-17,True,P-L,AN,mc_learned_baseline,49,201596
567,201952,356,,1,2.0253055482074617e-15,True,P-L,AN,mc_learned_baseline,49,201952
568,202308,356,,1,9.10771588520792e-18,True,P-L,AN,mc_learned_baseline,49,202308
569,202664,356,,1,-1.0299179629126373e-16,True,P-L,AN,mc_learned_baseline,49,202664
570,203020,356,,1,8.966877693161897e-17,True,P-L,AN,mc_learned_baseline,49,203020
571,203376,356,,1,1.9089856360012083e-17,True,P-L,AN,mc_learned_baseline,49,203376
572,203732,356,,1,-3.738961988703085e-18,True,P-L,AN,mc_learned_baseline,49,203732
573,204088,356,,1,2.7146269813689926e-17,True,P-L,AN,mc_learned_baseline,49,204088
574,204444,356,,1,3.0988233008502165e-18,True,P-L,AN,mc_learned_baseline,49,204444
575,204800,356,,1,2.0816149143805985e-17,True,P-L,AN,mc_learned_baseline,49,204800
576,205156,356,,1,6.677203803694185e-17,True,P-L,AN,mc_learned_baseline,49,205156
577,205512,356,,1,2.5390162197988325e-17,True,P-L,AN,mc_learned_baseline,49,205512
578,205868,356,,1,6.997685939679611e-17,True,P-L,AN,mc_learned_baseline,49,205868
579,206224,356,,1,-4.112762633026282e-18,True,P-L,AN,mc_learned_baseline,49,206224
580,206580,356,,1,5.387111402010511e-17,True,P-L,AN,mc_learned_baseline,49,206580
581,206936,356,,1,-2.1556006068074504e-17,True,P-L,AN,mc_learned_baseline,49,206936
582,207292,356,,1,-7.624312005425082e-17,True,P-L,AN,mc_learned_baseline,49,207292
583,207648,356,,1,4.3458572438479086e-18,True,P-L,AN,mc_learned_baseline,49,207648
584,208004,356,,1,3.389761430275548e-17,True,P-L,AN,mc_learned_baseline,49,208004
585,208360,356,,1,-4.096099721822204e-17,True,P-L,AN,mc_learned_baseline,49,208360
586,208716,356,,1,1.4160106974032314e-17,True,P-L,AN,mc_learned_baseline,49,208716
587,209072,356,,1,5.132836126478176e-17,True,P-L,AN,mc_learned_baseline,49,209072
588,209428,356,,1,9.367123559650839e-17,True,P-L,AN,mc_learned_baseline,49,209428
589,209784,356,,1,-7.920843269296311e-17,True,P-L,AN,mc_learned_baseline,49,209784
590,210140,356,,1,-5.4327480143529e-17,True,P-L,AN,mc_learned_baseline,49,210140
591,210496,356,,1,1.5900490111397447e-17,True,P-L,AN,mc_learned_baseline,49,210496
592,210852,356,,1,6.252137668098921e-17,True,P-L,AN,mc_learned_baseline,49,210852
593,211208,356,,1,5.0203472636784214e-17,True,P-L,AN,mc_learned_baseline,49,211208
594,211564,356,,1,-3.9362744737196325e-19,True,P-L,AN,mc_learned_baseline,49,211564
595,211920,356,,1,5.682800230694261e-17,True,P-L,AN,mc_learned_baseline,49,211920
596,212276,356,,1,-2.2563353075968354e-17,True,P-L,AN,mc_learned_baseline,49,212276
597,212632,356,,1,6.855622792752471e-17,True,P-L,AN,mc_learned_baseline,49,212632
598,212988,356,,1,1.9910578934084314e-14,True,P-L,AN,mc_learned_baseline,49,212988
599,213344,356,,1,-1.3602871270966483e-17,True,P-L,AN,mc_learned_baseline,49,213344
600,213700,356,,1,-4.314524474931735e-17,True,P-L,AN,mc_learned_baseline,49,213700
601,214056,356,,1,7.231055911993778e-17,True,P-L,AN,mc_learned_baseline,49,214056
602,214412,356,,1,-4.635211397123867e-17,True,P-L,AN,mc_learned_baseline,49,214412
603,214768,356,,1,-2.4170762919315777e-17,True,P-L,AN,mc_learned_baseline,49,214768
604,215124,356,,1,-4.1099913278674574e-18,True,P-L,AN,mc_learned_baseline,49,215124
605,215480,356,,1,-5.3946470124067175e-17,True,P-L,AN,mc_learned_baseline,49,215480
606,215836,356,,1,1.240513115405048e-17,True,P-L,AN,mc_learned_baseline,49,215836
607,216192,356,,1,9.454962142014605e-19,True,P-L,AN,mc_learned_baseline,49,216192
608,216548,356,,1,8.543704647335216e-17,True,P-L,AN,mc_learned_baseline,49,216548
609,216904,356,,1,-1.1342950599910737e-17,True,P-L,AN,mc_learned_baseline,49,216904
610,217260,356,,1,-2.7100114926368084e-17,True,P-L,AN,mc_learned_baseline,49,217260
611,217616,356,,1,9.526376952595771e-17,True,P-L,AN,mc_learned_baseline,49,217616
612,217972,356,,1,2.427655260652689e-17,True,P-L,AN,mc_learned_baseline,49,217972
613,218328,356,,1,-6.544770283334494e-17,True,P-L,AN,mc_learned_baseline,49,218328
614,218684,356,,1,2.4176006077647756e-17,True,P-L,AN,mc_learned_baseline,49,218684
615,219040,356,,1,3.0921897163043755e-17,True,P-L,AN,mc_learned_baseline,49,219040
616,219396,356,,1,-1.7869252455263865e-17,True,P-L,AN,mc_learned_baseline,49,219396
617,219752,356,,1,7.074362194124803e-17,True,P-L,AN,mc_learned_baseline,49,219752
618,220108,356,,1,-2.084658176680956e-17,True,P-L,AN,mc_learned_baseline,49,220108
619,220464,356,,1,8.100767042387521e-17,True,P-L,AN,mc_learned_baseline,49,220464
620,220820,356,,1,-7.319471519537565e-17,True,P-L,AN,mc_learned_baseline,49,220820
621,221176,356,,1,-6.035967002348608e-17,True,P-L,AN,mc_learned_baseline,49,221176
622,221532,356,,1,1.151315786507525e-18,True,P-L,AN,mc_learned_baseline,49,221532
623,221888,356,,1,-5.1938462999846816e-17,True,P-L,AN,mc_learned_baseline,49,221888
624,222244,356,,1,7.737943489869191e-17,True,P-L,AN,mc_learned_baseline,49,222244
625,222600,356,,1,2.1462592674648366e-17,True,P-L,AN,mc_learned_baseline,49,222600
626,222956,356,,1,-2.468088066620021e-17,True,P-L,AN,mc_learned_baseline,49,222956
627,223312,356,,1,-5.60618402472669e-17,True,P-L,AN,mc_learned_baseline,49,223312
628,223668,356,,1,8.106011754413061e-17,True,P-L,AN,mc_learned_baseline,49,223668
629,224024,356,,1,-4.1469013184023304e-17,True,P-L,AN,mc_learned_baseline,49,224024
630,224380,356,,1,4.8302420151345306e-17,True,P-L,AN,mc_learned_baseline,49,224380
631,224736,356,,1,6.396701254780367e-17,True,P-L,AN,mc_learned_baseline,49,224736
632,225092,356,,1,2.9412656507524366e-17,True,P-L,AN,mc_learned_baseline,49,225092
633,225448,356,,1,-8.717349826638543e-17,True,P-L,AN,mc_learned_baseline,49,225448
634,225804,356,,1,9.314309305327352e-16,True,P-L,AN,mc_learned_baseline,49,225804
635,226160,356,,1,-3.1062032506631347e-18,True,P-L,AN,mc_learned_baseline,49,226160
636,226516,356,,1,-2.9088040878053664e-17,True,P-L,AN,mc_learned_baseline,49,226516
637,226872,356,,1,3.0076092198730274e-17,True,P-L,AN,mc_learned_baseline,49,226872
638,227228,356,,1,2.777527239836461e-17,True,P-L,AN,mc_learned_baseline,49,227228
639,227584,356,,1,2.1591875430283723e-15,True,P-L,AN,mc_learned_baseline,49,227584
640,227940,356,,1,5.227571715812949e-17,True,P-L,AN,mc_learned_baseline,49,227940
641,228296,356,,1,-1.6873063278882265e-17,True,P-L,AN,mc_learned_baseline,49,228296
642,228652,356,,1,9.62222898910656e-17,True,P-L,AN,mc_learned_baseline,49,228652
643,229008,356,,1,-6.590797987637355e-17,True,P-L,AN,mc_learned_baseline,49,229008
644,229364,356,,1,-3.742106600907964e-18,True,P-L,AN,mc_learned_baseline,49,229364
645,229720,356,,1,-2.768695837397152e-17,True,P-L,AN,mc_learned_baseline,49,229720
646,230076,356,,1,2.5493070839619917e-15,True,P-L,AN,mc_learned_baseline,49,230076
647,230432,356,,1,-1.8119124137112137e-17,True,P-L,AN,mc_learned_baseline,49,230432
648,230788,356,,1,-4.198279631341656e-17,True,P-L,AN,mc_learned_baseline,49,230788
649,231144,356,,1,-2.1196287278504332e-17,True,P-L,AN,mc_learned_baseline,49,231144
650,231500,356,,1,-2.888679925434816e-17,True,P-L,AN,mc_learned_baseline,49,231500
651,231856,356,,1,3.278884462114531e-17,True,P-L,AN,mc_learned_baseline,49,231856
652,232212,356,,1,-8.45763613079686e-17,True,P-L,AN,mc_learned_baseline,49,232212
653,232568,356,,1,-3.825066289404515e-17,True,P-L,AN,mc_learned_baseline,49,232568
654,232924,356,,1,-3.793161285069947e-17,True,P-L,AN,mc_learned_baseline,49,232924
655,233280,356,,1,-9.115297631159107e-17,True,P-L,AN,mc_learned_baseline,49,233280
656,233636,356,,1,-3.371189019775793e-17,True,P-L,AN,mc_learned_baseline,49,233636
657,233992,356,,1,4.799824450406091e-17,True,P-L,AN,mc_learned_baseline,49,233992
658,234348,356,,1,-9.185595526241361e-17,True,P-L,AN,mc_learned_baseline,49,234348
659,234704,356,,1,5.461944661692854e-15,True,P-L,AN,mc_learned_baseline,49,234704
660,235060,356,,1,-1.2935974477272468e-17,True,P-L,AN,mc_learned_baseline,49,235060
661,235416,356,,1,7.322110416215912e-17,True,P-L,AN,mc_learned_baseline,49,235416
662,235772,356,,1,-8.446067929530747e-17,True,P-L,AN,mc_learned_baseline,49,235772
663,236128,356,,1,8.671734410793445e-18,True,P-L,AN,mc_learned_baseline,49,236128
664,236484,356,,1,8.32721642794275e-17,True,P-L,AN,mc_learned_baseline,49,236484
665,236840,356,,1,3.473138980133901e-17,True,P-L,AN,mc_learned_baseline,49,236840
666,237196,356,,1,-2.5329527519698296e-17,True,P-L,AN,mc_learned_baseline,49,237196
667,237552,356,,1,5.205997138036174e-18,True,P-L,AN,mc_learned_baseline,49,237552
668,237908,356,,1,9.478573376357737e-17,True,P-L,AN,mc_learned_baseline,49,237908
669,238264,356,,1,-1.3527008560127482e-17,True,P-L,AN,mc_learned_baseline,49,238264
670,238620,356,,1,3.165690185685548e-17,True,P-L,AN,mc_learned_baseline,49,238620
671,238976,356,,1,-3.685897073209424e-17,True,P-L,AN,mc_learned_baseline,49,238976
672,239332,356,,1,-3.2956526298119807e-17,True,P-L,AN,mc_learned_baseline,49,239332
673,239688,356,,1,5.4550937760935365e-17,True,P-L,AN,mc_learned_baseline,49,239688
674,240044,356,,1,-1.4930181086801437e-17,True,P-L,AN,mc_learned_baseline,49,240044
675,240400,356,,1,3.06505686879347e-17,True,P-L,AN,mc_learned_baseline,49,240400
676,240756,356,,1,1.1264243370753083e-16,True,P-L,AN,mc_learned_baseline,49,240756
677,241112,356,,1,-9.799605283621798e-17,True,P-L,AN,mc_learned_baseline,49,241112
678,241468,356,,1,5.86129570009266e-17,True,P-L,AN,mc_learned_baseline,49,241468
679,241824,356,,1,-3.65996808859546e-17,True,P-L,AN,mc_learned_baseline,49,241824
680,242180,356,,1,1.1660339476273484e-17,True,P-L,AN,mc_learned_baseline,49,242180
681,242536,356,,1,1.1574219982230453e-17,True,P-L,AN,mc_learned_baseline,49,242536
682,242892,356,,1,7.369653937944595e-17,True,P-L,AN,mc_learned_baseline,49,242892
683,243248,356,,1,-2.0625495049052677e-17,True,P-L,AN,mc_learned_baseline,49,243248
684,243604,356,,1,7.211687757020019e-18,True,P-L,AN,mc_learned_baseline,49,243604
685,243960,356,,1,9.588363491378818e-17,True,P-L,AN,mc_learned_baseline,49,243960
686,244316,356,,1,1.2514723805873773e-16,True,P-L,AN,mc_learned_baseline,49,244316
687,244672,356,,1,2.060940491212655e-15,True,P-L,AN,mc_learned_baseline,49,244672
688,245028,356,,1,-3.313212484627805e-17,True,P-L,AN,mc_learned_baseline,49,245028
689,245384,356,,1,4.6397227714198446e-17,True,P-L,AN,mc_learned_baseline,49,245384
690,245740,356,,1,-5.742365938179854e-17,True,P-L,AN,mc_learned_baseline,49,245740
691,246096,356,,1,-1.0963414888617831e-17,True,P-L,AN,mc_learned_baseline,49,246096
692,246452,356,,1,-7.614000671600093e-18,True,P-L,AN,mc_learned_baseline,49,246452
693,246808,356,,1,-9.733913493271438e-17,True,P-L,AN,mc_learned_baseline,49,246808
694,247164,356,,1,-1.6183144058700624e-17,True,P-L,AN,mc_learned_baseline,49,247164
695,247520,356,,1,-1.7349939435036148e-17,True,P-L,AN,mc_learned_baseline,49,247520
696,247876,356,,1,-5.689747493642359e-17,True,P-L,AN,mc_learned_baseline,49,247876
697,248232,356,,1,3.877590717266177e-16,True,P-L,AN,mc_learned_baseline,49,248232
698,248588,356,,1,-1.623043733359629e-18,True,P-L,AN,mc_learned_baseline,49,248588
699,248944,356,,1,-1.498007155235134e-17,True,P-L,AN,mc_learned_baseline,49,248944
700,249300,356,,1,-2.821227705872748e-17,True,P-L,AN,mc_learned_baseline,49,249300
701,249656,356,,1,3.1310158113716904e-17,True,P-L,AN,mc_learned_baseline,49,249656
702,250012,356,,1,4.7670917749558194e-17,True,P-L,AN,mc_learned_baseline,49,250012
703,250368,356,,1,-2.3628609208473736e-18,True,P-L,AN,mc_learned_baseline,49,250368
704,250724,356,,1,-1.0285989278489226e-17,True,P-L,AN,mc_learned_baseline,49,250724
705,251080,356,,1,-1.090090197935306e-17,True,P-L,AN,mc_learned_baseline,49,251080
706,251436,356,,1,5.5054268507100456e-17,True,P-L,AN,mc_learned_baseline,49,251436
707,251792,356,,1,6.325334997906736e-17,True,P-L,AN,mc_learned_baseline,49,251792
708,252148,356,,1,-2.329240492782198e-17,True,P-L,AN,mc_learned_baseline,49,252148
709,252504,356,,1,6.637485193471238e-17,True,P-L,AN,mc_learned_baseline,49,252504
710,252860,356,,1,3.2784607551305217e-17,True,P-L,AN,mc_learned_baseline,49,252860
711,253216,356,,1,-2.2192493802867305e-17,True,P-L,AN,mc_learned_baseline,49,253216
712,253572,356,,1,1.2753303784868854e-14,True,P-L,AN,mc_learned_baseline,49,253572
713,253928,356,,1,-5.52760331031598e-17,True,P-L,AN,mc_learned_baseline,49,253928
714,254284,356,,1,-7.849957120585443e-18,True,P-L,AN,mc_learned_baseline,49,254284
715,254640,356,,1,2.7275455888891773e-17,True,P-L,AN,mc_learned_baseline,49,254640
716,254996,356,,1,-6.406825996731682e-17,True,P-L,AN,mc_learned_baseline,49,254996
717,255352,356,,1,3.355089195134109e-17,True,P-L,AN,mc_learned_baseline,49,255352
718,255708,356,,1,2.7472560392582904e-17,True,P-L,AN,mc_learned_baseline,49,255708
719,256064,356,,1,-7.056705932492401e-17,True,P-L,AN,mc_learned_baseline,49,256064
720,256420,356,,1,2.2121341666651094e-17,True,P-L,AN,mc_learned_baseline,49,256420
721,256776,356,,1,3.399589565356821e-17,True,P-L,AN,mc_learned_baseline,49,256776
722,257132,356,,1,6.955819202723193e-17,True,P-L,AN,mc_learned_baseline,49,257132
723,257488,356,,1,5.029204154875579e-17,True,P-L,AN,mc_learned_baseline,49,257488
724,257844,356,,1,-1.2972316160410012e-16,True,P-L,AN,mc_learned_baseline,49,257844
725,258200,356,,1,3.64978372053499e-17,True,P-L,AN,mc_learned_baseline,49,258200
726,258556,356,,1,-5.613069809808738e-17,True,P-L,AN,mc_learned_baseline,49,258556
727,258912,356,,1,6.4704359163662734e-18,True,P-L,AN,mc_learned_baseline,49,258912
728,259268,356,,1,-6.339928390047732e-18,True,P-L,AN,mc_learned_baseline,49,259268
729,259624,356,,1,-1.1885541554140684e-17,True,P-L,AN,mc_learned_baseline,49,259624
730,259980,356,,1,1.0997708346134179e-17,True,P-L,AN,mc_learned_baseline,49,259980
731,260336,356,,1,1.9381249150457255e-17,True,P-L,AN,mc_learned_baseline,49,260336
732,260692,356,,1,-9.65985573889026e-17,True,P-L,AN,mc_learned_baseline,49,260692
733,261048,356,,1,-1.5921556826202924e-17,True,P-L,AN,mc_learned_baseline,49,261048
734,261404,356,,1,4.987355036525632e-18,True,P-L,AN,mc_learned_baseline,49,261404
735,261760,356,,1,-3.5212846087016717e-17,True,P-L,AN,mc_learned_baseline,49,261760
736,262116,356,,1,-2.944416368573957e-17,True,P-L,AN,mc_learned_baseline,49,262116
1,456,356,,1,2.8784014027931937e-09,True,P-L,SA,mc_learned_baseline,49,456
2,812,356,,1,7.949436713715858e-09,True,P-L,SA,mc_learned_baseline,49,812
3,1168,356,,1,4.605264952040408e-09,True,P-L,SA,mc_learned_baseline,49,1168
4,1524,356,,1,1.7544557669485098e-10,True,P-L,SA,mc_learned_baseline,49,1524
5,1880,356,,1,1.3297571053722161e-08,True,P-L,SA,mc_learned_baseline,49,1880
6,2236,356,,1,1.4258416163983542e-08,True,P-L,SA,mc_learned_baseline,49,2236
7,2592,356,,1,2.1348649063161882e-08,True,P-L,SA,mc_learned_baseline,49,2592
8,2948,356,,1,2.846838622578408e-09,True,P-L,SA,mc_learned_baseline,49,2948
9,3304,356,,1,2.652787348822983e-09,True,P-L,SA,mc_learned_baseline,49,3304
10,3660,356,,1,2.0162080781666215e-08,True,P-L,SA,mc_learned_baseline,49,3660
11,4016,356,,1,3.4788931731583094e-08,True,P-L,SA,mc_learned_baseline,49,4016
12,4372,356,,1,1.5489011036277707e-08,True,P-L,SA,mc_learned_baseline,49,4372
13,4728,356,,1,2.8968238529532707e-08,True,P-L,SA,mc_learned_baseline,49,4728
14,5084,356,,1,2.7717177857981135e-08,True,P-L,SA,mc_learned_baseline,49,5084
15,5440,356,,1,4.640167142072467e-08,True,P-L,SA,mc_learned_baseline,49,5440
16,5796,356,,1,2.0864712225304255e-09,True,P-L,SA,mc_learned_baseline,49,5796
17,6152,356,,1,6.790072265043034e-08,True,P-L,SA,mc_learned_baseline,49,6152
18,6508,356,,1,1.241741857426902e-08,True,P-L,SA,mc_learned_baseline,49,6508
19,6864,356,,1,6.01913445081796e-08,True,P-L,SA,mc_learned_baseline,49,6864
20,7220,356,,1,5.1667364845870877e-08,True,P-L,SA,mc_learned_baseline,49,7220
21,7576,356,,1,5.1992258436215916e-08,True,P-L,SA,mc_learned_baseline,49,7576
22,7932,356,,1,2.7470808050472066e-08,True,P-L,SA,mc_learned_baseline,49,7932
23,8288,356,,1,3.4165911943722815e-08,True,P-L,SA,mc_learned_baseline,49,8288
24,8644,356,,1,1.87082325632541e-08,True,P-L,SA,mc_learned_baseline,49,8644
25,9000,356,,1,1.0437977780019988e-08,True,P-L,SA,mc_learned_baseline,49,9000
26,9356,356,,1,4.9536271561977156e-09,True,P-L,SA,mc_learned_baseline,49,9356
27,9712,356,,1,2.0541635603554838e-09,True,P-L,SA,mc_learned_baseline,49,9712
28,10068,356,,1,2.5274292168542214e-09,True,P-L,SA,mc_learned_baseline,49,10068
29,10424,356,,1,9.867399447213968e-10,True,P-L,SA,mc_learned_baseline,49,10424
30,10780,356,,1,5.790086771998881e-10,True,P-L,SA,mc_learned_baseline,49,10780
31,11136,356,,1,1.3116794200054655e-11,True,P-L,SA,mc_learned_baseline,49,11136
32,11492,356,,1,2.194710521910418e-10,True,P-L,SA,mc_learned_baseline,49,11492
33,11848,356,,1,4.665148552634865e-10,True,P-L,SA,mc_learned_baseline,49,11848
34,12204,356,,1,4.2691404264785845e-12,True,P-L,SA,mc_learned_baseline,49,12204
35,12560,356,,1,1.2312715766084098e-10,True,P-L,SA,mc_learned_baseline,49,12560
36,12916,356,,1,7.887955864346302e-14,True,P-L,SA,mc_learned_baseline,49,12916
37,13272,356,,1,6.495678805344202e-13,True,P-L,SA,mc_learned_baseline,49,13272
38,13628,356,,1,7.621166536858109e-13,True,P-L,SA,mc_learned_baseline,49,13628
39,13984,356,,1,7.264308686771468e-14,True,P-L,SA,mc_learned_baseline,49,13984
40,14340,356,,1,5.425373962708175e-14,True,P-L,SA,mc_learned_baseline,49,14340
41,14696,356,,1,9.695056760392898e-11,True,P-L,SA,mc_learned_baseline,49,14696
42,15052,356,,1,1.4863296641329135e-13,True,P-L,SA,mc_learned_baseline,49,15052
43,15408,356,,1,1.6332069695439546e-14,True,P-L,SA,mc_learned_baseline,49,15408
44,15764,356,,1,1.3934234385243603e-13,True,P-L,SA,mc_learned_baseline,49,15764
45,16120,356,,1,2.88271009442442e-13,True,P-L,SA,mc_learned_baseline,49,16120
46,16476,356,,1,4.0654355175164545e-15,True,P-L,SA,mc_learned_baseline,49,16476
47,16832,356,,1,1.342486232742031e-13,True,P-L,SA,mc_learned_baseline,49,16832
48,17188,356,,1,1.0501436827585201e-13,True,P-L,SA,mc_learned_baseline,49,17188
49,17544,356,,1,5.786731851291491e-14,True,P-L,SA,mc_learned_baseline,49,17544
50,17900,356,,1,5.848043765958827e-12,True,P-L,SA,mc_learned_baseline,49,17900
51,18256,356,,1,1.6625012494214168e-13,True,P-L,SA,mc_learned_baseline,49,18256
52,18612,356,,1,4.803135287053273e-14,True,P-L,SA,mc_learned_baseline,49,18612
53,18968,356,,1,1.1557657082814027e-14,True,P-L,SA,mc_learned_baseline,49,18968
54,19324,356,,1,1.3338249550360044e-13,True,P-L,SA,mc_learned_baseline,49,19324
55,19680,356,,1,1.2586479745769399e-13,True,P-L,SA,mc_learned_baseline,49,19680
56,20036,356,,1,1.2205748057137212e-13,True,P-L,SA,mc_learned_baseline,49,20036
57,20392,356,,1,5.711333136490485e-14,True,P-L,SA,mc_learned_baseline,49,20392
58,20748,356,,1,5.538269434287717e-11,True,P-L,SA,mc_learned_baseline,49,20748
59,21104,356,,1,1.9177314056598584e-14,True,P-L,SA,mc_learned_baseline,49,21104
60,21460,356,,1,2.8183184760176453e-14,True,P-L,SA,mc_learned_baseline,49,21460
61,21816,356,,1,1.5291036423155493e-16,True,P-L,SA,mc_learned_baseline,49,21816
62,22172,356,,1,9.508420934666772e-16,True,P-L,SA,mc_learned_baseline,49,22172
63,22528,356,,1,1.569744115510307e-14,True,P-L,SA,mc_learned_baseline,49,22528
64,22884,356,,1,4.360807642451459e-11,True,P-L,SA,mc_learned_baseline,49,22884
65,23240,356,,1,1.1552432464161645e-14,True,P-L,SA,mc_learned_baseline,49,23240
66,23596,356,,1,7.888996309349074e-15,True,P-L,SA,mc_learned_baseline,49,23596
67,23952,356,,1,1.868476395202913e-14,True,P-L,SA,mc_learned_baseline,49,23952
68,24308,356,,1,2.3396625336476693e-15,True,P-L,SA,mc_learned_baseline,49,24308
69,24664,356,,1,2.3204819760483005e-15,True,P-L,SA,mc_learned_baseline,49,24664
70,25020,356,,1,2.164345398346037e-15,True,P-L,SA,mc_learned_baseline,49,25020
71,25376,356,,1,1.4968377548585833e-14,True,P-L,SA,mc_learned_baseline,49,25376
72,25732,356,,1,4.088271561174721e-15,True,P-L,SA,mc_learned_baseline,49,25732
73,26088,356,,1,3.247875430087922e-15,True,P-L,SA,mc_learned_baseline,49,26088
74,26444,356,,1,8.263431099640101e-15,True,P-L,SA,mc_learned_baseline,49,26444
75,26800,356,,1,1.245943919292396e-14,True,P-L,SA,mc_learned_baseline,49,26800
76,27156,356,,1,1.941797118346052e-14,True,P-L,SA,mc_learned_baseline,49,27156
77,27512,356,,1,1.2922433280460115e-14,True,P-L,SA,mc_learned_baseline,49,27512
78,27868,356,,1,9.024448811404912e-15,True,P-L,SA,mc_learned_baseline,49,27868
79,28224,356,,1,1.691624382319947e-14,True,P-L,SA,mc_learned_baseline,49,28224
80,28580,356,,1,2.912287916709745e-15,True,P-L,SA,mc_learned_baseline,49,28580
81,28936,356,,1,2.0927671121080975e-14,True,P-L,SA,mc_learned_baseline,49,28936
82,29292,356,,1,1.360650558104957e-14,True,P-L,SA,mc_learned_baseline,49,29292
83,29648,356,,1,2.490923622309335e-15,True,P-L,SA,mc_learned_baseline,49,29648
84,30004,356,,1,2.1828286545568378e-11,True,P-L,SA,mc_learned_baseline,49,30004
85,30360,356,,1,9.055071402284118e-17,True,P-L,SA,mc_learned_baseline,49,30360
86,30716,356,,1,1.1534941559313302e-16,True,P-L,SA,mc_learned_baseline,49,30716
87,31072,356,,1,9.679331669756236e-17,True,P-L,SA,mc_learned_baseline,49,31072
88,31428,356,,1,1.1222194588033694e-16,True,P-L,SA,mc_learned_baseline,49,31428
89,31784,356,,1,1.0810680016394499e-16,True,P-L,SA,mc_learned_baseline,49,31784
90,32140,356,,1,9.302228857141159e-17,True,P-L,SA,mc_learned_baseline,49,32140
91,32496,356,,1,1.1193468508472363e-16,True,P-L,SA,mc_learned_baseline,49,32496
92,32852,356,,1,1.0845431851364983e-16,True,P-L,SA,mc_learned_baseline,49,32852
93,33208,356,,1,1.0471035257155608e-16,True,P-L,SA,mc_learned_baseline,49,33208
94,33564,356,,1,1.0362543414143731e-16,True,P-L,SA,mc_learned_baseline,49,33564
95,33920,356,,1,1.0536397516246852e-16,True,P-L,SA,mc_learned_baseline,49,33920
96,34276,356,,1,9.513081066369782e-17,True,P-L,SA,mc_learned_baseline,49,34276
97,34632,356,,1,1.159162840756945e-16,True,P-L,SA,mc_learned_baseline,49,34632
98,34988,356,,1,1.1665220589068422e-16,True,P-L,SA,mc_learned_baseline,49,34988
99,35344,356,,1,9.814315642699425e-17,True,P-L,SA,mc_learned_baseline,49,35344
100,35700,356,,1,1.0326350672920784e-16,True,P-L,SA,mc_learned_baseline,49,35700
101,36056,356,,1,5.583259130785232e-12,True,P-L,SA,mc_learned_baseline,49,36056
102,36412,356,,1,6.053262606777169e-17,True,P-L,SA,mc_learned_baseline,49,36412
103,36768,356,,1,6.14374942026257e-17,True,P-L,SA,mc_learned_baseline,49,36768
104,37124,356,,1,6.035317208893107e-17,True,P-L,SA,mc_learned_baseline,49,37124
105,37480,356,,1,5.2305396796380147e-17,True,P-L,SA,mc_learned_baseline,49,37480
106,37836,356,,1,5.919460069332878e-17,True,P-L,SA,mc_learned_baseline,49,37836
107,38192,356,,1,7.887391205274235e-17,True,P-L,SA,mc_learned_baseline,49,38192
108,38548,356,,1,6.009850453465448e-17,True,P-L,SA,mc_learned_baseline,49,38548
109,38904,356,,1,7.346330776335898e-17,True,P-L,SA,mc_learned_baseline,49,38904
110,39260,356,,1,5.592382584172638e-17,True,P-L,SA,mc_learned_baseline,49,39260
111,39616,356,,1,7.559261402077425e-12,True,P-L,SA,mc_learned_baseline,49,39616
112,39972,356,,1,-3.2654795945780116e-17,True,P-L,SA,mc_learned_baseline,49,39972
113,40328,356,,1,-2.2790159732364213e-17,True,P-L,SA,mc_learned_baseline,49,40328
114,40684,356,,1,-2.9934174006001653e-17,True,P-L,SA,mc_learned_baseline,49,40684
115,41040,356,,1,-2.949838266409347e-17,True,P-L,SA,mc_learned_baseline,49,41040
116,41396,356,,1,-1.8801810456029284e-17,True,P-L,SA,mc_learned_baseline,49,41396
117,41752,356,,1,-2.3294331058386094e-17,True,P-L,SA,mc_learned_baseline,49,41752
118,42108,356,,1,-3.5467460489370116e-17,True,P-L,SA,mc_learned_baseline,49,42108
119,42464,356,,1,-1.8122615903764625e-17,True,P-L,SA,mc_learned_baseline,49,42464
120,42820,356,,1,-2.4207874543779564e-17,True,P-L,SA,mc_learned_baseline,49,42820
121,43176,356,,1,-2.7213088594331635e-17,True,P-L,SA,mc_learned_baseline,49,43176
122,43532,356,,1,-2.4440895071303644e-17,True,P-L,SA,mc_learned_baseline,49,43532
123,43888,356,,1,-2.8339662614954686e-17,True,P-L,SA,mc_learned_baseline,49,43888
124,44244,356,,1,-3.631997855574722e-17,True,P-L,SA,mc_learned_baseline,49,44244
125,44600,356,,1,-2.808262245753716e-17,True,P-L,SA,mc_learned_baseline,49,44600
126,44956,356,,1,-2.787378602404401e-17,True,P-L,SA,mc_learned_baseline,49,44956
127,45312,356,,1,-2.4729712103189948e-17,True,P-L,SA,mc_learned_baseline,49,45312
128,45668,356,,1,-2.1360915858925253e-17,True,P-L,SA,mc_learned_baseline,49,45668
129,46024,356,,1,-2.2718173522872643e-17,True,P-L,SA,mc_learned_baseline,49,46024
130,46380,356,,1,-2.2835975578931117e-17,True,P-L,SA,mc_learned_baseline,49,46380
131,46736,356,,1,-1.6994504606533273e-17,True,P-L,SA,mc_learned_baseline,49,46736
132,47092,356,,1,-2.1739565419490044e-17,True,P-L,SA,mc_learned_baseline,49,47092
133,47448,356,,1,-2.0965011753790027e-17,True,P-L,SA,mc_learned_baseline,49,47448
134,47804,356,,1,-2.8317309750744724e-17,True,P-L,SA,mc_learned_baseline,49,47804
135,48160,356,,1,-3.2458413889956266e-17,True,P-L,SA,mc_learned_baseline,49,48160
136,48516,356,,1,4.8774058814242695e-12,True,P-L,SA,mc_learned_baseline,49,48516
137,48872,356,,1,1.1041540188919605e-16,True,P-L,SA,mc_learned_baseline,49,48872
138,49228,356,,1,4.3038556963788134e-12,True,P-L,SA,mc_learned_baseline,49,49228
139,49584,356,,1,1.109769925551777e-16,True,P-L,SA,mc_learned_baseline,49,49584
140,49940,356,,1,1.1095877768154372e-16,True,P-L,SA,mc_learned_baseline,49,49940
141,50296,356,,1,1.1102043172665577e-16,True,P-L,SA,mc_learned_baseline,49,50296
142,50652,356,,1,1.1091596464641321e-16,True,P-L,SA,mc_learned_baseline,49,50652
143,51008,356,,1,1.109136398245683e-16,True,P-L,SA,mc_learned_baseline,49,51008
144,51364,356,,1,1.1088441479494668e-16,True,P-L,SA,mc_learned_baseline,49,51364
145,51720,356,,1,1.1094909231011767e-16,True,P-L,SA,mc_learned_baseline,49,51720
146,52076,356,,1,1.1100292255427037e-16,True,P-L,SA,mc_learned_baseline,49,52076
147,52432,356,,1,1.1096162197753995e-16,True,P-L,SA,mc_learned_baseline,49,52432
148,52788,356,,1,1.553463541410775e-12,True,P-L,SA,mc_learned_baseline,49,52788
149,53144,356,,1,1.1085944057000718e-16,True,P-L,SA,mc_learned_baseline,49,53144
150,53500,356,,1,1.1095137148995012e-16,True,P-L,SA,mc_learned_baseline,49,53500
151,53856,356,,1,1.1093043079981735e-16,True,P-L,SA,mc_learned_baseline,49,53856
152,54212,356,,1,1.1098567303676142e-16,True,P-L,SA,mc_learned_baseline,49,54212
153,54568,356,,1,1.1099462261253342e-16,True,P-L,SA,mc_learned_baseline,49,54568
154,54924,356,,1,1.1088645326431378e-16,True,P-L,SA,mc_learned_baseline,49,54924
155,55280,356,,1,1.1086834140329888e-16,True,P-L,SA,mc_learned_baseline,49,55280
156,55636,356,,1,1.1091482710672822e-16,True,P-L,SA,mc_learned_baseline,49,55636
157,55992,356,,1,1.1095299494049077e-16,True,P-L,SA,mc_learned_baseline,49,55992
158,56348,356,,1,7.735079225587597e-13,True,P-L,SA,mc_learned_baseline,49,56348
159,56704,356,,1,1.1097086685292207e-16,True,P-L,SA,mc_learned_baseline,49,56704
160,57060,356,,1,1.1096587694718731e-16,True,P-L,SA,mc_learned_baseline,49,57060
161,57416,356,,1,1.1080874575054661e-16,True,P-L,SA,mc_learned_baseline,49,57416
162,57772,356,,1,1.1091051534158944e-16,True,P-L,SA,mc_learned_baseline,49,57772
163,58128,356,,1,1.109278348784951e-16,True,P-L,SA,mc_learned_baseline,49,58128
164,58484,356,,1,3.935846778860902e-11,True,P-L,SA,mc_learned_baseline,49,58484
165,58840,356,,1,-2.9072703023919176e-17,True,P-L,SA,mc_learned_baseline,49,58840
166,59196,356,,1,-2.6451461541505686e-17,True,P-L,SA,mc_learned_baseline,49,59196
167,59552,356,,1,-1.4318826961455827e-17,True,P-L,SA,mc_learned_baseline,49,59552
168,59908,356,,1,-2.1256998511070928e-17,True,P-L,SA,mc_learned_baseline,49,59908
169,60264,356,,1,-3.0810554849713875e-17,True,P-L,SA,mc_learned_baseline,49,60264
170,60620,356,,1,-2.256194047094249e-17,True,P-L,SA,mc_learned_baseline,49,60620
171,60976,356,,1,-2.0826565334220474e-17,True,P-L,SA,mc_learned_baseline,49,60976
172,61332,356,,1,-2.3430631840506252e-17,True,P-L,SA,mc_learned_baseline,49,61332
173,61688,356,,1,-1.6916840799073518e-17,True,P-L,SA,mc_learned_baseline,49,61688
174,62044,356,,1,-2.4302530022630197e-17,True,P-L,SA,mc_learned_baseline,49,62044
175,62400,356,,1,-1.3878372841272374e-17,True,P-L,SA,mc_learned_baseline,49,62400
176,62756,356,,1,-1.6923708308526126e-17,True,P-L,SA,mc_learned_baseline,49,62756
177,63112,356,,1,-1.7359354440759173e-17,True,P-L,SA,mc_learned_baseline,49,63112
178,63468,356,,1,-2.82245402008082e-17,True,P-L,SA,mc_learned_baseline,49,63468
179,63824,356,,1,1.4394140536245467e-10,True,P-L,SA,mc_learned_baseline,49,63824
180,64180,356,,1,1.110208925798742e-16,True,P-L,SA,mc_learned_baseline,49,64180
181,64536,356,,1,1.1102200908122136e-16,True,P-L,SA,mc_learned_baseline,49,64536
182,64892,356,,1,1.1102102494929846e-16,True,P-L,SA,mc_learned_baseline,49,64892
183,65248,356,,1,1.1102078708960657e-16,True,P-L,SA,mc_learned_baseline,49,65248
184,65604,356,,1,1.1102080214508341e-16,True,P-L,SA,mc_learned_baseline,49,65604
185,65960,356,,1,1.1102047290390252e-16,True,P-L,SA,mc_learned_baseline,49,65960
186,66316,356,,1,1.1102040067612463e-16,True,P-L,SA,mc_learned_baseline,49,66316
187,66672,356,,1,1.1101752419886923e-16,True,P-L,SA,mc_learned_baseline,49,66672
188,67028,356,,1,1.110217335388427e-16,True,P-L,SA,mc_learned_baseline,49,67028
189,67384,356,,1,1.1101918840412828e-16,True,P-L,SA,mc_learned_baseline,49,67384
190,67740,356,,1,1.1102021000269916e-16,True,P-L,SA,mc_learned_baseline,49,67740
191,68096,356,,1,1.1102049096084699e-16,True,P-L,SA,mc_learned_baseline,49,68096
192,68452,356,,1,1.110205697908934e-16,True,P-L,SA,mc_learned_baseline,49,68452
193,68808,356,,1,1.1102026000830213e-16,True,P-L,SA,mc_learned_baseline,49,68808
194,69164,356,,1,1.1102048554857394e-16,True,P-L,SA,mc_learned_baseline,49,69164
195,69520,356,,1,1.4216480083032556e-10,True,P-L,SA,mc_learned_baseline,49,69520
196,69876,356,,1,1.1102046642613058e-16,True,P-L,SA,mc_learned_baseline,49,69876
197,70232,356,,1,1.1102047845966082e-16,True,P-L,SA,mc_learned_baseline,49,70232
198,70588,356,,1,1.1102154953867829e-16,True,P-L,SA,mc_learned_baseline,49,70588
199,70944,356,,1,2.2472630418012312e-10,True,P-L,SA,mc_learned_baseline,49,70944
200,71300,356,,1,2.905635729271468e-17,True,P-L,SA,mc_learned_baseline,49,71300
201,71656,356,,1,2.558678957497299e-17,True,P-L,SA,mc_learned_baseline,49,71656
202,72012,356,,1,2.73215726260736e-17,True,P-L,SA,mc_learned_baseline,49,72012
203,72368,356,,1,2.515323673704415e-17,True,P-L,SA,mc_learned_baseline,49,72368
204,72724,356,,1,2.168367265426853e-17,True,P-L,SA,mc_learned_baseline,49,72724
205,73080,356,,1,2.2984836428338303e-17,True,P-L,SA,mc_learned_baseline,49,73080
206,73436,356,,1,2.9135000938268785e-10,True,P-L,SA,mc_learned_baseline,49,73436
207,73792,356,,1,2.7321835039866496e-17,True,P-L,SA,mc_learned_baseline,49,73792
208,74148,356,,1,3.2092322523795634e-17,True,P-L,SA,mc_learned_baseline,49,74148
209,74504,356,,1,1.3877733948793464e-17,True,P-L,SA,mc_learned_baseline,49,74504
210,74860,356,,1,1.6479818030936633e-17,True,P-L,SA,mc_learned_baseline,49,74860
211,75216,356,,1,1.6479818030936633e-17,True,P-L,SA,mc_learned_baseline,49,75216
212,75572,356,,1,2.645453898914973e-17,True,P-L,SA,mc_learned_baseline,49,75572
213,75928,356,,1,2.2985028236294552e-17,True,P-L,SA,mc_learned_baseline,49,75928
214,76284,356,,1,1.7347235044245744e-17,True,P-L,SA,mc_learned_baseline,49,76284
215,76640,356,,1,2.6454473679152105e-17,True,P-L,SA,mc_learned_baseline,49,76640
216,76996,356,,1,1.821454075236541e-17,True,P-L,SA,mc_learned_baseline,49,76996
217,77352,356,,1,2.34186506318397e-17,True,P-L,SA,mc_learned_baseline,49,77352
218,77708,356,,1,1.0842022018654989e-17,True,P-L,SA,mc_learned_baseline,49,77708
219,78064,356,,1,1.4745149834009445e-17,True,P-L,SA,mc_learned_baseline,49,78064
220,78420,356,,1,2.4286070277366133e-17,True,P-L,SA,mc_learned_baseline,49,78420
221,78776,356,,1,2.9056557761295274e-17,True,P-L,SA,mc_learned_baseline,49,78776
222,79132,356,,1,2.3852389597008936e-17,True,P-L,SA,mc_learned_baseline,49,79132
223,79488,356,,1,1.9949149912418464e-17,True,P-L,SA,mc_learned_baseline,49,79488
224,79844,356,,1,2.1683986195222968e-17,True,P-L,SA,mc_learned_baseline,49,79844
225,80200,356,,1,1.691349871129383e-17,True,P-L,SA,mc_learned_baseline,49,80200
226,80556,356,,1,2.0382944154151386e-17,True,P-L,SA,mc_learned_baseline,49,80556
227,80912,356,,1,1.4311468965636724e-17,True,P-L,SA,mc_learned_baseline,49,80912
228,81268,356,,1,2.992391912200966e-17,True,P-L,SA,mc_learned_baseline,49,81268
229,81624,356,,1,2.6454473679152105e-17,True,P-L,SA,mc_learned_baseline,49,81624
230,81980,356,,1,2.298502823629455e-17,True,P-L,SA,mc_learned_baseline,49,81980
231,82336,356,,1,2.211766687558016e-17,True,P-L,SA,mc_learned_baseline,49,82336
232,82692,356,,1,1.691344324671462e-17,True,P-L,SA,mc_learned_baseline,49,82692
233,83048,356,,1,2.2551347555937355e-17,True,P-L,SA,mc_learned_baseline,49,83048
234,83404,356,,1,2.385238959700894e-17,True,P-L,SA,mc_learned_baseline,49,83404
235,83760,356,,1,2.1684043727972915e-17,True,P-L,SA,mc_learned_baseline,49,83760
236,84116,356,,1,2.4719633260006098e-17,True,P-L,SA,mc_learned_baseline,49,84116
237,84472,356,,1,1.549909214148404e-10,True,P-L,SA,mc_learned_baseline,49,84472
238,84828,356,,1,1.9081957689811285e-17,True,P-L,SA,mc_learned_baseline,49,84828
239,85184,356,,1,2.341874857280447e-17,True,P-L,SA,mc_learned_baseline,49,85184
240,85540,356,,1,1.821457885456517e-17,True,P-L,SA,mc_learned_baseline,49,85540
241,85896,356,,1,1.6046174805298795e-17,True,P-L,SA,mc_learned_baseline,49,85896
242,86252,356,,1,1.9515638557049695e-17,True,P-L,SA,mc_learned_baseline,49,86252
243,86608,356,,1,2.6020851565625796e-17,True,P-L,SA,mc_learned_baseline,49,86608
244,86964,356,,1,3.035764153045687e-17,True,P-L,SA,mc_learned_baseline,49,86964
245,87320,356,,1,2.9056599100897047e-17,True,P-L,SA,mc_learned_baseline,49,87320
246,87676,356,,1,1.691351949639144e-17,True,P-L,SA,mc_learned_baseline,49,87676
247,88032,356,,1,1.8648254414032833e-17,True,P-L,SA,mc_learned_baseline,49,88032
248,88388,356,,1,1.908194047427172e-17,True,P-L,SA,mc_learned_baseline,49,88388
249,88744,356,,1,1.908194047427172e-17,True,P-L,SA,mc_learned_baseline,49,88744
250,89100,356,,1,1.647985024151797e-17,True,P-L,SA,mc_learned_baseline,49,89100
251,89456,356,,1,2.428611019251102e-17,True,P-L,SA,mc_learned_baseline,49,89456
252,89812,356,,1,1.5149927539444647e-10,True,P-L,SA,mc_learned_baseline,49,89812
253,90168,356,,1,2.1250326993995868e-17,True,P-L,SA,mc_learned_baseline,49,90168
254,90524,356,,1,3.03576602136798e-17,True,P-L,SA,mc_learned_baseline,49,90524
255,90880,356,,1,2.385244720314159e-17,True,P-L,SA,mc_learned_baseline,49,90880
256,91236,356,,1,2.4719808937880024e-17,True,P-L,SA,mc_learned_baseline,49,91236
257,91592,356,,1,2.2985085468403168e-17,True,P-L,SA,mc_learned_baseline,49,91592
258,91948,356,,1,2.5153453767386414e-17,True,P-L,SA,mc_learned_baseline,49,91948
259,92304,356,,1,1.4745148988388106e-17,True,P-L,SA,mc_learned_baseline,49,92304
260,92660,356,,1,1.9515603983600065e-17,True,P-L,SA,mc_learned_baseline,49,92660
261,93016,356,,1,2.3418766335772378e-17,True,P-L,SA,mc_learned_baseline,49,93016
262,93372,356,,1,2.6454514216270072e-17,True,P-L,SA,mc_learned_baseline,49,93372
263,93728,356,,1,1.86482596365566e-17,True,P-L,SA,mc_learned_baseline,49,93728
264,94084,356,,1,2.168402530644517e-17,True,P-L,SA,mc_learned_baseline,49,94084
265,94440,356,,1,1.0842021182065185e-17,True,P-L,SA,mc_learned_baseline,49,94440
266,94796,356,,1,2.471980893788002e-17,True,P-L,SA,mc_learned_baseline,49,94796
267,95152,356,,1,2.2985067736397417e-17,True,P-L,SA,mc_learned_baseline,49,95152
268,95508,356,,1,2.9056599076174565e-17,True,P-L,SA,mc_learned_baseline,49,95508
269,95864,356,,1,2.5153471786317822e-17,True,P-L,SA,mc_learned_baseline,49,95864
270,96220,356,,1,1.4828497637264255e-10,True,P-L,SA,mc_learned_baseline,49,96220
271,96576,356,,1,2.4286131498706917e-17,True,P-L,SA,mc_learned_baseline,49,96576
272,96932,356,,1,9.107297688925261e-18,True,P-L,SA,mc_learned_baseline,49,96932
273,97288,356,,1,1.821457880502402e-17,True,P-L,SA,mc_learned_baseline,49,97288
274,97644,356,,1,6.080563426929478e-11,True,P-L,SA,mc_learned_baseline,49,97644
275,98000,356,,1,2.2117723702396903e-17,True,P-L,SA,mc_learned_baseline,49,98000
276,98356,356,,1,2.25513692206774e-17,True,P-L,SA,mc_learned_baseline,49,98356
277,98712,356,,1,1.3877787219483847e-17,True,P-L,SA,mc_learned_baseline,49,98712
278,99068,356,,1,1.8648276762222985e-17,True,P-L,SA,mc_learned_baseline,49,99068
279,99424,356,,1,1.8648276762222985e-17,True,P-L,SA,mc_learned_baseline,49,99424
280,99780,356,,1,2.3252899915415273e-10,True,P-L,SA,mc_learned_baseline,49,99780
281,100136,356,,1,-1.1102230201491778e-16,True,P-L,SA,mc_learned_baseline,49,100136
282,100492,356,,1,-1.1102231348818067e-16,True,P-L,SA,mc_learned_baseline,49,100492
283,100848,356,,1,-1.1102230203382547e-16,True,P-L,SA,mc_learned_baseline,49,100848
284,101204,356,,1,-1.1102231292958612e-16,True,P-L,SA,mc_learned_baseline,49,101204
285,101560,356,,1,-1.1102232579054762e-16,True,P-L,SA,mc_learned_baseline,49,101560
286,101916,356,,1,-1.1102232548960527e-16,True,P-L,SA,mc_learned_baseline,49,101916
287,102272,356,,1,-1.1102231382333742e-16,True,P-L,SA,mc_learned_baseline,49,102272
288,102628,356,,1,-1.1102231371161852e-16,True,P-L,SA,mc_learned_baseline,49,102628
289,102984,356,,1,-1.1102231434469236e-16,True,P-L,SA,mc_learned_baseline,49,102984
290,103340,356,,1,-1.1102231363713923e-16,True,P-L,SA,mc_learned_baseline,49,103340
291,103696,356,,1,-1.1102231363713923e-16,True,P-L,SA,mc_learned_baseline,49,103696
292,104052,356,,1,-1.1102230202626238e-16,True,P-L,SA,mc_learned_baseline,49,104052
293,104408,356,,1,-1.1102231378609779e-16,True,P-L,SA,mc_learned_baseline,49,104408
294,104764,356,,1,-1.1102231356265996e-16,True,P-L,SA,mc_learned_baseline,49,104764
295,105120,356,,1,-1.1102232661813903e-16,True,P-L,SA,mc_learned_baseline,49,105120
296,105476,356,,1,-1.1102232398489362e-16,True,P-L,SA,mc_learned_baseline,49,105476
297,105832,356,,1,-1.110223135998996e-16,True,P-L,SA,mc_learned_baseline,49,105832
298,106188,356,,1,-1.1102231352542033e-16,True,P-L,SA,mc_learned_baseline,49,106188
299,106544,356,,1,-1.1102232714478811e-16,True,P-L,SA,mc_learned_baseline,49,106544
300,106900,356,,1,-1.110223134137014e-16,True,P-L,SA,mc_learned_baseline,49,106900
301,107256,356,,1,-1.110223257905476e-16,True,P-L,SA,mc_learned_baseline,49,107256
302,107612,356,,1,-1.1102230202096824e-16,True,P-L,SA,mc_learned_baseline,49,107612
303,107968,356,,1,-1.1102232526389853e-16,True,P-L,SA,mc_learned_baseline,49,107968
304,108324,356,,1,-1.1102230200811102e-16,True,P-L,SA,mc_learned_baseline,49,108324
305,108680,356,,1,-1.1102232631719668e-16,True,P-L,SA,mc_learned_baseline,49,108680
306,109036,356,,1,3.031505281290377e-10,True,P-L,SA,mc_learned_baseline,49,109036
307,109392,356,,1,-1.110223108596229e-16,True,P-L,SA,mc_learned_baseline,49,109392
308,109748,356,,1,-1.1102231085962287e-16,True,P-L,SA,mc_learned_baseline,49,109748
309,110104,356,,1,-1.1102231072257083e-16,True,P-L,SA,mc_learned_baseline,49,110104
310,110460,356,,1,-1.1102231960795443e-16,True,P-L,SA,mc_learned_baseline,49,110460
311,110816,356,,1,-1.1102231047587717e-16,True,P-L,SA,mc_learned_baseline,49,110816
312,111172,356,,1,-1.110223134145939e-16,True,P-L,SA,mc_learned_baseline,49,111172
313,111528,356,,1,-1.110223112159582e-16,True,P-L,SA,mc_learned_baseline,49,111528
314,111884,356,,1,-1.1102231113372696e-16,True,P-L,SA,mc_learned_baseline,49,111884
315,112240,356,,1,-1.110223195538979e-16,True,P-L,SA,mc_learned_baseline,49,112240
316,112596,356,,1,-1.1102231077739166e-16,True,P-L,SA,mc_learned_baseline,49,112596
317,112952,356,,1,-1.110223109418541e-16,True,P-L,SA,mc_learned_baseline,49,112952
318,113308,356,,1,-1.1102231107890616e-16,True,P-L,SA,mc_learned_baseline,49,113308
319,113664,356,,1,1.3872426631168102e-11,True,P-L,SA,mc_learned_baseline,49,113664
320,114020,356,,1,-1.1102230270485543e-16,True,P-L,SA,mc_learned_baseline,49,114020
321,114376,356,,1,-1.110223107534761e-16,True,P-L,SA,mc_learned_baseline,49,114376
322,114732,356,,1,-1.1102230270410778e-16,True,P-L,SA,mc_learned_baseline,49,114732
323,115088,356,,1,-1.110223103699634e-16,True,P-L,SA,mc_learned_baseline,49,115088
324,115444,356,,1,-1.1102231042475092e-16,True,P-L,SA,mc_learned_baseline,49,115444
325,115800,356,,1,-1.1102230270336011e-16,True,P-L,SA,mc_learned_baseline,49,115800
326,116156,356,,1,-1.110223106165073e-16,True,P-L,SA,mc_learned_baseline,49,116156
327,116512,356,,1,8.23394964858112e-11,True,P-L,SA,mc_learned_baseline,49,116512
328,116868,356,,1,-1.1102231133507981e-16,True,P-L,SA,mc_learned_baseline,49,116868
329,117224,356,,1,-1.1102231092467604e-16,True,P-L,SA,mc_learned_baseline,49,117224
330,117580,356,,1,-1.1102231100675682e-16,True,P-L,SA,mc_learned_baseline,49,117580
331,117936,356,,1,-1.1102230271695985e-16,True,P-L,SA,mc_learned_baseline,49,117936
332,118292,356,,1,-1.110223109520363e-16,True,P-L,SA,mc_learned_baseline,49,118292
333,118648,356,,1,-1.110223111709183e-16,True,P-L,SA,mc_learned_baseline,49,118648
334,119004,356,,1,-1.1102231100675682e-16,True,P-L,SA,mc_learned_baseline,49,119004
335,119360,356,,1,-1.1102230271338915e-16,True,P-L,SA,mc_learned_baseline,49,119360
336,119716,356,,1,-1.110223106784338e-16,True,P-L,SA,mc_learned_baseline,49,119716
337,120072,356,,1,-1.1102231062371327e-16,True,P-L,SA,mc_learned_baseline,49,120072
338,120428,356,,1,-1.1102231114355804e-16,True,P-L,SA,mc_learned_baseline,49,120428
339,120784,356,,1,-1.1102230270839019e-16,True,P-L,SA,mc_learned_baseline,49,120784
340,121140,356,,1,-1.1102231128035932e-16,True,P-L,SA,mc_learned_baseline,49,121140
341,121496,356,,1,-1.1102231977975443e-16,True,P-L,SA,mc_learned_baseline,49,121496
342,121852,356,,1,-1.1102231853760813e-16,True,P-L,SA,mc_learned_baseline,49,121852
343,122208,356,,1,-1.110223113350798e-16,True,P-L,SA,mc_learned_baseline,49,122208
344,122564,356,,1,-1.1102231117091828e-16,True,P-L,SA,mc_learned_baseline,49,122564
345,122920,356,,1,-1.1102231108883755e-16,True,P-L,SA,mc_learned_baseline,49,122920
346,123276,356,,1,-1.1102231081523505e-16,True,P-L,SA,mc_learned_baseline,49,123276
347,123632,356,,1,-1.110223113898003e-16,True,P-L,SA,mc_learned_baseline,49,123632
348,123988,356,,1,-1.1102231086995557e-16,True,P-L,SA,mc_learned_baseline,49,123988
349,124344,356,,1,-1.110223104595518e-16,True,P-L,SA,mc_learned_baseline,49,124344
350,124700,356,,1,-1.1102231092467604e-16,True,P-L,SA,mc_learned_baseline,49,124700
351,125056,356,,1,-1.1102231065107353e-16,True,P-L,SA,mc_learned_baseline,49,125056
352,125412,356,,1,-1.1102231048691202e-16,True,P-L,SA,mc_learned_baseline,49,125412
353,125768,356,,1,-1.1102230270767602e-16,True,P-L,SA,mc_learned_baseline,49,125768
354,126124,356,,1,-1.110223111161978e-16,True,P-L,SA,mc_learned_baseline,49,126124
355,126480,356,,1,-1.11022310049148e-16,True,P-L,SA,mc_learned_baseline,49,126480
356,126836,356,,1,-1.1102231108883755e-16,True,P-L,SA,mc_learned_baseline,49,126836
357,127192,356,,1,-1.110223110067568e-16,True,P-L,SA,mc_learned_baseline,49,127192
358,127548,356,,1,-1.1102230272195884e-16,True,P-L,SA,mc_learned_baseline,49,127548
359,127904,356,,1,-1.1102231056899278e-16,True,P-L,SA,mc_learned_baseline,49,127904
360,128260,356,,1,-1.110223109520363e-16,True,P-L,SA,mc_learned_baseline,49,128260
361,128616,356,,1,-1.1102231103411705e-16,True,P-L,SA,mc_learned_baseline,49,128616
362,128972,356,,1,-1.1102231108883755e-16,True,P-L,SA,mc_learned_baseline,49,128972
363,129328,356,,1,-1.1102231054163254e-16,True,P-L,SA,mc_learned_baseline,49,129328
364,129684,356,,1,-1.1102231084259528e-16,True,P-L,SA,mc_learned_baseline,49,129684
365,130040,356,,1,-1.1102230270624776e-16,True,P-L,SA,mc_learned_baseline,49,130040
366,130396,356,,1,-1.110223192396908e-16,True,P-L,SA,mc_learned_baseline,49,130396
367,130752,356,,1,-1.110223114445208e-16,True,P-L,SA,mc_learned_baseline,49,130752
368,131108,356,,1,-1.1102231078787479e-16,True,P-L,SA,mc_learned_baseline,49,131108
369,131464,356,,1,-1.1102231136244005e-16,True,P-L,SA,mc_learned_baseline,49,131464
370,131820,356,,1,-1.1102230270981847e-16,True,P-L,SA,mc_learned_baseline,49,131820
371,132176,356,,1,-1.110223108425953e-16,True,P-L,SA,mc_learned_baseline,49,132176
372,132532,356,,1,-1.1102231106147729e-16,True,P-L,SA,mc_learned_baseline,49,132532
373,132888,356,,1,-1.1102231092467604e-16,True,P-L,SA,mc_learned_baseline,49,132888
374,133244,356,,1,-1.110223111161978e-16,True,P-L,SA,mc_learned_baseline,49,133244
375,133600,356,,1,-1.1102231059635304e-16,True,P-L,SA,mc_learned_baseline,49,133600
376,133956,356,,1,-1.110223112256388e-16,True,P-L,SA,mc_learned_baseline,49,133956
377,134312,356,,1,-1.1102231059635304e-16,True,P-L,SA,mc_learned_baseline,49,134312
378,134668,356,,1,-1.1102231086995554e-16,True,P-L,SA,mc_learned_baseline,49,134668
379,135024,356,,1,-1.1102231086995552e-16,True,P-L,SA,mc_learned_baseline,49,135024
380,135380,356,,1,-1.1102231111619778e-16,True,P-L,SA,mc_learned_baseline,49,135380
381,135736,356,,1,-1.110223116634028e-16,True,P-L,SA,mc_learned_baseline,49,135736
382,136092,356,,1,-1.1102230270981847e-16,True,P-L,SA,mc_learned_baseline,49,136092
383,136448,356,,1,-1.1102231119827854e-16,True,P-L,SA,mc_learned_baseline,49,136448
384,136804,356,,1,-1.110223108973158e-16,True,P-L,SA,mc_learned_baseline,49,136804
385,137160,356,,1,-1.1102231065107353e-16,True,P-L,SA,mc_learned_baseline,49,137160
386,137516,356,,1,-1.1102231059635304e-16,True,P-L,SA,mc_learned_baseline,49,137516
387,137872,356,,1,-1.110223027141033e-16,True,P-L,SA,mc_learned_baseline,49,137872
388,138228,356,,1,-1.1102230271624571e-16,True,P-L,SA,mc_learned_baseline,49,138228
389,138584,356,,1,-1.1102231106147729e-16,True,P-L,SA,mc_learned_baseline,49,138584
390,138940,356,,1,-1.1102231086995557e-16,True,P-L,SA,mc_learned_baseline,49,138940
391,139296,356,,1,-1.1102231125299906e-16,True,P-L,SA,mc_learned_baseline,49,139296
392,139652,356,,1,-1.1102230271338915e-16,True,P-L,SA,mc_learned_baseline,49,139652
393,140008,356,,1,-1.1102230271338915e-16,True,P-L,SA,mc_learned_baseline,49,140008
394,140364,356,,1,-1.1102231078787479e-16,True,P-L,SA,mc_learned_baseline,49,140364
395,140720,356,,1,-1.1102231081523505e-16,True,P-L,SA,mc_learned_baseline,49,140720
396,141076,356,,1,-1.1102231086995554e-16,True,P-L,SA,mc_learned_baseline,49,141076
397,141432,356,,1,-1.1102231043219153e-16,True,P-L,SA,mc_learned_baseline,49,141432
398,141788,356,,1,-1.1102230270410534e-16,True,P-L,SA,mc_learned_baseline,49,141788
399,142144,356,,1,-1.1102231125299906e-16,True,P-L,SA,mc_learned_baseline,49,142144
400,142500,356,,1,-1.110223109520363e-16,True,P-L,SA,mc_learned_baseline,49,142500
401,142856,356,,1,-1.1102231092467604e-16,True,P-L,SA,mc_learned_baseline,49,142856
402,143212,356,,1,-1.1102230272267298e-16,True,P-L,SA,mc_learned_baseline,49,143212
403,143568,356,,1,-1.110223108973158e-16,True,P-L,SA,mc_learned_baseline,49,143568
404,143924,356,,1,-1.1102231078787479e-16,True,P-L,SA,mc_learned_baseline,49,143924
405,144280,356,,1,-1.1102231864562084e-16,True,P-L,SA,mc_learned_baseline,49,144280
406,144636,356,,1,-1.1102231089731578e-16,True,P-L,SA,mc_learned_baseline,49,144636
407,144992,356,,1,-1.1102231114355804e-16,True,P-L,SA,mc_learned_baseline,49,144992
408,145348,356,,1,-1.1102231100675682e-16,True,P-L,SA,mc_learned_baseline,49,145348
409,145704,356,,1,-1.1102231100675682e-16,True,P-L,SA,mc_learned_baseline,49,145704
410,146060,356,,1,-1.1102232010379258e-16,True,P-L,SA,mc_learned_baseline,49,146060
411,146416,356,,1,-1.1102231078787479e-16,True,P-L,SA,mc_learned_baseline,49,146416
412,146772,356,,1,-1.1102231983376078e-16,True,P-L,SA,mc_learned_baseline,49,146772
413,147128,356,,1,-1.1102231097939656e-16,True,P-L,SA,mc_learned_baseline,49,147128
414,147484,356,,1,-1.1102231076051453e-16,True,P-L,SA,mc_learned_baseline,49,147484
415,147840,356,,1,5.1750270534033086e-11,True,P-L,SA,mc_learned_baseline,49,147840
416,148196,356,,1,-1.1102231101122483e-16,True,P-L,SA,mc_learned_baseline,49,148196
417,148552,356,,1,-1.1102231106590085e-16,True,P-L,SA,mc_learned_baseline,49,148552
418,148908,356,,1,-1.110223108745347e-16,True,P-L,SA,mc_learned_baseline,49,148908
419,149264,356,,1,-1.110223027159815e-16,True,P-L,SA,mc_learned_baseline,49,149264
420,149620,356,,1,6.009172358219948e-11,True,P-L,SA,mc_learned_baseline,49,149620
421,149976,356,,1,-1.1102231897897189e-16,True,P-L,SA,mc_learned_baseline,49,149976
422,150332,356,,1,-1.1102231098848446e-16,True,P-L,SA,mc_learned_baseline,49,150332
423,150688,356,,1,-1.1102231112506078e-16,True,P-L,SA,mc_learned_baseline,49,150688
424,151044,356,,1,-1.110223189789719e-16,True,P-L,SA,mc_learned_baseline,49,151044
425,151400,356,,1,-1.1102230271213062e-16,True,P-L,SA,mc_learned_baseline,49,151400
426,151756,356,,1,-1.1102231142552863e-16,True,P-L,SA,mc_learned_baseline,49,151756
427,152112,356,,1,-1.1102230272216787e-16,True,P-L,SA,mc_learned_baseline,49,152112
428,152468,356,,1,-1.1102230272149871e-16,True,P-L,SA,mc_learned_baseline,49,152468
429,152824,356,,1,-1.1102230271681466e-16,True,P-L,SA,mc_learned_baseline,49,152824
430,153180,356,,1,-1.1102231126163706e-16,True,P-L,SA,mc_learned_baseline,49,153180
431,153536,356,,1,-1.110223105514403e-16,True,P-L,SA,mc_learned_baseline,49,153536
432,153892,356,,1,-1.1102231101579973e-16,True,P-L,SA,mc_learned_baseline,49,153892
433,154248,356,,1,-1.1102231101579973e-16,True,P-L,SA,mc_learned_baseline,49,154248
434,154604,356,,1,5.4545785313945575e-11,True,P-L,SA,mc_learned_baseline,49,154604
435,154960,356,,1,-1.110223111835098e-16,True,P-L,SA,mc_learned_baseline,49,154960
436,155316,356,,1,-1.1102231039193514e-16,True,P-L,SA,mc_learned_baseline,49,155316
437,155672,356,,1,-1.1102230273084664e-16,True,P-L,SA,mc_learned_baseline,49,155672
438,156028,356,,1,-1.1102231164753633e-16,True,P-L,SA,mc_learned_baseline,49,156028
439,156384,356,,1,1.6928328930934982e-10,True,P-L,SA,mc_learned_baseline,49,156384
440,156740,356,,1,-1.110223025388111e-16,True,P-L,SA,mc_learned_baseline,49,156740
441,157096,356,,1,-1.1102230253883733e-16,True,P-L,SA,mc_learned_baseline,49,157096
442,157452,356,,1,-1.1102230883260343e-16,True,P-L,SA,mc_learned_baseline,49,157452
443,157808,356,,1,-1.1102230253880817e-16,True,P-L,SA,mc_learned_baseline,49,157808
444,158164,356,,1,-1.1102230253876734e-16,True,P-L,SA,mc_learned_baseline,49,158164
445,158520,356,,1,-1.1102230253878485e-16,True,P-L,SA,mc_learned_baseline,49,158520
446,158876,356,,1,-1.1102230253873527e-16,True,P-L,SA,mc_learned_baseline,49,158876
447,159232,356,,1,-1.110223149152121e-16,True,P-L,SA,mc_learned_baseline,49,159232
448,159588,356,,1,-1.1102230906489265e-16,True,P-L,SA,mc_learned_baseline,49,159588
449,159944,356,,1,-1.1102230253878776e-16,True,P-L,SA,mc_learned_baseline,49,159944
450,160300,356,,1,-1.110223025388519e-16,True,P-L,SA,mc_learned_baseline,49,160300
451,160656,356,,1,-1.1102230253876443e-16,True,P-L,SA,mc_learned_baseline,49,160656
452,161012,356,,1,-1.1102230253878776e-16,True,P-L,SA,mc_learned_baseline,49,161012
453,161368,356,,1,-1.1102231525311066e-16,True,P-L,SA,mc_learned_baseline,49,161368
454,161724,356,,1,-1.1102230874813465e-16,True,P-L,SA,mc_learned_baseline,49,161724
455,162080,356,,1,-1.1102230253879357e-16,True,P-L,SA,mc_learned_baseline,49,162080
456,162436,356,,1,-1.1102230253882567e-16,True,P-L,SA,mc_learned_baseline,49,162436
457,162792,356,,1,-1.1102230253880235e-16,True,P-L,SA,mc_learned_baseline,49,162792
458,163148,356,,1,-1.11022302538779e-16,True,P-L,SA,mc_learned_baseline,49,163148
459,163504,356,,1,-1.11022302538779e-16,True,P-L,SA,mc_learned_baseline,49,163504
460,163860,356,,1,-1.1102230253876443e-16,True,P-L,SA,mc_learned_baseline,49,163860
461,164216,356,,1,-1.1102230917047865e-16,True,P-L,SA,mc_learned_baseline,49,164216
462,164572,356,,1,-1.1102230908600984e-16,True,P-L,SA,mc_learned_baseline,49,164572
463,164928,356,,1,-1.1102230940276788e-16,True,P-L,SA,mc_learned_baseline,49,164928
464,165284,356,,1,-1.1102230253881398e-16,True,P-L,SA,mc_learned_baseline,49,165284
465,165640,356,,1,-1.1102230912824427e-16,True,P-L,SA,mc_learned_baseline,49,165640
466,165996,356,,1,-1.1102230253880817e-16,True,P-L,SA,mc_learned_baseline,49,165996
467,166352,356,,1,-1.1102230885372062e-16,True,P-L,SA,mc_learned_baseline,49,166352
468,166708,356,,1,-1.110223085580798e-16,True,P-L,SA,mc_learned_baseline,49,166708
469,167064,356,,1,2.589901493759526e-11,True,P-L,SA,mc_learned_baseline,49,167064
470,167420,356,,1,-1.1102230923600683e-16,True,P-L,SA,mc_learned_baseline,49,167420
471,167776,356,,1,-1.1102230254102787e-16,True,P-L,SA,mc_learned_baseline,49,167776
472,168132,356,,1,-1.1102230254112643e-16,True,P-L,SA,mc_learned_baseline,49,168132
473,168488,356,,1,-1.110223025413517e-16,True,P-L,SA,mc_learned_baseline,49,168488
474,168844,356,,1,-1.1102230929932497e-16,True,P-L,SA,mc_learned_baseline,49,168844
475,169200,356,,1,-1.1102230870835584e-16,True,P-L,SA,mc_learned_baseline,49,169200
476,169556,356,,1,-1.110223025412813e-16,True,P-L,SA,mc_learned_baseline,49,169556
477,169912,356,,1,-1.1102230254130945e-16,True,P-L,SA,mc_learned_baseline,49,169912
478,170268,356,,1,-1.1102230938374911e-16,True,P-L,SA,mc_learned_baseline,49,170268
479,170624,356,,1,-1.1102230898273436e-16,True,P-L,SA,mc_learned_baseline,49,170624
480,170980,356,,1,-1.1102230254123904e-16,True,P-L,SA,mc_learned_baseline,49,170980
481,171336,356,,1,-1.1102230254104195e-16,True,P-L,SA,mc_learned_baseline,49,171336
482,171692,356,,1,-1.1102230254118276e-16,True,P-L,SA,mc_learned_baseline,49,171692
483,172048,356,,1,-1.1102230254094342e-16,True,P-L,SA,mc_learned_baseline,49,172048
484,172404,356,,1,-1.1102230902494643e-16,True,P-L,SA,mc_learned_baseline,49,172404
485,172760,356,,1,-1.1102231533991812e-16,True,P-L,SA,mc_learned_baseline,49,172760
486,173116,356,,1,-1.1102230879277998e-16,True,P-L,SA,mc_learned_baseline,49,173116
487,173472,356,,1,-1.1102230254123904e-16,True,P-L,SA,mc_learned_baseline,49,173472
488,173828,356,,1,-1.1102230254094342e-16,True,P-L,SA,mc_learned_baseline,49,173828
489,174184,356,,1,-1.1102230254094342e-16,True,P-L,SA,mc_learned_baseline,49,174184
490,174540,356,,1,-1.1102230254112643e-16,True,P-L,SA,mc_learned_baseline,49,174540
491,174896,356,,1,-1.110223089405223e-16,True,P-L,SA,mc_learned_baseline,49,174896
492,175252,356,,1,-1.1102230934153704e-16,True,P-L,SA,mc_learned_baseline,49,175252
493,175608,356,,1,-1.1102230254090119e-16,True,P-L,SA,mc_learned_baseline,49,175608
494,175964,356,,1,-1.11022309320431e-16,True,P-L,SA,mc_learned_baseline,49,175964
495,176320,356,,1,-1.1102230254111236e-16,True,P-L,SA,mc_learned_baseline,49,176320
496,176676,356,,1,-1.110223091093706e-16,True,P-L,SA,mc_learned_baseline,49,176676
497,177032,356,,1,-1.110223025409575e-16,True,P-L,SA,mc_learned_baseline,49,177032
498,177388,356,,1,-1.1102230254097157e-16,True,P-L,SA,mc_learned_baseline,49,177388
499,177744,356,,1,-1.1102230254104195e-16,True,P-L,SA,mc_learned_baseline,49,177744
500,178100,356,,1,-1.1102230254102787e-16,True,P-L,SA,mc_learned_baseline,49,178100
501,178456,356,,1,-1.110223025413376e-16,True,P-L,SA,mc_learned_baseline,49,178456
502,178812,356,,1,-1.11022309320431e-16,True,P-L,SA,mc_learned_baseline,49,178812
503,179168,356,,1,4.653602546225058e-12,True,P-L,SA,mc_learned_baseline,49,179168
504,179524,356,,1,5.1440117974885545e-11,True,P-L,SA,mc_learned_baseline,49,179524
505,179880,356,,1,-1.1102230223799227e-16,True,P-L,SA,mc_learned_baseline,49,179880
506,180236,356,,1,-1.110223022387048e-16,True,P-L,SA,mc_learned_baseline,49,180236
507,180592,356,,1,-1.1102230223407349e-16,True,P-L,SA,mc_learned_baseline,49,180592
508,180948,356,,1,3.080736177875164e-11,True,P-L,SA,mc_learned_baseline,49,180948
509,181304,356,,1,-1.1102230223582388e-16,True,P-L,SA,mc_learned_baseline,49,181304
510,181660,356,,1,-1.110223022402266e-16,True,P-L,SA,mc_learned_baseline,49,181660
511,182016,356,,1,-1.1102230223839214e-16,True,P-L,SA,mc_learned_baseline,49,182016
512,182372,356,,1,-1.1102230224096037e-16,True,P-L,SA,mc_learned_baseline,49,182372
513,182728,356,,1,-1.110223022453631e-16,True,P-L,SA,mc_learned_baseline,49,182728
514,183084,356,,1,-1.1102230223582389e-16,True,P-L,SA,mc_learned_baseline,49,183084
515,183440,356,,1,-1.110223022453631e-16,True,P-L,SA,mc_learned_baseline,49,183440
516,183796,356,,1,-1.1102230225049961e-16,True,P-L,SA,mc_learned_baseline,49,183796
517,184152,356,,1,-1.110223022347232e-16,True,P-L,SA,mc_learned_baseline,49,184152
518,184508,356,,1,-1.1102230223435631e-16,True,P-L,SA,mc_learned_baseline,49,184508
519,184864,356,,1,-1.1102230222921979e-16,True,P-L,SA,mc_learned_baseline,49,184864
520,185220,356,,1,-1.110223022292198e-16,True,P-L,SA,mc_learned_baseline,49,185220
521,185576,356,,1,-1.1102230224352863e-16,True,P-L,SA,mc_learned_baseline,49,185576
522,185932,356,,1,-1.1102230223142116e-16,True,P-L,SA,mc_learned_baseline,49,185932
523,186288,356,,1,-1.1102230223472319e-16,True,P-L,SA,mc_learned_baseline,49,186288
524,186644,356,,1,-1.1102230223985971e-16,True,P-L,SA,mc_learned_baseline,49,186644
525,187000,356,,1,-1.1102230223692457e-16,True,P-L,SA,mc_learned_baseline,49,187000
526,187356,356,,1,-1.1102230224499621e-16,True,P-L,SA,mc_learned_baseline,49,187356
527,187712,356,,1,2.9064361433976755e-11,True,P-L,SA,mc_learned_baseline,49,187712
528,188068,356,,1,-1.1102230230759348e-16,True,P-L,SA,mc_learned_baseline,49,188068
529,188424,356,,1,-1.1102230232164463e-16,True,P-L,SA,mc_learned_baseline,49,188424
530,188780,356,,1,-1.1102230232632833e-16,True,P-L,SA,mc_learned_baseline,49,188780
531,189136,356,,1,-1.1102230232086399e-16,True,P-L,SA,mc_learned_baseline,49,189136
532,189492,356,,1,-1.1102230232086399e-16,True,P-L,SA,mc_learned_baseline,49,189492
533,189848,356,,1,-1.1102230231305782e-16,True,P-L,SA,mc_learned_baseline,49,189848
534,190204,356,,1,-1.1102230232554771e-16,True,P-L,SA,mc_learned_baseline,49,190204
535,190560,356,,1,-1.110223081205099e-16,True,P-L,SA,mc_learned_baseline,49,190560
536,190916,356,,1,-1.1102230231539968e-16,True,P-L,SA,mc_learned_baseline,49,190916
537,191272,356,,1,-1.1102230232554772e-16,True,P-L,SA,mc_learned_baseline,49,191272
538,191628,356,,1,-1.1102230233491513e-16,True,P-L,SA,mc_learned_baseline,49,191628
539,191984,356,,1,-1.1102230233257328e-16,True,P-L,SA,mc_learned_baseline,49,191984
540,192340,356,,1,-1.1102230232164462e-16,True,P-L,SA,mc_learned_baseline,49,192340
541,192696,356,,1,-1.1102230231305782e-16,True,P-L,SA,mc_learned_baseline,49,192696
542,193052,356,,1,-1.1102230232788956e-16,True,P-L,SA,mc_learned_baseline,49,193052
543,193408,356,,1,-1.1102230232554772e-16,True,P-L,SA,mc_learned_baseline,49,193408
544,193764,356,,1,-1.1102230232632835e-16,True,P-L,SA,mc_learned_baseline,49,193764
545,194120,356,,1,-1.1102230231461906e-16,True,P-L,SA,mc_learned_baseline,49,194120
546,194476,356,,1,-1.110223083535728e-16,True,P-L,SA,mc_learned_baseline,49,194476
547,194832,356,,1,-1.1102230231774153e-16,True,P-L,SA,mc_learned_baseline,49,194832
548,195188,356,,1,-1.1102230232398648e-16,True,P-L,SA,mc_learned_baseline,49,195188
549,195544,356,,1,-1.1102230231539968e-16,True,P-L,SA,mc_learned_baseline,49,195544
550,195900,356,,1,-1.1102230232476709e-16,True,P-L,SA,mc_learned_baseline,49,195900
551,196256,356,,1,-1.1102230231696091e-16,True,P-L,SA,mc_learned_baseline,49,196256
552,196612,356,,1,-1.1102230233257328e-16,True,P-L,SA,mc_learned_baseline,49,196612
553,196968,356,,1,-1.1102230233491513e-16,True,P-L,SA,mc_learned_baseline,49,196968
554,197324,356,,1,-1.1102230230993532e-16,True,P-L,SA,mc_learned_baseline,49,197324
555,197680,356,,1,-1.1102230233179266e-16,True,P-L,SA,mc_learned_baseline,49,197680
556,198036,356,,1,6.09565714308477e-11,True,P-L,SA,mc_learned_baseline,49,198036
557,198392,356,,1,-1.1102230230215532e-16,True,P-L,SA,mc_learned_baseline,49,198392
558,198748,356,,1,-1.1102230229594175e-16,True,P-L,SA,mc_learned_baseline,49,198748
559,199104,356,,1,-1.110223023052621e-16,True,P-L,SA,mc_learned_baseline,49,199104
560,199460,356,,1,-1.1102231290753709e-16,True,P-L,SA,mc_learned_baseline,49,199460
561,199816,356,,1,-1.1102230230577991e-16,True,P-L,SA,mc_learned_baseline,49,199816
562,200172,356,,1,-1.110223023073333e-16,True,P-L,SA,mc_learned_baseline,49,200172
563,200528,356,,1,6.930714898170764e-11,True,P-L,SA,mc_learned_baseline,49,200528
564,200884,356,,1,-1.110223025769286e-16,True,P-L,SA,mc_learned_baseline,49,200884
565,201240,356,,1,-1.1102230257148466e-16,True,P-L,SA,mc_learned_baseline,49,201240
566,201596,356,,1,-1.1102230257999082e-16,True,P-L,SA,mc_learned_baseline,49,201596
567,201952,356,,1,1.499427942599124e-11,True,P-L,SA,mc_learned_baseline,49,201952
568,202308,356,,1,-1.1102230233357688e-16,True,P-L,SA,mc_learned_baseline,49,202308
569,202664,356,,1,-1.1102230232595035e-16,True,P-L,SA,mc_learned_baseline,49,202664
570,203020,356,,1,-1.1102230233133378e-16,True,P-L,SA,mc_learned_baseline,49,203020
571,203376,356,,1,-1.1102230233447412e-16,True,P-L,SA,mc_learned_baseline,49,203376
572,203732,356,,1,-1.110223023290907e-16,True,P-L,SA,mc_learned_baseline,49,203732
573,204088,356,,1,-1.1102230232236141e-16,True,P-L,SA,mc_learned_baseline,49,204088
574,204444,356,,1,-1.1102230233492274e-16,True,P-L,SA,mc_learned_baseline,49,204444
575,204800,356,,1,-1.110223023241559e-16,True,P-L,SA,mc_learned_baseline,49,204800
576,205156,356,,1,-1.1102230233851169e-16,True,P-L,SA,mc_learned_baseline,49,205156
577,205512,356,,1,-1.1102230232281003e-16,True,P-L,SA,mc_learned_baseline,49,205512
578,205868,356,,1,-1.1102230232864206e-16,True,P-L,SA,mc_learned_baseline,49,205868
579,206224,356,,1,-1.1102230232729622e-16,True,P-L,SA,mc_learned_baseline,49,206224
580,206580,356,,1,-1.1102230232774483e-16,True,P-L,SA,mc_learned_baseline,49,206580
581,206936,356,,1,-1.1102230232998793e-16,True,P-L,SA,mc_learned_baseline,49,206936
582,207292,356,,1,-1.1102230232774483e-16,True,P-L,SA,mc_learned_baseline,49,207292
583,207648,356,,1,-1.1102230232639897e-16,True,P-L,SA,mc_learned_baseline,49,207648
584,208004,356,,1,-1.1102230232595036e-16,True,P-L,SA,mc_learned_baseline,49,208004
585,208360,356,,1,-1.1102230232819345e-16,True,P-L,SA,mc_learned_baseline,49,208360
586,208716,356,,1,-1.1102230232370728e-16,True,P-L,SA,mc_learned_baseline,49,208716
587,209072,356,,1,-1.110223023362686e-16,True,P-L,SA,mc_learned_baseline,49,209072
588,209428,356,,1,-1.1102230232774485e-16,True,P-L,SA,mc_learned_baseline,49,209428
589,209784,356,,1,-1.1102230232998793e-16,True,P-L,SA,mc_learned_baseline,49,209784
590,210140,356,,1,-1.1102230232595036e-16,True,P-L,SA,mc_learned_baseline,49,210140
591,210496,356,,1,-1.1102230233312827e-16,True,P-L,SA,mc_learned_baseline,49,210496
592,210852,356,,1,-1.1102230232639897e-16,True,P-L,SA,mc_learned_baseline,49,210852
593,211208,356,,1,-1.1102230234165202e-16,True,P-L,SA,mc_learned_baseline,49,211208
594,211564,356,,1,-1.1102230232953931e-16,True,P-L,SA,mc_learned_baseline,49,211564
595,211920,356,,1,-1.1102230232505312e-16,True,P-L,SA,mc_learned_baseline,49,211920
596,212276,356,,1,-1.1102230232595035e-16,True,P-L,SA,mc_learned_baseline,49,212276
597,212632,356,,1,-1.1102230233761446e-16,True,P-L,SA,mc_learned_baseline,49,212632
598,212988,356,,1,9.487273472427002e-11,True,P-L,SA,mc_learned_baseline,49,212988
599,213344,356,,1,-1.1102230646809853e-16,True,P-L,SA,mc_learned_baseline,49,213344
600,213700,356,,1,-1.1102230247129656e-16,True,P-L,SA,mc_learned_baseline,49,213700
601,214056,356,,1,-1.1102230247142779e-16,True,P-L,SA,mc_learned_baseline,49,214056
602,214412,356,,1,-1.110223024714081e-16,True,P-L,SA,mc_learned_baseline,49,214412
603,214768,356,,1,-1.1102230247146715e-16,True,P-L,SA,mc_learned_baseline,49,214768
604,215124,356,,1,-1.1102230247139497e-16,True,P-L,SA,mc_learned_baseline,49,215124
605,215480,356,,1,-1.110223024714606e-16,True,P-L,SA,mc_learned_baseline,49,215480
606,215836,356,,1,2.0276653266091584e-12,True,P-L,SA,mc_learned_baseline,49,215836
607,216192,356,,1,-1.1102230247163826e-16,True,P-L,SA,mc_learned_baseline,49,216192
608,216548,356,,1,-1.1102230247190946e-16,True,P-L,SA,mc_learned_baseline,49,216548
609,216904,356,,1,-1.110223024716383e-16,True,P-L,SA,mc_learned_baseline,49,216904
610,217260,356,,1,-1.1102230247187556e-16,True,P-L,SA,mc_learned_baseline,49,217260
611,217616,356,,1,-1.110223024717908e-16,True,P-L,SA,mc_learned_baseline,49,217616
612,217972,356,,1,-1.1102230247190946e-16,True,P-L,SA,mc_learned_baseline,49,217972
613,218328,356,,1,-1.1102230247197728e-16,True,P-L,SA,mc_learned_baseline,49,218328
614,218684,356,,1,-1.1102230247184167e-16,True,P-L,SA,mc_learned_baseline,49,218684
615,219040,356,,1,-1.1102230247171456e-16,True,P-L,SA,mc_learned_baseline,49,219040
616,219396,356,,1,-1.1102230247188407e-16,True,P-L,SA,mc_learned_baseline,49,219396
617,219752,356,,1,-1.110223024716637e-16,True,P-L,SA,mc_learned_baseline,49,219752
618,220108,356,,1,-1.1102230247173998e-16,True,P-L,SA,mc_learned_baseline,49,220108
619,220464,356,,1,-1.1102230247181623e-16,True,P-L,SA,mc_learned_baseline,49,220464
620,220820,356,,1,-1.1102230247195184e-16,True,P-L,SA,mc_learned_baseline,49,220820
621,221176,356,,1,-1.1102230247170608e-16,True,P-L,SA,mc_learned_baseline,49,221176
622,221532,356,,1,-1.1102230247177387e-16,True,P-L,SA,mc_learned_baseline,49,221532
623,221888,356,,1,-1.1102230247174843e-16,True,P-L,SA,mc_learned_baseline,49,221888
624,222244,356,,1,-1.1102230247168912e-16,True,P-L,SA,mc_learned_baseline,49,222244
625,222600,356,,1,-1.1102230247180777e-16,True,P-L,SA,mc_learned_baseline,49,222600
626,222956,356,,1,-1.1102230247177387e-16,True,P-L,SA,mc_learned_baseline,49,222956
627,223312,356,,1,-1.1102230247188407e-16,True,P-L,SA,mc_learned_baseline,49,223312
628,223668,356,,1,-1.110223024716552e-16,True,P-L,SA,mc_learned_baseline,49,223668
629,224024,356,,1,-1.1102230247176542e-16,True,P-L,SA,mc_learned_baseline,49,224024
630,224380,356,,1,-1.1102230247173998e-16,True,P-L,SA,mc_learned_baseline,49,224380
631,224736,356,,1,-1.1102230247180777e-16,True,P-L,SA,mc_learned_baseline,49,224736
632,225092,356,,1,-1.110223024718925e-16,True,P-L,SA,mc_learned_baseline,49,225092
633,225448,356,,1,-1.1102230247175691e-16,True,P-L,SA,mc_learned_baseline,49,225448
634,225804,356,,1,-1.1102230247184167e-16,True,P-L,SA,mc_learned_baseline,49,225804
635,226160,356,,1,-1.110223024719349e-16,True,P-L,SA,mc_learned_baseline,49,226160
636,226516,356,,1,-1.1102230247192642e-16,True,P-L,SA,mc_learned_baseline,49,226516
637,226872,356,,1,-1.1102230247192642e-16,True,P-L,SA,mc_learned_baseline,49,226872
638,227228,356,,1,-1.1102230247185015e-16,True,P-L,SA,mc_learned_baseline,49,227228
639,227584,356,,1,7.30040931140751e-12,True,P-L,SA,mc_learned_baseline,49,227584
640,227940,356,,1,-1.1102230247264433e-16,True,P-L,SA,mc_learned_baseline,49,227940
641,228296,356,,1,-1.1102230247266884e-16,True,P-L,SA,mc_learned_baseline,49,228296
642,228652,356,,1,-1.1102230247286487e-16,True,P-L,SA,mc_learned_baseline,49,228652
643,229008,356,,1,-1.1102230247246055e-16,True,P-L,SA,mc_learned_baseline,49,229008
644,229364,356,,1,-1.110223024726811e-16,True,P-L,SA,mc_learned_baseline,49,229364
645,229720,356,,1,-1.1102230247263208e-16,True,P-L,SA,mc_learned_baseline,49,229720
646,230076,356,,1,6.369458251848415e-12,True,P-L,SA,mc_learned_baseline,49,230076
647,230432,356,,1,-1.110223024731004e-16,True,P-L,SA,mc_learned_baseline,49,230432
648,230788,356,,1,-1.110223024730849e-16,True,P-L,SA,mc_learned_baseline,49,230788
649,231144,356,,1,-1.110223024732243e-16,True,P-L,SA,mc_learned_baseline,49,231144
650,231500,356,,1,-1.1102230247316234e-16,True,P-L,SA,mc_learned_baseline,49,231500
651,231856,356,,1,-1.110223024733637e-16,True,P-L,SA,mc_learned_baseline,49,231856
652,232212,356,,1,-1.110223024731004e-16,True,P-L,SA,mc_learned_baseline,49,232212
653,232568,356,,1,-1.1102230247294553e-16,True,P-L,SA,mc_learned_baseline,49,232568
654,232924,356,,1,-1.110223024737199e-16,True,P-L,SA,mc_learned_baseline,49,232924
655,233280,356,,1,-1.1102230247316234e-16,True,P-L,SA,mc_learned_baseline,49,233280
656,233636,356,,1,-1.110223024736115e-16,True,P-L,SA,mc_learned_baseline,49,233636
657,233992,356,,1,-1.1102230247342565e-16,True,P-L,SA,mc_learned_baseline,49,233992
658,234348,356,,1,-1.1102230247313138e-16,True,P-L,SA,mc_learned_baseline,49,234348
659,234704,356,,1,1.69293231782161e-11,True,P-L,SA,mc_learned_baseline,49,234704
660,235060,356,,1,-1.1102230247430663e-16,True,P-L,SA,mc_learned_baseline,49,235060
661,235416,356,,1,-1.11022302473978e-16,True,P-L,SA,mc_learned_baseline,49,235416
662,235772,356,,1,-1.1102230247401907e-16,True,P-L,SA,mc_learned_baseline,49,235772
663,236128,356,,1,-1.1102230247424503e-16,True,P-L,SA,mc_learned_baseline,49,236128
664,236484,356,,1,-1.1102230247453257e-16,True,P-L,SA,mc_learned_baseline,49,236484
665,236840,356,,1,-1.110223024743888e-16,True,P-L,SA,mc_learned_baseline,49,236840
666,237196,356,,1,-1.1102230247426554e-16,True,P-L,SA,mc_learned_baseline,49,237196
667,237552,356,,1,-1.110223024741834e-16,True,P-L,SA,mc_learned_baseline,49,237552
668,237908,356,,1,-1.110223024745326e-16,True,P-L,SA,mc_learned_baseline,49,237908
669,238264,356,,1,-1.1102230247447096e-16,True,P-L,SA,mc_learned_baseline,49,238264
670,238620,356,,1,-1.110223024743888e-16,True,P-L,SA,mc_learned_baseline,49,238620
671,238976,356,,1,-1.1102230247422447e-16,True,P-L,SA,mc_learned_baseline,49,238976
672,239332,356,,1,-1.1102230247422447e-16,True,P-L,SA,mc_learned_baseline,49,239332
673,239688,356,,1,-1.110223024739369e-16,True,P-L,SA,mc_learned_baseline,49,239688
674,240044,356,,1,-1.1102230247442987e-16,True,P-L,SA,mc_learned_baseline,49,240044
675,240400,356,,1,-1.110223024745942e-16,True,P-L,SA,mc_learned_baseline,49,240400
676,240756,356,,1,-1.110223024743683e-16,True,P-L,SA,mc_learned_baseline,49,240756
677,241112,356,,1,-1.110223024743888e-16,True,P-L,SA,mc_learned_baseline,49,241112
678,241468,356,,1,-1.1102230247453257e-16,True,P-L,SA,mc_learned_baseline,49,241468
679,241824,356,,1,-1.1102230247381367e-16,True,P-L,SA,mc_learned_baseline,49,241824
680,242180,356,,1,-1.110223024739985e-16,True,P-L,SA,mc_learned_baseline,49,242180
681,242536,356,,1,-1.110223024742861e-16,True,P-L,SA,mc_learned_baseline,49,242536
682,242892,356,,1,-1.1102230247440933e-16,True,P-L,SA,mc_learned_baseline,49,242892
683,243248,356,,1,-1.1102230247453257e-16,True,P-L,SA,mc_learned_baseline,49,243248
684,243604,356,,1,-1.110223024743477e-16,True,P-L,SA,mc_learned_baseline,49,243604
685,243960,356,,1,1.0870421188510325e-11,True,P-L,SA,mc_learned_baseline,49,243960
686,244316,356,,1,-1.110223024749926e-16,True,P-L,SA,mc_learned_baseline,49,244316
687,244672,356,,1,4.371453474226042e-11,True,P-L,SA,mc_learned_baseline,49,244672
688,245028,356,,1,-1.110223024848556e-16,True,P-L,SA,mc_learned_baseline,49,245028
689,245384,356,,1,-1.1102230248486172e-16,True,P-L,SA,mc_learned_baseline,49,245384
690,245740,356,,1,-1.110223024848597e-16,True,P-L,SA,mc_learned_baseline,49,245740
691,246096,356,,1,-1.1102230248484476e-16,True,P-L,SA,mc_learned_baseline,49,246096
692,246452,356,,1,-1.1102230248486307e-16,True,P-L,SA,mc_learned_baseline,49,246452
693,246808,356,,1,-1.110223024848651e-16,True,P-L,SA,mc_learned_baseline,49,246808
694,247164,356,,1,-1.1102230248486983e-16,True,P-L,SA,mc_learned_baseline,49,247164
695,247520,356,,1,-1.1102230248485831e-16,True,P-L,SA,mc_learned_baseline,49,247520
696,247876,356,,1,-1.1102230248486714e-16,True,P-L,SA,mc_learned_baseline,49,247876
697,248232,356,,1,4.95792178476603e-12,True,P-L,SA,mc_learned_baseline,49,248232
698,248588,356,,1,-1.1102230248538212e-16,True,P-L,SA,mc_learned_baseline,49,248588
699,248944,356,,1,-1.1102230248537586e-16,True,P-L,SA,mc_learned_baseline,49,248944
700,249300,356,,1,-1.11022302485379e-16,True,P-L,SA,mc_learned_baseline,49,249300
701,249656,356,,1,-1.1102230248538212e-16,True,P-L,SA,mc_learned_baseline,49,249656
702,250012,356,,1,-1.1102230248538838e-16,True,P-L,SA,mc_learned_baseline,49,250012
703,250368,356,,1,-1.1102230248539464e-16,True,P-L,SA,mc_learned_baseline,49,250368
704,250724,356,,1,-1.1102230248535707e-16,True,P-L,SA,mc_learned_baseline,49,250724
705,251080,356,,1,-1.1102230248533829e-16,True,P-L,SA,mc_learned_baseline,49,251080
706,251436,356,,1,-1.110223024853915e-16,True,P-L,SA,mc_learned_baseline,49,251436
707,251792,356,,1,-1.1102230248536646e-16,True,P-L,SA,mc_learned_baseline,49,251792
708,252148,356,,1,-1.110223024854197e-16,True,P-L,SA,mc_learned_baseline,49,252148
709,252504,356,,1,-1.1102230248534455e-16,True,P-L,SA,mc_learned_baseline,49,252504
710,252860,356,,1,-1.110223024853696e-16,True,P-L,SA,mc_learned_baseline,49,252860
711,253216,356,,1,-1.1102230248538212e-16,True,P-L,SA,mc_learned_baseline,49,253216
712,253572,356,,1,1.7843678983125067e-11,True,P-L,SA,mc_learned_baseline,49,253572
713,253928,356,,1,-1.1102230248629234e-16,True,P-L,SA,mc_learned_baseline,49,253928
714,254284,356,,1,-1.110223024863225e-16,True,P-L,SA,mc_learned_baseline,49,254284
715,254640,356,,1,-1.110223024861868e-16,True,P-L,SA,mc_learned_baseline,49,254640
716,254996,356,,1,-1.1102230248621698e-16,True,P-L,SA,mc_learned_baseline,49,254996
717,255352,356,,1,-1.110223024862848e-16,True,P-L,SA,mc_learned_baseline,49,255352
718,255708,356,,1,-1.1102230248629234e-16,True,P-L,SA,mc_learned_baseline,49,255708
719,256064,356,,1,-1.1102230248613408e-16,True,P-L,SA,mc_learned_baseline,49,256064
720,256420,356,,1,-1.1102230248620944e-16,True,P-L,SA,mc_learned_baseline,49,256420
721,256776,356,,1,-1.1102230248621698e-16,True,P-L,SA,mc_learned_baseline,49,256776
722,257132,356,,1,-1.1102230248627728e-16,True,P-L,SA,mc_learned_baseline,49,257132
723,257488,356,,1,-1.1102230248614914e-16,True,P-L,SA,mc_learned_baseline,49,257488
724,257844,356,,1,-1.1102230248620944e-16,True,P-L,SA,mc_learned_baseline,49,257844
725,258200,356,,1,-1.1102230248623959e-16,True,P-L,SA,mc_learned_baseline,49,258200
726,258556,356,,1,-1.1102230248618683e-16,True,P-L,SA,mc_learned_baseline,49,258556
727,258912,356,,1,-1.1102230248617174e-16,True,P-L,SA,mc_learned_baseline,49,258912
728,259268,356,,1,-1.1102230248623204e-16,True,P-L,SA,mc_learned_baseline,49,259268
729,259624,356,,1,-1.110223024863225e-16,True,P-L,SA,mc_learned_baseline,49,259624
730,259980,356,,1,-1.110223024862471e-16,True,P-L,SA,mc_learned_baseline,49,259980
731,260336,356,,1,-1.1102230248626974e-16,True,P-L,SA,mc_learned_baseline,49,260336
732,260692,356,,1,-1.1102230248633003e-16,True,P-L,SA,mc_learned_baseline,49,260692
733,261048,356,,1,-1.1102230248626974e-16,True,P-L,SA,mc_learned_baseline,49,261048
734,261404,356,,1,-1.110223024862848e-16,True,P-L,SA,mc_learned_baseline,49,261404
735,261760,356,,1,-1.110223024863677e-16,True,P-L,SA,mc_learned_baseline,49,261760
736,262116,356,,1,-1.1102230248633758e-16,True,P-L,SA,mc_learned_baseline,49,262116
