experiment,method,label,oracle_label_group,seed,update,source_steps_total,source_steps_training,source_steps_critic,source_steps_direction_check,source_steps_return_check,source_steps_monitor,source_complete_episodes,agent_decisions,budget,training_return,monitor_return,exact_source_return_diagnostic,actual_return_gain_diagnostic,old_new_kl,baseline_kind,baseline_missing_states,entropy,seconds,accepted,reason,eta,attempts,forward_kl_training,direction_loss,direction_steps,q_bound,direction_check_score,direction_check_mode,return_check_gain,return_check_mode,return_check_standard_error,critic_validation_mse,label_mse_against_exact_joint_advantage,critic_explained_variance,direction_error,direction_norm,exact_direction_score_diagnostic
T-L,AN,mc_learned_baseline,False,45,1,3784,256,256,1024,2048,200,1892,7568,262144,0.321796875,0.3179999999999999,0.3530617049642029,0.034047704964202896,0.00046357780805957884,public_state_tabular_independent_mc,0,0.6156492982807455,0.052998000057414174,True,accepted_empirical,0.1,1,5.621977295252254e-09,-0.09235171529478464,100,5.0,0.08266915155951154,empirical,0.03087890625,empirical,0.009653144072373693,0.430824551836283,0.17393501452686871,0.02217878325325251,0.002126284610131682,0.09386018123295996,0.08662127612881569
T-L,AN,mc_learned_baseline,False,45,2,7568,512,512,2048,4096,400,3784,15136,262144,0.383203125,0.4377,0.3844259459247662,0.03136424096056328,0.0003836381888259845,public_state_tabular_independent_mc,0,0.6060071183161183,0.09541150007862598,True,accepted_empirical,0.1,1,2.3720012174812476e-09,-0.07830526022416978,100,5.0,0.0907684119346608,empirical,0.042421875,empirical,0.009720909122166381,0.4052340918107895,0.17132804396550722,0.007480473919114772,0.000692733904706739,0.07750928252370251,0.08887183463644546
T-L,AN,mc_learned_baseline,False,45,3,11352,768,768,3072,6144,600,5676,22704,262144,0.3459375,0.26639999999999997,0.41425779442267896,0.02983184849791276,0.0003604901789944937,public_state_tabular_independent_mc,0,0.5974912864912617,0.13826400006655604,True,accepted_empirical,0.1,1,2.0551934255260886e-09,-0.07371500807619506,100,5.0,0.08147424287224789,empirical,0.02126953125,empirical,0.006806464005353639,0.41331190245420835,0.16986883487597565,0.00968000786108314,0.00391470703386348,0.07342466435733594,0.08575362662388958
T-L,AN,mc_learned_baseline,False,45,4,15136,1024,1024,4096,8192,800,7568,30272,262144,0.5484375,0.49529999999999996,0.44348793965755434,0.029230145234875382,0.00033624762638754456,public_state_tabular_independent_mc,0,0.5875030617550815,0.18395020009484142,True,accepted_empirical,0.1,1,3.312911023427983e-09,-0.06909572489136831,100,5.0,0.09665205012976,empirical,0.0268359375,empirical,0.008311974931814677,0.37773464366958387,0.16221448546065093,-0.0016887440736590431,0.001523310335041187,0.06859003363650736,0.08767375331473302
T-L,AN,mc_learned_baseline,False,45,5,18920,1280,1280,5120,10240,1000,9460,37840,262144,0.42328125,0.5741999999999999,0.4768762342419245,0.03338829458437015,0.00046457506025823325,public_state_tabular_independent_mc,0,0.5762390495829389,0.2274278000695631,True,accepted_empirical,0.1,1,4.746442770140809e-09,-0.09703600780387074,100,5.0,0.07849156149060846,empirical,0.046230468749999996,empirical,0.010027639000628134,0.3929462959521984,0.1739934540399808,-0.007264294812219463,0.0038801322100853273,0.09559115548892329,0.08453971190644143
T-L,AN,mc_learned_baseline,False,45,6,22704,1536,1536,6144,12288,1200,11352,45408,262144,0.47085937499999997,0.5918999999999999,0.5099451109650712,0.033068876723146734,0.00045947573120931124,public_state_tabular_independent_mc,0,0.5641307701738157,0.2819065999938175,True,accepted_empirical,0.1,1,5.2180024324420235e-09,-0.09378173325624228,100,5.0,0.07738273644601484,empirical,0.01119140625,empirical,0.006545244309402072,0.3832600191857453,0.16696101434550725,-0.006499614122554398,0.0025098996063015917,0.09467090203861962,0.0841958600668407
T-L,AN,mc_learned_baseline,False,45,7,26488,1792,1792,7168,14336,1400,13244,52976,262144,0.615234375,0.6021,0.5393987957096331,0.029453684744561892,0.0003670526326122619,public_state_tabular_independent_mc,0,0.5520584435122634,0.3245880000758916,True,accepted_empirical,0.1,1,3.757327807388346e-09,-0.07406166509345338,100,5.0,0.08388603303234654,empirical,0.032695312500000004,empirical,0.008559009117042184,0.350045226210064,0.1482429404305833,-0.011486877694162567,0.0009636834350462061,0.07471133052291837,0.08347986683314437
T-L,AN,mc_learned_baseline,False,45,8,30272,2048,2048,8192,16384,1600,15136,60544,262144,0.579609375,0.5699999999999998,0.5696594838534353,0.030260688143802228,0.0004061479201079136,public_state_tabular_independent_mc,0,0.540066114567718,0.37160170008428395,True,accepted_empirical,0.1,1,5.144750783951938e-09,-0.0845426495024979,100,5.0,0.08335557714502739,empirical,0.0384375,empirical,0.009339984756516304,0.3678228465675447,0.16240528256254305,-0.06744442682837293,0.0016768979266444935,0.08361983614317858,0.08050279654763554
T-L,AN,mc_learned_baseline,False,45,9,34056,2304,2304,9216,18432,1800,17028,68112,262144,0.56625,0.5945999999999999,0.5981516364056957,0.02849215255226034,0.0003778471953587014,public_state_tabular_independent_mc,0,0.5267268583005726,0.4136708000442013,True,accepted_empirical,0.1,1,4.230784649024673e-09,-0.07802489076578933,100,5.0,0.07920251721058157,empirical,0.03609375,empirical,0.009287422708660856,0.35122853012325544,0.14864753861529287,0.00255393886728994,0.0023182051757655885,0.07759549775325403,0.07678492305158383
T-L,AN,mc_learned_baseline,False,45,10,37840,2560,2560,10240,20480,2000,18920,75680,262144,0.57234375,0.5663999999999999,0.6262065375071912,0.028054901101495555,0.000374086904618346,public_state_tabular_independent_mc,0,0.5142707069337993,0.4619348000269383,True,accepted_empirical,0.1,1,1.0546576344977125e-10,-0.07633711800090404,100,5.0,0.0738804776699623,empirical,0.021679687500000003,empirical,0.008192403380004496,0.35200436685717956,0.1449745946549224,0.009472747540367754,0.0004294867748092108,0.07671435978842099,0.07557324038856748
T-L,AN,mc_learned_baseline,False,45,11,41624,2816,2816,11264,22528,2200,20812,83248,262144,0.6461718750000001,0.654,0.6514119651161865,0.025205427608995246,0.0003275032329168354,public_state_tabular_independent_mc,0,0.5014991003571232,0.5071528000989929,True,accepted_empirical,0.1,1,3.0319551451675956e-09,-0.06599670590439242,100,5.0,0.07915359091211999,empirical,0.034921875000000005,empirical,0.008828925926555476,0.31122297309027774,0.12855405695291786,0.019503213478650583,0.0027064015011195653,0.06656876784273477,0.06966855014724141
T-L,AN,mc_learned_baseline,False,45,12,45408,3072,3072,12288,24576,2400,22704,90816,262144,0.571875,0.6624,0.6834926268496291,0.032080661733442595,0.000547573524919153,public_state_tabular_independent_mc,0,0.48544397159335895,0.5474702999927104,True,accepted_empirical,0.1,1,2.322839006013052e-09,-0.11187116503474634,100,5.0,0.05820323366421243,empirical,0.033925781249999995,empirical,0.008645458357060862,0.374367709350586,0.1606741439307567,0.007157422812722802,0.005531823442978671,0.11308176759985468,0.0634258263304814
T-L,AN,mc_learned_baseline,False,45,13,49192,3328,3328,13312,26624,2600,24596,98384,262144,0.5995312500000001,0.8456999999999999,0.7110790608530588,0.02758643400342975,0.00043765528095247516,public_state_tabular_independent_mc,0,0.47080532536000613,0.5979756000451744,True,accepted_empirical,0.1,1,4.053592328264744e-09,-0.09083109239725871,100,5.0,0.061150301964685586,empirical,0.02150390625,empirical,0.006884428575214031,0.32211711889676364,0.13301957647409224,0.014576684822790065,0.0022848365043846453,0.0901673667822734,0.06147698952645851
T-L,AN,mc_learned_baseline,False,45,14,52976,3584,3584,14336,28672,2800,26488,105952,262144,0.72796875,0.7808999999999999,0.7329586343987137,0.02187957354565484,0.00029721552573350033,public_state_tabular_independent_mc,0,0.45841287186138285,0.6438276000553742,True,accepted_empirical,0.1,1,2.9742333233341457e-09,-0.06124138793194801,100,5.0,0.05077517368544504,empirical,0.022089843749999998,empirical,0.0076181836961945176,0.2477878414377428,0.10492038072405259,0.004329826739799314,0.00011820813585135847,0.0615430736571002,0.05871882926420978
T-L,AN,mc_learned_baseline,False,45,15,56760,3840,3840,15360,30720,3000,28380,113520,262144,0.689765625,0.8240999999999999,0.7516677761443987,0.018709141745685054,0.00023862235654721907,public_state_tabular_independent_mc,0,0.44754488546751114,0.6850268000271171,True,accepted_empirical,0.1,1,3.420021536770333e-09,-0.05361724827773465,100,5.0,0.04458435483465438,empirical,0.021328125,empirical,0.006883250052105681,0.24715515340221725,0.09725398344512012,0.02432953906704427,0.0013257816564803066,0.049413613268924475,0.05333430079858795
T-L,AN,mc_learned_baseline,False,45,16,60544,4096,4096,16384,32768,3200,30272,121088,262144,0.7605468750000002,0.7878000000000001,0.7655513951834886,0.013883619039089856,0.000148532404072785,public_state_tabular_independent_mc,0,0.4390512901987676,0.730547400075011,True,accepted_empirical,0.1,1,1.8223342330557209e-09,-0.033773077055743964,100,5.0,0.054488116901348686,empirical,0.015468750000000002,empirical,0.005473710009578321,0.18975063476562504,0.07867226990386407,0.02129955881389345,0.005760653169437327,0.0302997016244712,0.045115556010211125
T-L,AN,mc_learned_baseline,False,45,17,64328,4352,4352,17408,34816,3400,32164,128656,262144,0.795234375,0.8150999999999999,0.7823554381907534,0.01680404300726479,0.00024042701323737927,public_state_tabular_independent_mc,0,0.4285810126669283,0.8162842000601813,True,accepted_empirical,0.1,1,1.6450709997548502e-09,-0.05262253333794388,100,5.0,0.04254913659016413,empirical,0.01236328125,empirical,0.005125191078340187,0.18266831277163598,0.07816349768046614,-0.01779943426509134,0.005004910995599377,0.05026165425901724,0.04297307686750526
T-L,AN,mc_learned_baseline,False,45,18,68112,4608,4608,18432,36864,3600,34056,136224,262144,0.7183593750000001,0.9129,0.8030790411891232,0.02072360299836984,0.0003655651720907302,public_state_tabular_independent_mc,0,0.4151235198329064,0.8771336000645533,True,accepted_empirical,0.1,1,1.0449737423899722e-09,-0.07891910910460623,100,5.0,0.038652931665876106,empirical,0.01828125,empirical,0.00746503169362101,0.2377318600909441,0.0955542492372133,0.01780672369412306,0.004516807852596144,0.07648852810264604,0.03962276339691438
T-L,AN,mc_learned_baseline,False,45,19,71896,4864,4864,19456,38912,3800,35948,143792,262144,0.8200781250000002,0.8835,0.816861700671546,0.013782659482422743,0.00019149204682102295,public_state_tabular_independent_mc,0,0.4054830305631659,0.9179370000492781,True,accepted_empirical,0.1,1,9.347718247166216e-10,-0.04026803741805011,100,5.0,0.03411884902187199,empirical,0.0103125,empirical,0.004626932577402841,0.14109818420410156,0.06097677461436415,0.0024977848224727595,0.0027164557434934235,0.039938575798863465,0.03655851034892339
T-L,AN,mc_learned_baseline,False,45,20,75680,5120,5120,20480,40960,4000,37840,151360,262144,0.7994531250000001,0.8441999999999998,0.8319190001332081,0.015057299461662121,0.00025348582398794164,public_state_tabular_independent_mc,0,0.39485184545826757,0.9651445000199601,True,accepted_empirical,0.1,1,3.8306674369692555e-09,-0.05333290806260774,100,5.0,0.029164701576440136,empirical,0.00861328125,empirical,0.004543392079953991,0.1724905439453125,0.06631043879563046,0.012097669771063413,0.004761590524734899,0.053229991016676165,0.031167416358863886
T-L,AN,mc_learned_baseline,False,45,21,79464,5376,5376,21504,43008,4200,39732,158928,262144,0.7816406250000001,0.8805,0.8468651297185409,0.014946129585332812,0.0002690941014005188,public_state_tabular_independent_mc,0,0.3838309001494451,1.0162536000134423,True,accepted_empirical,0.1,1,2.263157529396118e-09,-0.056182186505556495,100,5.0,0.03239027156890918,empirical,0.015410156250000001,empirical,0.006098554658876196,0.17451392225999376,0.07092054479534454,0.007872794825172447,0.004326017856692909,0.05636358981699783,0.02783120090676989
T-L,AN,mc_learned_baseline,False,45,22,83248,5632,5632,22528,45056,4400,41624,166496,262144,0.8707031250000001,0.8981999999999999,0.8530686917830876,0.006203562064546753,6.000141678652357e-05,public_state_tabular_independent_mc,0,0.37843580137977456,1.064836300094612,True,accepted_empirical,0.1,1,9.204854862435963e-10,-0.012988453079693327,100,5.0,0.019553266961464453,empirical,0.007441406250000001,empirical,0.00407677486122599,0.0734530025862568,0.025284525802382045,0.023684126752298584,0.006772510021269923,0.012257792956337409,0.021447206709220207
T-L,AN,mc_learned_baseline,False,45,23,87032,5888,5888,23552,47104,4600,43516,174064,262144,0.8667187500000001,0.8538,0.861371232748404,0.008302540965316352,0.0001609262539270297,public_state_tabular_independent_mc,0,0.3718098384007439,1.1114752000430599,True,accepted_empirical,0.1,1,2.9308145499206824e-09,-0.035471300483660415,100,5.0,0.006105218992609733,empirical,0.006855468750000001,empirical,0.003950253524455258,0.09576874811950029,0.04194484951958506,-0.00038773946641734724,0.01360458031593808,0.03409907743618615,0.01316157582510516
T-L,AN,mc_learned_baseline,False,45,24,90816,6144,6144,24576,49152,4800,45408,181632,262144,0.8503125000000001,0.8805000000000001,0.8751282599431309,0.013757027194726934,0.0003000437597780492,public_state_tabular_independent_mc,0,0.36026200543585496,1.149147600051947,True,accepted_empirical,0.1,1,2.668650317994786e-09,-0.060780051317183524,100,5.0,0.017939188067316043,empirical,0.01828125,empirical,0.006727732299607427,0.13638137182896398,0.05482905394563502,-0.0008682315460588619,0.009192686160687323,0.0632928616923176,0.01530792390069835
T-L,AN,mc_learned_baseline,False,45,25,96648,6400,6400,25600,53248,5000,48324,193296,262144,0.8751562500000001,0.8925,0.8774950684538096,0.0023668085106787196,1.4304287199358771e-05,public_state_tabular_independent_mc,0,0.35808513524043734,1.2068327000597492,True,accepted_empirical,0.05,2,7.997532776654887e-10,-0.012989860898258803,100,5.0,0.012097032740570729,empirical,0.00287109375,empirical,0.0023579697406467494,0.06457237986869553,0.022451609947174545,0.041237262529453256,0.0069211622874280005,0.01146502238688637,0.013875684668240068
T-L,AN,mc_learned_baseline,False,45,26,98384,6656,6656,26624,53248,5200,49192,196768,262144,0.8360156250000002,0.8978999999999999,0.8774950684538096,0.0,0.0,public_state_tabular_independent_mc,0,0.35808513524043734,1.2315484000137076,False,direction_rejected,0.0,0,,-0.06870372755032296,100,5.0,-0.010403463825129734,empirical,,,,0.13183267752231234,0.05347912463081171,0.0075081920065430685,0.01895590100311904,0.06944979381798752,0.0012511155710888539
T-L,AN,mc_learned_baseline,False,45,27,102168,6912,6912,27648,55296,5400,51084,204336,262144,0.8943750000000001,0.8451,0.8847060051391484,0.007210936685338787,9.667059263773474e-05,public_state_tabular_independent_mc,0,0.3517316918600511,1.28066300007049,True,accepted_empirical,0.1,1,1.5016012028745836e-09,-0.01955154605456538,100,5.0,0.03650254059208178,empirical,0.005156249999999999,empirical,0.0033829382141473924,0.08237335069444446,0.03223917292722911,-0.008798612430954256,0.00020355843071985066,0.020083588210367126,0.02000345814348805
T-L,AN,mc_learned_baseline,False,45,28,105952,7168,7168,28672,57344,5600,52976,211904,262144,0.9007031250000002,0.9006000000000001,0.8888829329685684,0.004176927829419919,3.674895416611748e-05,public_state_tabular_independent_mc,0,0.3475202532926339,1.3252655999967828,True,accepted_empirical,0.1,1,4.1436928564863834e-10,-0.007521268700941063,100,5.0,0.016828596830151633,empirical,0.0011132812499999997,empirical,0.002825188429494483,0.0479701301815415,0.016185549576722646,0.025948702828791692,0.003116521119230473,0.007445544986448193,0.015098159742640747
T-L,AN,mc_learned_baseline,False,45,29,107688,7424,7424,29696,57344,5800,53844,215376,262144,0.8735156250000001,0.9006000000000001,0.8888829329685684,0.0,0.0,public_state_tabular_independent_mc,0,0.3475202532926339,1.3554077000590041,False,direction_rejected,0.0,0,,-0.03093197988176343,100,5.0,-0.004636062170364748,empirical,,,,0.09464729746609599,0.03797962615440153,0.0032713291926061983,0.0020759277666396025,0.03098360582873782,0.015126517260084814
T-L,AN,mc_learned_baseline,False,45,30,111472,7680,7680,30720,59392,6000,55736,222944,262144,0.8709375000000001,0.882,0.8962117262918778,0.00732879332330949,0.00012236516101844962,public_state_tabular_independent_mc,0,0.3402835295580718,1.399940700037405,True,accepted_empirical,0.1,1,7.648032913821373e-10,-0.025622129713233723,100,5.0,0.02000924203281964,empirical,0.0040429687500000006,empirical,0.004479689507601364,0.08120731503825544,0.03093257745323882,0.00945928059636747,0.001721654070435472,0.025656892479642184,0.015480790956288942
T-L,AN,mc_learned_baseline,False,45,31,115256,7936,7936,31744,61440,6200,57628,230512,262144,0.8847656250000002,0.9303,0.9023284679881525,0.00611674169627463,0.00010887408719574645,public_state_tabular_independent_mc,0,0.33410326484582636,1.4484119000844657,True,accepted_empirical,0.1,1,1.60734800812451e-10,-0.022793687174807467,100,5.0,0.01729771448460076,empirical,0.006328125,empirical,0.0033790433369176934,0.06963663795392427,0.026798069902858723,0.013681690035431404,0.0037583376849312155,0.02305137655900085,0.01152944586189971
T-L,AN,mc_learned_baseline,False,45,32,119040,8192,8192,32768,63488,6400,59520,238080,262144,0.8756250000000001,0.9276000000000001,0.9092318578117168,0.00690338982356431,0.0001382830936886178,public_state_tabular_independent_mc,0,0.32721582084936424,1.4903313000686467,True,accepted_empirical,0.1,1,1.373549582416499e-09,-0.029628029189180866,100,5.0,0.01946667961133369,empirical,0.01201171875,empirical,0.00525341915036433,0.08314616997759151,0.030722940463668295,0.017116566209464,0.003428216295045081,0.02919273667854502,0.010218701140276332
T-L,AN,mc_learned_baseline,False,45,33,120776,8448,8448,33792,63488,6600,60388,241552,262144,0.8826562500000001,0.8862000000000001,0.9092318578117168,0.0,0.0,public_state_tabular_independent_mc,0,0.32721582084936424,1.513260900042951,False,direction_rejected,0.0,0,,-0.05202231477587465,100,5.0,-0.01188186607412041,empirical,,,,0.08148185148677548,0.0329909099848092,-0.02956240393764409,0.022032196264788074,0.05218898016126806,-0.010337821820879896
T-L,AN,mc_learned_baseline,False,45,34,124560,8704,8704,34816,65536,6800,62280,249120,262144,0.9168750000000001,0.9333,0.9124794521809698,0.0032475943692530373,4.6447634994654004e-05,public_state_tabular_independent_mc,0,0.32337682307448473,1.557375100092031,True,accepted_empirical,0.1,1,4.992124269386067e-10,-0.00956615926333581,100,5.0,0.014178927793972416,empirical,0.00228515625,empirical,0.002431034414339844,0.03816226736111111,0.010927853252149403,0.010189898698023003,0.0033628588443057757,0.009510762010487634,0.008331515599602397
T-L,AN,mc_learned_baseline,False,45,35,128344,8960,8960,35840,67584,7000,64172,256688,262144,0.8819531250000001,0.8861999999999999,0.916539527397863,0.004060075216893222,5.557445025660303e-05,public_state_tabular_independent_mc,0,0.3186115052236193,1.5989195000147447,True,accepted_empirical,0.1,1,5.62454735080533e-10,-0.012116866787841154,100,5.0,0.006040189903806267,empirical,0.00861328125,empirical,0.004155871067768426,0.0488007251043372,0.015758200452286607,0.0333012351999572,3.997876800344495e-05,0.011479308934975996,0.01092855302203526
T-L,AN,mc_learned_baseline,False,45,36,132128,9216,9216,36864,69632,7200,66064,264256,262144,0.9377343750000002,0.9009000000000001,0.9186290406823724,0.002089513284509348,2.268703903240303e-05,public_state_tabular_independent_mc,0,0.31591843228625643,1.6543808000860736,True,accepted_empirical,0.1,1,1.414691870153115e-10,-0.004394464601821739,100,5.0,0.008086439161074191,empirical,0.0011132812499999997,empirical,0.0024326368310493215,0.025839495270895227,0.00669763939178565,0.010620483912690548,0.0032720883162443196,0.0046001766494052285,0.006720395174061566
T-L,AN,mc_learned_baseline,False,45,37,135912,9472,9472,37888,71680,7400,67956,271824,262144,0.9147656250000001,0.9273,0.9230515308768689,0.004422490194496476,7.951584112661787e-05,public_state_tabular_independent_mc,0,0.3105285570631934,1.7087027000961825,True,accepted_empirical,0.1,1,6.218023204023785e-10,-0.016454912152435955,100,5.0,0.009686950554702747,empirical,0.007441406249999999,empirical,0.00407677486122599,0.04789040597670867,0.01603086160127669,0.017071661230024016,0.0013870495924942483,0.016616832081638545,0.008182631997699068
T-L,AN,mc_learned_baseline,False,45,38,139696,9728,9728,38912,73728,7600,69848,279392,262144,0.9213281250000002,0.9186,0.9250710562583508,0.002019525381481979,2.5247804945596815e-05,public_state_tabular_independent_mc,0,0.30766773495864774,1.765627900022082,True,accepted_empirical,0.1,1,3.28447975624669e-10,-0.005411572912238627,100,5.0,0.008677793214521418,empirical,0.0011718750000000002,empirical,0.0008278295590484756,0.024779375683630738,0.005524841514949517,0.028218616587939227,0.0026935342984160263,0.005166650770006423,0.005814818981214779
T-L,AN,mc_learned_baseline,False,45,39,143480,9984,9984,39936,75776,7800,71740,286960,262144,0.9124218750000002,0.9336,0.9290629882803907,0.003991932022039846,8.86218561910434e-05,public_state_tabular_independent_mc,0,0.3027390003599073,1.8214007000206038,True,accepted_empirical,0.1,1,6.393864389193426e-11,-0.01897592488174914,100,5.0,0.005589435255274538,empirical,0.0,empirical,0.0008294511660071416,0.045547107712819127,0.01592019697495335,0.015599927457129903,0.004283561636781485,0.01910917779675992,0.003874664474518681
T-L,AN,mc_learned_baseline,False,45,40,149312,10240,10240,40960,79872,8000,74656,298624,262144,0.9283593750000001,0.9393,0.9300982409632671,0.0010352526828764086,8.578741664132225e-06,public_state_tabular_independent_mc,0,0.3012174106137037,1.890134899993427,True,accepted_empirical,0.05,2,1.6408732487346083e-10,-0.006815011511785014,100,5.0,0.003134763462649095,empirical,0.0005859375000000001,empirical,0.0010155353222300327,0.021563139851888024,0.00541060629343472,0.03387118368438913,0.002978634825360967,0.0069673003531838616,0.004174668889375337
T-L,AN,mc_learned_baseline,False,45,41,151048,10496,10496,41984,79872,8200,75524,302096,262144,0.9239062500000002,0.9453,0.9300982409632671,0.0,0.0,public_state_tabular_independent_mc,0,0.3012174106137037,1.915381500031799,False,direction_rejected,0.0,0,,-0.01800562366476579,100,5.0,-0.00808950583831428,empirical,,,,0.037136560058593754,0.010677086390326189,0.028118681254729605,0.006868914067263218,0.018014685097258107,0.00011234194681426779
T-L,AN,mc_learned_baseline,False,45,42,154832,10752,10752,43008,81920,8400,77416,309664,262144,0.9307031250000002,0.9420000000000001,0.9321262358993885,0.00202799493612138,3.5889098554305424e-05,public_state_tabular_independent_mc,0,0.29816795704611365,1.9600976000074297,True,accepted_empirical,0.1,1,4.92126029858941e-10,-0.007381062404563102,100,5.0,0.00017456783133763375,empirical,0.0028710937500000004,empirical,0.0026336286320183624,0.02149380730523004,0.005411002353623012,0.030954707361446787,0.0032239092061507432,0.0075067850365341336,0.003757346807926743
T-L,AN,mc_learned_baseline,False,45,43,156568,11008,11008,44032,81920,8600,78284,313136,262144,0.9171093750000001,0.9483,0.9321262358993885,0.0,0.0,public_state_tabular_independent_mc,0,0.29816795704611365,1.9881792000960559,False,direction_rejected,0.0,0,,-0.031141490687738194,100,5.0,-0.014942574746270058,empirical,,,,0.04602202148437501,0.01626714818505278,0.014996979515843667,0.014225463187152523,0.031099116053557748,-0.0075692566696069045
T-L,AN,mc_learned_baseline,False,45,44,158304,11264,11264,45056,81920,8800,79152,316608,262144,0.9030468750000002,0.9066,0.9321262358993885,0.0,0.0,public_state_tabular_independent_mc,0,0.29816795704611365,2.016385800088756,False,direction_rejected,0.0,0,,-0.03542062453509262,100,5.0,-0.009951071210802888,empirical,,,,0.05274785156250001,0.016446155406973473,0.01828135325218716,0.01510622834614369,0.03205094185219777,-0.008450021828598078
T-L,AN,mc_learned_baseline,False,45,45,162088,11520,11520,46080,83968,9000,81044,324176,262144,0.9424218750000002,0.9333,0.9342850914058906,0.0021588555065020776,3.3961131919087323e-05,public_state_tabular_independent_mc,0,0.2950755522429706,2.059621400083415,True,accepted_empirical,0.1,1,5.489714096353491e-10,-0.006837159515367597,100,5.0,0.014980752305882571,empirical,0.00287109375,empirical,0.002357969740646749,0.02399921733940972,0.005468826636259569,0.02201792456107743,0.001770937569185968,0.007091495432155681,0.004885268948359653
T-L,AN,mc_learned_baseline,False,45,46,165872,11776,11776,47104,86016,9200,82936,331744,262144,0.9403125000000001,0.9185999999999999,0.9374025120557155,0.003117420649824898,6.444270151412407e-05,public_state_tabular_independent_mc,0,0.29083844499263223,2.1247966000810266,True,accepted_empirical,0.1,1,7.231309438504853e-10,-0.013326960840667758,100,5.0,0.013143837638791222,empirical,0.00919921875,empirical,0.004111793408362359,0.0340916617289911,0.010647986008226305,0.012305583551558419,0.0021718126893416367,0.013707183454259097,0.004077950803146966
T-L,AN,mc_learned_baseline,False,45,47,169656,12032,12032,48128,88064,9400,84828,339312,262144,0.9773437500000002,0.9480000000000001,0.9381880750069705,0.0007855629512550921,8.006444753105678e-06,public_state_tabular_independent_mc,0,0.2893037867274747,2.175282300100662,True,accepted_empirical,0.1,1,1.250428512490505e-10,-0.0015794422843721588,100,5.0,0.0024159075822131077,empirical,0.0023437500000000003,empirical,0.001168429990096266,0.009052734374999994,7.771429865500101e-05,-0.032019211526916225,0.002992870000813789,0.0015926396410660987,0.0025216578395664173
T-L,AN,mc_learned_baseline,False,45,48,175488,12288,12288,49152,92160,9600,87744,350976,262144,0.9447656250000003,0.9482999999999998,0.9391711166662118,0.000983041659241235,1.1336190321878313e-05,public_state_tabular_independent_mc,0,0.28775537509750476,2.2742893000831828,True,accepted_empirical,0.05,2,2.5012425165156403e-10,-0.009596950506253043,100,5.0,0.002635032052824636,empirical,0.0,empirical,0.0,0.020760902093273546,0.005409366525375424,0.02477911763920071,0.0041904630245884235,0.009397389830952195,0.001341130169119506
T-L,AN,mc_learned_baseline,False,45,49,177224,12544,12544,50176,92160,9800,88612,354448,262144,0.9424218750000002,0.948,0.9391711166662118,0.0,0.0,public_state_tabular_independent_mc,0,0.28775537509750476,2.3050683999899775,False,direction_rejected,0.0,0,,-0.011019500140466851,100,5.0,-0.0011979336689453765,empirical,,,,0.02108062758499897,0.0053900907330628545,0.016747549417131302,0.005306295673927718,0.01074211892660804,7.094887749945628e-05
T-L,AN,mc_learned_baseline,False,45,50,183056,12800,12800,51200,96256,10000,91528,366112,262144,0.9257812500000002,0.9600000000000002,0.939654949139201,0.0004838324729892207,2.9111408704074535e-06,public_state_tabular_independent_mc,0,0.28681347478573227,2.3668891000561416,True,accepted_empirical,0.05,2,5.005107481839022e-10,-0.002289461128227838,100,5.0,0.0029563649382440163,empirical,0.0,empirical,0.0008294511660071416,0.011136615253966534,0.00013126151919532375,0.09431144972669425,0.0026173745563137013,0.0022720602100485144,0.002759869995113474
T-L,AN,mc_learned_baseline,False,45,51,186840,13056,13056,52224,98304,10200,93420,373680,262144,0.9213281250000002,0.9540000000000001,0.9417523667665992,0.002097417627398235,6.114367877790608e-05,public_state_tabular_independent_mc,0,0.28339961708867767,2.4074085000902414,True,accepted_empirical,0.1,1,9.40576337878998e-10,-0.012814932050052932,100,5.0,0.0017044227509281145,empirical,0.0028710937500000004,empirical,0.00235796974064675,0.02258139648437501,0.005762684413672104,0.0388253674378215,0.00682616404303687,0.013716800853426317,-0.001441726292774604
T-L,AN,mc_learned_baseline,False,45,52,190624,13312,13312,53248,100352,10400,95312,381248,262144,0.9468750000000001,0.9242999999999999,0.942683899823761,0.0009315330571617597,1.0500474352582293e-05,public_state_tabular_independent_mc,0,0.2815797320771287,2.449973600101657,True,accepted_empirical,0.1,1,4.203126030896832e-11,-0.002119798666332472,100,5.0,0.002630254233821858,empirical,0.0011718750000000002,empirical,0.0008278295590484756,0.010448852878146703,0.0002447405725585232,0.05541579607350777,0.002273999837331111,0.0021141882109677297,0.0028001310407856864
T-L,AN,mc_learned_baseline,False,45,53,194408,13568,13568,54272,102400,10600,97204,388816,262144,0.9611718750000002,0.9543,0.9449286402679619,0.0022447404442008656,5.575174228492298e-05,public_state_tabular_independent_mc,0,0.2782919330779852,2.485887100105174,True,accepted_empirical,0.1,1,9.963925666634826e-10,-0.010001290145430705,100,5.0,0.008591981748056681,empirical,0.00287109375,empirical,0.002499602075250439,0.022702246093750003,0.005462354096799039,0.00721913913167993,0.004146381529363256,0.012050721658991456,0.000938597200985325
T-L,AN,mc_learned_baseline,False,45,54,198192,13824,13824,55296,104448,10800,99096,396384,262144,0.9562500000000003,0.9218999999999999,0.9459653973386477,0.0010367570706858453,1.3214272062913025e-05,public_state_tabular_independent_mc,0,0.2762377749611493,2.5241792000597343,True,accepted_empirical,0.1,1,5.719869989967976e-11,-0.0026754225179074728,100,5.0,0.002754659953684075,empirical,0.0023437500000000003,empirical,0.001168429990096266,0.010304260864257812,0.000395847963245174,0.025270783205005087,0.0018016802626912645,0.0026624617067785112,0.0028081102136807735
T-L,AN,mc_learned_baseline,False,45,55,201976,14080,14080,56320,106496,11000,100988,403952,262144,0.9703125000000001,0.9420000000000001,0.946960846787774,0.0009954494491263288,1.2249123444336224e-05,public_state_tabular_independent_mc,0,0.2742527800222434,2.5699454999994487,True,accepted_empirical,0.1,1,3.109870028297053e-10,-0.0025080495047599934,100,5.0,0.002909793683273574,empirical,0.0,empirical,0.0,0.009173583984375,6.39880226016641e-05,0.002509665604015332,0.0018423681154947187,0.0024827858008268453,0.0027831969120375956
T-L,AN,mc_learned_baseline,False,45,56,203712,14336,14336,57344,106496,11200,101856,407424,262144,0.9543750000000002,0.9303000000000001,0.946960846787774,0.0,0.0,public_state_tabular_independent_mc,0,0.2742527800222434,2.5912268999964,False,direction_rejected,0.0,0,,-0.02718704061323314,100,5.0,-0.01726644269550081,empirical,,,,0.033549913035282486,0.010594836875381708,0.002181252756212726,0.013197381397360604,0.02895834064781203,-0.008554721762934814
T-L,AN,mc_learned_baseline,False,45,57,205448,14592,14592,58368,106496,11400,102724,410896,262144,0.9356250000000002,0.9359999999999999,0.946960846787774,0.0,0.0,public_state_tabular_independent_mc,0,0.2742527800222434,2.6126744000939652,False,direction_rejected,0.0,0,,-0.02515192866771937,100,5.0,-0.010017993848598507,empirical,,,,0.03453285274768084,0.010691360607178759,0.011665641528422421,0.011328747577002436,0.025049527220162137,-0.006686087942576649
T-L,AN,mc_learned_baseline,False,45,58,209232,14848,14848,59392,108544,11600,104616,418464,262144,0.9539062500000002,0.927,0.9479470567956029,0.000986210007828836,1.185612197798068e-05,public_state_tabular_independent_mc,0,0.2722819397446179,2.6595616000704467,True,accepted_empirical,0.1,1,3.731716562321937e-10,-0.0024325401316830217,100,5.0,0.002548427707832665,empirical,0.0017578125000000003,empirical,0.0010128855190910918,0.009868237795045564,7.302042229259971e-05,0.0457310774242935,0.0018269698974516268,0.00240569777348052,0.002815689736974162
T-L,AN,mc_learned_baseline,False,45,59,210968,15104,15104,60416,108544,11800,105484,421936,262144,0.9307031250000002,0.963,0.9479470567956029,0.0,0.0,public_state_tabular_independent_mc,0,0.2722819397446179,2.682102599996142,False,direction_rejected,0.0,0,,-0.017151602255969782,100,5.0,-0.011859535593072514,empirical,,,,0.021498180813259556,0.005422884413546105,0.03621621198092373,0.010366644595067434,0.01804054116917793,-0.005708958437673361
T-L,AN,mc_learned_baseline,False,45,60,214752,15360,15360,61440,110592,12000,107376,429504,262144,0.9562500000000003,0.9393,0.9489937801558378,0.0010467233602349246,1.3318528729753888e-05,public_state_tabular_independent_mc,0,0.2701816085095569,2.7254377000499517,True,accepted_empirical,0.1,1,2.6910192835006003e-12,-0.0026732223644530912,100,5.0,0.0026690497398951913,empirical,0.0005859375000000001,empirical,0.001015535322230033,0.009692687988281252,3.7016994504246925e-05,0.04594261308950942,0.0018196519913058198,0.002671083487464258,0.002838034166088256
T-L,AN,mc_learned_baseline,False,45,61,218536,15616,15616,62464,112640,12200,109268,437072,262144,0.9492187500000002,0.9540000000000001,0.950186266794836,0.0011924866389981803,1.713624501572792e-05,public_state_tabular_independent_mc,0,0.26778048521227693,2.77662220003549,True,accepted_empirical,0.1,1,3.18459486194733e-10,-0.0035002429984650257,100,5.0,0.002971621379581257,empirical,0.0005859375000000001,empirical,0.0005859375,0.010049743652343754,3.064960083677611e-05,0.059830036420766675,0.00183802485979409,0.003470869476176536,0.002835439505572496
T-L,AN,mc_learned_baseline,False,45,62,222320,15872,15872,63488,114688,12400,111160,444640,262144,0.9585937500000002,0.9362999999999999,0.9512775763322712,0.0010913095374351922,1.4241658578645065e-05,public_state_tabular_independent_mc,0,0.2655746894890714,2.8239350999938324,True,accepted_empirical,0.1,1,3.6390745504873864e-10,-0.002805864457372058,100,5.0,0.0021889006588497045,empirical,0.0017578125000000003,empirical,0.0010128855190910918,0.009544372558593753,2.9582908554806292e-05,0.0424739994179546,0.001799970076302926,0.002830160505395399,0.002889991131761317
T-L,AN,mc_learned_baseline,False,45,63,226104,16128,16128,64512,116736,12600,113052,452208,262144,0.9562500000000003,0.9660000000000001,0.9523065659116944,0.0010289895794232118,1.2278849635537419e-05,public_state_tabular_independent_mc,0,0.26349899831590995,2.867394500062801,True,accepted_empirical,0.1,1,8.020662805311162e-11,-0.0024910899703806024,100,5.0,0.002686969996969785,empirical,0.0023437500000000003,empirical,0.001168429990096266,0.00988685333874761,0.00011696077446016559,0.027596930795898644,0.0017474371156294397,0.002476785905750088,0.0029564814154015447
T-L,AN,mc_learned_baseline,False,45,64,227840,16384,16384,65536,116736,12800,113920,455680,262144,0.9447656250000003,0.948,0.9523065659116944,0.0,0.0,public_state_tabular_independent_mc,0,0.26349899831590995,2.892221000045538,False,direction_rejected,0.0,0,,-0.01202461369956933,100,5.0,-0.0011476736274971477,empirical,,,,0.023609716796875003,0.005306211389696754,0.02113484515181807,0.00422293730104617,0.011619879569385705,0.0004880297586979457
T-L,AN,mc_learned_baseline,False,45,65,229576,16640,16640,66560,116736,13000,114788,459152,262144,0.9635156250000003,0.9570000000000001,0.9523065659116944,0.0,0.0,public_state_tabular_independent_mc,0,0.26349899831590995,2.9150361000793055,False,direction_rejected,0.0,0,,-0.013558501837218996,100,5.0,-0.0038567201220135877,empirical,,,,0.022556127929687503,0.005366378350713895,0.005854653187504888,0.0074681379202732375,0.015807487178217366,-0.0027571708605291234
T-L,AN,mc_learned_baseline,False,45,66,233360,16896,16896,67584,118784,13200,116680,466720,262144,0.9656250000000002,0.9689999999999999,0.9533816715568204,0.0010751056451260288,1.3555574788619722e-05,public_state_tabular_independent_mc,0,0.26131328896454453,2.9606172000057995,True,accepted_empirical,0.1,1,2.274600431347184e-10,-0.002683075060556557,100,5.0,0.002791352924387041,empirical,0.0029296875000000004,empirical,0.0013050580369279308,0.009346521525737669,0.00012111017840797506,0.02744424924863642,0.0017684383311907601,0.002699403488940948,0.0029425287285533555
T-L,AN,mc_learned_baseline,False,45,67,237144,17152,17152,68608,120832,13400,118572,474288,262144,0.9424218750000002,0.951,0.9554726873552277,0.002091015798407314,5.105288458309804e-05,public_state_tabular_independent_mc,0,0.2578489614932275,3.0114261000417173,True,accepted_empirical,0.1,1,8.639307967920776e-10,-0.01165624523358442,100,5.0,0.003870184508347383,empirical,0.0017578125000000003,empirical,0.0010128855190910916,0.023747098299557186,0.005499366093074138,0.02140507321058782,0.0037805375192363163,0.011024594547062049,0.0009407995032847463
T-L,AN,mc_learned_baseline,False,45,68,242976,17408,17408,69632,124928,13600,121488,485952,262144,0.9562500000000003,0.9420000000000001,0.956019405593335,0.0005467182381072577,3.5309706816774006e-06,public_state_tabular_independent_mc,0,0.2567251598207617,3.083759600063786,True,accepted_empirical,0.05,2,1.0577452759562751e-10,-0.002830435806443922,100,5.0,0.003137629992523528,empirical,0.0011718750000000002,empirical,0.0008278295590484756,0.009810666397544285,0.00017007989967306295,0.04476069516797698,0.0014449000934779025,0.002861284095060771,0.0029301659214246716
T-L,AN,mc_learned_baseline,False,45,69,246760,17664,17664,70656,126976,13800,123380,493520,262144,0.9515625000000002,0.9636000000000001,0.9572248509097666,0.0012054453164316303,1.7121747736995335e-05,public_state_tabular_independent_mc,0,0.254239547262179,3.1353703000349924,True,accepted_empirical,0.1,1,4.304434949170395e-10,-0.0035085598643586715,100,5.0,0.0035446979621741714,empirical,0.0017578125000000003,empirical,0.0010128855190910918,0.010065178883694447,0.00026604019046642436,0.05333473714783621,0.0014651526001212933,0.003474046806161383,0.0029157390433122736
T-L,AN,mc_learned_baseline,False,45,70,250544,17920,17920,71680,129024,14000,125272,501088,262144,0.9726562500000002,0.9396000000000002,0.9583086389642685,0.001083788054501933,1.382165087230821e-05,public_state_tabular_independent_mc,0,0.251994285128137,3.1805760000133887,True,accepted_empirical,0.1,1,4.0344889591134373e-10,-0.002716149103271719,100,5.0,0.0028479719483714694,empirical,0.0,empirical,0.0,0.008679199218750003,0.0002791497716022358,0.017344549475327153,0.0014549446828957453,0.0027454938315883684,0.0029378794376264524
T-L,AN,mc_learned_baseline,False,45,71,252280,18176,18176,72704,129024,14200,126140,504560,262144,0.9241406250000002,0.9542999999999999,0.9583086389642685,0.0,0.0,public_state_tabular_independent_mc,0,0.251994285128137,3.209423499996774,False,direction_rejected,0.0,0,,-0.06800630521650881,100,5.0,-0.022123079051349054,empirical,,,,0.04629448242187502,0.016141401719854332,0.010657187289566439,0.03155416552283841,0.04947915885492407,-0.027151142335022672
T-L,AN,mc_learned_baseline,False,45,72,256064,18432,18432,73728,131072,14400,128032,512128,262144,0.9541406250000002,0.972,0.9603729051833182,0.0020642662190496486,7.415132962441674e-05,public_state_tabular_independent_mc,0,0.24846002264579126,3.248475300031714,True,accepted_empirical,0.1,1,1.7145633981149678e-09,-0.01711953153694082,100,5.0,0.024029800805534046,empirical,0.00287109375,empirical,0.0024996020752504388,0.0232065185546875,0.005386308723387218,0.007239159622881797,0.009019670164803586,0.017048747546991982,-0.0046166469769878486
T-L,AN,mc_learned_baseline,False,45,73,257800,18688,18688,74752,131072,14600,128900,515600,262144,0.9728906250000002,0.9299999999999998,0.9603729051833182,0.0,0.0,public_state_tabular_independent_mc,0,0.24846002264579126,3.272833500057459,False,direction_rejected,0.0,0,,-0.013542482409654534,100,5.0,-0.008348555994774584,empirical,,,,0.019183325195312503,0.005404592631218921,0.0007823596970265578,0.00663116342965569,0.012699599825255547,-0.002580525617368587
T-L,AN,mc_learned_baseline,False,45,74,259536,18944,18944,75776,131072,14800,129768,519072,262144,0.9541406250000002,0.96,0.9603729051833182,0.0,0.0,public_state_tabular_independent_mc,0,0.24846002264579126,3.297010700101964,False,direction_rejected,0.0,0,,-0.027641982785635653,100,5.0,-0.003393861918102286,empirical,,,,0.023107641601562506,0.005311316050700873,0.01190073968307126,0.013495677765894372,0.021078924942156203,-0.009445039953607265
T-L,SA,mc_learned_baseline,False,45,1,3784,256,256,1024,2048,200,1892,7568,262144,0.321796875,0.3179999999999999,0.3531923842302609,0.03417838423026087,0.0004592898075221928,public_state_tabular_independent_mc,0,0.6154545475645201,0.04840020008850843,True,accepted_empirical,0.1,1,6.510869213710528e-09,-0.09218246418906971,100,5.0,0.08396691811926452,empirical,0.0341015625,empirical,0.00932504357844191,0.430824551836283,0.17393501452686871,0.02217878325325251,0.0005777604424040334,0.09306924536502706,0.08816980029654334
T-L,SA,mc_learned_baseline,False,45,2,7568,512,512,2048,4096,400,3784,15136,262144,0.383203125,0.4377,0.3854205834830553,0.03222819925279441,0.00040503663798526846,public_state_tabular_independent_mc,0,0.6055972685730572,0.09226560010574758,True,accepted_empirical,0.1,1,1.9087104548412316e-09,-0.08049128287394548,100,5.0,0.09238719878604679,empirical,0.04470703125,empirical,0.0099668750335335,0.4052340918107895,0.17130449085723537,0.007480473919114772,0.00027938525372830323,0.08192760973168892,0.08917697458733662
T-L,SA,mc_learned_baseline,False,45,3,11352,768,768,3072,6144,600,5676,22704,262144,0.355078125,0.26549999999999996,0.41635744422765686,0.030936860744601558,0.00038790473689712427,public_state_tabular_independent_mc,0,0.5965997598029253,0.13367210002616048,True,accepted_empirical,0.1,1,4.0443463313743585e-09,-0.07531003665381643,100,5.0,0.08034424755181936,empirical,0.018574218749999996,empirical,0.006292559103348443,0.4128009954717865,0.1686634633853782,0.010535292081592984,0.0033072427074190623,0.07847979466760113,0.08624661642900344
T-L,SA,mc_learned_baseline,False,45,4,15136,1024,1024,4096,8192,800,7568,30272,262144,0.5484375,0.49529999999999996,0.45347058548836455,0.037113141260707694,0.0005450297513805608,public_state_tabular_independent_mc,0,0.5839588664388707,0.17281360004562885,True,accepted_empirical,0.1,1,9.298094402082513e-09,-0.08659309175859052,100,5.0,0.09952052389895577,empirical,0.04072265625,empirical,0.009933624315228281,0.3701128787458436,0.15827068952336176,0.003588015093461072,0.001373803082270367,0.11143804561359835,0.08763334354583296
T-L,SA,mc_learned_baseline,False,45,5,18920,1280,1280,5120,10240,1000,9460,37840,262144,0.42398437499999997,0.5741999999999999,0.4845564081722215,0.031085822683856956,0.0003960974023135975,public_state_tabular_independent_mc,0,0.5735521455506112,0.21117820008657873,True,accepted_empirical,0.1,1,3.425279746226727e-09,-0.0858972655459257,100,5.0,0.07986413282974317,empirical,0.04869140625,empirical,0.010264478797777052,0.39237769498914865,0.17432323394058535,-0.00710413082225525,0.0019083487153192442,0.08033846297451776,0.08592007231874695
T-L,SA,mc_learned_baseline,False,45,6,22704,1536,1536,6144,12288,1200,11352,45408,262144,0.47085937499999997,0.5918999999999999,0.5167860448385854,0.03222963666636386,0.00043066160433076223,public_state_tabular_independent_mc,0,0.5618548950260632,0.25704749999567866,True,accepted_empirical,0.1,1,4.227700763805513e-09,-0.09039913234333258,100,5.0,0.07799682085723703,empirical,0.01458984375,empirical,0.0058738684877556865,0.3832600191857453,0.1666432453843007,-0.006499614122554398,0.000759379734139431,0.0874760345400579,0.08545734768562238
T-L,SA,mc_learned_baseline,False,45,7,26488,1792,1792,7168,14336,1400,13244,52976,262144,0.624375,0.6255,0.5515796435937235,0.0347935987551381,0.0005161942228783889,public_state_tabular_independent_mc,0,0.5477790258397898,0.3010010001016781,True,accepted_empirical,0.1,1,6.853271941923218e-09,-0.08823950916659838,100,5.0,0.08096193791610365,empirical,0.041249999999999995,empirical,0.009482625862519954,0.34801132173563215,0.1486633317337389,-0.018583396533714103,0.0017883123542091774,0.10644941258872623,0.08221230303357285
T-L,SA,mc_learned_baseline,False,45,8,30272,2048,2048,8192,16384,1600,15136,60544,262144,0.5887500000000001,0.5699999999999998,0.5824943511975322,0.030914707603808766,0.0004355710575886532,public_state_tabular_independent_mc,0,0.5357137279901325,0.34944020002149045,True,accepted_empirical,0.1,1,6.041294512553825e-09,-0.08280135661668678,100,5.0,0.08119573550350757,empirical,0.0277734375,empirical,0.007831877075222546,0.3602546306997628,0.15899065822947522,-0.056239145353753184,0.0030423809193225585,0.08958338346226632,0.0780719894600865
T-L,SA,mc_learned_baseline,False,45,9,34056,2304,2304,9216,18432,1800,17028,68112,262144,0.58453125,0.618,0.6110573925335369,0.028563041336004624,0.00038290952023236,public_state_tabular_independent_mc,0,0.5223128821258498,0.39168600004632026,True,accepted_empirical,0.1,1,2.4211978057487936e-09,-0.07715324763228018,100,5.0,0.07778605839505207,empirical,0.030351562500000002,empirical,0.00847014024330816,0.3368743816349543,0.14357809579915357,0.002160084606456114,0.0015576788435744014,0.07822115382803776,0.07624598220510176
T-L,SA,mc_learned_baseline,False,45,10,37840,2560,2560,10240,20480,2000,18920,75680,262144,0.581484375,0.579,0.6376632501197461,0.02660585758620926,0.00034268539347118507,public_state_tabular_independent_mc,0,0.5101756937540384,0.43887870002072304,True,accepted_empirical,0.1,1,3.0200872944583966e-09,-0.07355013452387126,100,5.0,0.07498113174263434,empirical,0.03556640625,empirical,0.009807075946392834,0.34460725650344026,0.14198886958889023,0.008552839041352178,0.00021004045238790775,0.07009095418885573,0.07424227178808111
T-L,SA,mc_learned_baseline,False,45,11,41624,2816,2816,11264,22528,2200,20812,83248,262144,0.6553125000000001,0.6744,0.6647291267268698,0.027065876607123673,0.0003825471577082789,public_state_tabular_independent_mc,0,0.4961872192257273,0.4809036999940872,True,accepted_empirical,0.1,1,5.916055611879447e-09,-0.07122992604683732,100,5.0,0.08033387279950556,empirical,0.03662109375,empirical,0.009088464999496441,0.3109974482617178,0.13379272746118073,0.019680577440011837,0.0018714793120914043,0.07852295783399457,0.06888394707727657
T-L,SA,mc_learned_baseline,False,45,12,45408,3072,3072,12288,24576,2400,22704,90816,262144,0.572578125,0.6624,0.6887674890852669,0.02403836235839707,0.00031407279281766914,public_state_tabular_independent_mc,0,0.4836826817433226,0.5693028999958187,True,accepted_empirical,0.1,1,3.2101338466720116e-09,-0.08506437274881623,100,5.0,0.06271123338432308,empirical,0.0298828125,empirical,0.00895192490064513,0.3824531155271901,0.16546349503765329,0.006856585309520602,0.0001721225988112732,0.06443556235252591,0.06658219972884614
T-L,SA,mc_learned_baseline,False,45,13,49192,3328,3328,13312,26624,2600,24596,98384,262144,0.6063281250000001,0.8456999999999999,0.711066857736984,0.02229936865171711,0.000287753750184643,public_state_tabular_independent_mc,0,0.4716653289961379,0.6266195999924093,True,accepted_empirical,0.1,1,1.5568349973794852e-09,-0.07361474740835305,100,5.0,0.06331248608480589,empirical,0.00662109375,empirical,0.005400377026240429,0.3166090909759833,0.13124203866548656,0.01072816414575406,0.00010966336426136113,0.05917271694816297,0.06266440836080517
T-L,SA,mc_learned_baseline,False,45,14,52976,3584,3584,14336,28672,2800,26488,105952,262144,0.7371093750000001,0.7808999999999999,0.7330089816840824,0.02194212394709838,0.0002996730286712138,public_state_tabular_independent_mc,0,0.459214114648546,0.6708119000541046,True,accepted_empirical,0.1,1,3.6798876498352226e-09,-0.0599497455091019,100,5.0,0.05288215092287368,empirical,0.0221484375,empirical,0.00820505605678162,0.23901180536120203,0.10169081047077459,0.001932455078288653,0.00019029282867410007,0.062159692812075645,0.0585738782742547
T-L,SA,mc_learned_baseline,False,45,15,56760,3840,3840,15360,30720,3000,28380,113520,262144,0.689765625,0.8181,0.7525625979232194,0.019553616239137095,0.0002562940047201659,public_state_tabular_independent_mc,0,0.4477802325676973,0.7158849000697955,True,accepted_empirical,0.1,1,2.4250187373331277e-09,-0.05333173798412626,100,5.0,0.046581153911269685,empirical,0.016933593750000003,empirical,0.006216976645522999,0.2480181840077002,0.09728543454737573,0.022184136852930747,7.464653534032375e-05,0.05302611898358093,0.05448224916831263
T-L,SA,mc_learned_baseline,False,45,16,60544,4096,4096,16384,32768,3200,30272,121088,262144,0.7605468750000002,0.7848,0.7717734532177926,0.019210855294573115,0.0002696588186325649,public_state_tabular_independent_mc,0,0.4361711456906567,0.7728188000619411,True,accepted_empirical,0.1,1,2.42863062784552e-09,-0.041589031688497896,100,5.0,0.059778754252310974,empirical,0.0251953125,empirical,0.007151790191367829,0.18975063476562504,0.07896738648400406,0.02129955881389356,0.0003098114594596752,0.05585830496440848,0.05021857296063055
T-L,SA,mc_learned_baseline,False,45,17,64328,4352,4352,17408,34816,3400,32164,128656,262144,0.8043750000000001,0.8268,0.7890263214414727,0.017252868223680107,0.00023773600436561646,public_state_tabular_independent_mc,0,0.42547697084876446,0.8313281000591815,True,accepted_empirical,0.1,1,2.6934498192039326e-09,-0.04629778110137966,100,5.0,0.045236156322970913,empirical,0.008378906250000002,empirical,0.004205350355165922,0.17475218053787617,0.07397932881722988,-0.019654962916086705,0.0002507203414877444,0.049512960611320114,0.04607063051675252
T-L,SA,mc_learned_baseline,False,45,18,68112,4608,4608,18432,36864,3600,34056,136224,262144,0.7275000000000001,0.9129,0.8043855850174189,0.015359263575946192,0.00020565072476021843,public_state_tabular_independent_mc,0,0.4150981410391954,0.8902490000473335,True,accepted_empirical,0.1,1,2.407231733657715e-09,-0.057929599279819805,100,5.0,0.04301604790557016,empirical,0.011425781250000003,empirical,0.0065133659372357345,0.2275618135481499,0.09186556540587176,0.01569169225456124,0.00012443666663375757,0.04268089220824284,0.04221045475744767
T-L,SA,mc_learned_baseline,False,45,19,71896,4864,4864,19456,38912,3800,35948,143792,262144,0.8200781250000002,0.8952,0.8188322672049915,0.014446682187572613,0.0001995748342747746,public_state_tabular_independent_mc,0,0.40516015317721166,0.9461276000365615,True,accepted_empirical,0.1,1,2.11828465413981e-09,-0.0393837882793833,100,5.0,0.03384029124899477,empirical,0.01083984375,empirical,0.005125898918821909,0.14124852929687498,0.06026069365143838,0.00017107319884823724,0.00013321792535972386,0.04156190831346417,0.038615469378320284
T-L,SA,mc_learned_baseline,False,45,20,75680,5120,5120,20480,40960,4000,37840,151360,262144,0.7879687500000001,0.8441999999999998,0.8318794181535021,0.01304715094851061,0.00018013471088652449,public_state_tabular_independent_mc,0,0.39542558697151603,1.0016223000129685,True,accepted_empirical,0.1,1,2.381686617117384e-09,-0.04598951816653532,100,5.0,0.03576579691596254,empirical,0.006328125,empirical,0.004893487291771054,0.1838353004150391,0.07026744484067032,0.006191075932113765,0.0003608798283725055,0.03748552619187868,0.034847766717947724
T-L,SA,mc_learned_baseline,False,45,21,79464,5376,5376,21504,43008,4200,39732,158928,262144,0.7816406250000001,0.8687999999999999,0.8431650078769926,0.011285589723490475,0.00014690978119546693,public_state_tabular_independent_mc,0,0.3869490495719149,1.0772335000801831,True,accepted_empirical,0.1,1,2.3416252279965685e-09,-0.041593434635207406,100,5.0,0.03723273637306018,empirical,0.00966796875,empirical,0.005197101064728677,0.17451392225999376,0.0709498407755536,0.007872794825172447,1.6762520119661844e-05,0.030633148416417934,0.03200224933750984
T-L,SA,mc_learned_baseline,False,45,22,83248,5632,5632,22528,45056,4400,41624,166496,262144,0.8707031250000001,0.9129,0.8542060117929176,0.011041003915924996,0.00015580640129115843,public_state_tabular_independent_mc,0,0.37826378029837576,1.1323989999946207,True,accepted_empirical,0.1,1,2.2088563472135203e-09,-0.01844338155105519,100,5.0,0.026859896863828066,empirical,0.01107421875,empirical,0.004663858835757896,0.07392423986575519,0.02546143961937554,0.022524025334953346,0.0001368550900237206,0.03237458350681848,0.028983308789158023
T-L,SA,mc_learned_baseline,False,45,23,87032,5888,5888,23552,47104,4600,43516,174064,262144,0.8667187500000001,0.8655000000000002,0.8632065131251974,0.009000501332279809,0.00011959343965987779,public_state_tabular_independent_mc,0,0.3715271357428162,1.1799290000926703,True,accepted_empirical,0.1,1,1.3411782835166669e-09,-0.023670411123859713,100,5.0,0.018699014404400992,empirical,0.0,empirical,0.0,0.09576874811950029,0.04187624136734614,-0.00038773946641734724,0.0010286188709602764,0.024998882270487063,0.025217529900841362
T-L,SA,mc_learned_baseline,False,45,24,90816,6144,6144,24576,49152,4800,45408,181632,262144,0.8601562500000002,0.8805000000000001,0.8721536189756278,0.008947105850430459,0.00012888787900162328,public_state_tabular_independent_mc,0,0.3634415195177402,1.2175860001007095,True,accepted_empirical,0.1,1,1.4270043083967826e-09,-0.033524451451009164,100,5.0,0.021227449489617977,empirical,0.009726562499999999,empirical,0.004666420197512504,0.12309632721659719,0.04981879439734524,-0.004564589136612174,0.0008375600062141937,0.0267391155788234,0.02284183982525549
T-L,SA,mc_learned_baseline,False,45,25,92552,6400,6400,25600,49152,5000,46276,185104,262144,0.8751562500000001,0.8925,0.8721536189756278,0.0,0.0,public_state_tabular_independent_mc,0,0.3634415195177402,1.2428786000236869,False,direction_rejected,0.0,0,,-0.014569463217742495,100,5.0,-0.000890848949599848,empirical,,,,0.06457237986869553,0.02252119214941546,0.041237262529453256,0.013401659906168345,0.056145399876412816,0.008042749324565057
T-L,SA,mc_learned_baseline,False,45,26,96336,6656,6656,26624,51200,5200,48168,192672,262144,0.8245312500000002,0.8859,0.8798694526335551,0.0077158336579272735,0.0001029373566925285,public_state_tabular_independent_mc,0,0.35661703757823293,1.29951520008035,True,accepted_empirical,0.1,1,1.2730408103808115e-09,-0.0372627010494912,100,5.0,0.013324099257043469,empirical,0.007441406250000001,empirical,0.00407677486122599,0.13745204158906946,0.0566146102229912,0.0033926707682346846,1.2532759199378392e-06,0.021467283277276112,0.021443155954813473
T-L,SA,mc_learned_baseline,False,45,27,100120,6912,6912,27648,53248,5400,50060,200240,262144,0.9032812500000001,0.8985000000000001,0.8870194703369735,0.007150017703418388,9.805945411892303e-05,public_state_tabular_independent_mc,0,0.350006223410725,1.3541521000443026,True,accepted_empirical,0.1,1,1.1315084777991741e-09,-0.014651119868350885,100,5.0,0.01782530323433732,empirical,0.01201171875,empirical,0.00512078453909491,0.061628205217462345,0.021006867183530783,0.0024042560618733333,3.228601606091113e-05,0.020401762487410297,0.01934431852168357
T-L,SA,mc_learned_baseline,False,45,28,103904,7168,7168,28672,55296,5600,51952,207808,262144,0.9285937500000001,0.8628,0.8940188011882914,0.006999330851317875,0.0001074194496924024,public_state_tabular_independent_mc,0,0.3435130345804539,1.4024532000767067,True,accepted_empirical,0.1,1,6.56119096850561e-10,-0.008492658422666017,100,5.0,0.018185406790129116,empirical,0.010312499999999999,empirical,0.004626932577402841,0.03276267114756058,0.011505277397547326,-0.005498221290739291,0.0007112991011571538,0.022527143656230014,0.016757259874066455
T-L,SA,mc_learned_baseline,False,45,29,107688,7424,7424,29696,57344,5800,53844,215376,262144,0.8753906250000002,0.9036,0.8997569392845555,0.0057381380962641115,8.04382908345824e-05,public_state_tabular_independent_mc,0,0.3380140915000852,1.4476217000046745,True,accepted_empirical,0.1,1,1.071147095232732e-09,-0.017505846166279152,100,5.0,0.00979921120968158,empirical,0.007441406249999999,empirical,0.003991503981249873,0.0694584085266749,0.027622724689437633,-0.04173277235369244,0.0002569629773577278,0.016687416347459252,0.01526278013401032
T-L,SA,mc_learned_baseline,False,45,30,111472,7680,7680,30720,59392,6000,55736,222944,262144,0.8868750000000001,0.8946000000000001,0.9049134555198745,0.005156516235318986,7.104737011578664e-05,public_state_tabular_independent_mc,0,0.33249390574264287,1.4820882000494748,True,accepted_empirical,0.1,1,8.043374826732253e-10,-0.015223448228942353,100,5.0,0.013068795520638722,empirical,0.009785156250000001,empirical,0.004150791640398507,0.05586547528731922,0.021294207497670734,0.01994809344546833,8.07350780202576e-05,0.014709561424040845,0.013828197705396826
T-L,SA,mc_learned_baseline,False,45,31,115256,7936,7936,31744,61440,6200,57628,230512,262144,0.8915625000000003,0.9303,0.9093623498401621,0.004448894320287611,5.8065343142688486e-05,public_state_tabular_independent_mc,0,0.32770276255851827,1.5329627000028268,True,accepted_empirical,0.1,1,5.412973427215466e-10,-0.01408608527725069,100,5.0,0.016392914045527895,empirical,0.010312499999999999,empirical,0.004700690833550139,0.05685299072265625,0.021880254688774553,0.020133135922368095,1.3625812591402971e-05,0.012065259957493331,0.012593995818801938
T-L,SA,mc_learned_baseline,False,45,32,119040,8192,8192,32768,63488,6400,59520,238080,262144,0.8962500000000002,0.9276000000000001,0.9133461199339767,0.003983770093814676,5.132114036161554e-05,public_state_tabular_independent_mc,0,0.32329130993118604,1.5763919000746682,True,accepted_empirical,0.1,1,5.463453702244489e-10,-0.013743197109078243,100,5.0,0.018297833111157454,empirical,0.0005859375000000001,empirical,0.0013112212732744476,0.0586410541792415,0.02141785493627657,0.015547899105361696,4.126215677196896e-05,0.010659969860150366,0.011407838459424103
T-L,SA,mc_learned_baseline,False,45,33,122824,8448,8448,33792,65536,6600,61412,245648,262144,0.8917968750000002,0.9126000000000001,0.9171370333585005,0.0037909134245237563,5.089543260394846e-05,public_state_tabular_independent_mc,0,0.3188443533653319,1.6194033999927342,True,accepted_empirical,0.1,1,5.024887126926428e-10,-0.017765109735603836,100,5.0,0.012523812450920022,empirical,0.0022851562500000003,empirical,0.0022851562500000003,0.06691739800834587,0.026495078703496933,0.0015274523330410794,2.1133396979896564e-06,0.01057107675793144,0.0104133512100312
T-L,SA,mc_learned_baseline,False,45,34,126608,8704,8704,34816,67584,6800,63304,253216,262144,0.9309375000000002,0.9273,0.9205475639640571,0.0034105306055566276,4.513512993339161e-05,public_state_tabular_independent_mc,0,0.31471019016858176,1.6795271000592038,True,accepted_empirical,0.1,1,2.588745081711634e-10,-0.00835930829428504,100,5.0,0.015320382135302383,empirical,0.0028710937500000004,empirical,0.0023579697406467494,0.03448314835220261,0.01051510172851215,0.016946436397262676,7.893598209709646e-07,0.009362202525243652,0.009486713138159247
T-L,SA,mc_learned_baseline,False,45,35,130392,8960,8960,35840,69632,7000,65196,260784,262144,0.9217968750000002,0.9096000000000001,0.9225292378024252,0.0019816738383681143,2.5241820871082602e-05,public_state_tabular_independent_mc,0,0.3120327319370251,1.7354037000332028,True,accepted_empirical,0.1,1,1.713728401263175e-10,-0.01107163726742495,100,5.0,0.0036692214908597793,empirical,0.0057421875,empirical,0.0034315840219405463,0.05043878121361857,0.016107912108707254,0.021468465035064832,0.0030098299690300466,0.005190349796831051,0.005660676028039952
T-L,SA,mc_learned_baseline,False,45,36,132128,9216,9216,36864,69632,7200,66064,264256,262144,0.9445312500000003,0.9126000000000001,0.9225292378024252,0.0,0.0,public_state_tabular_independent_mc,0,0.3120327319370251,1.7588734000455588,False,direction_rejected,0.0,0,,-0.003718351118066111,100,5.0,-0.10419079272875247,empirical,,,,0.014039946791207689,0.002626625705464319,-0.006977007152710435,0.09706764080440689,0.1443993903980244,-0.08878748554961899
T-L,SA,mc_learned_baseline,False,45,37,135912,9472,9472,37888,71680,7400,67956,271824,262144,0.9147656250000001,0.9273,0.9258250615514093,0.0032958237489840725,4.899700191882089e-05,public_state_tabular_independent_mc,0,0.3075806262427568,1.802898699999787,True,accepted_empirical,0.1,1,4.440598226084073e-10,-0.013334008400344334,100,5.0,0.007246579806265662,empirical,0.0034570312500000005,empirical,0.0024283244799077463,0.04770705226064724,0.01579690321006745,0.0192864642119861,0.00029239940835935554,0.010104625979928245,0.007987755846428534
T-L,SA,mc_learned_baseline,False,45,38,137648,9728,9728,38912,71680,7600,68824,275296,262144,0.9213281250000002,0.9153,0.9258250615514093,0.0,0.0,public_state_tabular_independent_mc,0,0.3075806262427568,1.8250906000612304,False,direction_rejected,0.0,0,,-0.005919441765770801,100,5.0,-0.008584866598131471,empirical,,,,0.024779375683630738,0.005475451476182843,0.028218616587939227,0.027978877077367015,0.05282185874854558,-0.02035483731300987
T-L,SA,mc_learned_baseline,False,45,39,139384,9984,9984,39936,71680,7800,69692,278768,262144,0.9307031250000002,0.9366000000000001,0.9258250615514093,0.0,0.0,public_state_tabular_independent_mc,0,0.3075806262427568,1.850354399997741,False,direction_rejected,0.0,0,,-0.006892194136538539,100,5.0,-0.08582354739131537,empirical,,,,0.0242109707438151,0.007565862929426723,-0.015496232238017216,0.08709320810470238,0.12362045869899477,-0.07946916834034522
T-L,SA,mc_learned_baseline,False,45,40,143168,10240,10240,40960,73728,8000,71584,286336,262144,0.9283593750000001,0.9183000000000001,0.9295115292470609,0.0036864676956516185,8.33713342504457e-05,public_state_tabular_independent_mc,0,0.303038546445312,1.8956772000528872,True,accepted_empirical,0.1,1,1.49693868606568e-10,-0.005255038181647631,100,5.0,0.003292747577926201,empirical,0.0034570312500000005,empirical,0.0024283244799077463,0.02156334362792969,0.005436788489166388,0.034067360791355306,0.004310888139321159,0.017976428548920804,0.003313151625035985
T-L,SA,mc_learned_baseline,False,45,41,144904,10496,10496,41984,73728,8200,72452,289808,262144,0.9421875000000002,0.9573,0.9295115292470609,0.0,0.0,public_state_tabular_independent_mc,0,0.303038546445312,1.917843300034292,False,direction_rejected,0.0,0,,-0.0030910624167971826,100,5.0,-0.018139614097183482,empirical,,,,0.010686076587318058,0.0001238083745431684,0.07152308642879024,0.017666252018631874,0.0415837127350967,-0.011015684744230925
T-L,SA,mc_learned_baseline,False,45,42,146640,10752,10752,43008,73728,8400,73320,293280,262144,0.9375000000000002,0.939,0.9295115292470609,0.0,0.0,public_state_tabular_independent_mc,0,0.303038546445312,1.9432244000490755,False,direction_rejected,0.0,0,,-0.0031650658386242667,100,5.0,-0.051626211675486075,empirical,,,,0.011247665997941664,0.0005347866624759998,0.053123653428577944,0.05417527181781692,0.07576377409915273,-0.04752470454341598
T-L,SA,mc_learned_baseline,False,45,43,150424,11008,11008,44032,75776,8600,75212,300848,262144,0.9147656250000002,0.9513000000000001,0.9319578596344525,0.0024463303873916153,3.278825693376387e-05,public_state_tabular_independent_mc,0,0.2995770361339023,1.9998427000828087,True,accepted_empirical,0.1,1,5.258339705084791e-10,-0.011689156578895512,100,5.0,0.0030710126616747472,empirical,0.0016992187500000002,empirical,0.0025016977476556863,0.045463278198242196,0.015823045551532,0.015726249670446113,3.1582593621015792e-06,0.006784220069769297,0.006647409015038843
T-L,SA,mc_learned_baseline,False,45,44,156256,11264,11264,45056,79872,8800,78128,312512,262144,0.9262500000000002,0.9066,0.9331617111854256,0.001203851550973023,8.351204046362884e-06,public_state_tabular_independent_mc,0,0.2978091165071123,2.1257248000474647,True,accepted_empirical,0.05,2,5.0173856045119196e-11,-0.009073734481477011,100,5.0,0.0017873594549619313,empirical,0.0005859375000000001,empirical,0.0005859375,0.03473355175425887,0.010585525637326796,0.017805030078311024,3.526961260756446e-05,0.006776211314444315,0.006139940635465607
T-L,SA,mc_learned_baseline,False,45,45,157992,11520,11520,46080,79872,9000,78996,315984,262144,0.9281250000000001,0.9333,0.9331617111854256,0.0,0.0,public_state_tabular_independent_mc,0,0.2978091165071123,2.164672899991274,False,direction_rejected,0.0,0,,-0.0036898932690049785,100,5.0,-0.058404592778754844,empirical,,,,0.011423965277777778,0.0008723528582253061,0.09439839195979927,0.0599995121994257,0.08527604532831227,-0.05403842259475141
T-L,SA,mc_learned_baseline,False,45,46,161776,11776,11776,47104,81920,9200,80888,323552,262144,0.9356250000000002,0.9156,0.9354710015992999,0.0023092904138742876,3.257152763746276e-05,public_state_tabular_independent_mc,0,0.29432442054221697,2.22407670004759,True,accepted_empirical,0.1,1,5.68210039537583e-10,-0.008973756479286927,100,5.0,0.0104830825164203,empirical,0.0034570312500000005,empirical,0.002428324479907747,0.03427904920341555,0.0106644643236983,0.014782917331327972,4.985472565210533e-05,0.006646148953534123,0.0059112348790221975
T-L,SA,mc_learned_baseline,False,45,47,165560,12032,12032,48128,83968,9400,82780,331120,262144,0.9682031250000003,0.948,0.9368513789768304,0.001380377377530495,1.617102838346377e-05,public_state_tabular_independent_mc,0,0.29211168741951204,2.277124800020829,True,accepted_empirical,0.1,1,1.4956264251744827e-10,-0.004515370621540374,100,5.0,0.0020387476691404983,empirical,0.0023437500000000003,empirical,0.001168429990096266,0.0198403076171875,0.0053865458906802175,-0.010733255898553118,0.001424305098662617,0.0033043261561909324,0.0041523275181175
T-L,SA,mc_learned_baseline,False,45,48,169344,12288,12288,49152,86016,9600,84672,338688,262144,0.9400781250000002,0.9480000000000001,0.9383173843943099,0.0014660054174795434,1.862131201352666e-05,public_state_tabular_independent_mc,0,0.28965496267507346,2.3330127000808716,True,accepted_empirical,0.1,1,2.117018202972261e-10,-0.005306478407310022,100,5.0,0.00393317376297667,empirical,0.0040429687500000006,empirical,0.0026306166139225327,0.02094969847110394,0.005366213278477403,0.029825888783586274,0.001308987789446271,0.003817888654018052,0.004095948244213854
T-L,SA,mc_learned_baseline,False,45,49,171080,12544,12544,50176,86016,9800,85540,342160,262144,0.9445312500000003,0.945,0.9383173843943099,0.0,0.0,public_state_tabular_independent_mc,0,0.28965496267507346,2.360025000059977,False,direction_rejected,0.0,0,,-0.0028378112908821,100,5.0,-0.05112802409482615,empirical,,,,0.010547258198106632,0.00014630542044103244,0.06361968995308076,0.03834250862306327,0.06362239361675487,-0.03308311686962731
T-L,SA,mc_learned_baseline,False,45,50,172816,12800,12800,51200,86016,10000,86408,345632,262144,0.9375000000000002,0.951,0.9383173843943099,0.0,0.0,public_state_tabular_independent_mc,0,0.28965496267507346,2.385286100092344,False,direction_rejected,0.0,0,,-0.002260984936522415,100,5.0,-0.05863017099459655,empirical,,,,0.011384163411458337,0.0005904419376437996,0.022766242937852676,0.048535343057752985,0.06514535068068307,-0.04327595130431701
T-L,SA,mc_learned_baseline,False,45,51,178648,13056,13056,52224,90112,10200,89324,357296,262144,0.9330468750000002,0.9600000000000002,0.9389818702151959,0.0006644858208859628,3.924138856568669e-06,public_state_tabular_independent_mc,0,0.28853822513012933,2.449277500039898,True,accepted_empirical,0.05,2,5.217413935072249e-11,-0.005039920907527699,100,5.0,0.004307589125324979,empirical,0.0011718750000000002,empirical,0.0008278295590484758,0.021499243164062508,0.0055078934011787,0.03529730689774435,0.001358612519954537,0.0031922667754265416,0.003900779233481428
T-L,SA,mc_learned_baseline,False,45,52,180384,13312,13312,53248,90112,10400,90192,360768,262144,0.9398437500000002,0.9420000000000001,0.9389818702151959,0.0,0.0,public_state_tabular_independent_mc,0,0.28853822513012933,2.4733577000442892,False,direction_rejected,0.0,0,,-0.0021239047972806562,100,5.0,-0.041073244464045575,empirical,,,,0.010934925914392577,0.0005165720629085916,0.07841977187643834,0.03661315939974909,0.06008767148854677,-0.03142152456563463
T-L,SA,mc_learned_baseline,False,45,53,184168,13568,13568,54272,92160,10600,92084,368336,262144,0.9400781250000001,0.96,0.9406932524984419,0.0017113822832460768,2.6947802963307744e-05,public_state_tabular_independent_mc,0,0.2855614044755147,2.5130079000955448,True,accepted_empirical,0.1,1,1.432557435190248e-10,-0.00690298106561007,100,5.0,0.004440506888377021,empirical,0.005156249999999999,empirical,0.0032796770761689543,0.023832739257812506,0.005416164893195582,0.025425490389725525,0.0014659999869310368,0.005484471319960616,0.0037256348471834183
T-L,SA,mc_learned_baseline,False,45,54,187952,13824,13824,55296,94208,10800,93976,375904,262144,0.9492187500000002,0.945,0.9418173196767096,0.0011240671782676293,1.6509653208205073e-05,public_state_tabular_independent_mc,0,0.2833359595187816,2.5694594000233337,True,accepted_empirical,0.1,1,3.198004085372249e-10,-0.0030510305750072256,100,5.0,0.002608701971537929,empirical,0.0017578125000000003,empirical,0.0010128855190910916,0.010063476562500003,5.036008299499133e-05,0.059187317003498996,0.0024438389941646727,0.0032847078413992406,0.002603461453852855
T-L,SA,mc_learned_baseline,False,45,55,191736,14080,14080,56320,96256,11000,95868,383472,262144,0.9609375000000002,0.9420000000000002,0.9447612336160622,0.0029439139393526714,0.00013600554082208107,public_state_tabular_independent_mc,0,0.2787309134954733,2.6227775000734255,True,accepted_empirical,0.1,1,2.251523205881951e-09,-0.0033413021658646224,100,5.0,0.01010579514651069,empirical,0.0005859375000000001,empirical,0.001015535322230033,0.009602571898833467,5.2440790248242135e-05,0.035820942056774885,0.01858565790233928,0.03195598548061467,-0.01351130927552242
T-L,SA,mc_learned_baseline,False,45,56,193472,14336,14336,57344,96256,11200,96736,386944,262144,0.9656250000000002,0.9333,0.9447612336160622,0.0,0.0,public_state_tabular_independent_mc,0,0.2787309134954733,2.6446337000234053,False,direction_rejected,0.0,0,,-0.0026255131645626685,100,5.0,-0.026458756049041028,empirical,,,,0.009551533413397548,0.00010869211343906052,0.01388437990775604,0.024314173539786755,0.037573633857012574,-0.019756578604660853
T-L,SA,mc_learned_baseline,False,45,57,197256,14592,14592,58368,98304,11400,98628,394512,262144,0.9325781250000003,0.9329999999999999,0.9465958794024312,0.001834645786368938,2.65331142959029e-05,public_state_tabular_independent_mc,0,0.2756048811490616,2.6914555000839755,True,accepted_empirical,0.1,1,1.1508879758146451e-10,-0.013519739628293047,100,5.0,0.006288913919974592,empirical,0.00521484375,empirical,0.0026265781639980123,0.03666029816934886,0.011540167456767886,0.0121898807573102,4.3411924997261595e-05,0.005397586283378181,0.004514183010128632
T-L,SA,mc_learned_baseline,False,45,58,203088,14848,14848,59392,102400,11600,101544,406176,262144,0.9492187500000002,0.945,0.9470774346682401,0.0004815552658089528,2.8978793365691695e-06,public_state_tabular_independent_mc,0,0.2746439892186889,2.7772220000624657,True,accepted_empirical,0.05,2,5.35468553479751e-10,-0.0024022469586687596,100,5.0,0.0024899928079576148,empirical,0.0005859375000000001,empirical,0.0005859375,0.010107421875000005,6.82390790784049e-05,0.057130614868242224,0.0015978799544820775,0.0022593246296334357,0.002738880138215557
T-L,SA,mc_learned_baseline,False,45,59,206872,15104,15104,60416,104448,11800,103436,413744,262144,0.9309375000000002,0.9660000000000001,0.9486585677093634,0.0015811330411232838,2.055313316278376e-05,public_state_tabular_independent_mc,0,0.27190058490942437,2.8212682000594214,True,accepted_empirical,0.1,1,6.545864166759971e-11,-0.008943923894238086,100,5.0,0.0010070472943031123,empirical,0.0011718750000000002,empirical,0.0008278295590484758,0.034881787109375006,0.01069572728172982,0.016947181342849338,1.9141533417505464e-06,0.00419962899380658,0.004343895071645843
T-L,SA,mc_learned_baseline,False,45,60,210656,15360,15360,61440,106496,12000,105328,421312,262144,0.9539062500000002,0.9393,0.949726946355133,0.0010683786457695854,1.4136583300122921e-05,public_state_tabular_independent_mc,0,0.26975387353776004,2.8687898000935093,True,accepted_empirical,0.1,1,1.796035872540371e-10,-0.0027577131928045234,100,5.0,0.002678610481620057,empirical,0.0029296875000000004,empirical,0.0013050580369279305,0.0097998046875,1.6628401167516704e-05,0.051294931079823525,0.0013750253549944195,0.0028173153311331937,0.0027889862670457026
T-L,SA,mc_learned_baseline,False,45,61,214440,15616,15616,62464,108544,12200,107220,428880,262144,0.9492187500000002,0.9540000000000001,0.9510457397572017,0.001318793402068752,2.1344188418335158e-05,public_state_tabular_independent_mc,0,0.2670939324815837,2.9125611000927165,True,accepted_empirical,0.1,1,3.4057082367957495e-10,-0.0038343957162695922,100,5.0,0.0028726333452356464,empirical,0.0,empirical,0.0008294511660071416,0.010049743652343755,1.654746139773557e-05,0.05983003642076645,0.001517318560327007,0.0042538431767103575,0.0026657392274199955
T-L,SA,mc_learned_baseline,False,45,62,218224,15872,15872,63488,110592,12400,109112,436448,262144,0.9539062500000002,0.945,0.952174300367683,0.0011285606104812773,1.547317323564763e-05,public_state_tabular_independent_mc,0,0.26480902065818185,2.9555760000366718,True,accepted_empirical,0.1,1,2.268117710506477e-10,-0.002986980124849365,100,5.0,0.0020931238707216178,empirical,0.0005859375000000001,empirical,0.0005859375,0.009799804687500004,1.6707535902843096e-05,0.0512949310798233,0.0013667257961628998,0.0030829874704355015,0.0028381893459443652
T-L,SA,mc_learned_baseline,False,45,63,219960,16128,16128,64512,110592,12600,109980,439920,262144,0.9585937500000001,0.9420000000000001,0.952174300367683,0.0,0.0,public_state_tabular_independent_mc,0,0.26480902065818185,2.975712400046177,False,direction_rejected,0.0,0,,-0.002286258856010645,100,5.0,-0.033720065580101946,empirical,,,,0.0097342690927011,0.00012367630474605,0.027175001942988164,0.027576682329489635,0.038850444501057874,-0.02335465486252414
T-L,SA,mc_learned_baseline,False,45,64,223744,16384,16384,65536,112640,12800,111872,447488,262144,0.9632812500000002,0.9510000000000001,0.9531161057940492,0.0009418054263661269,1.0700136523398678e-05,public_state_tabular_independent_mc,0,0.26289558556386583,3.020839100005105,True,accepted_empirical,0.1,1,3.1586375511327164e-10,-0.0022378830877563967,100,5.0,0.0025598701636535587,empirical,0.0011718750000000002,empirical,0.0008278295590484758,0.009272460937500001,1.4932986272280914e-05,0.03387725861657265,0.0014038733828551616,0.002170550266515581,0.0028181540841103344
T-L,SA,mc_learned_baseline,False,45,65,227528,16640,16640,66560,114688,13000,113764,455056,262144,0.9588281250000003,0.9600000000000002,0.9545177235754114,0.0014016177813622743,1.8957106355106445e-05,public_state_tabular_independent_mc,0,0.26027345098618626,3.0796722000231966,True,accepted_empirical,0.1,1,1.7941245895532962e-10,-0.006022428717086169,100,5.0,0.0037084883025496626,empirical,0.00228515625,empirical,0.002431034414339844,0.022841772460937503,0.005373569857279335,0.009740301690936426,0.0005738404672214647,0.0038180408204646294,0.0036615505510604043
T-L,SA,mc_learned_baseline,False,45,66,229264,16896,16896,67584,114688,13200,114632,458528,262144,0.9703125000000001,0.966,0.9545177235754114,0.0,0.0,public_state_tabular_independent_mc,0,0.26027345098618626,3.1097271000035107,False,direction_rejected,0.0,0,,-0.002646959329035534,100,5.0,-0.01474578565822317,empirical,,,,0.009026101081753952,7.86656561986983e-05,0.020487293404779505,0.021367410223837396,0.03096143306292634,-0.01722668035605341
T-L,SA,mc_learned_baseline,False,45,67,233048,17152,17152,68608,116736,13400,116524,466096,262144,0.9515625000000002,0.951,0.9555161823551492,0.0009984587797378097,1.1935261096662838e-05,public_state_tabular_independent_mc,0,0.25822839508356843,3.160111500066705,True,accepted_empirical,0.1,1,1.1032286021954619e-10,-0.0026475009144590793,100,5.0,0.002971280740963097,empirical,0.0,empirical,0.0,0.010195312500000005,0.00015256638488172017,0.0427534127214636,0.0012734778755605666,0.002410260396413255,0.002867251992223416
T-L,SA,mc_learned_baseline,False,45,68,234784,17408,17408,69632,116736,13600,117392,469568,262144,0.9539062500000002,0.948,0.9555161823551492,0.0,0.0,public_state_tabular_independent_mc,0,0.25822839508356843,3.1811759000411257,False,direction_rejected,0.0,0,,-0.002797024857497679,100,5.0,-0.013510136515914657,empirical,,,,0.009894322141536998,0.00013345819335418315,0.04887306089698007,0.021555412584822468,0.031003274287655307,-0.017401829074960858
T-L,SA,mc_learned_baseline,False,45,69,238568,17664,17664,70656,118784,13800,119284,477136,262144,0.9539062500000002,0.9666,0.9567529314740736,0.0012367491189243518,1.81961028210955e-05,public_state_tabular_independent_mc,0,0.2556859494052136,3.222927500028163,True,accepted_empirical,0.1,1,1.234428056785888e-10,-0.0035397660455004066,100,5.0,0.003361156667989637,empirical,0.0,empirical,0.0008294511660071416,0.009821777343750004,8.924771060474037e-05,0.050231211310886814,0.001292295438446175,0.0036746458501167065,0.002861288071415433
T-L,SA,mc_learned_baseline,False,45,70,242352,17920,17920,71680,120832,14000,121176,484704,262144,0.9750000000000002,0.9573000000000002,0.9579175421801851,0.001164610706111513,1.6034821883159914e-05,public_state_tabular_independent_mc,0,0.25328191512590054,3.264712000032887,True,accepted_empirical,0.1,1,2.9387103720859343e-10,-0.002798552336068452,100,5.0,0.0028894104491359726,empirical,0.0029296875000000004,empirical,0.0013050580369279305,0.008481445312500002,0.00030302560711800285,0.015624999999999889,0.0012500157206504266,0.00324849844326658,0.002917945413590513
T-L,SA,mc_learned_baseline,False,45,71,246136,18176,18176,72704,122880,14200,123068,492272,262144,0.9241406250000002,0.9690000000000001,0.9596460303256886,0.0017284881455035261,2.548274840025117e-05,public_state_tabular_independent_mc,0,0.25003666189421425,3.3070684000849724,True,accepted_empirical,0.1,1,3.258726094248966e-10,-0.013097526869915596,100,5.0,0.0028415018396487665,empirical,0.0040429687500000006,empirical,0.002496428355201616,0.04620000000000001,0.016099144873300716,0.010910802046268375,6.786736000123045e-05,0.005139521644177369,0.004112223566041521
T-L,SA,mc_learned_baseline,False,45,72,249920,18432,18432,73728,124928,14400,124960,499840,262144,0.9424218750000002,0.9690000000000001,0.9611088516997992,0.0014628213741105789,2.1449117937497493e-05,public_state_tabular_independent_mc,0,0.24715737204678292,3.351991400006227,True,accepted_empirical,0.1,1,1.1001726604196508e-10,-0.007035082532360352,100,5.0,0.005853058428194162,empirical,0.0005859375000000001,empirical,0.001015535322230033,0.02371188964843751,0.005295927499969278,0.023239590600043436,0.0005643393205960138,0.0043155983225148225,0.003469559035294145
T-L,SA,mc_learned_baseline,False,45,73,253704,18688,18688,74752,126976,14600,126852,507408,262144,0.9541406250000002,0.9300000000000002,0.9624003689217844,0.0012915172219851723,1.6808333269008784e-05,public_state_tabular_independent_mc,0,0.24457560504652653,3.3952506000641733,True,accepted_empirical,0.1,1,5.649240085167936e-11,-0.005903519360827151,100,5.0,0.0020930362353040344,empirical,0.0035156250000000005,empirical,0.0014282088743478316,0.02045773925781251,0.005405408699950484,0.01528450413566973,0.000490927668361214,0.003386513844004496,0.003472846557573415
T-L,SA,mc_learned_baseline,False,45,74,257488,18944,18944,75776,129024,14800,128744,514976,262144,0.9541406250000002,0.9720000000000002,0.9637702395011305,0.0013698705793461219,1.9098689959421487e-05,public_state_tabular_independent_mc,0,0.24183878252398647,3.442086399998516,True,accepted_empirical,0.1,1,1.8848817689799768e-10,-0.006617617331546158,100,5.0,0.0021892058691882557,empirical,0.0023437500000000003,empirical,0.0014329053976264332,0.023107641601562503,0.005302117835181766,0.01190073968307126,0.00047322991402531125,0.0038795584203161555,0.0034409525292946473
T-L,SA,mc_learned_baseline,False,45,75,261272,19200,19200,76800,131072,15000,130636,522544,262144,0.9750000000000001,0.9600000000000002,0.9649588222779425,0.0011885827768119972,1.6476471379496017e-05,public_state_tabular_independent_mc,0,0.23932686780341805,3.5170944000128657,True,accepted_empirical,0.1,1,2.0907290609329692e-10,-0.003054699625864091,100,5.0,0.0026654431814480154,empirical,0.0035156250000000005,empirical,0.0016515961448115909,0.009231262207031243,0.0004896254352062783,-0.028000710227271908,0.000891768883096067,0.003334599390632129,0.0029604815791369086
T-L,DA,mc_learned_baseline,False,45,1,2760,256,256,0,2048,200,1380,5520,262144,0.321796875,0.44099999999999995,0.40933609547922595,0.09032209547922593,0.00518972054463199,public_state_tabular_independent_mc,0,0.5856048391478568,0.013774799997918308,True,accepted_empirical,0.1,1,,,,,,,0.1114453125,empirical,0.018906608126909887,0.430824551836283,0.17393501452686871,0.02217878325325251,,,
T-L,DA,mc_learned_baseline,False,45,2,5520,512,512,0,4096,400,2760,11040,262144,0.47132812500000004,0.5034,0.4955559542183895,0.08621985873916355,0.004522904345469129,public_state_tabular_independent_mc,0,0.540599488269609,0.034526299918070436,True,accepted_empirical,0.1,1,,,,,,,0.059765625,empirical,0.014396411014028877,0.4084843585819844,0.17311746249861795,0.00965856143039412,,,
T-L,DA,mc_learned_baseline,False,45,3,8280,768,768,0,6144,600,4140,16560,262144,0.380859375,0.5768999999999999,0.5752967173131575,0.07974076309476796,0.0038960603298177424,public_state_tabular_independent_mc,0,0.4929977059625006,0.04751990002114326,True,accepted_empirical,0.1,1,,,,,,,0.1083984375,empirical,0.016371465573508576,0.4131611962212457,0.1777745862214412,0.002703494905550441,,,
T-L,DA,mc_learned_baseline,False,45,4,11040,1024,1024,0,8192,800,5520,22080,262144,0.6480468750000001,0.6227999999999999,0.6471555076226356,0.07185879030947817,0.003324117624296152,public_state_tabular_independent_mc,0,0.44491031921124374,0.061057599959895015,True,accepted_empirical,0.1,1,,,,,,,0.05666015625,empirical,0.014105384012266874,0.3180039829527074,0.13616586531281155,0.009443202644062065,,,
T-L,DA,mc_learned_baseline,False,45,5,13800,1280,1280,0,10240,1000,6900,27600,262144,0.662578125,0.6513,0.7105717001619091,0.06341619253927344,0.002814277419066184,public_state_tabular_independent_mc,0,0.39795643514633183,0.0734350000275299,True,accepted_empirical,0.1,1,,,,,,,0.06462890625,empirical,0.013241741770857924,0.3139780353122288,0.1310010726049357,0.013355211047442528,,,
T-L,DA,mc_learned_baseline,False,45,6,16560,1536,1536,0,12288,1200,8280,33120,262144,0.7200000000000001,0.6821999999999998,0.7656177222105542,0.05504602204864517,0.002367961086232548,public_state_tabular_independent_mc,0,0.353281431182491,0.08483399997930974,True,accepted_empirical,0.1,1,,,,,,,0.056015625,empirical,0.012894026970590524,0.2681060668945312,0.12455031011486958,0.002677185866802656,,,
T-L,DA,mc_learned_baseline,False,45,7,19320,1792,1792,0,14336,1400,9660,38640,262144,0.7964062500000002,0.7733999999999999,0.8127839770781341,0.04716625486757986,0.001982722056757155,public_state_tabular_independent_mc,0,0.3116206096087738,0.09688670001924038,True,accepted_empirical,0.1,1,,,,,,,0.046464843750000005,empirical,0.010847873515116992,0.2236074000244141,0.09448196060923877,0.0030481073887923538,,,
T-L,DA,mc_learned_baseline,False,45,8,22080,2048,2048,0,16384,1600,11040,44160,262144,0.7800000000000001,0.8759999999999999,0.8527968337897474,0.040012856711613254,0.0016538023755184443,public_state_tabular_independent_mc,0,0.27338071066364117,0.10933160001877695,True,accepted_empirical,0.1,1,,,,,,,0.0341015625,empirical,0.009634215382546557,0.22361313559044965,0.09570608210702994,-0.0012159633865258535,,,
T-L,DA,mc_learned_baseline,False,45,9,24840,2304,2304,0,18432,1800,12420,49680,262144,0.8017968750000002,0.9114,0.8864832728772677,0.03368643908752034,0.001375318013107399,public_state_tabular_independent_mc,0,0.23872093225271646,0.12422340002376586,True,accepted_empirical,0.1,1,,,,,,,0.027773437500000005,empirical,0.008644453080984459,0.22971195932183525,0.1016046958614837,-0.012417054324662224,,,
T-L,DA,mc_learned_baseline,False,45,10,27600,2560,2560,0,20480,2000,13800,55200,262144,0.8524218750000002,0.9408,0.914680209293417,0.028196936416149287,0.001141055329553946,public_state_tabular_independent_mc,0,0.20762410892536054,0.13627649995032698,True,accepted_empirical,0.1,1,,,,,,,0.028535156250000006,empirical,0.008621461473322519,0.1897968567529731,0.08405510899384952,-0.04219182564275936,,,
T-L,DA,mc_learned_baseline,False,45,11,30360,2816,2816,0,22528,2200,15180,60720,262144,0.8889843750000002,0.9732000000000001,0.9381798433639467,0.023499634070529685,0.0009449699308672216,public_state_tabular_independent_mc,0,0.17995454482797293,0.14951499993912876,True,accepted_empirical,0.1,1,,,,,,,0.021328125000000003,empirical,0.006986426045721613,0.1445315741812414,0.06525041925199024,0.0024009940257873064,,,
T-L,DA,mc_learned_baseline,False,45,12,33120,3072,3072,0,24576,2400,16560,66240,262144,0.9492187500000002,0.9618000000000001,0.9577010390088739,0.01952119564492727,0.0007814664036325308,public_state_tabular_independent_mc,0,0.1555025003093102,0.16353369993157685,True,accepted_empirical,0.1,1,,,,,,,0.019101562500000002,empirical,0.006791992081023513,0.11341471900161433,0.05008346959019814,0.0061062548624131185,,,
T-L,DA,mc_learned_baseline,False,45,13,35880,3328,3328,0,26624,2600,17940,71760,262144,0.9623437500000003,0.9555000000000001,0.9738779528112409,0.016176913802366966,0.0006455346571108516,public_state_tabular_independent_mc,0,0.1340169139594797,0.1794825999531895,True,accepted_empirical,0.1,1,,,,,,,0.008671875,empirical,0.003567227694256425,0.07762366608272575,0.03092988679130772,-0.012910552558631938,,,
T-L,DA,mc_learned_baseline,False,45,14,38640,3584,3584,0,28672,2800,19320,77280,262144,0.9625781250000003,0.9417,0.9872591851280216,0.013381232316780678,0.0005327792464278709,public_state_tabular_independent_mc,0,0.11522875957293031,0.19106530002318323,True,accepted_empirical,0.1,1,,,,,,,0.017812500000000002,empirical,0.005760208409191373,0.08368493581597863,0.035391156496733356,0.004201165518130101,,,
T-L,DA,mc_learned_baseline,False,45,15,41400,3840,3840,0,30720,3000,20700,82800,262144,0.9625781250000003,1.0059,0.9977674737027944,0.010508288574772817,0.00042553219215731307,public_state_tabular_independent_mc,0,0.09927456128415169,0.21170559991151094,True,accepted_empirical,0.1,1,,,,,,,0.010371093750000001,empirical,0.005292850839912186,0.08115711422238228,0.037551613700228706,0.005496700250960496,,,
T-L,DA,mc_learned_baseline,False,45,16,44160,4096,4096,0,32768,3200,22080,88320,262144,0.9696093750000003,1.0206,1.0070591357434968,0.00929166204070242,0.0003642150689433742,public_state_tabular_independent_mc,0,0.08496317166600435,0.2227945999475196,True,accepted_empirical,0.1,1,,,,,,,0.008027343749999999,empirical,0.004032165848302608,0.08306018935103232,0.03531372638158406,0.008249725954650233,,,
T-L,DA,mc_learned_baseline,False,45,17,46920,4352,4352,0,34816,3400,23460,93840,262144,0.9902343750000002,1.0350000000000001,1.014698578354066,0.007639442610569258,0.00029982051110921334,public_state_tabular_independent_mc,0,0.07259747632357814,0.23566080001182854,True,accepted_empirical,0.1,1,,,,,,,0.005742187500000001,empirical,0.003329831776959168,0.06245293747951748,0.028086782005400632,-0.05333371176309498,,,
T-L,DA,mc_learned_baseline,False,45,18,49680,4608,4608,0,36864,3600,24840,99360,262144,1.0385156250000003,1.0263,1.0209784770058385,0.006279898651772475,0.00024675514025595407,public_state_tabular_independent_mc,0,0.06194037381503847,0.24777369992807508,True,accepted_empirical,0.1,1,,,,,,,0.010312500000000002,empirical,0.004626932577402842,0.013235113873155378,0.0060183442903848,-0.00945538404145263,,,
T-L,DA,mc_learned_baseline,False,45,19,52440,4864,4864,0,38912,3800,26220,104880,262144,1.03359375,1.0470000000000002,1.0261401683293494,0.005161691323510853,0.00020304390726059066,public_state_tabular_independent_mc,0,0.05277674776579618,0.25936749996617436,True,accepted_empirical,0.1,1,,,,,,,0.0028710937500000004,empirical,0.00235796974064675,0.007828238440212664,0.004557282339563366,-1.6396591892366197,,,
T-L,DA,mc_learned_baseline,False,45,20,55200,5120,5120,0,40960,4000,27600,110400,262144,1.0270312500000003,1.0350000000000001,1.0302839584536962,0.004143790124346847,0.00016458174388391108,public_state_tabular_independent_mc,0,0.04500196436838512,0.2729703999357298,True,accepted_empirical,0.1,1,,,,,,,0.006328125,empirical,0.0033790433369176934,0.024188058135065423,0.01059773095430163,0.02248460921482398,,,
T-L,DA,mc_learned_baseline,False,45,21,57960,5376,5376,0,43008,4200,28980,115920,262144,1.0314843750000002,1.0293,1.0337215644814168,0.0034376060277205855,0.00013576380688162633,public_state_tabular_independent_mc,0,0.038313475858206776,0.2847890999400988,True,accepted_empirical,0.1,1,,,,,,,0.0040429687500000006,empirical,0.002985852065347178,0.013225439453125001,0.005462989176276355,0.031935804443814164,,,
T-L,DA,mc_learned_baseline,False,45,22,60720,5632,5632,0,45056,4400,30360,121440,262144,1.0246875000000002,1.0353,1.0365689825956201,0.002847418114203304,0.00011193278407150146,public_state_tabular_independent_mc,0,0.03257368246747922,0.29768349998630583,True,accepted_empirical,0.1,1,,,,,,,0.0,empirical,0.0,0.02443177114010478,0.01058540917192661,0.02031254094626833,,,
T-L,DA,mc_learned_baseline,False,45,23,63480,5888,5888,0,47104,4600,31740,126960,262144,1.0382812500000003,1.05,1.0372662184115535,0.0006972358159333947,5.828843051988947e-05,public_state_tabular_independent_mc,0,0.02954457881235581,0.3089574999175966,True,accepted_empirical,0.1,1,,,,,,,0.0,empirical,0.0,0.0017330932617187517,8.610479409922973e-05,0.16754509687476793,,,
T-L,DA,mc_learned_baseline,False,45,24,66240,6144,6144,0,49152,4800,33120,132480,262144,1.0408593750000001,1.05,1.0395020233159555,0.0022358049044020056,8.186149367948161e-05,public_state_tabular_independent_mc,0,0.02507181080766259,0.3197695999406278,True,accepted_empirical,0.1,1,,,,,,,0.0022851562500000003,empirical,0.0022851562500000003,0.011858227684942919,0.0053059537517987495,0.051923937367213235,,,
T-L,DA,mc_learned_baseline,False,45,25,69000,6400,6400,0,51200,5000,34500,138000,262144,1.0178906250000002,1.0470000000000002,1.0412391636516194,0.001737140335663856,7.301219105216593e-05,public_state_tabular_independent_mc,1,0.02134188276642015,0.33065349992830306,True,accepted_empirical,0.1,1,,,,,,,0.0,empirical,0.0,0.03655449218750001,0.016187747466216755,0.016356485498118967,,,
T-L,DA,mc_learned_baseline,False,45,26,71760,6656,6656,0,53248,5200,35880,143520,262144,1.0385156250000003,1.05,1.0427834128013003,0.0015442491496808763,5.563922489278137e-05,public_state_tabular_independent_mc,0,0.018067993773455714,0.34178929997142404,True,accepted_empirical,0.1,1,,,,,,,0.004570312500000001,empirical,0.003228535280289055,0.012182464383343075,0.005330571064018144,0.04639052275777267,,,
T-L,DA,mc_learned_baseline,False,45,27,74520,6912,6912,0,55296,5400,37260,149040,262144,1.0476562500000002,1.0323,1.0431260407634575,0.000342627962157227,2.675810618369846e-05,public_state_tabular_independent_mc,0,0.016450270049722788,0.3526166999945417,True,accepted_empirical,0.1,1,,,,,,,0.0,empirical,0.0,0.00034881591796875,3.502108754883777e-05,0.619443982020976,,,
T-L,DA,mc_learned_baseline,False,45,28,77280,7168,7168,0,57344,5600,38640,154560,262144,1.0385156250000003,1.0353,1.0442512250929725,0.0011251843295150277,4.5409036983973845e-05,public_state_tabular_independent_mc,1,0.013974565181181847,0.36400549998506904,True,accepted_empirical,0.1,1,,,,,,,0.0028710937500000004,empirical,0.00235796974064675,0.012186134725809098,0.005343340230579339,0.04622977325258315,,,
T-L,DA,mc_learned_baseline,False,45,29,80040,7424,7424,0,59392,5800,40020,160080,262144,1.0500000000000003,1.0353,1.044251225092963,-9.547918011776346e-15,-1.3018055596653368e-17,public_state_tabular_independent_mc,1,0.013974565181225728,0.375237499945797,True,accepted_empirical,0.1,1,,,,,,,0.0,empirical,0.0,2.465190328815662e-32,1.2634796675877755e-05,1.0,,,
T-L,DA,mc_learned_baseline,False,45,30,82800,7680,7680,0,61440,6000,41400,165600,262144,1.0408593750000001,1.05,1.0442390715902963,-1.2153502666700788e-05,0.00013087985645099308,public_state_tabular_independent_mc,0,0.016485868275365807,0.39107599994167686,True,accepted_empirical,0.1,1,,,,,,,0.0,empirical,0.0,0.011916967773437506,0.005334295995430109,0.05137618708604197,,,
T-L,DA,mc_learned_baseline,False,45,31,85560,7936,7936,0,63488,6200,42780,171120,262144,1.0385156250000003,1.0470000000000002,1.045096711591571,0.0008576400012747509,4.8707633329910454e-05,public_state_tabular_independent_mc,1,0.01404490452101173,0.4021124999271706,True,accepted_empirical,0.1,1,,,,,,,0.0,empirical,0.0,0.0121861347258091,0.005382310995588507,0.04622977325258315,,,
T-L,DA,mc_learned_baseline,False,45,32,88320,8192,8192,0,65536,6400,44160,176640,262144,1.0500000000000003,1.0410000000000001,1.0454429804850986,0.0003462688935276237,2.3018435704230618e-05,public_state_tabular_independent_mc,0,0.012578234994336239,0.41421139996964484,True,accepted_empirical,0.1,1,,,,,,,0.0,empirical,0.0,2.7465820312496886e-06,5.409160013457565e-06,0.9978027343750002,,,
T-L,DA,mc_learned_baseline,False,45,33,91080,8448,8448,0,67584,6600,45540,182160,262144,1.0385156250000003,1.0470000000000002,1.0457875806659083,0.00034460018080961774,2.060503023515302e-05,public_state_tabular_independent_mc,0,0.011291080001133505,0.42463839997071773,True,accepted_empirical,0.1,1,,,,,,,0.0,empirical,0.0,0.01501840820312499,0.004521936961784147,0.03814968707639488,,,
T-L,DA,mc_learned_baseline,False,45,34,93840,8704,8704,0,69632,6800,46920,187680,262144,1.0476562500000002,1.0470000000000002,1.0464288050509076,0.0006412243849993615,3.1230694893370965e-05,public_state_tabular_independent_mc,1,0.009593980393582845,0.4369015999836847,True,accepted_empirical,0.1,1,,,,,,,0.0,empirical,0.0,0.000680632042884823,0.0003660358706929622,0.6118353629140025,,,
T-L,DA,mc_learned_baseline,False,45,35,96600,8960,8960,0,71680,7000,48300,193200,262144,1.0476562500000002,1.05,1.0465193766096874,9.057155877978396e-05,1.822942305243647e-05,public_state_tabular_independent_mc,1,0.00875736359315651,0.44781109993346035,True,accepted_empirical,0.1,1,,,,,,,0.0,empirical,0.0,0.00035400390625000064,0.00016306436854188338,0.6155422840019977,,,
T-L,DA,mc_learned_baseline,False,45,36,99360,9216,9216,0,73728,7200,49680,198720,262144,1.0476562500000002,1.0353,1.0470166666925558,0.0004972900828683624,2.4795848598944334e-05,public_state_tabular_independent_mc,1,0.00743995273393802,0.4591935999924317,True,accepted_empirical,0.1,1,,,,,,,0.0005859375000000001,empirical,0.0005859375,0.00042400704026222157,0.0003558669653918759,0.6139690586253297,,,
T-L,DA,mc_learned_baseline,False,45,37,102120,9472,9472,0,75776,7400,51060,204240,262144,1.0385156250000003,1.05,1.047250588198158,0.00023392150560219704,1.0371175574175471e-05,public_state_tabular_independent_mc,1,0.006746767276520888,0.4694008999504149,True,accepted_empirical,0.1,1,,,,,,,0.0,empirical,0.0,0.015298925781250004,0.0037459977997663916,0.021754569953138847,,,
T-L,DA,mc_learned_baseline,False,45,38,104880,9728,9728,0,77824,7600,52440,209760,262144,1.0500000000000003,1.05,1.047250588198156,-1.9984014443252818e-15,-8.057553410741412e-19,public_state_tabular_independent_mc,1,0.006746767276528991,0.4814123000251129,True,accepted_empirical,0.1,1,,,,,,,0.0,empirical,0.0,2.465190328815662e-32,2.734510438036606e-06,1.0,,,
T-L,DA,mc_learned_baseline,False,45,39,107640,9984,9984,0,79872,7800,53820,215280,262144,1.0500000000000003,1.05,1.0472505881981542,-1.7763568394002505e-15,-8.05755343833286e-19,public_state_tabular_independent_mc,1,0.006746767276537098,0.4934083999833092,True,accepted_empirical,0.1,1,,,,,,,0.0,empirical,0.0,2.465190328815662e-32,2.7345104380381218e-06,1.0,,,
T-L,DA,mc_learned_baseline,False,45,40,110400,10240,10240,0,81920,8000,55200,220800,262144,1.0500000000000003,1.05,1.0472505881981522,-1.9984014443252818e-15,-8.0575534659222325e-19,public_state_tabular_independent_mc,1,0.006746767276545203,0.5038785999640822,True,accepted_empirical,0.1,1,,,,,,,0.0,empirical,0.0,2.465190328815662e-32,2.734510438039469e-06,1.0,,,
T-L,DA,mc_learned_baseline,False,45,41,115208,10496,10496,0,86016,8200,57604,230416,262144,1.0408593750000001,1.05,1.0472470842547712,-3.5039433810002407e-06,1.2535153963824233e-05,public_state_tabular_independent_mc,1,0.007237449552391953,0.518093099934049,True,accepted_empirical,0.05,2,,,,,,,0.0022851562500000003,empirical,0.0022851562500000003,0.011948828125000005,0.0053569327480928524,0.052005761336454404,,,
T-L,DA,mc_learned_baseline,False,45,42,117968,10752,10752,0,88064,8400,58984,235936,262144,1.0500000000000003,1.05,1.0472470842547679,-3.3306690738754696e-15,5.678656998279867e-17,public_state_tabular_independent_mc,1,0.007237449552404636,0.52970049995929,True,accepted_empirical,0.1,1,,,,,,,0.0,empirical,0.0,2.465190328815662e-32,2.4613672403855033e-06,1.0,,,
T-L,DA,mc_learned_baseline,False,45,43,120728,11008,11008,0,90112,8600,60364,241456,262144,1.0500000000000003,1.05,1.0477337394404576,0.00048665518568968835,1.5436793540719998e-05,public_state_tabular_independent_mc,1,0.006095814281947643,0.5456781999673694,True,accepted_empirical,0.1,1,,,,,,,0.0,empirical,0.0,9.335021972656141e-05,6.677650024984804e-05,0.99958740234375,,,
T-L,DA,mc_learned_baseline,False,45,44,123488,11264,11264,0,92160,8800,61744,246976,262144,1.0476562500000002,1.05,1.047782234543963,4.849510350535269e-05,1.1503546160963157e-05,public_state_tabular_independent_mc,1,0.005569982008599605,0.5597517999121919,True,accepted_empirical,0.1,1,,,,,,,0.0,empirical,0.0,0.00035400390625000064,0.0003922350311851702,0.6155422840019975,,,
T-L,DA,mc_learned_baseline,False,45,45,126248,11520,11520,0,94208,9000,63124,252496,262144,1.0500000000000003,1.0383000000000002,1.0477822345439616,-1.3322676295501878e-15,5.791618462422395e-17,public_state_tabular_independent_mc,1,0.005569982008605685,0.5730474999872968,True,accepted_empirical,0.1,1,,,,,,,0.0,empirical,0.0,2.465190328815662e-32,1.6310437152825441e-06,1.0,,,
T-L,DA,mc_learned_baseline,False,45,46,129008,11776,11776,0,96256,9200,64504,258016,262144,1.0408593750000001,1.05,1.047636755592659,-0.00014547895130267996,4.44258708691917e-05,public_state_tabular_independent_mc,1,0.006645132785453115,0.5899909000145271,True,accepted_empirical,0.1,1,,,,,,,0.0,empirical,0.0,0.011948828125000005,0.005355583644003658,0.052005761336454404,,,
T-L,DA,mc_learned_baseline,False,45,47,131768,12032,12032,0,98304,9400,65884,263536,262144,1.0408593750000001,1.05,1.0472171420701515,-0.0004196135225074116,6.515911804666747e-05,public_state_tabular_independent_mc,1,0.008471480078811225,0.6056753000011668,True,accepted_empirical,0.1,1,,,,,,,0.0016992187500000002,empirical,0.0023601911752726573,0.011948828125000005,0.0053592661037182585,0.052005761336454404,,,
T-L,DA,mc_learned_baseline,False,45,48,134528,12288,12288,0,100352,9600,67264,269056,262144,1.0500000000000003,1.05,1.0472171420701417,-9.769962616701378e-15,5.1267756705282594e-17,public_state_tabular_independent_mc,1,0.008471480078843215,0.6183372000232339,True,accepted_empirical,0.1,1,,,,,,,0.0,empirical,0.0,2.465190328815662e-32,2.2035751137431115e-06,1.0,,,
T-L,DA,mc_learned_baseline,False,45,49,137288,12544,12544,0,102400,9800,68644,274576,262144,1.0293750000000004,1.0470000000000002,1.0477100330101132,0.0004928909399715131,1.8393173626745632e-05,public_state_tabular_independent_mc,0,0.0071344953042007,0.6290571999270469,True,accepted_empirical,0.1,1,,,,,,,0.0,empirical,0.0,0.024203625488281255,0.01131813404632877,0.025204295727739967,,,
T-L,DA,mc_learned_baseline,False,45,50,140048,12800,12800,0,104448,10000,70024,280096,262144,1.0293750000000004,1.05,1.0482055770453298,0.0004955440352165663,1.7709619466928094e-05,public_state_tabular_independent_mc,0,0.005962981553481188,0.6419804999604821,True,accepted_empirical,0.1,1,,,,,,,0.0,empirical,0.0,0.02694581298828125,0.008857358048409283,0.022662336904354485,,,
T-L,DA,mc_learned_baseline,False,45,51,142808,13056,13056,0,106496,10200,71404,285616,262144,1.0385156250000003,1.05,1.0484666932632705,0.0002611162179406712,1.1766743977123264e-05,public_state_tabular_independent_mc,1,0.005185937548779794,0.6541119000175968,True,accepted_empirical,0.1,1,,,,,,,0.0,empirical,0.0,0.015298925781250004,0.003787419943559281,0.021754569953138847,,,
T-L,DA,mc_learned_baseline,False,45,52,145568,13312,13312,0,108544,10400,72784,291136,262144,1.0500000000000003,1.05,1.048466693263268,-2.4424906541753444e-15,-1.2095408958517847e-18,public_state_tabular_independent_mc,1,0.005185937548790399,0.6680240000132471,True,accepted_empirical,0.1,1,,,,,,,0.0,empirical,0.0,2.465190328815662e-32,6.494945800153668e-07,1.0,,,
T-L,DA,mc_learned_baseline,False,45,53,148328,13568,13568,0,110592,10600,74164,296656,262144,1.0500000000000003,1.05,1.0486166317221879,0.00014993845891986268,8.0606931059858e-06,public_state_tabular_independent_mc,0,0.0045684113186919,0.6809804999502376,True,accepted_empirical,0.1,1,,,,,,,0.0005859375000000001,empirical,0.0005859375,2.7465820312496886e-06,1.3967837562439204e-06,0.9978027343750002,,,
T-L,DA,mc_learned_baseline,False,45,54,151088,13824,13824,0,112640,10800,75544,302176,262144,1.0500000000000003,1.05,1.048616631722186,-1.7763568394002505e-15,-6.540710719558151e-19,public_state_tabular_independent_mc,1,0.004568411318699151,0.696551000000909,True,accepted_empirical,0.1,1,,,,,,,0.0,empirical,0.0,2.465190328815662e-32,5.328331045147394e-07,1.0,,,
T-L,DA,mc_learned_baseline,False,45,55,153848,14080,14080,0,114688,11000,76924,307696,262144,1.0500000000000003,1.05,1.0488613644547056,0.00024473273251945926,9.196257502550232e-06,public_state_tabular_independent_mc,1,0.003842149881876562,0.7139993999153376,True,accepted_empirical,0.1,1,,,,,,,0.0,empirical,0.0,0.00037340087890624566,0.0003457268586977524,0.9983496093749997,,,
T-L,DA,mc_learned_baseline,False,45,56,156608,14336,14336,0,116736,11200,78304,313216,262144,1.0500000000000003,1.05,1.0488613644547042,-1.3322676295501878e-15,5.802772651917664e-17,public_state_tabular_independent_mc,1,0.003842149881881673,0.7308168999152258,True,accepted_empirical,0.1,1,,,,,,,0.0,empirical,0.0,2.465190328815662e-32,3.609829050923009e-07,1.0,,,
T-L,DA,mc_learned_baseline,False,45,57,159368,14592,14592,0,118784,11400,79684,318736,262144,1.0500000000000003,1.05,1.048861364454703,-1.3322676295501878e-15,5.80277265178472e-17,public_state_tabular_independent_mc,1,0.0038421498818867836,0.746125299949199,True,accepted_empirical,0.1,1,,,,,,,0.0,empirical,0.0,2.465190328815662e-32,3.60982905093072e-07,1.0,,,
T-L,DA,mc_learned_baseline,False,45,58,162128,14848,14848,0,120832,11600,81064,324256,262144,1.0500000000000003,1.05,1.0489626984782519,0.00010133402354894905,5.417447702925027e-06,public_state_tabular_independent_mc,0,0.003403903664312996,0.7611089999554679,True,accepted_empirical,0.1,1,,,,,,,0.0,empirical,0.0,2.7465820312496886e-06,1.7512445534344612e-06,0.9978027343750002,,,
T-L,DA,mc_learned_baseline,False,45,59,164888,15104,15104,0,122880,11800,82444,329776,262144,1.0500000000000003,1.05,1.0489626984782512,-6.661338147750939e-16,-2.382639538006082e-19,public_state_tabular_independent_mc,1,0.0034039036643168027,0.7759008000139147,True,accepted_empirical,0.1,1,,,,,,,0.0,empirical,0.0,2.465190328815662e-32,3.0747553256623786e-07,1.0,,,
T-L,DA,mc_learned_baseline,False,45,60,167648,15360,15360,0,124928,12000,83824,335296,262144,1.0500000000000003,1.05,1.0489626984782503,-8.881784197001252e-16,-2.3826395465309697e-19,public_state_tabular_independent_mc,1,0.00340390366432061,0.7915755999274552,True,accepted_empirical,0.1,1,,,,,,,0.0,empirical,0.0,2.465190328815662e-32,3.0747553256655576e-07,1.0,,,
T-L,DA,mc_learned_baseline,False,45,61,170408,15616,15616,0,126976,12200,85204,340816,262144,1.0500000000000003,1.05,1.0491455460710546,0.00018284759280429164,6.548132526771974e-06,public_state_tabular_independent_mc,1,0.002862245716592524,0.8045279999496415,True,accepted_empirical,0.1,1,,,,,,,0.0,empirical,0.0,9.335021972656141e-05,8.297554770700942e-05,0.99958740234375,,,
T-L,DA,mc_learned_baseline,False,45,62,173168,15872,15872,0,129024,12400,86584,346336,262144,1.0500000000000003,1.05,1.049145546071054,-6.661338147750939e-16,5.82851932514159e-17,public_state_tabular_independent_mc,1,0.0028622457165949603,0.8202166999690235,True,accepted_empirical,0.1,1,,,,,,,0.0,empirical,0.0,2.465190328815662e-32,2.086531663993251e-07,1.0,,,
T-L,DA,mc_learned_baseline,False,45,63,175928,16128,16128,0,131072,12600,87964,351856,262144,1.0500000000000003,1.05,1.0491455460710535,-4.440892098500626e-16,5.82851932510114e-17,public_state_tabular_independent_mc,1,0.0028622457165973967,0.8325002000201494,True,accepted_empirical,0.1,1,,,,,,,0.0,empirical,0.0,2.465190328815662e-32,2.0865316639958695e-07,1.0,,,
T-L,DA,mc_learned_baseline,False,45,64,178688,16384,16384,0,133120,12800,89344,357376,262144,1.0500000000000003,1.05,1.0492139809083634,6.843483730989419e-05,3.6313528446451894e-06,public_state_tabular_independent_mc,0,0.002552192824676145,0.8442836999893188,True,accepted_empirical,0.1,1,,,,,,,0.0,empirical,0.0,2.7465820312496886e-06,2.0339342699330807e-06,0.9978027343750002,,,
T-L,DA,mc_learned_baseline,False,45,65,181448,16640,16640,0,135168,13000,90724,362896,262144,1.0500000000000003,1.05,1.0492139809083632,-2.220446049250313e-16,5.835951818869886e-17,public_state_tabular_independent_mc,1,0.0025521928246776404,0.8569115999853238,True,accepted_empirical,0.1,1,,,,,,,0.0,empirical,0.0,2.465190328815662e-32,1.8409388946182746e-07,1.0,,,
T-L,DA,mc_learned_baseline,False,45,66,184208,16896,16896,0,137216,13200,92104,368416,262144,1.0476562500000002,1.0353,1.0492346664643466,2.0685555983446235e-05,4.819518093556474e-06,public_state_tabular_independent_mc,1,0.0023032849936927926,0.8697719000047073,True,accepted_empirical,0.1,1,,,,,,,0.0,empirical,0.0,0.00035400390625000064,0.0003598918524576956,0.6155422840019975,,,
T-L,DA,mc_learned_baseline,False,45,67,186968,17152,17152,0,139264,13400,93484,373936,262144,1.0500000000000003,1.05,1.0492346664643464,-2.220446049250313e-16,-3.6344880485874e-20,public_state_tabular_independent_mc,1,0.0023032849936938274,0.8827511999988928,True,accepted_empirical,0.1,1,,,,,,,0.0,empirical,0.0,2.465190328815662e-32,1.7759219621516007e-07,1.0,,,
T-L,DA,mc_learned_baseline,False,45,68,189728,17408,17408,0,141312,13600,94864,379456,262144,1.0500000000000003,1.05,1.0492346664643462,-2.220446049250313e-16,-3.634488058113415e-20,public_state_tabular_independent_mc,1,0.002303284993694862,0.8973753999453038,True,accepted_empirical,0.1,1,,,,,,,0.0,empirical,0.0,2.465190328815662e-32,1.775921962152276e-07,1.0,,,
T-L,DA,mc_learned_baseline,False,45,69,192488,17664,17664,0,143360,13800,96244,384976,262144,1.0500000000000003,1.05,1.049234666464346,-2.220446049250313e-16,-3.6344880676394293e-20,public_state_tabular_independent_mc,1,0.0023032849936958965,0.9091068999841809,True,accepted_empirical,0.1,1,,,,,,,0.0,empirical,0.0,2.465190328815662e-32,1.7759219621529507e-07,1.0,,,
T-L,DA,mc_learned_baseline,False,45,70,195248,17920,17920,0,145408,14000,97624,390496,262144,1.0500000000000003,1.05,1.0492346664643457,-2.220446049250313e-16,-3.6344880771654436e-20,public_state_tabular_independent_mc,1,0.0023032849936969312,0.9216341999126598,True,accepted_empirical,0.1,1,,,,,,,0.0,empirical,0.0,2.465190328815662e-32,1.775921962153626e-07,1.0,,,
T-L,DA,mc_learned_baseline,False,45,71,198008,18176,18176,0,147456,14200,99004,396016,262144,1.0500000000000003,1.05,1.0492346664643453,-4.440892098500626e-16,-3.6344880866914584e-20,public_state_tabular_independent_mc,1,0.002303284993697966,0.9345268999459222,True,accepted_empirical,0.1,1,,,,,,,0.0,empirical,0.0,2.465190328815662e-32,1.7759219621543006e-07,1.0,,,
T-L,DA,mc_learned_baseline,False,45,72,200768,18432,18432,0,149504,14400,100384,401536,262144,1.0500000000000003,1.05,1.049234666464345,-2.220446049250313e-16,-3.6344880962174726e-20,public_state_tabular_independent_mc,1,0.0023032849936990007,0.9493874999461696,True,accepted_empirical,0.1,1,,,,,,,0.0,empirical,0.0,2.465190328815662e-32,1.7759219621556506e-07,1.0,,,
T-L,DA,mc_learned_baseline,False,45,73,203528,18688,18688,0,151552,14600,101764,407056,262144,1.0500000000000003,1.0383000000000002,1.049234666464345,0.0,-3.634488105743487e-20,public_state_tabular_independent_mc,1,0.002303284993700035,0.9630539999343455,True,accepted_empirical,0.1,1,,,,,,,0.0,empirical,0.0,2.465190328815662e-32,1.7759219621563253e-07,1.0,,,
T-L,DA,mc_learned_baseline,False,45,74,206288,18944,18944,0,153600,14800,103144,412576,262144,1.0500000000000003,1.05,1.0492346664643448,-2.220446049250313e-16,-3.6344881152695017e-20,public_state_tabular_independent_mc,1,0.002303284993701069,0.9747843999648467,True,accepted_empirical,0.1,1,,,,,,,0.0,empirical,0.0,2.465190328815662e-32,1.7759219621563253e-07,1.0,,,
T-L,DA,mc_learned_baseline,False,45,75,209048,19200,19200,0,155648,15000,104524,418096,262144,1.0500000000000003,1.05,1.0492346664643444,-4.440892098500626e-16,-3.634488124795516e-20,public_state_tabular_independent_mc,1,0.002303284993702104,0.9871638999320567,True,accepted_empirical,0.1,1,,,,,,,0.0,empirical,0.0,2.465190328815662e-32,1.7759219621570005e-07,1.0,,,
T-L,DA,mc_learned_baseline,False,45,76,211808,19456,19456,0,157696,15200,105904,423616,262144,1.0500000000000003,1.05,1.0492346664643442,-2.220446049250313e-16,-3.63448813432153e-20,public_state_tabular_independent_mc,1,0.002303284993703139,1.002217200002633,True,accepted_empirical,0.1,1,,,,,,,0.0,empirical,0.0,2.465190328815662e-32,1.7759219621583505e-07,1.0,,,
T-L,DA,mc_learned_baseline,False,45,77,214568,19712,19712,0,159744,15400,107284,429136,262144,1.0500000000000003,1.05,1.049234666464344,-2.220446049250313e-16,-3.634488143847545e-20,public_state_tabular_independent_mc,1,0.0023032849937041737,1.013541099964641,True,accepted_empirical,0.1,1,,,,,,,0.0,empirical,0.0,2.465190328815662e-32,1.7759219621590252e-07,1.0,,,
T-L,DA,mc_learned_baseline,False,45,78,217328,19968,19968,0,161792,15600,108664,434656,262144,1.0500000000000003,1.05,1.0492346664643437,-2.220446049250313e-16,-3.634488153373559e-20,public_state_tabular_independent_mc,1,0.0023032849937052076,1.0258717000251636,True,accepted_empirical,0.1,1,,,,,,,0.0,empirical,0.0,2.465190328815662e-32,1.7759219621597004e-07,1.0,,,
T-L,DA,mc_learned_baseline,False,45,79,220088,20224,20224,0,163840,15800,110044,440176,262144,1.0500000000000003,1.05,1.0492346664643435,-2.220446049250313e-16,-3.6344881628995734e-20,public_state_tabular_independent_mc,1,0.0023032849937062424,1.0374975999584422,True,accepted_empirical,0.1,1,,,,,,,0.0,empirical,0.0,2.465190328815662e-32,1.7759219621603752e-07,1.0,,,
T-L,DA,mc_learned_baseline,False,45,80,222848,20480,20480,0,165888,16000,111424,445696,262144,1.0500000000000003,1.05,1.0493692679311268,0.00013460146678334617,4.166617046475358e-06,public_state_tabular_independent_mc,1,0.0019356525596793675,1.0518919000169262,True,accepted_empirical,0.1,1,,,,,,,0.0,empirical,0.0,9.335021972656141e-05,8.55429725154235e-05,0.99958740234375,,,
T-L,DA,mc_learned_baseline,False,45,81,225608,20736,20736,0,167936,16200,112804,451216,262144,1.0500000000000003,1.05,1.0493692679311268,0.0,-2.7029762258322983e-20,public_state_tabular_independent_mc,1,0.0019356525596804248,1.0695504000177607,True,accepted_empirical,0.1,1,,,,,,,0.0,empirical,0.0,2.465190328815662e-32,1.206313624435499e-07,1.0,,,
T-L,DA,mc_learned_baseline,False,45,82,228368,20992,20992,0,169984,16400,114184,456736,262144,1.0408593750000001,1.05,1.04929681213795,-7.245579317682882e-05,1.4958106665965033e-05,public_state_tabular_independent_mc,1,0.002396780681682541,1.0843444999773055,True,accepted_empirical,0.1,1,,,,,,,0.0,empirical,0.0,0.011948828125000005,0.005349675501647829,0.052005761336454404,,,
T-L,DA,mc_learned_baseline,False,45,83,231128,21248,21248,0,172032,16600,115564,462256,262144,1.0500000000000003,1.05,1.0494203843371357,0.00012357219918568418,4.3580123091951565e-06,public_state_tabular_independent_mc,1,0.002014284313670215,1.0971226999536157,True,accepted_empirical,0.1,1,,,,,,,0.0,empirical,0.0,9.335021972656141e-05,8.638861991537797e-05,0.99958740234375,,,
T-L,DA,mc_learned_baseline,False,45,84,233888,21504,21504,0,174080,16800,116944,467776,262144,1.0500000000000003,1.05,1.0494203843371352,-4.440892098500626e-16,5.836782455392273e-17,public_state_tabular_independent_mc,1,0.002014284313671757,1.1111501000123098,True,accepted_empirical,0.1,1,,,,,,,0.0,empirical,0.0,2.465190328815662e-32,9.280701424511556e-08,1.0,,,
T-L,DA,mc_learned_baseline,False,45,85,236648,21760,21760,0,176128,17000,118324,473296,262144,1.0500000000000003,1.05,1.0494203843371348,-4.440892098500626e-16,5.836782455372005e-17,public_state_tabular_independent_mc,1,0.0020142843136732994,1.1267773999134079,True,accepted_empirical,0.1,1,,,,,,,0.0,empirical,0.0,2.465190328815662e-32,9.280701424525833e-08,1.0,,,
T-L,DA,mc_learned_baseline,False,45,86,239408,22016,22016,0,178176,17200,119704,478816,262144,1.0500000000000003,1.05,1.0494203843371346,-2.220446049250313e-16,5.836782455351736e-17,public_state_tabular_independent_mc,1,0.0020142843136748416,1.1435553999617696,True,accepted_empirical,0.1,1,,,,,,,0.0,empirical,0.0,2.465190328815662e-32,9.280701424540113e-08,1.0,,,
T-L,DA,mc_learned_baseline,False,45,87,242168,22272,22272,0,180224,17400,121084,484336,262144,1.0500000000000003,1.05,1.0494203843371341,-4.440892098500626e-16,5.836782455331465e-17,public_state_tabular_independent_mc,1,0.002014284313676384,1.1880185999907553,True,accepted_empirical,0.1,1,,,,,,,0.0,empirical,0.0,2.465190328815662e-32,9.280701424547252e-08,1.0,,,
T-L,DA,mc_learned_baseline,False,45,88,244928,22528,22528,0,182272,17600,122464,489856,262144,1.0500000000000003,1.05,1.049420384337134,-2.220446049250313e-16,5.836782455311195e-17,public_state_tabular_independent_mc,1,0.002014284313677927,1.2180077999364585,True,accepted_empirical,0.1,1,,,,,,,0.0,empirical,0.0,2.465190328815662e-32,9.280701424561532e-08,1.0,,,
T-L,DA,mc_learned_baseline,False,45,89,247688,22784,22784,0,184320,17800,123844,495376,262144,1.0500000000000003,1.05,1.0494203843371335,-4.440892098500626e-16,5.836782455290926e-17,public_state_tabular_independent_mc,1,0.0020142843136794686,1.23598429991398,True,accepted_empirical,0.1,1,,,,,,,0.0,empirical,0.0,2.465190328815662e-32,9.280701424568674e-08,1.0,,,
T-L,DA,mc_learned_baseline,False,45,90,250448,23040,23040,0,186368,18000,125224,500896,262144,1.0500000000000003,1.05,1.049420384337133,-4.440892098500626e-16,5.836782455270657e-17,public_state_tabular_independent_mc,1,0.002014284313681011,1.251181099913083,True,accepted_empirical,0.1,1,,,,,,,0.0,empirical,0.0,2.465190328815662e-32,9.280701424582952e-08,1.0,,,
T-L,DA,mc_learned_baseline,False,45,91,253208,23296,23296,0,188416,18200,126604,506416,262144,1.0476562500000002,1.05,1.0494392205135354,1.883617640241475e-05,4.456040656591823e-06,public_state_tabular_independent_mc,1,0.001791246593816344,1.2631171999964863,True,accepted_empirical,0.1,1,,,,,,,0.0,empirical,0.0,0.00035400390625000064,0.0006401400823380681,0.6155422840019977,,,
T-L,DA,mc_learned_baseline,False,45,92,255968,23552,23552,0,190464,18400,127984,511936,262144,1.0500000000000003,1.0353,1.049491262160417,5.204164688166202e-05,2.087490513717751e-06,public_state_tabular_independent_mc,0,0.0015935761362919488,1.274338599992916,True,accepted_empirical,0.1,1,,,,,,,0.0,empirical,0.0,2.7465820312496886e-06,2.1240188639810393e-06,0.9978027343750002,,,
T-L,DA,mc_learned_baseline,False,45,93,258728,23808,23808,0,192512,18600,129364,517456,262144,1.0500000000000003,1.05,1.0495340850989208,4.282293850366159e-05,1.7051763096892768e-06,public_state_tabular_independent_mc,0,0.0014276127208726036,1.2844278999837115,True,accepted_empirical,0.1,1,,,,,,,0.0,empirical,0.0,2.7465820312496886e-06,2.2315917980207392e-06,0.9978027343750002,,,
T-L,DA,mc_learned_baseline,False,45,94,261488,24064,24064,0,194560,18800,130744,522976,262144,1.0500000000000003,1.05,1.0495693270882915,3.5241989370771165e-05,1.3912634165030859e-06,public_state_tabular_independent_mc,0,0.001288326527167398,1.2959436000091955,True,accepted_empirical,0.1,1,,,,,,,0.0,empirical,0.0,2.7465820312496886e-06,2.322140347155843e-06,0.9978027343750002,,,
