experiment,method,label,oracle_label_group,seed,update,source_steps_total,source_steps_training,source_steps_critic,source_steps_direction_check,source_steps_return_check,source_steps_monitor,source_complete_episodes,agent_decisions,budget,training_return,monitor_return,exact_source_return_diagnostic,actual_return_gain_diagnostic,old_new_kl,baseline_kind,baseline_missing_states,entropy,seconds,accepted,reason,eta,attempts,forward_kl_training,direction_loss,direction_steps,q_bound,critic_validation_mse,label_mse_against_exact_joint_advantage,critic_explained_variance,direction_error,direction_norm,exact_direction_score_diagnostic
T-L,AN,mc_learned_baseline,False,44,1,712,256,256,0,0,200,356,1424,262144,0.31828124999999996,0.3069,0.34864559275886364,0.029631592758863623,0.0003444646443627778,public_state_tabular_independent_mc,0,0.6174054378855461,0.03455270000267774,True,accepted_return_check_disabled,0.1,1,6.655026715292344e-10,-0.07039108408560589,100,5.0,0.4068527911183563,0.17109273012518195,0.008637215000830034,0.00143999100713412,0.06973171540181289,0.08730756973181328
T-L,AN,mc_learned_baseline,False,44,2,1424,512,512,0,0,400,712,2848,262144,0.255703125,0.4377,0.38103819337704437,0.03239260061818072,0.0004108156576438953,public_state_tabular_independent_mc,0,0.607371692740478,0.07325290003791451,True,accepted_return_check_disabled,0.1,1,2.0322835530481864e-09,-0.08255236114375455,100,5.0,0.42477522575472615,0.1689109547288487,-0.0017750386847861233,0.0005735075005389814,0.0829613517025441,0.08882104900878618
T-L,AN,mc_learned_baseline,False,44,3,2136,768,768,0,0,600,1068,4272,262144,0.425390625,0.3501000000000001,0.41428707390642006,0.03324888052937569,0.00043393527896411227,public_state_tabular_independent_mc,0,0.5965851036220646,0.116225800011307,True,accepted_return_check_disabled,0.1,1,2.9162834740928453e-10,-0.08871679860931403,100,5.0,0.40998622778175964,0.16780063080398458,0.010341846187912007,0.000589073873052155,0.08814210230257105,0.08899119016451368
T-L,AN,mc_learned_baseline,False,44,4,2848,1024,1024,0,0,800,1424,5696,262144,0.5034375,0.44609999999999994,0.4470780020963916,0.032790928189971535,0.00042382926301556606,public_state_tabular_independent_mc,0,0.5852093918720519,0.21956780005712062,True,accepted_return_check_disabled,0.1,1,6.78621144107759e-09,-0.0858113538128884,100,5.0,0.38285259795396753,0.1626535765406734,0.0011674892558244387,0.0003109216957542217,0.08606260571388488,0.08897449894873183
T-L,AN,mc_learned_baseline,False,44,5,3560,1280,1280,0,0,1000,1780,7120,262144,0.45843749999999994,0.4961999999999999,0.47920087536672734,0.03212287327033575,0.0004184432513471683,public_state_tabular_independent_mc,0,0.5734519711387447,0.26235440000891685,True,accepted_return_check_disabled,0.1,1,5.798322285186222e-09,-0.08416706543617934,100,5.0,0.39674436466662044,0.15502276037320373,0.042765615764592924,0.0015681726780722507,0.08491657388860971,0.08682101256840072
T-L,AN,mc_learned_baseline,False,44,6,4272,1536,1536,0,0,1200,2136,8544,262144,0.525,0.49949999999999994,0.5089773321801806,0.029776456813453256,0.0003654025965633497,public_state_tabular_independent_mc,0,0.5616103044991518,0.2975746999727562,True,accepted_return_check_disabled,0.1,1,2.7870861509340442e-09,-0.07522355337632713,100,5.0,0.36495972325819204,0.1475331235401437,0.020654222167147185,0.0018191273954355734,0.0746289233314677,0.08523870585972701
T-L,AN,mc_learned_baseline,False,44,7,4984,1792,1792,0,0,1400,2492,9968,262144,0.5625,0.627,0.5397113174766734,0.03073398529649285,0.0003979065293340345,public_state_tabular_independent_mc,0,0.5495593619015087,0.3327019000425935,True,accepted_return_check_disabled,0.1,1,1.401357951280875e-09,-0.07622146676428462,100,5.0,0.36998050202289134,0.1455587169237146,0.01464713133186124,0.0011323733662557019,0.08104306483625656,0.08417684171995615
T-L,AN,mc_learned_baseline,False,44,8,5696,2048,2048,0,0,1600,2848,11392,262144,0.5067187500000001,0.5966999999999999,0.5725343662054367,0.03282304872876329,0.00046544720438085037,public_state_tabular_independent_mc,0,0.5358228910712677,0.37226480001118034,True,accepted_return_check_disabled,0.1,1,2.5345045732254466e-09,-0.09753866049900402,100,5.0,0.3694404075356707,0.15522559242989273,0.007221704311690003,0.0007479211477849399,0.09557213834923009,0.08219899820623267
T-L,AN,mc_learned_baseline,False,44,9,6408,2304,2304,0,0,1800,3204,12816,262144,0.5564062500000001,0.6305999999999999,0.6020641839701683,0.029529817764731514,0.0003944859987836241,public_state_tabular_independent_mc,0,0.5223434382564222,0.4081632000161335,True,accepted_return_check_disabled,0.1,1,3.980027155097796e-09,-0.07959674798788743,100,5.0,0.35464278171452435,0.14839197517634012,0.014248264612839345,0.0007189910770988125,0.08025252936975136,0.07908686351034086
T-L,AN,mc_learned_baseline,False,44,10,7120,2560,2560,0,0,2000,3560,14240,262144,0.487265625,0.6294,0.6370135430146653,0.03494935904449703,0.0005794445331414164,public_state_tabular_independent_mc,0,0.5061812866507474,0.4436110999668017,True,accepted_return_check_disabled,0.1,1,5.386056323457519e-09,-0.11842533931141251,100,5.0,0.385586613243986,0.16508626474219026,0.008067696026030413,0.004676421421355437,0.11900228293140165,0.07182829370707718
T-L,AN,mc_learned_baseline,False,44,11,7832,2816,2816,0,0,2200,3916,15664,262144,0.586171875,0.6626999999999998,0.6643749072489384,0.027361364234273156,0.00039385556398654326,public_state_tabular_independent_mc,0,0.49399799973633207,0.47960439999587834,True,accepted_return_check_disabled,0.1,1,6.345417761134862e-09,-0.0819404603284356,100,5.0,0.337825152618867,0.13897645352367338,0.013922731253472875,0.0035297867504817146,0.08179686061814231,0.06830913364438032
T-L,AN,mc_learned_baseline,False,44,12,8544,3072,3072,0,0,2400,4272,17088,262144,0.68671875,0.7464,0.6892912388939361,0.024916331644997625,0.0003423111023842386,public_state_tabular_independent_mc,0,0.4803928867485937,0.5164991000201553,True,accepted_return_check_disabled,0.1,1,2.382437279149888e-09,-0.06964897333622204,100,5.0,0.26568099986947546,0.11315062914413059,0.0017354920391251527,0.0018911484318507672,0.07005543628012119,0.06559140146371788
T-L,AN,mc_learned_baseline,False,44,13,9256,3328,3328,0,0,2600,4628,18512,262144,0.6459375,0.7653,0.7140653440295217,0.024774105135585645,0.0003664021136555316,public_state_tabular_independent_mc,0,0.46763070493668796,0.5522766000358388,True,accepted_return_check_disabled,0.1,1,4.993083807111591e-09,-0.0739497512419096,100,5.0,0.293219825139584,0.125168643856662,-0.008513255307154965,0.00285782671654992,0.07536604170823964,0.060624663434973705
T-L,AN,mc_learned_baseline,False,44,14,9968,3584,3584,0,0,2800,4984,19936,262144,0.7305468750000002,0.7341,0.7329358119098899,0.01887046788036817,0.0002248750340255339,public_state_tabular_independent_mc,0,0.456991733700319,0.5905927000567317,True,accepted_return_check_disabled,0.1,1,2.1008781650494595e-09,-0.048063966996407005,100,5.0,0.22825686838918427,0.09288876326444317,0.015902606853319123,0.0020014652694929835,0.04642511699209323,0.05682099466937557
T-L,AN,mc_learned_baseline,False,44,15,10680,3840,3840,0,0,3000,5340,21360,262144,0.7453125000000002,0.6803999999999999,0.7513895765816855,0.018453764671795603,0.0002276691513731026,public_state_tabular_independent_mc,0,0.44626018895727115,0.6289808000437915,True,accepted_return_check_disabled,0.1,1,2.2314949298601324e-09,-0.04750040455918682,100,5.0,0.21481161843081034,0.09097605506318099,0.0037404475489389855,0.0010025454643837978,0.04717291355914033,0.054195449637806176
T-L,AN,mc_learned_baseline,False,44,16,11392,4096,4096,0,0,3200,5696,22784,262144,0.7059375000000001,0.7805999999999998,0.7734951553723961,0.022105578790710623,0.00036732217681079924,public_state_tabular_independent_mc,0,0.4335314473823207,0.6678083000006154,True,accepted_return_check_disabled,0.1,1,5.596713394904306e-09,-0.07525613596040093,100,5.0,0.26227571934957566,0.1058959699932886,0.022127990312490797,0.005024696574497154,0.07719745224534953,0.04635699178088733
T-L,AN,mc_learned_baseline,False,44,17,12104,4352,4352,0,0,3400,6052,24208,262144,0.7469531250000001,0.81,0.7894514949571926,0.015956339584796475,0.00020124628813110874,public_state_tabular_independent_mc,0,0.4234546321604693,0.7077446000184864,True,accepted_return_check_disabled,0.1,1,2.0833197725637646e-09,-0.04246622179701824,100,5.0,0.1955936525607639,0.08078028945332758,0.005520830726300274,0.0001899383894029433,0.041652774105768044,0.04623565470332507
T-L,AN,mc_learned_baseline,False,44,18,12816,4608,4608,0,0,3600,6408,25632,262144,0.8390625000000002,0.807,0.8002545530109637,0.01080305805377113,0.00010240791570657236,public_state_tabular_independent_mc,0,0.41613530256645814,0.7483142999699339,True,accepted_return_check_disabled,0.1,1,5.183327327345562e-10,-0.020855998237555184,100,5.0,0.12613353246405423,0.050165494131159755,0.01046097860945927,0.004924490558537276,0.02101040527909751,0.037827821603738127
T-L,AN,mc_learned_baseline,False,44,19,13528,4864,4864,0,0,3800,6764,27056,262144,0.8064843750000001,0.7947,0.8122532148029703,0.011998661792006593,0.00013340866205858212,public_state_tabular_independent_mc,0,0.4074837245977503,0.7934735000599176,True,accepted_return_check_disabled,0.1,1,2.186719763877757e-09,-0.027464158544916132,100,5.0,0.13421191526813273,0.05446891112342893,0.008617405287155266,0.002090849271437499,0.027311326488535324,0.038166263669409575
T-L,AN,mc_learned_baseline,False,44,20,14240,5120,5120,0,0,4000,7120,28480,262144,0.8250000000000001,0.7952999999999999,0.8232785048126008,0.011025290009630484,0.00011944208393751437,public_state_tabular_independent_mc,0,0.39955228895287737,0.8326650999952108,True,accepted_return_check_disabled,0.1,1,1.2389445396344706e-09,-0.02455624571547883,100,5.0,0.12643640652471874,0.05208844597584814,0.00678826996017734,0.0016783811919219575,0.024554792738035687,0.03580284639233023
T-L,AN,mc_learned_baseline,False,44,21,14952,5376,5376,0,0,4200,7476,29904,262144,0.7950000000000002,0.8085,0.8350154199029548,0.011736915090354016,0.00014801876241094365,public_state_tabular_independent_mc,0,0.39127208387678675,0.8716582000488415,True,accepted_return_check_disabled,0.1,1,1.455706835399343e-09,-0.03279771377475435,100,5.0,0.15031480446333723,0.06016009481603589,-0.009229833916974739,0.0006049925205143105,0.030639801562173774,0.034194497132971
T-L,AN,mc_learned_baseline,False,44,22,15664,5632,5632,0,0,4400,7832,31328,262144,0.8554687500000002,0.8778,0.8461050171503752,0.011089597247420424,0.0001443636810596276,public_state_tabular_independent_mc,0,0.3828002643890484,0.9146827000658959,True,accepted_return_check_disabled,0.1,1,8.020427018659483e-10,-0.02972470935173199,100,5.0,0.1221745393069102,0.04944487138163056,0.0012767413197763977,0.00035133046063994563,0.0297814328732211,0.03140258071240895
T-L,AN,mc_learned_baseline,False,44,23,16376,5888,5888,0,0,4600,8188,32752,262144,0.8160937500000002,0.8835,0.8583565296115154,0.012251512461140202,0.00019907454905600187,public_state_tabular_independent_mc,0,0.37352839420026307,0.9534366000443697,True,accepted_return_check_disabled,0.1,1,2.7413977103943207e-09,-0.0418211808162863,100,5.0,0.14497785680998798,0.05967362729186952,-0.0016159248502993773,0.001785176168219732,0.04169432904112577,0.027129107048610768
T-L,AN,mc_learned_baseline,False,44,24,17088,6144,6144,0,0,4800,8544,34176,262144,0.8639062500000001,0.8304,0.8658449095642943,0.007488379952778845,8.38968356695821e-05,public_state_tabular_independent_mc,0,0.3668504250686429,0.9897475000470877,True,accepted_return_check_disabled,0.1,1,4.421955876992201e-10,-0.01698467909811578,100,5.0,0.08072250304679127,0.03127756747121214,0.01384616312063136,0.001898822650609911,0.017113777246355648,0.02367592034146518
T-L,AN,mc_learned_baseline,False,44,25,17800,6400,6400,0,0,5000,8900,35600,262144,0.8873437500000001,0.8630999999999999,0.8727670565905465,0.006922147026252268,8.109253513931259e-05,public_state_tabular_independent_mc,0,0.36106613493466017,1.029419400030747,True,accepted_return_check_disabled,0.1,1,6.721890847274651e-10,-0.016994159413262638,100,5.0,0.07900735074919688,0.031000591942459334,0.003508149233387159,0.0023454422794169025,0.01673453058099319,0.021395714343313117
T-L,AN,mc_learned_baseline,False,44,26,18512,6656,6656,0,0,5200,9256,37024,262144,0.8432812500000001,0.9159,0.8817486183835391,0.008981561792992587,0.00016832254941106823,public_state_tabular_independent_mc,0,0.3533156350945765,1.0770196999656036,True,accepted_return_check_disabled,0.1,1,8.254753722479733e-10,-0.03387920897840114,100,5.0,0.1018080321627852,0.04126360897841376,0.006111270315368289,0.006521931739686431,0.0357521460550528,0.015340742922752122
T-L,AN,mc_learned_baseline,False,44,27,19224,6912,6912,0,0,5400,9612,38448,262144,0.8435156250000002,0.9099,0.8914556928020805,0.00970707441854135,0.00019227648658764896,public_state_tabular_independent_mc,0,0.34472650657006754,1.1271775000495836,True,accepted_return_check_disabled,0.1,1,3.044548513275896e-09,-0.04160847441337412,100,5.0,0.12209715709804242,0.04800145263074948,0.01320678341112902,0.004597574543405817,0.04052689975199939,0.014787996382226325
T-L,AN,mc_learned_baseline,False,44,28,19936,7168,7168,0,0,5600,9968,39872,262144,0.8615625000000001,0.8919,0.898430092166088,0.006974399364007566,0.00011044654647406909,public_state_tabular_independent_mc,0,0.33789909190966194,1.1801194000290707,True,accepted_return_check_disabled,0.1,1,6.582236121071081e-10,-0.02419788049547823,100,5.0,0.08280429713465903,0.0308790869685965,0.021419675453884235,0.0006391951247813818,0.02296252631251696,0.015998384571794512
T-L,AN,mc_learned_baseline,False,44,29,20648,7424,7424,0,0,5800,10324,41296,262144,0.8894531250000002,0.9423,0.9045936735144452,0.00616358134835715,0.00010629758726156502,public_state_tabular_independent_mc,0,0.3316597712471603,1.2311028999974951,True,accepted_return_check_disabled,0.1,1,1.3730601899805156e-09,-0.02210143329175184,100,5.0,0.0692381805419922,0.02634125989723314,0.0054619552419282735,0.002367272498395384,0.02228012034853941,0.012404995899701034
T-L,AN,mc_learned_baseline,False,44,30,21360,7680,7680,0,0,6000,10680,42720,262144,0.8847656250000001,0.9306000000000002,0.9108910354780588,0.006297361963613635,0.00012961921410987881,public_state_tabular_independent_mc,0,0.32481083635290503,1.2712096000323072,True,accepted_return_check_disabled,0.1,1,2.116764290833001e-09,-0.027709373463962673,100,5.0,0.06840866170760401,0.025997641836854664,0.012484554694598304,0.0049317300780765275,0.027834464174826025,0.008180597701623112
T-L,AN,mc_learned_baseline,False,44,31,22072,7936,7936,0,0,6200,11036,44144,262144,0.9147656250000001,0.8889,0.9149279742184865,0.0040369387404276535,6.520082946795444e-05,public_state_tabular_independent_mc,0,0.32024052331134734,1.3132439999608323,True,accepted_return_check_disabled,0.1,1,1.1578463009317904e-09,-0.013703561726148589,100,5.0,0.04563996860670008,0.01621500449722905,0.013821299203410686,0.0025891594412341947,0.013654945431677976,0.00890406776471123
T-L,AN,mc_learned_baseline,False,44,32,22784,8192,8192,0,0,6400,11392,45568,262144,0.9517968750000002,0.8916,0.916892002122049,0.0019640279035625374,2.3673315207425193e-05,public_state_tabular_independent_mc,0,0.3174256469147985,1.353209999972023,True,accepted_return_check_disabled,0.1,1,2.8654334094961597e-10,-0.005203775346361114,100,5.0,0.02069061379481677,0.0056419050970726225,0.00643086959638417,0.004678929344423505,0.004868583217702404,0.005784129387929583
T-L,AN,mc_learned_baseline,False,44,33,23496,8448,8448,0,0,6600,11748,46992,262144,0.9053906250000001,0.9213000000000001,0.9210348933793746,0.004142891257325587,8.845948901665794e-05,public_state_tabular_independent_mc,0,0.31260997411285574,1.4001623999793082,True,accepted_return_check_disabled,0.1,1,1.4354971441808958e-09,-0.01942486252067418,100,5.0,0.05084567603958228,0.015447872454193563,0.01833061904570943,0.005211585899312582,0.01863434368992581,0.004950145418002733
T-L,AN,mc_learned_baseline,False,44,34,24208,8704,8704,0,0,6800,12104,48416,262144,0.9007031250000002,0.9303000000000001,0.9251892398993149,0.0041543465199402885,7.115907247259e-05,public_state_tabular_independent_mc,0,0.3075120617152344,1.4404044999973848,True,accepted_return_check_disabled,0.1,1,1.0068160170615944e-09,-0.015498203428074536,100,5.0,0.048038097244435266,0.016112435427306643,0.02490961575918582,0.0007505986696935002,0.014900494810183115,0.008387224778737826
T-L,AN,mc_learned_baseline,False,44,35,24920,8960,8960,0,0,7000,12460,49840,262144,0.8960156250000002,0.9008999999999999,0.9291204503606215,0.003931210461306622,0.0001077410204452154,public_state_tabular_independent_mc,0,0.3025721645965596,1.4832940000342205,True,accepted_return_check_disabled,0.1,1,4.779291312027698e-10,-0.022589211978847383,100,5.0,0.045491918228826284,0.016078704299630982,0.02781638240783868,0.008940841837842948,0.02396918195739256,-0.0008078263901318168
T-L,AN,mc_learned_baseline,False,44,36,25632,9216,9216,0,0,7200,12816,51264,262144,0.9285937500000001,0.9092999999999999,0.9322981738715662,0.0031777235109446966,7.73902835856624e-05,public_state_tabular_independent_mc,0,0.2984938292463602,1.5232865000143647,True,accepted_return_check_disabled,0.1,1,6.510116994872712e-10,-0.01617244126678542,100,5.0,0.03756771545410157,0.010512983335035683,0.010067320719604256,0.005452893467801711,0.016713861590706695,0.0016953969158683795
T-L,AN,mc_learned_baseline,False,44,37,26344,9472,9472,0,0,7400,13172,52688,262144,0.9375000000000002,0.9512999999999999,0.9333110368871024,0.0010128630155361584,1.285466693239966e-05,public_state_tabular_independent_mc,0,0.29655896446441343,1.5616515000583604,True,accepted_return_check_disabled,0.1,1,4.285159517222669e-10,-0.0026379076699338967,100,5.0,0.010897818803568613,0.0002903547012481152,0.08294229908016304,0.0036319890447569355,0.0026081911346701233,0.0027543867608687657
T-L,AN,mc_learned_baseline,False,44,38,27056,9728,9728,0,0,7600,13528,54112,262144,0.9400781250000001,0.9390000000000001,0.93519719856434,0.0018861616772376522,3.56897280168647e-05,public_state_tabular_independent_mc,0,0.293693570406055,1.5983689000131562,True,accepted_return_check_disabled,0.1,1,5.20334616840911e-10,-0.0078194690479791,100,5.0,0.021866133468772836,0.005839550368527112,-0.011845236312173046,0.003428857353355128,0.0076327315019865585,0.002970665789464538
T-L,AN,mc_learned_baseline,False,44,39,27768,9984,9984,0,0,7800,13884,55536,262144,0.9236718750000001,0.9512999999999999,0.937370323825684,0.0021731252613439445,3.5407805014986646e-05,public_state_tabular_independent_mc,0,0.2903675798038494,1.6401498999912292,True,accepted_return_check_disabled,0.1,1,5.712204548484459e-10,-0.007787083312077643,100,5.0,0.024746801757812506,0.005496364996896381,0.03923350822047866,0.001466483996814961,0.007326306379739201,0.004618132870576856
T-L,AN,mc_learned_baseline,False,44,40,28480,10240,10240,0,0,8000,14240,56960,262144,0.9492187500000002,0.9246000000000001,0.9383815866001314,0.0010112627744474079,1.3026199254220486e-05,public_state_tabular_independent_mc,0,0.2883934893405112,1.6810721000656486,True,accepted_return_check_disabled,0.1,1,2.882299838755196e-10,-0.002662819670883923,100,5.0,0.010041503906250006,7.504321622607652e-05,0.06021566807112788,0.0030433266404339097,0.0026379027656938028,0.0027036194575441822
T-L,AN,mc_learned_baseline,False,44,41,29192,10496,10496,0,0,8200,14596,58384,262144,0.9260156250000002,0.966,0.9403726281258299,0.0019910415256985114,5.0861466294752986e-05,public_state_tabular_independent_mc,0,0.2852407443367258,1.7205603000475094,True,accepted_return_check_disabled,0.1,1,4.762234119122536e-10,-0.010546141531613883,100,5.0,0.021620092773437502,0.005429296234555169,0.04495229475430851,0.005378243457939124,0.01108358241592151,0.0003883131701632129
T-L,AN,mc_learned_baseline,False,44,42,29904,10752,10752,0,0,8400,14952,59808,262144,0.9541406250000002,0.9630000000000001,0.9426923503587236,0.002319722232893673,4.811910976008777e-05,public_state_tabular_independent_mc,0,0.2817715981282402,1.7614208000013605,True,accepted_return_check_disabled,0.1,1,8.998531586968493e-10,-0.00919980346783068,100,5.0,0.023281711688036832,0.0053385047387612405,0.01524789177700514,0.0025727342695031096,0.010211850842031788,0.002877148455796553
T-L,AN,mc_learned_baseline,False,44,43,30616,11008,11008,0,0,8600,15308,61232,262144,0.9445312500000003,0.9570000000000001,0.9437733922915342,0.0010810419328106669,1.4201363353058963e-05,public_state_tabular_independent_mc,0,0.27964695244353366,1.8014301999937743,True,accepted_return_check_disabled,0.1,1,5.277257887840844e-11,-0.0028344242354442018,100,5.0,0.010587382318737064,0.00026803047542346014,0.06634906990938882,0.002172047690454284,0.0028396044359112835,0.0028427170590848184
T-L,AN,mc_learned_baseline,False,44,44,31328,11264,11264,0,0,8800,15664,62656,262144,0.9353906250000003,0.96,0.9458082740108409,0.002034881719306658,4.257991107660713e-05,public_state_tabular_independent_mc,0,0.2764572211752491,1.8402559000533074,True,accepted_return_check_disabled,0.1,1,5.373961650068588e-10,-0.009445338937982316,100,5.0,0.024332617187500006,0.005541525108039154,0.026900838003101724,0.002618240075382296,0.009072202267622929,0.00241020644360089
T-L,AN,mc_learned_baseline,False,44,45,32040,11520,11520,0,0,9000,16020,64080,262144,0.9515625000000003,0.9870000000000002,0.946822929825549,0.0010146558147081652,1.2777120022317925e-05,public_state_tabular_independent_mc,0,0.27443130098510615,1.8773968999739736,True,accepted_return_check_disabled,0.1,1,1.3850213587860704e-10,-0.0025989377919489647,100,5.0,0.010012690570613861,7.952963839511764e-05,0.047171618761813305,0.0018952397824871909,0.00258079472948175,0.0027800187189070723
T-L,AN,mc_learned_baseline,False,44,46,32752,11776,11776,0,0,9200,16376,65504,262144,0.9609375000000002,0.9630000000000001,0.9478464671457615,0.001023537320212431,1.2636465014663212e-05,public_state_tabular_independent_mc,0,0.27239012806615825,1.9173747999593616,True,accepted_return_check_disabled,0.1,1,1.4223641821310487e-10,-0.0025708788801007652,100,5.0,0.009845944699869325,0.00019103065999388853,0.03527609140330157,0.0018376209569536538,0.0025527169413289974,0.002855638030014364
T-L,AN,mc_learned_baseline,False,44,47,33464,12032,12032,0,0,9400,16732,66928,262144,0.9515625000000002,0.9570000000000001,0.9489167963912586,0.0010703292454971036,1.406589847352686e-05,public_state_tabular_independent_mc,0,0.2702367665077233,1.9551262999884784,True,accepted_return_check_disabled,0.1,1,1.9105350138331638e-10,-0.0027875915862079466,100,5.0,0.01005523681640625,0.00019383337038871088,0.04941911124019749,0.0018926266794594341,0.0028025935831834012,0.0028135409389418603
T-L,AN,mc_learned_baseline,False,44,48,34176,12288,12288,0,0,9600,17088,68352,262144,0.9421875000000002,0.954,0.9499682673976272,0.0010514710063685984,1.3456457652249975e-05,public_state_tabular_independent_mc,0,0.26811441790734275,1.995344000053592,True,accepted_return_check_disabled,0.1,1,4.515422144444341e-11,-0.0026866380197270337,100,5.0,0.010494689941406257,3.5625311850135896e-05,0.0686229079212779,0.0018882213347472436,0.0026912546403722827,0.0028357680140844764
T-L,AN,mc_learned_baseline,False,44,49,34888,12544,12544,0,0,9800,17444,69776,262144,0.9539062500000002,0.9540000000000001,0.9511220758449253,0.0011538084472980659,1.5902138570733916e-05,public_state_tabular_independent_mc,0,0.2657829769399436,2.0357657000422478,True,accepted_return_check_disabled,0.1,1,2.5401190811582047e-11,-0.00317134045559686,100,5.0,0.010431786758557778,0.0006314531880207118,0.03015301394623604,0.001852281797165704,0.0031858138971952144,0.0028879331445990602
T-L,AN,mc_learned_baseline,False,44,50,35600,12800,12800,0,0,10000,17800,71200,262144,0.9468750000000001,0.951,0.9522944625471103,0.001172386702185002,1.6477202587798813e-05,public_state_tabular_independent_mc,0,0.2633989527451598,2.079663300071843,True,accepted_return_check_disabled,0.1,1,1.8094018460416336e-10,-0.0033515833423232782,100,5.0,0.010426025390625007,0.00011840807033235006,0.05233865527321746,0.0018871243262915736,0.0033311142820972714,0.0028669539356554327
T-L,AN,mc_learned_baseline,False,44,51,36312,13056,13056,0,0,10200,18156,72624,262144,0.9656250000000002,0.9512999999999999,0.9533158672867139,0.0010214047396036596,1.241639827503372e-05,public_state_tabular_independent_mc,0,0.26131445364034805,2.132057100068778,True,accepted_return_check_disabled,0.1,1,1.2587469739755632e-11,-0.002505525432203588,100,5.0,0.009099426269531252,4.002796106022615e-05,0.031306862490252274,0.0018794501768371642,0.002497364786784726,0.002890041160899231
T-L,AN,mc_learned_baseline,False,44,52,37024,13312,13312,0,0,10400,18512,74048,262144,0.9656250000000003,0.9393,0.9543508438113956,0.0010349765246816522,1.267147823717351e-05,public_state_tabular_independent_mc,0,0.2591950430717741,2.1725429999642074,True,accepted_return_check_disabled,0.1,1,1.2129412097535615e-11,-0.002538335848871932,100,5.0,0.009121398925781251,2.4118058278058203e-05,0.03013711983363665,0.001871552701794183,0.0025387602194993477,0.0029101874479310324
T-L,AN,mc_learned_baseline,False,44,53,37736,13568,13568,0,0,10600,18868,75472,262144,0.9705468750000003,0.978,0.956448260810754,0.0020974169993583924,8.132995161666126e-05,public_state_tabular_independent_mc,0,0.25590066264293293,2.2151350000640377,True,accepted_return_check_disabled,0.1,1,1.4087941848892785e-09,-0.015238910247186826,100,5.0,0.022093603515625,0.005407138948750873,0.0016387862635773853,0.010688795409650304,0.01880893437042986,-0.005895763854639337
T-L,AN,mc_learned_baseline,False,44,54,38448,13824,13824,0,0,10800,19224,76896,262144,0.9353906250000003,0.9570000000000001,0.9584649013623304,0.002016640551576465,6.522625051075061e-05,public_state_tabular_independent_mc,0,0.25247012158114474,2.2572388000553474,True,accepted_return_check_disabled,0.1,1,1.321515393315631e-10,-0.013796213277717788,100,5.0,0.021243261718750007,0.005348011445089398,0.03385049365303239,0.00720189966879615,0.014863410670292643,-0.0028625818252046454
T-L,AN,mc_learned_baseline,False,44,55,39160,14080,14080,0,0,11000,19580,78320,262144,0.9517968750000003,0.9513000000000001,0.960224171834637,0.0017592704723066177,7.810541341191974e-05,public_state_tabular_independent_mc,0,0.24934681968867534,2.301888999994844,True,accepted_return_check_disabled,0.1,1,8.914130353965832e-10,-0.018966420489763648,100,5.0,0.020557714843749998,0.0054031097162381666,0.011525208090978234,0.01216158457749387,0.019198765511564665,-0.00813095562292276
T-L,AN,mc_learned_baseline,False,44,56,39872,14336,14336,0,0,11200,19936,79744,262144,0.9564843750000002,0.99,0.9622131195295989,0.001988947694961829,8.988645413927294e-05,public_state_tabular_independent_mc,0,0.245850462043423,2.3431383999995887,True,accepted_return_check_disabled,0.1,1,2.1526079796197204e-09,-0.022192151744956274,100,5.0,0.023054401039548353,0.005371304010102619,0.0065913109506055,0.013564939936102116,0.022315397719318033,-0.00979359928802472
T-L,AN,mc_learned_baseline,False,44,57,40584,14592,14592,0,0,11400,20292,81168,262144,0.9773437500000003,0.93,0.9632399800336148,0.001026860504015903,1.2510049723974142e-05,public_state_tabular_independent_mc,0,0.243697596412554,2.3837709999643266,True,accepted_return_check_disabled,0.1,1,1.5835407234867185e-10,-0.0024817072841378006,100,5.0,0.008283691406249998,2.358578880323549e-05,0.01382647770480494,0.0005427433527938445,0.0024940537036373073,0.0029020576347155848
T-L,AN,mc_learned_baseline,False,44,58,41296,14848,14848,0,0,11600,20648,82592,262144,0.9656250000000002,0.9660000000000002,0.9643563481078574,0.0011163680742426463,1.4728784128027958e-05,public_state_tabular_independent_mc,0,0.2413481078970986,2.422674100031145,True,accepted_return_check_disabled,0.1,1,3.773868407957124e-11,-0.0029733874995431326,100,5.0,0.009099426269531252,6.929097203495227e-06,0.03130686249025261,0.0005247064640626505,0.0029681501145548306,0.0029302807723519723
T-L,AN,mc_learned_baseline,False,44,59,42008,15104,15104,0,0,11800,21004,84016,262144,0.9562500000000003,0.9840000000000001,0.9655109313555001,0.0011545832476427265,1.5698207628463838e-05,public_state_tabular_independent_mc,0,0.23890814477820635,2.461978300008923,True,accepted_return_check_disabled,0.1,1,4.5221589738184463e-10,-0.003222319010196203,100,5.0,0.009667968750000002,4.876186933981425e-05,0.04716073147256983,0.0005279113411886617,0.0031881350163210117,0.0029368587127565917
T-L,AN,mc_learned_baseline,False,44,60,42720,15360,15360,0,0,12000,21360,85440,262144,0.9585937500000002,0.9690000000000001,0.9666632706742062,0.0011523393187060638,1.5586321228294374e-05,public_state_tabular_independent_mc,0,0.2364625884295259,2.503007399966009,True,accepted_return_check_disabled,0.1,1,4.3903362786584173e-10,-0.0031987560842897758,100,5.0,0.00999755859375001,0.0002436546517859548,0.01972827668601662,0.0005249940129235746,0.0031652089295878803,0.002948521638782595
T-L,AN,mc_learned_baseline,False,44,61,43432,15616,15616,0,0,12200,21716,86864,262144,0.9843750000000002,0.972,0.9675884050061541,0.0009251343319478522,1.0015986572708402e-05,public_state_tabular_independent_mc,0,0.23449163285010846,2.546046999981627,True,accepted_return_check_disabled,0.1,1,2.867883199099092e-10,-0.0020544469249351572,100,5.0,0.0076904296875,0.00013379938334499045,0.00787401574803126,0.0006067546940713939,0.0020324116498071304,0.002874090422786164
T-L,AN,mc_learned_baseline,False,44,62,44144,15872,15872,0,0,12400,22072,88288,262144,0.9843750000000002,0.975,0.9686306073790785,0.0010422023729244057,1.2688557605069947e-05,public_state_tabular_independent_mc,0,0.2322630562971086,2.5890373999718577,True,accepted_return_check_disabled,0.1,1,3.600023246753662e-10,-0.0024941944377155903,100,5.0,0.007866210937499998,7.449730189943011e-06,-0.003464566929133772,0.00053642325930093,0.0025214304134370973,0.002949294634712465
T-L,AN,mc_learned_baseline,False,44,63,44856,16128,16128,0,0,12600,22428,89712,262144,0.9679687500000002,0.96,0.969721049300664,0.0010904419215855832,1.3866684733615647e-05,public_state_tabular_independent_mc,0,0.2299218749521947,2.631171000073664,True,accepted_return_check_disabled,0.1,1,6.12092498654757e-11,-0.002805927953034904,100,5.0,0.008942871093750002,1.8084480975746693e-06,0.02774136815383832,0.0005194328669388726,0.0027977556015159237,0.002970695275165092
T-L,AN,mc_learned_baseline,False,44,64,45568,16384,16384,0,0,12800,22784,91136,262144,0.9635156250000002,0.9693,0.9713602198564506,0.001639170555786551,6.033285855378596e-05,public_state_tabular_independent_mc,0,0.2266504309495056,2.675148700014688,True,accepted_return_check_disabled,0.1,1,5.011130125804959e-10,-0.037074903201322125,100,5.0,0.022660738087041006,0.005408238498080923,0.001663655716711454,0.008568358294469605,0.014811151370233581,-0.005074839731204971
T-L,AN,mc_learned_baseline,False,44,65,46280,16640,16640,0,0,13000,23140,92560,262144,0.9937500000000001,0.978,0.9722652628282917,0.0009050429718411301,9.619110289779785e-06,public_state_tabular_independent_mc,0,0.22468718467887167,2.7206271999748424,True,accepted_return_check_disabled,0.1,1,2.36712824102137e-10,-0.0019705253646929628,100,5.0,0.0073937988281249966,6.757470873291184e-05,-0.037784495021336406,0.0004862059547987446,0.0019506385039570625,0.002849704857384485
T-L,AN,mc_learned_baseline,False,44,66,46992,16896,16896,0,0,13200,23496,93984,262144,0.9468750000000001,0.9480000000000001,0.9736277185994237,0.0013624557711319207,2.177615584876948e-05,public_state_tabular_independent_mc,0,0.22171903551849814,2.7662371000042185,True,accepted_return_check_disabled,0.1,1,5.544498248110198e-10,-0.004470429905224207,100,5.0,0.010391740926106775,7.756341738114975e-05,0.04519538862810102,0.0005248086586850604,0.004425790552000696,0.002813275805525278
T-L,AN,mc_learned_baseline,False,44,67,47704,17152,17152,0,0,13400,23852,95408,262144,0.9658593750000002,0.9780000000000001,0.9752808932841932,0.0016531746847695539,6.994468793927487e-05,public_state_tabular_independent_mc,0,0.21839902406316358,2.811641199979931,True,accepted_return_check_disabled,0.1,1,1.5887056573893711e-10,-0.03203373727957082,100,5.0,0.019661230468750006,0.005308613883194587,0.006461593728453008,0.010783124839534437,0.017602609700991742,-0.0074437190339213324
T-L,AN,mc_learned_baseline,False,44,68,48416,17408,17408,0,0,13600,24208,96832,262144,0.9656250000000002,0.9690000000000001,0.9765197810406441,0.0012388877564508682,1.7949414750401985e-05,public_state_tabular_independent_mc,0,0.21567450078594283,2.8547761000227183,True,accepted_return_check_disabled,0.1,1,2.8855273985814665e-10,-0.0035464193759966864,100,5.0,0.009429016113281261,0.00012059604517349966,0.013760722641019019,0.00023247729941096721,0.0035809536439411834,0.002941463602818902
T-L,AN,mc_learned_baseline,False,44,69,49128,17664,17664,0,0,13800,24564,98256,262144,0.9820312500000001,1.0140000000000002,0.9775712673825643,0.0010514863419202047,1.2935644366066958e-05,public_state_tabular_independent_mc,0,0.21335118312231366,2.897165499976836,True,accepted_return_check_disabled,0.1,1,1.963424295472117e-10,-0.0026391224147558805,100,5.0,0.00788818359375,2.668035507107648e-05,0.009960350144616492,0.0002140701347589284,0.002620028017095305,0.0029572114343098654
T-L,AN,mc_learned_baseline,False,44,70,49840,17920,17920,0,0,14000,24920,99680,262144,0.9679687500000003,0.972,0.9787918293764145,0.0012205619938502332,1.74603949282677e-05,public_state_tabular_independent_mc,0,0.21064147082462037,2.9417064000153914,True,accepted_return_check_disabled,0.1,1,2.4894963790525604e-10,-0.0034527960283409955,100,5.0,0.008964843750000003,5.3444651661416945e-06,0.026546763783577676,0.00022363509554084062,0.003485359952440923,0.0029441218818884733
T-L,AN,mc_learned_baseline,False,44,71,50552,18176,18176,0,0,14200,25276,101104,262144,0.9796875000000003,0.9780000000000001,0.9798241512239902,0.0010323218475757345,1.250670568197775e-05,public_state_tabular_independent_mc,0,0.20833872385605987,2.985550899989903,True,accepted_return_check_disabled,0.1,1,1.77981174766471e-10,-0.0025503100999216535,100,5.0,0.008118896484375004,4.712158245557571e-05,0.009926113889096033,0.00021859578200044671,0.0025326885010274773,0.0029436102944540195
T-L,AN,mc_learned_baseline,False,44,72,51264,18432,18432,0,0,14400,25632,102528,262144,0.9703125000000001,0.9990000000000001,0.9810140649677733,0.0011899137437830776,1.6659708027769326e-05,public_state_tabular_independent_mc,0,0.20567177289813146,3.0265641000587493,True,accepted_return_check_disabled,0.1,1,3.447007464810178e-10,-0.003286471053705456,100,5.0,0.008789062500000002,1.5023377207780043e-05,0.023875737638200834,0.00021199439939078253,0.003320466788134321,0.002944292805851848
T-L,AN,mc_learned_baseline,False,44,73,51976,18688,18688,0,0,14600,25988,103952,262144,0.9773437500000002,1.005,0.9822304939136688,0.0012164289458954647,1.7462085643526698e-05,public_state_tabular_independent_mc,0,0.20293109584924474,3.0638215000508353,True,accepted_return_check_disabled,0.1,1,1.6820579441358115e-12,-0.0035111795687830403,100,5.0,0.008269958496093752,4.0337288223277544e-05,0.014645150726799616,0.00022567517444030383,0.003515458285485593,0.002922397877871796
T-L,AN,mc_learned_baseline,False,44,74,52688,18944,18944,0,0,14800,26344,105376,262144,1.0078125,0.9990000000000002,0.9830605371744824,0.0008300432608135955,8.146118218757259e-06,public_state_tabular_independent_mc,0,0.20105251611443303,3.1490781999891624,True,accepted_return_check_disabled,0.1,1,2.477143858915615e-10,-0.0016726062246635903,100,5.0,0.005976562499999996,3.043105601835469e-05,-0.046558477895914274,0.00038313501002116033,0.001654130407015616,0.0027550002483661216
T-L,AN,mc_learned_baseline,False,44,75,53400,19200,19200,0,0,15000,26700,106800,262144,0.9937500000000001,0.9783,0.9840291313034627,0.0009685941289803157,1.1128039305121435e-05,public_state_tabular_independent_mc,0,0.1988515474252302,3.196415100013837,True,accepted_return_check_disabled,0.1,1,1.4420774265721785e-11,-0.0022202703539719757,100,5.0,0.006880187988281252,5.019752274857795e-06,-0.00037784495021320197,0.00024711936502353903,0.0022313819904962455,0.0028833407018992907
T-L,AN,mc_learned_baseline,False,44,76,54112,19456,19456,0,0,15200,27056,108224,262144,0.9820312500000002,0.963,0.98515553582087,0.001126404517407309,1.5111379831821731e-05,public_state_tabular_independent_mc,0,0.19627983457630654,3.231938000069931,True,accepted_return_check_disabled,0.1,1,4.100653639236837e-10,-0.0029786520462372415,100,5.0,0.007954101562500005,4.1982066206313014e-05,0.00582297393069886,0.00019957460956575055,0.0030079790278848455,0.0029210122016476376
T-L,AN,mc_learned_baseline,False,44,77,54824,19712,19712,0,0,15400,27412,109648,262144,0.9726562500000002,0.975,0.9864514583953625,0.001295922574492514,2.010704321134744e-05,public_state_tabular_independent_mc,0,0.19330460866112115,3.2689549999777228,True,accepted_return_check_disabled,0.1,1,4.727980224687944e-12,-0.004061766616762358,100,5.0,0.008635253906250005,1.8699209561039466e-05,0.01984216459977417,0.0002927804040546959,0.0040526191481268835,0.002815082520550567
T-L,AN,mc_learned_baseline,False,44,78,55536,19968,19968,0,0,15600,27768,111072,262144,0.9820312500000001,0.9930000000000001,0.9876370062512959,0.0011855478559333887,1.691546120089169e-05,public_state_tabular_independent_mc,0,0.19056699991134304,3.3075907999882475,True,accepted_return_check_disabled,0.1,1,2.961924348111186e-10,-0.00346104266399118,100,5.0,0.00788818359375,3.806213176326562e-06,0.009960350144616492,0.00022058509548128968,0.003433221649777691,0.0028709868800076144
T-L,AN,mc_learned_baseline,False,44,79,56248,20224,20224,0,0,15800,28124,112496,262144,1.0031250000000003,0.996,0.988553502138774,0.0009164958874781082,1.01532801836247e-05,public_state_tabular_independent_mc,0,0.18844011985508555,3.3480865999590605,True,accepted_return_check_disabled,0.1,1,8.598535141924278e-11,-0.0020117356195168854,100,5.0,0.006031494140625,6.067292054189374e-07,-0.007918552036198623,0.0002709641904977147,0.002028834759144949,0.0028041559790461094
T-L,AN,mc_learned_baseline,False,44,80,56960,20480,20480,0,0,16000,28480,113920,262144,0.9796875000000003,0.9750000000000001,0.9897517435348492,0.0011982413960751614,1.7466113477676605e-05,public_state_tabular_independent_mc,0,0.18564523577033454,3.387057200074196,True,accepted_return_check_disabled,0.1,1,4.036833323803975e-10,-0.0035849202277285397,100,5.0,0.008407287597656252,0.0001335197961651095,-0.007705798940219832,0.00023309101044645522,0.003550450630584608,0.002828297022894324
T-L,AN,mc_learned_baseline,False,44,81,57672,20736,20736,0,0,16200,28836,115344,262144,0.9914062500000003,0.96,0.9908610187776664,0.0011092752428172314,1.5064131895121957e-05,public_state_tabular_independent_mc,0,0.1830432595708575,3.434378799982369,True,accepted_return_check_disabled,0.1,1,6.289798153745507e-12,-0.0030169982633097845,100,5.0,0.007294921874999997,0.0002004414940012964,-0.013083428374685235,0.0001984856784083663,0.003027697498884371,0.002843615074026909
T-L,AN,mc_learned_baseline,False,44,82,58384,20992,20992,0,0,16400,29192,116768,262144,0.9869531250000003,0.99,0.9921005288066437,0.0012395100289772643,2.845155032957564e-05,public_state_tabular_independent_mc,0,0.18019992482575514,3.474098899983801,True,accepted_return_check_disabled,0.1,1,2.3871277514751877e-10,-0.0454001024722519,100,5.0,0.021038950473664993,0.005468990218426405,-0.009788737777496115,0.002684954984127316,0.006591411055724147,0.0003379433200630475
T-L,AN,mc_learned_baseline,False,44,83,59096,21248,21248,0,0,16600,29548,118192,262144,0.9984375000000003,1.005,0.9930616050229096,0.0009610762162659547,1.1505889585378874e-05,public_state_tabular_independent_mc,0,0.1779197351749436,3.513022599974647,True,accepted_return_check_disabled,0.1,1,6.446089021613835e-11,-0.0023382943563850685,100,5.0,0.006503906249999998,3.359884011195258e-05,-0.007622677465459304,0.00017705617155617983,0.002325155020050267,0.0027748415997550656
T-L,AN,mc_learned_baseline,False,44,84,59808,21504,21504,0,0,16800,29904,119616,262144,0.9750000000000002,1.0020000000000002,0.9943579081333781,0.0012963031104684664,2.1122236478967774e-05,public_state_tabular_independent_mc,0,0.174826311686106,3.5519339999882504,True,accepted_return_check_disabled,0.1,1,2.875140906993977e-10,-0.004187505328405618,100,5.0,0.008506164550781254,2.3188884570991117e-05,0.014186789772726915,0.00030656641141826337,0.004225559913380563,0.0026271940228406506
T-L,AN,mc_learned_baseline,False,44,85,60520,21760,21760,0,0,17000,30260,121040,262144,0.9705468750000001,1.005,0.9958438379765573,0.00148592984317919,4.557146416091962e-05,public_state_tabular_independent_mc,0,0.17139801649601072,3.5993900999892503,True,accepted_return_check_disabled,0.1,1,4.975063518821697e-10,-0.04258207324054695,100,5.0,0.020219335937500013,0.00566540854950985,-0.00823845217245478,0.005222364614246775,0.010816400549053473,-0.0023146080168873935
T-L,AN,mc_learned_baseline,False,44,86,61232,22016,22016,0,0,17200,30616,122464,262144,0.9984375000000003,0.9930000000000001,0.9968343052793951,0.0009904673028378053,1.2530149005977875e-05,public_state_tabular_independent_mc,0,0.16900497056380942,3.636868300032802,True,accepted_return_check_disabled,0.1,1,3.3966344643865525e-10,-0.002470147924108645,100,5.0,0.006407775878906251,3.580696238731916e-08,-0.00011910433539785714,8.037607400707514e-05,0.0024951568201148373,0.002725238743120929
T-L,AN,mc_learned_baseline,False,44,87,61944,22272,22272,0,0,17400,30972,123888,262144,1.0148437500000003,1.005,0.9975434461663599,0.0007091408869648319,6.464351076145402e-06,public_state_tabular_independent_mc,0,0.16728374818554312,3.674570900038816,True,accepted_return_check_disabled,0.1,1,1.8350491502765093e-10,-0.0013269576898584014,100,5.0,0.004754333496093749,7.023108272240399e-06,0.0011985358427007986,0.00032477428499180333,0.0013126171799584159,0.002458130856307159
T-L,AN,mc_learned_baseline,False,44,88,62656,22528,22528,0,0,17600,31328,125312,262144,0.9890625000000002,0.9990000000000002,0.9987161339532542,0.0011726877868942776,1.785516123319306e-05,public_state_tabular_independent_mc,0,0.1644226734170301,3.7368606000673026,True,accepted_return_check_disabled,0.1,1,3.3009687503699965e-10,-0.003542142633604361,100,5.0,0.007382812499999997,0.00025921647666397396,-0.0026704498038885305,0.00013625687278653596,0.003566943600396809,0.002629754565101768
T-L,AN,mc_learned_baseline,False,44,89,63368,22784,22784,0,0,17800,31684,126736,262144,1.0007812500000002,1.002,0.9996646463724249,0.0009485124191707106,1.179080074625933e-05,public_state_tabular_independent_mc,0,0.16209481807178916,3.804664900060743,True,accepted_return_check_disabled,0.1,1,3.201725454768083e-10,-0.0023252379243496333,100,5.0,0.00617431640625,1.5722646936552496e-07,-0.00019778970010153607,8.431185097855859e-05,0.0023480740922065357,0.002652601437880421
T-L,AN,mc_learned_baseline,False,44,90,64080,23040,23040,0,0,18000,32040,128160,262144,1.01953125,1.002,1.0003515151156457,0.0006868687432207699,6.228145778002931e-06,public_state_tabular_independent_mc,0,0.16040127521387973,3.841515199979767,True,accepted_return_check_disabled,0.1,1,1.433442065426441e-10,-0.0012761915731624746,100,5.0,0.004380798339843747,7.155800353745943e-06,-0.009987288905029423,0.0003244164923593491,0.0012634482252290703,0.002387902218745622
T-L,AN,mc_learned_baseline,False,44,91,64792,23296,23296,0,0,18200,32396,129584,262144,1.01015625,0.9960000000000001,1.0011651394837366,0.0008136243680909594,8.810865348135567e-06,public_state_tabular_independent_mc,0,0.15838654844528227,3.8791988999582827,True,accepted_return_check_disabled,0.1,1,1.6356710788962636e-10,-0.0018017209757857568,100,5.0,0.005317382812499999,2.3233205591292718e-05,-0.007968360919876405,0.00015342658556376503,0.0017873063815625652,0.0025404906655353207
T-L,AN,mc_learned_baseline,False,44,92,65504,23552,23552,0,0,18400,32752,131008,262144,1.0078125000000002,1.002,1.002084262279593,0.0009191227958562642,1.1353522452447867e-05,public_state_tabular_independent_mc,0,0.15609907968101672,3.9169072000076994,True,accepted_return_check_disabled,0.1,1,3.023514772221487e-10,-0.0022383519683328093,100,5.0,0.005712890624999998,0.00014456758686906275,-0.02238388360380461,8.553594929722956e-05,0.0022614744221335216,0.002585941466950127
T-L,AN,mc_learned_baseline,False,44,93,66216,23808,23808,0,0,18600,33108,132432,262144,1.0078125000000002,1.0170000000000001,1.0029211393676634,0.0008368770880704535,9.503093755999355e-06,public_state_tabular_independent_mc,0,0.15400547108416274,3.952705700066872,True,accepted_return_check_disabled,0.1,1,6.67379143139093e-11,-0.0019339639530524702,100,5.0,0.005462951660156251,1.180279296515419e-06,0.0005316172355910309,0.00012088969938921284,0.001922036904244971,0.002524400011241909
T-L,AN,mc_learned_baseline,False,44,94,66928,24064,24064,0,0,18800,33464,133856,262144,1.01015625,0.9930000000000001,1.0037578659833724,0.0008367266157089936,9.593132792920998e-06,public_state_tabular_independent_mc,0,0.1519017054990243,3.9894604000728577,True,accepted_return_check_disabled,0.1,1,6.183660939272913e-12,-0.001939328284535819,100,5.0,0.005182800292968753,2.4705480915393237e-05,0.004950930130364739,0.00011576657913016871,0.001933265656967206,0.0025049053253000785
T-L,AN,mc_learned_baseline,False,44,95,67640,24320,24320,0,0,19000,33820,135280,262144,1.0031250000000003,1.008,1.0047110620207569,0.0009531960373845294,1.2591605257300491e-05,public_state_tabular_independent_mc,0,0.14949199421368797,4.0275518000125885,True,accepted_return_check_disabled,0.1,1,3.039971429336274e-10,-0.00258591632262111,100,5.0,0.00593536376953125,1.1529789145971618e-06,0.0001799670917321805,7.347544051921979e-05,0.002561044521980629,0.002521846058381668
T-L,AN,mc_learned_baseline,False,44,96,68352,24576,24576,0,0,19200,34176,136704,262144,1.0125000000000002,0.993,1.0055110768231572,0.0008000148024003284,8.963908061815058e-06,public_state_tabular_independent_mc,0,0.14745852171617752,4.06786850001663,True,accepted_return_check_disabled,0.1,1,6.771440505650876e-11,-0.0018250572903761213,100,5.0,0.00492462158203125,1.374098282406531e-05,0.007597194881889813,0.0001269817539358689,0.0018134689867819298,0.0024385626793513625
T-L,AN,mc_learned_baseline,False,44,97,69064,24832,24832,0,0,19400,34532,138128,262144,1.0007812500000002,0.9930000000000001,1.0065292041187237,0.0010181272955664955,1.4705894480160854e-05,public_state_tabular_independent_mc,0,0.14485578232331733,4.11218000005465,True,accepted_return_check_disabled,0.1,1,1.4573846632007246e-10,-0.0029326473413279312,100,5.0,0.006215515136718753,9.841472870384421e-06,-0.00353549088931171,9.411829986237843e-05,0.002945211515500793,0.00244569611677325
T-L,AN,mc_learned_baseline,False,44,98,69776,25088,25088,0,0,19600,34888,139552,262144,1.0078125000000002,0.9840000000000001,1.0074051859224669,0.0008759818037431533,1.1023349351292174e-05,public_state_tabular_independent_mc,0,0.1426027846314546,4.152197299990803,True,accepted_return_check_disabled,0.1,1,1.562662526227835e-12,-0.002218331583526813,100,5.0,0.005449218749999998,6.570919637854638e-06,0.0017907106883048307,7.754378562075027e-05,0.00222138775873935,0.0024285514333499195
T-L,AN,mc_learned_baseline,False,44,99,70488,25344,25344,0,0,19800,35244,140976,262144,1.0242187500000002,1.008,1.0079962380988308,0.0005910521763639043,5.065751714797754e-06,public_state_tabular_independent_mc,0,0.1410753337667154,4.188448200002313,True,accepted_return_check_disabled,0.1,1,1.6409607509028916e-10,-0.001041375330417386,100,5.0,0.003578796386718748,2.6217229685766307e-05,0.03386247772205475,0.0003595035633079597,0.0010295670014301903,0.0021167068863251386
T-L,AN,mc_learned_baseline,False,44,100,71200,25600,25600,0,0,20000,35600,142400,262144,0.9984375000000002,1.0110000000000001,1.0090724869493595,0.001076248850528705,1.7039040528244125e-05,public_state_tabular_independent_mc,0,0.13827857681112665,4.226617200067267,True,accepted_return_check_disabled,0.1,1,1.0970752264710865e-10,-0.00346841553260621,100,5.0,0.006429748535156252,3.8040463445860954e-06,-0.0018342067651269112,0.0001716282728114895,0.00345507255133416,0.002283961628113605
T-L,AN,mc_learned_baseline,False,44,101,71912,25856,25856,0,0,20200,35956,143824,262144,1.021875,1.008,1.0097510889936854,0.0006786020443259044,6.855045680782745e-06,public_state_tabular_independent_mc,0,0.13650470071107196,4.265004000044428,True,accepted_return_check_disabled,0.1,1,1.6866483031109262e-12,-0.0013718990459079903,100,5.0,0.004045715332031247,3.610349758286288e-05,0.002128482972136525,0.00020012386914861362,0.0013773146448271558,0.0022169735695909826
T-L,AN,mc_learned_baseline,False,44,102,72624,26112,26112,0,0,20400,36312,145248,262144,1.0078125000000002,1.026,1.010657257614679,0.0009061686209936859,1.23914123587095e-05,public_state_tabular_independent_mc,0,0.13412304724664806,4.309759699972346,True,accepted_return_check_disabled,0.1,1,1.2528623764308085e-11,-0.002510662430325064,100,5.0,0.005462951660156252,1.194366666213692e-05,0.0005316172355904758,7.54407581241426e-05,0.002502261066675521,0.002316759451649954
T-L,AN,mc_learned_baseline,False,44,103,73336,26368,26368,0,0,20600,36668,146672,262144,1.0125000000000002,1.008,1.0114906087906137,0.0008333511759346379,1.0629066957522203e-05,public_state_tabular_independent_mc,0,0.13191944071047154,4.347819500020705,True,accepted_return_check_disabled,0.1,1,2.3799314147195203e-10,-0.0021815255130905736,100,5.0,0.004932861328125001,4.693871302877264e-06,0.006766732283465249,7.355586636217885e-05,0.002161527384010458,0.0022846420987720547
T-L,AN,mc_learned_baseline,False,44,104,74048,26624,26624,0,0,20800,37024,148096,262144,1.0148437500000003,1.005,1.012284939433073,0.0007943306424593732,9.791694847236691e-06,public_state_tabular_independent_mc,0,0.1298068275496791,4.391443900065497,True,accepted_return_check_disabled,0.1,1,5.050775231955484e-12,-0.0019736499913534152,100,5.0,0.004666442871093753,3.0710984352867625e-05,0.010527679699394055,8.087559067437554e-05,0.0019748760811001327,0.00224528950158241
T-L,AN,mc_learned_baseline,False,44,105,74760,26880,26880,0,0,21000,37380,149520,262144,1.0125000000000004,1.005,1.0131067089688879,0.0008217695358148092,1.0633555914094912e-05,public_state_tabular_independent_mc,0,0.12760841487602506,4.433818000019528,True,accepted_return_check_disabled,0.1,1,2.670264075833353e-10,-0.002186008362869119,100,5.0,0.004921875000000002,3.15398867525294e-08,0.007874015748031704,7.184569009659555e-05,0.0021641071015505746,0.0022231059419962167
T-L,AN,mc_learned_baseline,False,44,106,75472,27136,27136,0,0,21200,37736,150944,262144,1.0171875000000004,1.014,1.0138549105491983,0.0007482015803104147,8.940824802432171e-06,public_state_tabular_independent_mc,0,0.12559519997356536,4.472768699983135,True,accepted_return_check_disabled,0.1,1,1.0153495199992213e-10,-0.0017722354771591566,100,5.0,0.004386291503906252,1.9366289817305216e-05,0.01626044091469314,9.166697190351572e-05,0.0017882528489731383,0.0021702940005606415
T-L,AN,mc_learned_baseline,False,44,107,76184,27392,27392,0,0,21400,38092,152368,262144,1.0148437500000003,1.0080000000000002,1.0146376078288355,0.0007826972796372011,9.930393535803071e-06,public_state_tabular_independent_mc,0,0.12347703294965139,4.5103589000646025,True,accepted_return_check_disabled,0.1,1,2.586352827917257e-10,-0.002041800125125009,100,5.0,0.00465545654296875,3.362339060994117e-07,0.011693822681481003,7.3405454089399e-05,0.002021285924299558,0.0021579000695160864
T-L,AN,mc_learned_baseline,False,44,108,76896,27648,27648,0,0,21600,38448,153792,262144,1.0057031250000004,1.0290000000000001,1.0156350262881368,0.0009974184593013469,1.8583776169219237e-05,public_state_tabular_independent_mc,0,0.12078275089555106,4.549646100029349,True,accepted_return_check_disabled,0.1,1,3.663009322390413e-10,-0.047948369659101764,100,5.0,0.018985571289062492,0.005306179545103159,0.0024581600671907955,0.0007591714537793092,0.0039780486522381754,0.0014394346094452311
T-L,AN,mc_learned_baseline,False,44,109,77608,27904,27904,0,0,21800,38804,155216,262144,1.0171875000000004,1.0230000000000001,1.0163909089497183,0.0007558826615814418,9.607807254810149e-06,public_state_tabular_independent_mc,0,0.11870891065867208,4.589026100002229,True,accepted_return_check_disabled,0.1,1,2.516573481635466e-10,-0.0019760329050950297,100,5.0,0.0043862915039062506,4.924278160486215e-07,0.01626044091469292,6.3680593453723e-05,0.0019559164106386366,0.0020812048629682456
T-L,AN,mc_learned_baseline,False,44,110,78320,28160,28160,0,0,22000,39160,156640,262144,1.0148437500000003,1.014,1.0172098821351576,0.0008189731854393312,1.147461127359957e-05,public_state_tabular_independent_mc,0,0.11644779675162564,4.627115400042385,True,accepted_return_check_disabled,0.1,1,2.3127982840814372e-10,-0.002276153763457595,100,5.0,0.00468017578125,3.837672226843866e-05,0.009070000971785896,6.848643060452759e-05,0.0022930203431850886,0.002043659941273361
T-L,AN,mc_learned_baseline,False,44,111,79032,28416,28416,0,0,22200,39516,158064,262144,1.0218750000000003,1.014,1.0178927741043264,0.0006828919691688196,8.106762606095943e-06,public_state_tabular_independent_mc,0,0.11455082879197297,4.66815130005125,True,accepted_return_check_disabled,0.1,1,2.576906877841011e-11,-0.0016168253753676026,100,5.0,0.003957824707031249,7.108997822685042e-05,0.013273993808049611,8.239990085772127e-05,0.0016269456279805437,0.00199359596157746
T-L,AN,mc_learned_baseline,False,44,112,79744,28672,28672,0,0,22400,39872,159488,262144,1.0289062500000004,1.0170000000000001,1.0184244711098571,0.0005316970055306847,4.979305481803289e-06,public_state_tabular_independent_mc,0,0.11306640589235314,4.716185600031167,True,accepted_return_check_disabled,0.1,1,1.4180131566131935e-10,-0.0009801218635847246,100,5.0,0.0029663085937500014,7.241495898408902e-06,0.06238194410810338,0.00023236771537034717,0.0009907220032785561,0.0018129446385518355
T-L,AN,mc_learned_baseline,False,44,113,80456,28928,28928,0,0,22600,40228,160912,262144,1.0265625000000003,1.014,1.0190002912285172,0.0005758201186600864,5.918019890398586e-06,public_state_tabular_independent_mc,0,0.11145128477033142,4.7621703000040725,True,accepted_return_check_disabled,0.1,1,1.5703412145183272e-10,-0.001215866862913076,100,5.0,0.003309631347656248,7.098316848506657e-06,0.041569923200571735,0.00015348230154856743,0.001203292873140878,0.0018676001019156808
T-L,AN,mc_learned_baseline,False,44,114,81168,29184,29184,0,0,22800,40584,162336,262144,1.0148437500000003,1.0200000000000002,1.0198214613271535,0.000821170098636248,1.2257857118355925e-05,public_state_tabular_independent_mc,0,0.10913415318283065,4.808059300063178,True,accepted_return_check_disabled,0.1,1,8.81463690474139e-12,-0.002477101722414916,100,5.0,0.004680175781250003,3.6504305626017063e-06,0.009070000971785896,9.564974439042978e-05,0.0024779092893748877,0.001898856327664861
T-L,AN,mc_learned_baseline,False,44,115,81880,29440,29440,0,0,23000,40940,163760,262144,1.0125000000000002,1.026,1.0206937332975756,0.0008722719704221671,1.4133147387304055e-05,public_state_tabular_independent_mc,0,0.10665452427263254,4.85049910005182,True,accepted_return_check_disabled,0.1,1,1.0635919055440552e-10,-0.00288884361172769,100,5.0,0.005056457519531253,3.966876197576411e-05,-0.005690206692913646,0.0001629304989124307,0.0028703183251585942,0.0017930716168405273
T-L,AN,mc_learned_baseline,False,44,116,82592,29696,29696,0,0,23200,41296,165184,262144,1.03359375,1.0230000000000001,1.0211103826729346,0.0004166493753590128,3.2705526250728542e-06,public_state_tabular_independent_mc,0,0.10546327556062787,4.890946100000292,True,accepted_return_check_disabled,0.1,1,9.23408138568089e-11,-0.0006708744835818355,100,5.0,0.0023373413085937505,3.2260661734338515e-05,0.10605440187189263,0.0003600090346511832,0.000664292284345627,0.0015543155590071894
T-L,AN,mc_learned_baseline,False,44,117,83304,29952,29952,0,0,23400,41652,166608,262144,1.0148437500000003,1.0320000000000003,1.0219244632736497,0.0008140806007150836,1.2723656475065263e-05,public_state_tabular_independent_mc,0,0.10312263967507153,4.930493199964985,True,accepted_return_check_disabled,0.1,1,2.9143925662012057e-10,-0.0026192577691045676,100,5.0,0.0047241210937500056,1.3916828312710122e-05,0.004405429043438547,0.00012796844953273835,0.0025940636159674916,0.0017661658150438628
T-L,AN,mc_learned_baseline,False,44,118,84016,30208,30208,0,0,23600,42008,168032,262144,1.0218750000000003,1.0230000000000001,1.0226112274529913,0.000686764179341548,9.238707087092962e-06,public_state_tabular_independent_mc,0,0.10113426149963971,4.970134900067933,True,accepted_return_check_disabled,0.1,1,8.825354946562983e-11,-0.0018440798888450282,100,5.0,0.0038671874999999995,4.615363252910394e-05,0.024767801857585314,6.243056307679287e-05,0.0018515234413754235,0.0017917270089977191
T-L,AN,mc_learned_baseline,False,44,119,84728,30464,30464,0,0,23800,42364,169456,262144,1.0312500000000002,1.0230000000000001,1.0230958970557251,0.00048466960273385595,4.673441365536132e-06,public_state_tabular_independent_mc,0,0.09972320031009305,5.008437899989076,True,accepted_return_check_disabled,0.1,1,1.1982142143177614e-11,-0.0009441490502603621,100,5.0,0.002735595703124997,1.573423267131842e-05,0.067584745762713,0.0001877280612258384,0.0009433265415221242,0.0016321624013965138
T-L,AN,mc_learned_baseline,False,44,120,85440,30720,30720,0,0,24000,42720,170880,262144,1.0125000000000002,1.0230000000000001,1.0239907871606089,0.0008948901048837499,1.6304194982394375e-05,public_state_tabular_independent_mc,0,0.09710037444224395,5.048546900041401,True,accepted_return_check_disabled,0.1,1,4.674662997719659e-11,-0.003267373368389014,100,5.0,0.005020751953125005,5.421393824267495e-06,-0.0020915354330710567,0.00030833447056879493,0.003286651275338764,0.0014870738687456924
T-L,AN,mc_learned_baseline,False,44,121,86152,30976,30976,0,0,24200,43076,172304,262144,1.0171875000000001,1.0110000000000001,1.0247760698269153,0.0007852826663063972,1.2875099805156266e-05,public_state_tabular_independent_mc,0,0.09477957073684812,5.09317370003555,True,accepted_return_check_disabled,0.1,1,2.085520186265542e-12,-0.002602424107474242,100,5.0,0.0043862915039062506,4.352161314378281e-05,0.01626044091469314,0.00016015600289115794,0.0025994573862482434,0.0015893989729651808
T-L,AN,mc_learned_baseline,False,44,122,86864,31232,31232,0,0,24400,43432,173728,262144,1.0265625000000003,1.0350000000000001,1.0253563845829916,0.0005803147560763389,7.176650610496201e-06,public_state_tabular_independent_mc,0,0.09305259766339904,5.137193100061268,True,accepted_return_check_disabled,0.1,1,1.615036920401199e-10,-0.0014746188420926292,100,5.0,0.00324371337890625,2.935510102527131e-07,0.0512145025897478,6.765152095471976e-05,0.0014604304427856508,0.0016409718513282284
T-L,AN,mc_learned_baseline,False,44,123,87576,31488,31488,0,0,24600,43788,175152,262144,1.03359375,1.0170000000000001,1.025777105131317,0.00042072054832531514,3.830667974551475e-06,public_state_tabular_independent_mc,0,0.09179405891491406,5.17550090001896,True,accepted_return_check_disabled,0.1,1,1.0520393223261252e-10,-0.0007542315060520986,100,5.0,0.0023291015625000007,1.6328665394095238e-05,0.10763381105586445,0.00022047834948563853,0.0007624674459676138,0.0014574799510606823
T-L,AN,mc_learned_baseline,False,44,124,88288,31744,31744,0,0,24800,44144,176576,262144,1.0312500000000004,1.0230000000000001,1.026247237965801,0.0004701328344840494,4.857585498349088e-06,public_state_tabular_independent_mc,0,0.0903810946867615,5.21120040002279,True,accepted_return_check_disabled,0.1,1,1.1902104432534796e-11,-0.0009855276486999821,100,5.0,0.0026614379882812494,1.5354996042032619e-06,0.08045550847457694,0.0001360113996038711,0.0009810051401433633,0.0015194934670498376
T-L,AN,mc_learned_baseline,False,44,125,89000,32000,32000,0,0,25000,44500,178000,262144,1.0406250000000004,1.0230000000000001,1.0265136050626076,0.00026636709680660786,1.5770009737655693e-06,public_state_tabular_independent_mc,0,0.08957738647131282,5.2519353000679985,True,accepted_return_check_disabled,0.1,1,8.75359714267955e-12,-0.0003135721188590034,100,5.0,0.0014309692382812463,3.084989577287299e-06,0.21311898211829527,0.0005394555461395474,0.000315100304170024,0.0010907383711681493
T-L,AN,mc_learned_baseline,False,44,126,89712,32256,32256,0,0,25200,44856,179424,262144,1.03359375,1.0320000000000003,1.0269424465210162,0.000428841458408602,4.142770267435549e-06,public_state_tabular_independent_mc,0,0.0882785658261176,5.292502199998125,True,accepted_return_check_disabled,0.1,1,7.658413656990833e-11,-0.0008474826390721772,100,5.0,0.0023950195312500014,1.1642536370232051e-05,0.09499853758408927,0.00017066451849225792,0.000840919387168785,0.0014450855100083119
T-L,AN,mc_learned_baseline,False,44,127,90424,32512,32512,0,0,25400,45212,180848,262144,1.0335937500000003,1.026,1.027376769095163,0.00043432257414677267,4.316051465430458e-06,public_state_tabular_independent_mc,0,0.0869568989545773,5.333113500033505,True,accepted_return_check_disabled,0.1,1,1.1272942636503265e-10,-0.0008868285491378544,100,5.0,0.0025488281249999977,0.00010696625053653227,0.06551623281661356,0.00015225544160096273,0.0008776927910610296,0.0014400835319563694
T-L,AN,mc_learned_baseline,False,44,128,91136,32768,32768,0,0,25600,45568,182272,262144,1.0242187500000002,1.026,1.028015420017851,0.000638650922688111,9.534238461768176e-06,public_state_tabular_independent_mc,0,0.08500175483664271,5.375736200017855,True,accepted_return_check_disabled,0.1,1,1.9732801335377415e-10,-0.001959917143580604,100,5.0,0.0035458374023437525,9.291231852541616e-07,0.0383387905665854,8.994359243175577e-05,0.0019429619682668168,0.0014784877930275884
T-L,AN,mc_learned_baseline,False,44,129,91848,33024,33024,0,0,25800,45924,183696,262144,1.0148437500000003,1.0170000000000001,1.0288789788947579,0.0008635588769068114,1.797465546461358e-05,public_state_tabular_independent_mc,0,0.08233522679148103,5.414518799982034,True,accepted_return_check_disabled,0.1,1,7.952307744804673e-11,-0.0036208594949996035,100,5.0,0.004754333496093756,2.7271592130216095e-07,0.0011985358426999104,0.0005410728215060639,0.003627968457956621,0.0009918429190344143
T-L,AN,mc_learned_baseline,False,44,130,92560,33280,33280,0,0,26000,46280,185120,262144,1.0359375000000002,1.038,1.029250371724527,0.0003713928297690572,3.3941549322069704e-06,public_state_tabular_independent_mc,0,0.08118008541595033,5.452319600037299,True,accepted_return_check_disabled,0.1,1,4.461921008252327e-11,-0.0006712852240841763,100,5.0,0.002013244628906252,4.251938903785384e-05,0.13778446246403397,0.00019848857164103412,0.0006779131646923224,0.0012857215372090607
T-L,AN,mc_learned_baseline,False,44,131,93272,33536,33536,0,0,26200,46636,186544,262144,1.0359375000000002,1.035,1.0296240526358031,0.0003736809112762085,3.4891231841652015e-06,public_state_tabular_independent_mc,0,0.08001262117585099,5.491820299997926,True,accepted_return_check_disabled,0.1,1,7.059107256474451e-13,-0.0007012970838961054,100,5.0,0.0020214843750000003,1.6710199675385563e-06,0.13601883337692966,0.00018146032349427736,0.0007027307665278182,0.0012815614420473003
T-L,AN,mc_learned_baseline,False,44,132,93984,33792,33792,0,0,26400,46992,187968,262144,1.0312500000000002,1.0200000000000002,1.0301045087423755,0.0004804561065723245,5.8777914006836505e-06,public_state_tabular_independent_mc,0,0.0785037243856538,5.5292679000413045,True,accepted_return_check_disabled,0.1,1,1.0377307962213652e-10,-0.0012056343476059658,100,5.0,0.002639465332031251,7.1928900018757624e-06,0.0842690677966107,6.888132805350674e-05,0.0011950700625530972,0.0013726750200188627
T-L,AN,mc_learned_baseline,False,44,133,94696,34048,34048,0,0,26600,47348,189392,262144,1.0312500000000002,1.0320000000000003,1.0305797865861737,0.00047527784379819416,5.871668712129636e-06,public_state_tabular_independent_mc,0,0.07700219776737169,5.565509699983522,True,accepted_return_check_disabled,0.1,1,5.7436312218920575e-11,-0.0011997960703914482,100,5.0,0.002639465332031251,5.488618578279704e-06,0.08426906779661025,6.73458958375078e-05,0.0011913812479669853,0.0013463955416584603
T-L,AN,mc_learned_baseline,False,44,134,95408,34304,34304,0,0,26800,47704,190816,262144,1.0312500000000002,1.0320000000000003,1.0310689065756273,0.000489119989453668,6.354546817514801e-06,public_state_tabular_independent_mc,0,0.0754474554394178,5.60515590000432,True,accepted_return_check_disabled,0.1,1,5.716729620012266e-11,-0.001269300003187775,100,5.0,0.0026394653320312503,1.7426212375619982e-06,0.08426906779661081,6.279716453845616e-05,0.0012740952220529624,0.0013231900728470664
T-L,AN,mc_learned_baseline,False,44,135,96120,34560,34560,0,0,27000,48060,192240,262144,1.0289062500000001,1.0290000000000001,1.0316079388470873,0.000539032271460016,7.905933256442457e-06,public_state_tabular_independent_mc,0,0.07372259300478815,5.643343799980357,True,accepted_return_check_disabled,0.1,1,1.490747272067579e-10,-0.001623780012504305,100,5.0,0.002952575683593751,2.7650607781293426e-06,0.06456143749697352,7.95584340324193e-05,0.0016106261976556028,0.0012776180144896975
T-L,AN,mc_learned_baseline,False,44,136,96832,34816,34816,0,0,27200,48416,193664,262144,1.0242187500000002,1.035,1.03226145395355,0.0006535151064626099,1.1969174296667982e-05,public_state_tabular_independent_mc,0,0.07161473138171387,5.680046500056051,True,accepted_return_check_disabled,0.1,1,1.29481178490986e-10,-0.002452430056274309,100,5.0,0.003578796386718753,1.648420887968297e-06,0.033862477722053974,0.0002542802449841926,0.0024392348981785166,0.0010708537277742498
T-L,AN,mc_learned_baseline,False,44,137,97544,35072,35072,0,0,27400,48772,195088,262144,1.0195312500000002,1.026,1.0330377173738243,0.0007762634202743701,1.752248236002148e-05,public_state_tabular_independent_mc,0,0.06908626266779301,5.716065300046466,True,accepted_return_check_disabled,0.1,1,8.674314344228027e-12,-0.0035382657108825005,100,5.0,0.004240722656250004,6.128750401375679e-06,0.006682404212819959,0.0006687311454356674,0.003552410867223505,0.0006171447996272121
T-L,AN,mc_learned_baseline,False,44,138,98256,35328,35328,0,0,27600,49128,196512,262144,1.0312500000000002,1.044,1.0335228914804877,0.00048517410666337746,7.053256343383574e-06,public_state_tabular_independent_mc,0,0.06749176878996832,5.7556094999890774,True,accepted_return_check_disabled,0.1,1,1.268966794192676e-10,-0.001448048402156171,100,5.0,0.0026614379882812494,4.053178124890736e-05,0.08045550847457694,7.544675631438624e-05,0.0014367065424233598,0.00116321326165335
T-L,AN,mc_learned_baseline,False,44,139,98968,35584,35584,0,0,27800,49484,197936,262144,1.0429687500000004,1.0260000000000002,1.0337197928573283,0.00019690137684058584,1.1796968645824473e-06,public_state_tabular_independent_mc,0,0.06684145676290218,5.792301399982534,True,accepted_return_check_disabled,0.1,1,1.3925979925293962e-11,-0.00023351763002136874,100,5.0,0.0010327148437499992,2.3952623543972217e-05,0.3085421994884917,0.0004054358877768721,0.00023526480034170405,0.000803391485690022
T-L,AN,mc_learned_baseline,False,44,140,99680,35840,35840,0,0,28000,49840,199360,262144,1.0289062500000004,1.0350000000000001,1.0342605869711994,0.0005407941138710903,9.11527971739631e-06,public_state_tabular_independent_mc,0,0.06504556877479083,5.833286700071767,True,accepted_return_check_disabled,0.1,1,1.9946994801108257e-10,-0.0018095608272016544,100,5.0,0.0029443359375000006,2.6952984762248802e-05,0.06586913353029522,0.0001445345374078013,0.0018264661014344961,0.0010521149740223654
T-L,AN,mc_learned_baseline,False,44,141,100392,36096,36096,0,0,28200,50196,200784,262144,1.0335937500000003,1.038,1.0346962825997534,0.00043569562855405586,6.076833395178969e-06,public_state_tabular_independent_mc,0,0.0635879716299435,5.871141500072554,True,accepted_return_check_disabled,0.1,1,1.127125099310331e-12,-0.0012216821984803415,100,5.0,0.0023373413085937527,7.3861292532862205e-06,0.10605440187189208,6.586245916378768e-05,0.0012258321714258191,0.0010971303078115841
T-L,AN,mc_learned_baseline,False,44,142,101104,36352,36352,0,0,28400,50552,202208,262144,1.0382812500000003,1.035,1.035020598733076,0.0003243161333226219,3.4389337307998265e-06,public_state_tabular_independent_mc,0,0.06249658575397884,5.909706300008111,True,accepted_return_check_disabled,0.1,1,8.931025226402379e-11,-0.0006796542094523302,100,5.0,0.0017578124999999983,3.46066097667844e-05,0.16153218023903293,0.00010571579929648538,0.000685672010957869,0.0010299371873513509
T-L,AN,mc_learned_baseline,False,44,143,101816,36608,36608,0,0,28600,50908,203632,262144,1.0125000000000002,1.0410000000000001,1.0359914230753113,0.0009708243422352769,3.231271849519607e-05,public_state_tabular_independent_mc,0,0.059195518481005384,5.947382400045171,True,accepted_return_check_disabled,0.1,1,3.276902235716085e-12,-0.0066310605232858776,100,5.0,0.00546020507812501,5.1146537495325525e-05,-0.04638287401574881,0.002451801718136276,0.006613748103221645,-0.0013366292077206078
T-L,AN,mc_learned_baseline,False,44,144,102528,36864,36864,0,0,28800,51264,205056,262144,1.0429687500000004,1.0350000000000001,1.036187630144347,0.00019620706903555885,1.3574859135132782e-06,public_state_tabular_independent_mc,0,0.05852192466499442,5.985631700023077,True,accepted_return_check_disabled,0.1,1,2.1434887197994316e-13,-0.00027258474031063867,100,5.0,0.0012057495117187476,7.149908401631668e-05,0.2505370843989786,0.00028610634500424127,0.00027301003755450976,0.0007670971051763947
T-L,AN,mc_learned_baseline,False,44,145,103240,37120,37120,0,0,29000,51620,206480,262144,1.0429687500000004,1.0410000000000001,1.0363825423479736,0.00019491220362666262,1.3570676341907959e-06,public_state_tabular_independent_mc,0,0.05785055780858827,6.023490400053561,True,accepted_return_check_disabled,0.1,1,1.182558653574112e-12,-0.0002731018568593847,100,5.0,0.0010299682617187504,2.178343044832111e-05,0.30946291560102346,0.00027992920482748613,0.0002732300330589942,0.0007606295611277213
T-L,AN,mc_learned_baseline,False,44,146,103952,37376,37376,0,0,29200,51976,207904,262144,1.0429687500000004,1.0410000000000001,1.036579684359047,0.00019714201107334794,1.4067735444555523e-06,public_state_tabular_independent_mc,0,0.05716922628316837,6.066532899974845,True,accepted_return_check_disabled,0.1,1,1.2636710380931012e-11,-0.0002855997250719797,100,5.0,0.0010409545898437498,1.4913973128918247e-06,0.30578005115089557,0.00026435791088599196,0.00028444856522473743,0.0007635994961193248
T-L,AN,mc_learned_baseline,False,44,147,104664,37632,37632,0,0,29400,52332,209328,262144,1.0359375000000002,1.0440000000000003,1.036953112041591,0.00037342768254400305,5.159222029020019e-06,public_state_tabular_independent_mc,0,0.05587221646936882,6.114716200041585,True,accepted_return_check_disabled,0.1,1,1.7696127973257499e-12,-0.0010365804750096443,100,5.0,0.002010498046875001,3.610734211258826e-07,0.1383730054930684,6.452402704022941e-05,0.0010404765311231021,0.0009506471815686147
T-L,AN,mc_learned_baseline,False,44,148,105376,37888,37888,0,0,29600,52688,210752,262144,1.0382812500000003,1.0230000000000001,1.037269949637413,0.0003168375958220171,3.8029522608775997e-06,public_state_tabular_independent_mc,0,0.054764999542208,6.158544800011441,True,accepted_return_check_disabled,0.1,1,4.588170345580966e-11,-0.0007782384634375987,100,5.0,0.0016891479492187513,6.762488055120452e-07,0.17823472644940996,6.976552748013418e-05,0.000772307022134349,0.0009210738405000086
T-L,AN,mc_learned_baseline,False,44,149,106088,38144,38144,0,0,29800,53044,212176,262144,1.0476562500000002,1.044,1.0373483387354419,7.838909802893035e-05,2.3538264171246004e-07,public_state_tabular_independent_mc,0,0.05449008383109506,6.194973699981347,True,accepted_return_check_disabled,0.1,1,4.653772430726406e-11,-4.9905542917544374e-05,100,5.0,0.00044769287109374967,7.472956503330847e-06,0.5655069086066262,0.0005989530709546172,4.851376412855682e-05,0.00037112665297089887
T-L,AN,mc_learned_baseline,False,44,150,106800,38400,38400,0,0,30000,53400,213600,262144,1.0291406250000004,1.044,1.0377633165179967,0.0004149777825548373,1.5626146839598073e-05,public_state_tabular_independent_mc,0,0.053194908825411925,6.232363400049508,True,accepted_return_check_disabled,0.1,1,6.901427534453606e-11,-0.04294587637890807,100,5.0,0.013498999023437507,0.005319032178630533,0.027339513644092817,0.0023818692342247256,0.003935314370588798,-0.0014169419800783263
T-L,AN,mc_learned_baseline,False,44,151,107512,38656,38656,0,0,30200,53756,215024,262144,1.0382812500000003,1.0410000000000001,1.0380856120066402,0.000322295488643487,4.143108720237859e-06,public_state_tabular_independent_mc,0,0.05205412653677732,6.271532700047828,True,accepted_return_check_disabled,0.1,1,7.756382283044492e-11,-0.0008231598683874498,100,5.0,0.0016891479492187511,1.0191526348621851e-07,0.17823472644940996,2.6434010647674804e-05,0.0008287688315588556,0.0008818900260835237
T-L,AN,mc_learned_baseline,False,44,152,108224,38912,38912,0,0,30400,54112,216448,262144,1.0265625000000003,1.038,1.0386855821024743,0.0005999700958341236,1.4945759639772628e-05,public_state_tabular_independent_mc,0,0.049911648206582025,6.308511200011708,True,accepted_return_check_disabled,0.1,1,2.386670809801451e-11,-0.0030619686908358863,100,5.0,0.003251953124999999,0.00013265702732130283,0.050008930166101084,0.0006947368243827508,0.0030489753328123244,0.00019218141314687352
T-L,AN,mc_learned_baseline,False,44,153,108936,39168,39168,0,0,30600,54468,217872,262144,1.0382812500000003,1.044,1.039006430353827,0.0003208482513525901,4.419504863491885e-06,public_state_tabular_independent_mc,0,0.048755450575119166,6.350480300025083,True,accepted_return_check_disabled,0.1,1,6.786613128861491e-14,-0.0008906950431745723,100,5.0,0.0016891479492187513,1.1840100964338892e-07,0.17823472644941019,2.6991977639363134e-05,0.0008926730131783511,0.000819787005440857
T-L,AN,mc_learned_baseline,False,44,154,109648,39424,39424,0,0,30800,54824,219296,262144,1.0453125000000003,1.044,1.0391443533717415,0.0001379230179145985,8.302705276367656e-07,public_state_tabular_independent_mc,0,0.048256120700468544,6.387680600048043,True,accepted_return_check_disabled,0.1,1,1.1207856234889009e-11,-0.00016417086422603012,100,5.0,0.0007168579101562488,3.21863887065248e-07,0.41556962025316546,0.0002630310297257169,0.0001655299137027255,0.0005621270378847114
T-L,AN,mc_learned_baseline,False,44,155,110360,39680,39680,0,0,31000,55180,220720,262144,1.0429687500000002,1.044,1.0393420570243024,0.00019770365256088773,1.732385934971635e-06,public_state_tabular_independent_mc,0,0.04753788374693016,6.428780299960636,True,accepted_return_check_disabled,0.1,1,2.938141166219719e-11,-0.0003421451079210891,100,5.0,0.0010327148437500005,1.8575788823792508e-05,0.30854219948849093,0.00011608630100796279,0.00034573398357050134,0.000699744282316392
T-L,AN,mc_learned_baseline,False,44,156,111072,39936,39936,0,0,31200,55536,222144,262144,1.0335937500000003,1.0410000000000001,1.0397911867578484,0.0004491297335460498,9.237268639586863e-06,public_state_tabular_independent_mc,0,0.04589509552871989,6.466779400012456,True,accepted_return_check_disabled,0.1,1,1.650956999732185e-10,-0.0018454360306610802,100,5.0,0.002395019531250004,1.7377022146484814e-05,0.09499853758408827,0.0002574760794820752,0.001858193365248696,0.0005449492398569488
T-L,AN,mc_learned_baseline,False,44,157,111784,40192,40192,0,0,31400,55892,223568,262144,1.0312500000000002,1.044,1.0402957594274986,0.0005045726696502051,1.2195713570087488e-05,public_state_tabular_independent_mc,0,0.044030304849680006,6.505402300041169,True,accepted_return_check_disabled,0.1,1,1.3376900154344686e-10,-0.002516524517292289,100,5.0,0.0027355957031250044,1.4827359108778716e-05,0.06758474576271145,0.0005386615418887354,0.0024975552795436216,0.0002331577078550839
T-L,AN,mc_learned_baseline,False,44,158,112496,40448,40448,0,0,31600,56248,224992,262144,1.0359375000000002,1.038,1.040677101436781,0.0003813420092824149,7.256544761903904e-06,public_state_tabular_independent_mc,0,0.0426068075460876,6.544525500037707,True,accepted_return_check_disabled,0.1,1,4.4104582748449016e-11,-0.0014874548089552867,100,5.0,0.002021484375000002,3.6028358178172664e-08,0.13601883337692877,0.00016386268114680202,0.0014782698157156295,0.0005733190552638951
T-L,AN,mc_learned_baseline,False,44,159,113208,40704,40704,0,0,31800,56604,226416,262144,1.0429687500000002,1.05,1.0408778236514737,0.00020072221469269458,2.0635794455999936e-06,public_state_tabular_independent_mc,0,0.04185244928332941,6.582720800070092,True,accepted_return_check_disabled,0.1,1,4.392143308691963e-11,-0.00040897141001887296,100,5.0,0.0010546874999999999,1.1586489198161052e-05,0.30117647058823593,5.999099372658765e-05,0.000411883551248481,0.0006508348634836369
T-L,AN,mc_learned_baseline,False,44,160,113920,40960,40960,0,0,32000,56960,227840,262144,1.0453125000000003,1.038,1.041009897879679,0.00013207422820515902,9.078045459503129e-07,public_state_tabular_independent_mc,0,0.04135411771445059,6.620286599965766,True,accepted_return_check_disabled,0.1,1,1.4777383538220865e-12,-0.00018295133871810396,100,5.0,0.0006948852539062503,2.2485260201926705e-05,0.4246835443037973,0.0001788287465226708,0.00018291973775384947,0.0005180630056592766
T-L,AN,mc_learned_baseline,False,44,161,114632,41216,41216,0,0,32200,57316,229264,262144,1.0476562500000002,1.044,1.041084855565098,7.495768541909698e-05,2.952877710375051e-07,public_state_tabular_independent_mc,0,0.041070587794427675,6.658507599961013,True,accepted_return_check_disabled,0.1,1,2.1934313919163563e-11,-5.689758477170917e-05,100,5.0,0.0003927612304687483,3.926044910215464e-06,0.595471949392377,0.0003531994738434351,5.820452916351774e-05,0.00033450057229399876
T-L,AN,mc_learned_baseline,False,44,162,115344,41472,41472,0,0,32400,57672,230688,262144,1.0476562500000002,1.044,1.0411522797826185,6.742421752048422e-05,2.407758984934719e-07,public_state_tabular_independent_mc,1,0.040815091731151096,6.697974900016561,True,accepted_return_check_disabled,0.1,1,3.713730724813625e-11,-4.6155649579484475e-05,100,5.0,0.00035400390625000064,4.157407584026876e-05,0.6155422840019977,0.00037781249030960785,4.708341757750809e-05,0.00030466270793422744
T-L,AN,mc_learned_baseline,False,44,163,116056,41728,41728,0,0,32600,58028,232112,262144,1.0476562500000002,1.05,1.0412268812217211,7.46014391026506e-05,2.969525501471138e-07,public_state_tabular_independent_mc,0,0.04053192977004996,6.736253899987787,True,accepted_return_check_disabled,0.1,1,1.3850587397032495e-11,-5.7613732009707466e-05,100,5.0,0.0003927612304687483,4.335000686318674e-06,0.595471949392377,0.00034495655414307344,5.8746586271245875e-05,0.00033281853774117957
T-L,AN,mc_learned_baseline,False,44,164,116768,41984,41984,0,0,32800,58384,233536,262144,1.0406250000000004,1.0410000000000001,1.0414857818145935,0.00025890059287236866,3.655162601761112e-06,public_state_tabular_independent_mc,0,0.039545160909016074,6.7784023999702185,True,accepted_return_check_disabled,0.1,1,6.638993526907823e-11,-0.000750656384750965,100,5.0,0.001387023925781251,2.0198276987503794e-05,0.22549862448418156,2.8710746255532556e-05,0.0007447814719797387,0.000643853122765161
T-L,AN,mc_learned_baseline,False,44,165,117480,42240,42240,0,0,33000,58740,234960,262144,1.0359375000000002,1.038,1.0418693108181312,0.0003835290035376637,8.337857155957157e-06,public_state_tabular_independent_mc,0,0.03807142383783252,6.824945300002582,True,accepted_return_check_disabled,0.1,1,1.346241374594978e-11,-0.0016803475598879073,100,5.0,0.002010498046875001,1.5815991194010526e-05,0.1383730054930684,0.000281780856303396,0.0016891375036466676,0.0003726522781928314
T-L,AN,mc_learned_baseline,False,44,166,118192,42496,42496,0,0,33200,59096,236384,262144,1.0406250000000004,1.038,1.042128694939337,0.0002593841212057413,3.94994733967495e-06,public_state_tabular_independent_mc,0,0.0370663103927675,6.869303400046192,True,accepted_return_check_disabled,0.1,1,7.318873136570162e-13,-0.0008015294441320166,100,5.0,0.001406249999999999,5.717813906303877e-05,0.2200825309491068,3.916669991118051e-05,0.0007993210829158242,0.0005882783289318539
T-L,AN,mc_learned_baseline,False,44,167,118904,42752,42752,0,0,33400,59452,237808,262144,1.0500000000000003,1.05,1.0421372602954388,8.565356101941646e-06,4.353786143197663e-09,public_state_tabular_independent_mc,0,0.03703300054907934,6.916236900025979,True,accepted_return_check_disabled,0.1,1,7.680927515395012e-12,-9.644769208560295e-07,100,5.0,6.86645507812474e-05,7.68324581495221e-06,0.9450683593750022,0.0005630506301462173,9.458164116396075e-07,4.605433045704353e-05
T-L,AN,mc_learned_baseline,False,44,168,119616,43008,43008,0,0,33600,59808,239232,262144,1.0429687500000004,1.05,1.0423353104197866,0.00019805012434770397,2.365388582061944e-06,public_state_tabular_independent_mc,0,0.03626076035002064,6.959338800050318,True,accepted_return_check_disabled,0.1,1,9.113489696914566e-12,-0.00048153982803541553,100,5.0,0.0011245562744140601,8.714066397227471e-05,0.30846015345268596,2.99587103977184e-05,0.0004790342339288866,0.0005785394183968752
T-L,AN,mc_learned_baseline,False,44,169,120328,43264,43264,0,0,33800,60164,240656,262144,1.0453125000000003,1.044,1.0424709446034746,0.00013563418368800484,1.131980230440575e-06,public_state_tabular_independent_mc,0,0.03572937278559802,6.999117000028491,True,accepted_return_check_disabled,0.1,1,2.887331975795239e-11,-0.00022368336456989144,100,5.0,0.0006948852539062494,1.6049901323409112e-07,0.4246835443037982,0.00010339017635982332,0.0002254496693112853,0.0004910365358820448
T-L,AN,mc_learned_baseline,False,44,170,121040,43520,43520,0,0,34000,60520,242080,262144,1.0453125000000003,1.038,1.0426054407578798,0.0001344961544051948,1.1323676202947997e-06,public_state_tabular_independent_mc,0,0.035200445809634585,7.04002329998184,True,accepted_return_check_disabled,0.1,1,3.308675598132155e-11,-0.0002232719917206614,100,5.0,0.0006948852539062507,1.30719250169562e-05,0.42468354430379773,9.987376480457733e-05,0.00022537793100132738,0.0004849050669085722
T-L,AN,mc_learned_baseline,False,44,171,121752,43776,43776,0,0,34200,60876,243504,262144,1.0429687500000004,1.0410000000000001,1.0428054958315525,0.00020005507367271136,2.5644926833969794e-06,public_state_tabular_independent_mc,0,0.03440993475314851,7.083311500027776,True,accepted_return_check_disabled,0.1,1,6.219667923956683e-11,-0.0005079775662689357,100,5.0,0.001032714843750001,3.471430870153727e-06,0.30854219948849126,2.5812640967156937e-05,0.0005125114052142179,0.0005493801382570958
T-L,AN,mc_learned_baseline,False,44,172,122464,44032,44032,0,0,34400,61232,244928,262144,1.0453125000000003,1.044,1.04294120602724,0.00013571019568758835,1.2050539011963711e-06,public_state_tabular_independent_mc,0,0.03387105927051249,7.12801089999266,True,accepted_return_check_disabled,0.1,1,1.5508878404549096e-13,-0.00024212827066792051,100,5.0,0.0007168579101562489,1.0570063287609623e-05,0.41556962025316546,8.238761585535611e-05,0.00024273370486564466,0.0004785112517302906
T-L,AN,mc_learned_baseline,False,44,173,123176,44288,44288,0,0,34600,61588,246352,262144,1.0382812500000003,1.044,1.04326629356942,0.00032508754217985825,7.171576666819158e-06,public_state_tabular_independent_mc,0,0.03257130334782058,7.167395500000566,True,accepted_return_check_disabled,0.1,1,1.0911343286728355e-11,-0.0014610593756142572,100,5.0,0.001713867187500002,2.6410250329321025e-06,0.17222180981367363,0.0002587487666380736,0.0014608325512228835,0.0002924296408119199
T-L,AN,mc_learned_baseline,False,44,174,123888,44544,44544,0,0,34800,61944,247776,262144,1.0429687500000004,1.0470000000000002,1.043463736156823,0.00019744258740317377,2.7374479791310677e-06,public_state_tabular_independent_mc,0,0.031775551147159325,7.203637500060722,True,accepted_return_check_disabled,0.1,1,2.927689638465797e-11,-0.0005596106849865207,100,5.0,0.0010409545898437504,9.319600714765854e-06,0.3057800511508957,2.646657518065503e-05,0.0005566523855167082,0.000501348074465144
T-L,AN,mc_learned_baseline,False,44,175,124600,44800,44800,0,0,35000,62300,249200,262144,1.0382812500000003,1.0470000000000002,1.0437845654375093,0.00032082928068621897,7.538407923716537e-06,public_state_tabular_independent_mc,0,0.030471824110444808,7.242171899997629,True,accepted_return_check_disabled,0.1,1,1.3222519217544742e-10,-0.0015601605955476612,100,5.0,0.001691894531250001,4.2475031514927145e-06,0.17756662460099504,0.0003217115091894002,0.0015464569667511619,0.00019185881425547906
T-L,AN,mc_learned_baseline,False,44,176,125312,45056,45056,0,0,35200,62656,250624,262144,1.0476562500000002,1.0470000000000002,1.0438541239867378,6.955854922852112e-05,3.6271890344362154e-07,public_state_tabular_independent_mc,0,0.030187361993068703,7.2802439000224695,True,accepted_return_check_disabled,0.1,1,4.822851035484591e-13,-7.316073774604286e-05,100,5.0,0.0003598022460937483,3.976229179069128e-07,0.613450973863827,0.00019475749708081582,7.298802981626723e-05,0.00029557935885515156
T-L,AN,mc_learned_baseline,False,44,177,126024,45312,45312,0,0,35400,63012,252048,262144,1.0382812500000003,1.0470000000000002,1.044181548261613,0.00032742427487519876,8.35816419610456e-06,public_state_tabular_independent_mc,0,0.0288393596095106,7.319260400021449,True,accepted_return_check_disabled,0.1,1,6.737147932140572e-11,-0.0016871162523846867,100,5.0,0.0017138671875000018,9.610617734002783e-07,0.17222180981367397,0.0004127574209763047,0.001692807926308919,7.252792724205133e-05
T-L,AN,mc_learned_baseline,False,44,178,126736,45568,45568,0,0,35600,63368,253472,262144,1.0453125000000003,1.038,1.0443160973667116,0.0001345491050985803,1.4584740130714842e-06,public_state_tabular_independent_mc,0,0.02828098680699865,7.359925400000066,True,accepted_return_check_disabled,0.1,1,2.0366044830349812e-13,-0.0002936722153487935,100,5.0,0.0006948852539062494,8.298321451213507e-07,0.4246835443037982,3.898565075373131e-05,0.0002942241435103102,0.0004224529543509959
T-L,AN,mc_learned_baseline,False,44,179,127448,45824,45824,0,0,35800,63724,254896,262144,1.0500000000000003,1.035,1.0443187134937348,2.6161270232361034e-06,5.556829001469792e-10,public_state_tabular_independent_mc,0,0.028270103667286325,7.397615800029598,True,accepted_return_check_disabled,0.1,1,1.9826494850600445e-11,-1.665021266014589e-08,100,5.0,2.7465820312496886e-06,5.3446139341479965e-06,0.9978027343750002,0.00044050915638295444,7.312372341263256e-08,1.1097344600163069e-05
T-L,AN,mc_learned_baseline,False,44,180,128160,46080,46080,0,0,36000,64080,256320,262144,1.0453125000000003,1.044,1.0444522334006845,0.00013351990694965288,1.4703632799456966e-06,public_state_tabular_independent_mc,0,0.02771330209203564,7.434678700054064,True,accepted_return_check_disabled,0.1,1,1.3923411019668563e-11,-0.0002997199587031082,100,5.0,0.000692138671875,4.2742723547964854e-07,0.42582278481012714,3.642005823812898e-05,0.00029828054898789697,0.00041499508179349627
T-L,AN,mc_learned_baseline,False,44,181,128872,46336,46336,0,0,36200,64436,257744,262144,1.0429687500000004,1.044,1.044651678347451,0.00019944494676660263,3.3860084985339352e-06,public_state_tabular_independent_mc,0,0.0268765206302984,7.4727522999746725,True,accepted_return_check_disabled,0.1,1,1.0021712736077438e-12,-0.0006822237610059384,100,5.0,0.0010327148437500008,3.130169827369578e-07,0.30854219948849093,5.814134381862502e-05,0.0006848459439977245,0.0003834976943239291
T-L,AN,mc_learned_baseline,False,44,182,129584,46592,46592,0,0,36400,64792,259168,262144,1.0429687500000002,1.044,1.0448495506354636,0.00019787228801249057,3.4566137926896514e-06,public_state_tabular_independent_mc,0,0.02604013685601647,7.510444200015627,True,accepted_return_check_disabled,0.1,1,3.598625753746291e-11,-0.0007083349413204074,100,5.0,0.001032714843750001,1.7597896462838618e-07,0.3085421994884914,6.717669351370788e-05,0.0007047408021246895,0.0003598243711001141
T-L,AN,mc_learned_baseline,False,44,183,130296,46848,46848,0,0,36600,65148,260592,262144,1.0429687500000004,1.0470000000000002,1.0450467666578576,0.00019721602239397562,3.565913831220135e-06,public_state_tabular_independent_mc,0,0.025200132837046724,7.5482497999910265,True,accepted_return_check_disabled,0.1,1,7.617837098593032e-11,-0.0007362574169946256,100,5.0,0.0010327148437500012,7.933055073696077e-08,0.3085421994884914,7.858545841740616e-05,0.0007294126434684103,0.00033385167775160226
T-L,AN,mc_learned_baseline,False,44,184,131008,47104,47104,0,0,36800,65504,262016,262144,1.0453125000000003,1.038,1.0451823620867393,0.0001355954288817518,1.73855094682435e-06,public_state_tabular_independent_mc,0,0.02461874830964463,7.586645900039002,True,accepted_return_check_disabled,0.1,1,4.239077071138316e-11,-0.0003441433794918456,100,5.0,0.0006948852539062504,3.2206040388575723e-06,0.4246835443037974,2.5389894641007178e-05,0.00034749239054320593,0.00037249060664450547
T-L,AN,mc_learned_baseline,False,44,185,131720,47360,47360,0,0,37000,65860,263440,262144,1.0429687500000004,1.0470000000000002,1.045382671997461,0.00020030991072172988,3.936745636740099e-06,public_state_tabular_independent_mc,0,0.023753940060791384,7.625670799985528,True,accepted_return_check_disabled,0.1,1,2.502537690609312e-11,-0.0007925379472116496,100,5.0,0.0010409545898437509,2.884532475197951e-06,0.30578005115089546,0.00010844339865640607,0.0007946247657424923,0.0002794049699044823
T-L,AN,mc_learned_baseline,False,44,186,132432,47616,47616,0,0,37200,66216,264864,262144,1.0453125000000003,1.05,1.0455167289666836,0.00013405696922252908,1.8228282152335616e-06,public_state_tabular_independent_mc,0,0.023171063611105693,7.663946800050326,True,accepted_return_check_disabled,0.1,1,5.389243716856867e-12,-0.0003700100511498277,100,5.0,0.00069488525390625,2.4249547816114573e-06,0.42468354430379696,2.5231010097106493e-05,0.0003694921221724112,0.0003477618614799099
T-L,AN,mc_learned_baseline,False,44,187,133144,47872,47872,0,0,37400,66572,266288,262144,1.0429687500000004,1.0470000000000002,1.0457175772266971,0.00020084826001354195,4.257914008159666e-06,public_state_tabular_independent_mc,0,0.0222913603074062,7.6999088999582455,True,accepted_return_check_disabled,0.1,1,2.81552369296494e-11,-0.0008539072891657091,100,5.0,0.0010409545898437504,2.1378051947133645e-06,0.30578005115089557,0.00014465880194194577,0.0008603469876076815,0.0002183684691112078
T-L,AN,mc_learned_baseline,False,44,188,133856,48128,48128,0,0,37600,66928,267712,262144,1.0500000000000003,1.0470000000000002,1.0457209468890487,3.3696623515933055e-06,1.2171949924411913e-09,public_state_tabular_independent_mc,0,0.022276533929628754,7.737928400048986,True,accepted_return_check_disabled,0.1,1,7.559377874368282e-13,-1.825838129263804e-07,100,5.0,2.4719238281248755e-05,3.980815264799149e-06,0.980224609375001,0.0003309928214372817,2.3151529707157768e-07,1.706827877307101e-05
T-L,AN,mc_learned_baseline,False,44,189,134568,48384,48384,0,0,37800,67284,269136,262144,1.0429687500000002,1.0470000000000002,1.0459204028863394,0.000199455997290654,4.402710263452024e-06,public_state_tabular_independent_mc,1,0.021394824936823507,7.775640900013968,True,accepted_return_check_disabled,0.1,1,2.5401770965724074e-11,-0.0009018779327815646,100,5.0,0.0010620117187500019,1.6266885917032178e-05,0.29770460358056183,0.000169315836882535,0.0008992271631876234,0.0001784938113808651
T-L,AN,mc_learned_baseline,False,44,190,135280,48640,48640,0,0,38000,67640,270560,262144,1.0476562500000002,1.0470000000000002,1.0459878394520246,6.743656568519718e-05,5.169626285816204e-07,public_state_tabular_independent_mc,1,0.02109484295411386,7.817073000012897,True,accepted_return_check_disabled,0.1,1,4.141755586983442e-12,-0.00010533851963630806,100,5.0,0.00035400390625000064,1.0505950433485545e-05,0.6155422840019975,7.855073384112336e-05,0.0001045709958176924,0.00025435575355532995
T-L,AN,mc_learned_baseline,False,44,191,135992,48896,48896,0,0,38200,67996,271984,262144,1.0476562500000002,1.0470000000000002,1.0460565860179523,6.874656592770201e-05,5.46327386496796e-07,public_state_tabular_independent_mc,0,0.02078804784933033,7.857080099987797,True,accepted_return_check_disabled,0.1,1,1.3347423762076227e-12,-0.00010955421472268146,100,5.0,0.00035156249999999944,2.827404861744499e-07,0.6179457299816888,7.302112231421125e-05,0.00010956207901862666,0.0002548384998802845
T-L,AN,mc_learned_baseline,False,44,192,136704,49152,49152,0,0,38400,68352,273408,262144,1.0476562500000002,1.0470000000000002,1.0461252133013261,6.86272833738677e-05,5.53944353943449e-07,public_state_tabular_independent_mc,0,0.02048076110656925,7.899249600013718,True,accepted_return_check_disabled,0.1,1,6.345633215769552e-12,-0.00011029383502990877,100,5.0,0.00034881591796874994,1.1697289321822725e-06,0.619443982020976,7.024809918850837e-05,0.00011069263990855764,0.00025245950226042825
T-L,AN,mc_learned_baseline,False,44,193,137416,49408,49408,0,0,38600,68708,274832,262144,1.0429687500000004,1.0470000000000002,1.046322614829612,0.00019740152828595647,4.772410678350257e-06,public_state_tabular_independent_mc,0,0.019590993210679218,7.9457135000266135,True,accepted_return_check_disabled,0.1,1,1.021033723491112e-11,-0.000978976753617712,100,5.0,0.0010299682617187502,5.219695570780053e-06,0.30946291560102357,0.0002238523420747869,0.0009744079000192384,9.370721603719307e-05
T-L,AN,mc_learned_baseline,False,44,194,138128,49664,49664,0,0,38800,69064,276256,262144,1.0453125000000003,1.0470000000000002,1.0464566240171251,0.00013400918751305113,2.293669655971644e-06,public_state_tabular_independent_mc,0,0.018981798828905046,7.985024000052363,True,accepted_return_check_disabled,0.1,1,5.15371433566084e-12,-0.0004662958697198669,100,5.0,0.000692138671875,5.898063054925034e-07,0.42582278481012703,4.900048206441129e-05,0.0004659543858546386,0.0002537234541773347
T-L,AN,mc_learned_baseline,False,44,195,138840,49920,49920,0,0,39000,69420,277680,262144,1.0453125000000003,1.044,1.046589716219127,0.00013309220200197203,2.3494687400321947e-06,public_state_tabular_independent_mc,0,0.018372452550210066,8.026967199984938,True,accepted_return_check_disabled,0.1,1,4.578166006575719e-11,-0.00048428695056458386,100,5.0,0.0006921386718750001,7.439156049679012e-07,0.4258227848101269,5.5636228352133935e-05,0.00048030345435728244,0.00023699293371261482
T-L,AN,mc_learned_baseline,False,44,196,139552,50176,50176,0,0,39200,69776,279104,262144,1.0500000000000003,1.032,1.0465891505902372,-5.656288899480444e-07,4.2971318553349585e-11,public_state_tabular_independent_mc,1,0.018375051567367434,8.069519400014542,True,accepted_return_check_disabled,0.1,1,9.410343140600416e-12,2.4327028699996384e-09,100,5.0,2.465190328815662e-32,5.576294542962825e-06,1.0,0.00028417096300319545,2.4327028700008357e-09,-1.5862095996506625e-06
T-L,AN,mc_learned_baseline,False,44,197,140264,50432,50432,0,0,39400,70132,280528,262144,1.0500000000000003,1.0470000000000002,1.0465906691575129,1.518567275704541e-06,3.098057448181025e-10,public_state_tabular_independent_mc,0,0.018368073695445946,8.111630800063722,True,accepted_return_check_disabled,0.1,1,8.335563251335643e-12,-9.77810308683945e-09,100,5.0,2.7465820312496886e-06,4.985974234553231e-07,0.9978027343750002,0.0002759879917362716,4.330573262795506e-08,6.639488878443067e-06
T-L,AN,mc_learned_baseline,False,44,198,140976,50688,50688,0,0,39600,70488,281952,262144,1.0500000000000003,1.0470000000000002,1.046590103848546,-5.653089669710454e-07,4.293475883848384e-11,public_state_tabular_independent_mc,1,0.018370671378904677,8.151586199994199,True,accepted_return_check_disabled,0.1,1,9.396781907338796e-12,2.43187270695957e-09,100,5.0,2.465190328815662e-32,5.573113517614791e-06,1.0,0.0002840984859911079,2.4318727069607677e-09,-1.5857176490821017e-06
T-L,AN,mc_learned_baseline,False,44,199,141688,50944,50944,0,0,39800,70844,283376,262144,1.0476562500000002,1.05,1.04665792719442,6.782334587418504e-05,6.263309566978826e-07,public_state_tabular_independent_mc,0,0.018058431256181253,8.189917100011371,True,accepted_return_check_disabled,0.1,1,1.676439570215845e-11,-0.00012878966512727965,100,5.0,0.0003515624999999993,9.143649543968796e-07,0.617945729981689,4.7519845334277455e-05,0.00012744217069224375,0.0002350356266193132
T-L,AN,mc_learned_baseline,False,44,200,142400,51200,51200,0,0,40000,71200,284800,262144,1.0500000000000003,1.0470000000000002,1.046657384446725,-5.427476950092824e-07,4.037156743513199e-11,public_state_tabular_independent_mc,1,0.018060934602858954,8.227334700059146,True,accepted_return_check_disabled,0.1,1,8.459928508118144e-12,2.3739748045844104e-09,100,5.0,2.465190328815662e-32,5.350891799592969e-06,1.0,0.0002789808867874739,2.3739748045855817e-09,-1.5512119164024278e-06
T-L,AN,mc_learned_baseline,False,44,201,143112,51456,51456,0,0,40200,71556,286224,262144,1.0453125000000003,1.05,1.0467918273923553,0.00013444294563025316,2.5460529588709653e-06,public_state_tabular_independent_mc,1,0.01743846615871481,8.264414499979466,True,accepted_return_check_disabled,0.1,1,1.3753693393268547e-12,-0.0005189016869291745,100,5.0,0.0007080078125000013,1.029587832927298e-05,0.4180063291139241,7.168010569596337e-05,0.0005171288604210806,0.00020579060693317296
T-L,AN,mc_learned_baseline,False,44,202,143824,51712,51712,0,0,40400,71912,287648,262144,1.0476562500000002,1.05,1.046860536328215,6.870893585975146e-05,6.839304653591342e-07,public_state_tabular_independent_mc,0,0.017118480807146903,8.301320999977179,True,accepted_return_check_disabled,0.1,1,9.230632640253816e-12,-0.00013614829795762328,100,5.0,0.00034881591796875,3.170198491806503e-07,0.6194439820209758,3.982744408410923e-05,0.0001367797612001991,0.00022747001849061392
T-L,AN,mc_learned_baseline,False,44,203,144536,51968,51968,0,0,40600,72268,289072,262144,1.0500000000000003,1.0410000000000001,1.046862479377473,1.9430492579353142e-06,5.511257238159657e-10,public_state_tabular_independent_mc,0,0.017109413002788485,8.339574999990873,True,accepted_return_check_disabled,0.1,1,3.0110054967312665e-12,-5.574472181560503e-08,100,5.0,1.0986328124998754e-05,1.3149198256172601e-06,0.991210937500001,0.00025271112853655957,9.454982020616412e-08,9.378950976787613e-06
T-L,AN,mc_learned_baseline,False,44,204,145248,52224,52224,0,0,40800,72624,290496,262144,1.0476562500000002,1.05,1.0469318148562208,6.933547874776735e-05,7.125096688352908e-07,public_state_tabular_independent_mc,0,0.016785151286892706,8.375627600005828,True,accepted_return_check_disabled,0.1,1,1.89266558789351e-11,-0.00014066609247611442,100,5.0,0.00035980224609374824,7.86789329033994e-06,0.613450973863827,3.689276761010402e-05,0.0001421029923277891,0.00022504997784722244
T-L,AN,mc_learned_baseline,False,44,205,145960,52480,52480,0,0,41000,72980,291920,262144,1.0500000000000003,1.05,1.0469313633731963,-4.5148302452169276e-07,3.04328018025348e-11,public_state_tabular_independent_mc,1,0.016787267101988017,8.416686000069603,True,accepted_return_check_disabled,0.1,1,4.999535309476414e-12,2.1524938056392884e-09,100,5.0,2.465190328815662e-32,4.492680023520472e-06,1.0,0.0002580978809038334,2.152493805640349e-09,-1.4151829596936875e-06
T-L,AN,mc_learned_baseline,False,44,206,146672,52736,52736,0,0,41200,73336,293344,262144,1.0500000000000003,1.0410000000000001,1.046933259985828,1.8966126318353815e-06,5.372486459242966e-10,public_state_tabular_independent_mc,0,0.016778378491902748,8.45528810005635,True,accepted_return_check_disabled,0.1,1,2.86319866624303e-12,-5.4443420566984844e-08,100,5.0,1.0986328124998754e-05,1.4321481018830589e-06,0.991210937500001,0.0002475531082638646,9.235086809711454e-08,9.163857231528416e-06
T-L,AN,mc_learned_baseline,False,44,207,147384,52992,52992,0,0,41400,73692,294768,262144,1.0500000000000003,1.0470000000000002,1.0469351553547344,1.895368906268402e-06,5.368770987915866e-10,public_state_tabular_independent_mc,0,0.016769494694229233,8.491589099983685,True,accepted_return_check_disabled,0.1,1,2.8592338349556877e-12,-5.440858374449674e-08,100,5.0,1.0986328124998754e-05,1.4353562149348445e-06,0.991210937500001,0.00024741491473843056,9.22919943190749e-08,9.1580964589964e-06
T-L,AN,mc_learned_baseline,False,44,208,148096,53248,53248,0,0,41600,74048,296192,262144,1.0500000000000003,1.0470000000000002,1.0469347049760342,-4.5037870011199743e-07,3.031724259639913e-11,public_state_tabular_independent_mc,1,0.016771605759647434,8.528165200026706,True,accepted_return_check_disabled,0.1,1,4.961388837982828e-12,2.1499363937565683e-09,100,5.0,2.465190328815662e-32,4.482675797093778e-06,1.0,0.0002578427169047944,2.1499363937576404e-09,-1.413569388405303e-06
T-L,AN,mc_learned_baseline,False,44,209,148808,53504,53504,0,0,41800,74404,297616,262144,1.0453125000000003,1.05,1.0470701510759115,0.00013544609987725664,2.8261688563643074e-06,public_state_tabular_independent_mc,0,0.016134099510476306,8.57223479996901,True,accepted_return_check_disabled,0.1,1,3.6192227914401773e-11,-0.0005648259148834941,100,5.0,0.0006948852539062502,2.1376369324575095e-07,0.4246835443037972,9.960377220459156e-05,0.0005698255343317049,0.00015685956062878935
T-L,AN,mc_learned_baseline,False,44,210,149520,53760,53760,0,0,42000,74760,299040,262144,1.0500000000000003,1.05,1.0470697450630524,-4.060128591110157e-07,2.577861474377016e-11,public_state_tabular_independent_mc,1,0.016136018503066618,8.61199620005209,True,accepted_return_check_disabled,0.1,1,3.519475238855988e-12,2.049571349480911e-09,100,5.0,2.465190328815662e-32,4.087723909261064e-06,1.0,0.00024752219066674484,2.04957134948192e-09,-1.3493135655292123e-06
T-L,AN,mc_learned_baseline,False,44,211,150232,54016,54016,0,0,42200,75116,300464,262144,1.0453125000000003,1.044,1.0472040385150942,0.00013429345204185594,2.910359202012749e-06,public_state_tabular_independent_mc,0,0.015498578237657002,8.655829800060019,True,accepted_return_check_disabled,0.1,1,1.7666638356020079e-12,-0.0005917922242444076,100,5.0,0.0006948852539062504,1.3528539657371206e-07,0.4246835443037975,0.0001142289382915919,0.0005923811618723161,0.00013197481430847935
T-L,AN,mc_learned_baseline,False,44,212,150944,54272,54272,0,0,42400,75472,301888,262144,1.0500000000000003,1.0410000000000001,1.047203675857932,-3.6265716230055034e-07,2.155841475362386e-11,public_state_tabular_independent_mc,1,0.015500307078881113,8.697327999980189,True,accepted_return_check_disabled,0.1,1,2.2977410287869468e-12,1.955947592448226e-09,100,5.0,2.465190328815662e-32,3.7140145191320014e-06,1.0,0.00023726933796099293,1.9559475924491894e-09,-1.287477201980796e-06
T-L,AN,mc_learned_baseline,False,44,213,151656,54528,54528,0,0,42600,75828,303312,262144,1.0500000000000003,1.05,1.0472033130844152,-3.627735167821555e-07,2.1569366953103605e-11,public_state_tabular_independent_mc,1,0.015502036433779376,8.741086900001392,True,accepted_return_check_disabled,0.1,1,2.3006986372591157e-12,1.956192965022796e-09,100,5.0,2.465190328815662e-32,3.715002563446844e-06,1.0,0.0002372971324295344,1.9561929650237706e-09,-1.2876420633940725e-06
T-L,AN,mc_learned_baseline,False,44,214,152368,54784,54784,0,0,42800,76184,304736,262144,1.0476562500000002,1.05,1.0472709938471636,6.768076274843438e-05,7.632118541627923e-07,public_state_tabular_independent_mc,0,0.015178683741102188,8.77999860001728,True,accepted_return_check_disabled,0.1,1,1.9938178676648216e-11,-0.00015711804399416149,100,5.0,0.00035156249999999934,1.930143978949428e-06,0.617945729981689,2.9022379642874017e-05,0.00015551554372768734,0.00020701474905656194
T-L,AN,mc_learned_baseline,False,44,215,153080,55040,55040,0,0,43000,76540,306160,262144,1.0406250000000004,1.05,1.0475343431562416,0.00026334930907800924,1.247090027361832e-05,public_state_tabular_independent_mc,0,0.013906195164409416,8.818832000019029,True,accepted_return_check_disabled,0.1,1,2.2158448488148895e-10,-0.0025366795805736057,100,5.0,0.0013870239257812514,5.200219859206087e-08,0.22549862448418168,0.0013374661300033714,0.002559191442179446,-0.0011065877389429735
T-L,AN,mc_learned_baseline,False,44,216,153792,55296,55296,0,0,43200,76896,307584,262144,1.0476562500000002,1.0470000000000002,1.0476030801917562,6.873703551457666e-05,8.965073944075486e-07,public_state_tabular_independent_mc,1,0.013570098846618509,8.858403000049293,True,accepted_return_check_disabled,0.1,1,9.34575560280953e-12,-0.00017830283153898917,100,5.0,0.00035400390625000064,5.340922884532352e-06,0.6155422840019977,2.4798190609119216e-05,0.00017986829575933032,0.00018596140608791154
T-L,AN,mc_learned_baseline,False,44,217,154504,55552,55552,0,0,43400,77252,309008,262144,1.0476562500000002,1.044,1.0476713902034887,6.83100117324642e-05,9.114864435647762e-07,public_state_tabular_independent_mc,0,0.013234383717764218,8.89665240002796,True,accepted_return_check_disabled,0.1,1,2.244527090606027e-15,-0.00018365006586068953,100,5.0,0.00034881591796875,3.4588734092926056e-09,0.6194439820209758,2.4740579918238512e-05,0.00018413183647179502,0.00018075703014953752
T-L,AN,mc_learned_baseline,False,44,218,155216,55808,55808,0,0,43600,77608,310432,262144,1.0429687500000002,1.05,1.047866518528622,0.00019512832513335354,7.96809458997882e-06,public_state_tabular_independent_mc,0,0.012265502698700942,8.932619399973191,True,accepted_return_check_disabled,0.1,1,1.0286440966489831e-10,-0.0016675822666062296,100,5.0,0.001032714843750001,2.961700724251964e-06,0.3085421994884914,0.000776711714903519,0.0016541908861759677,-0.0005764496096119971
T-L,AN,mc_learned_baseline,False,44,219,155928,56064,56064,0,0,43800,77964,311856,262144,1.0476562500000002,1.0470000000000002,1.0479345712399426,6.805271132059865e-05,1.0209366509005947e-06,public_state_tabular_independent_mc,0,0.011923959920915321,8.96798790001776,True,accepted_return_check_disabled,0.1,1,6.316511266144658e-14,-0.00020673244986426137,100,5.0,0.0003515624999999995,3.452007828034061e-06,0.6179457299816887,2.7571053012715082e-05,0.00020637410843832136,0.00015770871847783333
T-L,AN,mc_learned_baseline,False,44,220,156640,56320,56320,0,0,44000,78320,313280,262144,1.0476562500000002,1.0470000000000002,1.0480032956648655,6.872442492289466e-05,1.0773921621352714e-06,public_state_tabular_independent_mc,1,0.011577022364582046,9.006534600048326,True,accepted_return_check_disabled,0.1,1,1.9729188079274986e-11,-0.00021467798866494655,100,5.0,0.00035400390625000064,4.463195872754498e-06,0.6155422840019977,2.9714597646937663e-05,0.00021612165637005813,0.00015033052738013908
T-L,AN,mc_learned_baseline,False,44,221,157352,56576,56576,0,0,44200,78676,314704,262144,1.0476562500000002,1.0470000000000002,1.0480720835333122,6.878786844666251e-05,1.1183639112679472e-06,public_state_tabular_independent_mc,1,0.01122766263780229,9.044828800018877,True,accepted_return_check_disabled,0.1,1,1.8287812709888194e-11,-0.00022244320942223775,100,5.0,0.00035400390625000064,4.328658123279792e-06,0.6155422840019975,3.2182916271446836e-05,0.0002245444245870869,0.0001425719850592854
T-L,AN,mc_learned_baseline,False,44,222,158064,56832,56832,0,0,44400,79032,316128,262144,1.0476562500000002,1.05,1.0481402750423443,6.819150903214499e-05,1.1399620927332807e-06,public_state_tabular_independent_mc,0,0.010879185176551346,9.088003700016998,True,accepted_return_check_disabled,0.1,1,1.0080460275375016e-12,-0.00022930673847378676,100,5.0,0.0003515624999999994,4.013030744030098e-06,0.6179457299816888,3.459021893986143e-05,0.00023040616037380015,0.0001348645235981042
T-L,AN,mc_learned_baseline,False,44,223,158776,57088,57088,0,0,44600,79388,317552,262144,1.0500000000000003,1.044,1.0481410336323531,7.58590008809179e-07,1.4286250285472027e-10,public_state_tabular_independent_mc,0,0.01087529619988889,9.133124400046654,True,accepted_return_check_disabled,0.1,1,1.4512521077380968e-12,-5.193906384826628e-09,100,5.0,2.7465820312496886e-06,1.5757857526341002e-07,0.9978027343750002,0.00016062681581394112,2.3105758121190577e-08,3.5677696586632e-06
T-L,AN,mc_learned_baseline,False,44,224,159488,57344,57344,0,0,44800,79744,318976,262144,1.0453125000000003,1.044,1.0482740243113582,0.00013299067900507389,4.620125159642722e-06,public_state_tabular_independent_mc,0,0.010189134170467438,9.170021399972029,True,accepted_return_check_disabled,0.1,1,8.481749543217274e-11,-0.0009315019094222928,100,5.0,0.0006948852539062493,1.3759331875700036e-05,0.4246835443037983,0.0003798113421647803,0.0009396740289820601,-0.0002156753003420798
T-L,AN,mc_learned_baseline,False,44,225,160200,57600,57600,0,0,45000,80100,320400,262144,1.0429687500000002,1.05,1.0484675898421199,0.0001935655307616635,1.0893823883143368e-05,public_state_tabular_independent_mc,0,0.009173814855695853,9.206585600040853,True,accepted_return_check_disabled,0.1,1,1.4597230578950524e-10,-0.0023059558651468822,100,5.0,0.0010409545898437504,2.424182825950967e-07,0.3057800511508958,0.0013540380661667436,0.002287416155975449,-0.0012001748481638176
T-L,AN,mc_learned_baseline,False,44,226,160912,57856,57856,0,0,45200,80456,321824,262144,1.0476562500000002,1.0470000000000002,1.0485357834351472,6.819359302734362e-05,1.4548921107946937e-06,public_state_tabular_independent_mc,1,0.008810998896926858,9.242608700064011,True,accepted_return_check_disabled,0.1,1,5.253307663631571e-13,-0.0002940717142278434,100,5.0,0.00035400390625000064,3.5430268118969225e-06,0.6155422840019977,6.685613086575515e-05,0.0002952729791923866,7.202190921541657e-05
T-L,AN,mc_learned_baseline,False,44,227,161624,58112,58112,0,0,45400,80812,323248,262144,1.0406250000000004,1.044,1.0487900307815106,0.00025424734636336765,2.3427299486433474e-05,public_state_tabular_independent_mc,1,0.007431731478390986,9.285460200044326,True,accepted_return_check_disabled,0.1,1,2.4880992843942616e-10,-0.004937799026216871,100,5.0,0.0014160156250000026,1.0865212037581749e-05,0.21672971114167805,0.0036324626957159466,0.004970629537675841,-0.0034988726092465327
T-L,AN,mc_learned_baseline,False,44,228,162336,58368,58368,0,0,45600,81168,324672,262144,1.0476562500000002,1.05,1.0488579854744018,6.795469289122558e-05,1.8667943810153621e-06,public_state_tabular_independent_mc,1,0.007055192818562886,9.32550210005138,True,accepted_return_check_disabled,0.1,1,2.5553570736949425e-12,-0.00037819208583340783,100,5.0,0.00035400390625000064,3.124365161566185e-06,0.6155422840019975,0.00012568405795734935,0.0003801488561607277,-1.1854664386358102e-05
T-L,AN,mc_learned_baseline,False,44,229,163048,58624,58624,0,0,45800,81524,326096,262144,1.0476562500000002,1.05,1.0489251205469343,6.713507253253148e-05,1.9409496182313113e-06,public_state_tabular_independent_mc,1,0.006679537221835232,9.36602039996069,True,accepted_return_check_disabled,0.1,1,2.858302541468362e-11,-0.00040238565551135115,100,5.0,0.00035400390625000064,3.0494456102825342e-06,0.6155422840019975,0.00014197055028106133,0.00039973361974584475,-3.3433881849153464e-05
T-L,AN,mc_learned_baseline,False,44,230,163760,58880,58880,0,0,46000,81880,327520,262144,1.0476562500000002,1.05,1.0489922342713136,6.711372437928631e-05,2.0746821633880135e-06,public_state_tabular_independent_mc,1,0.006300119018268217,9.407329000066966,True,accepted_return_check_disabled,0.1,1,1.2906733986681595e-11,-0.0004295080415678579,100,5.0,0.00035400390625000064,2.9799659005643567e-06,0.6155422840019975,0.0001635493764764919,0.0004267386099355284,-6.0246434273322454e-05
T-L,AN,mc_learned_baseline,False,44,231,164472,59136,59136,0,0,46200,82236,328944,262144,1.0476562500000002,1.0470000000000002,1.0490600457963704,6.781152505674903e-05,2.277787718566991e-06,public_state_tabular_independent_mc,1,0.005912526119365968,9.446301499963738,True,accepted_return_check_disabled,0.1,1,3.4781646865016786e-11,-0.0004605107105653723,100,5.0,0.00035400390625000064,2.9150138795772276e-06,0.6155422840019977,0.00019241491961985348,0.0004633123519582249,-9.434885335431095e-05
T-L,AN,mc_learned_baseline,False,44,232,165184,59392,59392,0,0,46400,82592,330368,262144,1.0500000000000003,1.05,1.0490600790486915,3.325232111883736e-08,5.616520411532926e-13,public_state_tabular_independent_mc,1,0.005912334964317445,9.482423900044523,True,accepted_return_check_disabled,0.1,1,8.520102182410975e-12,9.412546943312904e-10,100,5.0,2.465190328815662e-32,3.8011814336652093e-07,1.0,9.327740234571196e-05,9.41254694331645e-10,-5.075552538106819e-07
T-L,AN,mc_learned_baseline,False,44,233,165896,59648,59648,0,0,46600,82948,331792,262144,1.0476562500000002,1.0470000000000002,1.0491275664288997,6.748738020823097e-05,2.4404039501535786e-06,public_state_tabular_independent_mc,1,0.005522038795974549,9.522843700018711,True,accepted_return_check_disabled,0.1,1,6.427940081570305e-12,-0.0004967222284908996,100,5.0,0.00035400390625000064,2.8539321742727445e-06,0.6155422840019974,0.0002233276112426329,0.0004996626696450383,-0.00013056036266422314
T-L,AN,mc_learned_baseline,False,44,234,166608,59904,59904,0,0,46800,83304,333216,262144,1.0500000000000003,1.05,1.0491274881542987,-7.827460102305395e-08,3.372785908004447e-12,public_state_tabular_independent_mc,1,0.005522494247886918,9.561147200060077,True,accepted_return_check_disabled,0.1,1,1.3752944038791817e-13,4.2962760756037885e-10,100,5.0,2.465190328815662e-32,3.237715427843507e-07,1.0,8.78206642477994e-05,4.296276075606168e-10,-3.291973315774322e-07
T-L,AN,mc_learned_baseline,False,44,235,167320,60160,60160,0,0,47000,83660,334640,262144,1.0500000000000003,1.0470000000000002,1.0491274102246408,-7.792965783792738e-08,3.3428234164370684e-12,public_state_tabular_independent_mc,1,0.005522947686114523,9.597398400073871,True,accepted_return_check_disabled,0.1,1,1.3078682182926515e-13,4.302555859150367e-10,100,5.0,2.465190328815662e-32,3.238342241605868e-07,1.0,8.782704345458375e-05,4.302555859152703e-10,-3.2945414237782844e-07
T-L,AN,mc_learned_baseline,False,44,236,168032,60416,60416,0,0,47200,84016,336064,262144,1.0500000000000003,1.0470000000000002,1.0491276801711686,2.6994652779777084e-07,4.0118544616015954e-11,public_state_tabular_independent_mc,0,0.0055213769585761505,9.637099000043236,True,accepted_return_check_disabled,0.1,1,7.157603435995083e-13,-2.3201536189485944e-09,100,5.0,2.7465820312496886e-06,1.1933569658592323e-06,0.9978027343750002,8.590316306120333e-05,1.0311714153529943e-08,1.6005216601757593e-06
T-L,AN,mc_learned_baseline,False,44,237,168744,60672,60672,0,0,47400,84372,337488,262144,1.0500000000000003,1.05,1.0491276013945954,-7.877657326460508e-08,3.4167270368219785e-12,public_state_tabular_independent_mc,1,0.00552183534095537,9.676231399993412,True,accepted_return_check_disabled,0.1,1,1.4772459514346493e-13,4.287152067379056e-10,100,5.0,2.465190328815662e-32,3.236804702386668e-07,1.0,8.781139426865676e-05,4.287152067381532e-10,-3.288239306326442e-07
T-L,AN,mc_learned_baseline,False,44,238,169456,60928,60928,0,0,47600,84728,338912,262144,1.0476562500000002,1.05,1.04919408378739,6.648239279472001e-05,2.57655253526091e-06,public_state_tabular_independent_mc,1,0.00513252892266407,9.713250400032848,True,accepted_return_check_disabled,0.1,1,4.3624381541095644e-11,-0.0005388512011023093,100,5.0,0.00035400390625000064,2.7977119126528963e-06,0.6155422840019977,0.000255499750522125,0.0005348083603424625,-0.00016801101851599665
T-L,AN,mc_learned_baseline,False,44,239,170168,61184,61184,0,0,47800,85084,340336,262144,1.0453125000000003,1.05,1.0493206282491556,0.00012654446176552092,1.0875451997482992e-05,public_state_tabular_independent_mc,0,0.00437664562668982,9.751331400009803,True,accepted_return_check_disabled,0.1,1,4.187591013653901e-12,-0.002320694667226317,100,5.0,0.0006948852539062503,1.3006970230111376e-06,0.4246835443037972,0.001668381904828056,0.002317420991622005,-0.0015860951460028886
T-L,AN,mc_learned_baseline,False,44,240,170880,61440,61440,0,0,48000,85440,341760,262144,1.0500000000000003,1.05,1.0493206972284599,6.897930426852383e-08,3.4474868563984065e-12,public_state_tabular_independent_mc,1,0.004376227752089372,9.790891899960116,True,accepted_return_check_disabled,0.1,1,1.3199939315011097e-14,7.775959827034287e-10,100,5.0,2.465190328815662e-32,1.878139059275506e-07,1.0,7.198669766562641e-05,7.775959827031364e-10,3.8478324199818395e-07
T-L,AN,mc_learned_baseline,False,44,241,171592,61696,61696,0,0,48200,85796,343184,262144,1.0500000000000003,1.05,1.049320766252183,6.902372318151606e-08,3.452292853933744e-12,public_state_tabular_independent_mc,1,0.004375809601595532,9.828293800004758,True,accepted_return_check_disabled,0.1,1,1.2890357599677502e-14,7.774255565210152e-10,100,5.0,2.465190328815662e-32,1.8777199046397496e-07,1.0,7.198135213303225e-05,7.774255565207319e-10,3.8471936632350184e-07
T-L,AN,mc_learned_baseline,False,44,242,172304,61952,61952,0,0,48400,86152,344608,262144,1.0476562500000002,1.0470000000000002,1.0493866884732015,6.592222101842182e-05,3.3965733245907432e-06,public_state_tabular_independent_mc,1,0.0039732170826931685,9.867578800069168,True,accepted_return_check_disabled,0.1,1,1.831759175210458e-11,-0.0007111027094036781,100,5.0,0.00035400390625000064,2.661903562150018e-06,0.6155422840019975,0.00041322828309717544,0.0007089781842818529,-0.00034086762449446055
T-L,AN,mc_learned_baseline,False,44,243,173016,62208,62208,0,0,48600,86508,346032,262144,1.0500000000000003,1.05,1.0493867237733516,3.530015013630816e-08,1.0124655699097497e-12,public_state_tabular_independent_mc,1,0.003972999707683147,9.910029400023632,True,accepted_return_check_disabled,0.1,1,1.2235394017614576e-12,1.996147719107713e-12,100,5.0,2.465190328815662e-32,1.4985192766795196e-07,1.0,6.720744233284382e-05,1.9961477191212953e-12,-1.8448692963566188e-08
T-L,AN,mc_learned_baseline,False,44,244,173728,62464,62464,0,0,48800,86864,347456,262144,1.0500000000000003,1.05,1.049386751017823,2.7244471345611032e-08,6.03148827235922e-13,public_state_tabular_independent_mc,1,0.0039728319374191055,9.947606600006111,True,accepted_return_check_disabled,0.1,1,7.716536078846418e-13,2.0735642764167503e-12,100,5.0,2.465190328815662e-32,1.4983280877621576e-07,1.0,6.72050253686461e-05,2.07356427643079e-12,-1.8802466269552474e-08
T-L,AN,mc_learned_baseline,False,44,245,174440,62720,62720,0,0,49000,87220,348880,262144,1.0500000000000003,1.05,1.0493867709360063,1.991818332491846e-08,3.223640346714601e-13,public_state_tabular_independent_mc,1,0.0039727092813623185,9.987552999984473,True,accepted_return_check_disabled,0.1,1,4.5039379530193626e-13,2.1343254833780407e-12,100,5.0,2.465190328815662e-32,1.4981805376751432e-07,1.0,6.720315997284744e-05,2.1343254833921347e-12,-1.9075512096983166e-08
T-L,AN,mc_learned_baseline,False,44,246,175152,62976,62976,0,0,49200,87576,350304,262144,1.0500000000000003,1.05,1.0493867851077985,1.4171792184214382e-08,1.6322572240097568e-13,public_state_tabular_independent_mc,1,0.00397262201116107,10.02480730006937,True,accepted_return_check_disabled,0.1,1,2.5845817413835866e-13,2.179305161893055e-12,100,5.0,2.465190328815662e-32,1.4980726698556884e-07,1.0,6.720179620144914e-05,2.1793051619073764e-12,-1.9275136276026497e-08
T-L,AN,mc_learned_baseline,False,44,247,175864,63232,63232,0,0,49400,87932,351728,262144,1.0500000000000003,1.05,1.0493867950725908,9.964792324623772e-09,8.070585463047169e-14,public_state_tabular_independent_mc,1,0.003972560647562708,10.072883000015281,True,accepted_return_check_disabled,0.1,1,1.5148632550459632e-13,2.2115950692571318e-12,100,5.0,2.465190328815662e-32,1.4979959242920108e-07,1.0,6.720082587895207e-05,2.211595069271542e-12,-1.941717035911899e-08
T-L,AN,mc_learned_baseline,False,44,248,176576,63488,63488,0,0,49600,88288,353152,262144,1.0500000000000003,1.05,1.0493870737886555,2.787160646722242e-07,6.3150424075224e-11,public_state_tabular_independent_mc,0,0.003970844238076979,10.117428299970925,True,accepted_return_check_disabled,0.1,1,1.3267653544234238e-12,-9.75410510253284e-09,100,5.0,1.0986328124998754e-05,8.597745394430838e-06,0.991210937500001,6.551716036529373e-05,1.6560482583221917e-08,1.6634661977577217e-06
T-L,AN,mc_learned_baseline,False,44,249,177288,63744,63744,0,0,49800,88644,354576,262144,1.0500000000000003,1.05,1.049387026816779,-4.697187638846856e-08,1.7937904240282811e-12,public_state_tabular_independent_mc,1,0.003971133512429743,10.158451900002547,True,accepted_return_check_disabled,0.1,1,1.4847022234242652e-12,2.921281996082828e-12,100,5.0,2.465190328815662e-32,1.4964330464453088e-07,1.0,6.718106047900759e-05,2.921281996099457e-12,-2.2310633740442966e-08
T-L,AN,mc_learned_baseline,False,44,250,178000,64000,64000,0,0,50000,89000,356000,262144,1.0500000000000003,1.05,1.0493871752509767,1.484341975999115e-07,1.7915756902299124e-11,public_state_tabular_independent_mc,0,0.003970219374489449,10.196001200005412,True,accepted_return_check_disabled,0.1,1,2.767906307280238e-12,-1.5699570143802658e-09,100,5.0,2.7465820312496886e-06,1.6276054471721049e-06,0.9978027343750002,6.608089977673133e-05,6.9546619445380626e-09,1.0815369463657367e-06
T-L,AN,mc_learned_baseline,False,44,251,178712,64256,64256,0,0,50200,89356,357424,262144,1.0476562500000002,1.05,1.0494522207853538,6.504553437713945e-05,3.743068246976567e-06,public_state_tabular_independent_mc,0,0.003566082990874793,10.231597600039095,True,accepted_return_check_disabled,0.1,1,1.8919457211286147e-11,-0.0007891352177286329,100,5.0,0.00034881591796875005,1.6291260981056534e-06,0.6194439820209758,0.00048617818365728755,0.0007845761265654695,-0.00041902739771688214
T-L,AN,mc_learned_baseline,False,44,252,179424,64512,64512,0,0,50400,89712,358848,262144,1.0500000000000003,1.05,1.049452191566962,-2.921839192815412e-08,7.88788986204714e-13,public_state_tabular_independent_mc,1,0.00356626618923378,10.268382600042969,True,accepted_return_check_disabled,0.1,1,1.6401085640512512e-14,1.1554211540517236e-10,100,5.0,2.465190328815662e-32,1.165050993175356e-07,1.0,6.217477417165025e-05,1.1554211540526269e-10,-1.317240936150282e-07
T-L,AN,mc_learned_baseline,False,44,253,180136,64768,64768,0,0,50600,90068,360272,262144,1.0476562500000002,1.05,1.0495179103088,6.571874183802784e-05,4.399148211610006e-06,public_state_tabular_independent_mc,1,0.00315006982932923,10.305380400037393,True,accepted_return_check_disabled,0.1,1,6.899842974749171e-11,-0.000908173067719532,100,5.0,0.00035400390625000064,2.5908600007790355e-06,0.6155422840019975,0.0006076726841582815,0.0009162482850346935,-0.0005456273386903541
T-L,AN,mc_learned_baseline,False,44,254,180848,65024,65024,0,0,50800,90424,361696,262144,1.0500000000000003,1.05,1.0495180080420272,9.773322728889866e-08,1.0234771680513752e-11,public_state_tabular_independent_mc,0,0.003149444405968253,10.345045399968512,True,accepted_return_check_disabled,0.1,1,3.72634836380808e-12,-1.1926458477211707e-09,100,5.0,2.7465820312496886e-06,1.872083124927207e-06,0.9978027343750002,5.606081201876629e-05,5.2634103703776554e-09,8.196397109962521e-07
T-L,AN,mc_learned_baseline,False,44,255,181560,65280,65280,0,0,51000,90780,363120,262144,1.0476562500000002,1.05,1.0495819705117677,6.396246974049724e-05,4.899613870422813e-06,public_state_tabular_independent_mc,1,0.002735534459780907,10.380301399971358,True,accepted_return_check_disabled,0.1,1,8.695747410369031e-11,-0.0010543174067256873,100,5.0,0.00035400390625000064,2.5618159023802755e-06,0.6155422840019977,0.0007346174971457506,0.0010453125419778466,-0.0006777447301335548
T-L,AN,mc_learned_baseline,False,44,256,182272,65536,65536,0,0,51200,91136,364544,262144,1.0500000000000003,1.05,1.049582001793199,3.128143122310689e-08,1.2417896321377287e-12,public_state_tabular_independent_mc,1,0.0027353296589963353,10.41732150001917,True,accepted_return_check_disabled,0.1,1,1.3141218750770636e-12,2.0481549002633778e-13,100,5.0,2.465190328815662e-32,6.3149438219572e-08,1.0,5.184619205412683e-05,2.0481549002985075e-13,-4.7283629431537355e-09
T-L,AN,mc_learned_baseline,False,44,257,182984,65792,65792,0,0,51400,91492,365968,262144,1.0500000000000003,1.05,1.0495820433274021,4.153420318786516e-08,2.189404633605399e-12,public_state_tabular_independent_mc,1,0.002735057729099015,10.459089700016193,True,accepted_return_check_disabled,0.1,1,2.2684401066329158e-12,1.4013556498835523e-13,100,5.0,2.465190328815662e-32,6.313860454241875e-08,1.0,5.1842912857935146e-05,1.4013556499125673e-13,-3.910936561255323e-09
T-L,AN,mc_learned_baseline,False,44,258,183696,66048,66048,0,0,51600,91848,367392,262144,1.0500000000000003,1.05,1.0495820724470617,2.91196595725296e-08,1.0763086345181507e-12,public_state_tabular_independent_mc,1,0.002734867076264615,10.496192799997516,True,accepted_return_check_disabled,0.1,1,1.1163693847543584e-12,7.316536883494718e-14,100,5.0,2.465190328815662e-32,6.31242215417781e-08,1.0,5.183855900230647e-05,7.31653688370368e-14,-2.8257196337614233e-09
T-L,AN,mc_learned_baseline,False,44,259,184408,66304,66304,0,0,51800,92204,368816,262144,1.0500000000000003,1.05,1.0495820876160262,1.5168964528911033e-08,2.920819976573843e-13,public_state_tabular_independent_mc,1,0.0027347677608617707,10.53646299999673,True,accepted_return_check_disabled,0.1,1,3.0736858704995546e-13,3.9077314121965696e-14,100,5.0,2.465190328815662e-32,6.31141386384462e-08,1.0,5.1835506623994866e-05,3.9077314123497267e-14,-2.0649873378252347e-09
T-L,AN,mc_learned_baseline,False,44,260,185120,66560,66560,0,0,52000,92560,370240,262144,1.0500000000000003,1.05,1.0495821678213648,8.020533859287582e-08,8.167002389300714e-12,public_state_tabular_independent_mc,0,0.0027342426247202356,10.57478310004808,True,accepted_return_check_disabled,0.1,1,3.4242908506605524e-12,-1.0078592727379477e-09,100,5.0,2.7465820312496886e-06,1.9982193531270537e-06,0.9978027343750002,5.11410908000273e-05,4.4343894202470515e-09,6.911570758444127e-07
T-L,AN,mc_learned_baseline,False,44,261,185832,66816,66816,0,0,52200,92916,371664,262144,1.0500000000000003,1.05,1.0495822480096226,8.018825781164196e-08,8.165368663860059e-12,public_state_tabular_independent_mc,0,0.0027337175842244857,10.611575599992648,True,accepted_return_check_disabled,0.1,1,3.4233316047945766e-12,-1.0076284330269862e-09,100,5.0,2.7465820312496886e-06,1.9983795682824764e-06,0.9978027343750002,5.113493942780226e-05,4.433353465588222e-09,6.909964781009118e-07
T-L,AN,mc_learned_baseline,False,44,262,186544,67072,67072,0,0,52400,93272,373088,262144,1.0500000000000003,1.05,1.0495822401047152,-7.904907395328564e-09,7.93024806278744e-14,public_state_tabular_independent_mc,1,0.002733769343102501,10.64960979996249,True,accepted_return_check_disabled,0.1,1,8.922784356103792e-14,5.815379410756646e-14,100,5.0,2.465190328815662e-32,6.305336673534492e-08,1.0,5.1817106924234544e-05,5.815379410569744e-14,2.5183491539866088e-09
T-L,AN,mc_learned_baseline,False,44,263,187256,67328,67328,0,0,52600,93628,374512,262144,1.0500000000000003,1.05,1.0495822366646674,-3.44004780217233e-09,1.499349219701168e-14,public_state_tabular_independent_mc,1,0.0027337918674178495,10.687162999995053,True,accepted_return_check_disabled,0.1,1,1.90954935388238e-14,4.901829690614813e-14,100,5.0,2.465190328815662e-32,6.305610239792334e-08,1.0,5.181793524425605e-05,4.901829690443336e-14,2.3121275793661087e-09
T-L,AN,mc_learned_baseline,False,44,264,187968,67584,67584,0,0,52800,93984,375936,262144,1.0500000000000003,1.05,1.0495822349424826,-1.7221848391812955e-09,3.7889805632200815e-15,public_state_tabular_independent_mc,1,0.002733803143712425,10.722704200074077,True,accepted_return_check_disabled,0.1,1,5.87521453998065e-15,4.5286203296293225e-14,100,5.0,2.465190328815662e-32,6.3057292919687e-08,1.0,5.181829571670741e-05,4.5286203294648476e-14,2.222379139748992e-09
T-L,AN,mc_learned_baseline,False,44,265,188680,67840,67840,0,0,53000,94340,377360,262144,1.0500000000000003,1.05,1.049582315116457,8.017397434834095e-08,8.164036142262725e-12,public_state_tabular_independent_mc,0,0.0027332781831908197,10.76088630000595,True,accepted_return_check_disabled,0.1,1,3.4224594001039178e-12,-1.007435251316613e-09,100,5.0,2.7465820312496886e-06,1.9985136518368763e-06,0.9978027343750002,5.1129791548633575e-05,4.432486510584096e-09,6.908620792633992e-07
T-L,AN,mc_learned_baseline,False,44,266,189392,68096,68096,0,0,53200,94696,378784,262144,1.0500000000000003,1.05,1.0495822738717202,-4.124473673705609e-08,2.1606245633926397e-12,public_state_tabular_independent_mc,1,0.0027335482461474953,10.79880630003754,True,accepted_return_check_disabled,0.1,1,2.2463687392153774e-12,1.6709123234947273e-13,100,5.0,2.465190328815662e-32,6.303014549436875e-08,1.0,5.1810075815542016e-05,1.6709123234630908e-13,4.268298259309e-09
T-L,AN,mc_learned_baseline,False,44,267,190104,68352,68352,0,0,53400,95052,380208,262144,1.0500000000000003,1.05,1.0495822492246596,-2.4647060614668703e-08,7.714766791550181e-13,public_state_tabular_independent_mc,1,0.0027337096285275004,10.834910699981265,True,accepted_return_check_disabled,0.1,1,8.099719258230962e-13,9.348852919055715e-14,100,5.0,2.465190328815662e-32,6.304441703898842e-08,1.0,5.181439707016507e-05,9.34885291881867e-14,3.1929138485116066e-09
T-L,AN,mc_learned_baseline,False,44,268,190816,68608,68608,0,0,53600,95408,381632,262144,1.0500000000000003,1.05,1.04958224058247,-8.642189630592156e-09,9.484540025329708e-14,public_state_tabular_independent_mc,1,0.002733766214918039,10.872013799962588,True,accepted_return_check_disabled,0.1,1,1.057927186464731e-13,5.96271058825168e-14,100,5.0,2.465190328815662e-32,6.305294625131152e-08,1.0,5.1816979607435365e-05,5.962710588062493e-14,2.550045287661807e-09
T-L,AN,mc_learned_baseline,False,44,269,191528,68864,68864,0,0,53800,95764,383056,262144,1.0500000000000003,1.05,1.0495822368917205,-3.690749483808986e-09,1.72865013245949e-14,public_state_tabular_independent_mc,1,0.002733790380749824,10.909083400038071,True,accepted_return_check_disabled,0.1,1,2.1661523642560573e-14,4.954828899050956e-14,100,5.0,2.465190328815662e-32,6.305593705889013e-08,1.0,5.181788518200437e-05,4.954828898878751e-14,2.3245916169349454e-09
T-L,AN,mc_learned_baseline,False,44,270,192240,69120,69120,0,0,54000,96120,384480,262144,1.0476562500000002,1.0383000000000002,1.0496462007129337,6.396382121320876e-05,5.93894291677407e-06,public_state_tabular_independent_mc,1,0.0023094713411935157,10.945335900061764,True,accepted_return_check_disabled,0.1,1,8.131652460579326e-11,-0.0012505319195642718,100,5.0,0.00035400390625000064,2.5376513856160987e-06,0.6155422840019975,0.0009411236271018558,0.0012600074405180615,-0.0008893031268745638
T-L,AN,mc_learned_baseline,False,44,271,192952,69376,69376,0,0,54200,96476,385904,262144,1.0500000000000003,1.05,1.0496461822192436,-1.8493690134846474e-08,5.325689545059141e-13,public_state_tabular_independent_mc,1,0.002309595726100778,10.982400699984282,True,accepted_return_check_disabled,0.1,1,3.2813116949003065e-13,4.924067457774671e-12,100,5.0,2.465190328815662e-32,4.296639037407014e-08,1.0,4.680562803763134e-05,4.924067457790511e-12,-2.093276853114721e-08
T-L,AN,mc_learned_baseline,False,44,272,193664,69632,69632,0,0,54400,96832,387328,262144,1.0500000000000003,1.05,1.049646164856881,-1.7362362658701613e-08,4.693817953196115e-13,public_state_tabular_independent_mc,1,0.0023097125009601174,11.021092700073496,True,accepted_return_check_disabled,0.1,1,2.7988709774074455e-13,4.872453881763652e-12,100,5.0,2.465190328815662e-32,4.297160788823038e-08,1.0,4.6806975363334545e-05,4.872453881779396e-12,-2.0823427259280432e-08
T-L,AN,mc_learned_baseline,False,44,273,194376,69888,69888,0,0,54600,97188,388752,262144,1.0500000000000003,1.05,1.0496461486239719,-1.6232909016977715e-08,4.10237607801705e-13,public_state_tabular_independent_mc,1,0.0023098216785561953,11.0584930999903,True,accepted_return_check_disabled,0.1,1,2.353839140533558e-13,4.824144978997625e-12,100,5.0,2.465190328815662e-32,4.2976506539010815e-08,1.0,4.680824004623016e-05,4.824144979013031e-12,-2.072055322253531e-08
T-L,AN,mc_learned_baseline,False,44,274,195088,70144,70144,0,0,54800,97544,390176,262144,1.0476562500000002,1.05,1.0497078811628597,6.173253888785979e-05,6.96956778354863e-06,public_state_tabular_independent_mc,1,0.0018882511935239005,11.09785510005895,True,accepted_return_check_disabled,0.1,1,7.2030889304794e-11,-0.001534432885041663,100,5.0,0.00035400390625000064,2.5177020363326385e-06,0.6155422840019977,0.001200405925747299,0.0015215256371446935,-0.00115361712765975
T-L,AN,mc_learned_baseline,False,44,275,195800,70400,70400,0,0,55000,97900,391600,262144,1.0500000000000003,1.05,1.0497079172188664,3.605600662481834e-08,2.5900415632294827e-12,public_state_tabular_independent_mc,1,0.0018880009212481458,11.138464599964209,True,accepted_return_check_disabled,0.1,1,9.48561544019711e-13,8.075161326008041e-11,100,5.0,2.465190328815662e-32,2.7467663337436724e-08,1.0,4.184966718873498e-05,8.075161326002005e-11,7.484903651829333e-08
T-L,AN,mc_learned_baseline,False,44,276,196512,70656,70656,0,0,55200,98256,393024,262144,1.0500000000000003,1.05,1.0497079527052138,3.5486347416124886e-08,2.509264660701364e-12,public_state_tabular_independent_mc,1,0.001887754598066365,11.176846800022759,True,accepted_return_check_disabled,0.1,1,8.916702887774697e-13,8.186407373244519e-11,100,5.0,2.465190328815662e-32,2.7459716006124e-08,1.0,4.184631776354476e-05,8.186407373238094e-11,7.53561258672592e-08
T-L,AN,mc_learned_baseline,False,44,277,197224,70912,70912,0,0,55400,98612,394448,262144,1.0500000000000003,1.05,1.0497079873888708,3.468365705749932e-08,2.3974192481733825e-12,public_state_tabular_independent_mc,1,0.0018875138418203137,11.2124036999885,True,accepted_return_check_disabled,0.1,1,8.178023102538027e-13,8.295650279237066e-11,100,5.0,2.465190328815662e-32,2.745189550637064e-08,1.0,4.184302586019601e-05,8.295650279231972e-11,7.585059891034516e-08
T-L,AN,mc_learned_baseline,False,44,278,197936,71168,71168,0,0,55600,98968,395872,262144,1.0500000000000003,1.05,1.0497080210800755,3.369120471496956e-08,2.2625013097401988e-12,public_state_tabular_independent_mc,1,0.0018872799701053222,11.250235400046222,True,accepted_return_check_disabled,0.1,1,7.327425401173682e-13,8.40216128263984e-11,100,5.0,2.465190328815662e-32,2.7444253120813377e-08,1.0,4.183981286098149e-05,8.402161282633911e-11,7.632944358216173e-08
T-L,AN,mc_learned_baseline,False,44,279,198648,71424,71424,0,0,55800,99324,397296,262144,1.0500000000000003,1.05,1.0497080536332668,3.25531912537258e-08,2.1125638250931457e-12,public_state_tabular_independent_mc,1,0.0018870539937804788,11.289724600035697,True,accepted_return_check_disabled,0.1,1,6.421381306754561e-13,8.505354088193039e-11,100,5.0,2.465190328815662e-32,2.7436830569416564e-08,1.0,4.183669603148533e-05,8.505354088187802e-11,7.679035351552022e-08
T-L,AN,mc_learned_baseline,False,44,280,199360,71680,71680,0,0,56000,99680,398720,262144,1.0500000000000003,1.05,1.0497080849449083,3.131164150182997e-08,1.954775192615251e-12,public_state_tabular_independent_mc,1,0.0018868366320274404,11.336133499979042,True,accepted_return_check_disabled,0.1,1,5.50860971478118e-13,8.604786737991366e-11,100,5.0,2.465190328815662e-32,2.7429659813420214e-08,1.0,4.183368846712064e-05,8.604786737985419e-11,7.723170820808927e-08
T-L,AN,mc_learned_baseline,False,44,281,200072,71936,71936,0,0,56200,100036,400144,262144,1.0500000000000003,1.05,1.0497081149492098,3.0004301487807084e-08,1.7952048582358567e-12,public_state_tabular_independent_mc,1,0.0018866283420308997,11.382831200025976,True,accepted_return_check_disabled,0.1,1,4.628166043797531e-13,8.700153436799693e-11,100,5.0,2.465190328815662e-32,2.742276354353412e-08,1.0,4.183079932600942e-05,8.700153436793448e-11,7.765251154097574e-08
T-L,AN,mc_learned_baseline,False,44,282,200784,72192,72192,0,0,56400,100392,401568,262144,1.0500000000000003,1.05,1.0497081436126878,2.8663478035539924e-08,1.6385276354332552e-12,public_state_tabular_independent_mc,1,0.0018864293566992455,11.437451599980704,True,accepted_return_check_disabled,0.1,1,3.807972174534168e-13,8.791269683807188e-11,100,5.0,2.465190328815662e-32,2.7416156130182144e-08,1.0,4.1828034252807364e-05,8.791269683801733e-11,7.805230534756656e-08
T-L,AN,mc_learned_baseline,False,44,283,201496,72448,72448,0,0,56600,100748,402992,262144,1.0500000000000003,1.05,1.0497081709283638,2.7315675943384576e-08,1.4882913372789134e-12,public_state_tabular_independent_mc,1,0.0018862397249440643,11.484014000045136,True,accepted_return_check_disabled,0.1,1,3.0656084186785067e-13,8.878053856865816e-11,100,5.0,2.465190328815662e-32,2.7409844827797466e-08,1.0,4.182539590414524e-05,8.878053856860167e-11,7.843107260233106e-08
T-L,AN,mc_learned_baseline,False,44,284,202208,72704,72704,0,0,56800,101104,404416,262144,1.0500000000000003,1.05,1.0497081969101538,2.5981790052753695e-08,1.346607203515071e-12,public_state_tabular_independent_mc,1,0.0018860593505869213,11.524357300018892,True,accepted_return_check_disabled,0.1,1,2.411752054017628e-13,8.960507836104034e-11,100,5.0,2.465190328815662e-32,2.740383105739167e-08,1.0,4.1822884502227585e-05,8.960507836098e-11,7.878914143869811e-08
T-L,AN,mc_learned_baseline,False,44,285,202920,72960,72960,0,0,57000,101460,405840,262144,1.0500000000000003,1.05,1.049708221587791,2.4677637266989905e-08,1.2149907359653171e-12,public_state_tabular_independent_mc,1,0.001885888027618862,11.565116000012495,True,accepted_return_check_disabled,0.1,1,1.849113992537663e-13,9.03869849351565e-11,100,5.0,2.465190328815662e-32,2.7398111645301837e-08,1.0,4.182049836462008e-05,9.03869849350941e-11,7.912709732285799e-08
T-L,AN,mc_learned_baseline,False,44,286,203632,73216,73216,0,0,57200,101816,407264,262144,1.0500000000000003,1.05,1.0497082450024555,2.34146644295663e-08,1.0939290595544345e-12,public_state_tabular_independent_mc,1,0.0018857254705284166,11.601822099997662,True,accepted_return_check_disabled,0.1,1,1.375440084995674e-13,9.11274108366619e-11,100,5.0,2.465190328815662e-32,2.7392679943482418e-08,1.0,4.181823438077728e-05,9.112741083660078e-11,7.944570701279265e-08
T-L,AN,mc_learned_baseline,False,44,287,204344,73472,73472,0,0,57400,102172,408688,262144,1.0500000000000003,1.05,1.0497082672031512,2.2200695726226627e-08,9.834924011258181e-13,public_state_tabular_independent_mc,1,0.0018855713394469783,11.647766000009142,True,accepted_return_check_disabled,0.1,1,9.869595639012282e-14,9.182785091608926e-11,100,5.0,2.465190328815662e-32,2.7387526792891304e-08,1.0,4.181608841922699e-05,9.182785091603867e-11,7.974585581529161e-08
T-L,AN,mc_learned_baseline,False,44,288,205056,73728,73728,0,0,57600,102528,410112,262144,1.0500000000000003,1.05,1.0497082882438054,2.1040654107906676e-08,8.834983682947741e-13,public_state_tabular_independent_mc,1,0.0018854252602922617,11.693422500044107,True,accepted_return_check_disabled,0.1,1,6.755933106295151e-14,9.249002614424737e-11,100,5.0,2.465190328815662e-32,2.738264132153555e-08,1.0,4.181405566305012e-05,9.249002614418819e-11,8.002849766211238e-08
T-L,AN,mc_learned_baseline,False,44,289,205768,73984,73984,0,0,57800,102884,411536,262144,1.0500000000000003,1.05,1.0497083081809964,1.9937191009233857e-08,7.933197413903893e-13,public_state_tabular_independent_mc,1,0.0018852868405418903,11.732164800050668,True,accepted_return_check_disabled,0.1,1,4.3430387506628306e-14,9.311579151582437e-11,100,5.0,2.465190328815662e-32,2.7378011583133244e-08,1.0,4.181213087692231e-05,9.31157915157642e-11,8.029461680120792e-08
T-L,AN,mc_learned_baseline,False,44,290,206480,74240,74240,0,0,58000,103240,412960,262144,1.0500000000000003,1.05,1.0497083270722385,1.8891242126173324e-08,7.123393469774149e-13,public_state_tabular_independent_mc,1,0.0018851556811398777,11.774565399973653,True,accepted_return_check_disabled,0.1,1,2.5434313243481033e-14,9.370706481399246e-11,100,5.0,2.465190328815662e-32,2.7373625056771153e-08,1.0,4.1810308614803303e-05,9.370706481393287e-11,8.05451992028963e-08
T-L,AN,mc_learned_baseline,False,44,291,207192,74496,74496,0,0,58200,103596,414384,262144,1.0500000000000003,1.05,1.0497083449747067,1.7902468174568753e-08,6.397541972019036e-13,public_state_tabular_independent_mc,1,0.0018850313853588296,11.814544499968179,True,accepted_return_check_disabled,0.1,1,1.283030293237138e-14,9.426577359305761e-11,100,5.0,2.465190328815662e-32,2.736946902398682e-08,1.0,4.180858337550085e-05,9.426577359298771e-11,8.078121216948043e-08
T-L,AN,mc_learned_baseline,False,44,292,207904,74752,74752,0,0,58400,103952,415808,262144,1.0500000000000003,1.05,1.0497084200376254,7.506291876957505e-08,1.1250378602973592e-11,public_state_tabular_independent_mc,0,0.0018845102140849048,11.85637409996707,True,accepted_return_check_disabled,0.1,1,1.5196681166672793e-13,-6.447850842003656e-10,100,5.0,2.7465820312496886e-06,2.2583916817778867e-06,0.9978027343750002,4.1449693988431435e-05,2.8038658175569747e-09,4.3825931917438886e-07
T-L,AN,mc_learned_baseline,False,44,293,208616,75008,75008,0,0,58600,104308,417232,262144,1.0500000000000003,1.05,1.0497084331797235,1.3142098076457387e-08,3.449124198941409e-13,public_state_tabular_independent_mc,1,0.0018844189645435617,11.969266299973242,True,accepted_return_check_disabled,0.1,1,1.1871498152620691e-14,9.699202391009577e-11,100,5.0,2.465190328815662e-32,2.73490220374789e-08,1.0,4.180011363910195e-05,9.699202391004356e-11,8.19223354133241e-08
T-L,AN,mc_learned_baseline,False,44,294,209328,75264,75264,0,0,58800,104664,418656,262144,1.0500000000000003,1.05,1.0497084456712005,1.249147696391617e-08,3.116502275993949e-13,public_state_tabular_independent_mc,1,0.0018843322318276964,12.01781710004434,True,accepted_return_check_disabled,0.1,1,1.943843031756507e-14,9.737414582953145e-11,100,5.0,2.465190328815662e-32,2.7346132236318124e-08,1.0,4.179891905164643e-05,9.737414582947149e-11,8.208090906987709e-08
T-L,AN,mc_learned_baseline,False,44,295,210040,75520,75520,0,0,59000,105020,420080,262144,1.0500000000000003,1.0470000000000002,1.0497085207473793,7.507617882929196e-08,1.1259525308747699e-11,public_state_tabular_independent_mc,0,0.0018838109384651642,12.05483539996203,True,accepted_return_check_disabled,0.1,1,1.502558148548497e-13,-6.444957812156051e-10,100,5.0,2.7465820312496886e-06,2.258605543996154e-06,0.9978027343750002,4.1441957691234514e-05,2.8025655551901832e-09,4.3805754511094637e-07
T-L,AN,mc_learned_baseline,False,44,296,210752,75776,75776,0,0,59200,105376,421504,262144,1.0500000000000003,1.05,1.0497085291102428,8.3628635128008e-09,1.3972726453111595e-13,public_state_tabular_independent_mc,1,0.001883752869323169,12.099547500023618,True,accepted_return_check_disabled,0.1,1,1.1087767407092596e-13,9.989796358852094e-11,100,5.0,2.465190328815662e-32,2.732688149246061e-08,1.0,4.179097684929127e-05,9.989796358845704e-11,8.312000068948816e-08
T-L,AN,mc_learned_baseline,False,44,297,211464,76032,76032,0,0,59400,105732,422928,262144,1.0500000000000003,1.05,1.0497086041974195,7.50871766985739e-08,1.1267117852097926e-11,public_state_tabular_independent_mc,0,0.0018832314747045994,12.142491700011306,True,accepted_return_check_disabled,0.1,1,1.4880053873252467e-13,-6.44256059573608e-10,100,5.0,2.7465820312496886e-06,2.258782762006089e-06,0.9978027343750002,4.14355472393093e-05,2.801488132989022e-09,4.3789035115985657e-07
T-L,AN,mc_learned_baseline,False,44,298,212176,76288,76288,0,0,59600,106088,424352,262144,1.0500000000000003,1.05,1.0497086090330154,4.835595923680103e-09,4.672690024595713e-14,public_state_tabular_independent_mc,1,0.0018831978962509414,12.17985299997963,True,accepted_return_check_disabled,0.1,1,2.4884392154377033e-13,1.0226456521207454e-10,100,5.0,2.465190328815662e-32,2.73085430948357e-08,1.0,4.178343668112559e-05,1.0226456521201249e-10,8.408164938958563e-08
T-L,AN,mc_learned_baseline,False,44,299,212888,76544,76544,0,0,59800,106444,425776,262144,1.0500000000000003,1.05,1.0497086841307357,7.509772026459416e-08,1.12743459942398e-11,public_state_tabular_independent_mc,0,0.0018826764045658684,12.220426499960013,True,accepted_return_check_disabled,0.1,1,1.474784583861679e-13,-6.440264405308501e-10,100,5.0,2.7465820312496886e-06,2.2589525182619007e-06,0.9978027343750002,4.142940692844655e-05,2.800456115332357e-09,4.37730202973162e-07
T-L,AN,mc_learned_baseline,False,44,300,213600,76800,76800,0,0,60000,106800,427200,262144,1.0500000000000003,1.05,1.0497086860222822,1.891546475007999e-09,7.142066355337471e-15,public_state_tabular_independent_mc,1,0.0018826632690473683,12.260768300038762,True,accepted_return_check_disabled,0.1,1,4.0727513156144756e-13,1.0449317202319457e-10,100,5.0,2.465190328815662e-32,2.7290984037791345e-08,1.0,4.1776240723635904e-05,1.0449317202313906e-10,8.497631035132962e-08
T-L,AN,mc_learned_baseline,False,44,301,214312,77056,77056,0,0,60200,107156,428624,262144,1.0500000000000003,1.05,1.049708761130167,7.510788480047381e-08,1.1281338965736256e-11,public_state_tabular_independent_mc,0,0.0018821416837879361,12.303162900032476,True,accepted_return_check_disabled,0.1,1,1.460914512830506e-13,-6.438052497569156e-10,100,5.0,2.7465820312496886e-06,2.2591160497809633e-06,0.9978027343750002,4.142349198684342e-05,2.79946197718458e-09,4.3757593282806517e-07
T-L,AN,mc_learned_baseline,False,44,302,215024,77312,77312,0,0,60400,107512,430048,262144,1.0500000000000003,1.05,1.0497087606152609,-5.149061177434078e-10,5.827787980218815e-16,public_state_tabular_independent_mc,1,0.0018821452596197792,12.338823099969886,True,accepted_return_check_disabled,0.1,1,5.671259727953115e-13,1.0660196711224492e-10,100,5.0,2.465190328815662e-32,2.7274075512983373e-08,1.0,4.176933362927468e-05,1.0660196711217169e-10,8.581338558707406e-08
T-L,AN,mc_learned_baseline,False,44,303,215736,77568,77568,0,0,60600,107868,431472,262144,1.0500000000000003,1.05,1.0497087601150248,-5.002360747852208e-10,5.327679136804601e-16,public_state_tabular_independent_mc,1,0.0018821487335727676,12.377215499989688,True,accepted_return_check_disabled,0.1,1,5.660210264794555e-13,1.0658799465192218e-10,100,5.0,2.465190328815662e-32,2.727418856299572e-08,1.0,4.17693797368108e-05,1.065879946518601e-10,8.580786914890912e-08
T-L,AN,mc_learned_baseline,False,44,304,216448,77824,77824,0,0,60800,108224,432896,262144,1.0476562500000002,1.05,1.0497693531305212,6.059301549643514e-05,9.052414875545714e-06,public_state_tabular_independent_mc,1,0.0014532651321312816,12.416251300019212,True,accepted_return_check_disabled,0.1,1,1.6567730161939786e-10,-0.001972832423028765,100,5.0,0.00035400390625000064,2.502121783706359e-06,0.6155422840019977,0.0016618666459146823,0.001991363702813046,-0.0016200114188740923
T-L,AN,mc_learned_baseline,False,44,305,217160,78080,78080,0,0,61000,108580,434320,262144,1.0500000000000003,1.05,1.0497693359059705,-1.7224550674654893e-08,8.191543690631113e-13,public_state_tabular_independent_mc,1,0.0014533896087351513,12.45656640001107,True,accepted_return_check_disabled,0.1,1,2.810078457714309e-13,2.8116185912136175e-11,100,5.0,2.465190328815662e-32,1.5806533302815116e-08,1.0,3.711429439342498e-05,2.8116185912165705e-11,-3.75819262281499e-08
T-L,AN,mc_learned_baseline,False,44,306,217872,78336,78336,0,0,61200,108936,435744,262144,1.0500000000000003,1.05,1.049769319137595,-1.676837557695876e-08,7.762791162611985e-13,public_state_tabular_independent_mc,1,0.0014535107871325398,12.495939400047064,True,accepted_return_check_disabled,0.1,1,2.5422930162395074e-13,2.840612704089968e-11,100,5.0,2.465190328815662e-32,1.5809271506264403e-08,1.0,3.711584881621877e-05,2.8406127040927542e-11,-3.7777394496151046e-08
T-L,AN,mc_learned_baseline,False,44,307,218584,78592,78592,0,0,61400,109292,437168,262144,1.0500000000000003,1.05,1.0497693028641972,-1.627339774046277e-08,7.310760087911402e-13,public_state_tabular_independent_mc,1,0.0014536283870452819,12.535501400008798,True,accepted_return_check_disabled,0.1,1,2.2684498044635886e-13,2.868959183700158e-11,100,5.0,2.465190328815662e-32,1.5811937476121097e-08,1.0,3.7117361942926616e-05,2.868959183703153e-11,-3.796755754289996e-08
T-L,AN,mc_learned_baseline,False,44,308,219296,78848,78848,0,0,61600,109648,438592,262144,1.0500000000000003,1.05,1.0497692871179822,-1.574621499855766e-08,6.843656210232266e-13,public_state_tabular_independent_mc,1,0.0014537421758785303,12.573540000012144,True,accepted_return_check_disabled,0.1,1,1.9952667784646875e-13,2.8965818786428478e-11,100,5.0,2.465190328815662e-32,1.5814525019311372e-08,1.0,3.711883028189309e-05,2.8965818786458043e-11,-3.8151985057802575e-08
T-L,AN,mc_learned_baseline,False,44,309,220008,79104,79104,0,0,61800,110004,440016,262144,1.0408593750000001,1.05,1.0498130488673454,4.376174936315813e-05,4.868891697839477e-06,public_state_tabular_independent_mc,1,0.001358770879168376,12.676582399988547,True,accepted_return_check_disabled,0.1,1,1.1058280897795825e-11,-0.0442307753866117,100,5.0,0.011948828125000005,0.005348735060683871,0.052005761336454404,0.0009802131688492791,0.0012992172441363972,-0.0009431312482340564
T-L,AN,mc_learned_baseline,False,44,310,220720,79360,79360,0,0,62000,110360,441440,262144,1.0500000000000003,1.05,1.0498130394629355,-9.404409917479484e-09,2.4388792218279747e-13,public_state_tabular_independent_mc,1,0.0013588388252017084,12.714161699987017,True,accepted_return_check_disabled,0.1,1,9.416059837055433e-15,3.1462517762966297e-11,100,5.0,2.465190328815662e-32,1.3145229542320312e-08,1.0,2.2121952576326602e-05,3.1462517762998137e-11,-3.978734324634166e-08
T-L,AN,mc_learned_baseline,False,44,311,221432,79616,79616,0,0,62200,110716,442864,262144,1.0500000000000003,1.05,1.0498130305464168,-8.916518634549675e-09,2.1915355251859488e-13,public_state_tabular_independent_mc,1,0.0013589032458118135,12.751811800058931,True,accepted_return_check_disabled,0.1,1,4.965651463360072e-15,3.162819600156175e-11,100,5.0,2.465190328815662e-32,1.314672658215811e-08,1.0,2.212280100682898e-05,3.162819600158988e-11,-3.989322279744399e-08
T-L,AN,mc_learned_baseline,False,44,312,222144,79872,79872,0,0,62400,111072,444288,262144,1.0500000000000003,1.05,1.049813022096827,-8.449589916637024e-09,1.9687357413496908e-13,public_state_tabular_independent_mc,1,0.0013589642925256314,12.787529399967752,True,accepted_return_check_disabled,0.1,1,2.0136993235098576e-15,3.178560711749904e-11,100,5.0,2.465190328815662e-32,1.314814603876141e-08,1.0,2.2123605381151646e-05,3.178560711752992e-11,-3.999356908359095e-08
T-L,AN,mc_learned_baseline,False,44,313,222856,80128,80128,0,0,62600,111428,445712,262144,1.0500000000000003,1.05,1.0498131010899399,7.89931129396848e-08,1.720692721945721e-11,public_state_tabular_independent_mc,0,0.0013583935666971563,12.823759900056757,True,accepted_return_check_disabled,0.1,1,9.429386469710527e-13,-4.702348977351611e-10,100,5.0,2.7465820312496886e-06,2.3865902439515674e-06,0.9978027343750002,2.1767803227897162e-05,2.0189339995668256e-09,3.1647574451865363e-07
T-L,AN,mc_learned_baseline,False,44,314,223568,80384,80384,0,0,62800,111784,447136,262144,1.0500000000000003,1.05,1.0498130890999997,-1.1989940151835299e-08,3.9650257178172175e-13,public_state_tabular_independent_mc,1,0.0013584801963084678,12.863798600039445,True,accepted_return_check_disabled,0.1,1,5.704368496574554e-14,3.054901395156298e-11,100,5.0,2.465190328815662e-32,1.313691810419368e-08,1.0,2.2117240462758733e-05,3.054901395159034e-11,-3.919860929522625e-08
T-L,AN,mc_learned_baseline,False,44,315,224280,80640,80640,0,0,63000,112140,448560,262144,1.0500000000000003,1.05,1.0498130776813204,-1.1418679335406523e-08,3.5958532933819927e-13,public_state_tabular_independent_mc,1,0.0013585626977192392,12.908337900065817,True,accepted_return_check_disabled,0.1,1,4.305865336130329e-14,3.075776847112467e-11,100,5.0,2.465190328815662e-32,1.3138826110698708e-08,1.0,2.2118322447978516e-05,3.0757768471157085e-11,-3.9333895332310755e-08
T-L,AN,mc_learned_baseline,False,44,316,224992,80896,80896,0,0,63200,112496,449984,262144,1.0500000000000003,1.05,1.049813066820256,-1.0861064270173415e-08,3.2529862473943367e-13,public_state_tabular_independent_mc,1,0.0013586411696246004,12.94938780006487,True,accepted_return_check_disabled,0.1,1,3.126517196585247e-14,3.095712105518431e-11,100,5.0,2.465190328815662e-32,1.3140643343862813e-08,1.0,2.2119352817427444e-05,3.095712105521231e-11,-3.946267120846522e-08
T-L,AN,mc_learned_baseline,False,44,317,225704,81152,81152,0,0,63400,112852,451408,262144,1.0500000000000003,1.05,1.0498131458056719,7.898541576345508e-08,1.720839645897078e-11,public_state_tabular_independent_mc,0,0.001358070480009736,12.989305400056764,True,accepted_return_check_disabled,0.1,1,9.441604862960158e-13,-4.701065692076725e-10,100,5.0,2.7465820312496886e-06,2.3866879452082525e-06,0.9978027343750002,2.176436162453485e-05,2.0183565478872452e-09,3.1638608706810736e-07
T-L,AN,mc_learned_baseline,False,44,318,226416,81408,81408,0,0,63600,113208,452832,262144,1.0500000000000003,1.05,1.049813131837624,-1.3968047829493457e-08,5.382632261276112e-13,public_state_tabular_independent_mc,1,0.0013581714051844728,13.028821000014432,True,accepted_return_check_disabled,0.1,1,1.209930987644934e-13,2.977567045739661e-11,100,5.0,2.465190328815662e-32,1.312980358106804e-08,1.0,2.2113204660326192e-05,2.9775670457423215e-11,-3.869346366475794e-08
T-L,AN,mc_learned_baseline,False,44,319,227128,81664,81664,0,0,63800,113564,454256,262144,1.0500000000000003,1.05,1.0498132160844083,8.424678421548037e-08,1.958573315216172e-11,public_state_tabular_independent_mc,0,0.0013575626695421757,13.076078100013547,True,accepted_return_check_disabled,0.1,1,2.3942205840366613e-13,-2.866971305220552e-09,100,5.0,1.0986328124998754e-05,1.0253692003676978e-05,0.991210937500001,2.158787224283986e-05,4.832370732394889e-09,4.877418406846109e-07
T-L,AN,mc_learned_baseline,False,44,320,227840,81920,81920,0,0,64000,113920,455680,262144,1.0500000000000003,1.05,1.0498131996062363,-1.6478171938061337e-08,7.493517714553355e-13,public_state_tabular_independent_mc,1,0.0013576817376968516,13.134416699991561,True,accepted_return_check_disabled,0.1,1,2.378289464444339e-13,2.8576959916408704e-11,100,5.0,2.465190328815662e-32,1.311862588176554e-08,1.0,2.21068597857551e-05,2.857695991643537e-11,-3.7897649290424844e-08
T-L,AN,mc_learned_baseline,False,44,321,228552,82176,82176,0,0,64200,114276,457104,262144,1.0500000000000003,1.05,1.0498131836432432,-1.596299314954308e-08,7.031505045219007e-13,public_state_tabular_independent_mc,1,0.001357797081843753,13.176500700064935,True,accepted_return_check_disabled,0.1,1,2.1036463171213822e-13,2.8856168725459126e-11,100,5.0,2.465190328815662e-32,1.3121246260391712e-08,1.0,2.210834766519496e-05,2.885616872548438e-11,-3.80844466907257e-08
T-L,AN,mc_learned_baseline,False,44,322,229264,82432,82432,0,0,64400,114632,458528,262144,1.0500000000000003,1.05,1.049813262608407,7.896516374117368e-08,1.721215575567948e-11,public_state_tabular_independent_mc,0,0.0013572264878757494,13.2145188000286,True,accepted_return_check_disabled,0.1,1,9.473848671331779e-13,-4.697713602233749e-10,100,5.0,2.7465820312496886e-06,2.386943162101774e-06,0.9978027343750002,2.1755371731997422e-05,2.016848174044542e-09,3.161518908287781e-07
T-L,AN,mc_learned_baseline,False,44,323,229976,82688,82688,0,0,64600,114988,459952,262144,1.0500000000000003,1.05,1.0498132449367592,-1.767164770072327e-08,8.620990628920617e-13,public_state_tabular_independent_mc,1,0.0013573541843201816,13.250559500069357,True,accepted_return_check_disabled,0.1,1,3.0879265968792874e-13,2.779483094380603e-11,100,5.0,2.465190328815662e-32,1.3111229045366273e-08,1.0,2.210265828764182e-05,2.779483094383508e-11,-3.736959041691205e-08
T-L,AN,mc_learned_baseline,False,44,324,230688,82944,82944,0,0,64800,115344,461376,262144,1.0500000000000003,1.05,1.0498132276722607,-1.726449849748235e-08,8.227668708853554e-13,public_state_tabular_independent_mc,1,0.0013574789370189844,13.287144600064494,True,accepted_return_check_disabled,0.1,1,2.8331077632618446e-13,2.8090835122559074e-11,100,5.0,2.465190328815662e-32,1.3114038400326452e-08,1.0,2.21042542964375e-05,2.80908351225883e-11,-3.7570281980381826e-08
T-L,AN,mc_learned_baseline,False,44,325,231400,83200,83200,0,0,65000,115700,462800,262144,1.0500000000000003,1.05,1.0498132108603515,-1.6811909198111152e-08,7.800426276536404e-13,public_state_tabular_independent_mc,1,0.0013576004177507722,13.324266500072554,True,accepted_return_check_disabled,0.1,1,2.565961064282413e-13,2.8381297340257167e-11,100,5.0,2.465190328815662e-32,1.3116783330209754e-08,1.0,2.2105813398765344e-05,2.838129734028604e-11,-3.776621508514003e-08
T-L,AN,mc_learned_baseline,False,44,326,232112,83456,83456,0,0,65200,116056,464224,262144,1.0500000000000003,1.05,1.0498131945403921,-1.6319959383892524e-08,7.349826734308982e-13,public_state_tabular_independent_mc,1,0.0013577183422288721,13.361341000068933,True,accepted_return_check_disabled,0.1,1,2.291729916815093e-13,2.8665353727719297e-11,100,5.0,2.465190328815662e-32,1.311945658812597e-08,1.0,2.210733149994462e-05,2.8665353727748994e-11,-3.7956882830870436e-08
T-L,AN,mc_learned_baseline,False,44,327,232824,83712,83712,0,0,65400,116412,465648,262144,1.0500000000000003,1.05,1.0498131787451745,-1.5795217578329357e-08,6.884161181074309e-13,public_state_tabular_independent_mc,1,0.001357832473642544,13.397878400050104,True,accepted_return_check_disabled,0.1,1,2.018985849245516e-13,2.8942234067838464e-11,100,5.0,2.465190328815662e-32,1.312205189156778e-08,1.0,2.2108805055401516e-05,2.8942234067868065e-11,-3.8141848481893134e-08
T-L,AN,mc_learned_baseline,False,44,328,233536,83968,83968,0,0,65600,116768,467072,262144,1.0500000000000003,1.05,1.0498131635006918,-1.5244482787224456e-08,6.411976603152357e-13,public_state_tabular_independent_mc,1,0.0013579426243154025,13.437648399965838,True,accepted_return_check_disabled,0.1,1,1.752330725897973e-13,2.921127316617108e-11,100,5.0,2.465190328815662e-32,1.3124564000872874e-08,1.0,2.211023111466187e-05,2.921127316619814e-11,-3.8320750722308546e-08
T-L,AN,mc_learned_baseline,False,44,329,234248,84224,84224,0,0,65800,117124,468496,262144,1.0408593750000001,1.05,1.0498300522003865,1.6888699694739273e-05,1.8906711248167289e-06,public_state_tabular_independent_mc,1,0.0013184210001831735,13.478890100028366,True,accepted_return_check_disabled,0.1,1,6.3014620479926476e-12,-0.04507716578944478,100,5.0,0.011948828125000005,0.005348732710455346,0.052005761336454404,0.0003888910354040479,0.0005044308411975896,-0.00036681792136818885
T-L,AN,mc_learned_baseline,False,44,330,234960,84480,84480,0,0,66000,117480,469920,262144,1.0500000000000003,1.05,1.0498301311957712,7.89953846780378e-08,1.7207339475589073e-11,public_state_tabular_independent_mc,0,0.0013178502740888523,13.51922460005153,True,accepted_return_check_disabled,0.1,1,9.432842837839893e-13,-4.701980117944075e-10,100,5.0,2.7465820312496886e-06,2.3861937961855117e-06,0.9978027343750002,1.5946759235241113e-05,2.0187680205774903e-09,3.1646804078192985e-07
T-L,AN,mc_learned_baseline,False,44,331,235672,84736,84736,0,0,66200,117836,471344,262144,1.0500000000000003,1.05,1.049830118610608,-1.2585163133849164e-08,4.368405949201105e-13,public_state_tabular_independent_mc,1,0.001317941201706944,13.557422399986535,True,accepted_return_check_disabled,0.1,1,7.367913930137983e-14,3.032588838588456e-11,100,5.0,2.465190328815662e-32,1.2731508037344445e-08,1.0,1.6296043815615108e-05,3.032588838591319e-11,-3.905572453015614e-08
T-L,AN,mc_learned_baseline,False,44,332,236384,84992,84992,0,0,66400,118192,472768,262144,1.0500000000000003,1.05,1.0498301066073796,-1.2003228411217037e-08,3.973296217484981e-13,public_state_tabular_independent_mc,1,0.0013180279240475805,13.59594799997285,True,accepted_return_check_disabled,0.1,1,5.74058817281857e-14,3.054434835303295e-11,100,5.0,2.465190328815662e-32,1.27335107196248e-08,1.0,1.629717989071949e-05,3.054434835306022e-11,-3.919780239827681e-08
T-L,AN,mc_learned_baseline,False,44,333,237096,85248,85248,0,0,66600,118548,474192,262144,1.0500000000000003,1.05,1.0498300951757096,-1.1431670055017662e-08,3.603585318863163e-13,public_state_tabular_independent_mc,1,0.0013181105161885187,13.632836700067855,True,accepted_return_check_disabled,0.1,1,4.33802450051172e-14,3.0753309556384635e-11,100,5.0,2.465190328815662e-32,1.2735420945959056e-08,1.0,1.6298263363129735e-05,3.075330955641187e-11,-3.9333239876033985e-08
T-L,AN,mc_learned_baseline,False,44,334,237808,85504,85504,0,0,66800,118904,475616,262144,1.0500000000000003,1.05,1.0498300843020134,-1.0873696165702995e-08,3.2603118966986893e-13,public_state_tabular_independent_mc,1,0.0013181890763851352,13.671068900031969,True,accepted_return_check_disabled,0.1,1,3.156211968106831e-14,3.0952866016052914e-11,100,5.0,2.465190328815662e-32,1.2737240346895872e-08,1.0,1.629929517901872e-05,3.0952866016083946e-11,-3.9462163623937534e-08
T-L,AN,mc_learned_baseline,False,44,335,238520,85760,85760,0,0,67000,119260,477040,262144,1.0500000000000003,1.05,1.0498300739701438,-1.0331869582103081e-08,2.943529713743494e-13,public_state_tabular_independent_mc,1,0.0013182637213955775,13.710840499959886,True,accepted_return_check_disabled,0.1,1,2.1898762609566013e-14,3.1143174467032784e-11,100,5.0,2.465190328815662e-32,1.2738971065087012e-08,1.0,1.6300276573593624e-05,3.1143174467063635e-11,-3.958473587073544e-08
T-L,AN,mc_learned_baseline,False,44,336,239232,86016,86016,0,0,67200,119616,478464,262144,1.0500000000000003,1.0470000000000002,1.0498300641619944,-9.808149403767175e-09,2.6523493669437717e-13,public_state_tabular_independent_mc,1,0.0013183345821238762,13.749568299972452,True,accepted_return_check_disabled,0.1,1,1.42692558421074e-14,3.132444335797622e-11,100,5.0,2.465190328815662e-32,1.2740615652680579e-08,1.0,1.6301209012642557e-05,3.132444335800706e-11,-3.970114705990882e-08
T-L,AN,mc_learned_baseline,False,44,337,239944,86272,86272,0,0,67400,119972,479888,262144,1.0476562500000002,1.05,1.0498867635651727,5.6699403178317453e-05,1.1755639990603046e-05,public_state_tabular_independent_mc,1,0.0008985861402558279,13.789593099965714,True,accepted_return_check_disabled,0.1,1,2.09104952290411e-10,-0.0027226155821557466,100,5.0,0.00035400390625000064,2.4877177536302394e-06,0.6155422840019977,0.002380654581000251,0.0027350868462015904,-0.0023643922984711934
T-L,AN,mc_learned_baseline,False,44,338,240656,86528,86528,0,0,67600,120328,481312,262144,1.0500000000000003,1.05,1.0498867456374874,-1.792768533626088e-08,1.3754463802754937e-12,public_state_tabular_independent_mc,1,0.0008987225621321989,13.826999100041576,True,accepted_return_check_disabled,0.1,1,1.128319831065165e-13,1.4009215844754141e-10,100,5.0,2.465190328815662e-32,5.323544371778112e-09,1.0,1.1849907444654107e-05,1.4009215844758567e-10,-6.746972603682842e-08
T-L,AN,mc_learned_baseline,False,44,339,241368,86784,86784,0,0,67800,120684,482736,262144,1.0500000000000003,1.05,1.0498867276931976,-1.7944289831817173e-08,1.3778343237012352e-12,public_state_tabular_independent_mc,1,0.0008988591076160093,13.866778400028124,True,accepted_return_check_disabled,0.1,1,1.1344878291386059e-13,1.4009521577589813e-10,100,5.0,2.465190328815662e-32,5.325381972445114e-09,1.0,1.1851331104063977e-05,1.4009521577596908e-10,-6.747634815582626e-08
T-L,AN,mc_learned_baseline,False,44,340,242080,87040,87040,0,0,68000,121040,484160,262144,1.0500000000000003,1.05,1.0498867097324522,-1.7960745335443562e-08,1.3800464499922645e-12,public_state_tabular_independent_mc,1,0.000898995775565045,13.904640799970366,True,accepted_return_check_disabled,0.1,1,1.1413945995356677e-13,1.4009801766514898e-10,100,5.0,2.465190328815662e-32,5.3272215969334345e-09,1.0,1.1852756019001198e-05,1.400980176651763e-10,-6.748291368096345e-08
T-L,AN,mc_learned_baseline,False,44,341,242792,87296,87296,0,0,68200,121396,485584,262144,1.0500000000000003,1.05,1.0498866917553988,-1.797705340145228e-08,1.382374847757596e-12,public_state_tabular_independent_mc,1,0.0008991325648508645,13.94136190006975,True,accepted_return_check_disabled,0.1,1,1.1472854025245961e-13,1.4010056303772777e-10,100,5.0,2.465190328815662e-32,5.3290632308584835e-09,1.0,1.1854182177349653e-05,1.401005630377806e-10,-6.748942228782194e-08
T-L,AN,mc_learned_baseline,False,44,342,243504,87552,87552,0,0,68400,121752,487008,262144,1.0500000000000003,1.05,1.0498866737621875,-1.799321136530807e-08,1.384585777440444e-12,public_state_tabular_independent_mc,1,0.0008992694743238228,13.97825060004834,True,accepted_return_check_disabled,0.1,1,1.1544993231417577e-13,1.4010285082288456e-10,100,5.0,2.465190328815662e-32,5.330906859985182e-09,1.0,1.1855609567137344e-05,1.4010285082295614e-10,-6.749587365390558e-08
T-L,AN,mc_learned_baseline,False,44,343,244216,87808,87808,0,0,68600,122108,488432,262144,1.0500000000000003,1.05,1.0498866557529667,-1.8009220781323165e-08,1.386796059258022e-12,public_state_tabular_independent_mc,1,0.0008994065028485561,14.014945900067687,True,accepted_return_check_disabled,0.1,1,1.1606973010094758e-13,1.401048799568846e-10,100,5.0,2.465190328815662e-32,5.332752469795337e-09,1.0,1.1857038176171644e-05,1.4010487995692618e-10,-6.750226745723821e-08
T-L,AN,mc_learned_baseline,False,44,344,244928,88064,88064,0,0,68800,122464,489856,262144,1.0500000000000003,1.05,1.0498866916415734,3.5888606753076147e-08,5.508342895178079e-12,public_state_tabular_independent_mc,0,0.0008991334309507993,14.055561000015587,True,accepted_return_check_disabled,0.1,1,3.6233354149549767e-14,-3.079160414857135e-10,100,5.0,2.7465820312496886e-06,2.5114488913622195e-06,0.9978027343750002,1.1588002011905228e-05,1.2878007022127034e-09,2.0295737712631802e-07
T-L,AN,mc_learned_baseline,False,44,345,245640,88320,88320,0,0,69000,122820,491280,262144,1.0500000000000003,1.05,1.0498866736482602,-1.799331328378173e-08,1.3845816456018856e-12,public_state_tabular_independent_mc,1,0.0008992703411818312,14.107231999980286,True,accepted_return_check_disabled,0.1,1,1.1543900552907677e-13,1.4010286447951062e-10,100,5.0,2.465190328815662e-32,5.330918534329996e-09,1.0,1.1855618604738688e-05,1.4010286447958646e-10,-6.749591430057289e-08
T-L,AN,mc_learned_baseline,False,44,346,246352,88576,88576,0,0,69200,123176,492704,262144,1.0500000000000003,1.05,1.0498866556389383,-1.8009321811618406e-08,1.386791928335457e-12,public_state_tabular_independent_mc,1,0.0008994073704574981,14.151828899979591,True,accepted_return_check_disabled,0.1,1,1.1600047803243694e-13,1.401048919726376e-10,100,5.0,2.465190328815662e-32,5.332764156643201e-09,1.0,1.1857047221461826e-05,1.4010489197268946e-10,-6.750230773849627e-08
T-L,AN,mc_learned_baseline,False,44,347,247064,88832,88832,0,0,69400,123532,494128,262144,1.0476562500000002,1.05,1.0499376425449356,5.098690599725231e-05,1.711081398452665e-05,public_state_tabular_independent_mc,1,0.0004978755767059806,14.188844799995422,True,accepted_return_check_disabled,0.1,1,6.474241507216363e-11,-0.0042258542731098405,100,5.0,0.00035400390625000064,2.4804611117907212e-06,0.6155422840019974,0.0039094449586543414,0.004269546792540948,-0.0038976539902523203
T-L,AN,mc_learned_baseline,False,44,348,247776,89088,89088,0,0,69600,123888,495552,262144,1.0500000000000003,1.05,1.049937634838516,-7.70641950254003e-09,5.045560483139609e-13,public_state_tabular_independent_mc,1,0.0004979388464633312,14.225943600060418,True,accepted_return_check_disabled,0.1,1,7.825632555192876e-14,3.709678821699834e-11,100,5.0,2.465190328815662e-32,1.4032036408966728e-09,1.0,7.784163433775753e-06,3.7096788217028295e-11,-2.462806262768331e-08
T-L,AN,mc_learned_baseline,False,44,349,248488,89344,89344,0,0,69800,124244,496976,262144,1.0500000000000003,1.05,1.0499376271302723,-7.708243821014094e-09,5.047289118810079e-13,public_state_tabular_independent_mc,1,0.0004980021301899255,14.262270200066268,True,accepted_return_check_disabled,0.1,1,7.837620151668694e-14,3.707497962669029e-11,100,5.0,2.465190328815662e-32,1.4036014203029128e-09,1.0,7.784767563918224e-06,3.707497962670823e-11,-2.4622646071136293e-08
T-L,AN,mc_learned_baseline,False,44,350,249200,89600,89600,0,0,70000,124600,498400,262144,1.0500000000000003,1.0470000000000002,1.0499376194202015,-7.710070804023417e-09,5.049018579588854e-13,public_state_tabular_independent_mc,1,0.0004980654279081731,14.299735600012355,True,accepted_return_check_disabled,0.1,1,7.849604017690555e-14,3.705318469475979e-11,100,5.0,2.465190328815662e-32,1.403999353284317e-09,1.0,7.785371839923477e-06,3.705318469478696e-11,-2.4617231149724094e-08
T-L,AN,mc_learned_baseline,False,44,351,249912,89856,89856,0,0,70200,124956,499824,262144,1.0500000000000003,1.05,1.0499376117083006,-7.711900895657209e-09,5.050749050181016e-13,public_state_tabular_independent_mc,1,0.0004981287396426705,14.337075000046752,True,accepted_return_check_disabled,0.1,1,7.861583686989813e-14,3.703140343619064e-11,100,5.0,2.465190328815662e-32,1.4043974400206568e-09,1.0,7.785976262020795e-06,3.703140343620284e-11,-2.4611817871414496e-08
T-L,AN,mc_learned_baseline,False,44,352,250624,90112,90112,0,0,70400,125312,501248,262144,1.0500000000000003,1.05,1.049937603994567,-7.71373365182626e-09,5.051896022806263e-13,public_state_tabular_independent_mc,1,0.0004981920654152776,14.374969299999066,True,accepted_return_check_disabled,0.1,1,7.87940277360805e-14,3.7009635861492917e-11,100,5.0,2.465190328815662e-32,1.4047956807147322e-09,1.0,7.786580830459138e-06,3.7009635861515264e-11,-2.4606406242789784e-08
T-L,AN,mc_learned_baseline,False,44,353,251336,90368,90368,0,0,70600,125668,502672,262144,1.0500000000000003,1.05,1.0499375962789974,-7.71556951661978e-09,5.053628122752674e-13,public_state_tabular_independent_mc,1,0.0004982554052489463,14.412469899980351,True,accepted_return_check_disabled,0.1,1,7.89137512022563e-14,3.698788198604965e-11,100,5.0,2.465190328815662e-32,1.4051940755465102e-09,1.0,7.787185545462646e-06,3.6987881986058e-11,-2.4600996271949948e-08
T-L,AN,mc_learned_baseline,False,44,354,252048,90624,90624,0,0,70800,126024,504096,262144,1.0500000000000003,1.05,1.0499375885615896,-7.717407823903955e-09,5.055945357743501e-13,public_state_tabular_independent_mc,1,0.000498318759165534,14.448935099993832,True,accepted_return_check_disabled,0.1,1,7.897500908865824e-14,3.6966141826099524e-11,100,5.0,2.465190328815662e-32,1.405592624718992e-09,1.0,7.787790407266332e-06,3.69661418261063e-11,-2.4595587967349598e-08
T-L,AN,mc_learned_baseline,False,44,355,252760,90880,90880,0,0,71000,126380,505520,262144,1.0500000000000003,1.05,1.0499375808423406,-7.719249017767993e-09,5.057094784160854e-13,public_state_tabular_independent_mc,1,0.0004983821271874429,14.490156300016679,True,accepted_return_check_disabled,0.1,1,7.915308951273273e-14,3.694441539443876e-11,100,5.0,2.465190328815662e-32,1.405991328400868e-09,1.0,7.788395416093525e-06,3.694441539445687e-11,-2.459018133626192e-08
T-L,AN,mc_learned_baseline,False,44,356,253472,91136,91136,0,0,71200,126736,506944,262144,1.0500000000000003,1.05,1.0499375731212472,-7.7210933202565e-09,5.058245115923032e-13,public_state_tabular_independent_mc,1,0.0004984455093370735,14.525733400019817,True,accepted_return_check_disabled,0.1,1,7.933113676904145e-14,3.692270270406091e-11,100,5.0,2.465190328815662e-32,1.4063901867838593e-09,1.0,7.789000572172883e-06,3.692270270409054e-11,-2.458477638604537e-08
T-L,AN,mc_learned_baseline,False,44,357,254184,91392,91392,0,0,71400,127092,508368,262144,1.0500000000000003,1.05,1.0499375653983076,-7.722939621146452e-09,5.059980397954895e-13,public_state_tabular_independent_mc,1,0.000498508905635185,14.566098600043915,True,accepted_return_check_disabled,0.1,1,7.939229200102329e-14,3.6901003768857426e-11,100,5.0,2.465190328815662e-32,1.4067892000712666e-09,1.0,7.789605875733357e-06,3.690100376888442e-11,-2.457937312436543e-08
T-L,AN,mc_learned_baseline,False,44,358,254896,91648,91648,0,0,71600,127448,509792,262144,1.0500000000000003,1.05,1.0499375576735182,-7.724789474750082e-09,5.062300843224973e-13,public_state_tabular_independent_mc,1,0.0004985723161047216,14.602195000043139,True,accepted_return_check_disabled,0.1,1,7.95702719910046e-14,3.687931860464814e-11,100,5.0,2.465190328815662e-32,1.4071883684091062e-09,1.0,7.790211326988738e-06,3.6879318604664614e-11,-2.457397155949902e-08
T-L,AN,mc_learned_baseline,False,44,359,255608,91904,91904,0,0,71800,127804,511216,262144,1.0500000000000003,1.05,1.0499375499468768,-7.726641326755157e-09,5.063453383794481e-13,public_state_tabular_independent_mc,1,0.0004986357407658926,14.63886750000529,True,accepted_return_check_disabled,0.1,1,7.974821540741281e-14,3.6857647225050766e-11,100,5.0,2.465190328815662e-32,1.407587692023821e-09,1.0,7.790816926173213e-06,3.68576472250799e-11,-2.4568571699069075e-08
T-L,AN,mc_learned_baseline,False,44,360,256320,92160,92160,0,0,72000,128160,512640,262144,1.0500000000000003,1.05,1.049937542218381,-7.728495843295491e-09,5.065775242803298e-13,public_state_tabular_independent_mc,1,0.0004986991796399992,14.677864099969156,True,accepted_return_check_disabled,0.1,1,7.980927797862242e-14,3.683598964190184e-11,100,5.0,2.465190328815662e-32,1.4079871710616104e-09,1.0,7.791422673493931e-06,3.683598964191638e-11,-2.4563173550006e-08
T-L,AN,mc_learned_baseline,False,44,361,257032,92416,92416,0,0,72200,128516,514064,262144,1.0500000000000003,1.05,1.0499375344880275,-7.730353468460294e-09,5.066929323234819e-13,public_state_tabular_independent_mc,1,0.0004987626327483411,14.716747400001623,True,accepted_return_check_disabled,0.1,1,7.998716192858103e-14,3.6814345872633484e-11,100,5.0,2.465190328815662e-32,1.4083868057031896e-09,1.0,7.792028569170527e-06,3.68143458726437e-11,-2.4557777121177935e-08
T-L,AN,mc_learned_baseline,False,44,362,257744,92672,92672,0,0,72400,128872,515488,262144,1.0476562500000002,1.05,1.0499683585163686,3.08240283410921e-05,1.4074370819077357e-05,public_state_tabular_independent_mc,1,0.0002353406458925152,14.754756200010888,True,accepted_return_check_disabled,0.1,1,6.196750486164392e-12,-0.007456689291689492,100,5.0,0.00035400390625000064,2.476680309471752e-06,0.6155422840019977,0.0034929221942476365,0.003732062142193821,-0.003485154112016635
T-L,AN,mc_learned_baseline,False,44,363,258456,92928,92928,0,0,72600,129228,516912,262144,1.0500000000000003,1.05,1.0499683553469206,-3.1694480373545275e-09,2.1068815560893937e-13,public_state_tabular_independent_mc,1,0.0002353691774350983,14.79240130004473,True,accepted_return_check_disabled,0.1,1,5.850425357226245e-14,9.443573080223906e-12,100,5.0,2.465190328815662e-32,2.8960250538680465e-10,1.0,5.337445966534764e-06,9.443573080229173e-12,-7.904980830073115e-09
T-L,AN,mc_learned_baseline,False,44,364,259168,93184,93184,0,0,72800,129584,518336,262144,1.0500000000000003,1.05,1.0499683521667915,-3.1801290489852363e-09,2.120884491804869e-13,public_state_tabular_independent_mc,1,0.0002353978047045253,14.831468699965626,True,accepted_return_check_disabled,0.1,1,5.880505287963967e-14,9.512960279340758e-12,100,5.0,2.465190328815662e-32,2.896687417491168e-10,1.0,5.337726384964527e-06,9.512960279343133e-12,-7.934604441529767e-09
T-L,AN,mc_learned_baseline,False,44,365,259880,93440,93440,0,0,73000,129940,519760,262144,1.0500000000000003,1.05,1.0499683489763412,-3.1904503483559665e-09,2.1345570790896232e-13,public_state_tabular_independent_mc,1,0.00023542652445961577,14.868108700029552,True,accepted_return_check_disabled,0.1,1,5.915632970494789e-14,9.580828871627856e-12,100,5.0,2.465190328815662e-32,2.897352114236168e-10,1.0,5.33800691765129e-06,9.58082887162677e-12,-7.96349715221278e-09
T-L,AN,mc_learned_baseline,False,44,366,260592,93696,93696,0,0,73200,130296,521184,262144,1.0500000000000003,1.05,1.049968345775934,-3.2004072725300148e-09,2.1478900865949586e-13,public_state_tabular_independent_mc,1,0.00023545533341737832,14.905191299971193,True,accepted_return_check_disabled,0.1,1,5.949947967621362e-14,9.647119809040864e-12,100,5.0,2.465190328815662e-32,2.898019069919367e-10,1.0,5.338287519243136e-06,9.647119809051426e-12,-7.991642064663099e-09
T-L,AN,mc_learned_baseline,False,44,367,261304,93952,93952,0,0,73400,130652,522608,262144,1.0500000000000003,1.05,1.0499683425659367,-3.209997156972122e-09,2.160291943911425e-13,public_state_tabular_independent_mc,1,0.000235484228269211,14.942967600072734,True,accepted_return_check_disabled,0.1,1,5.971752890848673e-14,9.711774735282368e-12,100,5.0,2.465190328815662e-32,2.898688209339451e-10,1.0,5.338568144316072e-06,9.71177473527889e-12,-8.019022578429215e-09
T-L,AN,mc_learned_baseline,False,44,368,262016,94208,94208,0,0,73600,131008,524032,262144,1.0500000000000003,1.05,1.049968339346719,-3.219217781236239e-09,2.1723405441694196e-13,public_state_tabular_independent_mc,1,0.00023551320568690405,14.981148099992424,True,accepted_return_check_disabled,0.1,1,5.998569612877349e-14,9.774736109540033e-12,100,5.0,2.465190328815662e-32,2.8993594566942824e-10,1.0,5.338848747547205e-06,9.774736109536897e-12,-8.045622420935826e-09
T-L,SA,mc_learned_baseline,False,44,1,712,256,256,0,0,200,356,1424,262144,0.31828124999999996,0.3069,0.3507066152780096,0.031692615278009595,0.00039348960949782635,public_state_tabular_independent_mc,0,0.6168264922670345,0.034927999950014055,True,accepted_return_check_disabled,0.1,1,4.464844880920845e-09,-0.07548133584071887,100,5.0,0.4068527911183563,0.17109273012518195,0.008637215000830034,0.0003774315646010174,0.08020635810262994,0.08837012917434633
T-L,SA,mc_learned_baseline,False,44,2,1424,512,512,0,0,400,712,2848,262144,0.255703125,0.4385999999999999,0.3816762384307633,0.0309696231527537,0.00037888560372928936,public_state_tabular_independent_mc,0,0.6070620337813712,0.1257999000372365,True,accepted_return_check_disabled,0.1,1,2.654407209885054e-09,-0.0791040190326005,100,5.0,0.42477522575472615,0.16908143580068813,-0.0017750386847861233,0.0016614657985235851,0.07646004951354578,0.08773699148906129
T-L,SA,mc_learned_baseline,False,44,3,2136,768,768,0,0,600,1068,4272,262144,0.425390625,0.36180000000000007,0.41781746939104997,0.03614123096028665,0.0005115156984275893,public_state_tabular_independent_mc,0,0.5952782974961175,0.18851060001179576,True,accepted_return_check_disabled,0.1,1,2.730024053078902e-10,-0.09570190418857785,100,5.0,0.40998622778175964,0.16791153257631444,0.010341846187912007,0.0007210889501357378,0.1040998864360554,0.08879360295901638
T-L,SA,mc_learned_baseline,False,44,4,2848,1024,1024,0,0,800,1424,5696,262144,0.52171875,0.44609999999999994,0.45416592528397964,0.036348455892929676,0.0005219930439230597,public_state_tabular_independent_mc,0,0.5828274118911813,0.22526239999569952,True,accepted_return_check_disabled,0.1,1,4.712603900664069e-09,-0.09343153591760364,100,5.0,0.38004700442098144,0.15974642329489785,0.005366407974139675,0.0008222913228441678,0.10580405564488886,0.08825470675525261
T-L,SA,mc_learned_baseline,False,44,5,3560,1280,1280,0,0,1000,1780,7120,262144,0.45843749999999994,0.5078999999999999,0.4871593421581615,0.032993416874181836,0.0004408171543663176,public_state_tabular_independent_mc,0,0.5704100439359152,0.26008030003868043,True,accepted_return_check_disabled,0.1,1,4.719968309365352e-09,-0.0868211399633587,100,5.0,0.39674436466662044,0.15439977606854008,0.042765615764592924,0.0008991704997851368,0.09046987416105409,0.08708638152783152
T-L,SA,mc_learned_baseline,False,44,6,4272,1536,1536,0,0,1200,2136,8544,262144,0.534140625,0.5121,0.5206872523309096,0.03352791017274814,0.00046802231069200306,public_state_tabular_independent_mc,0,0.556816021657658,0.29637220001313835,True,accepted_return_check_disabled,0.1,1,3.160435737455933e-09,-0.08422724604215213,100,5.0,0.3600585774290199,0.1447960602866573,0.025702342992150795,0.0015992729946280627,0.09598569777771321,0.08473897706755917
T-L,SA,mc_learned_baseline,False,44,7,4984,1792,1792,0,0,1400,2492,9968,262144,0.58078125,0.6386999999999999,0.5517050092223251,0.031017756891415504,0.0004085676918215695,public_state_tabular_independent_mc,0,0.544296044322877,0.3313264000462368,True,accepted_return_check_disabled,0.1,1,4.302514697785155e-09,-0.07794715169468748,100,5.0,0.36417913315381045,0.14075675041178992,0.01682863582577765,0.0003722935890100149,0.08405993621679411,0.08377596232830625
T-L,SA,mc_learned_baseline,False,44,8,5696,2048,2048,0,0,1600,2848,11392,262144,0.5060156250000001,0.6074999999999998,0.5826701136874277,0.03096510446510259,0.000421216170631359,public_state_tabular_independent_mc,0,0.5309925360203699,0.36895709997043014,True,accepted_return_check_disabled,0.1,1,2.0362219647709522e-09,-0.09527242405785169,100,5.0,0.37493923227744846,0.1557460943081029,0.010568315542024753,0.00022756979838068394,0.085904570450824,0.08123113649645539
T-L,SA,mc_learned_baseline,False,44,9,6408,2304,2304,0,0,1800,3204,12816,262144,0.5564062500000001,0.6422999999999999,0.611064879625924,0.028394765938496325,0.00037177316345923567,public_state_tabular_independent_mc,0,0.517735240154452,0.40820619999431074,True,accepted_return_check_disabled,0.1,1,6.465361525702393e-10,-0.07868735127425747,100,5.0,0.3515938134524693,0.14546674863879808,0.01586865027159645,0.0007707976706597895,0.07598264480816308,0.07758813750992344
T-L,SA,mc_learned_baseline,False,44,10,7120,2560,2560,0,0,2000,3560,14240,262144,0.5146875,0.6411,0.6378151368765628,0.02675025725063873,0.00034304905921441305,public_state_tabular_independent_mc,0,0.5049282316234243,0.4486627000151202,True,accepted_return_check_disabled,0.1,1,2.3219468442508198e-09,-0.0886967535772128,100,5.0,0.37968321259670906,0.15944364935445118,0.013357569908268307,0.000270487213439533,0.07012061205494619,0.07480589698849976
T-L,SA,mc_learned_baseline,False,44,11,7832,2816,2816,0,0,2200,3916,15664,262144,0.5953125,0.6626999999999998,0.6620240488961384,0.024208912019575646,0.0003077591882398137,public_state_tabular_independent_mc,0,0.4940751667652,0.4852086000610143,True,accepted_return_check_disabled,0.1,1,3.4138298908124726e-09,-0.06984140688640042,100,5.0,0.3318247093108445,0.13583820958963194,0.017463516517306932,0.0029483677829045024,0.06303242740606943,0.068583911952012
T-L,SA,mc_learned_baseline,False,44,12,8544,3072,3072,0,0,2400,4272,17088,262144,0.6684375000000001,0.7464,0.6878768065102577,0.025852757614119315,0.0003662580036716122,public_state_tabular_independent_mc,0,0.48005243172551104,0.523003299953416,True,accepted_return_check_disabled,0.1,1,1.4054737252046871e-09,-0.07537895679485153,100,5.0,0.2813862906732096,0.11809050313486563,0.004570668172804493,0.0019189365474767464,0.07537755744120406,0.06580388172025617
T-L,SA,mc_learned_baseline,False,44,13,9256,3328,3328,0,0,2600,4628,18512,262144,0.6550781250000001,0.7653,0.710446174964166,0.022569368453908223,0.00029465346051814524,public_state_tabular_independent_mc,0,0.4685539831971223,0.559401800041087,True,accepted_return_check_disabled,0.1,1,3.0715918153510133e-09,-0.06560414773105087,100,5.0,0.28760416638570446,0.12189350423712492,-0.01715366860305112,0.0009007363240673934,0.06091103514776046,0.06277726590715386
T-L,SA,mc_learned_baseline,False,44,14,9968,3584,3584,0,0,2800,4984,19936,262144,0.7122656250000001,0.7223999999999999,0.7324091305500992,0.021962955585933197,0.0002955717326477772,public_state_tabular_independent_mc,0,0.4561587567753652,0.5956143999937922,True,accepted_return_check_disabled,0.1,1,2.6059324761747825e-09,-0.05604182321516967,100,5.0,0.24161886039751568,0.09630300127208422,0.02381493527733125,6.0904409446910294e-05,0.061093638391809355,0.059477564553332835
T-L,SA,mc_learned_baseline,False,44,15,10680,3840,3840,0,0,3000,5340,21360,262144,0.7361718750000001,0.6855,0.7520932889399594,0.019684158389860262,0.0002556011023859265,public_state_tabular_independent_mc,0,0.44478196458328556,0.6321168000577018,True,accepted_return_check_disabled,0.1,1,2.157341879174633e-09,-0.0516088668997773,100,5.0,0.2270002485099078,0.09417650416556722,0.007742880997840262,5.185648693146199e-05,0.05294142966484664,0.05531248016909398
T-L,SA,mc_learned_baseline,False,44,16,11392,4096,4096,0,0,3200,5696,22784,262144,0.7028906250000001,0.7953,0.7698552298031094,0.017761940863149972,0.00022495073017148054,public_state_tabular_independent_mc,0,0.4341057266775193,0.6697877000551671,True,accepted_return_check_disabled,0.1,1,2.7989567934498266e-09,-0.059214625764170394,100,5.0,0.26383838683457006,0.10613270648958198,0.029921425718922978,0.00020710191265502058,0.04646598573474424,0.05113537036930334
T-L,SA,mc_learned_baseline,False,44,17,12104,4352,4352,0,0,3400,6052,24208,262144,0.7469531250000001,0.8012999999999999,0.7866666088163463,0.016811379013236927,0.00021900731456070833,public_state_tabular_independent_mc,0,0.42371304872049603,0.706741499947384,True,accepted_return_check_disabled,0.1,1,3.2920594787524438e-09,-0.04437199031870454,100,5.0,0.1955936525607639,0.08076281494265089,0.005520830726300274,0.0001704560050397414,0.04557919650012332,0.04733600695084564
T-L,SA,mc_learned_baseline,False,44,18,12816,4608,4608,0,0,3600,6408,25632,262144,0.8184375000000002,0.7983,0.8024498538123745,0.015783244996028234,0.0002098830877230922,public_state_tabular_independent_mc,0,0.4131818036768457,0.7451898000435904,True,accepted_return_check_disabled,0.1,1,3.6031365286609477e-09,-0.03411950116782826,100,5.0,0.14742004697898914,0.05772249402978193,0.018894609523035233,4.002694641927068e-05,0.04362267303529385,0.04364137277048398
T-L,SA,mc_learned_baseline,False,44,19,13528,4864,4864,0,0,3800,6764,27056,262144,0.8064843750000001,0.7859999999999999,0.8171802540759443,0.014730400263569754,0.00020008677789046567,public_state_tabular_independent_mc,0,0.40297050836448034,0.782511500059627,True,accepted_return_check_disabled,0.1,1,3.7166610800209758e-09,-0.034453291759938234,100,5.0,0.13421191526813273,0.05469451018374841,0.008617405287155266,5.0797306421451996e-05,0.04165336640848079,0.03998542334333914
T-L,SA,mc_learned_baseline,False,44,20,14240,5120,5120,0,0,4000,7120,28480,262144,0.8296875000000001,0.7983,0.8305899296987603,0.01340967562281603,0.00018206517028652276,public_state_tabular_independent_mc,0,0.393282668438614,0.8192913000239059,True,accepted_return_check_disabled,0.1,1,2.7508331707579034e-09,-0.03129060201144021,100,5.0,0.12836163732911282,0.051213741043956915,0.007425462024881813,3.237076426897517e-05,0.037915734701059293,0.03647596303375821
T-L,SA,mc_learned_baseline,False,44,21,14952,5376,5376,0,0,4200,7476,29904,262144,0.7996875000000001,0.8172,0.8420390760526232,0.011449146353862849,0.00014787344045494283,public_state_tabular_independent_mc,0,0.38511798050311413,0.8549350999528542,True,accepted_return_check_disabled,0.1,1,2.83896970648763e-09,-0.03307646913484212,100,5.0,0.1499676615042581,0.06027528216595053,-0.004491158302587062,0.00044108342555909224,0.030906971989399595,0.032758287803389324
T-L,SA,mc_learned_baseline,False,44,22,15664,5632,5632,0,0,4400,7832,31328,262144,0.8554687500000002,0.8778,0.8528207495603661,0.01078167350774295,0.0001424819204099579,public_state_tabular_independent_mc,0,0.37675702798405153,0.8911610000068322,True,accepted_return_check_disabled,0.1,1,2.447895478780251e-09,-0.030395206843770527,100,5.0,0.12231517126381804,0.04964169108802362,0.00048820040814945287,1.9871732208284745e-06,0.029743369252043496,0.030176576703058587
T-L,SA,mc_learned_baseline,False,44,23,16376,5888,5888,0,0,4600,8188,32752,262144,0.8435156250000001,0.8952000000000001,0.8626509551514762,0.00983020559111003,0.00013074784246584824,public_state_tabular_independent_mc,0,0.36882608539426265,0.9264757999917492,True,accepted_return_check_disabled,0.1,1,1.7610285864238714e-09,-0.027709009415373017,100,5.0,0.11951986730803485,0.046471701335017025,-0.008112165413423078,6.2087416051270435e-06,0.02726858933066633,0.02737483201772236
T-L,SA,mc_learned_baseline,False,44,24,17088,6144,6144,0,0,4800,8544,34176,262144,0.8662500000000002,0.8451000000000001,0.8717635665094763,0.009112611358000122,0.00012471578351818893,public_state_tabular_independent_mc,0,0.3609248784937827,0.9623057000571862,True,accepted_return_check_disabled,0.1,1,1.805632946537236e-09,-0.02141338333622025,100,5.0,0.08078282850752548,0.03152965028552144,0.012946751704303594,0.0001574275416321708,0.025968685161067262,0.024633494457572874
T-L,SA,mc_learned_baseline,False,44,25,17800,6400,6400,0,0,5000,8900,35600,262144,0.8873437500000001,0.8630999999999999,0.8795001523036048,0.007736585794128503,0.0001009422722167927,public_state_tabular_independent_mc,0,0.354512548532663,0.9985540000488982,True,accepted_return_check_disabled,0.1,1,1.2942263588974277e-09,-0.01881794734164888,100,5.0,0.07897474542683824,0.03098070525055684,0.00017318974623559136,0.0004094911689728722,0.021104044931109373,0.0220315917965489
T-L,SA,mc_learned_baseline,False,44,26,18512,6656,6656,0,0,5200,9256,37024,262144,0.8594531250000002,0.9336000000000001,0.8864677851922919,0.00696763288868707,9.063628820390782e-05,public_state_tabular_independent_mc,0,0.34849539207452607,1.0332799999741837,True,accepted_return_check_disabled,0.1,1,1.1891988031778137e-09,-0.021979613410958596,100,5.0,0.0894555114291071,0.03637695902744265,0.001586242347061062,0.0003557613678508576,0.01894749217761784,0.019902977058330946
T-L,SA,mc_learned_baseline,False,44,27,19224,6912,6912,0,0,5400,9612,38448,262144,0.8641406250000001,0.9069000000000002,0.8928821299298011,0.006414344737509237,8.351652943027404e-05,public_state_tabular_independent_mc,0,0.34250232195731045,1.0792467000428587,True,accepted_return_check_disabled,0.1,1,1.0229535784449272e-09,-0.022241766703906415,100,5.0,0.0964373361124823,0.03788380602979428,0.008076260529448986,3.971992297716505e-05,0.01739771931252667,0.018245671125787198
T-L,SA,mc_learned_baseline,False,44,28,19936,7168,7168,0,0,5600,9968,39872,262144,0.8615625000000001,0.8919,0.8989370865604809,0.006054956630679786,8.230699222319763e-05,public_state_tabular_independent_mc,0,0.33638955456328556,1.1393802999518812,True,accepted_return_check_disabled,0.1,1,1.3373235272844786e-09,-0.020676229658132955,100,5.0,0.08280429713465903,0.030921825001316672,0.021419675453884235,6.027191352761493e-05,0.017059787862309245,0.016481875543944494
T-L,SA,mc_learned_baseline,False,44,29,20648,7424,7424,0,0,5800,10324,41296,262144,0.8779687500000002,0.9423,0.9044158015765924,0.005478715016111524,7.423745105776135e-05,public_state_tabular_independent_mc,0,0.33069067811816455,1.1874667999800295,True,accepted_return_check_disabled,0.1,1,5.049483425007939e-10,-0.020755997790029145,100,5.0,0.08222464904785157,0.031136416236171405,0.006916159854668202,2.0964607777640764e-05,0.015417482253924926,0.014960750428915325
T-L,SA,mc_learned_baseline,False,44,30,21360,7680,7680,0,0,6000,10680,42720,262144,0.8871093750000001,0.9276000000000001,0.9095210176705444,0.005105216093951981,7.160172540635806e-05,public_state_tabular_independent_mc,0,0.3250402923915646,1.2318924999563023,True,accepted_return_check_disabled,0.1,1,8.709038767937304e-10,-0.018823770172053583,100,5.0,0.06846856556818147,0.0260152255179049,0.011347650962243327,0.0001640343443093405,0.01486323221272512,0.013403859866633158
T-L,SA,mc_learned_baseline,False,44,31,22072,7936,7936,0,0,6200,11036,44144,262144,0.9147656250000001,0.8919,0.9137698673550811,0.00424884968453676,5.4566391093670035e-05,public_state_tabular_independent_mc,0,0.32045731902690566,1.2724365000613034,True,accepted_return_check_disabled,0.1,1,4.677616507744414e-10,-0.010785943599069162,100,5.0,0.04529931389207963,0.015935253102298846,0.015656710588191958,9.666730065372631e-05,0.011341561059198247,0.012218637086699822
T-L,SA,mc_learned_baseline,False,44,32,22784,8192,8192,0,0,6400,11392,45568,262144,0.9541406250000002,0.8916,0.918641631949218,0.0048717645941368515,8.164621523612032e-05,public_state_tabular_independent_mc,0,0.31487403006688597,1.3126582000404596,True,accepted_return_check_disabled,0.1,1,4.752963263853567e-10,-0.006067830004888951,100,5.0,0.020593110347271223,0.005632148572576235,0.0036889482827663356,0.0009670858115459368,0.0170969595645371,0.010219173666044384
T-L,SA,mc_learned_baseline,False,44,33,23496,8448,8448,0,0,6600,11748,46992,262144,0.9053906250000001,0.9213000000000001,0.927132334276338,0.008490702327120014,0.0005881521468484071,public_state_tabular_independent_mc,0,0.30493381352797183,1.3649022000608966,True,accepted_return_check_disabled,0.1,1,1.0605873562547686e-08,-0.014461820956398672,100,5.0,0.052361942278060125,0.016242102210298606,-0.011636915794946967,0.10156468438974582,0.15087535524436457,-0.09161105516854631
T-L,SA,mc_learned_baseline,False,44,34,24208,8704,8704,0,0,6800,12104,48416,262144,0.921328125,0.9303000000000001,0.9314680330447507,0.004335698768412666,0.00014824316142666855,public_state_tabular_independent_mc,0,0.2992003646656997,1.419759099953808,True,accepted_return_check_disabled,0.1,1,1.548783712753045e-09,-0.006727932838080306,100,5.0,0.024563592217339416,0.005748526806852195,0.04847713951398147,0.01534924501161101,0.033768822348775235,-0.007670201511378257
T-L,SA,mc_learned_baseline,False,44,35,24920,8960,8960,0,0,7000,12460,49840,262144,0.9257812500000001,0.9069000000000002,0.9339734247270363,0.002505391682285585,0.00016225734269678367,public_state_tabular_independent_mc,0,0.2953051139168793,1.462220499990508,True,accepted_return_check_disabled,0.1,1,1.9247592144303747e-09,-0.0024330883346543393,100,5.0,0.01101108644111982,0.0005124495610715329,0.10859347618867954,0.03136488963665638,0.041838671005626674,-0.024715144628636564
T-L,SA,mc_learned_baseline,False,44,36,25632,9216,9216,0,0,7200,12816,51264,262144,0.9309375000000002,0.9123,0.93686303952276,0.002889614795723694,0.00010817797764811949,public_state_tabular_independent_mc,0,0.29107640587118533,1.5002406999701634,True,accepted_return_check_disabled,0.1,1,2.3406241340350484e-10,-0.009204014002273659,100,5.0,0.03749695626099432,0.010528546040017364,0.008929624772995304,0.015505852269294067,0.026956827233933185,-0.0093359560986363
T-L,SA,mc_learned_baseline,False,44,37,26344,9472,9472,0,0,7400,13172,52688,262144,0.9375000000000002,0.9512999999999999,0.9398372502979679,0.002974210775207986,7.683001246412489e-05,public_state_tabular_independent_mc,0,0.2872118281558535,1.5413862999994308,True,accepted_return_check_disabled,0.1,1,6.714092206542782e-10,-0.0027536123565632563,100,5.0,0.010706542051491984,0.00013274869370815377,0.07580448374571436,0.00485026039049544,0.016656137173351425,0.0007134486034826373
T-L,SA,mc_learned_baseline,False,44,38,27056,9728,9728,0,0,7600,13528,54112,262144,0.9492187500000002,0.9330000000000002,0.9439624365630079,0.004125186265039993,0.00033447538997867293,public_state_tabular_independent_mc,0,0.28194422811709474,1.5771558999549598,True,accepted_return_check_disabled,0.1,1,2.2758332372761674e-09,-0.0029534222787682414,100,5.0,0.01087707096877283,0.00048705108091591764,-6.5335055254855945e-06,0.06184771955811135,0.08721143686350781,-0.05701841046730468
T-L,SA,mc_learned_baseline,False,44,39,27768,9984,9984,0,0,7800,13884,55536,262144,0.9375000000000002,0.9630000000000001,0.9451537760727552,0.0011913395097472579,1.848191249523226e-05,public_state_tabular_independent_mc,0,0.27959535587761275,1.6174852000549436,True,accepted_return_check_disabled,0.1,1,3.2842501977740794e-10,-0.0035576879760891972,100,5.0,0.010681457519531257,3.932371753129197e-05,0.07890624999999973,0.0010591377623089017,0.0037418398486253313,0.002551704547127613
T-L,SA,mc_learned_baseline,False,44,40,28480,10240,10240,0,0,8000,14240,56960,262144,0.9492187500000002,0.9246000000000001,0.9462173039161366,0.0010635278433813733,1.4547212482545252e-05,public_state_tabular_independent_mc,0,0.27749138914224153,1.6586020999820903,True,accepted_return_check_disabled,0.1,1,8.88359017930837e-11,-0.002797587781438674,100,5.0,0.010041503906250006,1.4633190948753193e-05,0.06021566807112788,0.000960908112278458,0.002904922232567899,0.002677214115177167
T-L,SA,mc_learned_baseline,False,44,41,29192,10496,10496,0,0,8200,14596,58384,262144,0.9398437500000001,0.9690000000000001,0.9471449548267925,0.0009276509106559416,1.0952195880927999e-05,public_state_tabular_independent_mc,0,0.275650698735224,1.7024632999673486,True,accepted_return_check_disabled,0.1,1,1.612471935902455e-10,-0.0024118926290846304,100,5.0,0.010458984375000004,3.967991596639683e-05,0.07951111409576228,0.0009744887757318654,0.0022139756662281187,0.002686724505679341
T-L,SA,mc_learned_baseline,False,44,42,29904,10752,10752,0,0,8400,14952,59808,262144,0.9564843750000003,0.9630000000000001,0.9486778860774955,0.0015329312507029735,2.3717799484910007e-05,public_state_tabular_independent_mc,0,0.2728152400373433,1.7439723999705166,True,accepted_return_check_disabled,0.1,1,1.6212084593055084e-10,-0.006615348496018128,100,5.0,0.02300107421875,0.0053159161673702405,0.008720692209876368,0.0002949828531397066,0.004817238706890974,0.003385399188029811
T-L,SA,mc_learned_baseline,False,44,43,30616,11008,11008,0,0,8600,15308,61232,262144,0.9515625000000002,0.9540000000000001,0.9497436950940535,0.0010658090165580614,1.4234810620218202e-05,public_state_tabular_independent_mc,0,0.27068327709633655,1.7834121000487357,True,accepted_return_check_disabled,0.1,1,1.358228915849328e-10,-0.0027786623640920554,100,5.0,0.009923400878906254,1.2463542462323154e-05,0.05569270984606467,0.0008431223603474106,0.0028394688925268735,0.0027549542088599137
T-L,SA,mc_learned_baseline,False,44,44,31328,11264,11264,0,0,8800,15664,62656,262144,0.9377343750000002,0.9630000000000001,0.9509179801030199,0.0011742850089663248,1.4135558117774235e-05,public_state_tabular_independent_mc,0,0.26851127523834467,1.82503219996579,True,accepted_return_check_disabled,0.1,1,2.811371969189937e-10,-0.0056524106742302195,100,5.0,0.02418430175781251,0.005487445061077399,0.025306208677135178,0.00020167768424020788,0.002885936072365978,0.003416841375594952
T-L,SA,mc_learned_baseline,False,44,45,32040,11520,11520,0,0,9000,16020,64080,262144,0.9515625000000003,0.987,0.9519163161125862,0.0009983360095663363,1.2330894678711215e-05,public_state_tabular_independent_mc,0,0.26650023636935494,1.8659556000493467,True,accepted_return_check_disabled,0.1,1,2.0842190590338268e-10,-0.0025950487383246353,100,5.0,0.010195312500000006,0.00024692316241019626,0.0427534127214636,0.0007596970468808652,0.0024949700111551384,0.002783042062938482
T-L,SA,mc_learned_baseline,False,44,46,32752,11776,11776,0,0,9200,16376,65504,262144,0.9632812500000003,0.9660000000000001,0.9529964576711548,0.0010801415585686147,1.4317429220152193e-05,public_state_tabular_independent_mc,0,0.26431722366468346,1.9081859999569133,True,accepted_return_check_disabled,0.1,1,3.2600951490141683e-10,-0.0026535513193917835,100,5.0,0.009258728027343753,1.8040500921026155e-05,0.034593648014009215,0.0007463695632963516,0.0028467185723717574,0.0028140672284375275
T-L,SA,mc_learned_baseline,False,44,47,33464,12032,12032,0,0,9400,16732,66928,262144,0.9562500000000003,0.9600000000000002,0.9540655477268101,0.001069090055655253,1.391428147250009e-05,public_state_tabular_independent_mc,0,0.26214905406570793,1.9499120999826118,True,accepted_return_check_disabled,0.1,1,2.3045412572977763e-10,-0.0027381791008941874,100,5.0,0.00989044189453125,0.00020780278126264793,0.03619766602502417,0.0007411407401249236,0.002770495990486055,0.0028372461310963424
T-L,SA,mc_learned_baseline,False,44,48,34176,12288,12288,0,0,9600,17088,68352,262144,0.9421875000000002,0.954,0.9549617804540232,0.0008962327272131754,9.711133000342978e-06,public_state_tabular_independent_mc,0,0.26032553980747686,1.9925498999655247,True,accepted_return_check_disabled,0.1,1,3.81486569331009e-11,-0.0023326131611002866,100,5.0,0.010535888671875007,1.891122497402939e-05,0.06678296897999236,0.0008207934564114976,0.0019560988296947386,0.0027741573084717843
T-L,SA,mc_learned_baseline,False,44,49,34888,12544,12544,0,0,9800,17444,69776,262144,0.9539062500000002,0.9570000000000001,0.9570866361320091,0.002124855677985815,0.00011510497856673185,public_state_tabular_independent_mc,0,0.2566789957714044,2.0300434000091627,True,accepted_return_check_disabled,0.1,1,6.381428075339936e-10,-0.003393900814474414,100,5.0,0.010431786758557778,0.000705929991557831,0.03015301394623604,0.019134976485151774,0.029368448076325136,-0.015527013912494924
T-L,SA,mc_learned_baseline,False,44,50,35600,12800,12800,0,0,10000,17800,71200,262144,0.9445312500000003,0.951,0.9582839162045668,0.0011972800725577049,1.7448742250633034e-05,public_state_tabular_independent_mc,0,0.2542159257247676,2.0706109000602737,True,accepted_return_check_disabled,0.1,1,4.513417644543291e-10,-0.0036209246711690814,100,5.0,0.01065399169921876,0.00010406331609763175,0.05181884850078111,0.00044182044168655896,0.0035408271540025298,0.0028018209018137526
T-L,SA,mc_learned_baseline,False,44,51,36312,13056,13056,0,0,10200,18156,72624,262144,0.9726562500000002,0.963,0.9593516489072929,0.0010677327027260874,1.3783267153556091e-05,public_state_tabular_independent_mc,0,0.25201089939239985,2.119522999972105,True,accepted_return_check_disabled,0.1,1,3.8717699486401317e-10,-0.002517438681493064,100,5.0,0.008679199218750001,2.399605024512484e-06,0.017344549475327597,0.0004026332755556555,0.002738128590820763,0.0028594690232625762
T-L,SA,mc_learned_baseline,False,44,52,37024,13312,13312,0,0,10400,18512,74048,262144,0.9679687500000003,0.9393,0.9604089619238728,0.0010573130165799638,1.3440531055705338e-05,public_state_tabular_independent_mc,0,0.24981937127574658,2.1600738000124693,True,accepted_return_check_disabled,0.1,1,3.338875041139548e-10,-0.002574780340279404,100,5.0,0.008951110839843752,5.1668059915872594e-06,0.02729339151499066,0.0004033476163576327,0.0026717536682559152,0.0028739357254625943
T-L,SA,mc_learned_baseline,False,44,53,37736,13568,13568,0,0,10600,18868,75472,262144,0.9682031250000003,0.9810000000000001,0.9614596300124225,0.0010506680885497,1.2380298390305786e-05,public_state_tabular_independent_mc,0,0.2476844762191573,2.19710109999869,True,accepted_return_check_disabled,0.1,1,1.595365309277354e-10,-0.005470944544453156,100,5.0,0.022247412109375003,0.0053846477759789185,0.003430725304984783,0.0002129056512124453,0.002511232391682815,0.00307824685325334
T-L,SA,mc_learned_baseline,False,44,54,38448,13824,13824,0,0,10800,19224,76896,262144,0.9468750000000002,0.9600000000000002,0.9623481739556087,0.0008885439431861597,9.41926032973883e-06,public_state_tabular_independent_mc,0,0.24582968832630095,2.2354967000428587,True,accepted_return_check_disabled,0.1,1,1.267826835750071e-10,-0.002336071579767252,100,5.0,0.01015411376953125,0.00016447292675637204,0.06486114234315232,0.0004745086228393153,0.0019041753664571551,0.0027969368690455338
T-L,SA,mc_learned_baseline,False,44,55,39160,14080,14080,0,0,11000,19580,78320,262144,0.9564843750000003,0.96,0.9632589570040883,0.0009107830484795798,9.37684814625901e-06,public_state_tabular_independent_mc,0,0.24395134291001774,2.274274399969727,True,accepted_return_check_disabled,0.1,1,1.9034010862756353e-12,-0.004990002963523489,100,5.0,0.0203346923828125,0.005382643072742989,0.006291721530910732,0.0003483564763457542,0.0018889866590123929,0.002933184471951956
T-L,SA,mc_learned_baseline,False,44,56,39872,14336,14336,0,0,11200,19936,79744,262144,0.9679687500000002,0.99,0.9643012525798552,0.0010422955757669605,1.286448149871988e-05,public_state_tabular_independent_mc,0,0.2417616493337328,2.3134190000128,True,accepted_return_check_disabled,0.1,1,3.181116595226387e-10,-0.0025721744935791498,100,5.0,0.008951110839843754,3.626104390119067e-05,0.02729339151499055,0.000357982866664675,0.0025576152129222996,0.0029122843382396874
T-L,SA,mc_learned_baseline,False,44,57,40584,14592,14592,0,0,11400,20292,81168,262144,0.9773437500000003,0.93,0.9654601014317846,0.001158848851929406,1.584530395273333e-05,public_state_tabular_independent_mc,0,0.2393174194994453,2.3521013000281528,True,accepted_return_check_disabled,0.1,1,4.541174961770258e-10,-0.002863853467124276,100,5.0,0.008283691406249998,1.3671906864891268e-05,0.01382647770480494,0.0003506674278259119,0.0032178669395754125,0.002929366811738474
T-L,SA,mc_learned_baseline,False,44,58,41296,14848,14848,0,0,11600,20648,82592,262144,0.9679687500000002,0.9630000000000001,0.9666013482363794,0.0011412468045948199,1.5313783663084932e-05,public_state_tabular_independent_mc,0,0.23690018320459058,2.389331900049001,True,accepted_return_check_disabled,0.1,1,4.198246539148557e-10,-0.0030362500519131104,100,5.0,0.00894287109375,8.40682858153159e-06,0.027741368153838764,0.0003447139054875019,0.003109165653499208,0.0029448293603112
T-L,SA,mc_learned_baseline,False,44,59,42008,15104,15104,0,0,11800,21004,84016,262144,0.9562500000000003,0.9840000000000002,0.9676721362512385,0.0010707880148590476,1.3438458936726467e-05,public_state_tabular_independent_mc,0,0.23462295165976424,2.431985800038092,True,accepted_return_check_disabled,0.1,1,1.7957662813923916e-10,-0.002954803956515526,100,5.0,0.009667968750000002,6.601357664440659e-05,0.04716073147256983,0.0003477259177504852,0.002679575463468933,0.002949805212455718
T-L,SA,mc_learned_baseline,False,44,60,42720,15360,15360,0,0,12000,21360,85440,262144,0.9585937500000002,0.9780000000000001,0.9687608744688891,0.0010887382176506533,1.3860635944209295e-05,public_state_tabular_independent_mc,0,0.2322981705087385,2.4697771000210196,True,accepted_return_check_disabled,0.1,1,1.0379785131128848e-12,-0.0030856390355608262,100,5.0,0.010151367187500007,0.0003145926724806864,0.012008516243662282,0.0003421264189292278,0.0027860474482162864,0.00296162346534804
T-L,SA,mc_learned_baseline,False,44,61,43432,15616,15616,0,0,12200,21716,86864,262144,0.9820312500000002,0.9750000000000001,0.9698331124719259,0.0010722380030367962,1.3416497979811683e-05,public_state_tabular_independent_mc,0,0.2299992598839623,2.5100374999456108,True,accepted_return_check_disabled,0.1,1,3.374801027792218e-11,-0.002473631554244217,100,5.0,0.00788818359375,0.00010857285729004348,0.009960350144615826,0.00034494242077197216,0.0026866893463892197,0.0029639053530200227
T-L,SA,mc_learned_baseline,False,44,62,44144,15872,15872,0,0,12400,22072,88288,262144,0.9867187500000003,0.975,0.9710961356377938,0.0012630231658679048,1.8592043657201414e-05,public_state_tabular_independent_mc,0,0.22727918391316518,2.55076899996493,True,accepted_return_check_disabled,0.1,1,4.894214022648812e-10,-0.002987556069229804,100,5.0,0.007712402343749997,1.3951866603537675e-05,-0.008911392405063223,0.00037555118437293457,0.0036997715444685485,0.0029370977023814686
T-L,SA,mc_learned_baseline,False,44,63,44856,16128,16128,0,0,12600,22428,89712,262144,0.9703125000000001,0.963,0.9720960547558876,0.0009999191180937173,1.1632709688561571e-05,public_state_tabular_independent_mc,0,0.22511628696035274,2.5917692000512034,True,accepted_return_check_disabled,0.1,1,2.7233325972562964e-10,-0.002522034390305283,100,5.0,0.008778076171875001,2.51962573562385e-06,0.024486196839177632,0.0003766419969958765,0.0023138565561784618,0.0029389319787184614
T-L,SA,mc_learned_baseline,False,44,64,45568,16384,16384,0,0,12800,22784,91136,262144,0.9726562500000002,0.9723,0.9732038685450388,0.0011078137891512574,1.4272247100023214e-05,public_state_tabular_independent_mc,0,0.22271009243425113,2.6324751999927685,True,accepted_return_check_disabled,0.1,1,4.1216407296671474e-10,-0.0029514374230232066,100,5.0,0.008745117187500005,0.00012877550781691056,0.01359812678865635,0.00033359258575723185,0.0028992428044837763,0.002983106219162558
T-L,SA,mc_learned_baseline,False,44,65,46280,16640,16640,0,0,13000,23140,92560,262144,0.9937500000000001,0.981,0.9742614766947093,0.0010576081496704859,1.300274118217885e-05,public_state_tabular_independent_mc,0,0.2204030663892649,2.6695150999585167,True,accepted_return_check_disabled,0.1,1,1.1862006423449892e-11,-0.0022768767613781174,100,5.0,0.007319641113281247,5.918427262092399e-05,-0.032383534850639606,0.00034346457657145803,0.0026176815261334425,0.0029732514959327763
T-L,SA,mc_learned_baseline,False,44,66,46992,16896,16896,0,0,13200,23496,93984,262144,0.9377343750000001,0.951,0.9755864031666406,0.0013249264719312759,1.947548502314555e-05,public_state_tabular_independent_mc,0,0.21754162656542425,2.706313999951817,True,accepted_return_check_disabled,0.1,1,5.3064058925362536e-11,-0.007730266425700754,100,5.0,0.024642431640625007,0.005361012896413655,0.018867483597048262,0.00020974525855240134,0.003911169063105355,0.003105781947455817
T-L,SA,mc_learned_baseline,False,44,67,47704,17152,17152,0,0,13400,23852,95408,262144,0.9820312500000002,0.978,0.9769583151956702,0.0013719120290296427,2.1950051376133438e-05,public_state_tabular_independent_mc,0,0.21451795722733988,2.7445443000178784,True,accepted_return_check_disabled,0.1,1,2.3763485038595403e-10,-0.0037033651386762932,100,5.0,0.007984313964843748,3.683130273194533e-05,0.003926676499319881,0.0004548819653521352,0.004446756823573538,0.0028335931241893738
T-L,SA,mc_learned_baseline,False,44,68,48416,17408,17408,0,0,13600,24208,96832,262144,0.9679687500000002,0.972,0.9781256967602878,0.0011673815646175978,1.5905691441655757e-05,public_state_tabular_independent_mc,0,0.21193153545625615,2.7847903999499977,True,accepted_return_check_disabled,0.1,1,2.3492992592731714e-10,-0.003393324675090634,100,5.0,0.009335632324218763,0.00016644860534729082,0.006387815035422961,0.0003101252863761416,0.003173698832578194,0.002973595063622103
T-L,SA,mc_learned_baseline,False,44,69,49128,17664,17664,0,0,13800,24564,98256,262144,0.9890625000000002,1.0140000000000002,0.9791896709711906,0.0010639742109027628,1.3231867425882571e-05,public_state_tabular_independent_mc,0,0.20956312420976966,2.8251375999534503,True,accepted_return_check_disabled,0.1,1,3.8130127006036846e-10,-0.0025156146509917677,100,5.0,0.007286682128906253,3.0555267283967096e-05,0.0039013602603685804,0.00031272760561290054,0.002688410201379363,0.00296537578701411
T-L,SA,mc_learned_baseline,False,44,70,49840,17920,17920,0,0,14000,24920,99680,262144,0.9750000000000002,0.975,0.9802427851530634,0.0010531141818728162,1.298720239994698e-05,public_state_tabular_independent_mc,0,0.20720833711274383,2.867712900042534,True,accepted_return_check_disabled,0.1,1,3.7531821999211344e-10,-0.002897430285852466,100,5.0,0.008440246582031255,4.528287561416637e-06,0.018022017045454475,0.0003139905077705179,0.0026388160745631456,0.0029577609473858215
T-L,SA,mc_learned_baseline,False,44,71,50552,18176,18176,0,0,14200,25276,101104,262144,0.9820312500000001,0.9780000000000001,0.9811106827234263,0.0008678975703628744,8.835363377424214e-06,public_state_tabular_independent_mc,0,0.20525965738476315,2.912260100012645,True,accepted_return_check_disabled,0.1,1,1.1164277383938001e-10,-0.002122972232176151,100,5.0,0.007929382324218756,5.352858589772708e-05,0.007374490010918167,0.0004505209909047702,0.0017872065241983307,0.002813754503741334
T-L,SA,mc_learned_baseline,False,44,72,51264,18432,18432,0,0,14400,25632,102528,262144,0.9703125000000001,0.9990000000000001,0.9820933787016753,0.0009826959782490707,1.1357205913174884e-05,public_state_tabular_independent_mc,0,0.20304430810301752,2.9568982999771833,True,accepted_return_check_disabled,0.1,1,2.7380600394802596e-11,-0.002759838836549801,100,5.0,0.008789062500000002,2.5509921643735677e-05,0.023875737638200834,0.0003464598878084827,0.00227530396932597,0.0029107769864901057
T-L,SA,mc_learned_baseline,False,44,73,51976,18688,18688,0,0,14600,25988,103952,262144,0.9796875000000002,1.005,0.9833766482478938,0.0012832695462184907,1.944635756129553e-05,public_state_tabular_independent_mc,0,0.2001368497759614,3.00350840005558,True,accepted_return_check_disabled,0.1,1,3.93269229312754e-10,-0.0036955240191597167,100,5.0,0.008085937500000001,3.25910172930249e-05,0.011941189641018313,0.0003741583710116837,0.00394975129145905,0.0028741517291343485
T-L,SA,mc_learned_baseline,False,44,74,52688,18944,18944,0,0,14800,26344,105376,262144,1.0078125,0.9990000000000002,0.9845332741115547,0.0011566258636608318,1.5857320345447232e-05,public_state_tabular_independent_mc,0,0.19750196377094364,3.060225500026718,True,accepted_return_check_disabled,0.1,1,2.7693050651321177e-10,-0.0022895093889916387,100,5.0,0.005902404785156249,2.384273975565198e-05,-0.039759373251258445,0.0003036706354475698,0.003163393239891283,0.0029314518468003116
T-L,SA,mc_learned_baseline,False,44,75,53400,19200,19200,0,0,15000,26700,106800,262144,0.9937500000000001,0.9813000000000001,0.985641734096052,0.0011084599844973786,1.4625092929520639e-05,public_state_tabular_independent_mc,0,0.19496376046354258,3.142956200055778,True,accepted_return_check_disabled,0.1,1,3.510512997549342e-10,-0.002618586187005354,100,5.0,0.006866455078125002,7.415929457004039e-06,0.000622332859174346,0.00029806611444454156,0.0029129132023968714,0.0029236849259807202
T-L,SA,mc_learned_baseline,False,44,76,54112,19456,19456,0,0,15200,27056,108224,262144,0.9820312500000002,0.972,0.986643982668472,0.0010022485724199282,1.2006514402595523e-05,public_state_tabular_independent_mc,0,0.19265756046875648,3.192343599977903,True,accepted_return_check_disabled,0.1,1,3.182983974006155e-10,-0.002754956067945058,100,5.0,0.007954101562500005,2.6789569206171892e-05,0.00582297393069886,0.0003175955818737184,0.0024390492040173664,0.002890019398491994
T-L,SA,mc_learned_baseline,False,44,77,54824,19712,19712,0,0,15400,27412,109648,262144,0.9750000000000002,0.975,0.9878570352526429,0.001213052584170926,1.7688800932471967e-05,public_state_tabular_independent_mc,0,0.1898517734867295,3.233891100040637,True,accepted_return_check_disabled,0.1,1,4.5528937051042764e-10,-0.0038177755661278,100,5.0,0.008462219238281252,1.597619579079612e-05,0.01674360795454577,0.00033330087979620195,0.0035972543743449654,0.0028604191450020892
T-L,SA,mc_learned_baseline,False,44,78,55536,19968,19968,0,0,15600,27768,111072,262144,0.9820312500000001,0.9930000000000001,0.9890754799650155,0.001218444712372646,1.7957318710585705e-05,public_state_tabular_independent_mc,0,0.187017163970045,3.2700921000214294,True,accepted_return_check_disabled,0.1,1,3.016392951530883e-10,-0.003615549031189105,100,5.0,0.007910156250000003,7.454916060916668e-07,0.008581224739977467,0.0003390062556456405,0.0036453176431572747,0.0028364819165465336
T-L,SA,mc_learned_baseline,False,44,79,56248,20224,20224,0,0,15800,28124,112496,262144,0.9986718750000002,0.993,0.9902474337592769,0.0011719537942613822,1.5803193598173853e-05,public_state_tabular_independent_mc,0,0.18431759322584637,3.314438399975188,True,accepted_return_check_disabled,0.1,1,5.359337074046687e-11,-0.005305656971548124,100,5.0,0.017005834960937504,0.005342081865407793,-0.004618856454432718,0.0001170014307735751,0.00317581285503234,0.0030386145597276126
T-L,SA,mc_learned_baseline,False,44,80,56960,20480,20480,0,0,16000,28480,113920,262144,0.9796875000000003,0.9780000000000001,0.9913080957646528,0.001060662005375912,1.3771963259551302e-05,public_state_tabular_independent_mc,0,0.1818230503117052,3.3565107999602333,True,accepted_return_check_disabled,0.1,1,3.6806376047125603e-10,-0.003194812224002797,100,5.0,0.00853912353515626,0.00018264511704584177,-0.015766101947907174,0.0002707532394294787,0.0027422493598950764,0.0028452985451144224
T-L,SA,mc_learned_baseline,False,44,81,57672,20736,20736,0,0,16200,28836,115344,262144,0.9914062500000003,0.9570000000000001,0.9925241107838547,0.001216015019201877,1.8243587071490814e-05,public_state_tabular_independent_mc,0,0.178946830969129,3.4009266999782994,True,accepted_return_check_disabled,0.1,1,3.366538839920844e-16,-0.0033642256002811063,100,5.0,0.007207031249999998,0.0001467422092793283,-0.006886014934044615,0.00032381289965617967,0.0036744680348188615,0.0027723307883258516
T-L,SA,mc_learned_baseline,False,44,82,58384,20992,20992,0,0,16400,29192,116768,262144,0.9869531250000003,0.99,0.9939235968762643,0.0013994860924095853,4.6106394096173286e-05,public_state_tabular_independent_mc,0,0.17582552235538274,3.452367600053549,True,accepted_return_check_disabled,0.1,1,4.1181726169209185e-11,-0.006233728077273305,100,5.0,0.02092747985839844,0.005400025418073939,-0.007236954350573033,0.006172678165134993,0.011322551265236095,-0.003100815563554425
T-L,SA,mc_learned_baseline,False,44,83,59096,21248,21248,0,0,16600,29548,118192,262144,1.0054687500000004,1.005,0.9950206636394044,0.001097066763140142,1.5068692915433577e-05,public_state_tabular_independent_mc,0,0.17320092906456275,3.49279899999965,True,accepted_return_check_disabled,0.1,1,3.1698100129413827e-10,-0.00252464367119194,100,5.0,0.005910644531249997,4.990422849606917e-05,-0.018217376162026788,0.00016219409132460201,0.003061742371824471,0.00277964971413096
T-L,SA,mc_learned_baseline,False,44,84,59808,21504,21504,0,0,16800,29904,119616,262144,0.9750000000000002,1.005,0.9960001271330843,0.000979463493679833,1.2105501704043022e-05,public_state_tabular_independent_mc,0,0.1708448942242725,3.530221199966036,True,accepted_return_check_disabled,0.1,1,2.1862395456723315e-10,-0.00323173829293073,100,5.0,0.008506164550781254,3.957452870117322e-05,0.014186789772726915,0.0001658381787789396,0.0024148943111948025,0.0027513217594370845
T-L,SA,mc_learned_baseline,False,44,85,60520,21760,21760,0,0,17000,30260,121040,262144,0.9682031250000003,1.005,0.9971101411571489,0.0011100140240646317,1.5362161714016415e-05,public_state_tabular_independent_mc,0,0.16817186441664142,3.569750800030306,True,accepted_return_check_disabled,0.1,1,3.9629961285394763e-10,-0.006835709209575081,100,5.0,0.020589575195312515,0.005685725766333469,-0.011023343895811832,9.944733908030574e-05,0.0031270825731259176,0.002794605498719
T-L,SA,mc_learned_baseline,False,44,86,61232,22016,22016,0,0,17200,30616,122464,262144,1.0007812500000002,0.9930000000000001,0.9980663775611034,0.0009562364039544802,1.1741214357338132e-05,public_state_tabular_independent_mc,0,0.16584616968089436,3.6058245999738574,True,accepted_return_check_disabled,0.1,1,2.454097096417049e-10,-0.0023417221162420846,100,5.0,0.00617431640625,7.803292264816155e-07,-0.00019778970010153607,0.00015752343761495379,0.002340903359219995,0.0027025692970473122
T-L,SA,mc_learned_baseline,False,44,87,61944,22272,22272,0,0,17400,30972,123888,262144,1.0148437500000003,1.005,0.9988873410704936,0.0008209635093902046,8.721556654575553e-06,public_state_tabular_independent_mc,0,0.16383971030467223,3.6408619000576437,True,accepted_return_check_disabled,0.1,1,2.6925944800064128e-14,-0.0015368273607580273,100,5.0,0.004724121093749997,1.137122353289663e-05,0.004405429043439213,0.00024262536924117716,0.0017534180523620104,0.0025928223893472435
T-L,SA,mc_learned_baseline,False,44,88,62656,22528,22528,0,0,17600,31328,125312,262144,0.9914062500000003,0.9990000000000002,0.9999804615471601,0.0010931204766665426,1.5621061082666355e-05,public_state_tabular_independent_mc,0,0.1611537647976176,3.6796831999672577,True,accepted_return_check_disabled,0.1,1,2.8523035063297456e-11,-0.0033039838878119367,100,5.0,0.00714111328125,0.00019340080369923475,-0.0022379548535647054,0.00016100227839185104,0.003155394869827611,0.002652512222820607
T-L,SA,mc_learned_baseline,False,44,89,63368,22784,22784,0,0,17800,31684,126736,262144,1.0007812500000002,1.002,1.0008031039565293,0.0008226424093691342,8.925543401906368e-06,public_state_tabular_independent_mc,0,0.15912140661724014,3.742901199962944,True,accepted_return_check_disabled,0.1,1,2.0267194187451526e-10,-0.002091470005643457,100,5.0,0.00617431640625,2.255438573920529e-06,-0.00019778970010153607,0.00021764982833996402,0.001812262951005887,0.002565559115227228
T-L,SA,mc_learned_baseline,False,44,90,64080,23040,23040,0,0,18000,32040,128160,262144,1.01953125,1.002,1.001797726103169,0.000994622146639701,1.318230713497253e-05,public_state_tabular_independent_mc,0,0.1566512535026267,3.8011731000151485,True,accepted_return_check_disabled,0.1,1,2.67576124524696e-10,-0.0018641719740701405,100,5.0,0.004328613281249994,3.855874019992126e-06,-0.0037770110768109433,0.0001384778109477222,0.002678629993079255,0.002621094813331638
T-L,SA,mc_learned_baseline,False,44,91,64792,23296,23296,0,0,18200,32396,129584,262144,1.01015625,0.9960000000000001,1.0026768551619056,0.0008791290587366607,1.0402477901663531e-05,public_state_tabular_independent_mc,0,0.15445590991898048,3.8368834999855608,True,accepted_return_check_disabled,0.1,1,1.1215668892263626e-10,-0.0019578255982323285,100,5.0,0.005317382812499999,3.569026798441515e-05,-0.007968360919876405,0.00016505183032289935,0.0020795098654032883,0.002564991808559093
T-L,SA,mc_learned_baseline,False,44,92,65504,23552,23552,0,0,18400,32752,131008,262144,1.01015625,0.9990000000000001,1.0037879196181427,0.0011110644562370986,1.6823423616596216e-05,public_state_tabular_independent_mc,0,0.1516648635684431,3.873211199999787,True,accepted_return_check_disabled,0.1,1,4.0812027601341574e-10,-0.002651216825687409,100,5.0,0.005457458496093748,0.00013353192507200334,-0.021414969972169073,0.0001883617805059614,0.0033578691751609954,0.0025147147226939727
T-L,SA,mc_learned_baseline,False,44,93,66216,23808,23808,0,0,18600,33108,132432,262144,1.0101562500000003,1.0170000000000001,1.004633648614146,0.0008457289960033254,9.855186945623383e-06,public_state_tabular_independent_mc,0,0.14952770432787307,3.9079667000332847,True,accepted_return_check_disabled,0.1,1,6.665337261925019e-11,-0.0019397642208928128,100,5.0,0.00519378662109375,1.1606833617865144e-06,0.0038962941262631334,0.00016888226960084938,0.001972865502970813,0.00249894871170891
T-L,SA,mc_learned_baseline,False,44,94,66928,24064,24064,0,0,18800,33464,133856,262144,1.0078125000000002,0.9930000000000001,1.0056755939287996,0.001041945314653514,1.5151102121229809e-05,public_state_tabular_independent_mc,0,0.1468792989508223,3.9460100999567658,True,accepted_return_check_disabled,0.1,1,2.1707437085881521e-10,-0.0026328439099330496,100,5.0,0.005440979003906253,1.3555412424973911e-05,0.0025461667599327997,0.00015732665683960482,0.003030554809285978,0.002482804845174288
T-L,SA,mc_learned_baseline,False,44,95,67640,24320,24320,0,0,19000,33820,135280,262144,0.9916406250000002,1.008,1.0068821197820408,0.0012065258532412138,2.011626682238172e-05,public_state_tabular_independent_mc,0,0.14381808979099003,3.9835323999868706,True,accepted_return_check_disabled,0.1,1,4.101860315031925e-10,-0.007300732952191904,100,5.0,0.020640112304687507,0.005456257348272717,-0.0020545144688954853,0.00024469937041851663,0.0040990214226658845,0.0023602709515610654
T-L,SA,mc_learned_baseline,False,44,96,68352,24576,24576,0,0,19200,34176,136704,262144,1.0148437500000003,0.993,1.0077641610238992,0.0008820412418584223,1.1187614966428009e-05,public_state_tabular_independent_mc,0,0.1415447698549525,4.019742100033909,True,accepted_return_check_disabled,0.1,1,7.780174468822561e-11,-0.001982058061649151,100,5.0,0.004666442871093751,4.556720992615889e-06,0.01052767969939461,0.00012353044083513205,0.002264999840138956,0.002428548544037743
T-L,SA,mc_learned_baseline,False,44,97,69064,24832,24832,0,0,19400,34532,138128,262144,1.0031250000000003,0.9930000000000001,1.0087409345467222,0.0009767735228229935,1.391329298670689e-05,public_state_tabular_independent_mc,0,0.13901188988719507,4.058294099988416,True,accepted_return_check_disabled,0.1,1,1.3927151693307335e-10,-0.0028628441308042357,100,5.0,0.005957336425781252,2.313035126355905e-06,-0.0016711229946519968,0.00013382051460797216,0.0027866247444902864,0.002386703933092251
T-L,SA,mc_learned_baseline,False,44,98,69776,25088,25088,0,0,19600,34888,139552,262144,1.0125000000000004,0.987,1.0095930580801675,0.0008521235334453259,1.0732390327756389e-05,public_state_tabular_independent_mc,0,0.13678868671813724,4.096758699975908,True,accepted_return_check_disabled,0.1,1,8.748801375121555e-11,-0.0020941237170024616,100,5.0,0.004932861328125,1.0146026780245942e-06,0.006766732283464916,0.00012232406185223456,0.002173940495363048,0.002362297763813833
T-L,SA,mc_learned_baseline,False,44,99,70488,25344,25344,0,0,19800,35244,140976,262144,1.0242187500000002,1.008,1.0104170029249018,0.0008239448447342479,1.0167611790825261e-05,public_state_tabular_independent_mc,0,0.13462669605432154,4.136511899996549,True,accepted_return_check_disabled,0.1,1,6.836253188891421e-15,-0.0014885828141037478,100,5.0,0.0035595703125000005,2.683700551810326e-05,0.036473660214697334,0.0001266211940116396,0.0020476731291718636,0.002325859452454068
T-L,SA,mc_learned_baseline,False,44,100,71200,25600,25600,0,0,20000,35600,142400,262144,1.0031250000000003,1.0110000000000001,1.011342121794522,0.0009251188696202117,1.3009980862835034e-05,public_state_tabular_independent_mc,0,0.1321844554883637,4.172841900028288,True,accepted_return_check_disabled,0.1,1,1.2351684385942222e-10,-0.002860673242343386,100,5.0,0.00593536376953125,1.439529900293277e-05,0.00017996709173173642,0.00012542121574885698,0.002606364757634366,0.0022952542854788433
T-L,SA,mc_learned_baseline,False,44,101,71912,25856,25856,0,0,20200,35956,143824,262144,1.021875,1.014,1.0122965901961012,0.0009544684015792004,1.4075957480108376e-05,public_state_tabular_independent_mc,0,0.12964792502476916,4.21090089995414,True,accepted_return_check_disabled,0.1,1,2.6868084789546187e-10,-0.0019695738720927427,100,5.0,0.00389190673828125,1.2735514621833944e-06,0.021633126934984315,0.00014424394991431722,0.0028138377073354407,0.00223986935407843
T-L,SA,mc_learned_baseline,False,44,102,72624,26112,26112,0,0,20400,36312,145248,262144,1.0057031250000001,1.0290000000000001,1.0133054043107586,0.0010088141146573637,1.566482471622253e-05,public_state_tabular_independent_mc,0,0.12697005840689837,4.247784500010312,True,accepted_return_check_disabled,0.1,1,1.5995538791548803e-10,-0.006254037223984466,100,5.0,0.019049291992187502,0.005390694997999846,0.0032871865996546568,0.00013378341192207745,0.0031830942182997242,0.0022116635397298784
T-L,SA,mc_learned_baseline,False,44,103,73336,26368,26368,0,0,20600,36668,146672,262144,1.0148437500000003,1.008,1.0141975199470483,0.0008921156362897698,1.2745097606115262e-05,public_state_tabular_independent_mc,0,0.12456533328034444,4.282957499963231,True,accepted_return_check_disabled,0.1,1,3.0514461997785627e-10,-0.0022960637609429216,100,5.0,0.00465545654296875,9.213394001055612e-07,0.011693822681481003,0.00011933110887786723,0.002544772669074991,0.002176162223339899
T-L,SA,mc_learned_baseline,False,44,104,74048,26624,26624,0,0,20800,37024,148096,262144,1.021875,1.011,1.0150763547289192,0.0008788347818708964,1.2583208695416866e-05,public_state_tabular_independent_mc,0,0.12218050923041396,4.321570300031453,True,accepted_return_check_disabled,0.1,1,3.10558511798331e-10,-0.001890591026119501,100,5.0,0.003825988769531251,4.7543798891327036e-05,0.02999226006191913,0.00011889569854364393,0.0025122693787079345,0.0021388367037410995
T-L,SA,mc_learned_baseline,False,44,105,74760,26880,26880,0,0,21000,37380,149520,262144,1.0195312500000004,1.0110000000000001,1.0158117023011919,0.000735347572272671,8.948528354488756e-06,public_state_tabular_independent_mc,0,0.12017261276732535,4.359032899956219,True,accepted_return_check_disabled,0.1,1,2.6596536858513785e-11,-0.0017325396383969349,100,5.0,0.00415008544921875,1.372347307577072e-05,0.017468676230252833,0.0001160893491224939,0.0018087506292677126,0.0021036279028066496
T-L,SA,mc_learned_baseline,False,44,106,75472,27136,27136,0,0,21200,37736,150944,262144,1.0195312500000002,1.0170000000000001,1.01653272851368,0.0007210262124881517,8.734913776737124e-06,public_state_tabular_independent_mc,0,0.11819253460652826,4.39695570000913,True,accepted_return_check_disabled,0.1,1,1.9430200106841818e-11,-0.0017257843740607114,100,5.0,0.004106140136718751,6.020931412558107e-06,0.022698383875068506,0.00011654049630791059,0.001764769863360566,0.0020707436035947192
T-L,SA,mc_learned_baseline,False,44,107,76184,27392,27392,0,0,21400,38092,152368,262144,1.0148437500000003,1.0110000000000001,1.0172456655501119,0.0007129370364318266,8.673145437178793e-06,public_state_tabular_independent_mc,0,0.11622341774638972,4.436942699947394,True,accepted_return_check_disabled,0.1,1,6.20247065915786e-11,-0.0019800874856796217,100,5.0,0.004666442871093753,3.786690582702636e-06,0.010527679699394277,0.0001140066201796693,0.0017565914057439066,0.0020409233082594397
T-L,SA,mc_learned_baseline,False,44,108,76896,27648,27648,0,0,21600,38448,153792,262144,1.0057031250000004,1.026,1.0180490956494326,0.0008034300993207122,1.1001619758448099e-05,public_state_tabular_independent_mc,0,0.11400868592258603,4.4737886999500915,True,accepted_return_check_disabled,0.1,1,1.1746579014766634e-10,-0.005870629444226027,100,5.0,0.019006445312500002,0.005306347164764304,0.0031618686354452086,6.184729580953071e-05,0.002205393142419351,0.002060553375794518
T-L,SA,mc_learned_baseline,False,44,109,77608,27904,27904,0,0,21800,38804,155216,262144,1.01953125,1.0230000000000001,1.0188493054642003,0.0008002098147676939,1.1333949263562557e-05,public_state_tabular_independent_mc,0,0.11176976715802821,4.509131400031038,True,accepted_return_check_disabled,0.1,1,2.750536991984798e-10,-0.0020479383390999994,100,5.0,0.004108886718750001,7.627868737536213e-07,0.02237152714726698,0.00010513734417193704,0.0022634392481173946,0.0019738084934085385
T-L,SA,mc_learned_baseline,False,44,110,78320,28160,28160,0,0,22000,39160,156640,262144,1.01953125,1.014,1.0196333647804063,0.000784059316206065,1.1089536994326645e-05,public_state_tabular_independent_mc,0,0.10956122302677908,4.547459300025366,True,accepted_return_check_disabled,0.1,1,2.645650264801697e-10,-0.0020550926315563893,100,5.0,0.004150085449218751,4.0346604781591055e-05,0.01746867623025239,0.00010382452672872487,0.0022149142536626665,0.0019374511259255614
T-L,SA,mc_learned_baseline,False,44,111,79032,28416,28416,0,0,22200,39516,158064,262144,1.0242187500000002,1.014,1.0204142498116568,0.0007808850312505111,1.1216789051834195e-05,public_state_tabular_independent_mc,0,0.1073466266772033,4.585473699960858,True,accepted_return_check_disabled,0.1,1,1.5364292055562883e-10,-0.0018293662381375984,100,5.0,0.0037106323242187484,0.00010420008553089065,0.015957226343930597,0.00010808665358375669,0.002246127111718162,0.0018956253361459563
T-L,SA,mc_learned_baseline,False,44,112,79744,28672,28672,0,0,22400,39872,159488,262144,1.0289062500000004,1.0230000000000001,1.0211743090733205,0.0007600592616636703,1.0839419187538816e-05,public_state_tabular_independent_mc,0,0.10517630474841103,4.620573200052604,True,accepted_return_check_disabled,0.1,1,1.795031565482231e-10,-0.001503321708843873,100,5.0,0.00295257568359375,6.3979925137619585e-06,0.06456143749697307,0.00010462036191093279,0.0021689261784496694,0.001861036862583015
T-L,SA,mc_learned_baseline,False,44,113,80456,28928,28928,0,0,22600,40228,160912,262144,1.0265625000000003,1.0170000000000001,1.0219182450105098,0.000743935937189244,1.059535340955873e-05,public_state_tabular_independent_mc,0,0.10303748171557307,4.656264599994756,True,accepted_return_check_disabled,0.1,1,1.6228630423572606e-10,-0.0016624965237178786,100,5.0,0.003284912109375,9.103800047183526e-06,0.04518664047151255,0.00010333434581535244,0.0021208473340423536,0.0018246665870922563
T-L,SA,mc_learned_baseline,False,44,114,81168,29184,29184,0,0,22800,40584,162336,262144,1.0195312500000002,1.0200000000000002,1.0226322152089364,0.0007139701984266722,9.957296277851158e-06,public_state_tabular_independent_mc,0,0.1009708888105299,4.69311590003781,True,accepted_return_check_disabled,0.1,1,2.4086363415010485e-10,-0.0020481606922555166,100,5.0,0.004117126464843752,2.161440866595601e-06,0.021390956963863728,9.710675026488298e-05,0.0019888201565295416,0.0017934478211060027
T-L,SA,mc_learned_baseline,False,44,115,81880,29440,29440,0,0,23000,40940,163760,262144,1.0148437500000003,1.0290000000000001,1.0233284225374215,0.0006962073284850767,9.661462506506241e-06,public_state_tabular_independent_mc,0,0.09894219870071344,4.737204100005329,True,accepted_return_check_disabled,0.1,1,2.368143299267829e-10,-0.0023391719149142526,100,5.0,0.004754333496093752,1.8033331516179697e-05,0.0011985358427001325,9.543897229881835e-05,0.0019296170715824373,0.001758629734026334
T-L,SA,mc_learned_baseline,False,44,116,82592,29696,29696,0,0,23200,41296,165184,262144,1.0359375000000002,1.026,1.0240248770463234,0.0006964545089018781,9.871548228813313e-06,public_state_tabular_independent_mc,0,0.09689905087816426,4.776339399977587,True,accepted_return_check_disabled,0.1,1,1.2309950680766815e-10,-0.0010423290657064212,100,5.0,0.0020214843750000003,2.962494759348086e-05,0.13601883337692966,9.950541523500838e-05,0.0019777110005454084,0.0017184684339825538
T-L,SA,mc_learned_baseline,False,44,117,83304,29952,29952,0,0,23400,41652,166608,262144,1.0148437500000003,1.0350000000000001,1.0246003984273246,0.0005755213810012538,6.8692113441610945e-06,public_state_tabular_independent_mc,0,0.09520002060377221,4.81765710003674,True,accepted_return_check_disabled,0.1,1,1.1530485313297506e-10,-0.0020498125661863407,100,5.0,0.004790039062500004,2.4177145598734576e-05,-0.0025914288490822557,0.00010453060399918338,0.0013956467132351792,0.0016768250858799454
T-L,SA,mc_learned_baseline,False,44,118,84016,30208,30208,0,0,23600,42008,168032,262144,1.0218750000000003,1.0230000000000001,1.0252545615079542,0.0006541630806295995,9.055256819588325e-06,public_state_tabular_independent_mc,0,0.09325679032395177,4.859457700047642,True,accepted_return_check_disabled,0.1,1,2.11538555164872e-10,-0.0019106695017863037,100,5.0,0.003825988769531251,1.43652082319191e-05,0.02999226006191913,9.300912018045195e-05,0.0018091785871102626,0.0016577015387575704
T-L,SA,mc_learned_baseline,False,44,119,84728,30464,30464,0,0,23800,42364,169456,262144,1.0312500000000002,1.0290000000000001,1.0259098993917661,0.0006553378838118906,9.286224579317042e-06,public_state_tabular_independent_mc,0,0.09129686891905425,4.896889099967666,True,accepted_return_check_disabled,0.1,1,6.584161753746397e-11,-0.0013781143914613195,100,5.0,0.0027053833007812493,1.789337585661178e-05,0.07282838983050932,9.734282775062763e-05,0.0018639646655869196,0.0016181119564475782
T-L,SA,mc_learned_baseline,False,44,120,85440,30720,30720,0,0,24000,42720,170880,262144,1.0195312500000004,1.0230000000000001,1.0265336991612075,0.0006237997694413799,8.597649491642681e-06,public_state_tabular_independent_mc,0,0.08941863256189844,4.935551599948667,True,accepted_return_check_disabled,0.1,1,1.985075231203586e-10,-0.002067984864101594,100,5.0,0.004150085449218754,3.8114934010937733e-06,0.017468676230251945,9.10661344216296e-05,0.0017179385323488942,0.001588617793357879
T-L,SA,mc_learned_baseline,False,44,121,86152,30976,30976,0,0,24200,43076,172304,262144,1.0195312500000002,1.0170000000000001,1.0271385573541876,0.0006048581929800623,8.259469500644227e-06,public_state_tabular_independent_mc,0,0.0875853132482646,4.973033700021915,True,accepted_return_check_disabled,0.1,1,2.0302351453037292e-10,-0.002040817240774172,100,5.0,0.004106140136718751,2.6610616236183028e-05,0.022698383875068062,8.939608486801582e-05,0.0016497906099343803,0.0015558184968627034
T-L,SA,mc_learned_baseline,False,44,122,86864,31232,31232,0,0,24400,43432,173728,262144,1.0265625000000003,1.0350000000000001,1.0277380102090319,0.0005994528548443068,8.292389462847844e-06,public_state_tabular_independent_mc,0,0.08575626353062504,5.00973339995835,True,accepted_return_check_disabled,0.1,1,1.5738194443449579e-10,-0.0016362835325680653,100,5.0,0.0032437133789062524,1.2334151278545413e-06,0.0512145025897478,9.035447122821276e-05,0.0016586415395363201,0.0015210462815647915
T-L,SA,mc_learned_baseline,False,44,123,87576,31488,31488,0,0,24600,43788,175152,262144,1.0382812500000003,1.0230000000000001,1.0281583612722773,0.0004203510632454499,4.150739540188162e-06,public_state_tabular_independent_mc,0,0.08446630436404508,5.051892000017688,True,accepted_return_check_disabled,0.1,1,1.0871449340209582e-10,-0.000621140766285144,100,5.0,0.0017138671874999997,5.456574899788977e-06,0.1722218098136743,0.00017823318049899916,0.0008441052210327035,0.0013992759599733432
T-L,SA,mc_learned_baseline,False,44,124,88288,31744,31744,0,0,24800,44144,176576,262144,1.0335937500000003,1.0230000000000001,1.028609147922223,0.0004507866499456892,4.855673536672235e-06,public_state_tabular_independent_mc,0,0.08307601419504662,5.095317899947986,True,accepted_return_check_disabled,0.1,1,1.133016890020475e-10,-0.0009059974446777714,100,5.0,0.0023510742187499985,1.7568668788238319e-06,0.10342205323193976,0.0001381240675165434,0.0009684648042711598,0.0014153938233135563
T-L,SA,mc_learned_baseline,False,44,125,89000,32000,32000,0,0,25000,44500,178000,262144,1.0429687500000004,1.026,1.029185703180875,0.0005765552586520784,8.114950887132001e-06,public_state_tabular_independent_mc,0,0.08128712153966616,5.135277700028382,True,accepted_return_check_disabled,0.1,1,2.631824477683935e-11,-0.0005616193929233031,100,5.0,0.0010546874999999999,2.5353500546137205e-05,0.30117647058823593,9.205919570569839e-05,0.001631987048409363,0.0014355236724087994
T-L,SA,mc_learned_baseline,False,44,126,89712,32256,32256,0,0,25200,44856,179424,262144,1.0359375000000002,1.0320000000000003,1.02974612815789,0.0005604249770148062,7.84706303704047e-06,public_state_tabular_independent_mc,0,0.07953642943042107,5.1742003000108525,True,accepted_return_check_disabled,0.1,1,3.877542766590816e-11,-0.001052403270169503,100,5.0,0.0020352172851562473,1.9746839270102567e-07,0.13307611823175503,9.036172508530629e-05,0.0015767546386893927,0.00140373855179351
T-L,SA,mc_learned_baseline,False,44,127,90424,32512,32512,0,0,25400,45212,180848,262144,1.0359375000000002,1.026,1.030300361368154,0.0005542332102641545,7.857801436167226e-06,public_state_tabular_independent_mc,0,0.07779324316137162,5.209848299971782,True,accepted_return_check_disabled,0.1,1,9.693132569147148e-15,-0.0010920077541990733,100,5.0,0.002186279296874995,8.187653683663164e-05,0.10070625163484337,9.255464442560802e-05,0.0015861520660753314,0.0013686644191168306
T-L,SA,mc_learned_baseline,False,44,128,91136,32768,32768,0,0,25600,45568,182272,262144,1.0265625000000003,1.026,1.0308236690532677,0.0005233076851136609,7.1709061156669754e-06,public_state_tabular_independent_mc,0,0.07613619335690099,5.249639100045897,True,accepted_return_check_disabled,0.1,1,1.238954253355041e-10,-0.0016468300229394528,100,5.0,0.0032656860351562523,4.700417418780387e-06,0.04799964279335567,8.608927802732815e-05,0.0014350907132971863,0.0013422867073889105
T-L,SA,mc_learned_baseline,False,44,129,91848,33024,33024,0,0,25800,45924,183696,262144,1.021875,1.0290000000000001,1.0313336388432892,0.0005099697900214917,6.970493407866202e-06,public_state_tabular_independent_mc,0,0.07451066241679624,5.28679160005413,True,accepted_return_check_disabled,0.1,1,1.2298931064675394e-10,-0.0019649671555192058,100,5.0,0.003922119140625004,1.183513435146931e-05,0.01780185758513908,8.534624816590238e-05,0.0013948763105287073,0.0013117224803086268
T-L,SA,mc_learned_baseline,False,44,130,92560,33280,33280,0,0,26000,46280,185120,262144,1.0382812500000003,1.038,1.0318357534977338,0.0005021146544446076,6.918883103721526e-06,public_state_tabular_independent_mc,0,0.07289952631907073,5.324380600010045,True,accepted_return_check_disabled,0.1,1,7.200277771899266e-11,-0.0008646046117424737,100,5.0,0.0016891479492187513,2.2646152117472745e-05,0.17823472644940985,8.569433409258173e-05,0.0013874333666656139,0.0012805877495653984
T-L,SA,mc_learned_baseline,False,44,131,93272,33536,33536,0,0,26200,46636,186544,262144,1.0382812500000003,1.0410000000000001,1.032325555102003,0.0004898016042691467,6.742720065210496e-06,public_state_tabular_independent_mc,0,0.07131741760792962,5.364709099987522,True,accepted_return_check_disabled,0.1,1,6.55828436344328e-11,-0.0008655420939301663,100,5.0,0.0016891479492187513,1.9397424098275897e-05,0.17823472644940996,8.509145933785837e-05,0.0013524354457669278,0.0012506107260365463
T-L,SA,mc_learned_baseline,False,44,132,93984,33792,33792,0,0,26400,46992,187968,262144,1.0335937500000003,1.0230000000000001,1.0328017584267697,0.0004762033247667219,6.5282892996844594e-06,public_state_tabular_independent_mc,0,0.06976900886171784,5.401396599947475,True,accepted_return_check_disabled,0.1,1,7.483085556536006e-11,-0.00118777485431753,100,5.0,0.0023291015625000015,5.761207817347756e-06,0.10763381105586423,8.417878700549825e-05,0.0013087118714080526,0.0012214376857959766
T-L,SA,mc_learned_baseline,False,44,133,94696,34048,34048,0,0,26600,47348,189392,262144,1.03359375,1.0350000000000001,1.0331623469768887,0.00036058855011900093,3.8202215806724775e-06,public_state_tabular_independent_mc,0,0.06858963636174029,5.440323399961926,True,accepted_return_check_disabled,0.1,1,9.123261642780267e-11,-0.0009081689889108248,100,5.0,0.0023373413085937527,1.3803961374037229e-05,0.10605440187189208,0.00013056595618897513,0.0007619551825333684,0.0011455579555830872
T-L,SA,mc_learned_baseline,False,44,134,95408,34304,34304,0,0,26800,47704,190816,262144,1.03359375,1.0320000000000003,1.0336176400121921,0.0004552930353034501,6.229430719751374e-06,public_state_tabular_independent_mc,0,0.06709179198935974,5.4773706999840215,True,accepted_return_check_disabled,0.1,1,6.604470578910869e-11,-0.0011907103729570708,100,5.0,0.0023291015625000007,2.3876971520084545e-06,0.10763381105586445,8.319383596959237e-05,0.0012491762758192757,0.0011704390415001051
T-L,SA,mc_learned_baseline,False,44,135,96120,34560,34560,0,0,27000,48060,192240,262144,1.0312500000000002,1.035,1.0340604253314496,0.0004427853192574549,6.0373341823969335e-06,public_state_tabular_independent_mc,0,0.06562549757807512,5.51446970005054,True,accepted_return_check_disabled,0.1,1,7.204558158164267e-11,-0.00135008162184443,100,5.0,0.002661437988281253,9.840233104224819e-06,0.08045550847457628,8.247801555033278e-05,0.001210167982340872,0.0011425613050298075
T-L,SA,mc_learned_baseline,False,44,136,96832,34816,34816,0,0,27200,48416,193664,262144,1.0265625000000003,1.038,1.0344901196107414,0.0004296942792918479,5.826362770491686e-06,public_state_tabular_independent_mc,0,0.06419323213742749,5.550922299968079,True,accepted_return_check_disabled,0.1,1,8.64455843958747e-11,-0.0016645717968949147,100,5.0,0.003284912109375002,1.4045159626856598e-06,0.04518664047151277,8.169618904253684e-05,0.0011669149835391794,0.0011153257983409746
T-L,SA,mc_learned_baseline,False,44,137,97544,35072,35072,0,0,27400,48772,195088,262144,1.0265625000000003,1.035,1.0349097735028976,0.00041965389215614657,5.695677769391569e-06,public_state_tabular_independent_mc,0,0.06278530304153238,5.587367599946447,True,accepted_return_check_disabled,0.1,1,7.387411529684608e-11,-0.0016751446601032864,100,5.0,0.0033096313476562544,6.335064018828056e-06,0.04156992320057118,8.134726545258257e-05,0.0011413628094726256,0.00108828841148942
T-L,SA,mc_learned_baseline,False,44,138,98256,35328,35328,0,0,27600,49128,196512,262144,1.0312500000000002,1.044,1.0353162296916556,0.0004064561887580087,5.4764501232456925e-06,public_state_tabular_independent_mc,0,0.061412791586234305,5.624548300052993,True,accepted_return_check_disabled,0.1,1,9.363619103502229e-11,-0.001328917301684491,100,5.0,0.0026614379882812494,5.9883619177392297e-05,0.08045550847457694,8.060913419583806e-05,0.0010962035276022583,0.0010620925545037508
T-L,SA,mc_learned_baseline,False,44,139,98968,35584,35584,0,0,27800,49484,197936,262144,1.0429687500000004,1.0260000000000002,1.035719110759986,0.00040288106833030746,5.51698046645348e-06,public_state_tabular_independent_mc,0,0.06004348796631389,5.66299980005715,True,accepted_return_check_disabled,0.1,1,2.523181323035443e-11,-0.0005373746003119057,100,5.0,0.0010327148437499992,1.302442217961901e-05,0.3085421994884917,8.119531193361733e-05,0.0011089848589641892,0.0010352427110135454
T-L,SA,mc_learned_baseline,False,44,140,99680,35840,35840,0,0,28000,49840,199360,262144,1.0312500000000004,1.038,1.0360259770760596,0.000306866316073684,3.270264529558042e-06,public_state_tabular_independent_mc,0,0.05899442941522291,5.701271899975836,True,accepted_return_check_disabled,0.1,1,8.704833941060571e-11,-0.001040987894386269,100,5.0,0.002636718750000001,1.1193841796696488e-05,0.08474576271186496,0.00011873066128318816,0.0006520317717194102,0.0009715030926771732
T-L,SA,mc_learned_baseline,False,44,141,100392,36096,36096,0,0,28200,50196,200784,262144,1.0335937500000003,1.038,1.0364072903857848,0.0003813133097252397,5.169644706919746e-06,public_state_tabular_independent_mc,0,0.057683322972061454,5.738955599954352,True,accepted_return_check_disabled,0.1,1,4.968579811605687e-11,-0.0011948786291437721,100,5.0,0.0023373413085937527,2.105684509212777e-06,0.10605440187189208,7.984334730782023e-05,0.0010370985997147479,0.0009903165176023303
T-L,SA,mc_learned_baseline,False,44,142,101104,36352,36352,0,0,28400,50552,202208,262144,1.0429687500000004,1.035,1.0367924984580927,0.00038520807230790766,5.414769682466043e-06,public_state_tabular_independent_mc,0,0.05635009605950138,5.7754043999593705,True,accepted_return_check_disabled,0.1,1,2.981089558618492e-11,-0.0005792093814953555,100,5.0,0.001128845214843746,2.980435353800739e-05,0.27631713554987414,8.322552636814628e-05,0.0010986947011130896,0.0009618523322439231
T-L,SA,mc_learned_baseline,False,44,143,101816,36608,36608,0,0,28600,50908,203632,262144,1.01953125,1.0410000000000001,1.0371557316341065,0.00036323317601372196,4.940814825393121e-06,public_state_tabular_independent_mc,0,0.055084640953419806,5.8143769999733195,True,accepted_return_check_disabled,0.1,1,2.668678530045797e-11,-0.0022342354553395024,100,5.0,0.004438476562500009,3.40868417626337e-05,-0.016851280188851625,7.93052730015275e-05,0.0009928320411308575,0.0009402789844485521
T-L,SA,mc_learned_baseline,False,44,144,102528,36864,36864,0,0,28800,51264,205056,262144,1.0429687500000004,1.0350000000000001,1.0373691090853563,0.00021337745124982987,1.7372108650866525e-06,public_state_tabular_independent_mc,0,0.05433741287203601,5.850728900055401,True,accepted_return_check_disabled,0.1,1,1.7902072544188977e-12,-0.00031788127375647257,100,5.0,0.0010986328124999983,1.8769317182120307e-05,0.2864450127877253,0.0002130799423784464,0.0003487017730317485,0.0007823219593126971
T-L,SA,mc_learned_baseline,False,44,145,103240,37120,37120,0,0,29000,51620,206480,262144,1.0429687500000004,1.0410000000000001,1.03771510884144,0.0003459997560837369,4.671391735606429e-06,public_state_tabular_independent_mc,0,0.053119537457761976,5.888362099998631,True,accepted_return_check_disabled,0.1,1,4.254051802847431e-11,-0.0005247978299352968,100,5.0,0.0010327148437500005,2.9918367015912088e-05,0.30854219948849093,7.839833405633906e-05,0.0009373467159158739,0.0009027331452884391
T-L,SA,mc_learned_baseline,False,44,146,103952,37376,37376,0,0,29200,51976,207904,262144,1.0453125000000003,1.0410000000000001,1.0380579048939782,0.0003427960525381746,4.706485687704173e-06,public_state_tabular_independent_mc,0,0.05190515403727205,5.924127400037833,True,accepted_return_check_disabled,0.1,1,9.828907811693686e-13,-0.0003725551456388558,100,5.0,0.0007031249999999985,3.6894350378784855e-06,0.42126582278481106,7.907436187376207e-05,0.0009494640388325113,0.0008788152125058745
T-L,SA,mc_learned_baseline,False,44,147,104664,37632,37632,0,0,29400,52332,209328,262144,1.0335937500000003,1.0440000000000003,1.0383848944406704,0.00032698954669219127,4.395234268235133e-06,public_state_tabular_independent_mc,0,0.050739324665462354,5.95932649995666,True,accepted_return_check_disabled,0.1,1,4.636344259354557e-11,-0.0011928283145713442,100,5.0,0.0023291015625000015,2.8569731285791946e-06,0.10763381105586411,7.761329137251026e-05,0.0008815269319902444,0.000857125309173044
T-L,SA,mc_learned_baseline,False,44,148,105376,37888,37888,0,0,29600,52688,210752,262144,1.0382812500000003,1.026,1.0387052756017945,0.00032038116112409476,4.3307355130768965e-06,public_state_tabular_independent_mc,0,0.049589792872066864,5.996605199994519,True,accepted_return_check_disabled,0.1,1,2.4890981103284988e-11,-0.0008714287780897708,100,5.0,0.0016918945312500008,2.086608415997677e-06,0.17756662460099482,7.749743776913285e-05,0.0008701522006995055,0.0008350424225511948
T-L,SA,mc_learned_baseline,False,44,149,106088,38144,38144,0,0,29800,53044,212176,262144,1.0476562500000002,1.05,1.0390355998400689,0.00033032423827439317,4.731054007052571e-06,public_state_tabular_independent_mc,0,0.048396823053173665,6.0338925999822095,True,accepted_return_check_disabled,0.1,1,1.0491080052393696e-10,-0.00021705210315931293,100,5.0,0.0003927612304687482,2.260694186469117e-07,0.595471949392377,8.327288377201646e-05,0.0009648752261022516,0.0008074077071698128
T-L,SA,mc_learned_baseline,False,44,150,106800,38400,38400,0,0,30000,53400,213600,262144,1.0291406250000004,1.0470000000000002,1.0393531325463912,0.0003175327063222877,4.17155949437366e-06,public_state_tabular_independent_mc,0,0.047281953675261855,6.07344850001391,True,accepted_return_check_disabled,0.1,1,9.023854214350558e-11,-0.003945090732859026,100,5.0,0.013498999023437507,0.005311867320155449,0.027339513644092817,1.241614899934188e-05,0.0008367182704074694,0.0008556136385788836
T-L,SA,mc_learned_baseline,False,44,151,107512,38656,38656,0,0,30200,53756,215024,262144,1.0382812500000003,1.0410000000000001,1.0396482747133797,0.0002951421669885601,3.980003909805661e-06,public_state_tabular_independent_mc,0,0.0462025350023034,6.1251101000234485,True,accepted_return_check_disabled,0.1,1,2.024592474066125e-11,-0.0008737778048268217,100,5.0,0.0017001342773437511,5.8753399746554195e-06,0.17556231905574926,6.871760442136132e-05,0.000799944190908207,0.0007713181102684113
T-L,SA,mc_learned_baseline,False,44,152,108224,38912,38912,0,0,30400,54112,216448,262144,1.0312500000000004,1.0410000000000001,1.0399286403636316,0.0002803656502519125,3.6864028245073923e-06,public_state_tabular_independent_mc,0,0.045170779275032734,6.1687434000195935,True,accepted_return_check_disabled,0.1,1,7.898057205859258e-11,-0.0013143706597756478,100,5.0,0.0026477050781249997,8.86418144306762e-05,0.08283898305084791,6.824946619311856e-05,0.0007372208332809306,0.000751349717110469
T-L,SA,mc_learned_baseline,False,44,153,108936,39168,39168,0,0,30600,54468,217872,262144,1.0382812500000003,1.044,1.0402264461522535,0.00029780578862181883,5.977859636533007e-06,public_state_tabular_independent_mc,0,0.044108525379567214,6.205316200037487,True,accepted_return_check_disabled,0.1,1,3.789198832286878e-11,-0.0009019396223394803,100,5.0,0.0030512359619140595,0.0013694286778326305,-0.43912775592012365,0.0005045047703302863,0.0013488325894976698,0.0002955961296181725
T-L,SA,mc_learned_baseline,False,44,154,109648,39424,39424,0,0,30800,54824,219296,262144,1.0453125000000003,1.044,1.040499926510329,0.0002734803580755063,3.7140945321722655e-06,public_state_tabular_independent_mc,0,0.04308838312580542,6.2414633999578655,True,accepted_return_check_disabled,0.1,1,4.3756085851086335e-12,-0.00036428914766497,100,5.0,0.0006948852539062493,3.3163461422182353e-06,0.4246835443037982,6.141859047149294e-05,0.000748345682543388,0.0007096063481456228
T-L,SA,mc_learned_baseline,False,44,155,110360,39680,39680,0,0,31000,55180,220720,262144,1.0453125000000003,1.044,1.0407626532233072,0.0002627267129782229,3.520758606929259e-06,public_state_tabular_independent_mc,0,0.042102234740954925,6.277878200053237,True,accepted_return_check_disabled,0.1,1,2.809325610975257e-11,-0.00035268522746832845,100,5.0,0.0006948852539062501,2.439232534667524e-05,0.42468354430379707,6.0936317935299386e-05,0.0007068224950912453,0.0006911393826724334
T-L,SA,mc_learned_baseline,False,44,156,111072,39936,39936,0,0,31200,55536,222144,262144,1.0359375000000002,1.044,1.0410198913692938,0.00025723814598666017,3.467103782427903e-06,public_state_tabular_independent_mc,0,0.04113069891785822,6.314863299950957,True,accepted_return_check_disabled,0.1,1,1.2857592906068415e-11,-0.001053274511429126,100,5.0,0.002054443359375003,9.564571136198878e-06,0.12895631702851085,6.100052046909373e-05,0.0006973684937295007,0.0006727969084828402
T-L,SA,mc_learned_baseline,False,44,157,111784,40192,40192,0,0,31400,55892,223568,262144,1.0312500000000002,1.044,1.0412700771073864,0.0002501857380925454,3.3693818869096698e-06,public_state_tabular_independent_mc,0,0.040179940041455885,6.351987099973485,True,accepted_return_check_disabled,0.1,1,1.2283608947782173e-11,-0.0014017924881883257,100,5.0,0.0027355957031250044,8.461419306307519e-06,0.06758474576271145,6.091234473943567e-05,0.0006777417797729933,0.0006549182627191487
T-L,SA,mc_learned_baseline,False,44,158,112496,40448,40448,0,0,31600,56248,224992,262144,1.0359375000000002,1.038,1.0415122663353638,0.00024218922797736298,3.2438564701740973e-06,public_state_tabular_independent_mc,0,0.03925389753422256,6.393757299985737,True,accepted_return_check_disabled,0.1,1,2.0963646437740587e-11,-0.00104208524073037,100,5.0,0.002021484375000002,3.6416191950107385e-07,0.13601883337692877,6.0734111818343476e-05,0.0006516346251664215,0.0006375554343072048
T-L,SA,mc_learned_baseline,False,44,159,113208,40704,40704,0,0,31800,56604,226416,262144,1.0429687500000002,1.05,1.0417503320606503,0.00023806572528650705,3.2208766685960287e-06,public_state_tabular_independent_mc,0,0.03833801620715872,6.4329695999622345,True,accepted_return_check_disabled,0.1,1,3.055148345135629e-12,-0.0005405278355414242,100,5.0,0.0010546874999999999,1.655740087414017e-05,0.30117647058823593,6.0917753754683763e-05,0.0006491467045061806,0.0006203286215377898
T-L,SA,mc_learned_baseline,False,44,160,113920,40960,40960,0,0,32000,56960,227840,262144,1.0453125000000003,1.038,1.0419799076305152,0.0002295755698649149,3.077998923485899e-06,public_state_tabular_independent_mc,0,0.037449372480889496,6.47076970001217,True,accepted_return_check_disabled,0.1,1,1.460548607772625e-11,-0.0003555858198590147,100,5.0,0.0006948852539062503,1.644401178258098e-05,0.4246835443037973,6.0629626961884466e-05,0.0006187976801123866,0.0006038035788775215
T-L,SA,mc_learned_baseline,False,44,161,114632,41216,41216,0,0,32200,57316,229264,262144,1.0385156250000003,1.044,1.0422162553962537,0.00023634776573855376,3.0717954227910954e-06,public_state_tabular_independent_mc,0,0.0365686090019336,6.5065638000378385,True,accepted_return_check_disabled,0.1,1,6.817456323370462e-11,-0.003295266542173084,100,5.0,0.012234472656250004,0.005319406445630839,0.04424593256687748,3.8203103593028055e-06,0.0006164717193489467,0.0006443428305766801
T-L,SA,mc_learned_baseline,False,44,162,115344,41472,41472,0,0,32400,57672,230688,262144,1.0476562500000002,1.044,1.0424141489321896,0.0001978935359359113,4.028350688379563e-06,public_state_tabular_independent_mc,1,0.035759587158191664,6.5431958000408486,True,accepted_return_check_disabled,0.1,1,6.131297350835465e-11,-0.00017301595954056235,100,5.0,0.00035400390625000064,3.1660896655987745e-05,0.6155422840019977,0.00028030874483676345,0.0007360950694335455,0.00034563928422409783
T-L,SA,mc_learned_baseline,False,44,163,116056,41728,41728,0,0,32600,58028,232112,262144,1.0500000000000003,1.05,1.0428124204476203,0.0003982715154307037,1.016639356841589e-05,public_state_tabular_independent_mc,0,0.03418789160215725,6.5797756999963894,True,accepted_return_check_disabled,0.1,1,7.298197330940051e-11,-2.6020190652869815e-05,100,5.0,2.4719238281247193e-05,9.566681112229077e-08,0.9802246093750023,0.0005305762762917196,0.0020594611910046095,8.754545702389753e-05
T-L,SA,mc_learned_baseline,False,44,164,116768,41984,41984,0,0,32800,58384,233536,262144,1.0406250000000004,1.0410000000000001,1.0430142268668736,0.0002018064192532698,2.7053135919227764e-06,public_state_tabular_independent_mc,0,0.03338451165136888,6.615885199978948,True,accepted_return_check_disabled,0.1,1,5.037107740232273e-12,-0.0007132544286460498,100,5.0,0.001387023925781251,1.0934345668385812e-05,0.22549862448418156,5.825918868639763e-05,0.0005448176633657643,0.0005309833128427497
T-L,SA,mc_learned_baseline,False,44,165,117480,42240,42240,0,0,33000,58740,234960,262144,1.0406250000000004,1.0410000000000001,1.043208822329539,0.0001945954626654256,2.5857594724983343e-06,public_state_tabular_independent_mc,0,0.03260520412431359,6.652685699984431,True,accepted_return_check_disabled,0.1,1,1.6333169413884925e-11,-0.0006988283404282117,100,5.0,0.0013732910156250004,2.634964757937277e-05,0.2293672627235216,5.798195292830032e-05,0.0005194951706075954,0.0005165635426354926
T-L,SA,mc_learned_baseline,False,44,166,118192,42496,42496,0,0,33200,59096,236384,262144,1.0429687500000004,1.0410000000000001,1.0433991685090707,0.0001903461795316197,2.543492617279792e-06,public_state_tabular_independent_mc,0,0.031838376824225,6.689833499956876,True,accepted_return_check_disabled,0.1,1,6.808472731047451e-12,-0.0005340128645432399,100,5.0,0.0010739135742187478,4.7911134185358174e-05,0.2947314578005126,5.783476488019537e-05,0.000511945213257621,0.0005024982798842656
T-L,SA,mc_learned_baseline,False,44,167,118904,42752,42752,0,0,33400,59452,237808,262144,1.0500000000000003,1.05,1.04379384288188,0.0003946743728093782,1.1490788124209327e-05,public_state_tabular_independent_mc,0,0.030233486026753072,6.728090599994175,True,accepted_return_check_disabled,0.1,1,1.2285567980026725e-10,-2.6020075108591863e-05,100,5.0,2.4719238281247193e-05,1.8258730105842388e-07,0.9802246093750023,0.0007596842177173918,0.002362461911527995,-0.00021329183792103334
T-L,SA,mc_learned_baseline,False,44,168,119616,43008,43008,0,0,33600,59808,239232,262144,1.0453125000000003,1.05,1.0440598891797248,0.00026604629784476863,1.2373613494959353e-05,public_state_tabular_independent_mc,0,0.02932825792257629,6.765150499995798,True,accepted_return_check_disabled,0.1,1,1.7997821527015333e-11,-0.000373605352143449,100,5.0,0.000786307537744912,8.103260700934896e-05,0.4249297367892305,0.0019935023345043646,0.003148211316847365,-0.0014761368285174212
T-L,SA,mc_learned_baseline,False,44,169,120328,43264,43264,0,0,33800,60164,240656,262144,1.0453125000000003,1.044,1.0442298233716145,0.00016993419188970904,2.276608459666669e-06,public_state_tabular_independent_mc,0,0.028626694528225888,6.801440799958073,True,accepted_return_check_disabled,0.1,1,1.4745902168976314e-12,-0.0003627277519953508,100,5.0,0.0006948852539062494,6.958378597145153e-07,0.4246835443037982,2.6257765580149788e-05,0.0004590343733405552,0.00044752533765010226
T-L,SA,mc_learned_baseline,False,44,170,121040,43520,43520,0,0,34000,60520,242080,262144,1.0453125000000003,1.044,1.0443944772620797,0.00016465389046516066,2.1982738709694246e-06,public_state_tabular_independent_mc,0,0.027942941188333712,6.840535099967383,True,accepted_return_check_disabled,0.1,1,3.379594817707914e-12,-0.0003599690580697416,100,5.0,0.0006948852539062507,5.641439022760983e-06,0.42468354430379773,2.6038357503332483e-05,0.00044284021013859577,0.0004351432314464753
T-L,SA,mc_learned_baseline,False,44,171,121752,43776,43776,0,0,34200,60876,243504,262144,1.0429687500000004,1.044,1.0445545898507187,0.00016011258863901645,2.1380420627273718e-06,public_state_tabular_independent_mc,0,0.02727416458196144,6.878112699952908,True,accepted_return_check_disabled,0.1,1,2.709396948512819e-12,-0.0005389248208201376,100,5.0,0.0010409545898437509,5.087566157877445e-06,0.30578005115089546,2.5864518552828676e-05,0.0004308114868266843,0.0004230781228606824
T-L,SA,mc_learned_baseline,False,44,172,122464,44032,44032,0,0,34400,61232,244928,262144,1.0453125000000003,1.05,1.0447102863170605,0.00015569646634183698,2.0796061550699683e-06,public_state_tabular_independent_mc,0,0.02662004978057613,6.913026400026865,True,accepted_return_check_disabled,0.1,1,2.0900420125432798e-12,-0.0003613437557972737,100,5.0,0.0006921386718750001,2.529736706680494e-07,0.4258227848101269,2.5696101292671688e-05,0.0004191466139374653,0.000411317785722619
T-L,SA,mc_learned_baseline,False,44,173,123176,44288,44288,0,0,34600,61588,246352,262144,1.0406250000000004,1.044,1.044861115745095,0.00015082942803457122,2.007489801690941e-06,public_state_tabular_independent_mc,0,0.025982714752589852,6.951106900000013,True,accepted_return_check_disabled,0.1,1,4.2400685764739055e-12,-0.0007134584701432002,100,5.0,0.0013732910156250022,1.6684282792295263e-07,0.2293672627235217,2.5505677467920725e-05,0.00040423317422286833,0.00039988258723641835
T-L,SA,mc_learned_baseline,False,44,174,123888,44544,44544,0,0,34800,61944,247776,262144,1.0429687500000004,1.0470000000000002,1.0450080642954136,0.00014694855031849308,1.960196783357713e-06,public_state_tabular_independent_mc,0,0.025358200020670726,6.987083400017582,True,accepted_return_check_disabled,0.1,1,2.120498838822855e-12,-0.0005398767906079052,100,5.0,0.0010409545898437504,3.711802635123828e-06,0.3057800511508957,2.535876748791813e-05,0.00039505249906417964,0.0003887429561538157
T-L,SA,mc_learned_baseline,False,44,175,124600,44800,44800,0,0,35000,62300,249200,262144,1.0406250000000004,1.0470000000000002,1.0451504550693422,0.00014239077392863564,1.8933419219230282e-06,public_state_tabular_independent_mc,0,0.02474958223901825,7.022303899982944,True,accepted_return_check_disabled,0.1,1,3.947373694471085e-12,-0.0007138637718860118,100,5.0,0.0013732910156250017,5.791629714001693e-08,0.22936726272352137,2.5184713178810836e-05,0.00038125921280795377,0.000377897844287022
T-L,SA,mc_learned_baseline,False,44,176,125312,45056,45056,0,0,35200,62656,250624,262144,1.0476562500000002,1.0470000000000002,1.045290043671384,0.00013958860204166257,1.8721667031032974e-06,public_state_tabular_independent_mc,0,0.024149521017903193,7.059765900019556,True,accepted_return_check_disabled,0.1,1,4.004378352716822e-15,-0.0001851090621675246,100,5.0,0.00035156249999999934,1.490260018275321e-08,0.617945729981689,2.5103241095022893e-05,0.00037809681284601355,0.0003672802383483146
T-L,SA,mc_learned_baseline,False,44,177,126024,45312,45312,0,0,35400,63012,252048,262144,1.0429687500000004,1.0470000000000002,1.0454245612703061,0.0001345175989222458,1.7888388957024903e-06,public_state_tabular_independent_mc,0,0.023567955561763637,7.09834669996053,True,accepted_return_check_disabled,0.1,1,2.943458487063383e-12,-0.0005378174397678398,100,5.0,0.0010327148437500005,2.8065602937903645e-08,0.30854219948849093,2.4885228642972377e-05,0.0003603400401518218,0.00035698900835957474
T-L,SA,mc_learned_baseline,False,44,178,126736,45568,45568,0,0,35600,63368,253472,262144,1.0453125000000003,1.0410000000000001,1.0455554854143152,0.00013092414400905916,1.7434967742790445e-06,public_state_tabular_independent_mc,0,0.02299871607054159,7.137230799999088,True,accepted_return_check_disabled,0.1,1,1.7439168087413528e-12,-0.00036122654507948575,100,5.0,0.0006948852539062494,3.2155272437534805e-06,0.4246835443037982,2.4748386781386515e-05,0.00035141504901534717,0.00034697898330412607
T-L,SA,mc_learned_baseline,False,44,179,127448,45824,45824,0,0,35800,63724,254896,262144,1.0500000000000003,1.0410000000000001,1.0456900437875114,0.000134558373196203,1.8970762424543519e-06,public_state_tabular_independent_mc,0,0.022410272327564755,7.177568000042811,True,accepted_return_check_disabled,0.1,1,4.5178678717374e-11,-2.8910718997945838e-06,100,5.0,2.7465820312496886e-06,2.088003096355448e-06,0.9978027343750002,2.631711417654719e-05,0.00038715589014070716,0.0003355161578450171
T-L,SA,mc_learned_baseline,False,44,180,128160,46080,46080,0,0,36000,64080,256320,262144,1.0453125000000003,1.044,1.0458134000565942,0.00012335626908277497,1.641498078976423e-06,public_state_tabular_independent_mc,0,0.02186769075536328,7.214944200008176,True,accepted_return_check_disabled,0.1,1,1.5542162701978836e-12,-0.0003613904340543042,100,5.0,0.000692138671875,1.1979790219947495e-07,0.42582278481012714,2.446237742593689e-05,0.00033087793546763997,0.0003271833518527601
T-L,SA,mc_learned_baseline,False,44,181,128872,46336,46336,0,0,36200,64436,257744,262144,1.0429687500000004,1.044,1.045933279296192,0.00011987923959777547,1.5952879314416046e-06,public_state_tabular_independent_mc,0,0.021337447400379544,7.251165800029412,True,accepted_return_check_disabled,0.1,1,1.2982673287608059e-12,-0.0005416364556986941,100,5.0,0.0010409545898437506,1.5798462794333746e-06,0.3057800511508957,2.433126062703226e-05,0.0003216121565040734,0.0003179583029519375
T-L,SA,mc_learned_baseline,False,44,182,129584,46592,46592,0,0,36400,64792,259168,262144,1.0361718750000002,1.044,1.0462653662401113,0.0003320869439193963,1.2973433459625356e-05,public_state_tabular_independent_mc,0,0.019856929099764192,7.291614799993113,True,accepted_return_check_disabled,0.1,1,2.2863198458194146e-10,-0.006278408395891908,100,5.0,0.015340307617187507,0.005332757819713408,0.033979463248611674,0.001194115154453646,0.0026927580988030404,-0.000860933382151852
T-L,SA,mc_learned_baseline,False,44,183,130296,46848,46848,0,0,36600,65148,260592,262144,1.0476562500000002,1.0470000000000002,1.0463724524723648,0.00010708623225341718,1.4258069964377457e-06,public_state_tabular_independent_mc,0,0.01937276047990992,7.328101700055413,True,accepted_return_check_disabled,0.1,1,5.867998960391916e-13,-0.00018263064867667412,100,5.0,0.00034881591796875005,8.878065282156567e-07,0.6194439820209758,2.334725155645007e-05,0.0002876048844763058,0.00028390298419481315
T-L,SA,mc_learned_baseline,False,44,184,131008,47104,47104,0,0,36800,65504,262016,262144,1.0476562500000002,1.038,1.0464604982296741,8.804575730936293e-05,2.6725912860079286e-06,public_state_tabular_independent_mc,1,0.018924651911473227,7.365066700032912,True,accepted_return_check_disabled,0.1,1,1.3927750731975114e-11,-0.00018175591814637287,100,5.0,0.00035400390625000064,8.986459003933886e-06,0.6155422840019975,0.0002605380390876251,0.00046325621687958547,3.8544252190190554e-05
T-L,SA,mc_learned_baseline,False,44,185,131720,47360,47360,0,0,37000,65860,263440,262144,1.0453125000000003,1.0470000000000002,1.0465618828161416,0.00010138458646746784,1.3416850349157933e-06,public_state_tabular_independent_mc,0,0.018462630348731978,7.404446000000462,True,accepted_return_check_disabled,0.1,1,8.031950031406912e-13,-0.00036270655873568746,100,5.0,0.0006948852539062506,6.95316290946788e-07,0.42468354430379773,2.8476797528285108e-05,0.00027056357489308586,0.000270447358740429
T-L,SA,mc_learned_baseline,False,44,186,132432,47616,47616,0,0,37200,66216,264864,262144,1.0453125000000003,1.05,1.0466233547219115,6.147190576988315e-05,4.370860914295051e-06,public_state_tabular_independent_mc,1,0.018059044723890357,7.445031499955803,True,accepted_return_check_disabled,0.1,1,3.3903694866938306e-11,-0.00036711898371032787,100,5.0,0.0007080078125000013,1.1535363770394923e-05,0.4180063291139243,0.0005909937636950678,0.000704014074326369,-0.00030001442079749324
T-L,SA,mc_learned_baseline,False,44,187,133144,47872,47872,0,0,37400,66572,266288,262144,1.0429687500000004,1.0470000000000002,1.0466380102948345,1.465557292301689e-05,7.718189561660032e-06,public_state_tabular_independent_mc,1,0.017708264667059024,7.481828800053336,True,accepted_return_check_disabled,0.1,1,4.2304696227012897e-11,-0.000554396290679989,100,5.0,0.0010620117187500019,1.6907287513675183e-05,0.29770460358056183,0.0012636701917282463,0.001199201603760297,-0.0009620048958351728
T-L,SA,mc_learned_baseline,False,44,188,133856,48128,48128,0,0,37600,66928,267712,262144,1.0500000000000003,1.0470000000000002,1.047044476179576,0.0004064658847415803,2.3355593595909516e-05,public_state_tabular_independent_mc,0,0.015859653641481973,7.517225599964149,True,accepted_return_check_disabled,0.1,1,5.979614471464514e-14,-2.6020235742955513e-05,100,5.0,2.4719238281248755e-05,6.9493078401223575e-06,0.980224609375001,0.0029303739596174376,0.004877165828437211,-0.0025960346831377036
T-L,SA,mc_learned_baseline,False,44,189,134568,48384,48384,0,0,37800,67284,269136,262144,1.0429687500000002,1.05,1.047064404959072,1.992877949597016e-05,3.835392600274955e-06,public_state_tabular_independent_mc,1,0.015533161639650711,7.555672200047411,True,accepted_return_check_disabled,0.1,1,3.982721591732894e-11,-0.000555860893555575,100,5.0,0.0010620117187500019,2.410685111505841e-05,0.29770460358056183,0.0008162813186008385,0.0006913595942568286,-0.0005200047143338437
T-L,SA,mc_learned_baseline,False,44,190,135280,48640,48640,0,0,38000,67640,270560,262144,1.0476562500000002,1.05,1.0470911155789915,2.6710619919434464e-05,2.6627992641156116e-06,public_state_tabular_independent_mc,1,0.015203608852997895,7.591047000023536,True,accepted_return_check_disabled,0.1,1,1.8536241805146324e-11,-0.00018471986455290848,100,5.0,0.00035400390625000064,1.4341118268343748e-05,0.6155422840019975,0.0006504456051665069,0.0005073605920224626,-0.0003300592351511454
T-L,SA,mc_learned_baseline,False,44,191,135992,48896,48896,0,0,38200,67996,271984,262144,1.0500000000000003,1.0470000000000002,1.0470905422737422,-5.733052492740143e-07,4.717883475456207e-11,public_state_tabular_independent_mc,1,0.01520618597141575,7.628858800046146,True,accepted_return_check_disabled,0.1,1,7.591418851185492e-12,1.486971375094413e-11,100,5.0,2.465190328815662e-32,4.065118514653823e-06,1.0,0.00034182053386187187,3.3840121127388474e-09,-1.8102706591802556e-06
T-L,SA,mc_learned_baseline,False,44,192,136704,49152,49152,0,0,38400,68352,273408,262144,1.0476562500000002,1.05,1.0471739480435127,8.340576977050596e-05,1.0183339691503415e-06,public_state_tabular_independent_mc,0,0.014830276279882783,7.6661282000131905,True,accepted_return_check_disabled,0.1,1,2.55284734435663e-13,-0.0001828563789925652,100,5.0,0.00034881591796874994,6.508271114883285e-06,0.619443982020976,0.0001002630967798295,0.00020549201940339495,0.0002398106791803827
T-L,SA,mc_learned_baseline,False,44,193,137416,49408,49408,0,0,38600,68708,274832,262144,1.0453125000000003,1.05,1.0472543884926668,8.044044915411774e-05,9.748218654862477e-07,public_state_tabular_independent_mc,0,0.014465920729905721,7.704233700060286,True,accepted_return_check_disabled,0.1,1,2.324855785086318e-12,-0.00035821132077090337,100,5.0,0.0006948852539062498,2.387605700058474e-05,0.42468354430379807,9.820782807211633e-05,0.00019627418344313094,0.0002326255652909192
T-L,SA,mc_learned_baseline,False,44,194,138128,49664,49664,0,0,38800,69064,276256,262144,1.0453125000000003,1.05,1.047282230846486,2.7842353819140797e-05,2.0748443741880835e-06,public_state_tabular_independent_mc,1,0.014152432711778042,7.742501699947752,True,accepted_return_check_disabled,0.1,1,2.66097896750077e-12,-0.00037083521995497266,100,5.0,0.0007080078125000013,3.2165934772183576e-05,0.4180063291139242,0.0005507557917758572,0.0004011180592892355,-0.0002288460752717405
T-L,SA,mc_learned_baseline,False,44,195,138840,49920,49920,0,0,39000,69420,277680,262144,1.0500000000000003,1.05,1.047282521807768,2.9096128195682525e-07,1.2759185435531751e-11,public_state_tabular_independent_mc,1,0.014151125101291996,7.780388999963179,True,accepted_return_check_disabled,0.1,1,2.3466341283468432e-11,1.3005576284160494e-12,100,5.0,2.465190328815662e-32,3.5385836344922083e-06,1.0,0.00033877018818865407,3.2368271451270114e-10,-5.457429858070436e-07
T-L,SA,mc_learned_baseline,False,44,196,139552,50176,50176,0,0,39200,69776,279104,262144,1.0500000000000003,1.0233,1.0472828122060218,2.903982538882133e-07,1.2711226424290588e-11,public_state_tabular_independent_mc,1,0.014149819996793572,7.815005999989808,True,accepted_return_check_disabled,0.1,1,2.333491499051958e-11,1.286416160219485e-12,100,5.0,2.465190328815662e-32,3.5378098633075413e-06,1.0,0.00033873279658361803,3.201985003312068e-10,-5.427668390334739e-07
T-L,SA,mc_learned_baseline,False,44,197,140264,50432,50432,0,0,39400,70132,280528,262144,1.0500000000000003,1.0470000000000002,1.0474342493515583,0.00015143714553644827,3.59230652129552e-06,public_state_tabular_independent_mc,0,0.013465856970869121,7.855027899960987,True,accepted_return_check_disabled,0.1,1,6.89367798403988e-11,-2.8910831994191884e-06,100,5.0,2.7465820312496886e-06,5.176315565677896e-08,0.9978027343750002,0.0002474178166576671,0.0007260415533274874,9.073786413577934e-05
T-L,SA,mc_learned_baseline,False,44,198,140976,50688,50688,0,0,39600,70488,281952,262144,1.0500000000000003,1.05,1.047434324761157,7.540959878760134e-08,9.081478919947514e-13,public_state_tabular_independent_mc,1,0.013465514672186724,7.896119700046256,True,accepted_return_check_disabled,0.1,1,3.934239712471474e-12,6.530495735092829e-12,100,5.0,2.465190328815662e-32,3.145844196333672e-06,1.0,0.0003190099520526192,1.7246400691678977e-09,1.2213132172708407e-06
T-L,SA,mc_learned_baseline,False,44,199,141688,50944,50944,0,0,39800,70844,283376,262144,1.0500000000000003,1.05,1.0477229859339756,0.00028866117281856063,1.441237354350901e-05,public_state_tabular_independent_mc,0,0.012141947494631945,7.935482400003821,True,accepted_return_check_disabled,0.1,1,2.5245840801060165e-10,-1.156433243688048e-05,100,5.0,1.0986328124998754e-05,2.3784852388373744e-06,0.991210937500001,0.0017272231249406411,0.003027385298325858,-0.0014070007913211432
T-L,SA,mc_learned_baseline,False,44,200,142400,51200,51200,0,0,40000,71200,284800,262144,1.0500000000000003,1.05,1.0477226420884547,-3.438455209447966e-07,2.1297589034704593e-11,public_state_tabular_independent_mc,1,0.01214354055689084,7.973907700041309,True,accepted_return_check_disabled,0.1,1,1.558692568984084e-11,2.977939524691192e-13,100,5.0,2.465190328815662e-32,2.463524996663029e-06,1.0,0.0002862505146999003,8.89566295625402e-11,-2.61603589966331e-07
T-L,SA,mc_learned_baseline,False,44,201,143112,51456,51456,0,0,40200,71556,286224,262144,1.0476562500000002,1.05,1.0477480327216808,2.5390633226152204e-05,1.4803953689983863e-06,public_state_tabular_independent_mc,1,0.011874869940179446,8.012041699956171,True,accepted_return_check_disabled,0.1,1,2.1357479167309585e-13,-0.00018558435424907582,100,5.0,0.00035400390625000064,2.1511684441676574e-05,0.6155422840019974,0.00042657746981618604,0.0002899500402008258,-0.00014054772858557952
T-L,SA,mc_learned_baseline,False,44,202,143824,51712,51712,0,0,40400,71912,287648,262144,1.0500000000000003,1.05,1.0479004139376493,0.00015238121596850007,4.353690090323464e-06,public_state_tabular_independent_mc,0,0.011171802315859746,8.051097900024615,True,accepted_return_check_disabled,0.1,1,5.494282536077723e-12,-2.891138975384289e-06,100,5.0,2.7465820312496886e-06,1.3352129221601533e-08,0.9978027343750002,0.0003574477036825588,0.0008897050099271821,-5.962995396510261e-05
T-L,SA,mc_learned_baseline,False,44,203,144536,51968,51968,0,0,40600,72268,289072,262144,1.0500000000000003,1.044,1.048053586414259,0.00015317247660973088,4.74181289139062e-06,public_state_tabular_independent_mc,0,0.010456402658870365,8.090396699961275,True,accepted_return_check_disabled,0.1,1,7.716198771152949e-11,-2.8910821188416444e-06,100,5.0,2.7465820312496886e-06,4.782619457728621e-08,0.9978027343750002,0.0004094557130704556,0.0009651352298273528,-0.00013077710427111973
T-L,SA,mc_learned_baseline,False,44,204,145248,52224,52224,0,0,40800,72624,290496,262144,1.0476562500000002,1.05,1.0481089843455562,5.539793129716308e-05,6.491434361019616e-07,public_state_tabular_independent_mc,0,0.010195384938541914,8.130453199963085,True,accepted_return_check_disabled,0.1,1,1.3432623010312023e-13,-0.00018280779466778554,100,5.0,0.00034881591796875005,1.4072217264868053e-05,0.6194439820209758,9.464512304087398e-05,0.00013100007507412572,0.00016477032934076425
T-L,SA,mc_learned_baseline,False,44,205,145960,52480,52480,0,0,41000,72980,291920,262144,1.0500000000000003,1.05,1.0481092447913118,2.604457556287798e-07,1.4490697033010048e-11,public_state_tabular_independent_mc,1,0.010194154832545895,8.170704600051977,True,accepted_return_check_disabled,0.1,1,9.330027111927516e-12,3.068219781348301e-13,100,5.0,2.465190328815662e-32,1.681587738853051e-06,1.0,0.0002521717140396291,1.1314592815106923e-10,2.707460715663762e-07
T-L,SA,mc_learned_baseline,False,44,206,146672,52736,52736,0,0,41200,73336,293344,262144,1.0500000000000003,1.044,1.0482596279669756,0.0001503831756637375,5.110850247464778e-06,public_state_tabular_independent_mc,0,0.009479062782694605,8.206960699986666,True,accepted_return_check_disabled,0.1,1,6.930206549603344e-11,-2.8911097061987207e-06,100,5.0,2.7465820312496886e-06,1.327872935448368e-07,0.9978027343750002,0.0004831415498867141,0.0010595347103347526,-0.00023073187996920522
T-L,SA,mc_learned_baseline,False,44,207,147384,52992,52992,0,0,41400,73692,294768,262144,1.0500000000000003,1.0470000000000002,1.0484100043808098,0.00015037641383419675,5.5916631738877866e-06,public_state_tabular_independent_mc,0,0.008753786208034207,8.244698600028642,True,accepted_return_check_disabled,0.1,1,1.1215443242257388e-11,-2.891124057734663e-06,100,5.0,2.7465820312496886e-06,2.2097931322447758e-07,0.9978027343750002,0.0005602321292354194,0.001156883467985768,-0.0003267676666185111
T-L,SA,mc_learned_baseline,False,44,208,148096,53248,53248,0,0,41600,74048,296192,262144,1.0500000000000003,1.0470000000000002,1.0484098442999925,-1.6008081726859302e-07,6.537441549394279e-12,public_state_tabular_independent_mc,1,0.008754564066353308,8.280727899982594,True,accepted_return_check_disabled,0.1,1,9.75054460967906e-12,1.4495741220560185e-13,100,5.0,2.465190328815662e-32,1.1751988002000513e-06,1.0,0.00021430994289963135,6.401789759158336e-11,1.8636050664540326e-07
T-L,SA,mc_learned_baseline,False,44,209,148808,53504,53504,0,0,41800,74404,297616,262144,1.0476562500000002,1.05,1.0484281789248926,1.833462490008486e-05,9.357374635835164e-07,public_state_tabular_independent_mc,1,0.008556854107797308,8.317885800031945,True,accepted_return_check_disabled,0.1,1,5.0934884758187435e-12,-0.00018626768378978524,100,5.0,0.00035400390625000064,2.5607952218485977e-05,0.6155422840019975,0.00029255884627170484,0.00018399612151080163,-7.804233795733544e-05
T-L,SA,mc_learned_baseline,False,44,210,149520,53760,53760,0,0,42000,74760,299040,262144,1.0500000000000003,1.05,1.0484281877212773,8.79638473172406e-09,1.963692400928212e-14,public_state_tabular_independent_mc,1,0.008556811797152807,8.357919699978083,True,accepted_return_check_disabled,0.1,1,6.796221486894358e-12,2.6745350618558905e-12,100,5.0,2.465190328815662e-32,1.147525403091391e-06,1.0,0.00022278358520924142,1.2170161241888185e-09,-8.16557865867013e-07
T-L,SA,mc_learned_baseline,False,44,211,150232,54016,54016,0,0,42200,75116,300464,262144,1.0476562500000002,1.05,1.0484475736989984,1.938597772110917e-05,8.418808707784947e-07,public_state_tabular_independent_mc,1,0.008361940187960881,8.398292600060813,True,accepted_return_check_disabled,0.1,1,9.902510869400384e-12,-0.00018630639190940954,100,5.0,0.00035400390625000064,3.141416819920178e-05,0.6155422840019977,0.00028038415437299107,0.0001672840546701386,-5.841829420182688e-05
T-L,SA,mc_learned_baseline,False,44,212,150944,54272,54272,0,0,42400,75472,301888,262144,1.0500000000000003,1.05,1.0484476102391882,3.65401897628459e-08,3.3708232382730315e-13,public_state_tabular_independent_mc,1,0.008361766100324968,8.44165970000904,True,accepted_return_check_disabled,0.1,1,9.34283631921874e-15,9.992927690406209e-14,100,5.0,2.465190328815662e-32,1.1183583518214834e-06,1.0,0.00022823313959000226,4.6857234450278545e-11,1.6028674846606182e-07
T-L,SA,mc_learned_baseline,False,44,213,151656,54528,54528,0,0,42600,75828,303312,262144,1.0500000000000003,1.05,1.0484476369241869,2.668499865521312e-08,1.7978428825248954e-13,public_state_tabular_independent_mc,1,0.008361638965148136,8.478761999984272,True,accepted_return_check_disabled,0.1,1,3.956169337562797e-15,1.0110489157608331e-13,100,5.0,2.465190328815662e-32,1.1183037554541445e-06,1.0,0.00022822713047563364,4.7409649206642686e-11,1.6122658344706538e-07
T-L,SA,mc_learned_baseline,False,44,214,152368,54784,54784,0,0,42800,76184,304736,262144,1.0500000000000003,1.05,1.048447656473988,1.9549801111296006e-08,9.649564763058765e-14,public_state_tabular_independent_mc,1,0.008361545823928196,8.514665700029582,True,accepted_return_check_disabled,0.1,1,3.180577141627412e-14,1.0196746857048705e-13,100,5.0,2.465190328815662e-32,1.1182638850217845e-06,1.0,0.00022822274231472657,4.781498253787837e-11,1.6191269061321338e-07
T-L,SA,mc_learned_baseline,False,44,215,153080,55040,55040,0,0,43000,76540,306160,262144,1.0429687500000004,1.05,1.048491440190998,4.378371700997086e-05,4.941135836299975e-07,public_state_tabular_independent_mc,0,0.008152380251778729,8.551773700048216,True,accepted_return_check_disabled,0.1,1,1.700866154201945e-12,-0.0005454462152712511,100,5.0,0.0010409545898437506,7.17611257151691e-05,0.3057800511508958,9.422024056313372e-05,9.966021896927444e-05,0.00013416170226570234
T-L,SA,mc_learned_baseline,False,44,216,153792,55296,55296,0,0,43200,76896,307584,262144,1.0500000000000003,1.05,1.0484913900998831,-5.009111481157902e-08,6.524753008104097e-13,public_state_tabular_independent_mc,1,0.008152619992925879,8.588912399951369,True,accepted_return_check_disabled,0.1,1,1.1304943257368904e-11,2.7015415066488736e-12,100,5.0,2.465190328815662e-32,1.0537767546285733e-06,1.0,0.00022148214662677938,1.3052629057485187e-09,8.325154146184627e-07
T-L,SA,mc_learned_baseline,False,44,217,154504,55552,55552,0,0,43400,77252,309008,262144,1.0500000000000003,1.0470000000000002,1.048646234549025,0.00015484444914193318,6.71395133346217e-06,public_state_tabular_independent_mc,0,0.007405214182658373,8.625351800001226,True,accepted_return_check_disabled,0.1,1,6.968488136476988e-12,-2.891138978093775e-06,100,5.0,2.7465820312496886e-06,4.0117932346399515e-07,0.9978027343750002,0.0007565044592864423,0.0013967428842268604,-0.0005341828454398954
T-L,SA,mc_learned_baseline,False,44,218,155216,55808,55808,0,0,43600,77608,310432,262144,1.0476562500000002,1.05,1.0486841714316686,3.793688264353001e-05,4.268827963691895e-07,public_state_tabular_independent_mc,0,0.007220081697087427,8.66446909995284,True,accepted_return_check_disabled,0.1,1,4.033418850530198e-13,-0.00018115160306859154,100,5.0,0.0003515624999999994,3.058832341331148e-05,0.6179457299816888,8.443477090936495e-05,8.605524047798968e-05,0.00011638441962656492
T-L,SA,mc_learned_baseline,False,44,219,155928,56064,56064,0,0,43800,77964,311856,262144,1.0500000000000003,1.05,1.048684094405847,-7.702582149882176e-08,1.7771243562797618e-12,public_state_tabular_independent_mc,1,0.0072204584292426596,8.7012169000227,True,accepted_return_check_disabled,0.1,1,2.7729124629710046e-12,3.957397309041578e-14,100,5.0,2.465190328815662e-32,7.928317882813186e-07,1.0,0.0001954462684351972,2.2062845715392077e-11,1.0098019418090375e-07
T-L,SA,mc_learned_baseline,False,44,220,156640,56320,56320,0,0,44000,78320,313280,262144,1.0500000000000003,1.0470000000000002,1.048684024711911,-6.969393617772823e-08,1.4547774453371186e-12,public_state_tabular_independent_mc,1,0.007220799298261565,8.738889600033872,True,accepted_return_check_disabled,0.1,1,2.3611978065587615e-12,3.918114877115992e-14,100,5.0,2.465190328815662e-32,7.929286563201809e-07,1.0,0.00019545747630461853,2.184249996674426e-11,1.0047784022506368e-07
T-L,SA,mc_learned_baseline,False,44,221,157352,56576,56576,0,0,44200,78676,314704,262144,1.0476562500000002,1.0470000000000002,1.0487005005199248,1.647580801389381e-05,6.615594770264869e-07,public_state_tabular_independent_mc,1,0.007054960227095516,8.77786599996034,True,accepted_return_check_disabled,0.1,1,7.726404241359408e-12,-0.0001865309694317547,100,5.0,0.00035400390625000064,3.744208867856332e-05,0.6155422840019975,0.00023419139263722313,0.0001310996815691135,-3.862375201215364e-05
T-L,SA,mc_learned_baseline,False,44,222,158064,56832,56832,0,0,44400,79032,316128,262144,1.0476562500000002,1.05,1.0487369659222852,3.646540236035278e-05,4.04679797127483e-07,public_state_tabular_independent_mc,0,0.006877921699092124,8.81361209996976,True,accepted_return_check_disabled,0.1,1,9.53611343741347e-14,-0.00018264591909700927,100,5.0,0.00034881591796874994,3.024561105718218e-05,0.619443982020976,8.746440967242762e-05,8.166225627816536e-05,0.00011303100710067824
T-L,SA,mc_learned_baseline,False,44,223,158776,57088,57088,0,0,44600,79388,317552,262144,1.0500000000000003,1.05,1.0487369209867285,-4.4935556609004834e-08,6.206465856434261e-13,public_state_tabular_independent_mc,1,0.00687814034719231,8.849902800051495,True,accepted_return_check_disabled,0.1,1,9.936729176815705e-12,1.8893157375926925e-12,100,5.0,2.465190328815662e-32,7.278328485843546e-07,1.0,0.00019450510792803376,1.1182450359884658e-09,7.087509073147211e-07
T-L,SA,mc_learned_baseline,False,44,224,159488,57344,57344,0,0,44800,79744,318976,262144,1.0500000000000003,1.044,1.048893706490254,0.00015678550352538068,8.278264760338601e-06,public_state_tabular_independent_mc,0,0.006107513701102444,8.88998099998571,True,accepted_return_check_disabled,0.1,1,9.927844568973076e-11,-2.8911154563754024e-06,100,5.0,2.7465820312496886e-06,6.506799232903571e-07,0.9978027343750002,0.0010354965517540755,0.001720914304129871,-0.0008402761837034522
T-L,SA,mc_learned_baseline,False,44,225,160200,57600,57600,0,0,45000,80100,320400,262144,1.0476562500000002,1.05,1.0489245036293626,3.079713910869586e-05,3.414977860480666e-07,public_state_tabular_independent_mc,0,0.005954215569421917,8.928387499996461,True,accepted_return_check_disabled,0.1,1,8.122270164010544e-14,-0.0001825873856654634,100,5.0,0.00034881591796874983,3.0564448845331034e-05,0.619443982020976,7.697704004321921e-05,6.891233331602995e-05,9.551896728529504e-05
T-L,SA,mc_learned_baseline,False,44,226,160912,57856,57856,0,0,45200,80456,321824,262144,1.0500000000000003,1.0470000000000002,1.0489243751909862,-1.28438376378881e-07,5.998159253790182e-12,public_state_tabular_independent_mc,1,0.005954856285280577,8.967481900006533,True,accepted_return_check_disabled,0.1,1,2.350017212098124e-12,2.3933486386932074e-13,100,5.0,2.465190328815662e-32,5.194779137962315e-07,1.0,0.0001682822784231011,1.6786147178962796e-10,-2.530234010447843e-07
T-L,SA,mc_learned_baseline,False,44,227,161624,58112,58112,0,0,45400,80812,323248,262144,1.0453125000000003,1.0470000000000002,1.048938231150381,1.3855959394737383e-05,5.045859288225355e-07,public_state_tabular_independent_mc,1,0.0058169195486159715,9.005642600008287,True,accepted_return_check_disabled,0.1,1,8.889774973433216e-15,-0.0003735409475939439,100,5.0,0.0007080078125000013,8.784942118770867e-05,0.41800632911392444,0.00019183720001006706,0.00010052677374429344,-2.3789314482757027e-05
T-L,SA,mc_learned_baseline,False,44,228,162336,58368,58368,0,0,45600,81168,324672,262144,1.0476562500000002,1.05,1.0489524806451302,1.4249494749263292e-05,4.700481474006087e-07,public_state_tabular_independent_mc,1,0.005681553733653278,9.042879599961452,True,accepted_return_check_disabled,0.1,1,6.645409647510835e-12,-0.00018674359913916136,100,5.0,0.00035400390625000064,5.160568492738462e-05,0.6155422840019975,0.00018769399970745948,9.407421901287101e-05,-1.6100713755918367e-05
T-L,SA,mc_learned_baseline,False,44,229,163048,58624,58624,0,0,45800,81524,326096,262144,1.0476562500000002,1.05,1.0489667244953262,1.4243850195994057e-05,4.466130741965954e-07,public_state_tabular_independent_mc,1,0.005549007963727144,9.082528700004332,True,accepted_return_check_disabled,0.1,1,2.4667608341025006e-12,-0.0001867640095894833,100,5.0,0.00035400390625000064,5.9452191499594745e-05,0.6155422840019975,0.00018565569442424666,8.91567445665182e-05,-1.102911065346452e-05
T-L,SA,mc_learned_baseline,False,44,230,163760,58880,58880,0,0,46000,81880,327520,262144,1.0476562500000002,1.05,1.048981039240873,1.4314745546695207e-05,4.2408923379929767e-07,public_state_tabular_independent_mc,1,0.005419196080429492,9.124085300019942,True,accepted_return_check_disabled,0.1,1,4.3819786105474e-12,-0.00018678358401239627,100,5.0,0.00035400390625000064,6.789769127937629e-05,0.6155422840019975,0.00018379343651397521,8.471914330728931e-05,-6.438207680797156e-06
T-L,SA,mc_learned_baseline,False,44,231,164472,59136,59136,0,0,46200,82236,328944,262144,1.0476562500000002,1.0470000000000002,1.0489956505069142,1.461126604129781e-05,4.0011814241157336e-07,public_state_tabular_independent_mc,1,0.005291931290319394,9.16226250003092,True,accepted_return_check_disabled,0.1,1,3.711640892687902e-12,-0.0001868025153450692,100,5.0,0.00035400390625000064,7.68907023996037e-05,0.6155422840019977,0.00018100730048139984,8.031649079675597e-05,-1.2554749948804787e-06
T-L,SA,mc_learned_baseline,False,44,232,165184,59392,59392,0,0,46400,82592,330368,262144,1.0500000000000003,1.05,1.048995613236262,-3.727065234215843e-08,5.023815353072113e-13,public_state_tabular_independent_mc,1,0.005292109153522355,9.198858199990354,True,accepted_return_check_disabled,0.1,1,5.750699460926434e-14,5.3961007047124815e-14,100,5.0,2.465190328815662e-32,4.4963582736400415e-07,1.0,0.00018184648230354302,4.3971454199376116e-11,-1.2980726721454874e-07
T-L,SA,mc_learned_baseline,False,44,233,165896,59648,59648,0,0,46600,82948,331792,262144,1.0500000000000003,1.0470000000000002,1.0489955993502549,-1.3886007010910362e-08,6.977187141621541e-14,public_state_tabular_independent_mc,1,0.005292175420145388,9.23580360005144,True,accepted_return_check_disabled,0.1,1,3.875961074286591e-14,5.2167180854577326e-14,100,5.0,2.465190328815662e-32,4.496710893441879e-07,1.0,0.00018185066065429497,4.2508032094837335e-11,-1.2763069468879455e-07
T-L,SA,mc_learned_baseline,False,44,234,166608,59904,59904,0,0,46800,83304,333216,262144,1.0500000000000003,1.05,1.0489955942562763,-5.093978572290325e-09,9.442955571354452e-15,public_state_tabular_independent_mc,1,0.005292199729529841,9.272643000003882,True,accepted_return_check_disabled,0.1,1,1.3049826212076584e-13,5.150582067505603e-14,100,5.0,2.465190328815662e-32,4.4968422733107847e-07,1.0,0.00018185221643251206,4.196851028950625e-11,-1.2681880585357646e-07
T-L,SA,mc_learned_baseline,False,44,235,167320,60160,60160,0,0,47000,83660,334640,262144,1.0500000000000003,1.0470000000000002,1.0489955923788838,-1.877392463711658e-09,1.272257808537549e-15,public_state_tabular_independent_mc,1,0.00529220868878079,9.317054599989206,True,accepted_return_check_disabled,0.1,1,1.7748962943942849e-13,5.1264157839973914e-14,100,5.0,2.465190328815662e-32,4.4968904695236555e-07,1.0,0.00018185278702879205,4.1771370608082205e-11,-1.265208411025378e-07
T-L,SA,mc_learned_baseline,False,44,236,168032,60416,60416,0,0,47200,84016,336064,262144,1.0500000000000003,1.0470000000000002,1.0491599010432686,0.00016430866438477132,1.1060694984304793e-05,public_state_tabular_independent_mc,0,0.004497879716866099,9.35635060002096,True,accepted_return_check_disabled,0.1,1,5.98087714316553e-14,-2.891138957751541e-06,100,5.0,2.7465820312496886e-06,9.787448352080956e-07,0.9978027343750002,0.001587334541210539,0.0023553549021580783,-0.001405607954913545
T-L,SA,mc_learned_baseline,False,44,237,168744,60672,60672,0,0,47400,84372,337488,262144,1.0500000000000003,1.05,1.0491597315157044,-1.6952756420884896e-07,1.2565826847771683e-11,public_state_tabular_independent_mc,1,0.004498710505229569,9.401754899998195,True,accepted_return_check_disabled,0.1,1,4.959690501885954e-12,3.520879371673992e-13,100,5.0,2.465190328815662e-32,3.077296232103036e-07,1.0,0.0001540285596761424,3.473299938638805e-10,-3.3202440775741806e-07
T-L,SA,mc_learned_baseline,False,44,238,169456,60928,60928,0,0,47600,84728,338912,262144,1.0500000000000003,1.05,1.0491595617305518,-1.6978515260390736e-07,1.2601356216602956e-11,public_state_tabular_independent_mc,1,0.004499542531098826,9.438007200020365,True,accepted_return_check_disabled,0.1,1,5.0329669521054044e-12,3.4609891146796363e-13,100,5.0,2.465190328815662e-32,3.0786218043855006e-07,1.0,0.0001540546554680173,3.4134773540034824e-10,-3.2918519098830223e-07
T-L,SA,mc_learned_baseline,False,44,239,170168,61184,61184,0,0,47800,85084,340336,262144,1.0453125000000003,1.05,1.0491825385541613,2.29768236095218e-05,2.3537022982819195e-07,public_state_tabular_independent_mc,0,0.004386717320994027,9.478505700011738,True,accepted_return_check_disabled,0.1,1,7.495784005170738e-14,-0.0003642508851045565,100,5.0,0.0006948852539062503,0.0001338009405186937,0.4246835443037972,7.857453149609675e-05,4.7488873992463935e-05,7.517991772453948e-05
T-L,SA,mc_learned_baseline,False,44,240,170880,61440,61440,0,0,48000,85440,341760,262144,1.0500000000000003,1.05,1.0491825085071464,-3.004701487618888e-08,4.065406391695776e-13,public_state_tabular_independent_mc,1,0.00438686516677166,9.517839799984358,True,accepted_return_check_disabled,0.1,1,2.248101264313467e-13,5.255919673105374e-15,100,5.0,2.465190328815662e-32,2.9028701657149765e-07,1.0,0.0001498730203933831,5.3398087241037116e-12,-4.0533095020699656e-08
T-L,SA,mc_learned_baseline,False,44,241,171592,61696,61696,0,0,48200,85796,343184,262144,1.0500000000000003,1.05,1.049182468973648,-3.953349847485299e-08,7.036556432880136e-13,public_state_tabular_independent_mc,1,0.004387059689394249,9.557719800039195,True,accepted_return_check_disabled,0.1,1,4.4839274308054087e-13,5.638118430736919e-15,100,5.0,2.465190328815662e-32,2.903098286899498e-07,1.0,0.00014987959761465498,5.727880565072768e-12,-4.198116581738088e-08
T-L,SA,mc_learned_baseline,False,44,242,172304,61952,61952,0,0,48400,86152,344608,262144,1.0476562500000002,1.0470000000000002,1.04919428752281,1.1818549161990433e-05,3.057017144757965e-07,public_state_tabular_independent_mc,1,0.004283674107263034,9.59348299994599,True,accepted_return_check_disabled,0.1,1,2.5170874606120312e-12,-0.00018693568507031173,100,5.0,0.00035400390625000064,8.622116852656068e-05,0.6155422840019975,0.00014743293477168282,6.14054145259922e-05,2.4114302084272737e-06
T-L,SA,mc_learned_baseline,False,44,243,173016,62208,62208,0,0,48600,86508,346032,262144,1.0500000000000003,1.05,1.049194319371376,3.184856600668695e-08,4.573113553854408e-13,public_state_tabular_independent_mc,1,0.004283518681217794,9.629080799990334,True,accepted_return_check_disabled,0.1,1,1.2484610483162251e-12,3.7173911374994924e-14,100,5.0,2.465190328815662e-32,2.814362291275489e-07,1.0,0.00015126382495829377,3.891490055363719e-11,-1.0938095217028397e-07
T-L,SA,mc_learned_baseline,False,44,244,173728,62464,62464,0,0,48800,86864,347456,262144,1.0500000000000003,1.05,1.0491943660448326,4.66734566550997e-08,9.821779064131474e-13,public_state_tabular_independent_mc,1,0.004283290905727262,9.671279500005767,True,accepted_return_check_disabled,0.1,1,2.075399952856982e-12,3.861238720197459e-14,100,5.0,2.465190328815662e-32,2.8141242441945716e-07,1.0,0.00015126034307499627,4.0422471102500815e-11,-1.1147793548745326e-07
T-L,SA,mc_learned_baseline,False,44,245,174440,62720,62720,0,0,49000,87220,348880,262144,1.0500000000000003,1.05,1.049194424526893,5.848206030556469e-08,1.5421142408996055e-12,public_state_tabular_independent_mc,1,0.004283005499232878,9.711104899994098,True,accepted_return_check_disabled,0.1,1,2.9028759230333215e-12,4.0764878339015435e-14,100,5.0,2.465190328815662e-32,2.813775409132339e-07,1.0,0.00015125523361143493,4.267853761916675e-11,-1.1454419487104826e-07
T-L,SA,mc_learned_baseline,False,44,246,175152,62976,62976,0,0,49200,87576,350304,262144,1.0500000000000003,1.05,1.049194481234668,5.670777514232839e-08,1.4500866129577134e-12,public_state_tabular_independent_mc,1,0.004282728748769848,9.75368600001093,True,accepted_return_check_disabled,0.1,1,2.8278024065636304e-12,4.353559328363473e-14,100,5.0,2.465190328815662e-32,2.813338347910249e-07,1.0,0.00015124881958617439,4.558289421197502e-11,-1.1837439206084132e-07
T-L,SA,mc_learned_baseline,False,44,247,175864,63232,63232,0,0,49400,87932,351728,262144,1.0500000000000003,1.05,1.0491945215696061,4.0334938056219016e-08,7.336508402463578e-13,public_state_tabular_independent_mc,1,0.00428253190078014,9.794284699950367,True,accepted_return_check_disabled,0.1,1,1.8194823563129584e-12,4.629926418494168e-14,100,5.0,2.465190328815662e-32,2.812914579333944e-07,1.0,0.00015124258709721552,4.84802150717485e-11,-1.2207532988480785e-07
T-L,SA,mc_learned_baseline,False,44,248,176576,63488,63488,0,0,49600,88288,353152,262144,1.0500000000000003,1.05,1.0494853976121945,0.00029087604258837274,5.224870688147787e-05,public_state_tabular_independent_mc,0,0.0028191183614172765,9.831606899970211,True,accepted_return_check_disabled,0.1,1,1.1307554001878706e-11,-1.1564310742653625e-05,100,5.0,1.0986328124998754e-05,7.765013986158146e-06,0.991210937500001,0.010435415776747663,0.012221741137359061,-0.010284302330400716
T-L,SA,mc_learned_baseline,False,44,249,177288,63744,63744,0,0,49800,88644,354576,262144,1.0500000000000003,1.05,1.0494853975702785,-4.1916026205512935e-11,-5.660625193414848e-17,public_state_tabular_independent_mc,1,0.0028191185797505815,9.869609800050966,True,accepted_return_check_disabled,0.1,1,7.697819696025413e-14,9.04462278236638e-15,100,5.0,2.465190328815662e-32,1.062184928807886e-07,1.0,0.00010017052842800338,1.5519761713117743e-11,-5.400988454480674e-08
T-L,SA,mc_learned_baseline,False,44,250,178000,64000,64000,0,0,50000,89000,356000,262144,1.0500000000000003,1.05,1.0496354748341896,0.0001500772639111414,2.1463823057935426e-05,public_state_tabular_independent_mc,0,0.0020187425090194833,9.90727500000503,True,accepted_return_check_disabled,0.1,1,2.5867890842462107e-10,-2.89109121499586e-06,100,5.0,2.7465820312496886e-06,1.7832534413114217e-06,0.9978027343750002,0.004059371885560094,0.004920687960946827,-0.003959255359661413
T-L,SA,mc_learned_baseline,False,44,251,178712,64256,64256,0,0,50200,89356,357424,262144,1.0500000000000003,1.05,1.0496354600753162,-1.4758873456699462e-08,2.3907026368906583e-13,public_state_tabular_independent_mc,1,0.0020188233150998268,9.944192899973132,True,accepted_return_check_disabled,0.1,1,6.876391031186993e-14,4.019403107087556e-15,100,5.0,2.465190328815662e-32,4.899383143494678e-08,1.0,7.380589665719348e-05,1.0280564748190557e-11,-3.602531669360209e-08
T-L,SA,mc_learned_baseline,False,44,252,179424,64512,64512,0,0,50400,89712,358848,262144,1.0500000000000003,1.05,1.0496354454555112,-1.461980492223347e-08,2.3463718488089934e-13,public_state_tabular_independent_mc,1,0.00201890335929885,9.985380099969916,True,accepted_return_check_disabled,0.1,1,6.603730445610441e-14,4.046788286095291e-15,100,5.0,2.465190328815662e-32,4.899835163825452e-08,1.0,7.380861135006924e-05,1.0350109592395409e-11,-3.6147865560835616e-08
T-L,SA,mc_learned_baseline,False,44,253,180136,64768,64768,0,0,50600,90068,360272,262144,1.0500000000000003,1.05,1.0496354309623472,-1.4493164002260528e-08,2.3059613209563944e-13,public_state_tabular_independent_mc,1,0.0020189827096723212,10.021654100040905,True,accepted_return_check_disabled,0.1,1,6.347197774931976e-14,4.074269529027769e-15,100,5.0,2.465190328815662e-32,4.900282946376792e-08,1.0,7.381130163168724e-05,1.0419898146230485e-11,-3.627042842477221e-08
T-L,SA,mc_learned_baseline,False,44,254,180848,65024,65024,0,0,50800,90424,361696,262144,1.0500000000000003,1.05,1.0498216900948887,0.00018625913254144422,6.764906256693853e-05,public_state_tabular_independent_mc,0,0.0009498406361724545,10.059437399962917,True,accepted_return_check_disabled,0.1,1,4.295724811228633e-11,-3.718765852454202e-05,100,5.0,6.594543457030985e-05,6.24767007765214e-05,0.9472436523437522,0.016587531542590572,0.018021767049452842,-0.016513753965911083
T-L,SA,mc_learned_baseline,False,44,255,181560,65280,65280,0,0,51000,90780,363120,262144,1.0500000000000003,1.05,1.0498216900948887,0.0,0.0,public_state_tabular_independent_mc,1,0.0009498406361724545,10.101384800043888,True,accepted_return_check_disabled,0.1,1,0.0,-2.594213194470646e-32,100,5.0,2.465190328815662e-32,9.301079818964456e-09,1.0,4.104608979662253e-05,1.751129163125082e-28,-9.31044729747486e-17
T-L,SA,mc_learned_baseline,False,44,256,182272,65536,65536,0,0,51200,91136,364544,262144,1.0500000000000003,1.05,1.0498216900948887,0.0,0.0,public_state_tabular_independent_mc,1,0.0009498406361724545,10.146963399951346,True,accepted_return_check_disabled,0.1,1,0.0,-2.594213194470646e-32,100,5.0,2.465190328815662e-32,9.301079818964456e-09,1.0,4.104608979662253e-05,1.751129163125082e-28,-9.31044729747486e-17
T-L,SA,mc_learned_baseline,False,44,257,182984,65792,65792,0,0,51400,91492,365968,262144,1.0500000000000003,1.05,1.0498216900948887,0.0,0.0,public_state_tabular_independent_mc,1,0.0009498406361724545,10.186575300060213,True,accepted_return_check_disabled,0.1,1,0.0,-2.594213194470646e-32,100,5.0,2.465190328815662e-32,9.301079818964456e-09,1.0,4.104608979662253e-05,1.751129163125082e-28,-9.31044729747486e-17
T-L,SA,mc_learned_baseline,False,44,258,183696,66048,66048,0,0,51600,91848,367392,262144,1.0500000000000003,1.05,1.0498216900948887,0.0,0.0,public_state_tabular_independent_mc,1,0.0009498406361724545,10.22187390003819,True,accepted_return_check_disabled,0.1,1,0.0,-2.594213194470646e-32,100,5.0,2.465190328815662e-32,9.301079818964456e-09,1.0,4.104608979662253e-05,1.751129163125082e-28,-9.31044729747486e-17
T-L,SA,mc_learned_baseline,False,44,259,184408,66304,66304,0,0,51800,92204,368816,262144,1.0500000000000003,1.05,1.0498216900948887,0.0,0.0,public_state_tabular_independent_mc,1,0.0009498406361724545,10.258733900031075,True,accepted_return_check_disabled,0.1,1,0.0,-2.594213194470646e-32,100,5.0,2.465190328815662e-32,9.301079818964456e-09,1.0,4.104608979662253e-05,1.751129163125082e-28,-9.31044729747486e-17
T-L,SA,mc_learned_baseline,False,44,260,185120,66560,66560,0,0,52000,92560,370240,262144,1.0500000000000003,1.05,1.0498216900948887,0.0,0.0,public_state_tabular_independent_mc,1,0.0009498406361724545,10.294676800025627,True,accepted_return_check_disabled,0.1,1,0.0,-2.594213194470646e-32,100,5.0,2.465190328815662e-32,9.301079818964456e-09,1.0,4.104608979662253e-05,1.751129163125082e-28,-9.31044729747486e-17
T-L,SA,mc_learned_baseline,False,44,261,185832,66816,66816,0,0,52200,92916,371664,262144,1.0500000000000003,1.05,1.0498216900948887,0.0,0.0,public_state_tabular_independent_mc,1,0.0009498406361724545,10.32853509997949,True,accepted_return_check_disabled,0.1,1,0.0,-2.594213194470646e-32,100,5.0,2.465190328815662e-32,9.301079818964456e-09,1.0,4.104608979662253e-05,1.751129163125082e-28,-9.31044729747486e-17
T-L,SA,mc_learned_baseline,False,44,262,186544,67072,67072,0,0,52400,93272,373088,262144,1.0500000000000003,1.05,1.0498216900948887,0.0,0.0,public_state_tabular_independent_mc,1,0.0009498406361724545,10.371240900014527,True,accepted_return_check_disabled,0.1,1,0.0,-2.594213194470646e-32,100,5.0,2.465190328815662e-32,9.301079818964456e-09,1.0,4.104608979662253e-05,1.751129163125082e-28,-9.31044729747486e-17
T-L,SA,mc_learned_baseline,False,44,263,187256,67328,67328,0,0,52600,93628,374512,262144,1.0500000000000003,1.05,1.0498216900948887,0.0,0.0,public_state_tabular_independent_mc,1,0.0009498406361724545,10.408995499950834,True,accepted_return_check_disabled,0.1,1,0.0,-2.594213194470646e-32,100,5.0,2.465190328815662e-32,9.301079818964456e-09,1.0,4.104608979662253e-05,1.751129163125082e-28,-9.31044729747486e-17
T-L,SA,mc_learned_baseline,False,44,264,187968,67584,67584,0,0,52800,93984,375936,262144,1.0500000000000003,1.05,1.0498216900948887,0.0,0.0,public_state_tabular_independent_mc,1,0.0009498406361724545,10.44537810003385,True,accepted_return_check_disabled,0.1,1,0.0,-2.594213194470646e-32,100,5.0,2.465190328815662e-32,9.301079818964456e-09,1.0,4.104608979662253e-05,1.751129163125082e-28,-9.31044729747486e-17
T-L,SA,mc_learned_baseline,False,44,265,188680,67840,67840,0,0,53000,94340,377360,262144,1.0500000000000003,1.05,1.0498216900948887,0.0,0.0,public_state_tabular_independent_mc,1,0.0009498406361724545,10.484863199992105,True,accepted_return_check_disabled,0.1,1,0.0,-2.594213194470646e-32,100,5.0,2.465190328815662e-32,9.301079818964456e-09,1.0,4.104608979662253e-05,1.751129163125082e-28,-9.31044729747486e-17
T-L,SA,mc_learned_baseline,False,44,266,189392,68096,68096,0,0,53200,94696,378784,262144,1.0500000000000003,1.05,1.0498216900948887,0.0,0.0,public_state_tabular_independent_mc,1,0.0009498406361724545,10.5220497000264,True,accepted_return_check_disabled,0.1,1,0.0,-2.594213194470646e-32,100,5.0,2.465190328815662e-32,9.301079818964456e-09,1.0,4.104608979662253e-05,1.751129163125082e-28,-9.31044729747486e-17
T-L,SA,mc_learned_baseline,False,44,267,190104,68352,68352,0,0,53400,95052,380208,262144,1.0500000000000003,1.05,1.0498216900948887,0.0,0.0,public_state_tabular_independent_mc,1,0.0009498406361724545,10.561485499958508,True,accepted_return_check_disabled,0.1,1,0.0,-2.594213194470646e-32,100,5.0,2.465190328815662e-32,9.301079818964456e-09,1.0,4.104608979662253e-05,1.751129163125082e-28,-9.31044729747486e-17
T-L,SA,mc_learned_baseline,False,44,268,190816,68608,68608,0,0,53600,95408,381632,262144,1.0500000000000003,1.05,1.0498216900948887,0.0,0.0,public_state_tabular_independent_mc,1,0.0009498406361724545,10.600425699958578,True,accepted_return_check_disabled,0.1,1,0.0,-2.594213194470646e-32,100,5.0,2.465190328815662e-32,9.301079818964456e-09,1.0,4.104608979662253e-05,1.751129163125082e-28,-9.31044729747486e-17
T-L,SA,mc_learned_baseline,False,44,269,191528,68864,68864,0,0,53800,95764,383056,262144,1.0500000000000003,1.05,1.0498216900948887,0.0,0.0,public_state_tabular_independent_mc,1,0.0009498406361724545,10.640882899984717,True,accepted_return_check_disabled,0.1,1,0.0,-2.594213194470646e-32,100,5.0,2.465190328815662e-32,9.301079818964456e-09,1.0,4.104608979662253e-05,1.751129163125082e-28,-9.31044729747486e-17
T-L,SA,mc_learned_baseline,False,44,270,192240,69120,69120,0,0,54000,96120,384480,262144,1.0476562500000002,1.05,1.0498235758502072,1.8857553185647191e-06,4.7018141413579004e-08,public_state_tabular_independent_mc,1,0.0009292743409841331,10.680461399955675,True,accepted_return_check_disabled,0.1,1,2.1252121452340184e-12,-0.00018728767398328253,100,5.0,0.00035400390625000064,9.623030335533806e-05,0.6155422840019975,4.0250006479726006e-05,9.450643632801845e-06,7.960833168034234e-07
T-L,SA,mc_learned_baseline,False,44,271,192952,69376,69376,0,0,54200,96476,385904,262144,1.0500000000000003,1.05,1.0498235758502072,0.0,0.0,public_state_tabular_independent_mc,1,0.0009292743409841331,10.722461299970746,True,accepted_return_check_disabled,0.1,1,0.0,-2.594727566831976e-32,100,5.0,2.465190328815662e-32,9.076477507729185e-09,1.0,4.122656157975457e-05,1.7143833448988678e-28,-9.20452363317366e-17
T-L,SA,mc_learned_baseline,False,44,272,193664,69632,69632,0,0,54400,96832,387328,262144,1.0500000000000003,1.05,1.0498235758502072,0.0,0.0,public_state_tabular_independent_mc,1,0.0009292743409841331,10.763254399993457,True,accepted_return_check_disabled,0.1,1,0.0,-2.594727566831976e-32,100,5.0,2.465190328815662e-32,9.076477507729185e-09,1.0,4.122656157975457e-05,1.7143833448988678e-28,-9.20452363317366e-17
T-L,SA,mc_learned_baseline,False,44,273,194376,69888,69888,0,0,54600,97188,388752,262144,1.0500000000000003,1.05,1.0498235758502072,0.0,0.0,public_state_tabular_independent_mc,1,0.0009292743409841331,10.802974399994127,True,accepted_return_check_disabled,0.1,1,0.0,-2.594727566831976e-32,100,5.0,2.465190328815662e-32,9.076477507729185e-09,1.0,4.122656157975457e-05,1.7143833448988678e-28,-9.20452363317366e-17
T-L,SA,mc_learned_baseline,False,44,274,195088,70144,70144,0,0,54800,97544,390176,262144,1.0500000000000003,1.05,1.0498235758502072,0.0,0.0,public_state_tabular_independent_mc,1,0.0009292743409841331,10.840604400029406,True,accepted_return_check_disabled,0.1,1,0.0,-2.594727566831976e-32,100,5.0,2.465190328815662e-32,9.076477507729185e-09,1.0,4.122656157975457e-05,1.7143833448988678e-28,-9.20452363317366e-17
T-L,SA,mc_learned_baseline,False,44,275,195800,70400,70400,0,0,55000,97900,391600,262144,1.0500000000000003,1.05,1.0498235758502072,0.0,0.0,public_state_tabular_independent_mc,1,0.0009292743409841331,10.877024800051004,True,accepted_return_check_disabled,0.1,1,0.0,-2.594727566831976e-32,100,5.0,2.465190328815662e-32,9.076477507729185e-09,1.0,4.122656157975457e-05,1.7143833448988678e-28,-9.20452363317366e-17
T-L,SA,mc_learned_baseline,False,44,276,196512,70656,70656,0,0,55200,98256,393024,262144,1.0500000000000003,1.05,1.0498235758502072,0.0,0.0,public_state_tabular_independent_mc,1,0.0009292743409841331,10.91467810003087,True,accepted_return_check_disabled,0.1,1,0.0,-2.594727566831976e-32,100,5.0,2.465190328815662e-32,9.076477507729185e-09,1.0,4.122656157975457e-05,1.7143833448988678e-28,-9.20452363317366e-17
T-L,SA,mc_learned_baseline,False,44,277,197224,70912,70912,0,0,55400,98612,394448,262144,1.0500000000000003,1.05,1.0498235758502072,0.0,0.0,public_state_tabular_independent_mc,1,0.0009292743409841331,10.954661999945529,True,accepted_return_check_disabled,0.1,1,0.0,-2.594727566831976e-32,100,5.0,2.465190328815662e-32,9.076477507729185e-09,1.0,4.122656157975457e-05,1.7143833448988678e-28,-9.20452363317366e-17
T-L,SA,mc_learned_baseline,False,44,278,197936,71168,71168,0,0,55600,98968,395872,262144,1.0500000000000003,1.05,1.0498235758502072,0.0,0.0,public_state_tabular_independent_mc,1,0.0009292743409841331,10.991536600049585,True,accepted_return_check_disabled,0.1,1,0.0,-2.594727566831976e-32,100,5.0,2.465190328815662e-32,9.076477507729185e-09,1.0,4.122656157975457e-05,1.7143833448988678e-28,-9.20452363317366e-17
T-L,SA,mc_learned_baseline,False,44,279,198648,71424,71424,0,0,55800,99324,397296,262144,1.0500000000000003,1.05,1.0498235758502072,0.0,0.0,public_state_tabular_independent_mc,1,0.0009292743409841331,11.032598000019789,True,accepted_return_check_disabled,0.1,1,0.0,-2.594727566831976e-32,100,5.0,2.465190328815662e-32,9.076477507729185e-09,1.0,4.122656157975457e-05,1.7143833448988678e-28,-9.20452363317366e-17
T-L,SA,mc_learned_baseline,False,44,280,199360,71680,71680,0,0,56000,99680,398720,262144,1.0500000000000003,1.05,1.0498235758502072,0.0,0.0,public_state_tabular_independent_mc,1,0.0009292743409841331,11.080389500013553,True,accepted_return_check_disabled,0.1,1,0.0,-2.594727566831976e-32,100,5.0,2.465190328815662e-32,9.076477507729185e-09,1.0,4.122656157975457e-05,1.7143833448988678e-28,-9.20452363317366e-17
T-L,SA,mc_learned_baseline,False,44,281,200072,71936,71936,0,0,56200,100036,400144,262144,1.0500000000000003,1.05,1.0498235758502072,0.0,0.0,public_state_tabular_independent_mc,1,0.0009292743409841331,11.125530199962668,True,accepted_return_check_disabled,0.1,1,0.0,-2.594727566831976e-32,100,5.0,2.465190328815662e-32,9.076477507729185e-09,1.0,4.122656157975457e-05,1.7143833448988678e-28,-9.20452363317366e-17
T-L,SA,mc_learned_baseline,False,44,282,200784,72192,72192,0,0,56400,100392,401568,262144,1.0500000000000003,1.05,1.0498235758502072,0.0,0.0,public_state_tabular_independent_mc,1,0.0009292743409841331,11.164279600023292,True,accepted_return_check_disabled,0.1,1,0.0,-2.594727566831976e-32,100,5.0,2.465190328815662e-32,9.076477507729185e-09,1.0,4.122656157975457e-05,1.7143833448988678e-28,-9.20452363317366e-17
T-L,SA,mc_learned_baseline,False,44,283,201496,72448,72448,0,0,56600,100748,402992,262144,1.0500000000000003,1.05,1.0498235758502072,0.0,0.0,public_state_tabular_independent_mc,1,0.0009292743409841331,11.201727599953301,True,accepted_return_check_disabled,0.1,1,0.0,-2.594727566831976e-32,100,5.0,2.465190328815662e-32,9.076477507729185e-09,1.0,4.122656157975457e-05,1.7143833448988678e-28,-9.20452363317366e-17
T-L,SA,mc_learned_baseline,False,44,284,202208,72704,72704,0,0,56800,101104,404416,262144,1.0500000000000003,1.05,1.0498235758502072,0.0,0.0,public_state_tabular_independent_mc,1,0.0009292743409841331,11.237523499992676,True,accepted_return_check_disabled,0.1,1,0.0,-2.594727566831976e-32,100,5.0,2.465190328815662e-32,9.076477507729185e-09,1.0,4.122656157975457e-05,1.7143833448988678e-28,-9.20452363317366e-17
T-L,SA,mc_learned_baseline,False,44,285,202920,72960,72960,0,0,57000,101460,405840,262144,1.0500000000000003,1.05,1.0498235758502072,0.0,0.0,public_state_tabular_independent_mc,1,0.0009292743409841331,11.273940299986862,True,accepted_return_check_disabled,0.1,1,0.0,-2.594727566831976e-32,100,5.0,2.465190328815662e-32,9.076477507729185e-09,1.0,4.122656157975457e-05,1.7143833448988678e-28,-9.20452363317366e-17
T-L,SA,mc_learned_baseline,False,44,286,203632,73216,73216,0,0,57200,101816,407264,262144,1.0500000000000003,1.05,1.0498235758502072,0.0,0.0,public_state_tabular_independent_mc,1,0.0009292743409841331,11.309865899966098,True,accepted_return_check_disabled,0.1,1,0.0,-2.594727566831976e-32,100,5.0,2.465190328815662e-32,9.076477507729185e-09,1.0,4.122656157975457e-05,1.7143833448988678e-28,-9.20452363317366e-17
T-L,SA,mc_learned_baseline,False,44,287,204344,73472,73472,0,0,57400,102172,408688,262144,1.0500000000000003,1.05,1.0498235758502072,0.0,0.0,public_state_tabular_independent_mc,1,0.0009292743409841331,11.345822000061162,True,accepted_return_check_disabled,0.1,1,0.0,-2.594727566831976e-32,100,5.0,2.465190328815662e-32,9.076477507729185e-09,1.0,4.122656157975457e-05,1.7143833448988678e-28,-9.20452363317366e-17
T-L,SA,mc_learned_baseline,False,44,288,205056,73728,73728,0,0,57600,102528,410112,262144,1.0500000000000003,1.05,1.0498235758502072,0.0,0.0,public_state_tabular_independent_mc,1,0.0009292743409841331,11.382186300004832,True,accepted_return_check_disabled,0.1,1,0.0,-2.594727566831976e-32,100,5.0,2.465190328815662e-32,9.076477507729185e-09,1.0,4.122656157975457e-05,1.7143833448988678e-28,-9.20452363317366e-17
T-L,SA,mc_learned_baseline,False,44,289,205768,73984,73984,0,0,57800,102884,411536,262144,1.0500000000000003,1.05,1.0498235758502072,0.0,0.0,public_state_tabular_independent_mc,1,0.0009292743409841331,11.420348800020292,True,accepted_return_check_disabled,0.1,1,0.0,-2.594727566831976e-32,100,5.0,2.465190328815662e-32,9.076477507729185e-09,1.0,4.122656157975457e-05,1.7143833448988678e-28,-9.20452363317366e-17
T-L,SA,mc_learned_baseline,False,44,290,206480,74240,74240,0,0,58000,103240,412960,262144,1.0500000000000003,1.05,1.0498235758502072,0.0,0.0,public_state_tabular_independent_mc,1,0.0009292743409841331,11.455778899951838,True,accepted_return_check_disabled,0.1,1,0.0,-2.594727566831976e-32,100,5.0,2.465190328815662e-32,9.076477507729185e-09,1.0,4.122656157975457e-05,1.7143833448988678e-28,-9.20452363317366e-17
T-L,SA,mc_learned_baseline,False,44,291,207192,74496,74496,0,0,58200,103596,414384,262144,1.0500000000000003,1.05,1.0498235758502072,0.0,0.0,public_state_tabular_independent_mc,1,0.0009292743409841331,11.494107199949212,True,accepted_return_check_disabled,0.1,1,0.0,-2.594727566831976e-32,100,5.0,2.465190328815662e-32,9.076477507729185e-09,1.0,4.122656157975457e-05,1.7143833448988678e-28,-9.20452363317366e-17
T-L,SA,mc_learned_baseline,False,44,292,207904,74752,74752,0,0,58400,103952,415808,262144,1.0500000000000003,1.05,1.0498235758502072,0.0,0.0,public_state_tabular_independent_mc,1,0.0009292743409841331,11.53022630000487,True,accepted_return_check_disabled,0.1,1,0.0,-2.594727566831976e-32,100,5.0,2.465190328815662e-32,9.076477507729185e-09,1.0,4.122656157975457e-05,1.7143833448988678e-28,-9.20452363317366e-17
T-L,SA,mc_learned_baseline,False,44,293,208616,75008,75008,0,0,58600,104308,417232,262144,1.0500000000000003,1.05,1.0498235758502072,0.0,0.0,public_state_tabular_independent_mc,1,0.0009292743409841331,11.5704772999743,True,accepted_return_check_disabled,0.1,1,0.0,-2.594727566831976e-32,100,5.0,2.465190328815662e-32,9.076477507729185e-09,1.0,4.122656157975457e-05,1.7143833448988678e-28,-9.20452363317366e-17
T-L,SA,mc_learned_baseline,False,44,294,209328,75264,75264,0,0,58800,104664,418656,262144,1.0500000000000003,1.05,1.0498235758502072,0.0,0.0,public_state_tabular_independent_mc,1,0.0009292743409841331,11.6095926000271,True,accepted_return_check_disabled,0.1,1,0.0,-2.594727566831976e-32,100,5.0,2.465190328815662e-32,9.076477507729185e-09,1.0,4.122656157975457e-05,1.7143833448988678e-28,-9.20452363317366e-17
T-L,SA,mc_learned_baseline,False,44,295,210040,75520,75520,0,0,59000,105020,420080,262144,1.0500000000000003,1.05,1.0498235758502072,0.0,0.0,public_state_tabular_independent_mc,1,0.0009292743409841331,11.646719299955294,True,accepted_return_check_disabled,0.1,1,0.0,-2.594727566831976e-32,100,5.0,2.465190328815662e-32,9.076477507729185e-09,1.0,4.122656157975457e-05,1.7143833448988678e-28,-9.20452363317366e-17
T-L,SA,mc_learned_baseline,False,44,296,210752,75776,75776,0,0,59200,105376,421504,262144,1.0500000000000003,1.05,1.0498235758502072,0.0,0.0,public_state_tabular_independent_mc,1,0.0009292743409841331,11.683788000023924,True,accepted_return_check_disabled,0.1,1,0.0,-2.594727566831976e-32,100,5.0,2.465190328815662e-32,9.076477507729185e-09,1.0,4.122656157975457e-05,1.7143833448988678e-28,-9.20452363317366e-17
T-L,SA,mc_learned_baseline,False,44,297,211464,76032,76032,0,0,59400,105732,422928,262144,1.0500000000000003,1.05,1.0498235758502072,0.0,0.0,public_state_tabular_independent_mc,1,0.0009292743409841331,11.720238800044172,True,accepted_return_check_disabled,0.1,1,0.0,-2.594727566831976e-32,100,5.0,2.465190328815662e-32,9.076477507729185e-09,1.0,4.122656157975457e-05,1.7143833448988678e-28,-9.20452363317366e-17
T-L,SA,mc_learned_baseline,False,44,298,212176,76288,76288,0,0,59600,106088,424352,262144,1.0500000000000003,1.05,1.0498235758502072,0.0,0.0,public_state_tabular_independent_mc,1,0.0009292743409841331,11.759368799976073,True,accepted_return_check_disabled,0.1,1,0.0,-2.594727566831976e-32,100,5.0,2.465190328815662e-32,9.076477507729185e-09,1.0,4.122656157975457e-05,1.7143833448988678e-28,-9.20452363317366e-17
T-L,SA,mc_learned_baseline,False,44,299,212888,76544,76544,0,0,59800,106444,425776,262144,1.0500000000000003,1.05,1.0498944707435462,7.08948933390019e-05,2.4746690700302613e-05,public_state_tabular_independent_mc,0,0.00048246216273638406,11.797923199948855,True,accepted_return_check_disabled,0.1,1,8.751271768209166e-13,-2.3843222400315846e-06,100,5.0,2.7465820312496886e-06,2.478716750393484e-06,0.9978027343750002,0.0060435095111557,0.006572187768285776,-0.006002282949576036
T-L,SA,mc_learned_baseline,False,44,300,213600,76800,76800,0,0,60000,106800,427200,262144,1.0500000000000003,1.05,1.0498944707435462,0.0,0.0,public_state_tabular_independent_mc,1,0.00048246216273638406,11.834311999962665,True,accepted_return_check_disabled,0.1,1,0.0,-2.5949174012056444e-32,100,5.0,2.465190328815662e-32,3.2124510524819305e-09,1.0,2.8451184618209398e-05,4.340556597997286e-28,-9.26483365021012e-17
T-L,SA,mc_learned_baseline,False,44,301,214312,77056,77056,0,0,60200,107156,428624,262144,1.0500000000000003,1.05,1.0499232751648246,2.8804421278394443e-05,1.0347568484988353e-05,public_state_tabular_independent_mc,0,0.000283312889464268,11.87280480004847,True,accepted_return_check_disabled,0.1,1,9.792693708221182e-12,-1.2130777405896112e-06,100,5.0,2.7465820312496886e-06,2.6390126302015285e-06,0.9978027343750002,0.002552890213975522,0.002757978534194575,-0.0025244390293574057
T-L,SA,mc_learned_baseline,False,44,302,215024,77312,77312,0,0,60400,107512,430048,262144,1.0500000000000003,1.05,1.0499232751648246,0.0,0.0,public_state_tabular_independent_mc,1,0.000283312889464268,11.949681299971417,True,accepted_return_check_disabled,0.1,1,0.0,-2.594921692377644e-32,100,5.0,2.465190328815662e-32,2.265802016226594e-09,1.0,2.3259068829401046e-05,1.1120398296449014e-27,-9.268792711568163e-17
T-L,SA,mc_learned_baseline,False,44,303,215736,77568,77568,0,0,60600,107868,431472,262144,1.0500000000000003,1.05,1.0499232751648246,0.0,0.0,public_state_tabular_independent_mc,1,0.000283312889464268,11.998463800060563,True,accepted_return_check_disabled,0.1,1,0.0,-2.594921692377644e-32,100,5.0,2.465190328815662e-32,2.265802016226594e-09,1.0,2.3259068829401046e-05,1.1120398296449014e-27,-9.268792711568163e-17
T-L,SA,mc_learned_baseline,False,44,304,216448,77824,77824,0,0,60800,108224,432896,262144,1.0500000000000003,1.05,1.0499232751648246,0.0,0.0,public_state_tabular_independent_mc,1,0.000283312889464268,12.035352800041437,True,accepted_return_check_disabled,0.1,1,0.0,-2.594921692377644e-32,100,5.0,2.465190328815662e-32,2.265802016226594e-09,1.0,2.3259068829401046e-05,1.1120398296449014e-27,-9.268792711568163e-17
T-L,SA,mc_learned_baseline,False,44,305,217160,78080,78080,0,0,61000,108580,434320,262144,1.0500000000000003,1.05,1.0499232751648246,0.0,0.0,public_state_tabular_independent_mc,1,0.000283312889464268,12.073868299950846,True,accepted_return_check_disabled,0.1,1,0.0,-2.594921692377644e-32,100,5.0,2.465190328815662e-32,2.265802016226594e-09,1.0,2.3259068829401046e-05,1.1120398296449014e-27,-9.268792711568163e-17
T-L,SA,mc_learned_baseline,False,44,306,217872,78336,78336,0,0,61200,108936,435744,262144,1.0500000000000003,1.05,1.0499232751648246,0.0,0.0,public_state_tabular_independent_mc,1,0.000283312889464268,12.109322599950247,True,accepted_return_check_disabled,0.1,1,0.0,-2.594921692377644e-32,100,5.0,2.465190328815662e-32,2.265802016226594e-09,1.0,2.3259068829401046e-05,1.1120398296449014e-27,-9.268792711568163e-17
T-L,SA,mc_learned_baseline,False,44,307,218584,78592,78592,0,0,61400,109292,437168,262144,1.0500000000000003,1.05,1.0499232751648246,0.0,0.0,public_state_tabular_independent_mc,1,0.000283312889464268,12.14659879996907,True,accepted_return_check_disabled,0.1,1,0.0,-2.594921692377644e-32,100,5.0,2.465190328815662e-32,2.265802016226594e-09,1.0,2.3259068829401046e-05,1.1120398296449014e-27,-9.268792711568163e-17
T-L,SA,mc_learned_baseline,False,44,308,219296,78848,78848,0,0,61600,109648,438592,262144,1.0500000000000003,1.05,1.0499232751648246,0.0,0.0,public_state_tabular_independent_mc,1,0.000283312889464268,12.184614300029352,True,accepted_return_check_disabled,0.1,1,0.0,-2.594921692377644e-32,100,5.0,2.465190328815662e-32,2.265802016226594e-09,1.0,2.3259068829401046e-05,1.1120398296449014e-27,-9.268792711568163e-17
T-L,SA,mc_learned_baseline,False,44,309,220008,79104,79104,0,0,61800,110004,440016,262144,1.0408593750000001,1.05,1.0499013592957058,-2.1915869118815934e-05,7.75433101338892e-06,public_state_tabular_independent_mc,1,0.000468479946502029,12.222547200042754,True,accepted_return_check_disabled,0.1,1,1.0139425086961121e-10,-0.003128972426143855,100,5.0,0.011948828125000005,0.0053474366496119655,0.052005761336454404,0.0011909960284347948,0.001115500632654516,-0.0011677369596054864
T-L,SA,mc_learned_baseline,False,44,310,220720,79360,79360,0,0,62000,110360,441440,262144,1.0500000000000003,1.05,1.0499013592957058,0.0,0.0,public_state_tabular_independent_mc,1,0.000468479946502029,12.259301100042649,True,accepted_return_check_disabled,0.1,1,0.0,-2.5949188508820574e-32,100,5.0,2.465190328815662e-32,2.7430904286077437e-09,1.0,2.606299244268465e-05,4.323352651612847e-28,-9.265949566161009e-17
T-L,SA,mc_learned_baseline,False,44,311,221432,79616,79616,0,0,62200,110716,442864,262144,1.0500000000000003,1.05,1.0499013592957058,0.0,0.0,public_state_tabular_independent_mc,1,0.000468479946502029,12.297086299979128,True,accepted_return_check_disabled,0.1,1,0.0,-2.5949188508820574e-32,100,5.0,2.465190328815662e-32,2.7430904286077437e-09,1.0,2.606299244268465e-05,4.323352651612847e-28,-9.265949566161009e-17
T-L,SA,mc_learned_baseline,False,44,312,222144,79872,79872,0,0,62400,111072,444288,262144,1.0500000000000003,1.05,1.0499013592957058,0.0,0.0,public_state_tabular_independent_mc,1,0.000468479946502029,12.331788899959065,True,accepted_return_check_disabled,0.1,1,0.0,-2.5949188508820574e-32,100,5.0,2.465190328815662e-32,2.7430904286077437e-09,1.0,2.606299244268465e-05,4.323352651612847e-28,-9.265949566161009e-17
T-L,SA,mc_learned_baseline,False,44,313,222856,80128,80128,0,0,62600,111428,445712,262144,1.0500000000000003,1.05,1.0499013592957058,0.0,0.0,public_state_tabular_independent_mc,1,0.000468479946502029,12.367199799977243,True,accepted_return_check_disabled,0.1,1,0.0,-2.5949188508820574e-32,100,5.0,2.465190328815662e-32,2.7430904286077437e-09,1.0,2.606299244268465e-05,4.323352651612847e-28,-9.265949566161009e-17
T-L,SA,mc_learned_baseline,False,44,314,223568,80384,80384,0,0,62800,111784,447136,262144,1.0500000000000003,1.05,1.0499013592957058,0.0,0.0,public_state_tabular_independent_mc,1,0.000468479946502029,12.403342599980533,True,accepted_return_check_disabled,0.1,1,0.0,-2.5949188508820574e-32,100,5.0,2.465190328815662e-32,2.7430904286077437e-09,1.0,2.606299244268465e-05,4.323352651612847e-28,-9.265949566161009e-17
T-L,SA,mc_learned_baseline,False,44,315,224280,80640,80640,0,0,63000,112140,448560,262144,1.0500000000000003,1.05,1.0499013592957058,0.0,0.0,public_state_tabular_independent_mc,1,0.000468479946502029,12.441206300049089,True,accepted_return_check_disabled,0.1,1,0.0,-2.5949188508820574e-32,100,5.0,2.465190328815662e-32,2.7430904286077437e-09,1.0,2.606299244268465e-05,4.323352651612847e-28,-9.265949566161009e-17
T-L,SA,mc_learned_baseline,False,44,316,224992,80896,80896,0,0,63200,112496,449984,262144,1.0500000000000003,1.05,1.0499013592957058,0.0,0.0,public_state_tabular_independent_mc,1,0.000468479946502029,12.480800500023179,True,accepted_return_check_disabled,0.1,1,0.0,-2.5949188508820574e-32,100,5.0,2.465190328815662e-32,2.7430904286077437e-09,1.0,2.606299244268465e-05,4.323352651612847e-28,-9.265949566161009e-17
T-L,SA,mc_learned_baseline,False,44,317,225704,81152,81152,0,0,63400,112852,451408,262144,1.0500000000000003,1.05,1.0499013592957058,0.0,0.0,public_state_tabular_independent_mc,1,0.000468479946502029,12.51744059997145,True,accepted_return_check_disabled,0.1,1,0.0,-2.5949188508820574e-32,100,5.0,2.465190328815662e-32,2.7430904286077437e-09,1.0,2.606299244268465e-05,4.323352651612847e-28,-9.265949566161009e-17
T-L,SA,mc_learned_baseline,False,44,318,226416,81408,81408,0,0,63600,113208,452832,262144,1.0500000000000003,1.05,1.0499013592957058,0.0,0.0,public_state_tabular_independent_mc,1,0.000468479946502029,12.554830100038089,True,accepted_return_check_disabled,0.1,1,0.0,-2.5949188508820574e-32,100,5.0,2.465190328815662e-32,2.7430904286077437e-09,1.0,2.606299244268465e-05,4.323352651612847e-28,-9.265949566161009e-17
T-L,SA,mc_learned_baseline,False,44,319,227128,81664,81664,0,0,63800,113564,454256,262144,1.0500000000000003,1.05,1.0499013592957058,0.0,0.0,public_state_tabular_independent_mc,1,0.000468479946502029,12.60716220003087,True,accepted_return_check_disabled,0.1,1,0.0,-2.5949188508820574e-32,100,5.0,2.465190328815662e-32,2.7430904286077437e-09,1.0,2.606299244268465e-05,4.323352651612847e-28,-9.265949566161009e-17
T-L,SA,mc_learned_baseline,False,44,320,227840,81920,81920,0,0,64000,113920,455680,262144,1.0500000000000003,1.05,1.0499013592957058,0.0,0.0,public_state_tabular_independent_mc,1,0.000468479946502029,12.65651570004411,True,accepted_return_check_disabled,0.1,1,0.0,-2.5949188508820574e-32,100,5.0,2.465190328815662e-32,2.7430904286077437e-09,1.0,2.606299244268465e-05,4.323352651612847e-28,-9.265949566161009e-17
T-L,SA,mc_learned_baseline,False,44,321,228552,82176,82176,0,0,64200,114276,457104,262144,1.0500000000000003,1.05,1.0499013592957058,0.0,0.0,public_state_tabular_independent_mc,1,0.000468479946502029,12.695099500007927,True,accepted_return_check_disabled,0.1,1,0.0,-2.5949188508820574e-32,100,5.0,2.465190328815662e-32,2.7430904286077437e-09,1.0,2.606299244268465e-05,4.323352651612847e-28,-9.265949566161009e-17
T-L,SA,mc_learned_baseline,False,44,322,229264,82432,82432,0,0,64400,114632,458528,262144,1.0500000000000003,1.05,1.0499013592957058,0.0,0.0,public_state_tabular_independent_mc,1,0.000468479946502029,12.729229500051588,True,accepted_return_check_disabled,0.1,1,0.0,-2.5949188508820574e-32,100,5.0,2.465190328815662e-32,2.7430904286077437e-09,1.0,2.606299244268465e-05,4.323352651612847e-28,-9.265949566161009e-17
T-L,SA,mc_learned_baseline,False,44,323,229976,82688,82688,0,0,64600,114988,459952,262144,1.0500000000000003,1.05,1.0499013592957058,0.0,0.0,public_state_tabular_independent_mc,1,0.000468479946502029,12.766242200043052,True,accepted_return_check_disabled,0.1,1,0.0,-2.5949188508820574e-32,100,5.0,2.465190328815662e-32,2.7430904286077437e-09,1.0,2.606299244268465e-05,4.323352651612847e-28,-9.265949566161009e-17
T-L,SA,mc_learned_baseline,False,44,324,230688,82944,82944,0,0,64800,115344,461376,262144,1.0500000000000003,1.05,1.0499013592957058,0.0,0.0,public_state_tabular_independent_mc,1,0.000468479946502029,12.805268099997193,True,accepted_return_check_disabled,0.1,1,0.0,-2.5949188508820574e-32,100,5.0,2.465190328815662e-32,2.7430904286077437e-09,1.0,2.606299244268465e-05,4.323352651612847e-28,-9.265949566161009e-17
T-L,SA,mc_learned_baseline,False,44,325,231400,83200,83200,0,0,65000,115700,462800,262144,1.0500000000000003,1.05,1.0499013592957058,0.0,0.0,public_state_tabular_independent_mc,1,0.000468479946502029,12.843521300004795,True,accepted_return_check_disabled,0.1,1,0.0,-2.5949188508820574e-32,100,5.0,2.465190328815662e-32,2.7430904286077437e-09,1.0,2.606299244268465e-05,4.323352651612847e-28,-9.265949566161009e-17
T-L,SA,mc_learned_baseline,False,44,326,232112,83456,83456,0,0,65200,116056,464224,262144,1.0500000000000003,1.05,1.0499013592957058,0.0,0.0,public_state_tabular_independent_mc,1,0.000468479946502029,12.88092929997947,True,accepted_return_check_disabled,0.1,1,0.0,-2.5949188508820574e-32,100,5.0,2.465190328815662e-32,2.7430904286077437e-09,1.0,2.606299244268465e-05,4.323352651612847e-28,-9.265949566161009e-17
T-L,SA,mc_learned_baseline,False,44,327,232824,83712,83712,0,0,65400,116412,465648,262144,1.0500000000000003,1.05,1.0499013592957058,0.0,0.0,public_state_tabular_independent_mc,1,0.000468479946502029,12.91669990005903,True,accepted_return_check_disabled,0.1,1,0.0,-2.5949188508820574e-32,100,5.0,2.465190328815662e-32,2.7430904286077437e-09,1.0,2.606299244268465e-05,4.323352651612847e-28,-9.265949566161009e-17
T-L,SA,mc_learned_baseline,False,44,328,233536,83968,83968,0,0,65600,116768,467072,262144,1.0500000000000003,1.05,1.0499013592957058,0.0,0.0,public_state_tabular_independent_mc,1,0.000468479946502029,12.952763000037521,True,accepted_return_check_disabled,0.1,1,0.0,-2.5949188508820574e-32,100,5.0,2.465190328815662e-32,2.7430904286077437e-09,1.0,2.606299244268465e-05,4.323352651612847e-28,-9.265949566161009e-17
T-L,SA,mc_learned_baseline,False,44,329,234248,84224,84224,0,0,65800,117124,468496,262144,1.0408593750000001,1.05,1.0498331206726885,-6.823862301730266e-05,1.973937853606294e-05,public_state_tabular_independent_mc,1,0.0009230993960636289,12.992076499969698,True,accepted_return_check_disabled,0.1,1,2.475050769492299e-10,-0.0031321679896293133,100,5.0,0.011948828125000005,0.005347702233765472,0.052005761336454404,0.0030571581139370576,0.00282969759131944,-0.0030310951214944657
T-L,SA,mc_learned_baseline,False,44,330,234960,84480,84480,0,0,66000,117480,469920,262144,1.0500000000000003,1.05,1.049906182869852,7.306219716340934e-05,2.5442238586190868e-05,public_state_tabular_independent_mc,0,0.00046418531790574436,13.029395999968983,True,accepted_return_check_disabled,0.1,1,2.0204191844256022e-12,-2.425442675604178e-06,100,5.0,2.7465820312496886e-06,2.469487159395978e-06,0.9978027343750002,0.0062053545403800495,0.0067549218257827925,-0.00616800169742877
T-L,SA,mc_learned_baseline,False,44,331,235672,84736,84736,0,0,66200,117836,471344,262144,1.0500000000000003,1.05,1.049906182869852,0.0,0.0,public_state_tabular_independent_mc,1,0.00046418531790574436,13.067799299955368,True,accepted_return_check_disabled,0.1,1,0.0,-2.5949371045849286e-32,100,5.0,2.465190328815662e-32,2.4412114530337194e-09,1.0,2.4186212995213144e-05,4.220175211596841e-28,-9.28907526883865e-17
T-L,SA,mc_learned_baseline,False,44,332,236384,84992,84992,0,0,66400,118192,472768,262144,1.0500000000000003,1.05,1.049906182869852,0.0,0.0,public_state_tabular_independent_mc,1,0.00046418531790574436,13.106290800031275,True,accepted_return_check_disabled,0.1,1,0.0,-2.5949371045849286e-32,100,5.0,2.465190328815662e-32,2.4412114530337194e-09,1.0,2.4186212995213144e-05,4.220175211596841e-28,-9.28907526883865e-17
T-L,SA,mc_learned_baseline,False,44,333,237096,85248,85248,0,0,66600,118548,474192,262144,1.0500000000000003,1.05,1.049906182869852,0.0,0.0,public_state_tabular_independent_mc,1,0.00046418531790574436,13.148908499977551,True,accepted_return_check_disabled,0.1,1,0.0,-2.5949371045849286e-32,100,5.0,2.465190328815662e-32,2.4412114530337194e-09,1.0,2.4186212995213144e-05,4.220175211596841e-28,-9.28907526883865e-17
T-L,SA,mc_learned_baseline,False,44,334,237808,85504,85504,0,0,66800,118904,475616,262144,1.0500000000000003,1.05,1.049906182869852,0.0,0.0,public_state_tabular_independent_mc,1,0.00046418531790574436,13.185564800049178,True,accepted_return_check_disabled,0.1,1,0.0,-2.5949371045849286e-32,100,5.0,2.465190328815662e-32,2.4412114530337194e-09,1.0,2.4186212995213144e-05,4.220175211596841e-28,-9.28907526883865e-17
T-L,SA,mc_learned_baseline,False,44,335,238520,85760,85760,0,0,67000,119260,477040,262144,1.0500000000000003,1.05,1.049906182869852,0.0,0.0,public_state_tabular_independent_mc,1,0.00046418531790574436,13.220858599990606,True,accepted_return_check_disabled,0.1,1,0.0,-2.5949371045849286e-32,100,5.0,2.465190328815662e-32,2.4412114530337194e-09,1.0,2.4186212995213144e-05,4.220175211596841e-28,-9.28907526883865e-17
T-L,SA,mc_learned_baseline,False,44,336,239232,86016,86016,0,0,67200,119616,478464,262144,1.0500000000000003,1.05,1.049906182869852,0.0,0.0,public_state_tabular_independent_mc,1,0.00046418531790574436,13.256999699980952,True,accepted_return_check_disabled,0.1,1,0.0,-2.5949371045849286e-32,100,5.0,2.465190328815662e-32,2.4412114530337194e-09,1.0,2.4186212995213144e-05,4.220175211596841e-28,-9.28907526883865e-17
T-L,SA,mc_learned_baseline,False,44,337,239944,86272,86272,0,0,67400,119972,479888,262144,1.0476562500000002,1.05,1.0499069583915537,7.755217017457738e-07,1.8569956491501524e-08,public_state_tabular_independent_mc,1,0.0004550578560216866,13.295908599975519,True,accepted_return_check_disabled,0.1,1,4.936899768036884e-12,-0.00018732249625536617,100,5.0,0.00035400390625000064,0.00010673041705554426,0.6155422840019977,2.370254823591691e-05,3.7452307414580604e-06,4.836647592033441e-07
T-L,SA,mc_learned_baseline,False,44,338,240656,86528,86528,0,0,67600,120328,481312,262144,1.0500000000000003,1.05,1.0499069583915537,0.0,0.0,public_state_tabular_independent_mc,1,0.0004550578560216866,13.330854899948463,True,accepted_return_check_disabled,0.1,1,0.0,-2.594918497126749e-32,100,5.0,2.465190328815662e-32,2.40361341894036e-09,1.0,2.424809379017615e-05,4.326567249809202e-28,-9.395677448148894e-17
T-L,SA,mc_learned_baseline,False,44,339,241368,86784,86784,0,0,67800,120684,482736,262144,1.0500000000000003,1.05,1.0499069583915537,0.0,0.0,public_state_tabular_independent_mc,1,0.0004550578560216866,13.367821800056845,True,accepted_return_check_disabled,0.1,1,0.0,-2.594918497126749e-32,100,5.0,2.465190328815662e-32,2.40361341894036e-09,1.0,2.424809379017615e-05,4.326567249809202e-28,-9.395677448148894e-17
T-L,SA,mc_learned_baseline,False,44,340,242080,87040,87040,0,0,68000,121040,484160,262144,1.0500000000000003,1.05,1.0499069583915537,0.0,0.0,public_state_tabular_independent_mc,1,0.0004550578560216866,13.403006299980916,True,accepted_return_check_disabled,0.1,1,0.0,-2.594918497126749e-32,100,5.0,2.465190328815662e-32,2.40361341894036e-09,1.0,2.424809379017615e-05,4.326567249809202e-28,-9.395677448148894e-17
T-L,SA,mc_learned_baseline,False,44,341,242792,87296,87296,0,0,68200,121396,485584,262144,1.0500000000000003,1.05,1.0499069583915537,0.0,0.0,public_state_tabular_independent_mc,1,0.0004550578560216866,13.440108199953102,True,accepted_return_check_disabled,0.1,1,0.0,-2.594918497126749e-32,100,5.0,2.465190328815662e-32,2.40361341894036e-09,1.0,2.424809379017615e-05,4.326567249809202e-28,-9.395677448148894e-17
T-L,SA,mc_learned_baseline,False,44,342,243504,87552,87552,0,0,68400,121752,487008,262144,1.0500000000000003,1.05,1.0499069583915537,0.0,0.0,public_state_tabular_independent_mc,1,0.0004550578560216866,13.479570199968293,True,accepted_return_check_disabled,0.1,1,0.0,-2.594918497126749e-32,100,5.0,2.465190328815662e-32,2.40361341894036e-09,1.0,2.424809379017615e-05,4.326567249809202e-28,-9.395677448148894e-17
T-L,SA,mc_learned_baseline,False,44,343,244216,87808,87808,0,0,68600,122108,488432,262144,1.0500000000000003,1.05,1.0499069583915537,0.0,0.0,public_state_tabular_independent_mc,1,0.0004550578560216866,13.515816300059669,True,accepted_return_check_disabled,0.1,1,0.0,-2.594918497126749e-32,100,5.0,2.465190328815662e-32,2.40361341894036e-09,1.0,2.424809379017615e-05,4.326567249809202e-28,-9.395677448148894e-17
T-L,SA,mc_learned_baseline,False,44,344,244928,88064,88064,0,0,68800,122464,489856,262144,1.0500000000000003,1.05,1.049936265704348,2.9307312794379925e-05,1.0381992210044577e-05,public_state_tabular_independent_mc,0,0.00025503740322960704,13.552565500023775,True,accepted_return_check_disabled,0.1,1,9.790594276684194e-12,-1.2165962999268848e-06,100,5.0,2.7465820312496886e-06,2.6362672167432855e-06,0.9978027343750002,0.002553774223425043,0.0027671400843920792,-0.0025295261296349606
T-L,SA,mc_learned_baseline,False,44,345,245640,88320,88320,0,0,69000,122820,491280,262144,1.0500000000000003,1.05,1.049936265704348,0.0,0.0,public_state_tabular_independent_mc,1,0.00025503740322960704,13.590346100041643,True,accepted_return_check_disabled,0.1,1,0.0,-2.5949228384655405e-32,100,5.0,2.465190328815662e-32,1.4235903745908981e-09,1.0,1.884208928963895e-05,1.1084506754015519e-27,-9.399832664702034e-17
T-L,SA,mc_learned_baseline,False,44,346,246352,88576,88576,0,0,69200,123176,492704,262144,1.0500000000000003,1.05,1.049936265704348,0.0,0.0,public_state_tabular_independent_mc,1,0.00025503740322960704,13.624878100003116,True,accepted_return_check_disabled,0.1,1,0.0,-2.5949228384655405e-32,100,5.0,2.465190328815662e-32,1.4235903745908981e-09,1.0,1.884208928963895e-05,1.1084506754015519e-27,-9.399832664702034e-17
T-L,SA,mc_learned_baseline,False,44,347,247064,88832,88832,0,0,69400,123532,494128,262144,1.0500000000000003,1.05,1.049936265704348,0.0,0.0,public_state_tabular_independent_mc,1,0.00025503740322960704,13.661467000027187,True,accepted_return_check_disabled,0.1,1,0.0,-2.5949228384655405e-32,100,5.0,2.465190328815662e-32,1.4235903745908981e-09,1.0,1.884208928963895e-05,1.1084506754015519e-27,-9.399832664702034e-17
T-L,SA,mc_learned_baseline,False,44,348,247776,89088,89088,0,0,69600,123888,495552,262144,1.0500000000000003,1.05,1.049936265704348,0.0,0.0,public_state_tabular_independent_mc,1,0.00025503740322960704,13.698838099953718,True,accepted_return_check_disabled,0.1,1,0.0,-2.5949228384655405e-32,100,5.0,2.465190328815662e-32,1.4235903745908981e-09,1.0,1.884208928963895e-05,1.1084506754015519e-27,-9.399832664702034e-17
T-L,SA,mc_learned_baseline,False,44,349,248488,89344,89344,0,0,69800,124244,496976,262144,1.0500000000000003,1.05,1.049936265704348,0.0,0.0,public_state_tabular_independent_mc,1,0.00025503740322960704,13.733839699998498,True,accepted_return_check_disabled,0.1,1,0.0,-2.5949228384655405e-32,100,5.0,2.465190328815662e-32,1.4235903745908981e-09,1.0,1.884208928963895e-05,1.1084506754015519e-27,-9.399832664702034e-17
T-L,SA,mc_learned_baseline,False,44,350,249200,89600,89600,0,0,70000,124600,498400,262144,1.0500000000000003,1.05,1.049936265704348,0.0,0.0,public_state_tabular_independent_mc,1,0.00025503740322960704,13.768668600008823,True,accepted_return_check_disabled,0.1,1,0.0,-2.5949228384655405e-32,100,5.0,2.465190328815662e-32,1.4235903745908981e-09,1.0,1.884208928963895e-05,1.1084506754015519e-27,-9.399832664702034e-17
T-L,SA,mc_learned_baseline,False,44,351,249912,89856,89856,0,0,70200,124956,499824,262144,1.0500000000000003,1.05,1.049936265704348,0.0,0.0,public_state_tabular_independent_mc,1,0.00025503740322960704,13.805858099949546,True,accepted_return_check_disabled,0.1,1,0.0,-2.5949228384655405e-32,100,5.0,2.465190328815662e-32,1.4235903745908981e-09,1.0,1.884208928963895e-05,1.1084506754015519e-27,-9.399832664702034e-17
T-L,SA,mc_learned_baseline,False,44,352,250624,90112,90112,0,0,70400,125312,501248,262144,1.0500000000000003,1.05,1.049936265704348,0.0,0.0,public_state_tabular_independent_mc,1,0.00025503740322960704,13.84079990000464,True,accepted_return_check_disabled,0.1,1,0.0,-2.5949228384655405e-32,100,5.0,2.465190328815662e-32,1.4235903745908981e-09,1.0,1.884208928963895e-05,1.1084506754015519e-27,-9.399832664702034e-17
T-L,SA,mc_learned_baseline,False,44,353,251336,90368,90368,0,0,70600,125668,502672,262144,1.0500000000000003,1.05,1.049936265704348,0.0,0.0,public_state_tabular_independent_mc,1,0.00025503740322960704,13.878809600020759,True,accepted_return_check_disabled,0.1,1,0.0,-2.5949228384655405e-32,100,5.0,2.465190328815662e-32,1.4235903745908981e-09,1.0,1.884208928963895e-05,1.1084506754015519e-27,-9.399832664702034e-17
T-L,SA,mc_learned_baseline,False,44,354,252048,90624,90624,0,0,70800,126024,504096,262144,1.0500000000000003,1.05,1.049936265704348,0.0,0.0,public_state_tabular_independent_mc,1,0.00025503740322960704,13.916216499987058,True,accepted_return_check_disabled,0.1,1,0.0,-2.5949228384655405e-32,100,5.0,2.465190328815662e-32,1.4235903745908981e-09,1.0,1.884208928963895e-05,1.1084506754015519e-27,-9.399832664702034e-17
T-L,SA,mc_learned_baseline,False,44,355,252760,90880,90880,0,0,71000,126380,505520,262144,1.0500000000000003,1.05,1.049936265704348,0.0,0.0,public_state_tabular_independent_mc,1,0.00025503740322960704,13.950829899986275,True,accepted_return_check_disabled,0.1,1,0.0,-2.5949228384655405e-32,100,5.0,2.465190328815662e-32,1.4235903745908981e-09,1.0,1.884208928963895e-05,1.1084506754015519e-27,-9.399832664702034e-17
T-L,SA,mc_learned_baseline,False,44,356,253472,91136,91136,0,0,71200,126736,506944,262144,1.0500000000000003,1.05,1.049936265704348,0.0,0.0,public_state_tabular_independent_mc,1,0.00025503740322960704,13.989812799962237,True,accepted_return_check_disabled,0.1,1,0.0,-2.5949228384655405e-32,100,5.0,2.465190328815662e-32,1.4235903745908981e-09,1.0,1.884208928963895e-05,1.1084506754015519e-27,-9.399832664702034e-17
T-L,SA,mc_learned_baseline,False,44,357,254184,91392,91392,0,0,71400,127092,508368,262144,1.0500000000000003,1.05,1.049936265704348,0.0,0.0,public_state_tabular_independent_mc,1,0.00025503740322960704,14.02615169994533,True,accepted_return_check_disabled,0.1,1,0.0,-2.5949228384655405e-32,100,5.0,2.465190328815662e-32,1.4235903745908981e-09,1.0,1.884208928963895e-05,1.1084506754015519e-27,-9.399832664702034e-17
T-L,SA,mc_learned_baseline,False,44,358,254896,91648,91648,0,0,71600,127448,509792,262144,1.0500000000000003,1.05,1.049936265704348,0.0,0.0,public_state_tabular_independent_mc,1,0.00025503740322960704,14.061842399998568,True,accepted_return_check_disabled,0.1,1,0.0,-2.5949228384655405e-32,100,5.0,2.465190328815662e-32,1.4235903745908981e-09,1.0,1.884208928963895e-05,1.1084506754015519e-27,-9.399832664702034e-17
T-L,SA,mc_learned_baseline,False,44,359,255608,91904,91904,0,0,71800,127804,511216,262144,1.0500000000000003,1.05,1.049936265704348,0.0,0.0,public_state_tabular_independent_mc,1,0.00025503740322960704,14.102956700022332,True,accepted_return_check_disabled,0.1,1,0.0,-2.5949228384655405e-32,100,5.0,2.465190328815662e-32,1.4235903745908981e-09,1.0,1.884208928963895e-05,1.1084506754015519e-27,-9.399832664702034e-17
T-L,SA,mc_learned_baseline,False,44,360,256320,92160,92160,0,0,72000,128160,512640,262144,1.0500000000000003,1.05,1.049936265704348,0.0,0.0,public_state_tabular_independent_mc,1,0.00025503740322960704,14.144212599960156,True,accepted_return_check_disabled,0.1,1,0.0,-2.5949228384655405e-32,100,5.0,2.465190328815662e-32,1.4235903745908981e-09,1.0,1.884208928963895e-05,1.1084506754015519e-27,-9.399832664702034e-17
T-L,SA,mc_learned_baseline,False,44,361,257032,92416,92416,0,0,72200,128516,514064,262144,1.0500000000000003,1.05,1.049936265704348,0.0,0.0,public_state_tabular_independent_mc,1,0.00025503740322960704,14.182795000029728,True,accepted_return_check_disabled,0.1,1,0.0,-2.5949228384655405e-32,100,5.0,2.465190328815662e-32,1.4235903745908981e-09,1.0,1.884208928963895e-05,1.1084506754015519e-27,-9.399832664702034e-17
T-L,SA,mc_learned_baseline,False,44,362,257744,92672,92672,0,0,72400,128872,515488,262144,1.0500000000000003,1.05,1.049936265704348,0.0,0.0,public_state_tabular_independent_mc,1,0.00025503740322960704,14.21930490003433,True,accepted_return_check_disabled,0.1,1,0.0,-2.5949228384655405e-32,100,5.0,2.465190328815662e-32,1.4235903745908981e-09,1.0,1.884208928963895e-05,1.1084506754015519e-27,-9.399832664702034e-17
T-L,SA,mc_learned_baseline,False,44,363,258456,92928,92928,0,0,72600,129228,516912,262144,1.0500000000000003,1.05,1.049936265704348,0.0,0.0,public_state_tabular_independent_mc,1,0.00025503740322960704,14.260595600004308,True,accepted_return_check_disabled,0.1,1,0.0,-2.5949228384655405e-32,100,5.0,2.465190328815662e-32,1.4235903745908981e-09,1.0,1.884208928963895e-05,1.1084506754015519e-27,-9.399832664702034e-17
T-L,SA,mc_learned_baseline,False,44,364,259168,93184,93184,0,0,72800,129584,518336,262144,1.0500000000000003,1.05,1.049936265704348,0.0,0.0,public_state_tabular_independent_mc,1,0.00025503740322960704,14.299303099978715,True,accepted_return_check_disabled,0.1,1,0.0,-2.5949228384655405e-32,100,5.0,2.465190328815662e-32,1.4235903745908981e-09,1.0,1.884208928963895e-05,1.1084506754015519e-27,-9.399832664702034e-17
T-L,SA,mc_learned_baseline,False,44,365,259880,93440,93440,0,0,73000,129940,519760,262144,1.0500000000000003,1.05,1.049936265704348,0.0,0.0,public_state_tabular_independent_mc,1,0.00025503740322960704,14.339303000015207,True,accepted_return_check_disabled,0.1,1,0.0,-2.5949228384655405e-32,100,5.0,2.465190328815662e-32,1.4235903745908981e-09,1.0,1.884208928963895e-05,1.1084506754015519e-27,-9.399832664702034e-17
T-L,SA,mc_learned_baseline,False,44,366,260592,93696,93696,0,0,73200,130296,521184,262144,1.0500000000000003,1.05,1.049936265704348,0.0,0.0,public_state_tabular_independent_mc,1,0.00025503740322960704,14.375398600008339,True,accepted_return_check_disabled,0.1,1,0.0,-2.5949228384655405e-32,100,5.0,2.465190328815662e-32,1.4235903745908981e-09,1.0,1.884208928963895e-05,1.1084506754015519e-27,-9.399832664702034e-17
T-L,SA,mc_learned_baseline,False,44,367,261304,93952,93952,0,0,73400,130652,522608,262144,1.0500000000000003,1.05,1.049936265704348,0.0,0.0,public_state_tabular_independent_mc,1,0.00025503740322960704,14.413760400027968,True,accepted_return_check_disabled,0.1,1,0.0,-2.5949228384655405e-32,100,5.0,2.465190328815662e-32,1.4235903745908981e-09,1.0,1.884208928963895e-05,1.1084506754015519e-27,-9.399832664702034e-17
T-L,SA,mc_learned_baseline,False,44,368,262016,94208,94208,0,0,73600,131008,524032,262144,1.0500000000000003,1.05,1.049936265704348,0.0,0.0,public_state_tabular_independent_mc,1,0.00025503740322960704,14.45221570006106,True,accepted_return_check_disabled,0.1,1,0.0,-2.5949228384655405e-32,100,5.0,2.465190328815662e-32,1.4235903745908981e-09,1.0,1.884208928963895e-05,1.1084506754015519e-27,-9.399832664702034e-17
