experiment,method,direction_method,label,seed,actor_class,fit_steps,sample_episodes,source_steps_total,eta,ideal_return_gain,actual_return_gain,learned_direction_derivative,projected_direction_derivative,projection_reference,realized_path_derivative,forward_kl_training,forward_kl_validation,forward_kl_exact,old_new_kl,direction_realization_residual,seconds,learned_q_0,learned_q_1,candidate_p_0,candidate_p_1,data_seed,source_direction_error,source_exact_score,dataset_sha256,direction_retrained,direction_source,source_csv_sha256,source_manifest_sha256,source_code_sha256,additional_training_environment_steps,replayed_source_episodes,report_validation_episodes
P-EA,AN,AN,mc_raw,1000,table,1,2048,2548,0.1,0.02902044504502077,0.012670887977221712,0.2788576310817015,0.2788576310817015,exact_population_Fisher_projection_diagnostic,0.12095959651167805,0.00015851890328095173,0.00016089609117574013,0.000157979178481428,9.442062625349048e-05,0.03223793144523031,0.003990900004282594,0.025098154207281936,0.3814397540873379,0.30633739761826045,0.7062619520701701,1000,0.0006409648300362555,0.06588703516996369,e81afc630eeb7b22822342c9089cca27df0635ad66839c19bf4cc1b03d781509,False,D:\manifold\manifold_project\experiments\results\pair_estimation_20seeds_v1,993a058c136c24688c623203af1c038ee8cdc8ee4fa6d85ef73cd7be82fbc1b0,2d5f6f6b539f6c5aa4e32969abd8553e2e3a52988bbdb8e8d873f7bcd4ae4b82,cdcc83f5050bd2bc104f1a0e1479d6854a2b67e9a8ff2100cad6269d5b7fc115,0,2048,500
P-EA,AN,AN,mc_raw,1000,table,10,2048,2548,0.1,0.02902044504502077,0.03349870740949101,0.2788576310817015,0.2788576310817015,exact_population_Fisher_projection_diagnostic,0.3177527013347251,9.864268873120578e-06,9.844853416327447e-06,9.868677024259254e-06,0.00046891639736349345,0.0020087487145801553,0.00358410004992038,0.025098154207281936,0.3814397540873379,0.3031721679135957,0.7177217382723586,1000,0.0006409648300362555,0.06588703516996369,e81afc630eeb7b22822342c9089cca27df0635ad66839c19bf4cc1b03d781509,False,D:\manifold\manifold_project\experiments\results\pair_estimation_20seeds_v1,993a058c136c24688c623203af1c038ee8cdc8ee4fa6d85ef73cd7be82fbc1b0,2d5f6f6b539f6c5aa4e32969abd8553e2e3a52988bbdb8e8d873f7bcd4ae4b82,cdcc83f5050bd2bc104f1a0e1479d6854a2b67e9a8ff2100cad6269d5b7fc115,0,2048,500
P-EA,AN,AN,mc_raw,1000,table,100,2048,2548,0.1,0.02902044504502077,0.02914941065987875,0.2788576310817015,0.2788576310817015,exact_population_Fisher_projection_diagnostic,0.2800378536005623,6.427214156911719e-09,6.5719740120441294e-09,6.3943473885920204e-09,0.0003669654027230613,1.3179979007665501e-06,0.02029789995867759,0.025098154207281936,0.3814397540873379,0.30107335661613066,0.7158363858076631,1000,0.0006409648300362555,0.06588703516996369,e81afc630eeb7b22822342c9089cca27df0635ad66839c19bf4cc1b03d781509,False,D:\manifold\manifold_project\experiments\results\pair_estimation_20seeds_v1,993a058c136c24688c623203af1c038ee8cdc8ee4fa6d85ef73cd7be82fbc1b0,2d5f6f6b539f6c5aa4e32969abd8553e2e3a52988bbdb8e8d873f7bcd4ae4b82,cdcc83f5050bd2bc104f1a0e1479d6854a2b67e9a8ff2100cad6269d5b7fc115,0,2048,500
P-EA,AN,AN,mc_raw,1000,table,1000,2048,2548,0.1,0.02902044504502077,0.02902044504502077,0.2788576310817015,0.2788576310817015,exact_population_Fisher_projection_diagnostic,0.27885763108170253,0.0,0.0,0.0,0.00036393555461294614,1.1823755781429616e-30,0.26294649997726083,0.025098154207281936,0.3814397540873379,0.3010551795835165,0.7157721757105907,1000,0.0006409648300362555,0.06588703516996369,e81afc630eeb7b22822342c9089cca27df0635ad66839c19bf4cc1b03d781509,False,D:\manifold\manifold_project\experiments\results\pair_estimation_20seeds_v1,993a058c136c24688c623203af1c038ee8cdc8ee4fa6d85ef73cd7be82fbc1b0,2d5f6f6b539f6c5aa4e32969abd8553e2e3a52988bbdb8e8d873f7bcd4ae4b82,cdcc83f5050bd2bc104f1a0e1479d6854a2b67e9a8ff2100cad6269d5b7fc115,0,2048,500
P-EA,AN,AN,mc_raw,1000,shared_offset,1,2048,2548,0.1,0.02902044504502077,0.012670928265316628,0.2788576310817015,0.1926514712387183,exact_population_Fisher_projection_diagnostic,0.12095987827467393,0.00015852033421906556,0.00016089746573690563,0.00015798062221955531,9.442237245888933e-05,0.03223821815414098,0.0005791999865323305,0.025098154207281936,0.3814397540873379,0.30633754357564524,0.7062619523454399,1000,0.0006409648300362555,0.06588703516996369,e81afc630eeb7b22822342c9089cca27df0635ad66839c19bf4cc1b03d781509,False,D:\manifold\manifold_project\experiments\results\pair_estimation_20seeds_v1,993a058c136c24688c623203af1c038ee8cdc8ee4fa6d85ef73cd7be82fbc1b0,2d5f6f6b539f6c5aa4e32969abd8553e2e3a52988bbdb8e8d873f7bcd4ae4b82,cdcc83f5050bd2bc104f1a0e1479d6854a2b67e9a8ff2100cad6269d5b7fc115,0,2048,500
P-EA,AN,AN,mc_raw,1000,shared_offset,10,2048,2548,0.1,0.02902044504502077,0.011876290815989843,0.2788576310817015,0.1926514712387183,exact_population_Fisher_projection_diagnostic,0.1136833251354248,0.0001654399259684303,0.00016823030682908604,0.0001648063884369992,8.340799161984484e-05,0.033654341765858055,0.001800999976694584,0.025098154207281936,0.3814397540873379,0.3059541880579845,0.7058874170328617,1000,0.0006409648300362555,0.06588703516996369,e81afc630eeb7b22822342c9089cca27df0635ad66839c19bf4cc1b03d781509,False,D:\manifold\manifold_project\experiments\results\pair_estimation_20seeds_v1,993a058c136c24688c623203af1c038ee8cdc8ee4fa6d85ef73cd7be82fbc1b0,2d5f6f6b539f6c5aa4e32969abd8553e2e3a52988bbdb8e8d873f7bcd4ae4b82,cdcc83f5050bd2bc104f1a0e1479d6854a2b67e9a8ff2100cad6269d5b7fc115,0,2048,500
P-EA,AN,AN,mc_raw,1000,shared_offset,100,2048,2548,0.1,0.02902044504502077,0.02062157852785884,0.2788576310817015,0.1926514712387183,exact_population_Fisher_projection_diagnostic,0.1917922724094971,0.0001267865127961319,0.00012512533713918993,0.00012716367174952419,0.00023726736103523262,0.025599987696895275,0.023996800067834556,0.025098154207281936,0.3814397540873379,0.3100832063187667,0.7098931965250258,1000,0.0006409648300362555,0.06588703516996369,e81afc630eeb7b22822342c9089cca27df0635ad66839c19bf4cc1b03d781509,False,D:\manifold\manifold_project\experiments\results\pair_estimation_20seeds_v1,993a058c136c24688c623203af1c038ee8cdc8ee4fa6d85ef73cd7be82fbc1b0,2d5f6f6b539f6c5aa4e32969abd8553e2e3a52988bbdb8e8d873f7bcd4ae4b82,cdcc83f5050bd2bc104f1a0e1479d6854a2b67e9a8ff2100cad6269d5b7fc115,0,2048,500
P-EA,AN,AN,mc_raw,1000,shared_offset,1000,2048,2548,0.1,0.02902044504502077,0.02055193463825783,0.2788576310817015,0.1926514712387183,exact_population_Fisher_projection_diagnostic,0.19118653158761142,0.0001267841529447502,0.00012515765360470073,0.0001271534388695846,0.0002357720149245974,0.025601806254622425,0.2312720000045374,0.025098154207281936,0.3814397540873379,0.31005106757554546,0.7098622557676073,1000,0.0006409648300362555,0.06588703516996369,e81afc630eeb7b22822342c9089cca27df0635ad66839c19bf4cc1b03d781509,False,D:\manifold\manifold_project\experiments\results\pair_estimation_20seeds_v1,993a058c136c24688c623203af1c038ee8cdc8ee4fa6d85ef73cd7be82fbc1b0,2d5f6f6b539f6c5aa4e32969abd8553e2e3a52988bbdb8e8d873f7bcd4ae4b82,cdcc83f5050bd2bc104f1a0e1479d6854a2b67e9a8ff2100cad6269d5b7fc115,0,2048,500
P-EA,AN,AN,mc_raw,1001,table,1,2048,2548,0.1,0.030428492624928916,0.012670897203590381,0.2916155459721057,0.2916155459721057,exact_population_Fisher_projection_diagnostic,0.12095966220509427,0.00017631970150869285,0.00017549042422791662,0.00017481355568446864,9.442101028436876e-05,0.03573588037550032,0.0016780999721959233,0.03203113943622061,0.39824811905859925,0.30633742933073677,0.706261952385763,1001,0.001000149386381819,0.06552785061361811,26ce3980071b40e3e715bbd00fa28a3732d226eff3a9fd18ae2c0888efc92723,False,D:\manifold\manifold_project\experiments\results\pair_estimation_20seeds_v1,993a058c136c24688c623203af1c038ee8cdc8ee4fa6d85ef73cd7be82fbc1b0,2d5f6f6b539f6c5aa4e32969abd8553e2e3a52988bbdb8e8d873f7bcd4ae4b82,cdcc83f5050bd2bc104f1a0e1479d6854a2b67e9a8ff2100cad6269d5b7fc115,0,2048,500
P-EA,AN,AN,mc_raw,1001,table,10,2048,2548,0.1,0.030428492624928916,0.036500903621271064,0.2916155459721057,0.2916155459721057,exact_population_Fisher_projection_diagnostic,0.3452232164272953,1.4730389373559912e-05,1.4679254584518258e-05,1.4637517603437959e-05,0.0005528948077026292,0.0030087006061792023,0.004030899959616363,0.03203113943622061,0.39824811905859925,0.30312403481859074,0.7192580084503603,1001,0.001000149386381819,0.06552785061361811,26ce3980071b40e3e715bbd00fa28a3732d226eff3a9fd18ae2c0888efc92723,False,D:\manifold\manifold_project\experiments\results\pair_estimation_20seeds_v1,993a058c136c24688c623203af1c038ee8cdc8ee4fa6d85ef73cd7be82fbc1b0,2d5f6f6b539f6c5aa4e32969abd8553e2e3a52988bbdb8e8d873f7bcd4ae4b82,cdcc83f5050bd2bc104f1a0e1479d6854a2b67e9a8ff2100cad6269d5b7fc115,0,2048,500
P-EA,AN,AN,mc_raw,1001,table,100,2048,2548,0.1,0.030428492624928916,0.03053811987157312,0.2916155459721057,0.2916155459721057,exact_population_Fisher_projection_diagnostic,0.29265975671408395,6.236450046867429e-09,6.203725607092652e-09,6.1770154289664866e-09,0.0004000197315510774,1.27249138770967e-06,0.021563000045716763,0.03203113943622061,0.39824811905859925,0.30132108865343893,0.716516820104294,1001,0.001000149386381819,0.06552785061361811,26ce3980071b40e3e715bbd00fa28a3732d226eff3a9fd18ae2c0888efc92723,False,D:\manifold\manifold_project\experiments\results\pair_estimation_20seeds_v1,993a058c136c24688c623203af1c038ee8cdc8ee4fa6d85ef73cd7be82fbc1b0,2d5f6f6b539f6c5aa4e32969abd8553e2e3a52988bbdb8e8d873f7bcd4ae4b82,cdcc83f5050bd2bc104f1a0e1479d6854a2b67e9a8ff2100cad6269d5b7fc115,0,2048,500
P-EA,AN,AN,mc_raw,1001,table,1000,2048,2548,0.1,0.030428492624928916,0.030428492624929138,0.2916155459721057,0.2916155459721057,exact_population_Fisher_projection_diagnostic,0.2916155459721077,6.27878576844089e-17,6.296728481430558e-17,6.311373592647903e-17,0.0003971036521125763,4.771564622557263e-30,0.24413480004295707,0.03203113943622061,0.39824811905859925,0.3013470291246209,0.7164555860665683,1001,0.001000149386381819,0.06552785061361811,26ce3980071b40e3e715bbd00fa28a3732d226eff3a9fd18ae2c0888efc92723,False,D:\manifold\manifold_project\experiments\results\pair_estimation_20seeds_v1,993a058c136c24688c623203af1c038ee8cdc8ee4fa6d85ef73cd7be82fbc1b0,2d5f6f6b539f6c5aa4e32969abd8553e2e3a52988bbdb8e8d873f7bcd4ae4b82,cdcc83f5050bd2bc104f1a0e1479d6854a2b67e9a8ff2100cad6269d5b7fc115,0,2048,500
P-EA,AN,AN,mc_raw,1001,shared_offset,1,2048,2548,0.1,0.030428492624928916,0.0126709290155127,0.2916155459721057,0.2030203342618598,exact_population_Fisher_projection_diagnostic,0.12095988512646076,0.0001763207478349631,0.00017549148216148815,0.0001748146230920934,9.44223831515609e-05,0.03573609226912835,0.0005456999642774463,0.03203113943622061,0.39824811905859925,0.3063375439367488,0.7062619526979806,1001,0.001000149386381819,0.06552785061361811,26ce3980071b40e3e715bbd00fa28a3732d226eff3a9fd18ae2c0888efc92723,False,D:\manifold\manifold_project\experiments\results\pair_estimation_20seeds_v1,993a058c136c24688c623203af1c038ee8cdc8ee4fa6d85ef73cd7be82fbc1b0,2d5f6f6b539f6c5aa4e32969abd8553e2e3a52988bbdb8e8d873f7bcd4ae4b82,cdcc83f5050bd2bc104f1a0e1479d6854a2b67e9a8ff2100cad6269d5b7fc115,0,2048,500
P-EA,AN,AN,mc_raw,1001,shared_offset,10,2048,2548,0.1,0.030428492624928916,0.013534601680395941,0.2916155459721057,0.2030203342618598,exact_population_Fisher_projection_diagnostic,0.12882605145376103,0.00016845078153438858,0.00016774858501019082,0.000167175441684592,0.00010709664625414318,0.03414836994499332,0.002984599908813834,0.03203113943622061,0.39824811905859925,0.3067522639527534,0.706666522769164,1001,0.001000149386381819,0.06552785061361811,26ce3980071b40e3e715bbd00fa28a3732d226eff3a9fd18ae2c0888efc92723,False,D:\manifold\manifold_project\experiments\results\pair_estimation_20seeds_v1,993a058c136c24688c623203af1c038ee8cdc8ee4fa6d85ef73cd7be82fbc1b0,2d5f6f6b539f6c5aa4e32969abd8553e2e3a52988bbdb8e8d873f7bcd4ae4b82,cdcc83f5050bd2bc104f1a0e1479d6854a2b67e9a8ff2100cad6269d5b7fc115,0,2048,500
P-EA,AN,AN,mc_raw,1001,shared_offset,100,2048,2548,0.1,0.030428492624928916,0.021804346556955012,0.2916155459721057,0.2030203342618598,exact_population_Fisher_projection_diagnostic,0.2020421369639412,0.00013341132561697647,0.0001338967647435054,0.00013429298743298097,0.0002632860763703639,0.0270387950707393,0.026629199972376227,0.03203113943622061,0.39824811905859925,0.3106273104916193,0.7104164554323774,1001,0.001000149386381819,0.06552785061361811,26ce3980071b40e3e715bbd00fa28a3732d226eff3a9fd18ae2c0888efc92723,False,D:\manifold\manifold_project\experiments\results\pair_estimation_20seeds_v1,993a058c136c24688c623203af1c038ee8cdc8ee4fa6d85ef73cd7be82fbc1b0,2d5f6f6b539f6c5aa4e32969abd8553e2e3a52988bbdb8e8d873f7bcd4ae4b82,cdcc83f5050bd2bc104f1a0e1479d6854a2b67e9a8ff2100cad6269d5b7fc115,0,2048,500
P-EA,AN,AN,mc_raw,1001,shared_offset,1000,2048,2548,0.1,0.030428492624928916,0.02187287412797384,0.2916155459721057,0.2030203342618598,exact_population_Fisher_projection_diagnostic,0.20263384438022922,0.0001334090748206434,0.00013390415466969452,0.00013430824626136078,0.00026482934964272803,0.02703775198892896,0.20426989998668432,0.03203113943622061,0.39824811905859925,0.310658736720464,0.7104466452138982,1001,0.001000149386381819,0.06552785061361811,26ce3980071b40e3e715bbd00fa28a3732d226eff3a9fd18ae2c0888efc92723,False,D:\manifold\manifold_project\experiments\results\pair_estimation_20seeds_v1,993a058c136c24688c623203af1c038ee8cdc8ee4fa6d85ef73cd7be82fbc1b0,2d5f6f6b539f6c5aa4e32969abd8553e2e3a52988bbdb8e8d873f7bcd4ae4b82,cdcc83f5050bd2bc104f1a0e1479d6854a2b67e9a8ff2100cad6269d5b7fc115,0,2048,500
P-EA,AN,AN,mc_raw,1002,table,1,2048,2548,0.1,0.031762309776993736,0.012670920193577573,0.3003338799277072,0.3003338799277072,exact_population_Fisher_projection_diagnostic,0.1209598222419504,0.0001599901820043756,0.00015598191080579173,0.00015962798142740397,9.442201691234696e-05,0.032751434707006116,0.0014775999588891864,0.10455505215605684,0.4022026021299644,0.3063375137184988,0.7062619523808821,1002,0.001564665349779537,0.06496333465022038,0bfd590baad43a6530efea83e5d70fd21a165528b1ca88576a8c1d82312ed156,False,D:\manifold\manifold_project\experiments\results\pair_estimation_20seeds_v1,993a058c136c24688c623203af1c038ee8cdc8ee4fa6d85ef73cd7be82fbc1b0,2d5f6f6b539f6c5aa4e32969abd8553e2e3a52988bbdb8e8d873f7bcd4ae4b82,cdcc83f5050bd2bc104f1a0e1479d6854a2b67e9a8ff2100cad6269d5b7fc115,0,2048,500
P-EA,AN,AN,mc_raw,1002,table,10,2048,2548,0.1,0.031762309776993736,0.038337330833224326,0.3003338799277072,0.3003338799277072,exact_population_Fisher_projection_diagnostic,0.35752518840710584,1.6404405029914895e-05,1.6170330341806514e-05,1.6383253270743203e-05,0.0006006977155162335,0.0033679790902690046,0.0025240000104531646,0.10455505215605684,0.4022026021299644,0.3062023528290288,0.7196163918487186,1002,0.001564665349779537,0.06496333465022038,0bfd590baad43a6530efea83e5d70fd21a165528b1ca88576a8c1d82312ed156,False,D:\manifold\manifold_project\experiments\results\pair_estimation_20seeds_v1,993a058c136c24688c623203af1c038ee8cdc8ee4fa6d85ef73cd7be82fbc1b0,2d5f6f6b539f6c5aa4e32969abd8553e2e3a52988bbdb8e8d873f7bcd4ae4b82,cdcc83f5050bd2bc104f1a0e1479d6854a2b67e9a8ff2100cad6269d5b7fc115,0,2048,500
P-EA,AN,AN,mc_raw,1002,table,100,2048,2548,0.1,0.031762309776993736,0.03185625639897971,0.3003338799277072,0.3003338799277072,exact_population_Fisher_projection_diagnostic,0.3012221845389746,4.560283635412788e-09,4.474136587433284e-09,4.5524991046421155e-09,0.00042401390844033386,9.371342434466796e-07,0.028675199951976538,0.10455505215605684,0.4022026021299644,0.3043860408888521,0.7166684456989599,1002,0.001564665349779537,0.06496333465022038,0bfd590baad43a6530efea83e5d70fd21a165528b1ca88576a8c1d82312ed156,False,D:\manifold\manifold_project\experiments\results\pair_estimation_20seeds_v1,993a058c136c24688c623203af1c038ee8cdc8ee4fa6d85ef73cd7be82fbc1b0,2d5f6f6b539f6c5aa4e32969abd8553e2e3a52988bbdb8e8d873f7bcd4ae4b82,cdcc83f5050bd2bc104f1a0e1479d6854a2b67e9a8ff2100cad6269d5b7fc115,0,2048,500
P-EA,AN,AN,mc_raw,1002,table,1000,2048,2548,0.1,0.031762309776993736,0.03176230977699335,0.3003338799277072,0.3003338799277072,exact_population_Fisher_projection_diagnostic,0.3003338799277047,6.237244452465741e-17,6.353627606350979e-17,6.247761217274953e-17,0.00042164181362920746,2.7050595107852473e-29,0.2625309000723064,0.10455505215605684,0.4022026021299644,0.3044095933200705,0.7166162268155607,1002,0.001564665349779537,0.06496333465022038,0bfd590baad43a6530efea83e5d70fd21a165528b1ca88576a8c1d82312ed156,False,D:\manifold\manifold_project\experiments\results\pair_estimation_20seeds_v1,993a058c136c24688c623203af1c038ee8cdc8ee4fa6d85ef73cd7be82fbc1b0,2d5f6f6b539f6c5aa4e32969abd8553e2e3a52988bbdb8e8d873f7bcd4ae4b82,cdcc83f5050bd2bc104f1a0e1479d6854a2b67e9a8ff2100cad6269d5b7fc115,0,2048,500
P-EA,AN,AN,mc_raw,1002,shared_offset,1,2048,2548,0.1,0.031762309776993736,0.012670930322711382,0.3003338799277072,0.22832698463801948,exact_population_Fisher_projection_diagnostic,0.12095989706553552,0.0001599902655922044,0.0001559819995959567,0.00015962806548533296,9.442240178325398e-05,0.032751451166480934,0.0011463999981060624,0.10455505215605684,0.4022026021299644,0.30633754456596307,0.7062619533122745,1002,0.001564665349779537,0.06496333465022038,0bfd590baad43a6530efea83e5d70fd21a165528b1ca88576a8c1d82312ed156,False,D:\manifold\manifold_project\experiments\results\pair_estimation_20seeds_v1,993a058c136c24688c623203af1c038ee8cdc8ee4fa6d85ef73cd7be82fbc1b0,2d5f6f6b539f6c5aa4e32969abd8553e2e3a52988bbdb8e8d873f7bcd4ae4b82,cdcc83f5050bd2bc104f1a0e1479d6854a2b67e9a8ff2100cad6269d5b7fc115,0,2048,500
P-EA,AN,AN,mc_raw,1002,shared_offset,10,2048,2548,0.1,0.031762309776993736,0.01791174673299689,0.3003338799277072,0.22832698463801948,exact_population_Fisher_projection_diagnostic,0.16803755149385532,0.00011052311741459973,0.00010880701073660363,0.00011036804436736317,0.00018216364915541394,0.02255583414309411,0.003870900021865964,0.10455505215605684,0.4022026021299644,0.30882423030870254,0.708678363867803,1002,0.001564665349779537,0.06496333465022038,0bfd590baad43a6530efea83e5d70fd21a165528b1ca88576a8c1d82312ed156,False,D:\manifold\manifold_project\experiments\results\pair_estimation_20seeds_v1,993a058c136c24688c623203af1c038ee8cdc8ee4fa6d85ef73cd7be82fbc1b0,2d5f6f6b539f6c5aa4e32969abd8553e2e3a52988bbdb8e8d873f7bcd4ae4b82,cdcc83f5050bd2bc104f1a0e1479d6854a2b67e9a8ff2100cad6269d5b7fc115,0,2048,500
P-EA,AN,AN,mc_raw,1002,shared_offset,100,2048,2548,0.1,0.031762309776993736,0.024649488650205442,0.3003338799277072,0.22832698463801948,exact_population_Fisher_projection_diagnostic,0.22641522533724365,8.879701610253705e-05,8.994484950568152e-05,8.890073810643579e-05,0.00033058193862267675,0.017865284419502064,0.03243339993059635,0.10455505215605684,0.4022026021299644,0.3119232354857597,0.7116584610542336,1002,0.001564665349779537,0.06496333465022038,0bfd590baad43a6530efea83e5d70fd21a165528b1ca88576a8c1d82312ed156,False,D:\manifold\manifold_project\experiments\results\pair_estimation_20seeds_v1,993a058c136c24688c623203af1c038ee8cdc8ee4fa6d85ef73cd7be82fbc1b0,2d5f6f6b539f6c5aa4e32969abd8553e2e3a52988bbdb8e8d873f7bcd4ae4b82,cdcc83f5050bd2bc104f1a0e1479d6854a2b67e9a8ff2100cad6269d5b7fc115,0,2048,500
P-EA,AN,AN,mc_raw,1002,shared_offset,1000,2048,2548,0.1,0.031762309776993736,0.02462035166918447,0.3003338799277072,0.22832698463801948,exact_population_Fisher_projection_diagnostic,0.22616759911600298,8.879662202438441e-05,8.993224638689145e-05,8.889924077919043e-05,0.00032985982114490804,0.017866586660698132,0.27242080005817115,0.10455505215605684,0.4022026021299644,0.3119100542626852,0.7116458584417764,1002,0.001564665349779537,0.06496333465022038,0bfd590baad43a6530efea83e5d70fd21a165528b1ca88576a8c1d82312ed156,False,D:\manifold\manifold_project\experiments\results\pair_estimation_20seeds_v1,993a058c136c24688c623203af1c038ee8cdc8ee4fa6d85ef73cd7be82fbc1b0,2d5f6f6b539f6c5aa4e32969abd8553e2e3a52988bbdb8e8d873f7bcd4ae4b82,cdcc83f5050bd2bc104f1a0e1479d6854a2b67e9a8ff2100cad6269d5b7fc115,0,2048,500
P-EA,AN,AN,mc_raw,1003,table,1,2048,2548,0.1,0.02858933353497911,0.012670916022858969,0.2723979635815287,0.2723979635815287,exact_population_Fisher_projection_diagnostic,0.12095979017736107,0.0001230578663874265,0.00012240539554108398,0.0001236886160532231,9.442187551147018e-05,0.02529070275586175,0.0012437000405043364,0.0795238673569722,0.3664918966571078,0.3063375028604472,0.7062619517256135,1003,0.0001493178892405223,0.06637868211075942,0735c7b2e4b33120b08c662164a498819bd1333ac22bd4191ec0376957a90d33,False,D:\manifold\manifold_project\experiments\results\pair_estimation_20seeds_v1,993a058c136c24688c623203af1c038ee8cdc8ee4fa6d85ef73cd7be82fbc1b0,2d5f6f6b539f6c5aa4e32969abd8553e2e3a52988bbdb8e8d873f7bcd4ae4b82,cdcc83f5050bd2bc104f1a0e1479d6854a2b67e9a8ff2100cad6269d5b7fc115,0,2048,500
P-EA,AN,AN,mc_raw,1003,table,10,2048,2548,0.1,0.02858933353497911,0.03146114732568761,0.2723979635815287,0.2723979635815287,exact_population_Fisher_projection_diagnostic,0.29674722952083393,4.913604524078347e-06,4.927697091285629e-06,4.899981107635938e-06,0.0004144279474642187,0.000988851008832137,0.002882799948565662,0.0795238673569722,0.3664918966571078,0.3050868571286922,0.7163433024929916,1003,0.0001493178892405223,0.06637868211075942,0735c7b2e4b33120b08c662164a498819bd1333ac22bd4191ec0376957a90d33,False,D:\manifold\manifold_project\experiments\results\pair_estimation_20seeds_v1,993a058c136c24688c623203af1c038ee8cdc8ee4fa6d85ef73cd7be82fbc1b0,2d5f6f6b539f6c5aa4e32969abd8553e2e3a52988bbdb8e8d873f7bcd4ae4b82,cdcc83f5050bd2bc104f1a0e1479d6854a2b67e9a8ff2100cad6269d5b7fc115,0,2048,500
P-EA,AN,AN,mc_raw,1003,table,100,2048,2548,0.1,0.02858933353497911,0.02862395933879347,0.2723979635815287,0.2723979635815287,exact_population_Fisher_projection_diagnostic,0.2727295482755282,6.797578456426281e-10,6.771300552677336e-10,6.822981551599625e-10,0.00034659336370858085,1.3987866396900694e-07,0.017162300064228475,0.0795238673569722,0.3664918966571078,0.3033399301289394,0.7151833330431692,1003,0.0001493178892405223,0.06637868211075942,0735c7b2e4b33120b08c662164a498819bd1333ac22bd4191ec0376957a90d33,False,D:\manifold\manifold_project\experiments\results\pair_estimation_20seeds_v1,993a058c136c24688c623203af1c038ee8cdc8ee4fa6d85ef73cd7be82fbc1b0,2d5f6f6b539f6c5aa4e32969abd8553e2e3a52988bbdb8e8d873f7bcd4ae4b82,cdcc83f5050bd2bc104f1a0e1479d6854a2b67e9a8ff2100cad6269d5b7fc115,0,2048,500
P-EA,AN,AN,mc_raw,1003,table,1000,2048,2548,0.1,0.02858933353497911,0.028589333534979056,0.2723979635815287,0.2723979635815287,exact_population_Fisher_projection_diagnostic,0.27239796358152896,2.31599408101575e-17,2.3378724163925078e-17,2.2948440897104355e-17,0.0003457779425738534,1.351170819223864e-30,0.1798103000037372,0.0795238673569722,0.3664918966571078,0.30335058987293295,0.7151635780750274,1003,0.0001493178892405223,0.06637868211075942,0735c7b2e4b33120b08c662164a498819bd1333ac22bd4191ec0376957a90d33,False,D:\manifold\manifold_project\experiments\results\pair_estimation_20seeds_v1,993a058c136c24688c623203af1c038ee8cdc8ee4fa6d85ef73cd7be82fbc1b0,2d5f6f6b539f6c5aa4e32969abd8553e2e3a52988bbdb8e8d873f7bcd4ae4b82,cdcc83f5050bd2bc104f1a0e1479d6854a2b67e9a8ff2100cad6269d5b7fc115,0,2048,500
P-EA,AN,AN,mc_raw,1003,shared_offset,1,2048,2548,0.1,0.02858933353497911,0.012670928852172025,0.2723979635815287,0.20297465793323982,exact_population_Fisher_projection_diagnostic,0.12095988363461674,0.00012305807610959652,0.0001224056076074475,0.00012368882350923937,9.442238082339841e-05,0.02529074373193626,0.0005622000899165869,0.0795238673569722,0.3664918966571078,0.30633754385812556,0.7062619526212217,1003,0.0001493178892405223,0.06637868211075942,0735c7b2e4b33120b08c662164a498819bd1333ac22bd4191ec0376957a90d33,False,D:\manifold\manifold_project\experiments\results\pair_estimation_20seeds_v1,993a058c136c24688c623203af1c038ee8cdc8ee4fa6d85ef73cd7be82fbc1b0,2d5f6f6b539f6c5aa4e32969abd8553e2e3a52988bbdb8e8d873f7bcd4ae4b82,cdcc83f5050bd2bc104f1a0e1479d6854a2b67e9a8ff2100cad6269d5b7fc115,0,2048,500
P-EA,AN,AN,mc_raw,1003,shared_offset,10,2048,2548,0.1,0.02858933353497911,0.013118809848273794,0.2723979635815287,0.20297465793323982,exact_population_Fisher_projection_diagnostic,0.12504458419402917,0.00011900958769619482,0.0001184030585629058,0.00011959592507856595,0.00010090430085464268,0.02444680925688335,0.0021645999513566494,0.0795238673569722,0.3664918966571078,0.30655285836611695,0.706472076272501,1003,0.0001493178892405223,0.06637868211075942,0735c7b2e4b33120b08c662164a498819bd1333ac22bd4191ec0376957a90d33,False,D:\manifold\manifold_project\experiments\results\pair_estimation_20seeds_v1,993a058c136c24688c623203af1c038ee8cdc8ee4fa6d85ef73cd7be82fbc1b0,2d5f6f6b539f6c5aa4e32969abd8553e2e3a52988bbdb8e8d873f7bcd4ae4b82,cdcc83f5050bd2bc104f1a0e1479d6854a2b67e9a8ff2100cad6269d5b7fc115,0,2048,500
P-EA,AN,AN,mc_raw,1003,shared_offset,100,2048,2548,0.1,0.02858933353497911,0.02152860647128596,0.2723979635815287,0.20297465793323982,exact_population_Fisher_projection_diagnostic,0.19965886502001387,8.286856474154356e-05,8.310546090845838e-05,8.263955500272015e-05,0.0002571156949592115,0.01661609312350866,0.015620899968780577,0.0795238673569722,0.3664918966571078,0.310500749996695,0.7102948385194584,1003,0.0001493178892405223,0.06637868211075942,0735c7b2e4b33120b08c662164a498819bd1333ac22bd4191ec0376957a90d33,False,D:\manifold\manifold_project\experiments\results\pair_estimation_20seeds_v1,993a058c136c24688c623203af1c038ee8cdc8ee4fa6d85ef73cd7be82fbc1b0,2d5f6f6b539f6c5aa4e32969abd8553e2e3a52988bbdb8e8d873f7bcd4ae4b82,cdcc83f5050bd2bc104f1a0e1479d6854a2b67e9a8ff2100cad6269d5b7fc115,0,2048,500
P-EA,AN,AN,mc_raw,1003,shared_offset,1000,2048,2548,0.1,0.02858933353497911,0.021566215118588083,0.2723979635815287,0.20297465793323982,exact_population_Fisher_projection_diagnostic,0.1999841474024027,8.286788417738574e-05,8.310847809761551e-05,8.263529978586991e-05,0.000257953558299796,0.016613443320101992,0.15899899997748435,0.0795238673569722,0.3664918966571078,0.31051802201579437,0.710311439263064,1003,0.0001493178892405223,0.06637868211075942,0735c7b2e4b33120b08c662164a498819bd1333ac22bd4191ec0376957a90d33,False,D:\manifold\manifold_project\experiments\results\pair_estimation_20seeds_v1,993a058c136c24688c623203af1c038ee8cdc8ee4fa6d85ef73cd7be82fbc1b0,2d5f6f6b539f6c5aa4e32969abd8553e2e3a52988bbdb8e8d873f7bcd4ae4b82,cdcc83f5050bd2bc104f1a0e1479d6854a2b67e9a8ff2100cad6269d5b7fc115,0,2048,500
P-EA,AN,AN,mc_raw,1004,table,1,2048,2548,0.1,0.025393404214643756,0.01267090299750584,0.24435661336635048,0.24435661336635048,exact_population_Fisher_projection_diagnostic,0.12095969588851445,0.00010086872561099124,0.00010110933038174201,0.00010171298981357779,9.442135437008042e-05,0.020687277577029834,0.0011251999530941248,0.04125554941369926,0.3321067100165756,0.30633746036035725,0.7062619509454402,1004,0.0005101850432889349,0.06601781495671098,fb004b762a4400d05c6bfb8031ac465bfe1f1e5a7a61da245e76721c69e19d85,False,D:\manifold\manifold_project\experiments\results\pair_estimation_20seeds_v1,993a058c136c24688c623203af1c038ee8cdc8ee4fa6d85ef73cd7be82fbc1b0,2d5f6f6b539f6c5aa4e32969abd8553e2e3a52988bbdb8e8d873f7bcd4ae4b82,cdcc83f5050bd2bc104f1a0e1479d6854a2b67e9a8ff2100cad6269d5b7fc115,0,2048,500
P-EA,AN,AN,mc_raw,1004,table,10,2048,2548,0.1,0.025393404214643756,0.024715735748204848,0.24435661336635048,0.24435661336635048,exact_population_Fisher_projection_diagnostic,0.23668139890159617,2.4012493212732495e-06,2.3905672588419555e-06,2.363766760589436e-06,0.00026173559410124967,0.00047394573714484866,0.003248400054872036,0.04125554941369926,0.3321067100165756,0.30313825982789394,0.7131772118768398,1004,0.0005101850432889349,0.06601781495671098,fb004b762a4400d05c6bfb8031ac465bfe1f1e5a7a61da245e76721c69e19d85,False,D:\manifold\manifold_project\experiments\results\pair_estimation_20seeds_v1,993a058c136c24688c623203af1c038ee8cdc8ee4fa6d85ef73cd7be82fbc1b0,2d5f6f6b539f6c5aa4e32969abd8553e2e3a52988bbdb8e8d873f7bcd4ae4b82,cdcc83f5050bd2bc104f1a0e1479d6854a2b67e9a8ff2100cad6269d5b7fc115,0,2048,500
P-EA,AN,AN,mc_raw,1004,table,100,2048,2548,0.1,0.025393404214643756,0.025292470639510678,0.24435661336635048,0.24435661336635048,exact_population_Fisher_projection_diagnostic,0.24339053265695784,5.22077075562395e-09,5.239228762317376e-09,5.2855385249982496e-09,0.00027610062684050777,1.0832470768912743e-06,0.021636199904605746,0.04125554941369926,0.3321067100165756,0.30175913750351774,0.7137036909055343,1004,0.0005101850432889349,0.06601781495671098,fb004b762a4400d05c6bfb8031ac465bfe1f1e5a7a61da245e76721c69e19d85,False,D:\manifold\manifold_project\experiments\results\pair_estimation_20seeds_v1,993a058c136c24688c623203af1c038ee8cdc8ee4fa6d85ef73cd7be82fbc1b0,2d5f6f6b539f6c5aa4e32969abd8553e2e3a52988bbdb8e8d873f7bcd4ae4b82,cdcc83f5050bd2bc104f1a0e1479d6854a2b67e9a8ff2100cad6269d5b7fc115,0,2048,500
P-EA,AN,AN,mc_raw,1004,table,1000,2048,2548,0.1,0.025393404214643756,0.025393404214643867,0.24435661336635048,0.24435661336635048,exact_population_Fisher_projection_diagnostic,0.24435661336635003,1.7250789553819264e-17,1.7133338244304205e-17,1.6838661665163825e-17,0.0002783183433503017,1.7343196364433362e-29,0.17261539993342012,0.04125554941369926,0.3321067100165756,0.3017355873330628,0.7137606232924287,1004,0.0005101850432889349,0.06601781495671098,fb004b762a4400d05c6bfb8031ac465bfe1f1e5a7a61da245e76721c69e19d85,False,D:\manifold\manifold_project\experiments\results\pair_estimation_20seeds_v1,993a058c136c24688c623203af1c038ee8cdc8ee4fa6d85ef73cd7be82fbc1b0,2d5f6f6b539f6c5aa4e32969abd8553e2e3a52988bbdb8e8d873f7bcd4ae4b82,cdcc83f5050bd2bc104f1a0e1479d6854a2b67e9a8ff2100cad6269d5b7fc115,0,2048,500
P-EA,AN,AN,mc_raw,1004,shared_offset,1,2048,2548,0.1,0.025393404214643756,0.012670926599183174,0.24435661336635048,0.17399390059330264,exact_population_Fisher_projection_diagnostic,0.12095986305732986,0.00010086944383722034,0.00010111004356610709,0.00010171369034828198,9.442234871123809e-05,0.020687416554008964,0.0006410999922081828,0.04125554941369926,0.3321067100165756,0.3063375427736593,0.7062619515624713,1004,0.0005101850432889349,0.06601781495671098,fb004b762a4400d05c6bfb8031ac465bfe1f1e5a7a61da245e76721c69e19d85,False,D:\manifold\manifold_project\experiments\results\pair_estimation_20seeds_v1,993a058c136c24688c623203af1c038ee8cdc8ee4fa6d85ef73cd7be82fbc1b0,2d5f6f6b539f6c5aa4e32969abd8553e2e3a52988bbdb8e8d873f7bcd4ae4b82,cdcc83f5050bd2bc104f1a0e1479d6854a2b67e9a8ff2100cad6269d5b7fc115,0,2048,500
P-EA,AN,AN,mc_raw,1004,shared_offset,10,2048,2548,0.1,0.025393404214643756,0.009776454674279345,0.24435661336635048,0.17399390059330264,exact_population_Fisher_projection_diagnostic,0.09426969123087739,0.00012227419325278328,0.00012273799293675933,0.0001239016317658664,5.736096232032937e-05,0.0252645241994818,0.002246699994429946,0.04125554941369926,0.3321067100165756,0.30493272082814393,0.7048868060661145,1004,0.0005101850432889349,0.06601781495671098,fb004b762a4400d05c6bfb8031ac465bfe1f1e5a7a61da245e76721c69e19d85,False,D:\manifold\manifold_project\experiments\results\pair_estimation_20seeds_v1,993a058c136c24688c623203af1c038ee8cdc8ee4fa6d85ef73cd7be82fbc1b0,2d5f6f6b539f6c5aa4e32969abd8553e2e3a52988bbdb8e8d873f7bcd4ae4b82,cdcc83f5050bd2bc104f1a0e1479d6854a2b67e9a8ff2100cad6269d5b7fc115,0,2048,500
P-EA,AN,AN,mc_raw,1004,shared_offset,100,2048,2548,0.1,0.025393404214643756,0.018063750096165343,0.24435661336635048,0.17399390059330264,exact_population_Fisher_projection_diagnostic,0.1693802675849685,8.547036930357327e-05,8.530438060903131e-05,8.488792734950342e-05,0.0001850847067757639,0.017081726233046438,0.015367100015282631,0.04125554941369926,0.3321067100165756,0.30889531747270843,0.7087471111289726,1004,0.0005101850432889349,0.06601781495671098,fb004b762a4400d05c6bfb8031ac465bfe1f1e5a7a61da245e76721c69e19d85,False,D:\manifold\manifold_project\experiments\results\pair_estimation_20seeds_v1,993a058c136c24688c623203af1c038ee8cdc8ee4fa6d85ef73cd7be82fbc1b0,2d5f6f6b539f6c5aa4e32969abd8553e2e3a52988bbdb8e8d873f7bcd4ae4b82,cdcc83f5050bd2bc104f1a0e1479d6854a2b67e9a8ff2100cad6269d5b7fc115,0,2048,500
P-EA,AN,AN,mc_raw,1004,shared_offset,1000,2048,2548,0.1,0.025393404214643756,0.018118385528557157,0.24435661336635048,0.17399390059330264,exact_population_Fisher_projection_diagnostic,0.169862585736135,8.546887170782203e-05,8.529882003313688e-05,8.487217305934002e-05,0.00018613964721301939,0.0170762778318618,0.1640283000888303,0.04125554941369926,0.3321067100165756,0.3089208549604306,0.7087718035561154,1004,0.0005101850432889349,0.06601781495671098,fb004b762a4400d05c6bfb8031ac465bfe1f1e5a7a61da245e76721c69e19d85,False,D:\manifold\manifold_project\experiments\results\pair_estimation_20seeds_v1,993a058c136c24688c623203af1c038ee8cdc8ee4fa6d85ef73cd7be82fbc1b0,2d5f6f6b539f6c5aa4e32969abd8553e2e3a52988bbdb8e8d873f7bcd4ae4b82,cdcc83f5050bd2bc104f1a0e1479d6854a2b67e9a8ff2100cad6269d5b7fc115,0,2048,500
P-EA,AN,AN,mc_raw,1005,table,1,2048,2548,0.1,0.027624435277343984,0.012670917004772242,0.263002322247553,0.263002322247553,exact_population_Fisher_projection_diagnostic,0.1209597958279757,0.00010656655208723247,0.00010694322749113713,0.0001069432274911389,9.442193461133304e-05,0.02185717896003393,0.001056700013577938,0.08992821306906235,0.35238992386693113,0.30633750820400985,0.706261951469005,1005,0.00033014278941297646,0.06619785721058696,ce79a571defd4042d2d7277a1ffcf90969152f836dd64d5c28c39640133309ef,False,D:\manifold\manifold_project\experiments\results\pair_estimation_20seeds_v1,993a058c136c24688c623203af1c038ee8cdc8ee4fa6d85ef73cd7be82fbc1b0,2d5f6f6b539f6c5aa4e32969abd8553e2e3a52988bbdb8e8d873f7bcd4ae4b82,cdcc83f5050bd2bc104f1a0e1479d6854a2b67e9a8ff2100cad6269d5b7fc115,0,2048,500
P-EA,AN,AN,mc_raw,1005,table,10,2048,2548,0.1,0.027624435277343984,0.029151089641073213,0.263002322247553,0.263002322247553,exact_population_Fisher_projection_diagnostic,0.27479799704757524,4.017263411168926e-06,3.995708122758472e-06,3.995708122758474e-06,0.000361103118920901,0.000794793379849733,0.002902599982917309,0.08992821306906235,0.35238992386693113,0.30577000652816017,0.715039742932674,1005,0.00033014278941297646,0.06619785721058696,ce79a571defd4042d2d7277a1ffcf90969152f836dd64d5c28c39640133309ef,False,D:\manifold\manifold_project\experiments\results\pair_estimation_20seeds_v1,993a058c136c24688c623203af1c038ee8cdc8ee4fa6d85ef73cd7be82fbc1b0,2d5f6f6b539f6c5aa4e32969abd8553e2e3a52988bbdb8e8d873f7bcd4ae4b82,cdcc83f5050bd2bc104f1a0e1479d6854a2b67e9a8ff2100cad6269d5b7fc115,0,2048,500
P-EA,AN,AN,mc_raw,1005,table,100,2048,2548,0.1,0.027624435277343984,0.027557591588040276,0.263002322247553,0.263002322247553,exact_population_Fisher_projection_diagnostic,0.2623812532372694,1.8267674287868631e-09,1.8342172495124718e-09,1.8342172495125043e-09,0.0003220872785211286,3.77649975211598e-07,0.01762070006225258,0.08992821306906235,0.35238992386693113,0.303793531846724,0.7145534715768442,1005,0.00033014278941297646,0.06619785721058696,ce79a571defd4042d2d7277a1ffcf90969152f836dd64d5c28c39640133309ef,False,D:\manifold\manifold_project\experiments\results\pair_estimation_20seeds_v1,993a058c136c24688c623203af1c038ee8cdc8ee4fa6d85ef73cd7be82fbc1b0,2d5f6f6b539f6c5aa4e32969abd8553e2e3a52988bbdb8e8d873f7bcd4ae4b82,cdcc83f5050bd2bc104f1a0e1479d6854a2b67e9a8ff2100cad6269d5b7fc115,0,2048,500
P-EA,AN,AN,mc_raw,1005,table,1000,2048,2548,0.1,0.027624435277343984,0.027624435277343873,0.263002322247553,0.263002322247553,exact_population_Fisher_projection_diagnostic,0.26300232224755243,-2.3760940233013855e-17,-2.3615362133921703e-17,-2.3615362133921688e-17,0.0003235758106934364,3.1764421121048985e-29,0.1906821000156924,0.08992821306906235,0.35238992386693113,0.3037905177481806,0.7145887021517738,1005,0.00033014278941297646,0.06619785721058696,ce79a571defd4042d2d7277a1ffcf90969152f836dd64d5c28c39640133309ef,False,D:\manifold\manifold_project\experiments\results\pair_estimation_20seeds_v1,993a058c136c24688c623203af1c038ee8cdc8ee4fa6d85ef73cd7be82fbc1b0,2d5f6f6b539f6c5aa4e32969abd8553e2e3a52988bbdb8e8d873f7bcd4ae4b82,cdcc83f5050bd2bc104f1a0e1479d6854a2b67e9a8ff2100cad6269d5b7fc115,0,2048,500
P-EA,AN,AN,mc_raw,1005,shared_offset,1,2048,2548,0.1,0.027624435277343984,0.012670928663063796,0.263002322247553,0.19950758517133257,exact_population_Fisher_projection_diagnostic,0.12095988190742919,0.00010656669814219363,0.00010694337238975973,0.00010694337238976153,9.442237812806506e-05,0.02185720751140589,0.000521100009791553,0.08992821306906235,0.35238992386693113,0.3063375437670991,0.7062619525323538,1005,0.00033014278941297646,0.06619785721058696,ce79a571defd4042d2d7277a1ffcf90969152f836dd64d5c28c39640133309ef,False,D:\manifold\manifold_project\experiments\results\pair_estimation_20seeds_v1,993a058c136c24688c623203af1c038ee8cdc8ee4fa6d85ef73cd7be82fbc1b0,2d5f6f6b539f6c5aa4e32969abd8553e2e3a52988bbdb8e8d873f7bcd4ae4b82,cdcc83f5050bd2bc104f1a0e1479d6854a2b67e9a8ff2100cad6269d5b7fc115,0,2048,500
P-EA,AN,AN,mc_raw,1005,shared_offset,10,2048,2548,0.1,0.027624435277343984,0.012682752983203649,0.263002322247553,0.19950758517133257,exact_population_Fisher_projection_diagnostic,0.12106787315019782,0.00010646096686184892,0.00010683692296381321,0.000106836922963815,9.459098037231957e-05,0.021835308141165192,0.002104500075802207,0.08992821306906235,0.35238992386693113,0.3063432351615163,0.706267508908406,1005,0.00033014278941297646,0.06619785721058696,ce79a571defd4042d2d7277a1ffcf90969152f836dd64d5c28c39640133309ef,False,D:\manifold\manifold_project\experiments\results\pair_estimation_20seeds_v1,993a058c136c24688c623203af1c038ee8cdc8ee4fa6d85ef73cd7be82fbc1b0,2d5f6f6b539f6c5aa4e32969abd8553e2e3a52988bbdb8e8d873f7bcd4ae4b82,cdcc83f5050bd2bc104f1a0e1479d6854a2b67e9a8ff2100cad6269d5b7fc115,0,2048,500
P-EA,AN,AN,mc_raw,1005,shared_offset,100,2048,2548,0.1,0.027624435277343984,0.021228562118971173,0.263002322247553,0.19950758517133257,exact_population_Fisher_projection_diagnostic,0.19706119746966158,6.929789303115625e-05,6.916581704161673e-05,6.91658170416172e-05,0.0002504734464349012,0.01389517864436404,0.01723969995509833,0.08992821306906235,0.35238992386693113,0.310362836597171,0.7101622466887973,1005,0.00033014278941297646,0.06619785721058696,ce79a571defd4042d2d7277a1ffcf90969152f836dd64d5c28c39640133309ef,False,D:\manifold\manifold_project\experiments\results\pair_estimation_20seeds_v1,993a058c136c24688c623203af1c038ee8cdc8ee4fa6d85ef73cd7be82fbc1b0,2d5f6f6b539f6c5aa4e32969abd8553e2e3a52988bbdb8e8d873f7bcd4ae4b82,cdcc83f5050bd2bc104f1a0e1479d6854a2b67e9a8ff2100cad6269d5b7fc115,0,2048,500
P-EA,AN,AN,mc_raw,1005,shared_offset,1000,2048,2548,0.1,0.027624435277343984,0.021228172169741377,0.263002322247553,0.19950758517133257,exact_population_Fisher_projection_diagnostic,0.19705781849438453,6.929789295780832e-05,6.916583969673183e-05,6.91658396967323e-05,0.00025046486290324456,0.013895200015045146,0.16933049994986504,0.08992821306906235,0.35238992386693113,0.31036265722511297,0.7101620741935624,1005,0.00033014278941297646,0.06619785721058696,ce79a571defd4042d2d7277a1ffcf90969152f836dd64d5c28c39640133309ef,False,D:\manifold\manifold_project\experiments\results\pair_estimation_20seeds_v1,993a058c136c24688c623203af1c038ee8cdc8ee4fa6d85ef73cd7be82fbc1b0,2d5f6f6b539f6c5aa4e32969abd8553e2e3a52988bbdb8e8d873f7bcd4ae4b82,cdcc83f5050bd2bc104f1a0e1479d6854a2b67e9a8ff2100cad6269d5b7fc115,0,2048,500
P-EA,AN,AN,mc_raw,1006,table,1,2048,2548,0.1,0.027644652426325966,0.01267090888478778,0.26489433008398816,0.26489433008398816,exact_population_Fisher_projection_diagnostic,0.12095973986124803,0.00012353003640129618,0.00012400781041097109,0.00012400781041097298,9.442157149012388e-05,0.02530017945644217,0.0009539000457152724,0.051847859075453105,0.35922800750681183,0.3063374775796911,0.7062619515914403,1006,2.263005705004027e-05,0.0665053699429499,3b2432aae04dce19372892061f1d557061107d691a1b108a80b04b40635a7aa8,False,D:\manifold\manifold_project\experiments\results\pair_estimation_20seeds_v1,993a058c136c24688c623203af1c038ee8cdc8ee4fa6d85ef73cd7be82fbc1b0,2d5f6f6b539f6c5aa4e32969abd8553e2e3a52988bbdb8e8d873f7bcd4ae4b82,cdcc83f5050bd2bc104f1a0e1479d6854a2b67e9a8ff2100cad6269d5b7fc115,0,2048,500
P-EA,AN,AN,mc_raw,1006,table,10,2048,2548,0.1,0.027644652426325966,0.029571958971725487,0.26489433008398816,0.26489433008398816,exact_population_Fisher_projection_diagnostic,0.2814619561476095,2.2600172555281936e-06,2.254284196652213e-06,2.254284196652229e-06,0.0003688896461982076,0.00045547383629670395,0.002668699948117137,0.051847859075453105,0.35922800750681183,0.30335435506935304,0.7156717137630625,1006,2.263005705004027e-05,0.0665053699429499,3b2432aae04dce19372892061f1d557061107d691a1b108a80b04b40635a7aa8,False,D:\manifold\manifold_project\experiments\results\pair_estimation_20seeds_v1,993a058c136c24688c623203af1c038ee8cdc8ee4fa6d85ef73cd7be82fbc1b0,2d5f6f6b539f6c5aa4e32969abd8553e2e3a52988bbdb8e8d873f7bcd4ae4b82,cdcc83f5050bd2bc104f1a0e1479d6854a2b67e9a8ff2100cad6269d5b7fc115,0,2048,500
P-EA,AN,AN,mc_raw,1006,table,100,2048,2548,0.1,0.027644652426325966,0.027619496674201827,0.26489433008398816,0.26489433008398816,exact_population_Fisher_projection_diagnostic,0.26468265540575153,5.693254853708662e-10,5.663970821375623e-10,5.663970821375645e-10,0.0003260570781679682,1.1374684378752187e-07,0.020735400030389428,0.051847859075453105,0.35922800750681183,0.3021608059984094,0.7148579468430377,1006,2.263005705004027e-05,0.0665053699429499,3b2432aae04dce19372892061f1d557061107d691a1b108a80b04b40635a7aa8,False,D:\manifold\manifold_project\experiments\results\pair_estimation_20seeds_v1,993a058c136c24688c623203af1c038ee8cdc8ee4fa6d85ef73cd7be82fbc1b0,2d5f6f6b539f6c5aa4e32969abd8553e2e3a52988bbdb8e8d873f7bcd4ae4b82,cdcc83f5050bd2bc104f1a0e1479d6854a2b67e9a8ff2100cad6269d5b7fc115,0,2048,500
P-EA,AN,AN,mc_raw,1006,table,1000,2048,2548,0.1,0.027644652426325966,0.02764465242632591,0.26489433008398816,0.26489433008398816,exact_population_Fisher_projection_diagnostic,0.2648943300839877,1.0326571813699589e-17,1.0238460066302826e-17,1.0238460066302819e-17,0.00032656490501809,2.473071311185292e-29,0.20913779991678894,0.051847859075453105,0.35922800750681183,0.30218211604980305,0.7148675480154449,1006,2.263005705004027e-05,0.0665053699429499,3b2432aae04dce19372892061f1d557061107d691a1b108a80b04b40635a7aa8,False,D:\manifold\manifold_project\experiments\results\pair_estimation_20seeds_v1,993a058c136c24688c623203af1c038ee8cdc8ee4fa6d85ef73cd7be82fbc1b0,2d5f6f6b539f6c5aa4e32969abd8553e2e3a52988bbdb8e8d873f7bcd4ae4b82,cdcc83f5050bd2bc104f1a0e1479d6854a2b67e9a8ff2100cad6269d5b7fc115,0,2048,500
P-EA,AN,AN,mc_raw,1006,shared_offset,1,2048,2548,0.1,0.027644652426325966,0.01267092800913261,0.26489433008398816,0.19053292457547386,exact_population_Fisher_projection_diagnostic,0.12095987593486096,0.00012353054041925216,0.00012400830990411896,0.00012400830990412086,9.442236880749886e-05,0.025300278468889936,0.00073640001937747,0.051847859075453105,0.35922800750681183,0.3063375434523323,0.706261952225051,1006,2.263005705004027e-05,0.0665053699429499,3b2432aae04dce19372892061f1d557061107d691a1b108a80b04b40635a7aa8,False,D:\manifold\manifold_project\experiments\results\pair_estimation_20seeds_v1,993a058c136c24688c623203af1c038ee8cdc8ee4fa6d85ef73cd7be82fbc1b0,2d5f6f6b539f6c5aa4e32969abd8553e2e3a52988bbdb8e8d873f7bcd4ae4b82,cdcc83f5050bd2bc104f1a0e1479d6854a2b67e9a8ff2100cad6269d5b7fc115,0,2048,500
P-EA,AN,AN,mc_raw,1006,shared_offset,10,2048,2548,0.1,0.027644652426325966,0.011423140511326757,0.26489433008398816,0.19053292457547386,exact_population_Fisher_projection_diagnostic,0.10951675389918492,0.00013418625186892253,0.00013478862562500406,0.00013478862562500623,7.740834229409688e-05,0.027526234898056206,0.003962300019338727,0.051847859075453105,0.35922800750681183,0.30573479862147707,0.7056728318627223,1006,2.263005705004027e-05,0.0665053699429499,3b2432aae04dce19372892061f1d557061107d691a1b108a80b04b40635a7aa8,False,D:\manifold\manifold_project\experiments\results\pair_estimation_20seeds_v1,993a058c136c24688c623203af1c038ee8cdc8ee4fa6d85ef73cd7be82fbc1b0,2d5f6f6b539f6c5aa4e32969abd8553e2e3a52988bbdb8e8d873f7bcd4ae4b82,cdcc83f5050bd2bc104f1a0e1479d6854a2b67e9a8ff2100cad6269d5b7fc115,0,2048,500
P-EA,AN,AN,mc_raw,1006,shared_offset,100,2048,2548,0.1,0.027644652426325966,0.020228105799941054,0.26489433008398816,0.19053292457547386,exact_population_Fisher_projection_diagnostic,0.18836671397129992,9.499320656844654e-05,9.473370985326699e-05,9.473370985326764e-05,0.00022887308073684873,0.019053744711904675,0.018768399953842163,0.051847859075453105,0.35922800750681183,0.30990148088039665,0.7097181960566876,1006,2.263005705004027e-05,0.0665053699429499,3b2432aae04dce19372892061f1d557061107d691a1b108a80b04b40635a7aa8,False,D:\manifold\manifold_project\experiments\results\pair_estimation_20seeds_v1,993a058c136c24688c623203af1c038ee8cdc8ee4fa6d85ef73cd7be82fbc1b0,2d5f6f6b539f6c5aa4e32969abd8553e2e3a52988bbdb8e8d873f7bcd4ae4b82,cdcc83f5050bd2bc104f1a0e1479d6854a2b67e9a8ff2100cad6269d5b7fc115,0,2048,500
P-EA,AN,AN,mc_raw,1006,shared_offset,1000,2048,2548,0.1,0.027644652426325966,0.020134292751696703,0.26489433008398816,0.19053292457547386,exact_population_Fisher_projection_diagnostic,0.18754881022113903,9.498890264063022e-05,9.473839157075287e-05,9.473839157075355e-05,0.0002268911458057899,0.01905918616736795,0.1921684000408277,0.051847859075453105,0.35922800750681183,0.30985809986884855,0.7096764028298619,1006,2.263005705004027e-05,0.0665053699429499,3b2432aae04dce19372892061f1d557061107d691a1b108a80b04b40635a7aa8,False,D:\manifold\manifold_project\experiments\results\pair_estimation_20seeds_v1,993a058c136c24688c623203af1c038ee8cdc8ee4fa6d85ef73cd7be82fbc1b0,2d5f6f6b539f6c5aa4e32969abd8553e2e3a52988bbdb8e8d873f7bcd4ae4b82,cdcc83f5050bd2bc104f1a0e1479d6854a2b67e9a8ff2100cad6269d5b7fc115,0,2048,500
P-EA,AN,AN,mc_raw,1007,table,1,2048,2548,0.1,0.028912461098830056,0.012670919259510804,0.27409450094567517,0.27409450094567517,exact_population_Fisher_projection_diagnostic,0.12095981281670187,0.00011766148424171339,0.00012079626481048424,0.00011777761369399325,9.44220157551615e-05,0.02411172996619372,0.0009203000226989388,0.1065406462299904,0.3658276334238439,0.3063375145816553,0.706261951748415,1007,0.0007449031694123694,0.06578309683058753,e025769c31a31543037df75b93b84942a3877aa5311a99dba0fbcafc396085c4,False,D:\manifold\manifold_project\experiments\results\pair_estimation_20seeds_v1,993a058c136c24688c623203af1c038ee8cdc8ee4fa6d85ef73cd7be82fbc1b0,2d5f6f6b539f6c5aa4e32969abd8553e2e3a52988bbdb8e8d873f7bcd4ae4b82,cdcc83f5050bd2bc104f1a0e1479d6854a2b67e9a8ff2100cad6269d5b7fc115,0,2048,500
P-EA,AN,AN,mc_raw,1007,table,10,2048,2548,0.1,0.028912461098830056,0.03172976383019721,0.27409450094567517,0.27409450094567517,exact_population_Fisher_projection_diagnostic,0.29778506010830513,4.714276541777981e-06,4.650589239998556e-06,4.711917215084911e-06,0.0004234299819669523,0.000949403737619998,0.0027689000125974417,0.1065406462299904,0.3658276334238439,0.3062102297018872,0.7162819048200687,1007,0.0007449031694123694,0.06578309683058753,e025769c31a31543037df75b93b84942a3877aa5311a99dba0fbcafc396085c4,False,D:\manifold\manifold_project\experiments\results\pair_estimation_20seeds_v1,993a058c136c24688c623203af1c038ee8cdc8ee4fa6d85ef73cd7be82fbc1b0,2d5f6f6b539f6c5aa4e32969abd8553e2e3a52988bbdb8e8d873f7bcd4ae4b82,cdcc83f5050bd2bc104f1a0e1479d6854a2b67e9a8ff2100cad6269d5b7fc115,0,2048,500
P-EA,AN,AN,mc_raw,1007,table,100,2048,2548,0.1,0.028912461098830056,0.0289388642608705,0.27409450094567517,0.27409450094567517,exact_population_Fisher_projection_diagnostic,0.2743607133069112,8.280260367899141e-10,8.234231690904402e-10,8.278555213445333e-10,0.00035363784896596634,1.675757103764678e-07,0.021498400019481778,0.1065406462299904,0.3658276334238439,0.3044732205236101,0.715153646712301,1007,0.0007449031694123694,0.06578309683058753,e025769c31a31543037df75b93b84942a3877aa5311a99dba0fbcafc396085c4,False,D:\manifold\manifold_project\experiments\results\pair_estimation_20seeds_v1,993a058c136c24688c623203af1c038ee8cdc8ee4fa6d85ef73cd7be82fbc1b0,2d5f6f6b539f6c5aa4e32969abd8553e2e3a52988bbdb8e8d873f7bcd4ae4b82,cdcc83f5050bd2bc104f1a0e1479d6854a2b67e9a8ff2100cad6269d5b7fc115,0,2048,500
P-EA,AN,AN,mc_raw,1007,table,1000,2048,2548,0.1,0.028912461098830056,0.02891246109883011,0.27409450094567517,0.27409450094567517,exact_population_Fisher_projection_diagnostic,0.2740945009456762,-2.708738947346006e-17,-2.592888774109852e-17,-2.7044472220180967e-17,0.00035304695637297727,1.1593666856903617e-30,0.19879260007292032,0.1065406462299904,0.3658276334238439,0.3044936875330968,0.7151365146016051,1007,0.0007449031694123694,0.06578309683058753,e025769c31a31543037df75b93b84942a3877aa5311a99dba0fbcafc396085c4,False,D:\manifold\manifold_project\experiments\results\pair_estimation_20seeds_v1,993a058c136c24688c623203af1c038ee8cdc8ee4fa6d85ef73cd7be82fbc1b0,2d5f6f6b539f6c5aa4e32969abd8553e2e3a52988bbdb8e8d873f7bcd4ae4b82,cdcc83f5050bd2bc104f1a0e1479d6854a2b67e9a8ff2100cad6269d5b7fc115,0,2048,500
P-EA,AN,AN,mc_raw,1007,shared_offset,1,2048,2548,0.1,0.028912461098830056,0.012670929412059273,0.27409450094567517,0.21136779300373815,exact_population_Fisher_projection_diagnostic,0.12095988874825067,0.00011766155782934832,0.00012079633317259841,0.00011777768708804624,9.44223888035771e-05,0.024111744313492417,0.0005266000516712666,0.1065406462299904,0.3658276334238439,0.3063375441276248,0.7062619528843304,1007,0.0007449031694123694,0.06578309683058753,e025769c31a31543037df75b93b84942a3877aa5311a99dba0fbcafc396085c4,False,D:\manifold\manifold_project\experiments\results\pair_estimation_20seeds_v1,993a058c136c24688c623203af1c038ee8cdc8ee4fa6d85ef73cd7be82fbc1b0,2d5f6f6b539f6c5aa4e32969abd8553e2e3a52988bbdb8e8d873f7bcd4ae4b82,cdcc83f5050bd2bc104f1a0e1479d6854a2b67e9a8ff2100cad6269d5b7fc115,0,2048,500
P-EA,AN,AN,mc_raw,1007,shared_offset,10,2048,2548,0.1,0.028912461098830056,0.014634164728423937,0.27409450094567517,0.21136779300373815,exact_population_Fisher_projection_diagnostic,0.1387777161974035,9.94654321531746e-05,0.00010178772110719863,9.955146246322342e-05,0.0001242732928597926,0.020360155589534207,0.0020037000067532063,0.1065406462299904,0.3658276334238439,0.307277383788678,0.707177886202606,1007,0.0007449031694123694,0.06578309683058753,e025769c31a31543037df75b93b84942a3877aa5311a99dba0fbcafc396085c4,False,D:\manifold\manifold_project\experiments\results\pair_estimation_20seeds_v1,993a058c136c24688c623203af1c038ee8cdc8ee4fa6d85ef73cd7be82fbc1b0,2d5f6f6b539f6c5aa4e32969abd8553e2e3a52988bbdb8e8d873f7bcd4ae4b82,cdcc83f5050bd2bc104f1a0e1479d6854a2b67e9a8ff2100cad6269d5b7fc115,0,2048,500
P-EA,AN,AN,mc_raw,1007,shared_offset,100,2048,2548,0.1,0.028912461098830056,0.022526227007553967,0.27409450094567517,0.21136779300373815,exact_population_Fisher_projection_diagnostic,0.20826357563870987,6.755725197899761e-05,6.669023924460076e-05,6.752513307569444e-05,0.0002797378691621954,0.01356596344272419,0.018729400006122887,0.1065406462299904,0.3658276334238439,0.3109578252427744,0.7107337890809797,1007,0.0007449031694123694,0.06578309683058753,e025769c31a31543037df75b93b84942a3877aa5311a99dba0fbcafc396085c4,False,D:\manifold\manifold_project\experiments\results\pair_estimation_20seeds_v1,993a058c136c24688c623203af1c038ee8cdc8ee4fa6d85ef73cd7be82fbc1b0,2d5f6f6b539f6c5aa4e32969abd8553e2e3a52988bbdb8e8d873f7bcd4ae4b82,cdcc83f5050bd2bc104f1a0e1479d6854a2b67e9a8ff2100cad6269d5b7fc115,0,2048,500
P-EA,AN,AN,mc_raw,1007,shared_offset,1000,2048,2548,0.1,0.028912461098830056,0.022636324932974128,0.27409450094567517,0.21136779300373815,exact_population_Fisher_projection_diagnostic,0.2092101788735424,6.755149040764977e-05,6.664075863775132e-05,6.751775191167157e-05,0.0002822846695145459,0.013559529411439758,0.21635639993473887,0.1065406462299904,0.3658276334238439,0.3110081305759025,0.7107820538955993,1007,0.0007449031694123694,0.06578309683058753,e025769c31a31543037df75b93b84942a3877aa5311a99dba0fbcafc396085c4,False,D:\manifold\manifold_project\experiments\results\pair_estimation_20seeds_v1,993a058c136c24688c623203af1c038ee8cdc8ee4fa6d85ef73cd7be82fbc1b0,2d5f6f6b539f6c5aa4e32969abd8553e2e3a52988bbdb8e8d873f7bcd4ae4b82,cdcc83f5050bd2bc104f1a0e1479d6854a2b67e9a8ff2100cad6269d5b7fc115,0,2048,500
P-EA,AN,AN,mc_raw,1008,table,1,2048,2548,0.1,0.029430107070366973,0.012670916875697713,0.27998670392065605,0.27998670392065605,exact_population_Fisher_projection_diagnostic,0.12095979715273569,0.00013378171102740283,0.000133261349320113,0.00013373967103309773,9.442189873249649e-05,0.02737025512951436,0.0010439000325277448,0.08312098086777872,0.37654848437979294,0.3063375044659341,0.7062619519502334,1008,0.00031764037508803615,0.0662103596249119,860b4770a5bbbc606cbda9fc04fae0741e64ba8d19b6a91d9a9bb02d1eb80990,False,D:\manifold\manifold_project\experiments\results\pair_estimation_20seeds_v1,993a058c136c24688c623203af1c038ee8cdc8ee4fa6d85ef73cd7be82fbc1b0,2d5f6f6b539f6c5aa4e32969abd8553e2e3a52988bbdb8e8d873f7bcd4ae4b82,cdcc83f5050bd2bc104f1a0e1479d6854a2b67e9a8ff2100cad6269d5b7fc115,0,2048,500
P-EA,AN,AN,mc_raw,1008,table,10,2048,2548,0.1,0.029430107070366973,0.03337297096175945,0.27998670392065605,0.27998670392065605,exact_population_Fisher_projection_diagnostic,0.3138379247642446,7.476960091724201e-06,7.479497769789442e-06,7.477165110598419e-06,0.0004631140644446259,0.0015186476064095256,0.002977199968881905,0.08312098086777872,0.37654848437979294,0.3053480749319173,0.7172715693649754,1008,0.00031764037508803615,0.0662103596249119,860b4770a5bbbc606cbda9fc04fae0741e64ba8d19b6a91d9a9bb02d1eb80990,False,D:\manifold\manifold_project\experiments\results\pair_estimation_20seeds_v1,993a058c136c24688c623203af1c038ee8cdc8ee4fa6d85ef73cd7be82fbc1b0,2d5f6f6b539f6c5aa4e32969abd8553e2e3a52988bbdb8e8d873f7bcd4ae4b82,cdcc83f5050bd2bc104f1a0e1479d6854a2b67e9a8ff2100cad6269d5b7fc115,0,2048,500
P-EA,AN,AN,mc_raw,1008,table,100,2048,2548,0.1,0.029430107070366973,0.02952740533761794,0.27998670392065605,0.27998670392065605,exact_population_Fisher_projection_diagnostic,0.2809059025712682,4.61878549376562e-09,4.602061383874665e-09,4.617434353828295e-09,0.00036764790897527707,9.500377311020407e-07,0.022857299889437854,0.08312098086777872,0.37654848437979294,0.3034828398328655,0.7156267863036209,1008,0.00031764037508803615,0.0662103596249119,860b4770a5bbbc606cbda9fc04fae0741e64ba8d19b6a91d9a9bb02d1eb80990,False,D:\manifold\manifold_project\experiments\results\pair_estimation_20seeds_v1,993a058c136c24688c623203af1c038ee8cdc8ee4fa6d85ef73cd7be82fbc1b0,2d5f6f6b539f6c5aa4e32969abd8553e2e3a52988bbdb8e8d873f7bcd4ae4b82,cdcc83f5050bd2bc104f1a0e1479d6854a2b67e9a8ff2100cad6269d5b7fc115,0,2048,500
P-EA,AN,AN,mc_raw,1008,table,1000,2048,2548,0.1,0.029430107070366973,0.02943010707036703,0.27998670392065605,0.27998670392065605,exact_population_Fisher_projection_diagnostic,0.27998670392065617,2.1414946739232893e-17,2.156063376621004e-17,2.142671678629568e-17,0.0003653104272161275,2.2449625507909145e-30,0.19937879999633878,0.08312098086777872,0.37654848437979294,0.3035026462654657,0.71557311541027,1008,0.00031764037508803615,0.0662103596249119,860b4770a5bbbc606cbda9fc04fae0741e64ba8d19b6a91d9a9bb02d1eb80990,False,D:\manifold\manifold_project\experiments\results\pair_estimation_20seeds_v1,993a058c136c24688c623203af1c038ee8cdc8ee4fa6d85ef73cd7be82fbc1b0,2d5f6f6b539f6c5aa4e32969abd8553e2e3a52988bbdb8e8d873f7bcd4ae4b82,cdcc83f5050bd2bc104f1a0e1479d6854a2b67e9a8ff2100cad6269d5b7fc115,0,2048,500
P-EA,AN,AN,mc_raw,1008,shared_offset,1,2048,2548,0.1,0.029430107070366973,0.01267092927033514,0.27998670392065605,0.2090007222710296,exact_population_Fisher_projection_diagnostic,0.12095988745383837,0.00013378189882690288,0.0001332615386621035,0.0001337398589572155,9.442238678357938e-05,0.027370292224707753,0.0006337000522762537,0.08312098086777872,0.37654848437979294,0.30633754405940644,0.7062619528177297,1008,0.00031764037508803615,0.0662103596249119,860b4770a5bbbc606cbda9fc04fae0741e64ba8d19b6a91d9a9bb02d1eb80990,False,D:\manifold\manifold_project\experiments\results\pair_estimation_20seeds_v1,993a058c136c24688c623203af1c038ee8cdc8ee4fa6d85ef73cd7be82fbc1b0,2d5f6f6b539f6c5aa4e32969abd8553e2e3a52988bbdb8e8d873f7bcd4ae4b82,cdcc83f5050bd2bc104f1a0e1479d6854a2b67e9a8ff2100cad6269d5b7fc115,0,2048,500
P-EA,AN,AN,mc_raw,1008,shared_offset,10,2048,2548,0.1,0.029430107070366973,0.014219268135827579,0.27998670392065605,0.2090007222710296,exact_population_Fisher_projection_diagnostic,0.13503086595334973,0.00011950872982322678,0.00011910373912791163,0.0001194760106467652,0.00011765646689122188,0.02442555719911863,0.0017189999343827367,0.08312098086777872,0.37654848437979294,0.3070796149005519,0.7069854166908545,1008,0.00031764037508803615,0.0662103596249119,860b4770a5bbbc606cbda9fc04fae0741e64ba8d19b6a91d9a9bb02d1eb80990,False,D:\manifold\manifold_project\experiments\results\pair_estimation_20seeds_v1,993a058c136c24688c623203af1c038ee8cdc8ee4fa6d85ef73cd7be82fbc1b0,2d5f6f6b539f6c5aa4e32969abd8553e2e3a52988bbdb8e8d873f7bcd4ae4b82,cdcc83f5050bd2bc104f1a0e1479d6854a2b67e9a8ff2100cad6269d5b7fc115,0,2048,500
P-EA,AN,AN,mc_raw,1008,shared_offset,100,2048,2548,0.1,0.029430107070366973,0.022254673207096842,0.27998670392065605,0.2090007222710296,exact_population_Fisher_projection_diagnostic,0.20592624952335226,8.637377154549521e-05,8.655329108498451e-05,8.638827491942169e-05,0.0002734987347439672,0.017369909592236644,0.018264799960888922,0.08312098086777872,0.37654848437979294,0.3108336318530285,0.7106145945023473,1008,0.00031764037508803615,0.0662103596249119,860b4770a5bbbc606cbda9fc04fae0741e64ba8d19b6a91d9a9bb02d1eb80990,False,D:\manifold\manifold_project\experiments\results\pair_estimation_20seeds_v1,993a058c136c24688c623203af1c038ee8cdc8ee4fa6d85ef73cd7be82fbc1b0,2d5f6f6b539f6c5aa4e32969abd8553e2e3a52988bbdb8e8d873f7bcd4ae4b82,cdcc83f5050bd2bc104f1a0e1479d6854a2b67e9a8ff2100cad6269d5b7fc115,0,2048,500
P-EA,AN,AN,mc_raw,1008,shared_offset,1000,2048,2548,0.1,0.029430107070366973,0.022356390245345914,0.27998670392065605,0.2090007222710296,exact_population_Fisher_projection_diagnostic,0.20680217772736761,8.636883809645573e-05,8.655561937489814e-05,8.63839281458811e-05,0.00027582866011037244,0.01736394328032853,0.1821211000205949,0.08312098086777872,0.37654848437979294,0.3108801709456272,0.7106592668588102,1008,0.00031764037508803615,0.0662103596249119,860b4770a5bbbc606cbda9fc04fae0741e64ba8d19b6a91d9a9bb02d1eb80990,False,D:\manifold\manifold_project\experiments\results\pair_estimation_20seeds_v1,993a058c136c24688c623203af1c038ee8cdc8ee4fa6d85ef73cd7be82fbc1b0,2d5f6f6b539f6c5aa4e32969abd8553e2e3a52988bbdb8e8d873f7bcd4ae4b82,cdcc83f5050bd2bc104f1a0e1479d6854a2b67e9a8ff2100cad6269d5b7fc115,0,2048,500
P-EA,AN,AN,mc_raw,1009,table,1,2048,2548,0.1,0.02751038234371095,0.012670917016613492,0.2619268829715565,0.2619268829715565,exact_population_Fisher_projection_diagnostic,0.12095979567334374,0.00010470734913589181,0.00010623836790621256,0.00010533553852480909,9.442193835281653e-05,0.021526818881349982,0.001027700025588274,0.09039327694734445,0.35085643893094515,0.3063375085955366,0.7062619514176933,1009,0.0003525172046367853,0.06617548279536314,a33b745c50bed3f6f504facdd2f8284920a175e607ff1fdfce43976fe3479492,False,D:\manifold\manifold_project\experiments\results\pair_estimation_20seeds_v1,993a058c136c24688c623203af1c038ee8cdc8ee4fa6d85ef73cd7be82fbc1b0,2d5f6f6b539f6c5aa4e32969abd8553e2e3a52988bbdb8e8d873f7bcd4ae4b82,cdcc83f5050bd2bc104f1a0e1479d6854a2b67e9a8ff2100cad6269d5b7fc115,0,2048,500
P-EA,AN,AN,mc_raw,1009,table,10,2048,2548,0.1,0.02751038234371095,0.028883898641908323,0.2619268829715565,0.2619268829715565,exact_population_Fisher_projection_diagnostic,0.27232293649755396,3.954336421022818e-06,3.8633332468726816e-06,3.916997082363463e-06,0.0003551276909539294,0.0007784117089187516,0.0031919999746605754,0.09039327694734445,0.35085643893094515,0.30579428836390105,0.7148981569200978,1009,0.0003525172046367853,0.06617548279536314,a33b745c50bed3f6f504facdd2f8284920a175e607ff1fdfce43976fe3479492,False,D:\manifold\manifold_project\experiments\results\pair_estimation_20seeds_v1,993a058c136c24688c623203af1c038ee8cdc8ee4fa6d85ef73cd7be82fbc1b0,2d5f6f6b539f6c5aa4e32969abd8553e2e3a52988bbdb8e8d873f7bcd4ae4b82,cdcc83f5050bd2bc104f1a0e1479d6854a2b67e9a8ff2100cad6269d5b7fc115,0,2048,500
P-EA,AN,AN,mc_raw,1009,table,100,2048,2548,0.1,0.02751038234371095,0.027434950811825287,0.2619268829715565,0.2619268829715565,exact_population_Fisher_projection_diagnostic,0.2612232151861038,2.392005859062543e-09,2.4314470736883776e-09,2.4081889085419205e-09,0.000319366212068084,4.956004171210571e-07,0.021629299968481064,0.09039327694734445,0.35085643893094515,0.303816093475751,0.7144859585563615,1009,0.0003525172046367853,0.06617548279536314,a33b745c50bed3f6f504facdd2f8284920a175e607ff1fdfce43976fe3479492,False,D:\manifold\manifold_project\experiments\results\pair_estimation_20seeds_v1,993a058c136c24688c623203af1c038ee8cdc8ee4fa6d85ef73cd7be82fbc1b0,2d5f6f6b539f6c5aa4e32969abd8553e2e3a52988bbdb8e8d873f7bcd4ae4b82,cdcc83f5050bd2bc104f1a0e1479d6854a2b67e9a8ff2100cad6269d5b7fc115,0,2048,500
P-EA,AN,AN,mc_raw,1009,table,1000,2048,2548,0.1,0.02751038234371095,0.027510382343710837,0.2619268829715565,0.2619268829715565,exact_population_Fisher_projection_diagnostic,0.26192688297155703,-1.1922973105201051e-17,-1.1622820989748109e-17,-1.1799818263703656e-17,0.0003210383722342985,1.0119285825045545e-29,0.23213419993408024,0.09039327694734445,0.35085643893094515,0.30381019048030244,0.7145261466667336,1009,0.0003525172046367853,0.06617548279536314,a33b745c50bed3f6f504facdd2f8284920a175e607ff1fdfce43976fe3479492,False,D:\manifold\manifold_project\experiments\results\pair_estimation_20seeds_v1,993a058c136c24688c623203af1c038ee8cdc8ee4fa6d85ef73cd7be82fbc1b0,2d5f6f6b539f6c5aa4e32969abd8553e2e3a52988bbdb8e8d873f7bcd4ae4b82,cdcc83f5050bd2bc104f1a0e1479d6854a2b67e9a8ff2100cad6269d5b7fc115,0,2048,500
P-EA,AN,AN,mc_raw,1009,shared_offset,1,2048,2548,0.1,0.02751038234371095,0.01267092860247343,0.2619268829715565,0.19891563482448377,exact_population_Fisher_projection_diagnostic,0.12095988135403724,0.00010470749228823908,0.00010623850636553538,0.00010533567975157047,9.442237726447773e-05,0.021526846702874722,0.0012397000100463629,0.09039327694734445,0.35085643893094515,0.30633754373793415,0.7062619525038805,1009,0.0003525172046367853,0.06617548279536314,a33b745c50bed3f6f504facdd2f8284920a175e607ff1fdfce43976fe3479492,False,D:\manifold\manifold_project\experiments\results\pair_estimation_20seeds_v1,993a058c136c24688c623203af1c038ee8cdc8ee4fa6d85ef73cd7be82fbc1b0,2d5f6f6b539f6c5aa4e32969abd8553e2e3a52988bbdb8e8d873f7bcd4ae4b82,cdcc83f5050bd2bc104f1a0e1479d6854a2b67e9a8ff2100cad6269d5b7fc115,0,2048,500
P-EA,AN,AN,mc_raw,1009,shared_offset,10,2048,2548,0.1,0.02751038234371095,0.012548902346556978,0.2619268829715565,0.19891563482448377,exact_population_Fisher_projection_diagnostic,0.11984493259327021,0.00010579464690967856,0.00010735602199862275,0.00010643529174173966,9.269043856104109e-05,0.021753001594202823,0.0024158000014722347,0.09039327694734445,0.35085643893094515,0.3062787867477252,0.7062045824617518,1009,0.0003525172046367853,0.06617548279536314,a33b745c50bed3f6f504facdd2f8284920a175e607ff1fdfce43976fe3479492,False,D:\manifold\manifold_project\experiments\results\pair_estimation_20seeds_v1,993a058c136c24688c623203af1c038ee8cdc8ee4fa6d85ef73cd7be82fbc1b0,2d5f6f6b539f6c5aa4e32969abd8553e2e3a52988bbdb8e8d873f7bcd4ae4b82,cdcc83f5050bd2bc104f1a0e1479d6854a2b67e9a8ff2100cad6269d5b7fc115,0,2048,500
P-EA,AN,AN,mc_raw,1009,shared_offset,100,2048,2548,0.1,0.02751038234371095,0.021133792250834116,0.2619268829715565,0.19891563482448377,exact_population_Fisher_projection_diagnostic,0.19623977524140654,6.833920028287566e-05,6.780935777790053e-05,6.812180161613543e-05,0.00024839112854809083,0.013686006659372935,0.01872010005172342,0.09039327694734445,0.35085643893094515,0.31031923328128086,0.7101203116493029,1009,0.0003525172046367853,0.06617548279536314,a33b745c50bed3f6f504facdd2f8284920a175e607ff1fdfce43976fe3479492,False,D:\manifold\manifold_project\experiments\results\pair_estimation_20seeds_v1,993a058c136c24688c623203af1c038ee8cdc8ee4fa6d85ef73cd7be82fbc1b0,2d5f6f6b539f6c5aa4e32969abd8553e2e3a52988bbdb8e8d873f7bcd4ae4b82,cdcc83f5050bd2bc104f1a0e1479d6854a2b67e9a8ff2100cad6269d5b7fc115,0,2048,500
P-EA,AN,AN,mc_raw,1009,shared_offset,1000,2048,2548,0.1,0.02751038234371095,0.021121155120204738,0.2619268829715565,0.19891563482448377,exact_population_Fisher_projection_diagnostic,0.19613020808707998,6.833912305883593e-05,6.781229842298551e-05,6.812296264821511e-05,0.00024811403019926184,0.013686779613243286,0.16946949996054173,0.09039327694734445,0.35085643893094515,0.3103134174147837,0.7101147177832945,1009,0.0003525172046367853,0.06617548279536314,a33b745c50bed3f6f504facdd2f8284920a175e607ff1fdfce43976fe3479492,False,D:\manifold\manifold_project\experiments\results\pair_estimation_20seeds_v1,993a058c136c24688c623203af1c038ee8cdc8ee4fa6d85ef73cd7be82fbc1b0,2d5f6f6b539f6c5aa4e32969abd8553e2e3a52988bbdb8e8d873f7bcd4ae4b82,cdcc83f5050bd2bc104f1a0e1479d6854a2b67e9a8ff2100cad6269d5b7fc115,0,2048,500
P-EA,AN,AN,mc_raw,1010,table,1,2048,2548,0.1,0.030631316311326096,0.01267091198847392,0.29229738500467517,0.29229738500467517,exact_population_Fisher_projection_diagnostic,0.1209597644618595,0.00016282120564319478,0.00016567254783664943,0.00016355138953218408,9.442166666220002e-05,0.03347453653632652,0.001012900029309094,0.057379050092837475,0.39637116733519195,0.30633748457423793,0.7062619522390974,1010,0.0006690304650632989,0.06585896953493663,9c297138fd5805d584df21a4b765d8d8111cdaccad04a84f66230a58227ccf3c,False,D:\manifold\manifold_project\experiments\results\pair_estimation_20seeds_v1,993a058c136c24688c623203af1c038ee8cdc8ee4fa6d85ef73cd7be82fbc1b0,2d5f6f6b539f6c5aa4e32969abd8553e2e3a52988bbdb8e8d873f7bcd4ae4b82,cdcc83f5050bd2bc104f1a0e1479d6854a2b67e9a8ff2100cad6269d5b7fc115,0,2048,500
P-EA,AN,AN,mc_raw,1010,table,10,2048,2548,0.1,0.030631316311326096,0.03632579802752023,0.29229738500467517,0.29229738500467517,exact_population_Fisher_projection_diagnostic,0.3430242281308634,1.2098185301119638e-05,1.2298761698515417e-05,1.2149549761767721e-05,0.0005460571997185996,0.0025058890490071983,0.0035152999917045236,0.057379050092837475,0.39637116733519195,0.3035776607830291,0.7190874531663956,1010,0.0006690304650632989,0.06585896953493663,9c297138fd5805d584df21a4b765d8d8111cdaccad04a84f66230a58227ccf3c,False,D:\manifold\manifold_project\experiments\results\pair_estimation_20seeds_v1,993a058c136c24688c623203af1c038ee8cdc8ee4fa6d85ef73cd7be82fbc1b0,2d5f6f6b539f6c5aa4e32969abd8553e2e3a52988bbdb8e8d873f7bcd4ae4b82,cdcc83f5050bd2bc104f1a0e1479d6854a2b67e9a8ff2100cad6269d5b7fc115,0,2048,500
P-EA,AN,AN,mc_raw,1010,table,100,2048,2548,0.1,0.030631316311326096,0.03075404914752694,0.29229738500467517,0.29229738500467517,exact_population_Fisher_projection_diagnostic,0.29343741866687495,6.1551146855325e-09,6.291502189554091e-09,6.190041380169372e-09,0.0004003179157583605,1.2793097198703045e-06,0.019707600004039705,0.057379050092837475,0.39637116733519195,0.30240886464840994,0.7164438509752808,1010,0.0006690304650632989,0.06585896953493663,9c297138fd5805d584df21a4b765d8d8111cdaccad04a84f66230a58227ccf3c,False,D:\manifold\manifold_project\experiments\results\pair_estimation_20seeds_v1,993a058c136c24688c623203af1c038ee8cdc8ee4fa6d85ef73cd7be82fbc1b0,2d5f6f6b539f6c5aa4e32969abd8553e2e3a52988bbdb8e8d873f7bcd4ae4b82,cdcc83f5050bd2bc104f1a0e1479d6854a2b67e9a8ff2100cad6269d5b7fc115,0,2048,500
P-EA,AN,AN,mc_raw,1010,table,1000,2048,2548,0.1,0.030631316311326096,0.030631316311325985,0.29229738500467517,0.29229738500467517,exact_population_Fisher_projection_diagnostic,0.29229738500467406,-1.2572310157014909e-17,-1.105003560443127e-17,-1.2182479586883505e-17,0.00039722034377164694,8.072080842432224e-30,0.1761966000776738,0.057379050092837475,0.39637116733519195,0.3024154374158755,0.7163793204559102,1010,0.0006690304650632989,0.06585896953493663,9c297138fd5805d584df21a4b765d8d8111cdaccad04a84f66230a58227ccf3c,False,D:\manifold\manifold_project\experiments\results\pair_estimation_20seeds_v1,993a058c136c24688c623203af1c038ee8cdc8ee4fa6d85ef73cd7be82fbc1b0,2d5f6f6b539f6c5aa4e32969abd8553e2e3a52988bbdb8e8d873f7bcd4ae4b82,cdcc83f5050bd2bc104f1a0e1479d6854a2b67e9a8ff2100cad6269d5b7fc115,0,2048,500
P-EA,AN,AN,mc_raw,1010,shared_offset,1,2048,2548,0.1,0.030631316311326096,0.012670929268177256,0.29229738500467517,0.21028841200140477,exact_population_Fisher_projection_diagnostic,0.12095988743412923,0.00016282163178394418,0.00016567295884013311,0.00016355181179651785,9.442238675284286e-05,0.033474620194911216,0.0007014999864622951,0.057379050092837475,0.39637116733519195,0.30633754405836777,0.7062619528167157,1010,0.0006690304650632989,0.06585896953493663,9c297138fd5805d584df21a4b765d8d8111cdaccad04a84f66230a58227ccf3c,False,D:\manifold\manifold_project\experiments\results\pair_estimation_20seeds_v1,993a058c136c24688c623203af1c038ee8cdc8ee4fa6d85ef73cd7be82fbc1b0,2d5f6f6b539f6c5aa4e32969abd8553e2e3a52988bbdb8e8d873f7bcd4ae4b82,cdcc83f5050bd2bc104f1a0e1479d6854a2b67e9a8ff2100cad6269d5b7fc115,0,2048,500
P-EA,AN,AN,mc_raw,1010,shared_offset,10,2048,2548,0.1,0.030631316311326096,0.014209717075442163,0.29229738500467517,0.21028841200140477,exact_population_Fisher_projection_diagnostic,0.13494449572720282,0.00014863589617476581,0.00015083222893129083,0.00014919834244913992,0.00011750607188380519,0.030499877018147763,0.002072300063446164,0.057379050092837475,0.39637116733519195,0.30707505688225817,0.7069809791215368,1010,0.0006690304650632989,0.06585896953493663,9c297138fd5805d584df21a4b765d8d8111cdaccad04a84f66230a58227ccf3c,False,D:\manifold\manifold_project\experiments\results\pair_estimation_20seeds_v1,993a058c136c24688c623203af1c038ee8cdc8ee4fa6d85ef73cd7be82fbc1b0,2d5f6f6b539f6c5aa4e32969abd8553e2e3a52988bbdb8e8d873f7bcd4ae4b82,cdcc83f5050bd2bc104f1a0e1479d6854a2b67e9a8ff2100cad6269d5b7fc115,0,2048,500
P-EA,AN,AN,mc_raw,1010,shared_offset,100,2048,2548,0.1,0.030631316311326096,0.022248965147183164,0.29229738500467517,0.21028841200140477,exact_population_Fisher_projection_diagnostic,0.2058770798641536,0.00011546458453981151,0.0001143226965279304,0.00011517216497992211,0.0002733682383874381,0.0231921334093245,0.01672989991493523,0.057379050092837475,0.39637116733519195,0.3108310195247536,0.7106120867275265,1010,0.0006690304650632989,0.06585896953493663,9c297138fd5805d584df21a4b765d8d8111cdaccad04a84f66230a58227ccf3c,False,D:\manifold\manifold_project\experiments\results\pair_estimation_20seeds_v1,993a058c136c24688c623203af1c038ee8cdc8ee4fa6d85ef73cd7be82fbc1b0,2d5f6f6b539f6c5aa4e32969abd8553e2e3a52988bbdb8e8d873f7bcd4ae4b82,cdcc83f5050bd2bc104f1a0e1479d6854a2b67e9a8ff2100cad6269d5b7fc115,0,2048,500
P-EA,AN,AN,mc_raw,1010,shared_offset,1000,2048,2548,0.1,0.030631316311326096,0.02235036345443764,0.29229738500467517,0.21028841200140477,exact_population_Fisher_projection_diagnostic,0.20675029273947698,0.00011545968088601553,0.00011427650079088889,0.00011515668707306106,0.0002756903737065775,0.023183166649505243,0.17838280007708818,0.057379050092837475,0.39637116733519195,0.3108774141288183,0.7106566208372739,1010,0.0006690304650632989,0.06585896953493663,9c297138fd5805d584df21a4b765d8d8111cdaccad04a84f66230a58227ccf3c,False,D:\manifold\manifold_project\experiments\results\pair_estimation_20seeds_v1,993a058c136c24688c623203af1c038ee8cdc8ee4fa6d85ef73cd7be82fbc1b0,2d5f6f6b539f6c5aa4e32969abd8553e2e3a52988bbdb8e8d873f7bcd4ae4b82,cdcc83f5050bd2bc104f1a0e1479d6854a2b67e9a8ff2100cad6269d5b7fc115,0,2048,500
P-EA,AN,AN,mc_raw,1011,table,1,2048,2548,0.1,0.028828909419405413,0.012670921135058577,0.2718877279612753,0.2718877279612753,exact_population_Fisher_projection_diagnostic,0.12095982541307797,0.00010853663103116877,0.00011024752119314702,0.00010836601449154201,9.44221041259798e-05,0.022194718291288437,0.0009796000085771084,0.13584066472738393,0.3595314384337236,0.30633752214088084,0.7062619516485439,1011,0.0019327176124044007,0.06459528238759553,a9a92f3663a6e5ae921de6337975ada124f7a383ab9c0c88d61dbbcec7d89729,False,D:\manifold\manifold_project\experiments\results\pair_estimation_20seeds_v1,993a058c136c24688c623203af1c038ee8cdc8ee4fa6d85ef73cd7be82fbc1b0,2d5f6f6b539f6c5aa4e32969abd8553e2e3a52988bbdb8e8d873f7bcd4ae4b82,cdcc83f5050bd2bc104f1a0e1479d6854a2b67e9a8ff2100cad6269d5b7fc115,0,2048,500
P-EA,AN,AN,mc_raw,1011,table,10,2048,2548,0.1,0.028828909419405413,0.030372324615591695,0.2718877279612753,0.2718877279612753,exact_population_Fisher_projection_diagnostic,0.2861971572702194,1.0153632250783547e-06,1.030565881207675e-06,1.0138471578055607e-06,0.00038894880943910674,0.00020883748505404605,0.0024341000244021416,0.13584066472738393,0.3595314384337236,0.3055785596305635,0.7156997695974592,1011,0.0019327176124044007,0.06459528238759553,a9a92f3663a6e5ae921de6337975ada124f7a383ab9c0c88d61dbbcec7d89729,False,D:\manifold\manifold_project\experiments\results\pair_estimation_20seeds_v1,993a058c136c24688c623203af1c038ee8cdc8ee4fa6d85ef73cd7be82fbc1b0,2d5f6f6b539f6c5aa4e32969abd8553e2e3a52988bbdb8e8d873f7bcd4ae4b82,cdcc83f5050bd2bc104f1a0e1479d6854a2b67e9a8ff2100cad6269d5b7fc115,0,2048,500
P-EA,AN,AN,mc_raw,1011,table,100,2048,2548,0.1,0.028828909419405413,0.028812620549924117,0.2718877279612753,0.2718877279612753,exact_population_Fisher_projection_diagnostic,0.27173852537157955,1.0350296144805424e-10,1.0514739683849801e-10,1.0333897203354216e-10,0.0003533293176983365,2.1293631371045115e-08,0.015932300011627376,0.13584066472738393,0.3595314384337236,0.30573610965436565,0.7148715384091344,1011,0.0019327176124044007,0.06459528238759553,a9a92f3663a6e5ae921de6337975ada124f7a383ab9c0c88d61dbbcec7d89729,False,D:\manifold\manifold_project\experiments\results\pair_estimation_20seeds_v1,993a058c136c24688c623203af1c038ee8cdc8ee4fa6d85ef73cd7be82fbc1b0,2d5f6f6b539f6c5aa4e32969abd8553e2e3a52988bbdb8e8d873f7bcd4ae4b82,cdcc83f5050bd2bc104f1a0e1479d6854a2b67e9a8ff2100cad6269d5b7fc115,0,2048,500
P-EA,AN,AN,mc_raw,1011,table,1000,2048,2548,0.1,0.028828909419405413,0.028828909419405635,0.2718877279612753,0.2718877279612753,exact_population_Fisher_projection_diagnostic,0.2718877279612775,2.839567268614947e-17,2.88468195345787e-17,2.835068258926708e-17,0.00035369638026499676,4.921160845801553e-30,0.17349710001144558,0.13584066472738393,0.3595314384337236,0.3057361230506882,0.7148799176368518,1011,0.0019327176124044007,0.06459528238759553,a9a92f3663a6e5ae921de6337975ada124f7a383ab9c0c88d61dbbcec7d89729,False,D:\manifold\manifold_project\experiments\results\pair_estimation_20seeds_v1,993a058c136c24688c623203af1c038ee8cdc8ee4fa6d85ef73cd7be82fbc1b0,2d5f6f6b539f6c5aa4e32969abd8553e2e3a52988bbdb8e8d873f7bcd4ae4b82,cdcc83f5050bd2bc104f1a0e1479d6854a2b67e9a8ff2100cad6269d5b7fc115,0,2048,500
P-EA,AN,AN,mc_raw,1011,shared_offset,1,2048,2548,0.1,0.028828909419405413,0.012670929800851327,0.2718877279612753,0.21777245598623762,exact_population_Fisher_projection_diagnostic,0.1209598922992163,0.00010853662066280078,0.00011024750966296772,0.00010836600423903431,9.442239434507126e-05,0.022194716034923352,0.0005851000314578414,0.13584066472738393,0.3595314384337236,0.3063375443147681,0.706261953067036,1011,0.0019327176124044007,0.06459528238759553,a9a92f3663a6e5ae921de6337975ada124f7a383ab9c0c88d61dbbcec7d89729,False,D:\manifold\manifold_project\experiments\results\pair_estimation_20seeds_v1,993a058c136c24688c623203af1c038ee8cdc8ee4fa6d85ef73cd7be82fbc1b0,2d5f6f6b539f6c5aa4e32969abd8553e2e3a52988bbdb8e8d873f7bcd4ae4b82,cdcc83f5050bd2bc104f1a0e1479d6854a2b67e9a8ff2100cad6269d5b7fc115,0,2048,500
P-EA,AN,AN,mc_raw,1011,shared_offset,10,2048,2548,0.1,0.028828909419405413,0.01590032652782475,0.2718877279612753,0.21777245598623762,exact_population_Fisher_projection_diagnostic,0.15015170728513522,7.8266919954611e-05,7.93391403363195e-05,7.815999401903085e-05,0.00014546693440517717,0.015994181208384695,0.0017115999944508076,0.13584066472738393,0.3595314384337236,0.30787816757948666,0.7077616953196221,1011,0.0019327176124044007,0.06459528238759553,a9a92f3663a6e5ae921de6337975ada124f7a383ab9c0c88d61dbbcec7d89729,False,D:\manifold\manifold_project\experiments\results\pair_estimation_20seeds_v1,993a058c136c24688c623203af1c038ee8cdc8ee4fa6d85ef73cd7be82fbc1b0,2d5f6f6b539f6c5aa4e32969abd8553e2e3a52988bbdb8e8d873f7bcd4ae4b82,cdcc83f5050bd2bc104f1a0e1479d6854a2b67e9a8ff2100cad6269d5b7fc115,0,2048,500
P-EA,AN,AN,mc_raw,1011,shared_offset,100,2048,2548,0.1,0.028828909419405413,0.023356996773328975,0.2718877279612753,0.21777245598623762,exact_population_Fisher_projection_diagnostic,0.21539174298340222,5.0270900450450705e-05,4.99035578094151e-05,5.0307533269823656e-05,0.00029919923648534313,0.010094893917524488,0.019841899978928268,0.13584066472738393,0.3595314384337236,0.31133674714968146,0.7110971181542437,1011,0.0019327176124044007,0.06459528238759553,a9a92f3663a6e5ae921de6337975ada124f7a383ab9c0c88d61dbbcec7d89729,False,D:\manifold\manifold_project\experiments\results\pair_estimation_20seeds_v1,993a058c136c24688c623203af1c038ee8cdc8ee4fa6d85ef73cd7be82fbc1b0,2d5f6f6b539f6c5aa4e32969abd8553e2e3a52988bbdb8e8d873f7bcd4ae4b82,cdcc83f5050bd2bc104f1a0e1479d6854a2b67e9a8ff2100cad6269d5b7fc115,0,2048,500
P-EA,AN,AN,mc_raw,1011,shared_offset,1000,2048,2548,0.1,0.028828909419405413,0.023443475081984078,0.2718877279612753,0.21777245598623762,exact_population_Fisher_projection_diagnostic,0.21613181223293593,5.026737958288673e-05,4.988359106813654e-05,5.030565244796611e-05,0.0003012572150383766,0.010091049564953424,0.15970580000430346,0.13584066472738393,0.3595314384337236,0.31137610253485776,0.7111348246176054,1011,0.0019327176124044007,0.06459528238759553,a9a92f3663a6e5ae921de6337975ada124f7a383ab9c0c88d61dbbcec7d89729,False,D:\manifold\manifold_project\experiments\results\pair_estimation_20seeds_v1,993a058c136c24688c623203af1c038ee8cdc8ee4fa6d85ef73cd7be82fbc1b0,2d5f6f6b539f6c5aa4e32969abd8553e2e3a52988bbdb8e8d873f7bcd4ae4b82,cdcc83f5050bd2bc104f1a0e1479d6854a2b67e9a8ff2100cad6269d5b7fc115,0,2048,500
P-EA,AN,AN,mc_raw,1012,table,1,2048,2548,0.1,0.02642971583158149,0.012670196241148457,0.2556442715666359,0.2556442715666359,exact_population_Fisher_projection_diagnostic,0.12095477758596265,0.0001375244647047146,0.00013681320751491845,0.00013774457242841064,9.439039154129705e-05,0.027996216356690577,0.0008635999402031302,0.0014014814755028688,0.35208781980331166,0.30633486360132106,0.7062619514571253,1012,0.0011853039295316038,0.06534269607046832,5d0fa12116693411f46423ad84fc757241271cf2233527ffe75ac973fde074fa,False,D:\manifold\manifold_project\experiments\results\pair_estimation_20seeds_v1,993a058c136c24688c623203af1c038ee8cdc8ee4fa6d85ef73cd7be82fbc1b0,2d5f6f6b539f6c5aa4e32969abd8553e2e3a52988bbdb8e8d873f7bcd4ae4b82,cdcc83f5050bd2bc104f1a0e1479d6854a2b67e9a8ff2100cad6269d5b7fc115,0,2048,500
P-EA,AN,AN,mc_raw,1012,table,10,2048,2548,0.1,0.02642971583158149,0.02827936752277299,0.2556442715666359,0.2556442715666359,exact_population_Fisher_projection_diagnostic,0.26959249172580607,1.029349128916107e-05,1.0526322358355149e-05,1.022143870764577e-05,0.00033869664025978593,0.0020416816494780534,0.002045899978838861,0.0014014814755028688,0.35208781980331166,0.3032966511562337,0.7150118443571692,1012,0.0011853039295316038,0.06534269607046832,5d0fa12116693411f46423ad84fc757241271cf2233527ffe75ac973fde074fa,False,D:\manifold\manifold_project\experiments\results\pair_estimation_20seeds_v1,993a058c136c24688c623203af1c038ee8cdc8ee4fa6d85ef73cd7be82fbc1b0,2d5f6f6b539f6c5aa4e32969abd8553e2e3a52988bbdb8e8d873f7bcd4ae4b82,cdcc83f5050bd2bc104f1a0e1479d6854a2b67e9a8ff2100cad6269d5b7fc115,0,2048,500
P-EA,AN,AN,mc_raw,1012,table,100,2048,2548,0.1,0.02642971583158149,0.026370738049366016,0.2556442715666359,0.2556442715666359,exact_population_Fisher_projection_diagnostic,0.25506102457171026,2.904819796521189e-09,2.8973790808947578e-09,2.9071224220730935e-09,0.0003078843664473972,5.92833259214255e-07,0.016467100009322166,0.0014014814755028688,0.35208781980331166,0.3000908768028474,0.7145401422778004,1012,0.0011853039295316038,0.06534269607046832,5d0fa12116693411f46423ad84fc757241271cf2233527ffe75ac973fde074fa,False,D:\manifold\manifold_project\experiments\results\pair_estimation_20seeds_v1,993a058c136c24688c623203af1c038ee8cdc8ee4fa6d85ef73cd7be82fbc1b0,2d5f6f6b539f6c5aa4e32969abd8553e2e3a52988bbdb8e8d873f7bcd4ae4b82,cdcc83f5050bd2bc104f1a0e1479d6854a2b67e9a8ff2100cad6269d5b7fc115,0,2048,500
P-EA,AN,AN,mc_raw,1012,table,1000,2048,2548,0.1,0.02642971583158149,0.026429715831581435,0.2556442715666359,0.2556442715666359,exact_population_Fisher_projection_diagnostic,0.2556442715666354,2.2381613373532423e-17,2.2911829115977228e-17,2.22175312639779e-17,0.00030943167183817,7.98641996231153e-31,0.1640915999887511,0.0014014814755028688,0.35208781980331166,0.30005886552154315,0.7145763790652008,1012,0.0011853039295316038,0.06534269607046832,5d0fa12116693411f46423ad84fc757241271cf2233527ffe75ac973fde074fa,False,D:\manifold\manifold_project\experiments\results\pair_estimation_20seeds_v1,993a058c136c24688c623203af1c038ee8cdc8ee4fa6d85ef73cd7be82fbc1b0,2d5f6f6b539f6c5aa4e32969abd8553e2e3a52988bbdb8e8d873f7bcd4ae4b82,cdcc83f5050bd2bc104f1a0e1479d6854a2b67e9a8ff2100cad6269d5b7fc115,0,2048,500
P-EA,AN,AN,mc_raw,1012,shared_offset,1,2048,2548,0.1,0.02642971583158149,0.01267092641637535,0.2556442715666359,0.1708062325983724,exact_population_Fisher_projection_diagnostic,0.12095986138768561,0.0001375563553837733,0.0001368458536959539,0.00013777622930762485,9.442234610571708e-05,0.02800250987605479,0.0006853999802842736,0.0014014814755028688,0.35208781980331166,0.30633754268566565,0.7062619514765641,1012,0.0011853039295316038,0.06534269607046832,5d0fa12116693411f46423ad84fc757241271cf2233527ffe75ac973fde074fa,False,D:\manifold\manifold_project\experiments\results\pair_estimation_20seeds_v1,993a058c136c24688c623203af1c038ee8cdc8ee4fa6d85ef73cd7be82fbc1b0,2d5f6f6b539f6c5aa4e32969abd8553e2e3a52988bbdb8e8d873f7bcd4ae4b82,cdcc83f5050bd2bc104f1a0e1479d6854a2b67e9a8ff2100cad6269d5b7fc115,0,2048,500
P-EA,AN,AN,mc_raw,1012,shared_offset,10,2048,2548,0.1,0.02642971583158149,0.009648364347878413,0.2556442715666359,0.1708062325983724,exact_population_Fisher_projection_diagnostic,0.09307657265289848,0.00015939943961037394,0.00015772664114806193,0.00015991710869973328,5.59186378383281e-05,0.032597571405131275,0.0023236999986693263,0.0014014814755028688,0.35208781980331166,0.30487000619492804,0.704825246234822,1012,0.0011853039295316038,0.06534269607046832,5d0fa12116693411f46423ad84fc757241271cf2233527ffe75ac973fde074fa,False,D:\manifold\manifold_project\experiments\results\pair_estimation_20seeds_v1,993a058c136c24688c623203af1c038ee8cdc8ee4fa6d85ef73cd7be82fbc1b0,2d5f6f6b539f6c5aa4e32969abd8553e2e3a52988bbdb8e8d873f7bcd4ae4b82,cdcc83f5050bd2bc104f1a0e1479d6854a2b67e9a8ff2100cad6269d5b7fc115,0,2048,500
P-EA,AN,AN,mc_raw,1012,shared_offset,100,2048,2548,0.1,0.02642971583158149,0.017815675383892116,0.2556442715666359,0.1708062325983724,exact_population_Fisher_projection_diagnostic,0.16718827019653598,0.00012341321722826674,0.00012430345613800248,0.0001231377212996782,0.0001803280320424261,0.024809859579814793,0.019818800035864115,0.0014014814755028688,0.35208781980331166,0.30877927164236524,0.7086348756070278,1012,0.0011853039295316038,0.06534269607046832,5d0fa12116693411f46423ad84fc757241271cf2233527ffe75ac973fde074fa,False,D:\manifold\manifold_project\experiments\results\pair_estimation_20seeds_v1,993a058c136c24688c623203af1c038ee8cdc8ee4fa6d85ef73cd7be82fbc1b0,2d5f6f6b539f6c5aa4e32969abd8553e2e3a52988bbdb8e8d873f7bcd4ae4b82,cdcc83f5050bd2bc104f1a0e1479d6854a2b67e9a8ff2100cad6269d5b7fc115,0,2048,500
P-EA,AN,AN,mc_raw,1012,shared_offset,1000,2048,2548,0.1,0.02642971583158149,0.017888521885946307,0.2556442715666359,0.1708062325983724,exact_population_Fisher_projection_diagnostic,0.16783228667276362,0.00012341054766041665,0.00012432314288895178,0.00012312813328023038,0.00018171914370439523,0.024804375719483206,0.1845712000504136,0.0014014814755028688,0.35208781980331166,0.3088133638096306,0.7086678534367044,1012,0.0011853039295316038,0.06534269607046832,5d0fa12116693411f46423ad84fc757241271cf2233527ffe75ac973fde074fa,False,D:\manifold\manifold_project\experiments\results\pair_estimation_20seeds_v1,993a058c136c24688c623203af1c038ee8cdc8ee4fa6d85ef73cd7be82fbc1b0,2d5f6f6b539f6c5aa4e32969abd8553e2e3a52988bbdb8e8d873f7bcd4ae4b82,cdcc83f5050bd2bc104f1a0e1479d6854a2b67e9a8ff2100cad6269d5b7fc115,0,2048,500
P-EA,AN,AN,mc_raw,1013,table,1,2048,2548,0.1,0.029964934723441916,0.012670919981127515,0.2835832349946168,0.2835832349946168,exact_population_Fisher_projection_diagnostic,0.12095981912096024,0.000131852321515715,0.00013485524591464574,0.00013102289615626826,9.442202993570504e-05,0.026848086254222463,0.0013085000682622194,0.1101626373455955,0.3784993936274638,0.30633751534966086,0.7062619520255147,1013,0.001017956194866756,0.06551004380513316,335e119c903b22eb3ab79892e45f3096166e1b9fece7a7f7c44c3e2b725a92e7,False,D:\manifold\manifold_project\experiments\results\pair_estimation_20seeds_v1,993a058c136c24688c623203af1c038ee8cdc8ee4fa6d85ef73cd7be82fbc1b0,2d5f6f6b539f6c5aa4e32969abd8553e2e3a52988bbdb8e8d873f7bcd4ae4b82,cdcc83f5050bd2bc104f1a0e1479d6854a2b67e9a8ff2100cad6269d5b7fc115,0,2048,500
P-EA,AN,AN,mc_raw,1013,table,10,2048,2548,0.1,0.029964934723441916,0.03402922377703643,0.2835832349946168,0.2835832349946168,exact_population_Fisher_projection_diagnostic,0.318669351368582,7.059576413855713e-06,7.09290457874362e-06,7.0503709789297625e-06,0.0004815985389173972,0.0014375493993838495,0.003306700033135712,0.1101626373455955,0.3784993936274638,0.30619863112870704,0.7174512513678611,1013,0.001017956194866756,0.06551004380513316,335e119c903b22eb3ab79892e45f3096166e1b9fece7a7f7c44c3e2b725a92e7,False,D:\manifold\manifold_project\experiments\results\pair_estimation_20seeds_v1,993a058c136c24688c623203af1c038ee8cdc8ee4fa6d85ef73cd7be82fbc1b0,2d5f6f6b539f6c5aa4e32969abd8553e2e3a52988bbdb8e8d873f7bcd4ae4b82,cdcc83f5050bd2bc104f1a0e1479d6854a2b67e9a8ff2100cad6269d5b7fc115,0,2048,500
P-EA,AN,AN,mc_raw,1013,table,100,2048,2548,0.1,0.029964934723441916,0.03007880615099101,0.2835832349946168,0.2835832349946168,exact_population_Fisher_projection_diagnostic,0.28462680895476294,5.069393395353804e-09,5.191029027183203e-09,5.035796919302809e-09,0.00038048906947497804,1.0393986620832163e-06,0.021072099916636944,0.1101626373455955,0.3784993936274638,0.3046478457526665,0.7157109617123149,1013,0.001017956194866756,0.06551004380513316,335e119c903b22eb3ab79892e45f3096166e1b9fece7a7f7c44c3e2b725a92e7,False,D:\manifold\manifold_project\experiments\results\pair_estimation_20seeds_v1,993a058c136c24688c623203af1c038ee8cdc8ee4fa6d85ef73cd7be82fbc1b0,2d5f6f6b539f6c5aa4e32969abd8553e2e3a52988bbdb8e8d873f7bcd4ae4b82,cdcc83f5050bd2bc104f1a0e1479d6854a2b67e9a8ff2100cad6269d5b7fc115,0,2048,500
P-EA,AN,AN,mc_raw,1013,table,1000,2048,2548,0.1,0.029964934723441916,0.02996493472344186,0.2835832349946168,0.2835832349946168,exact_population_Fisher_projection_diagnostic,0.28358323499461746,2.6787254554061994e-17,2.5806662675885698e-17,2.705809979123007e-17,0.00037778042084298625,2.34151173001898e-30,0.17937430005986243,0.1101626373455955,0.3784993936274638,0.3046471203428436,0.7156525217521394,1013,0.001017956194866756,0.06551004380513316,335e119c903b22eb3ab79892e45f3096166e1b9fece7a7f7c44c3e2b725a92e7,False,D:\manifold\manifold_project\experiments\results\pair_estimation_20seeds_v1,993a058c136c24688c623203af1c038ee8cdc8ee4fa6d85ef73cd7be82fbc1b0,2d5f6f6b539f6c5aa4e32969abd8553e2e3a52988bbdb8e8d873f7bcd4ae4b82,cdcc83f5050bd2bc104f1a0e1479d6854a2b67e9a8ff2100cad6269d5b7fc115,0,2048,500
P-EA,AN,AN,mc_raw,1013,shared_offset,1,2048,2548,0.1,0.029964934723441916,0.012670929866960945,0.2835832349946168,0.2186672069149072,exact_population_Fisher_projection_diagnostic,0.12095989290301712,0.00013185238353605167,0.0001348553038873316,0.00013102295929458984,9.44223952873453e-05,0.026848098565391516,0.0005230000242590904,0.1101626373455955,0.3784993936274638,0.3063375443465896,0.706261953098103,1013,0.001017956194866756,0.06551004380513316,335e119c903b22eb3ab79892e45f3096166e1b9fece7a7f7c44c3e2b725a92e7,False,D:\manifold\manifold_project\experiments\results\pair_estimation_20seeds_v1,993a058c136c24688c623203af1c038ee8cdc8ee4fa6d85ef73cd7be82fbc1b0,2d5f6f6b539f6c5aa4e32969abd8553e2e3a52988bbdb8e8d873f7bcd4ae4b82,cdcc83f5050bd2bc104f1a0e1479d6854a2b67e9a8ff2100cad6269d5b7fc115,0,2048,500
P-EA,AN,AN,mc_raw,1013,shared_offset,10,2048,2548,0.1,0.029964934723441916,0.016138061049045804,0.2835832349946168,0.2186672069149072,exact_population_Fisher_projection_diagnostic,0.15227725781904208,9.931318923113153e-05,0.00010106606166995107,9.882903556640721e-05,0.00014961231748560516,0.020209677457088134,0.001768499962054193,0.1101626373455955,0.3784993936274638,0.30799051324752846,0.7078707206801712,1013,0.001017956194866756,0.06551004380513316,335e119c903b22eb3ab79892e45f3096166e1b9fece7a7f7c44c3e2b725a92e7,False,D:\manifold\manifold_project\experiments\results\pair_estimation_20seeds_v1,993a058c136c24688c623203af1c038ee8cdc8ee4fa6d85ef73cd7be82fbc1b0,2d5f6f6b539f6c5aa4e32969abd8553e2e3a52988bbdb8e8d873f7bcd4ae4b82,cdcc83f5050bd2bc104f1a0e1479d6854a2b67e9a8ff2100cad6269d5b7fc115,0,2048,500
P-EA,AN,AN,mc_raw,1013,shared_offset,100,2048,2548,0.1,0.029964934723441916,0.023512345115705824,0.2835832349946168,0.2186672069149072,exact_population_Fisher_projection_diagnostic,0.216720933332412,7.207055482229717e-05,7.123241161414221e-05,7.230205490000083e-05,0.0003029004721948215,0.014521023459777896,0.01672559999860823,0.1101626373455955,0.3784993936274638,0.31140743275098876,0.7111648381968809,1013,0.001017956194866756,0.06551004380513316,335e119c903b22eb3ab79892e45f3096166e1b9fece7a7f7c44c3e2b725a92e7,False,D:\manifold\manifold_project\experiments\results\pair_estimation_20seeds_v1,993a058c136c24688c623203af1c038ee8cdc8ee4fa6d85ef73cd7be82fbc1b0,2d5f6f6b539f6c5aa4e32969abd8553e2e3a52988bbdb8e8d873f7bcd4ae4b82,cdcc83f5050bd2bc104f1a0e1479d6854a2b67e9a8ff2100cad6269d5b7fc115,0,2048,500
P-EA,AN,AN,mc_raw,1013,shared_offset,1000,2048,2548,0.1,0.029964934723441916,0.02358798222858932,0.2835832349946168,0.2186672069149072,exact_population_Fisher_projection_diagnostic,0.21736767646268476,7.206786639472403e-05,7.120356754297438e-05,7.230659081483797e-05,0.0003047095948686282,0.01451831181767815,0.17956359998788685,0.1101626373455955,0.3784993936274638,0.31144182936894016,0.7111977852766628,1013,0.001017956194866756,0.06551004380513316,335e119c903b22eb3ab79892e45f3096166e1b9fece7a7f7c44c3e2b725a92e7,False,D:\manifold\manifold_project\experiments\results\pair_estimation_20seeds_v1,993a058c136c24688c623203af1c038ee8cdc8ee4fa6d85ef73cd7be82fbc1b0,2d5f6f6b539f6c5aa4e32969abd8553e2e3a52988bbdb8e8d873f7bcd4ae4b82,cdcc83f5050bd2bc104f1a0e1479d6854a2b67e9a8ff2100cad6269d5b7fc115,0,2048,500
P-EA,AN,AN,mc_raw,1014,table,1,2048,2548,0.1,0.025934267193886695,0.01267091474038562,0.2477821907807409,0.2477821907807409,exact_population_Fisher_projection_diagnostic,0.12095977860579639,9.10644178159217e-05,9.019861097576973e-05,9.037277013062596e-05,9.442185530588593e-05,0.01843226647022824,0.0010027000680565834,0.08006620713821275,0.3325144012305935,0.30633750203510185,0.7062619511536055,1014,0.0005160421991702387,0.0660119578008297,000f5e623f69a9cd86788d599504306e4676610bbf6bbec036fc988533454826,False,D:\manifold\manifold_project\experiments\results\pair_estimation_20seeds_v1,993a058c136c24688c623203af1c038ee8cdc8ee4fa6d85ef73cd7be82fbc1b0,2d5f6f6b539f6c5aa4e32969abd8553e2e3a52988bbdb8e8d873f7bcd4ae4b82,cdcc83f5050bd2bc104f1a0e1479d6854a2b67e9a8ff2100cad6269d5b7fc115,0,2048,500
P-EA,AN,AN,mc_raw,1014,table,10,2048,2548,0.1,0.025934267193886695,0.02541227922939715,0.2477821907807409,0.2477821907807409,exact_population_Fisher_projection_diagnostic,0.24112949343775697,3.3310121485508386e-06,3.379383183378496e-06,3.369653231899287e-06,0.0002787073371191707,0.0006721848440207639,0.0024874999653548002,0.08006620713821275,0.3325144012305935,0.30512735782317,0.7132143323072098,1014,0.0005160421991702387,0.0660119578008297,000f5e623f69a9cd86788d599504306e4676610bbf6bbec036fc988533454826,False,D:\manifold\manifold_project\experiments\results\pair_estimation_20seeds_v1,993a058c136c24688c623203af1c038ee8cdc8ee4fa6d85ef73cd7be82fbc1b0,2d5f6f6b539f6c5aa4e32969abd8553e2e3a52988bbdb8e8d873f7bcd4ae4b82,cdcc83f5050bd2bc104f1a0e1479d6854a2b67e9a8ff2100cad6269d5b7fc115,0,2048,500
P-EA,AN,AN,mc_raw,1014,table,100,2048,2548,0.1,0.025934267193886695,0.025820219476518025,0.2477821907807409,0.2477821907807409,exact_population_Fisher_projection_diagnostic,0.2467356191241692,5.062566354241555e-09,5.004822815461556e-09,5.016438068940681e-09,0.0002845175897644349,1.0302289094961483e-06,0.024905500002205372,0.08006620713821275,0.3325144012305935,0.303361001592971,0.7137197008073766,1014,0.0005160421991702387,0.0660119578008297,000f5e623f69a9cd86788d599504306e4676610bbf6bbec036fc988533454826,False,D:\manifold\manifold_project\experiments\results\pair_estimation_20seeds_v1,993a058c136c24688c623203af1c038ee8cdc8ee4fa6d85ef73cd7be82fbc1b0,2d5f6f6b539f6c5aa4e32969abd8553e2e3a52988bbdb8e8d873f7bcd4ae4b82,cdcc83f5050bd2bc104f1a0e1479d6854a2b67e9a8ff2100cad6269d5b7fc115,0,2048,500
P-EA,AN,AN,mc_raw,1014,table,1000,2048,2548,0.1,0.025934267193886695,0.025934267193886695,0.2477821907807409,0.2477821907807409,exact_population_Fisher_projection_diagnostic,0.2477821907807411,-2.6543700486258612e-17,-2.7046024394345548e-17,-2.694498071665806e-17,0.00028692216350185534,6.276990874746878e-31,0.22658010001759976,0.08006620713821275,0.3325144012305935,0.3033735127876161,0.7137772817865852,1014,0.0005160421991702387,0.0660119578008297,000f5e623f69a9cd86788d599504306e4676610bbf6bbec036fc988533454826,False,D:\manifold\manifold_project\experiments\results\pair_estimation_20seeds_v1,993a058c136c24688c623203af1c038ee8cdc8ee4fa6d85ef73cd7be82fbc1b0,2d5f6f6b539f6c5aa4e32969abd8553e2e3a52988bbdb8e8d873f7bcd4ae4b82,cdcc83f5050bd2bc104f1a0e1479d6854a2b67e9a8ff2100cad6269d5b7fc115,0,2048,500
P-EA,AN,AN,mc_raw,1014,shared_offset,1,2048,2548,0.1,0.025934267193886695,0.012670927908132734,0.2477821907807409,0.18670992366591213,exact_population_Fisher_projection_diagnostic,0.12095987501239626,9.106462271468951e-05,9.019882045412325e-05,9.037297868778466e-05,9.442236736790041e-05,0.018432307674962744,0.0009947000071406364,0.08006620713821275,0.3325144012305935,0.30633754340371644,0.7062619521775879,1014,0.0005160421991702387,0.0660119578008297,000f5e623f69a9cd86788d599504306e4676610bbf6bbec036fc988533454826,False,D:\manifold\manifold_project\experiments\results\pair_estimation_20seeds_v1,993a058c136c24688c623203af1c038ee8cdc8ee4fa6d85ef73cd7be82fbc1b0,2d5f6f6b539f6c5aa4e32969abd8553e2e3a52988bbdb8e8d873f7bcd4ae4b82,cdcc83f5050bd2bc104f1a0e1479d6854a2b67e9a8ff2100cad6269d5b7fc115,0,2048,500
P-EA,AN,AN,mc_raw,1014,shared_offset,10,2048,2548,0.1,0.025934267193886695,0.01126474678171524,0.2477821907807409,0.18670992366591213,exact_population_Fisher_projection_diagnostic,0.10805742694327486,0.00010297235402651851,0.00010185667264801426,0.00010208109467491222,7.535989131837953e-05,0.02083902573098948,0.0036949999630451202,0.08006620713821275,0.3325144012305935,0.3056579790620642,0.7055976525837488,1014,0.0005160421991702387,0.0660119578008297,000f5e623f69a9cd86788d599504306e4676610bbf6bbec036fc988533454826,False,D:\manifold\manifold_project\experiments\results\pair_estimation_20seeds_v1,993a058c136c24688c623203af1c038ee8cdc8ee4fa6d85ef73cd7be82fbc1b0,2d5f6f6b539f6c5aa4e32969abd8553e2e3a52988bbdb8e8d873f7bcd4ae4b82,cdcc83f5050bd2bc104f1a0e1479d6854a2b67e9a8ff2100cad6269d5b7fc115,0,2048,500
P-EA,AN,AN,mc_raw,1014,shared_offset,100,2048,2548,0.1,0.025934267193886695,0.020076214577714024,0.2477821907807409,0.18670992366591213,exact_population_Fisher_projection_diagnostic,0.18704223222301888,6.368481464808287e-05,6.410573140833143e-05,6.402106297672597e-05,0.00022566792801647953,0.0128481289317799,0.02419310004916042,0.08006620713821275,0.3325144012305935,0.3098312330236425,0.7096505159360881,1014,0.0005160421991702387,0.0660119578008297,000f5e623f69a9cd86788d599504306e4676610bbf6bbec036fc988533454826,False,D:\manifold\manifold_project\experiments\results\pair_estimation_20seeds_v1,993a058c136c24688c623203af1c038ee8cdc8ee4fa6d85ef73cd7be82fbc1b0,2d5f6f6b539f6c5aa4e32969abd8553e2e3a52988bbdb8e8d873f7bcd4ae4b82,cdcc83f5050bd2bc104f1a0e1479d6854a2b67e9a8ff2100cad6269d5b7fc115,0,2048,500
P-EA,AN,AN,mc_raw,1014,shared_offset,1000,2048,2548,0.1,0.025934267193886695,0.01997904797159883,0.2477821907807409,0.18670992366591213,exact_population_Fisher_projection_diagnostic,0.18619432305593436,6.36801906179809e-05,6.408451032484104e-05,6.400318043095227e-05,0.00022362789688886548,0.012848329689018655,0.15732150000985712,0.08006620713821275,0.3325144012305935,0.30978626622858624,0.7096071834571228,1014,0.0005160421991702387,0.0660119578008297,000f5e623f69a9cd86788d599504306e4676610bbf6bbec036fc988533454826,False,D:\manifold\manifold_project\experiments\results\pair_estimation_20seeds_v1,993a058c136c24688c623203af1c038ee8cdc8ee4fa6d85ef73cd7be82fbc1b0,2d5f6f6b539f6c5aa4e32969abd8553e2e3a52988bbdb8e8d873f7bcd4ae4b82,cdcc83f5050bd2bc104f1a0e1479d6854a2b67e9a8ff2100cad6269d5b7fc115,0,2048,500
P-EA,AN,AN,mc_raw,1015,table,1,2048,2548,0.1,0.02947824578396324,0.012670914723928006,0.2810339975724165,0.2810339975724165,exact_population_Fisher_projection_diagnostic,0.12095978238726242,0.0001400605161457491,0.00013978198247507833,0.00014006512457842064,9.442180161562102e-05,0.0286518321506221,0.0017314000288024545,0.07041149917007228,0.37940367928701224,0.30633749625438256,0.7062619519968607,1015,0.00022617956584549943,0.06630182043415443,dc974ca1fe6fc0dd06214fba4c5205a4d453216faf7c231ae59e608befd69bb1,False,D:\manifold\manifold_project\experiments\results\pair_estimation_20seeds_v1,993a058c136c24688c623203af1c038ee8cdc8ee4fa6d85ef73cd7be82fbc1b0,2d5f6f6b539f6c5aa4e32969abd8553e2e3a52988bbdb8e8d873f7bcd4ae4b82,cdcc83f5050bd2bc104f1a0e1479d6854a2b67e9a8ff2100cad6269d5b7fc115,0,2048,500
P-EA,AN,AN,mc_raw,1015,table,10,2048,2548,0.1,0.02947824578396324,0.03355471785970948,0.2810339975724165,0.2810339975724165,exact_population_Fisher_projection_diagnostic,0.31672527736629086,6.9568960504897385e-06,6.9516171577128536e-06,6.95698339153502e-06,0.00046786916247403866,0.001422535264238183,0.0024585999781265855,0.07041149917007228,0.37940367928701224,0.3043922360588323,0.7175344813310118,1015,0.00022617956584549943,0.06630182043415443,dc974ca1fe6fc0dd06214fba4c5205a4d453216faf7c231ae59e608befd69bb1,False,D:\manifold\manifold_project\experiments\results\pair_estimation_20seeds_v1,993a058c136c24688c623203af1c038ee8cdc8ee4fa6d85ef73cd7be82fbc1b0,2d5f6f6b539f6c5aa4e32969abd8553e2e3a52988bbdb8e8d873f7bcd4ae4b82,cdcc83f5050bd2bc104f1a0e1479d6854a2b67e9a8ff2100cad6269d5b7fc115,0,2048,500
P-EA,AN,AN,mc_raw,1015,table,100,2048,2548,0.1,0.02947824578396324,0.029598727899878885,0.2810339975724165,0.2810339975724165,exact_population_Fisher_projection_diagnostic,0.2821333349182676,5.505836821456749e-09,5.493074257683859e-09,5.506047982339819e-09,0.00037024279510531314,1.1355998915404188e-06,0.018455800018273294,0.07041149917007228,0.37940367928701224,0.30297714935822107,0.7157497251393069,1015,0.00022617956584549943,0.06630182043415443,dc974ca1fe6fc0dd06214fba4c5205a4d453216faf7c231ae59e608befd69bb1,False,D:\manifold\manifold_project\experiments\results\pair_estimation_20seeds_v1,993a058c136c24688c623203af1c038ee8cdc8ee4fa6d85ef73cd7be82fbc1b0,2d5f6f6b539f6c5aa4e32969abd8553e2e3a52988bbdb8e8d873f7bcd4ae4b82,cdcc83f5050bd2bc104f1a0e1479d6854a2b67e9a8ff2100cad6269d5b7fc115,0,2048,500
P-EA,AN,AN,mc_raw,1015,table,1000,2048,2548,0.1,0.02947824578396324,0.02947824578396352,0.2810339975724165,0.2810339975724165,exact_population_Fisher_projection_diagnostic,0.28103399757241926,6.308243267578539e-17,6.314248759211447e-17,6.308143904712342e-17,0.0003673777795682039,7.576910387034666e-30,0.16937110002618283,0.07041149917007228,0.37940367928701224,0.30296558641163596,0.7156893236560478,1015,0.00022617956584549943,0.06630182043415443,dc974ca1fe6fc0dd06214fba4c5205a4d453216faf7c231ae59e608befd69bb1,False,D:\manifold\manifold_project\experiments\results\pair_estimation_20seeds_v1,993a058c136c24688c623203af1c038ee8cdc8ee4fa6d85ef73cd7be82fbc1b0,2d5f6f6b539f6c5aa4e32969abd8553e2e3a52988bbdb8e8d873f7bcd4ae4b82,cdcc83f5050bd2bc104f1a0e1479d6854a2b67e9a8ff2100cad6269d5b7fc115,0,2048,500
P-EA,AN,AN,mc_raw,1015,shared_offset,1,2048,2548,0.1,0.02947824578396324,0.01267092909820472,0.2810339975724165,0.20628260935852635,exact_population_Fisher_projection_diagnostic,0.12095988588171366,0.00014006079889703653,0.00013978226639340205,0.0001400654073103991,9.442238433019537e-05,0.028651888082721635,0.0005095000378787518,0.07041149917007228,0.37940367928701224,0.3063375439765522,0.7062619527368402,1015,0.00022617956584549943,0.06630182043415443,dc974ca1fe6fc0dd06214fba4c5205a4d453216faf7c231ae59e608befd69bb1,False,D:\manifold\manifold_project\experiments\results\pair_estimation_20seeds_v1,993a058c136c24688c623203af1c038ee8cdc8ee4fa6d85ef73cd7be82fbc1b0,2d5f6f6b539f6c5aa4e32969abd8553e2e3a52988bbdb8e8d873f7bcd4ae4b82,cdcc83f5050bd2bc104f1a0e1479d6854a2b67e9a8ff2100cad6269d5b7fc115,0,2048,500
P-EA,AN,AN,mc_raw,1015,shared_offset,10,2048,2548,0.1,0.02947824578396324,0.013744597348583132,0.2810339975724165,0.20628260935852635,exact_population_Fisher_projection_diagnostic,0.1307320384180667,0.00013023653253794922,0.0001300037967275709,0.00013024038322971586,0.00011028762401066127,0.026621156885333,0.0019547000993043184,0.07041149917007228,0.37940367928701224,0.3068527984953239,0.7067645017949016,1015,0.00022617956584549943,0.06630182043415443,dc974ca1fe6fc0dd06214fba4c5205a4d453216faf7c231ae59e608befd69bb1,False,D:\manifold\manifold_project\experiments\results\pair_estimation_20seeds_v1,993a058c136c24688c623203af1c038ee8cdc8ee4fa6d85ef73cd7be82fbc1b0,2d5f6f6b539f6c5aa4e32969abd8553e2e3a52988bbdb8e8d873f7bcd4ae4b82,cdcc83f5050bd2bc104f1a0e1479d6854a2b67e9a8ff2100cad6269d5b7fc115,0,2048,500
P-EA,AN,AN,mc_raw,1015,shared_offset,100,2048,2548,0.1,0.02947824578396324,0.02194377035143741,0.2810339975724165,0.20628260935852635,exact_population_Fisher_projection_diagnostic,0.20324575801647257,9.57514327946894e-05,9.586023921619313e-05,9.574963255608079e-05,0.0002664300604325244,0.01925990845693273,0.017178599955514073,0.07041149917007228,0.37940367928701224,0.31069123796074527,0.7104778639851536,1015,0.00022617956584549943,0.06630182043415443,dc974ca1fe6fc0dd06214fba4c5205a4d453216faf7c231ae59e608befd69bb1,False,D:\manifold\manifold_project\experiments\results\pair_estimation_20seeds_v1,993a058c136c24688c623203af1c038ee8cdc8ee4fa6d85ef73cd7be82fbc1b0,2d5f6f6b539f6c5aa4e32969abd8553e2e3a52988bbdb8e8d873f7bcd4ae4b82,cdcc83f5050bd2bc104f1a0e1479d6854a2b67e9a8ff2100cad6269d5b7fc115,0,2048,500
P-EA,AN,AN,mc_raw,1015,shared_offset,1000,2048,2548,0.1,0.02947824578396324,0.022024908307501534,0.2810339975724165,0.20628260935852635,exact_population_Fisher_projection_diagnostic,0.20394576250817853,9.574828179904495e-05,9.586040263498847e-05,9.57464267223417e-05,0.00026826711445542933,0.019255049395993623,0.22943319997284561,0.07041149917007228,0.37940367928701224,0.310728420357498,0.7105135745531809,1015,0.00022617956584549943,0.06630182043415443,dc974ca1fe6fc0dd06214fba4c5205a4d453216faf7c231ae59e608befd69bb1,False,D:\manifold\manifold_project\experiments\results\pair_estimation_20seeds_v1,993a058c136c24688c623203af1c038ee8cdc8ee4fa6d85ef73cd7be82fbc1b0,2d5f6f6b539f6c5aa4e32969abd8553e2e3a52988bbdb8e8d873f7bcd4ae4b82,cdcc83f5050bd2bc104f1a0e1479d6854a2b67e9a8ff2100cad6269d5b7fc115,0,2048,500
P-EA,AN,AN,mc_raw,1016,table,1,2048,2548,0.1,0.02677783914699211,0.012670913237190218,0.2560931267307829,0.2560931267307829,exact_population_Fisher_projection_diagnostic,0.12095976906360183,0.00010493020240596016,0.00010395293181752853,0.00010491764108734278,9.442177695521518e-05,0.02140472528088087,0.0009243999375030398,0.06903604175027808,0.3451913309138566,0.30633749516404063,0.7062619513534325,1016,0.00013795994374414967,0.06639004005625579,1635130558f0e110a8df0d2d121dfd0306679134b6baa6d98411c081ad53f6cc,False,D:\manifold\manifold_project\experiments\results\pair_estimation_20seeds_v1,993a058c136c24688c623203af1c038ee8cdc8ee4fa6d85ef73cd7be82fbc1b0,2d5f6f6b539f6c5aa4e32969abd8553e2e3a52988bbdb8e8d873f7bcd4ae4b82,cdcc83f5050bd2bc104f1a0e1479d6854a2b67e9a8ff2100cad6269d5b7fc115,0,2048,500
P-EA,AN,AN,mc_raw,1016,table,10,2048,2548,0.1,0.02677783914699211,0.027376735622357817,0.2560931267307829,0.2560931267307829,exact_population_Fisher_projection_diagnostic,0.260170393800351,1.8198054677872667e-06,1.8540750119261497e-06,1.8202459503597459e-06,0.0003183349307096021,0.0003618159911147188,0.0029331000987440348,0.06903604175027808,0.3451913309138566,0.30429129369044683,0.7143758592998082,1016,0.00013795994374414967,0.06639004005625579,1635130558f0e110a8df0d2d121dfd0306679134b6baa6d98411c081ad53f6cc,False,D:\manifold\manifold_project\experiments\results\pair_estimation_20seeds_v1,993a058c136c24688c623203af1c038ee8cdc8ee4fa6d85ef73cd7be82fbc1b0,2d5f6f6b539f6c5aa4e32969abd8553e2e3a52988bbdb8e8d873f7bcd4ae4b82,cdcc83f5050bd2bc104f1a0e1479d6854a2b67e9a8ff2100cad6269d5b7fc115,0,2048,500
P-EA,AN,AN,mc_raw,1016,table,100,2048,2548,0.1,0.02677783914699211,0.026677142133112786,0.2560931267307829,0.2560931267307829,exact_population_Fisher_projection_diagnostic,0.2551453302208435,4.532345527214949e-09,4.47953600943388e-09,4.531666741639358e-09,0.00030327986047277587,9.316038230779749e-07,0.01940589991863817,0.06903604175027808,0.3451913309138566,0.30291984730932653,0.714240346480627,1016,0.00013795994374414967,0.06639004005625579,1635130558f0e110a8df0d2d121dfd0306679134b6baa6d98411c081ad53f6cc,False,D:\manifold\manifold_project\experiments\results\pair_estimation_20seeds_v1,993a058c136c24688c623203af1c038ee8cdc8ee4fa6d85ef73cd7be82fbc1b0,2d5f6f6b539f6c5aa4e32969abd8553e2e3a52988bbdb8e8d873f7bcd4ae4b82,cdcc83f5050bd2bc104f1a0e1479d6854a2b67e9a8ff2100cad6269d5b7fc115,0,2048,500
P-EA,AN,AN,mc_raw,1016,table,1000,2048,2548,0.1,0.02677783914699211,0.026777839146992277,0.2560931267307829,0.2560931267307829,exact_population_Fisher_projection_diagnostic,0.256093126730783,4.5868879954026756e-17,4.674033266719487e-17,4.588008114571272e-17,0.0003055032457888827,4.8322993626138985e-29,0.20663549995515496,0.06903604175027808,0.3451913309138566,0.3029074964453133,0.7142949784192331,1016,0.00013795994374414967,0.06639004005625579,1635130558f0e110a8df0d2d121dfd0306679134b6baa6d98411c081ad53f6cc,False,D:\manifold\manifold_project\experiments\results\pair_estimation_20seeds_v1,993a058c136c24688c623203af1c038ee8cdc8ee4fa6d85ef73cd7be82fbc1b0,2d5f6f6b539f6c5aa4e32969abd8553e2e3a52988bbdb8e8d873f7bcd4ae4b82,cdcc83f5050bd2bc104f1a0e1479d6854a2b67e9a8ff2100cad6269d5b7fc115,0,2048,500
P-EA,AN,AN,mc_raw,1016,shared_offset,1,2048,2548,0.1,0.02677783914699211,0.01267092799712699,0.2560931267307829,0.18928563917632993,exact_population_Fisher_projection_diagnostic,0.12095987582521014,0.00010493049395158359,0.00010395322953922918,0.00010491793271235026,9.442236863634949e-05,0.021404782985786772,0.0008450000314041972,0.06903604175027808,0.3451913309138566,0.30633754344655345,0.7062619522194091,1016,0.00013795994374414967,0.06639004005625579,1635130558f0e110a8df0d2d121dfd0306679134b6baa6d98411c081ad53f6cc,False,D:\manifold\manifold_project\experiments\results\pair_estimation_20seeds_v1,993a058c136c24688c623203af1c038ee8cdc8ee4fa6d85ef73cd7be82fbc1b0,2d5f6f6b539f6c5aa4e32969abd8553e2e3a52988bbdb8e8d873f7bcd4ae4b82,cdcc83f5050bd2bc104f1a0e1479d6854a2b67e9a8ff2100cad6269d5b7fc115,0,2048,500
P-EA,AN,AN,mc_raw,1016,shared_offset,10,2048,2548,0.1,0.02677783914699211,0.0114050890068369,0.2560931267307829,0.18928563917632993,exact_population_Fisher_projection_diagnostic,0.10935051754152997,0.00011572934894358602,0.00011450147229632544,0.00011571356646740016,7.71736118029484e-05,0.023628159687352688,0.002938999910838902,0.06903604175027808,0.3451913309138566,0.30572604732729664,0.7056642685279338,1016,0.00013795994374414967,0.06639004005625579,1635130558f0e110a8df0d2d121dfd0306679134b6baa6d98411c081ad53f6cc,False,D:\manifold\manifold_project\experiments\results\pair_estimation_20seeds_v1,993a058c136c24688c623203af1c038ee8cdc8ee4fa6d85ef73cd7be82fbc1b0,2d5f6f6b539f6c5aa4e32969abd8553e2e3a52988bbdb8e8d873f7bcd4ae4b82,cdcc83f5050bd2bc104f1a0e1479d6854a2b67e9a8ff2100cad6269d5b7fc115,0,2048,500
P-EA,AN,AN,mc_raw,1016,shared_offset,100,2048,2548,0.1,0.02677783914699211,0.020211019843111966,0.2560931267307829,0.18928563917632993,exact_population_Fisher_projection_diagnostic,0.18821778468924075,7.652794427226233e-05,7.700978506103794e-05,7.653413759859621e-05,0.00022851155611615867,0.01537584053540586,0.026277299970388412,0.06903604175027808,0.3451913309138566,0.30989358153197455,0.7097105863364639,1016,0.00013795994374414967,0.06639004005625579,1635130558f0e110a8df0d2d121dfd0306679134b6baa6d98411c081ad53f6cc,False,D:\manifold\manifold_project\experiments\results\pair_estimation_20seeds_v1,993a058c136c24688c623203af1c038ee8cdc8ee4fa6d85ef73cd7be82fbc1b0,2d5f6f6b539f6c5aa4e32969abd8553e2e3a52988bbdb8e8d873f7bcd4ae4b82,cdcc83f5050bd2bc104f1a0e1479d6854a2b67e9a8ff2100cad6269d5b7fc115,0,2048,500
P-EA,AN,AN,mc_raw,1016,shared_offset,1000,2048,2548,0.1,0.02677783914699211,0.02011668461974303,0.2560931267307829,0.18928563917632993,exact_population_Fisher_projection_diagnostic,0.18739524430817475,7.6523591969809e-05,7.698750039034698e-05,7.652955480297788e-05,0.00022651998634346562,0.015378983722657842,0.18930079997517169,0.06903604175027808,0.3451913309138566,0.30984995521922554,0.7096685555259583,1016,0.00013795994374414967,0.06639004005625579,1635130558f0e110a8df0d2d121dfd0306679134b6baa6d98411c081ad53f6cc,False,D:\manifold\manifold_project\experiments\results\pair_estimation_20seeds_v1,993a058c136c24688c623203af1c038ee8cdc8ee4fa6d85ef73cd7be82fbc1b0,2d5f6f6b539f6c5aa4e32969abd8553e2e3a52988bbdb8e8d873f7bcd4ae4b82,cdcc83f5050bd2bc104f1a0e1479d6854a2b67e9a8ff2100cad6269d5b7fc115,0,2048,500
P-EA,AN,AN,mc_raw,1017,table,1,2048,2548,0.1,0.028565637636141117,0.012670889144319464,0.2745907701571857,0.2745907701571857,exact_population_Fisher_projection_diagnostic,0.12095960412117189,0.00015136525611404337,0.00014912158774267048,0.00015098401296931643,9.442068435487825e-05,0.03079645837788114,0.0014135000528767705,0.025900081201203184,0.3754714886589517,0.30633740265820164,0.7062619519584851,1017,0.0005113432477677342,0.06601665675223221,ed70c2ed9948acf0fc6925ff1291643b7a785fcc5dbfe9ce0030cafe5d6acac9,False,D:\manifold\manifold_project\experiments\results\pair_estimation_20seeds_v1,993a058c136c24688c623203af1c038ee8cdc8ee4fa6d85ef73cd7be82fbc1b0,2d5f6f6b539f6c5aa4e32969abd8553e2e3a52988bbdb8e8d873f7bcd4ae4b82,cdcc83f5050bd2bc104f1a0e1479d6854a2b67e9a8ff2100cad6269d5b7fc115,0,2048,500
P-EA,AN,AN,mc_raw,1017,table,10,2048,2548,0.1,0.028565637636141117,0.03242313323124041,0.2745907701571857,0.2745907701571857,exact_population_Fisher_projection_diagnostic,0.30790429730444946,8.065331806544508e-06,8.121244345658872e-06,8.074832440646075e-06,0.00044050262732842207,0.0016384614316122753,0.00414109998382628,0.025900081201203184,0.3754714886589517,0.3031652690327095,0.7171723094757023,1017,0.0005113432477677342,0.06601665675223221,ed70c2ed9948acf0fc6925ff1291643b7a785fcc5dbfe9ce0030cafe5d6acac9,False,D:\manifold\manifold_project\experiments\results\pair_estimation_20seeds_v1,993a058c136c24688c623203af1c038ee8cdc8ee4fa6d85ef73cd7be82fbc1b0,2d5f6f6b539f6c5aa4e32969abd8553e2e3a52988bbdb8e8d873f7bcd4ae4b82,cdcc83f5050bd2bc104f1a0e1479d6854a2b67e9a8ff2100cad6269d5b7fc115,0,2048,500
P-EA,AN,AN,mc_raw,1017,table,100,2048,2548,0.1,0.028565637636141117,0.028666666937147867,0.2745907701571857,0.2745907701571857,exact_population_Fisher_projection_diagnostic,0.27551855248838275,3.949500968776132e-09,3.855891762367001e-09,3.933594933516126e-09,0.0003551471210678028,8.107493089453046e-07,0.021819200017489493,0.025900081201203184,0.3754714886589517,0.3011010190950721,0.7155800127798962,1017,0.0005113432477677342,0.06601665675223221,ed70c2ed9948acf0fc6925ff1291643b7a785fcc5dbfe9ce0030cafe5d6acac9,False,D:\manifold\manifold_project\experiments\results\pair_estimation_20seeds_v1,993a058c136c24688c623203af1c038ee8cdc8ee4fa6d85ef73cd7be82fbc1b0,2d5f6f6b539f6c5aa4e32969abd8553e2e3a52988bbdb8e8d873f7bcd4ae4b82,cdcc83f5050bd2bc104f1a0e1479d6854a2b67e9a8ff2100cad6269d5b7fc115,0,2048,500
P-EA,AN,AN,mc_raw,1017,table,1000,2048,2548,0.1,0.028565637636141117,0.028565637636141172,0.2745907701571857,0.2745907701571857,exact_population_Fisher_projection_diagnostic,0.27459077015718514,2.1816555706363496e-17,2.267645642246293e-17,2.1962669658559726e-17,0.0003527954024284153,4.794326803383987e-30,0.19110719999298453,0.025900081201203184,0.3754714886589517,0.3010889291096492,0.7155292735677078,1017,0.0005113432477677342,0.06601665675223221,ed70c2ed9948acf0fc6925ff1291643b7a785fcc5dbfe9ce0030cafe5d6acac9,False,D:\manifold\manifold_project\experiments\results\pair_estimation_20seeds_v1,993a058c136c24688c623203af1c038ee8cdc8ee4fa6d85ef73cd7be82fbc1b0,2d5f6f6b539f6c5aa4e32969abd8553e2e3a52988bbdb8e8d873f7bcd4ae4b82,cdcc83f5050bd2bc104f1a0e1479d6854a2b67e9a8ff2100cad6269d5b7fc115,0,2048,500
P-EA,AN,AN,mc_raw,1017,shared_offset,1,2048,2548,0.1,0.028565637636141117,0.012670928067199605,0.2745907701571857,0.1900224552650071,exact_population_Fisher_projection_diagnostic,0.12095987646520617,0.00015136663024841054,0.00014912301655600725,0.0001509853963947101,9.442236963515365e-05,0.03079673309748482,0.0007513000164180994,0.025900081201203184,0.3754714886589517,0.30633754348028264,0.7062619522523385,1017,0.0005113432477677342,0.06601665675223221,ed70c2ed9948acf0fc6925ff1291643b7a785fcc5dbfe9ce0030cafe5d6acac9,False,D:\manifold\manifold_project\experiments\results\pair_estimation_20seeds_v1,993a058c136c24688c623203af1c038ee8cdc8ee4fa6d85ef73cd7be82fbc1b0,2d5f6f6b539f6c5aa4e32969abd8553e2e3a52988bbdb8e8d873f7bcd4ae4b82,cdcc83f5050bd2bc104f1a0e1479d6854a2b67e9a8ff2100cad6269d5b7fc115,0,2048,500
P-EA,AN,AN,mc_raw,1017,shared_offset,10,2048,2548,0.1,0.028565637636141117,0.011523348913831055,0.2745907701571857,0.1900224552650071,exact_population_Fisher_projection_diagnostic,0.11043921223029295,0.00016121113812748213,0.00015837459935435193,0.00016072915470434975,7.871735145027065e-05,0.032816838893620394,0.0025434999261051416,0.025900081201203184,0.3754714886589517,0.30578336277297136,0.7057203478269318,1017,0.0005113432477677342,0.06601665675223221,ed70c2ed9948acf0fc6925ff1291643b7a785fcc5dbfe9ce0030cafe5d6acac9,False,D:\manifold\manifold_project\experiments\results\pair_estimation_20seeds_v1,993a058c136c24688c623203af1c038ee8cdc8ee4fa6d85ef73cd7be82fbc1b0,2d5f6f6b539f6c5aa4e32969abd8553e2e3a52988bbdb8e8d873f7bcd4ae4b82,cdcc83f5050bd2bc104f1a0e1479d6854a2b67e9a8ff2100cad6269d5b7fc115,0,2048,500
P-EA,AN,AN,mc_raw,1017,shared_offset,100,2048,2548,0.1,0.028565637636141117,0.020319408199741706,0.2745907701571857,0.1900224552650071,exact_population_Fisher_projection_diagnostic,0.18916229503613716,0.00012212069952513503,0.00012373594857471176,0.00012239516193456937,0.00023080918109576984,0.02463650978649952,0.017462500021792948,0.025900081201203184,0.3754714886589517,0.30994368112331055,0.7097588452279234,1017,0.0005113432477677342,0.06601665675223221,ed70c2ed9948acf0fc6925ff1291643b7a785fcc5dbfe9ce0030cafe5d6acac9,False,D:\manifold\manifold_project\experiments\results\pair_estimation_20seeds_v1,993a058c136c24688c623203af1c038ee8cdc8ee4fa6d85ef73cd7be82fbc1b0,2d5f6f6b539f6c5aa4e32969abd8553e2e3a52988bbdb8e8d873f7bcd4ae4b82,cdcc83f5050bd2bc104f1a0e1479d6854a2b67e9a8ff2100cad6269d5b7fc115,0,2048,500
P-EA,AN,AN,mc_raw,1017,shared_offset,1000,2048,2548,0.1,0.028565637636141117,0.02022930294965808,0.2745907701571857,0.1900224552650071,exact_population_Fisher_projection_diagnostic,0.18837714833278943,0.00012211673441947594,0.00012368738376811387,0.00012238361846730536,0.00022889842076137014,0.024639050863200847,0.1542692999355495,0.025900081201203184,0.3754714886589517,0.3099020343328484,0.7097187292084788,1017,0.0005113432477677342,0.06601665675223221,ed70c2ed9948acf0fc6925ff1291643b7a785fcc5dbfe9ce0030cafe5d6acac9,False,D:\manifold\manifold_project\experiments\results\pair_estimation_20seeds_v1,993a058c136c24688c623203af1c038ee8cdc8ee4fa6d85ef73cd7be82fbc1b0,2d5f6f6b539f6c5aa4e32969abd8553e2e3a52988bbdb8e8d873f7bcd4ae4b82,cdcc83f5050bd2bc104f1a0e1479d6854a2b67e9a8ff2100cad6269d5b7fc115,0,2048,500
P-EA,AN,AN,mc_raw,1018,table,1,2048,2548,0.1,0.02964716320223304,0.012670911125647388,0.28323798059341593,0.28323798059341593,exact_population_Fisher_projection_diagnostic,0.12095975804477377,0.00015055177195819915,0.00014595131666134497,0.00014922990719304675,9.442163446823065e-05,0.030514050960102998,0.0010354999685660005,0.05669162288195752,0.383964903169388,0.3063374820103001,0.7062619521503637,1018,0.00029313319897089147,0.06623486680102902,e211766d2893cb4cf231493bb57afc890c22849e5a87694704c8b5be17b2e074,False,D:\manifold\manifold_project\experiments\results\pair_estimation_20seeds_v1,993a058c136c24688c623203af1c038ee8cdc8ee4fa6d85ef73cd7be82fbc1b0,2d5f6f6b539f6c5aa4e32969abd8553e2e3a52988bbdb8e8d873f7bcd4ae4b82,cdcc83f5050bd2bc104f1a0e1479d6854a2b67e9a8ff2100cad6269d5b7fc115,0,2048,500
P-EA,AN,AN,mc_raw,1018,table,10,2048,2548,0.1,0.02964716320223304,0.03408241123381389,0.28323798059341593,0.28323798059341593,exact_population_Fisher_projection_diagnostic,0.3226205256268589,7.717249304018699e-06,7.533714349816334e-06,7.664513569514367e-06,0.00048354607228840736,0.001575025070190619,0.002379199955612421,0.05669162288195752,0.383964903169388,0.3035455543750447,0.7179536802619514,1018,0.00029313319897089147,0.06623486680102902,e211766d2893cb4cf231493bb57afc890c22849e5a87694704c8b5be17b2e074,False,D:\manifold\manifold_project\experiments\results\pair_estimation_20seeds_v1,993a058c136c24688c623203af1c038ee8cdc8ee4fa6d85ef73cd7be82fbc1b0,2d5f6f6b539f6c5aa4e32969abd8553e2e3a52988bbdb8e8d873f7bcd4ae4b82,cdcc83f5050bd2bc104f1a0e1479d6854a2b67e9a8ff2100cad6269d5b7fc115,0,2048,500
P-EA,AN,AN,mc_raw,1018,table,100,2048,2548,0.1,0.02964716320223304,0.029774843065207113,0.28323798059341593,0.28323798059341593,exact_population_Fisher_projection_diagnostic,0.2844286992375598,6.9205155294931105e-09,6.648558879327965e-09,6.8423732826272335e-09,0.0003762157212257788,1.4123768381806288e-06,0.018568700063042343,0.05669162288195752,0.383964903169388,0.3023773104750236,0.715942622601237,1018,0.00029313319897089147,0.06623486680102902,e211766d2893cb4cf231493bb57afc890c22849e5a87694704c8b5be17b2e074,False,D:\manifold\manifold_project\experiments\results\pair_estimation_20seeds_v1,993a058c136c24688c623203af1c038ee8cdc8ee4fa6d85ef73cd7be82fbc1b0,2d5f6f6b539f6c5aa4e32969abd8553e2e3a52988bbdb8e8d873f7bcd4ae4b82,cdcc83f5050bd2bc104f1a0e1479d6854a2b67e9a8ff2100cad6269d5b7fc115,0,2048,500
P-EA,AN,AN,mc_raw,1018,table,1000,2048,2548,0.1,0.02964716320223304,0.029647163202233207,0.28323798059341593,0.28323798059341593,exact_population_Fisher_projection_diagnostic,0.28323798059341665,-1.0182651229946179e-17,-1.0818979941165814e-17,-1.036548976399119e-17,0.0003730789697248226,1.7436898248831644e-29,0.17102970008272678,0.05669162288195752,0.383964903169388,0.30238643422808,0.7158749089752778,1018,0.00029313319897089147,0.06623486680102902,e211766d2893cb4cf231493bb57afc890c22849e5a87694704c8b5be17b2e074,False,D:\manifold\manifold_project\experiments\results\pair_estimation_20seeds_v1,993a058c136c24688c623203af1c038ee8cdc8ee4fa6d85ef73cd7be82fbc1b0,2d5f6f6b539f6c5aa4e32969abd8553e2e3a52988bbdb8e8d873f7bcd4ae4b82,cdcc83f5050bd2bc104f1a0e1479d6854a2b67e9a8ff2100cad6269d5b7fc115,0,2048,500
P-EA,AN,AN,mc_raw,1018,shared_offset,1,2048,2548,0.1,0.02964716320223304,0.012670929068867631,0.28323798059341593,0.20406402862628076,exact_population_Fisher_projection_diagnostic,0.12095988561376914,0.00015055220849048253,0.00014595178213150202,0.00014923035204014964,9.442238391204027e-05,0.03051413910860926,0.0012040999718010426,0.05669162288195752,0.383964903169388,0.30633754396243096,0.7062619527230538,1018,0.00029313319897089147,0.06623486680102902,e211766d2893cb4cf231493bb57afc890c22849e5a87694704c8b5be17b2e074,False,D:\manifold\manifold_project\experiments\results\pair_estimation_20seeds_v1,993a058c136c24688c623203af1c038ee8cdc8ee4fa6d85ef73cd7be82fbc1b0,2d5f6f6b539f6c5aa4e32969abd8553e2e3a52988bbdb8e8d873f7bcd4ae4b82,cdcc83f5050bd2bc104f1a0e1479d6854a2b67e9a8ff2100cad6269d5b7fc115,0,2048,500
P-EA,AN,AN,mc_raw,1018,shared_offset,10,2048,2548,0.1,0.02964716320223304,0.01367297246057847,0.28323798059341593,0.20406402862628076,exact_population_Fisher_projection_diagnostic,0.13008223708675948,0.00014139789507453757,0.00013755137073787792,0.00014029265990522544,0.00010919447756152674,0.028663071211103407,0.0032712999964132905,0.05669162288195752,0.383964903169388,0.30681852154961925,0.7067311003067728,1018,0.00029313319897089147,0.06623486680102902,e211766d2893cb4cf231493bb57afc890c22849e5a87694704c8b5be17b2e074,False,D:\manifold\manifold_project\experiments\results\pair_estimation_20seeds_v1,993a058c136c24688c623203af1c038ee8cdc8ee4fa6d85ef73cd7be82fbc1b0,2d5f6f6b539f6c5aa4e32969abd8553e2e3a52988bbdb8e8d873f7bcd4ae4b82,cdcc83f5050bd2bc104f1a0e1479d6854a2b67e9a8ff2100cad6269d5b7fc115,0,2048,500
P-EA,AN,AN,mc_raw,1018,shared_offset,100,2048,2548,0.1,0.02964716320223304,0.0218956743374068,0.28323798059341593,0.20406402862628076,exact_population_Fisher_projection_diagnostic,0.202830662956769,0.00010673196431625312,0.00010892596105633269,0.00010736237300374881,0.0002653436838848937,0.02159489747530959,0.0167924000415951,0.05669162288195752,0.383964903169388,0.31066919035768825,0.710456686773503,1018,0.00029313319897089147,0.06623486680102902,e211766d2893cb4cf231493bb57afc890c22849e5a87694704c8b5be17b2e074,False,D:\manifold\manifold_project\experiments\results\pair_estimation_20seeds_v1,993a058c136c24688c623203af1c038ee8cdc8ee4fa6d85ef73cd7be82fbc1b0,2d5f6f6b539f6c5aa4e32969abd8553e2e3a52988bbdb8e8d873f7bcd4ae4b82,cdcc83f5050bd2bc104f1a0e1479d6854a2b67e9a8ff2100cad6269d5b7fc115,0,2048,500
P-EA,AN,AN,mc_raw,1018,shared_offset,1000,2048,2548,0.1,0.02964716320223304,0.021972790217998472,0.28323798059341593,0.20406402862628076,exact_population_Fisher_projection_diagnostic,0.2034961597717367,0.00010672911711593711,0.00010897864681797952,0.00010737548228186514,0.00026708647733155453,0.02159334903491781,0.1793569999281317,0.05669162288195752,0.383964903169388,0.31070453836238393,0.7104906384729,1018,0.00029313319897089147,0.06623486680102902,e211766d2893cb4cf231493bb57afc890c22849e5a87694704c8b5be17b2e074,False,D:\manifold\manifold_project\experiments\results\pair_estimation_20seeds_v1,993a058c136c24688c623203af1c038ee8cdc8ee4fa6d85ef73cd7be82fbc1b0,2d5f6f6b539f6c5aa4e32969abd8553e2e3a52988bbdb8e8d873f7bcd4ae4b82,cdcc83f5050bd2bc104f1a0e1479d6854a2b67e9a8ff2100cad6269d5b7fc115,0,2048,500
P-EA,AN,AN,mc_raw,1019,table,1,2048,2548,0.1,0.031160311031159404,0.01267091833772982,0.2956322324626334,0.2956322324626334,exact_population_Fisher_projection_diagnostic,0.12095980864564011,0.00015548297699393855,0.00015607382968756231,0.00015677790240859675,9.442194486357133e-05,0.032138199019571746,0.000907299923710525,0.0886136703563447,0.3974956267706927,0.3063375079010712,0.7062619522346437,1019,0.0009836820576751473,0.06554431794232478,ddc2cf2f28a6ec2116b522a4c402dfa81eaf272add88be706497236acbd46a84,False,D:\manifold\manifold_project\experiments\results\pair_estimation_20seeds_v1,993a058c136c24688c623203af1c038ee8cdc8ee4fa6d85ef73cd7be82fbc1b0,2d5f6f6b539f6c5aa4e32969abd8553e2e3a52988bbdb8e8d873f7bcd4ae4b82,cdcc83f5050bd2bc104f1a0e1479d6854a2b67e9a8ff2100cad6269d5b7fc115,0,2048,500
P-EA,AN,AN,mc_raw,1019,table,10,2048,2548,0.1,0.031160311031159404,0.037297678894691155,0.2956322324626334,0.2956322324626334,exact_population_Fisher_projection_diagnostic,0.34889628008620105,1.4912732635502892e-05,1.4937397359596103e-05,1.496678837294577e-05,0.0005704336367900284,0.003068325035310972,0.0023287999210879207,0.0886136703563447,0.3974956267706927,0.3056979249583494,0.7191896651448607,1019,0.0009836820576751473,0.06554431794232478,ddc2cf2f28a6ec2116b522a4c402dfa81eaf272add88be706497236acbd46a84,False,D:\manifold\manifold_project\experiments\results\pair_estimation_20seeds_v1,993a058c136c24688c623203af1c038ee8cdc8ee4fa6d85ef73cd7be82fbc1b0,2d5f6f6b539f6c5aa4e32969abd8553e2e3a52988bbdb8e8d873f7bcd4ae4b82,cdcc83f5050bd2bc104f1a0e1479d6854a2b67e9a8ff2100cad6269d5b7fc115,0,2048,500
P-EA,AN,AN,mc_raw,1019,table,100,2048,2548,0.1,0.031160311031159404,0.03128050563066276,0.2956322324626334,0.2956322324626334,exact_population_Fisher_projection_diagnostic,0.2967414359884172,5.765234609669737e-09,5.789392698532934e-09,5.818179994494262e-09,0.00041012565876857534,1.2026678437971087e-06,0.017183199990540743,0.0886136703563447,0.3974956267706927,0.30372984720511426,0.7164876478431038,1019,0.0009836820576751473,0.06554431794232478,ddc2cf2f28a6ec2116b522a4c402dfa81eaf272add88be706497236acbd46a84,False,D:\manifold\manifold_project\experiments\results\pair_estimation_20seeds_v1,993a058c136c24688c623203af1c038ee8cdc8ee4fa6d85ef73cd7be82fbc1b0,2d5f6f6b539f6c5aa4e32969abd8553e2e3a52988bbdb8e8d873f7bcd4ae4b82,cdcc83f5050bd2bc104f1a0e1479d6854a2b67e9a8ff2100cad6269d5b7fc115,0,2048,500
P-EA,AN,AN,mc_raw,1019,table,1000,2048,2548,0.1,0.031160311031159404,0.03116031103115935,0.2956322324626334,0.2956322324626334,exact_population_Fisher_projection_diagnostic,0.2956322324626342,2.734920004094521e-17,2.7179407776753647e-17,2.6977079679159927e-17,0.00040711705313757927,4.041152609660493e-30,0.16511489998083562,0.0886136703563447,0.3974956267706927,0.30373491497652205,0.7164250117635894,1019,0.0009836820576751473,0.06554431794232478,ddc2cf2f28a6ec2116b522a4c402dfa81eaf272add88be706497236acbd46a84,False,D:\manifold\manifold_project\experiments\results\pair_estimation_20seeds_v1,993a058c136c24688c623203af1c038ee8cdc8ee4fa6d85ef73cd7be82fbc1b0,2d5f6f6b539f6c5aa4e32969abd8553e2e3a52988bbdb8e8d873f7bcd4ae4b82,cdcc83f5050bd2bc104f1a0e1479d6854a2b67e9a8ff2100cad6269d5b7fc115,0,2048,500
P-EA,AN,AN,mc_raw,1019,shared_offset,1,2048,2548,0.1,0.031160311031159404,0.012670929850876478,0.2956322324626334,0.22090750956687435,exact_population_Fisher_projection_diagnostic,0.12095989275611228,0.000155483133044005,0.00015607398450850907,0.0001567780557648982,9.44223950581224e-05,0.03213822924125942,0.0005295999580994248,0.0886136703563447,0.3974956267706927,0.30633754433884747,0.7062619530905444,1019,0.0009836820576751473,0.06554431794232478,ddc2cf2f28a6ec2116b522a4c402dfa81eaf272add88be706497236acbd46a84,False,D:\manifold\manifold_project\experiments\results\pair_estimation_20seeds_v1,993a058c136c24688c623203af1c038ee8cdc8ee4fa6d85ef73cd7be82fbc1b0,2d5f6f6b539f6c5aa4e32969abd8553e2e3a52988bbdb8e8d873f7bcd4ae4b82,cdcc83f5050bd2bc104f1a0e1479d6854a2b67e9a8ff2100cad6269d5b7fc115,0,2048,500
P-EA,AN,AN,mc_raw,1019,shared_offset,10,2048,2548,0.1,0.031160311031159404,0.016069226995236663,0.2956322324626334,0.22090750956687435,exact_population_Fisher_projection_diagnostic,0.15166214543790515,0.00012358624747029666,0.0001239319758681066,0.00012434395322965912,0.00014840670478032895,0.025428100824844157,0.001752600073814392,0.0886136703563447,0.3974956267706927,0.3079579992318515,0.7078391723226665,1019,0.0009836820576751473,0.06554431794232478,ddc2cf2f28a6ec2116b522a4c402dfa81eaf272add88be706497236acbd46a84,False,D:\manifold\manifold_project\experiments\results\pair_estimation_20seeds_v1,993a058c136c24688c623203af1c038ee8cdc8ee4fa6d85ef73cd7be82fbc1b0,2d5f6f6b539f6c5aa4e32969abd8553e2e3a52988bbdb8e8d873f7bcd4ae4b82,cdcc83f5050bd2bc104f1a0e1479d6854a2b67e9a8ff2100cad6269d5b7fc115,0,2048,500
P-EA,AN,AN,mc_raw,1019,shared_offset,100,2048,2548,0.1,0.031160311031159404,0.023468831908412036,0.2956322324626334,0.22090750956687435,exact_population_Fisher_projection_diagnostic,0.2163487437338384,9.610528952809359e-05,9.59313246658542e-05,9.572402441108477e-05,0.00030186179101045554,0.01926111108206615,0.01623519998975098,0.0886136703563447,0.3974956267706927,0.3113876390296219,0.7111458767047041,1019,0.0009836820576751473,0.06554431794232478,ddc2cf2f28a6ec2116b522a4c402dfa81eaf272add88be706497236acbd46a84,False,D:\manifold\manifold_project\experiments\results\pair_estimation_20seeds_v1,993a058c136c24688c623203af1c038ee8cdc8ee4fa6d85ef73cd7be82fbc1b0,2d5f6f6b539f6c5aa4e32969abd8553e2e3a52988bbdb8e8d873f7bcd4ae4b82,cdcc83f5050bd2bc104f1a0e1479d6854a2b67e9a8ff2100cad6269d5b7fc115,0,2048,500
P-EA,AN,AN,mc_raw,1019,shared_offset,1000,2048,2548,0.1,0.031160311031159404,0.023547841894662858,0.2956322324626334,0.22090750956687435,exact_population_Fisher_projection_diagnostic,0.21702448671820274,9.610235336581198e-05,9.592293180054419e-05,9.570912922160746e-05,0.0003037489268024912,0.019253742324474545,0.17151440004818141,0.0886136703563447,0.3974956267706927,0.31142357678369575,0.7111803024158623,1019,0.0009836820576751473,0.06554431794232478,ddc2cf2f28a6ec2116b522a4c402dfa81eaf272add88be706497236acbd46a84,False,D:\manifold\manifold_project\experiments\results\pair_estimation_20seeds_v1,993a058c136c24688c623203af1c038ee8cdc8ee4fa6d85ef73cd7be82fbc1b0,2d5f6f6b539f6c5aa4e32969abd8553e2e3a52988bbdb8e8d873f7bcd4ae4b82,cdcc83f5050bd2bc104f1a0e1479d6854a2b67e9a8ff2100cad6269d5b7fc115,0,2048,500
P-EA,SA,SA,mc_raw,1000,table,1,2048,2548,0.1,0.0285943935602066,0.012670888111221468,0.27488517233637627,0.27488517233637627,exact_population_Fisher_projection_diagnostic,0.12095959701016583,0.00015226845587927077,0.0001544903225123644,0.00015176399574562126,9.442063802539216e-05,0.03095566544873098,0.0016583000542595983,0.02528541146045822,0.3759454320384219,0.3063373987477948,0.7062619519761405,1000,0.0005330599215673461,0.06599494007843258,e81afc630eeb7b22822342c9089cca27df0635ad66839c19bf4cc1b03d781509,False,D:\manifold\manifold_project\experiments\results\pair_estimation_20seeds_v1,993a058c136c24688c623203af1c038ee8cdc8ee4fa6d85ef73cd7be82fbc1b0,2d5f6f6b539f6c5aa4e32969abd8553e2e3a52988bbdb8e8d873f7bcd4ae4b82,cdcc83f5050bd2bc104f1a0e1479d6854a2b67e9a8ff2100cad6269d5b7fc115,0,2048,500
P-EA,SA,SA,mc_raw,1000,table,10,2048,2548,0.1,0.0285943935602066,0.03251013119195462,0.27488517233637627,0.27488517233637627,exact_population_Fisher_projection_diagnostic,0.30869594254962474,8.30503309121398e-06,8.2480561323707e-06,8.317969333130952e-06,0.0004427562489292571,0.001687866813983732,0.002593299956060946,0.02528541146045822,0.3759454320384219,0.30317053787477327,0.7172159953144367,1000,0.0005330599215673461,0.06599494007843258,e81afc630eeb7b22822342c9089cca27df0635ad66839c19bf4cc1b03d781509,False,D:\manifold\manifold_project\experiments\results\pair_estimation_20seeds_v1,993a058c136c24688c623203af1c038ee8cdc8ee4fa6d85ef73cd7be82fbc1b0,2d5f6f6b539f6c5aa4e32969abd8553e2e3a52988bbdb8e8d873f7bcd4ae4b82,cdcc83f5050bd2bc104f1a0e1479d6854a2b67e9a8ff2100cad6269d5b7fc115,0,2048,500
P-EA,SA,SA,mc_raw,1000,table,100,2048,2548,0.1,0.0285943935602066,0.028699453207978676,0.27488517233637627,0.27488517233637627,exact_population_Fisher_projection_diagnostic,0.27584555626266527,4.284855663996286e-09,4.377493912224042e-09,4.2638227620273e-09,0.0003560505791391333,8.78043742370627e-07,0.017777100089006126,0.02528541146045822,0.3759454320384219,0.30107990494375486,0.7156006216822156,1000,0.0005330599215673461,0.06599494007843258,e81afc630eeb7b22822342c9089cca27df0635ad66839c19bf4cc1b03d781509,False,D:\manifold\manifold_project\experiments\results\pair_estimation_20seeds_v1,993a058c136c24688c623203af1c038ee8cdc8ee4fa6d85ef73cd7be82fbc1b0,2d5f6f6b539f6c5aa4e32969abd8553e2e3a52988bbdb8e8d873f7bcd4ae4b82,cdcc83f5050bd2bc104f1a0e1479d6854a2b67e9a8ff2100cad6269d5b7fc115,0,2048,500
P-EA,SA,SA,mc_raw,1000,table,1000,2048,2548,0.1,0.0285943935602066,0.0285943935602066,0.27488517233637627,0.27488517233637627,exact_population_Fisher_projection_diagnostic,0.27488517233637605,0.0,0.0,0.0,0.0003536262401395122,2.677104252456478e-31,0.1975776000181213,0.02528541146045822,0.3759454320384219,0.3010630602123696,0.7155485671366775,1000,0.0005330599215673461,0.06599494007843258,e81afc630eeb7b22822342c9089cca27df0635ad66839c19bf4cc1b03d781509,False,D:\manifold\manifold_project\experiments\results\pair_estimation_20seeds_v1,993a058c136c24688c623203af1c038ee8cdc8ee4fa6d85ef73cd7be82fbc1b0,2d5f6f6b539f6c5aa4e32969abd8553e2e3a52988bbdb8e8d873f7bcd4ae4b82,cdcc83f5050bd2bc104f1a0e1479d6854a2b67e9a8ff2100cad6269d5b7fc115,0,2048,500
P-EA,SA,SA,mc_raw,1000,shared_offset,1,2048,2548,0.1,0.0285943935602066,0.012670928086134514,0.27488517233637627,0.1900535001581553,exact_population_Fisher_projection_diagnostic,0.1209598766381448,0.00015226987262004937,0.0001544916834250682,0.00015176542516179525,9.442236990498034e-05,0.030955949310808594,0.000595899997279048,0.02528541146045822,0.3759454320384219,0.30633754348939674,0.7062619522612366,1000,0.0005330599215673461,0.06599494007843258,e81afc630eeb7b22822342c9089cca27df0635ad66839c19bf4cc1b03d781509,False,D:\manifold\manifold_project\experiments\results\pair_estimation_20seeds_v1,993a058c136c24688c623203af1c038ee8cdc8ee4fa6d85ef73cd7be82fbc1b0,2d5f6f6b539f6c5aa4e32969abd8553e2e3a52988bbdb8e8d873f7bcd4ae4b82,cdcc83f5050bd2bc104f1a0e1479d6854a2b67e9a8ff2100cad6269d5b7fc115,0,2048,500
P-EA,SA,SA,mc_raw,1000,shared_offset,10,2048,2548,0.1,0.0285943935602066,0.011556077787551189,0.27488517233637627,0.1900535001581553,exact_population_Fisher_projection_diagnostic,0.11074036212022657,0.0001618476977627237,0.0001646407404181585,0.00016121355588838115,7.914707100327954e-05,0.03291507455662678,0.0021992999827489257,0.02528541146045822,0.3759454320384219,0.3057992181785247,0.7057358591336536,1000,0.0005330599215673461,0.06599494007843258,e81afc630eeb7b22822342c9089cca27df0635ad66839c19bf4cc1b03d781509,False,D:\manifold\manifold_project\experiments\results\pair_estimation_20seeds_v1,993a058c136c24688c623203af1c038ee8cdc8ee4fa6d85ef73cd7be82fbc1b0,2d5f6f6b539f6c5aa4e32969abd8553e2e3a52988bbdb8e8d873f7bcd4ae4b82,cdcc83f5050bd2bc104f1a0e1479d6854a2b67e9a8ff2100cad6269d5b7fc115,0,2048,500
P-EA,SA,SA,mc_raw,1000,shared_offset,100,2048,2548,0.1,0.0285943935602066,0.02034868251239208,0.27488517233637627,0.1900535001581553,exact_population_Fisher_projection_diagnostic,0.18941729193917867,0.00012279204549917662,0.00012117235051529485,0.0001231597865399165,0.0002314314565971521,0.024789752776020357,0.015103799989446998,0.02528541146045822,0.3759454320384219,0.3099572076697014,0.7097718732482634,1000,0.0005330599215673461,0.06599494007843258,e81afc630eeb7b22822342c9089cca27df0635ad66839c19bf4cc1b03d781509,False,D:\manifold\manifold_project\experiments\results\pair_estimation_20seeds_v1,993a058c136c24688c623203af1c038ee8cdc8ee4fa6d85ef73cd7be82fbc1b0,2d5f6f6b539f6c5aa4e32969abd8553e2e3a52988bbdb8e8d873f7bcd4ae4b82,cdcc83f5050bd2bc104f1a0e1479d6854a2b67e9a8ff2100cad6269d5b7fc115,0,2048,500
P-EA,SA,SA,mc_raw,1000,shared_offset,1000,2048,2548,0.1,0.0285943935602066,0.02026001581966036,0.27488517233637627,0.1900535001581553,exact_population_Fisher_projection_diagnostic,0.1886448166794032,0.00012278820749304104,0.00012121203266264935,0.00012314606757057677,0.0002295489367478542,0.024791793259761725,0.17636909999419004,0.02528541146045822,0.3759454320384219,0.3099162320051442,0.7097324057323626,1000,0.0005330599215673461,0.06599494007843258,e81afc630eeb7b22822342c9089cca27df0635ad66839c19bf4cc1b03d781509,False,D:\manifold\manifold_project\experiments\results\pair_estimation_20seeds_v1,993a058c136c24688c623203af1c038ee8cdc8ee4fa6d85ef73cd7be82fbc1b0,2d5f6f6b539f6c5aa4e32969abd8553e2e3a52988bbdb8e8d873f7bcd4ae4b82,cdcc83f5050bd2bc104f1a0e1479d6854a2b67e9a8ff2100cad6269d5b7fc115,0,2048,500
P-EA,SA,SA,mc_raw,1001,table,1,2048,2548,0.1,0.030740633417067287,0.012670898617362203,0.2944448621484968,0.2944448621484968,exact_population_Fisher_projection_diagnostic,0.12095967231176691,0.00018043932800172695,0.0001795717491230182,0.00017886361824138094,9.442106858143923e-05,0.036577177852482545,0.001605000114068389,0.033356456380172095,0.4019992800733024,0.3063374341308259,0.7062619524428582,1001,0.0011275446694294358,0.06540045533057047,26ce3980071b40e3e715bbd00fa28a3732d226eff3a9fd18ae2c0888efc92723,False,D:\manifold\manifold_project\experiments\results\pair_estimation_20seeds_v1,993a058c136c24688c623203af1c038ee8cdc8ee4fa6d85ef73cd7be82fbc1b0,2d5f6f6b539f6c5aa4e32969abd8553e2e3a52988bbdb8e8d873f7bcd4ae4b82,cdcc83f5050bd2bc104f1a0e1479d6854a2b67e9a8ff2100cad6269d5b7fc115,0,2048,500
P-EA,SA,SA,mc_raw,1001,table,10,2048,2548,0.1,0.030740633417067287,0.037170896138283005,0.2944448621484968,0.2944448621484968,exact_population_Fisher_projection_diagnostic,0.35132603652222816,1.6173410745717484e-05,1.610854775995576e-05,1.6055605618992863e-05,0.0005725000127030191,0.0033052933056953514,0.0044998000375926495,0.033356456380172095,0.4019992800733024,0.3031191267049913,0.7195979978062829,1001,0.0011275446694294358,0.06540045533057047,26ce3980071b40e3e715bbd00fa28a3732d226eff3a9fd18ae2c0888efc92723,False,D:\manifold\manifold_project\experiments\results\pair_estimation_20seeds_v1,993a058c136c24688c623203af1c038ee8cdc8ee4fa6d85ef73cd7be82fbc1b0,2d5f6f6b539f6c5aa4e32969abd8553e2e3a52988bbdb8e8d873f7bcd4ae4b82,cdcc83f5050bd2bc104f1a0e1479d6854a2b67e9a8ff2100cad6269d5b7fc115,0,2048,500
P-EA,SA,SA,mc_raw,1001,table,100,2048,2548,0.1,0.030740633417067287,0.030834886696327057,0.2944448621484968,0.2944448621484968,exact_population_Fisher_projection_diagnostic,0.2953431105736022,4.662012614306185e-09,4.638088401967428e-09,4.6185611013476374e-09,0.00040722226729339017,9.51482288489789e-07,0.023527099983766675,0.033356456380172095,0.4019992800733024,0.3013797025479934,0.7166607143674966,1001,0.0011275446694294358,0.06540045533057047,26ce3980071b40e3e715bbd00fa28a3732d226eff3a9fd18ae2c0888efc92723,False,D:\manifold\manifold_project\experiments\results\pair_estimation_20seeds_v1,993a058c136c24688c623203af1c038ee8cdc8ee4fa6d85ef73cd7be82fbc1b0,2d5f6f6b539f6c5aa4e32969abd8553e2e3a52988bbdb8e8d873f7bcd4ae4b82,cdcc83f5050bd2bc104f1a0e1479d6854a2b67e9a8ff2100cad6269d5b7fc115,0,2048,500
P-EA,SA,SA,mc_raw,1001,table,1000,2048,2548,0.1,0.030740633417067287,0.03074063341706723,0.2944448621484968,0.2944448621484968,exact_population_Fisher_projection_diagnostic,0.29444486214849697,2.2077562595163826e-17,2.2318938449145453e-17,2.251595303822995e-17,0.00040469103478554623,5.7054611489142554e-30,0.24529360001906753,0.033356456380172095,0.4019992800733024,0.30140283771286386,0.716607968719476,1001,0.0011275446694294358,0.06540045533057047,26ce3980071b40e3e715bbd00fa28a3732d226eff3a9fd18ae2c0888efc92723,False,D:\manifold\manifold_project\experiments\results\pair_estimation_20seeds_v1,993a058c136c24688c623203af1c038ee8cdc8ee4fa6d85ef73cd7be82fbc1b0,2d5f6f6b539f6c5aa4e32969abd8553e2e3a52988bbdb8e8d873f7bcd4ae4b82,cdcc83f5050bd2bc104f1a0e1479d6854a2b67e9a8ff2100cad6269d5b7fc115,0,2048,500
P-EA,SA,SA,mc_raw,1001,shared_offset,1,2048,2548,0.1,0.030740633417067287,0.01267092915081236,0.2944448621484968,0.2052627902406548,exact_population_Fisher_projection_diagnostic,0.12095988636219775,0.00018044031906049398,0.00017957275119088648,0.00017886462929504255,9.442238508002333e-05,0.03657737854336526,0.0006452000234276056,0.033356456380172095,0.4019992800733024,0.3063375440018747,0.7062619527615622,1001,0.0011275446694294358,0.06540045533057047,26ce3980071b40e3e715bbd00fa28a3732d226eff3a9fd18ae2c0888efc92723,False,D:\manifold\manifold_project\experiments\results\pair_estimation_20seeds_v1,993a058c136c24688c623203af1c038ee8cdc8ee4fa6d85ef73cd7be82fbc1b0,2d5f6f6b539f6c5aa4e32969abd8553e2e3a52988bbdb8e8d873f7bcd4ae4b82,cdcc83f5050bd2bc104f1a0e1479d6854a2b67e9a8ff2100cad6269d5b7fc115,0,2048,500
P-EA,SA,SA,mc_raw,1001,shared_offset,10,2048,2548,0.1,0.030740633417067287,0.01389301993028208,0.2944448621484968,0.2052627902406548,exact_population_Fisher_projection_diagnostic,0.13207762095064798,0.00016923429876754888,0.00016854749266586897,0.00016798691123375774,0.00011256856183784538,0.03431564093597795,0.0024600999895483255,0.033356456380172095,0.4019992800733024,0.30692378460416375,0.7068336611792815,1001,0.0011275446694294358,0.06540045533057047,26ce3980071b40e3e715bbd00fa28a3732d226eff3a9fd18ae2c0888efc92723,False,D:\manifold\manifold_project\experiments\results\pair_estimation_20seeds_v1,993a058c136c24688c623203af1c038ee8cdc8ee4fa6d85ef73cd7be82fbc1b0,2d5f6f6b539f6c5aa4e32969abd8553e2e3a52988bbdb8e8d873f7bcd4ae4b82,cdcc83f5050bd2bc104f1a0e1479d6854a2b67e9a8ff2100cad6269d5b7fc115,0,2048,500
P-EA,SA,SA,mc_raw,1001,shared_offset,100,2048,2548,0.1,0.030740633417067287,0.022040045517065066,0.2944448621484968,0.2052627902406548,exact_population_Fisher_projection_diagnostic,0.20407632011483653,0.00013518159195727465,0.00013567041190591864,0.00013606939407306682,0.00026861044009459485,0.027398760752643376,0.02190549997612834,0.033356456380172095,0.4019992800733024,0.3107353555044406,0.7105202346306311,1001,0.0011275446694294358,0.06540045533057047,26ce3980071b40e3e715bbd00fa28a3732d226eff3a9fd18ae2c0888efc92723,False,D:\manifold\manifold_project\experiments\results\pair_estimation_20seeds_v1,993a058c136c24688c623203af1c038ee8cdc8ee4fa6d85ef73cd7be82fbc1b0,2d5f6f6b539f6c5aa4e32969abd8553e2e3a52988bbdb8e8d873f7bcd4ae4b82,cdcc83f5050bd2bc104f1a0e1479d6854a2b67e9a8ff2100cad6269d5b7fc115,0,2048,500
P-EA,SA,SA,mc_raw,1001,shared_offset,1000,2048,2548,0.1,0.030740633417067287,0.022128927717613323,0.2944448621484968,0.2052627902406548,exact_population_Fisher_projection_diagnostic,0.20484269483550208,0.0001351778163969062,0.00013567920527730797,0.00013608844639490474,0.000270630185912666,0.027397170310541882,0.1945861999411136,0.033356456380172095,0.4019992800733024,0.31077606661428214,0.7105593275344474,1001,0.0011275446694294358,0.06540045533057047,26ce3980071b40e3e715bbd00fa28a3732d226eff3a9fd18ae2c0888efc92723,False,D:\manifold\manifold_project\experiments\results\pair_estimation_20seeds_v1,993a058c136c24688c623203af1c038ee8cdc8ee4fa6d85ef73cd7be82fbc1b0,2d5f6f6b539f6c5aa4e32969abd8553e2e3a52988bbdb8e8d873f7bcd4ae4b82,cdcc83f5050bd2bc104f1a0e1479d6854a2b67e9a8ff2100cad6269d5b7fc115,0,2048,500
P-EA,SA,SA,mc_raw,1002,table,1,2048,2548,0.1,0.03237537486988912,0.012670920071097602,0.30612821894616654,0.30612821894616654,exact_population_Fisher_projection_diagnostic,0.12095982196679672,0.0001710611015135296,0.00016679754259131823,0.00017067583229768337,9.442200369859654e-05,0.035032261453402935,0.0014830000000074506,0.10095872530110533,0.4105860165039208,0.3063375124210893,0.70626195250589,1002,0.0018533876850363401,0.0646746123149636,0bfd590baad43a6530efea83e5d70fd21a165528b1ca88576a8c1d82312ed156,False,D:\manifold\manifold_project\experiments\results\pair_estimation_20seeds_v1,993a058c136c24688c623203af1c038ee8cdc8ee4fa6d85ef73cd7be82fbc1b0,2d5f6f6b539f6c5aa4e32969abd8553e2e3a52988bbdb8e8d873f7bcd4ae4b82,cdcc83f5050bd2bc104f1a0e1479d6854a2b67e9a8ff2100cad6269d5b7fc115,0,2048,500
P-EA,SA,SA,mc_raw,1002,table,10,2048,2548,0.1,0.03237537486988912,0.03983568985358371,0.30612821894616654,0.30612821894616654,exact_population_Fisher_projection_diagnostic,0.37103532098579506,2.076383618500331e-05,2.0439447559036038e-05,2.073452336117795e-05,0.0006451297277050086,0.00427020701118456,0.003373699961230159,0.10095872530110533,0.4105860165039208,0.30615927115009484,0.7203715071163939,1002,0.0018533876850363401,0.0646746123149636,0bfd590baad43a6530efea83e5d70fd21a165528b1ca88576a8c1d82312ed156,False,D:\manifold\manifold_project\experiments\results\pair_estimation_20seeds_v1,993a058c136c24688c623203af1c038ee8cdc8ee4fa6d85ef73cd7be82fbc1b0,2d5f6f6b539f6c5aa4e32969abd8553e2e3a52988bbdb8e8d873f7bcd4ae4b82,cdcc83f5050bd2bc104f1a0e1479d6854a2b67e9a8ff2100cad6269d5b7fc115,0,2048,500
P-EA,SA,SA,mc_raw,1002,table,100,2048,2548,0.1,0.03237537486988912,0.03242264005135681,0.30612821894616654,0.30612821894616654,exact_population_Fisher_projection_diagnostic,0.30657193312588826,1.0699679673218645e-09,1.0471084026081179e-09,1.067902301822094e-09,0.00043850211931929854,2.203151971752955e-07,0.02712099999189377,0.10095872530110533,0.4105860165039208,0.3042479423932052,0.7169824104798616,1002,0.0018533876850363401,0.0646746123149636,0bfd590baad43a6530efea83e5d70fd21a165528b1ca88576a8c1d82312ed156,False,D:\manifold\manifold_project\experiments\results\pair_estimation_20seeds_v1,993a058c136c24688c623203af1c038ee8cdc8ee4fa6d85ef73cd7be82fbc1b0,2d5f6f6b539f6c5aa4e32969abd8553e2e3a52988bbdb8e8d873f7bcd4ae4b82,cdcc83f5050bd2bc104f1a0e1479d6854a2b67e9a8ff2100cad6269d5b7fc115,0,2048,500
P-EA,SA,SA,mc_raw,1002,table,1000,2048,2548,0.1,0.03237537486988912,0.032375374869888895,0.30612821894616654,0.30612821894616654,exact_population_Fisher_projection_diagnostic,0.30612821894616354,5.479382233874038e-17,5.564547788900716e-17,5.487078073711347e-17,0.0004372823689873975,9.725323758597514e-30,0.18758949998300523,0.10095872530110533,0.4105860165039208,0.304257314340204,0.716956599529642,1002,0.0018533876850363401,0.0646746123149636,0bfd590baad43a6530efea83e5d70fd21a165528b1ca88576a8c1d82312ed156,False,D:\manifold\manifold_project\experiments\results\pair_estimation_20seeds_v1,993a058c136c24688c623203af1c038ee8cdc8ee4fa6d85ef73cd7be82fbc1b0,2d5f6f6b539f6c5aa4e32969abd8553e2e3a52988bbdb8e8d873f7bcd4ae4b82,cdcc83f5050bd2bc104f1a0e1479d6854a2b67e9a8ff2100cad6269d5b7fc115,0,2048,500
P-EA,SA,SA,mc_raw,1002,shared_offset,1,2048,2548,0.1,0.03237537486988912,0.012670930459165897,0.30612821894616654,0.23122318465838143,exact_population_Fisher_projection_diagnostic,0.12095989831181955,0.0001710612001990177,0.00016679764701855838,0.0001706759315020151,9.442240372814354e-05,0.035032280919771126,0.0008451000321656466,0.10095872530110533,0.4105860165039208,0.3063375446316449,0.7062619533763987,1002,0.0018533876850363401,0.0646746123149636,0bfd590baad43a6530efea83e5d70fd21a165528b1ca88576a8c1d82312ed156,False,D:\manifold\manifold_project\experiments\results\pair_estimation_20seeds_v1,993a058c136c24688c623203af1c038ee8cdc8ee4fa6d85ef73cd7be82fbc1b0,2d5f6f6b539f6c5aa4e32969abd8553e2e3a52988bbdb8e8d873f7bcd4ae4b82,cdcc83f5050bd2bc104f1a0e1479d6854a2b67e9a8ff2100cad6269d5b7fc115,0,2048,500
P-EA,SA,SA,mc_raw,1002,shared_offset,10,2048,2548,0.1,0.03237537486988912,0.018502248979869518,0.30612821894616654,0.23122318465838143,exact_population_Fisher_projection_diagnostic,0.17324682341009104,0.0001160061298917174,0.0001143910653267453,0.00011586018734234955,0.00019362596019523135,0.023669105783941588,0.0024488000199198723,0.10095872530110533,0.4105860165039208,0.3091000743445495,0.7089450259611956,1002,0.0018533876850363401,0.0646746123149636,0bfd590baad43a6530efea83e5d70fd21a165528b1ca88576a8c1d82312ed156,False,D:\manifold\manifold_project\experiments\results\pair_estimation_20seeds_v1,993a058c136c24688c623203af1c038ee8cdc8ee4fa6d85ef73cd7be82fbc1b0,2d5f6f6b539f6c5aa4e32969abd8553e2e3a52988bbdb8e8d873f7bcd4ae4b82,cdcc83f5050bd2bc104f1a0e1479d6854a2b67e9a8ff2100cad6269d5b7fc115,0,2048,500
P-EA,SA,SA,mc_raw,1002,shared_offset,100,2048,2548,0.1,0.03237537486988912,0.025010104718277304,0.30612821894616654,0.23122318465838143,exact_population_Fisher_projection_diagnostic,0.22947666636336905,9.60617466671269e-05,9.731663893413603e-05,9.617514286230176e-05,0.00033957469643072086,0.019331142643443627,0.019004100002348423,0.10095872530110533,0.4105860165039208,0.3120862221219029,0.7118142420204532,1002,0.0018533876850363401,0.0646746123149636,0bfd590baad43a6530efea83e5d70fd21a165528b1ca88576a8c1d82312ed156,False,D:\manifold\manifold_project\experiments\results\pair_estimation_20seeds_v1,993a058c136c24688c623203af1c038ee8cdc8ee4fa6d85ef73cd7be82fbc1b0,2d5f6f6b539f6c5aa4e32969abd8553e2e3a52988bbdb8e8d873f7bcd4ae4b82,cdcc83f5050bd2bc104f1a0e1479d6854a2b67e9a8ff2100cad6269d5b7fc115,0,2048,500
P-EA,SA,SA,mc_raw,1002,shared_offset,1000,2048,2548,0.1,0.03237537486988912,0.02494762476083978,0.30612821894616654,0.23122318465838143,exact_population_Fisher_projection_diagnostic,0.2289466840039262,9.605994164677399e-05,9.728765686776465e-05,9.61708820346293e-05,0.00033800928982528,0.019333896819766223,0.18198649992700666,0.10095872530110533,0.4105860165039208,0.31205800330725075,0.7117872775330097,1002,0.0018533876850363401,0.0646746123149636,0bfd590baad43a6530efea83e5d70fd21a165528b1ca88576a8c1d82312ed156,False,D:\manifold\manifold_project\experiments\results\pair_estimation_20seeds_v1,993a058c136c24688c623203af1c038ee8cdc8ee4fa6d85ef73cd7be82fbc1b0,2d5f6f6b539f6c5aa4e32969abd8553e2e3a52988bbdb8e8d873f7bcd4ae4b82,cdcc83f5050bd2bc104f1a0e1479d6854a2b67e9a8ff2100cad6269d5b7fc115,0,2048,500
P-EA,SA,SA,mc_raw,1003,table,1,2048,2548,0.1,0.028670976458008868,0.012670915933339688,0.27318899010749037,0.27318899010749037,exact_population_Fisher_projection_diagnostic,0.12095978965443861,0.00012449187427312724,0.00012383326804312795,0.00012512855507165223,9.442187022909721e-05,0.025586192698722553,0.0011374999303370714,0.0787315940363513,0.36766985555059406,0.3063375023846859,0.7062619517473272,1003,0.00014754184750809864,0.06638045815249183,0735c7b2e4b33120b08c662164a498819bd1333ac22bd4191ec0376957a90d33,False,D:\manifold\manifold_project\experiments\results\pair_estimation_20seeds_v1,993a058c136c24688c623203af1c038ee8cdc8ee4fa6d85ef73cd7be82fbc1b0,2d5f6f6b539f6c5aa4e32969abd8553e2e3a52988bbdb8e8d873f7bcd4ae4b82,cdcc83f5050bd2bc104f1a0e1479d6854a2b67e9a8ff2100cad6269d5b7fc115,0,2048,500
P-EA,SA,SA,mc_raw,1003,table,10,2048,2548,0.1,0.028670976458008868,0.03165352735376109,0.27318899010749037,0.27318899010749037,exact_population_Fisher_projection_diagnostic,0.2985780375977777,5.044213484364777e-06,5.0561112693701744e-06,5.032711784391537e-06,0.00041912999796772096,0.0010170163477995664,0.002155599999241531,0.0787315940363513,0.36766985555059406,0.30502716436035066,0.7164521635954277,1003,0.00014754184750809864,0.06638045815249183,0735c7b2e4b33120b08c662164a498819bd1333ac22bd4191ec0376957a90d33,False,D:\manifold\manifold_project\experiments\results\pair_estimation_20seeds_v1,993a058c136c24688c623203af1c038ee8cdc8ee4fa6d85ef73cd7be82fbc1b0,2d5f6f6b539f6c5aa4e32969abd8553e2e3a52988bbdb8e8d873f7bcd4ae4b82,cdcc83f5050bd2bc104f1a0e1479d6854a2b67e9a8ff2100cad6269d5b7fc115,0,2048,500
P-EA,SA,SA,mc_raw,1003,table,100,2048,2548,0.1,0.028670976458008868,0.02871534264420944,0.27318899010749037,0.27318899010749037,exact_population_Fisher_projection_diagnostic,0.2736074629828363,9.256638646487295e-10,9.206802281664228e-10,9.304815926181672e-10,0.00034875528567181906,1.9143408784126308e-07,0.016615099972113967,0.0787315940363513,0.36766985555059406,0.30330923967025375,0.7152358973244894,1003,0.00014754184750809864,0.06638045815249183,0735c7b2e4b33120b08c662164a498819bd1333ac22bd4191ec0376957a90d33,False,D:\manifold\manifold_project\experiments\results\pair_estimation_20seeds_v1,993a058c136c24688c623203af1c038ee8cdc8ee4fa6d85ef73cd7be82fbc1b0,2d5f6f6b539f6c5aa4e32969abd8553e2e3a52988bbdb8e8d873f7bcd4ae4b82,cdcc83f5050bd2bc104f1a0e1479d6854a2b67e9a8ff2100cad6269d5b7fc115,0,2048,500
P-EA,SA,SA,mc_raw,1003,table,1000,2048,2548,0.1,0.028670976458008868,0.028670976458008757,0.27318899010749037,0.27318899010749037,exact_population_Fisher_projection_diagnostic,0.273188990107491,2.3152437116476036e-17,2.3371149585638047e-17,2.2941005728233648e-17,0.00034771347749798975,5.469135678042342e-30,0.1707260999828577,0.0787315940363513,0.36766985555059406,0.30331710484917734,0.7152115667794319,1003,0.00014754184750809864,0.06638045815249183,0735c7b2e4b33120b08c662164a498819bd1333ac22bd4191ec0376957a90d33,False,D:\manifold\manifold_project\experiments\results\pair_estimation_20seeds_v1,993a058c136c24688c623203af1c038ee8cdc8ee4fa6d85ef73cd7be82fbc1b0,2d5f6f6b539f6c5aa4e32969abd8553e2e3a52988bbdb8e8d873f7bcd4ae4b82,cdcc83f5050bd2bc104f1a0e1479d6854a2b67e9a8ff2100cad6269d5b7fc115,0,2048,500
P-EA,SA,SA,mc_raw,1003,shared_offset,1,2048,2548,0.1,0.028670976458008868,0.01267092887065141,0.27318899010749037,0.20328904588196475,exact_population_Fisher_projection_diagnostic,0.12095988380339526,0.00012449208959585783,0.00012383348575960553,0.00012512876808032527,9.442238108682866e-05,0.02558623477782386,0.0005672000115737319,0.0787315940363513,0.36766985555059406,0.30633754386702056,0.7062619526299058,1003,0.00014754184750809864,0.06638045815249183,0735c7b2e4b33120b08c662164a498819bd1333ac22bd4191ec0376957a90d33,False,D:\manifold\manifold_project\experiments\results\pair_estimation_20seeds_v1,993a058c136c24688c623203af1c038ee8cdc8ee4fa6d85ef73cd7be82fbc1b0,2d5f6f6b539f6c5aa4e32969abd8553e2e3a52988bbdb8e8d873f7bcd4ae4b82,cdcc83f5050bd2bc104f1a0e1479d6854a2b67e9a8ff2100cad6269d5b7fc115,0,2048,500
P-EA,SA,SA,mc_raw,1003,shared_offset,10,2048,2548,0.1,0.028670976458008868,0.01316340537895927,0.27318899010749037,0.20328904588196475,exact_population_Fisher_projection_diagnostic,0.12545064944545245,0.00012003606767695891,0.00011942831725136261,0.00012062358569401888,0.00010156042416380809,0.024657111812649755,0.0018758000805974007,0.0787315940363513,0.36766985555059406,0.30657426766752627,0.7064929601287812,1003,0.00014754184750809864,0.06638045815249183,0735c7b2e4b33120b08c662164a498819bd1333ac22bd4191ec0376957a90d33,False,D:\manifold\manifold_project\experiments\results\pair_estimation_20seeds_v1,993a058c136c24688c623203af1c038ee8cdc8ee4fa6d85ef73cd7be82fbc1b0,2d5f6f6b539f6c5aa4e32969abd8553e2e3a52988bbdb8e8d873f7bcd4ae4b82,cdcc83f5050bd2bc104f1a0e1479d6854a2b67e9a8ff2100cad6269d5b7fc115,0,2048,500
P-EA,SA,SA,mc_raw,1003,shared_offset,100,2048,2548,0.1,0.028670976458008868,0.021558657406265003,0.27318899010749037,0.20328904588196475,exact_population_Fisher_projection_diagnostic,0.19991878539351277,8.400624345172229e-05,8.42460434163172e-05,8.377442658453975e-05,0.0002577850893831047,0.01684531283978738,0.017791399965062737,0.0787315940363513,0.36766985555059406,0.3105145513462551,0.7103081035667594,1003,0.00014754184750809864,0.06638045815249183,0735c7b2e4b33120b08c662164a498819bd1333ac22bd4191ec0376957a90d33,False,D:\manifold\manifold_project\experiments\results\pair_estimation_20seeds_v1,993a058c136c24688c623203af1c038ee8cdc8ee4fa6d85ef73cd7be82fbc1b0,2d5f6f6b539f6c5aa4e32969abd8553e2e3a52988bbdb8e8d873f7bcd4ae4b82,cdcc83f5050bd2bc104f1a0e1479d6854a2b67e9a8ff2100cad6269d5b7fc115,0,2048,500
P-EA,SA,SA,mc_raw,1003,shared_offset,1000,2048,2548,0.1,0.028670976458008868,0.021599879052050353,0.27318899010749037,0.20328904588196475,exact_population_Fisher_projection_diagnostic,0.20027525133223803,8.400542615200833e-05,8.4249306019543e-05,8.37696652045191e-05,0.0002587045386222116,0.016842373208178524,0.16600249998737127,0.0787315940363513,0.36766985555059406,0.31053347965676853,0.7103262952361966,1003,0.00014754184750809864,0.06638045815249183,0735c7b2e4b33120b08c662164a498819bd1333ac22bd4191ec0376957a90d33,False,D:\manifold\manifold_project\experiments\results\pair_estimation_20seeds_v1,993a058c136c24688c623203af1c038ee8cdc8ee4fa6d85ef73cd7be82fbc1b0,2d5f6f6b539f6c5aa4e32969abd8553e2e3a52988bbdb8e8d873f7bcd4ae4b82,cdcc83f5050bd2bc104f1a0e1479d6854a2b67e9a8ff2100cad6269d5b7fc115,0,2048,500
P-EA,SA,SA,mc_raw,1004,table,1,2048,2548,0.1,0.025254603143226473,0.012670903019337265,0.2430521131086333,0.2430521131086333,exact_population_Fisher_projection_diagnostic,0.12095969584853761,9.921879226123181e-05,9.94523203994493e-05,0.00010003822508784839,9.442135793569611e-05,0.02034339704183048,0.0009568000677973032,0.041422558208420765,0.3302907269823446,0.3063374607223203,0.7062619509038903,1004,0.0005608117866542938,0.06596718821334563,fb004b762a4400d05c6bfb8031ac465bfe1f1e5a7a61da245e76721c69e19d85,False,D:\manifold\manifold_project\experiments\results\pair_estimation_20seeds_v1,993a058c136c24688c623203af1c038ee8cdc8ee4fa6d85ef73cd7be82fbc1b0,2d5f6f6b539f6c5aa4e32969abd8553e2e3a52988bbdb8e8d873f7bcd4ae4b82,cdcc83f5050bd2bc104f1a0e1479d6854a2b67e9a8ff2100cad6269d5b7fc115,0,2048,500
P-EA,SA,SA,mc_raw,1004,table,10,2048,2548,0.1,0.025254603143226473,0.024401968709239275,0.2430521131086333,0.2430521131086333,exact_population_Fisher_projection_diagnostic,0.23375541220520285,2.551069522938874e-06,2.5412691393401457e-06,2.516680707546101e-06,0.00025540321362264287,0.0005054272992465083,0.003312599961645901,0.041422558208420765,0.3302907269823446,0.3031397697782346,0.713012083128612,1004,0.0005608117866542938,0.06596718821334563,fb004b762a4400d05c6bfb8031ac465bfe1f1e5a7a61da245e76721c69e19d85,False,D:\manifold\manifold_project\experiments\results\pair_estimation_20seeds_v1,993a058c136c24688c623203af1c038ee8cdc8ee4fa6d85ef73cd7be82fbc1b0,2d5f6f6b539f6c5aa4e32969abd8553e2e3a52988bbdb8e8d873f7bcd4ae4b82,cdcc83f5050bd2bc104f1a0e1479d6854a2b67e9a8ff2100cad6269d5b7fc115,0,2048,500
P-EA,SA,SA,mc_raw,1004,table,100,2048,2548,0.1,0.025254603143226473,0.0251602134147762,0.2430521131086333,0.2430521131086333,exact_population_Fisher_projection_diagnostic,0.24214708361115764,4.6730179592792276e-09,4.688887778808318e-09,4.7287039728528435e-09,0.0002732835848281531,9.686483563870528e-07,0.018133100005798042,0.041422558208420765,0.3302907269823446,0.3017661729914176,0.7136329113652627,1004,0.0005608117866542938,0.06596718821334563,fb004b762a4400d05c6bfb8031ac465bfe1f1e5a7a61da245e76721c69e19d85,False,D:\manifold\manifold_project\experiments\results\pair_estimation_20seeds_v1,993a058c136c24688c623203af1c038ee8cdc8ee4fa6d85ef73cd7be82fbc1b0,2d5f6f6b539f6c5aa4e32969abd8553e2e3a52988bbdb8e8d873f7bcd4ae4b82,cdcc83f5050bd2bc104f1a0e1479d6854a2b67e9a8ff2100cad6269d5b7fc115,0,2048,500
P-EA,SA,SA,mc_raw,1004,table,1000,2048,2548,0.1,0.025254603143226473,0.02525460314322664,0.2430521131086333,0.2430521131086333,exact_population_Fisher_projection_diagnostic,0.24305211310863542,2.8279122453493153e-17,2.84128034509688e-17,2.8748199107220176e-17,0.00027535097756265246,4.058236378639186e-30,0.16178890003357083,0.041422558208420765,0.3302907269823446,0.3017426248370982,0.7136864141421003,1004,0.0005608117866542938,0.06596718821334563,fb004b762a4400d05c6bfb8031ac465bfe1f1e5a7a61da245e76721c69e19d85,False,D:\manifold\manifold_project\experiments\results\pair_estimation_20seeds_v1,993a058c136c24688c623203af1c038ee8cdc8ee4fa6d85ef73cd7be82fbc1b0,2d5f6f6b539f6c5aa4e32969abd8553e2e3a52988bbdb8e8d873f7bcd4ae4b82,cdcc83f5050bd2bc104f1a0e1479d6854a2b67e9a8ff2100cad6269d5b7fc115,0,2048,500
P-EA,SA,SA,mc_raw,1004,shared_offset,1,2048,2548,0.1,0.025254603143226473,0.012670926529407045,0.2430521131086333,0.17316912571884568,exact_population_Fisher_projection_diagnostic,0.12095986242004178,9.921950580915526e-05,9.945302893672851e-05,0.00010003892105379472,9.442234771676778e-05,0.020343535110944538,0.0006561001064255834,0.041422558208420765,0.3302907269823446,0.3063375427400729,0.7062619515296813,1004,0.0005608117866542938,0.06596718821334563,fb004b762a4400d05c6bfb8031ac465bfe1f1e5a7a61da245e76721c69e19d85,False,D:\manifold\manifold_project\experiments\results\pair_estimation_20seeds_v1,993a058c136c24688c623203af1c038ee8cdc8ee4fa6d85ef73cd7be82fbc1b0,2d5f6f6b539f6c5aa4e32969abd8553e2e3a52988bbdb8e8d873f7bcd4ae4b82,cdcc83f5050bd2bc104f1a0e1479d6854a2b67e9a8ff2100cad6269d5b7fc115,0,2048,500
P-EA,SA,SA,mc_raw,1004,shared_offset,10,2048,2548,0.1,0.025254603143226473,0.009725331597320586,0.2430521131086333,0.17316912571884568,exact_population_Fisher_projection_diagnostic,0.0937936212055556,0.0001208137475058819,0.0001212729197153491,0.00012242494855590894,5.678325531909452e-05,0.02496110437781929,0.0017352999420836568,0.041422558208420765,0.3302907269823446,0.30490769599534273,0.7048622437775985,1004,0.0005608117866542938,0.06596718821334563,fb004b762a4400d05c6bfb8031ac465bfe1f1e5a7a61da245e76721c69e19d85,False,D:\manifold\manifold_project\experiments\results\pair_estimation_20seeds_v1,993a058c136c24688c623203af1c038ee8cdc8ee4fa6d85ef73cd7be82fbc1b0,2d5f6f6b539f6c5aa4e32969abd8553e2e3a52988bbdb8e8d873f7bcd4ae4b82,cdcc83f5050bd2bc104f1a0e1479d6854a2b67e9a8ff2100cad6269d5b7fc115,0,2048,500
P-EA,SA,SA,mc_raw,1004,shared_offset,100,2048,2548,0.1,0.025254603143226473,0.017966618670046897,0.2430521131086333,0.17316912571884568,exact_population_Fisher_projection_diagnostic,0.16852240339313054,8.431314107601082e-05,8.414997559963132e-05,8.374060558399167e-05,0.00018321575995804558,0.016850366984818906,0.01657800003886223,0.041422558208420765,0.3302907269823446,0.3088498986871555,0.7087031894586522,1004,0.0005608117866542938,0.06596718821334563,fb004b762a4400d05c6bfb8031ac465bfe1f1e5a7a61da245e76721c69e19d85,False,D:\manifold\manifold_project\experiments\results\pair_estimation_20seeds_v1,993a058c136c24688c623203af1c038ee8cdc8ee4fa6d85ef73cd7be82fbc1b0,2d5f6f6b539f6c5aa4e32969abd8553e2e3a52988bbdb8e8d873f7bcd4ae4b82,cdcc83f5050bd2bc104f1a0e1479d6854a2b67e9a8ff2100cad6269d5b7fc115,0,2048,500
P-EA,SA,SA,mc_raw,1004,shared_offset,1000,2048,2548,0.1,0.025254603143226473,0.018029116934654532,0.2430521131086333,0.17316912571884568,exact_population_Fisher_projection_diagnostic,0.16907444560137747,8.431117916544973e-05,8.414339494890526e-05,8.372243685853594e-05,0.00018441735511072927,0.016844133489360813,0.1988984999479726,0.041422558208420765,0.3302907269823446,0.308879125601433,0.7087314538389208,1004,0.0005608117866542938,0.06596718821334563,fb004b762a4400d05c6bfb8031ac465bfe1f1e5a7a61da245e76721c69e19d85,False,D:\manifold\manifold_project\experiments\results\pair_estimation_20seeds_v1,993a058c136c24688c623203af1c038ee8cdc8ee4fa6d85ef73cd7be82fbc1b0,2d5f6f6b539f6c5aa4e32969abd8553e2e3a52988bbdb8e8d873f7bcd4ae4b82,cdcc83f5050bd2bc104f1a0e1479d6854a2b67e9a8ff2100cad6269d5b7fc115,0,2048,500
P-EA,SA,SA,mc_raw,1005,table,1,2048,2548,0.1,0.027498395641967655,0.012670917010321747,0.26181252739843064,0.26181252739843064,exact_population_Fisher_projection_diagnostic,0.12095979570908853,0.00010478601471214213,0.00010515647586983518,0.00010515647586983694,9.442193699592572e-05,0.0214900644489279,0.0008780000498518348,0.09047111241045377,0.35069022389447174,0.3063375084556543,0.7062619514349108,1005,0.0003556548536463264,0.06617234514635359,ce79a571defd4042d2d7277a1ffcf90969152f836dd64d5c28c39640133309ef,False,D:\manifold\manifold_project\experiments\results\pair_estimation_20seeds_v1,993a058c136c24688c623203af1c038ee8cdc8ee4fa6d85ef73cd7be82fbc1b0,2d5f6f6b539f6c5aa4e32969abd8553e2e3a52988bbdb8e8d873f7bcd4ae4b82,cdcc83f5050bd2bc104f1a0e1479d6854a2b67e9a8ff2100cad6269d5b7fc115,0,2048,500
P-EA,SA,SA,mc_raw,1005,table,10,2048,2548,0.1,0.027498395641967655,0.028855416586079596,0.26181252739843064,0.26181252739843064,exact_population_Fisher_projection_diagnostic,0.27205738349261843,3.9324583123815625e-06,3.9103498124451805e-06,3.910349812445181e-06,0.0003544988687587243,0.0007770170293494429,0.002245499985292554,0.09047111241045377,0.35069022389447174,0.30579828853652535,0.7148828146203399,1005,0.0003556548536463264,0.06617234514635359,ce79a571defd4042d2d7277a1ffcf90969152f836dd64d5c28c39640133309ef,False,D:\manifold\manifold_project\experiments\results\pair_estimation_20seeds_v1,993a058c136c24688c623203af1c038ee8cdc8ee4fa6d85ef73cd7be82fbc1b0,2d5f6f6b539f6c5aa4e32969abd8553e2e3a52988bbdb8e8d873f7bcd4ae4b82,cdcc83f5050bd2bc104f1a0e1479d6854a2b67e9a8ff2100cad6269d5b7fc115,0,2048,500
P-EA,SA,SA,mc_raw,1005,table,100,2048,2548,0.1,0.027498395641967655,0.0274221311756902,0.26181252739843064,0.26181252739843064,exact_population_Fisher_projection_diagnostic,0.26110063712174736,2.4650673553713697e-09,2.4748427105678326e-09,2.474842710567876e-09,0.0003190827033900043,5.092762974723747e-07,0.018875999958254397,0.09047111241045377,0.35069022389447174,0.3038198635849243,0.7144786636666576,1005,0.0003556548536463264,0.06617234514635359,ce79a571defd4042d2d7277a1ffcf90969152f836dd64d5c28c39640133309ef,False,D:\manifold\manifold_project\experiments\results\pair_estimation_20seeds_v1,993a058c136c24688c623203af1c038ee8cdc8ee4fa6d85ef73cd7be82fbc1b0,2d5f6f6b539f6c5aa4e32969abd8553e2e3a52988bbdb8e8d873f7bcd4ae4b82,cdcc83f5050bd2bc104f1a0e1479d6854a2b67e9a8ff2100cad6269d5b7fc115,0,2048,500
P-EA,SA,SA,mc_raw,1005,table,1000,2048,2548,0.1,0.027498395641967655,0.027498395641967655,0.26181252739843064,0.26181252739843064,exact_population_Fisher_projection_diagnostic,0.26181252739843075,0.0,0.0,0.0,0.00032077243986609584,2.87576777807991e-31,0.17997689999174327,0.09047111241045377,0.35069022389447174,0.3038134830792483,0.7145193657585358,1005,0.0003556548536463264,0.06617234514635359,ce79a571defd4042d2d7277a1ffcf90969152f836dd64d5c28c39640133309ef,False,D:\manifold\manifold_project\experiments\results\pair_estimation_20seeds_v1,993a058c136c24688c623203af1c038ee8cdc8ee4fa6d85ef73cd7be82fbc1b0,2d5f6f6b539f6c5aa4e32969abd8553e2e3a52988bbdb8e8d873f7bcd4ae4b82,cdcc83f5050bd2bc104f1a0e1479d6854a2b67e9a8ff2100cad6269d5b7fc115,0,2048,500
P-EA,SA,SA,mc_raw,1005,shared_offset,1,2048,2548,0.1,0.027498395641967655,0.012670928622303457,0.26181252739843064,0.19886031994821704,exact_population_Fisher_projection_diagnostic,0.12095988153515234,0.00010478615778047534,0.00010515661779866237,0.00010515661779866414,9.442237754710443e-05,0.02149009241074913,0.0005731000564992428,0.09047111241045377,0.35069022389447174,0.30633754374747935,0.7062619525131992,1005,0.0003556548536463264,0.06617234514635359,ce79a571defd4042d2d7277a1ffcf90969152f836dd64d5c28c39640133309ef,False,D:\manifold\manifold_project\experiments\results\pair_estimation_20seeds_v1,993a058c136c24688c623203af1c038ee8cdc8ee4fa6d85ef73cd7be82fbc1b0,2d5f6f6b539f6c5aa4e32969abd8553e2e3a52988bbdb8e8d873f7bcd4ae4b82,cdcc83f5050bd2bc104f1a0e1479d6854a2b67e9a8ff2100cad6269d5b7fc115,0,2048,500
P-EA,SA,SA,mc_raw,1005,shared_offset,10,2048,2548,0.1,0.027498395641967655,0.01259310167422173,0.26181252739843064,0.19886031994821704,exact_population_Fisher_projection_diagnostic,0.12024888236004419,0.0001054803533756219,0.00010585550120675818,0.00010585550120675997,9.331607554440829e-05,0.0216338380378308,0.0017695000860840082,0.09047111241045377,0.35069022389447174,0.306300073880053,0.7062253685810225,1005,0.0003556548536463264,0.06617234514635359,ce79a571defd4042d2d7277a1ffcf90969152f836dd64d5c28c39640133309ef,False,D:\manifold\manifold_project\experiments\results\pair_estimation_20seeds_v1,993a058c136c24688c623203af1c038ee8cdc8ee4fa6d85ef73cd7be82fbc1b0,2d5f6f6b539f6c5aa4e32969abd8553e2e3a52988bbdb8e8d873f7bcd4ae4b82,cdcc83f5050bd2bc104f1a0e1479d6854a2b67e9a8ff2100cad6269d5b7fc115,0,2048,500
P-EA,SA,SA,mc_raw,1005,shared_offset,100,2048,2548,0.1,0.027498395641967655,0.021165139080428497,0.26181252739843064,0.19886031994821704,exact_population_Fisher_projection_diagnostic,0.1965115254777881,6.812241273421032e-05,6.799208442034095e-05,6.799208442034143e-05,0.00024907905883912414,0.013658265942439135,0.016731999930925667,0.09047111241045377,0.35069022389447174,0.3103336581466183,0.710134185370965,1005,0.0003556548536463264,0.06617234514635359,ce79a571defd4042d2d7277a1ffcf90969152f836dd64d5c28c39640133309ef,False,D:\manifold\manifold_project\experiments\results\pair_estimation_20seeds_v1,993a058c136c24688c623203af1c038ee8cdc8ee4fa6d85ef73cd7be82fbc1b0,2d5f6f6b539f6c5aa4e32969abd8553e2e3a52988bbdb8e8d873f7bcd4ae4b82,cdcc83f5050bd2bc104f1a0e1479d6854a2b67e9a8ff2100cad6269d5b7fc115,0,2048,500
P-EA,SA,SA,mc_raw,1005,shared_offset,1000,2048,2548,0.1,0.027498395641967655,0.02115657111389757,0.26181252739843064,0.19886031994821704,exact_population_Fisher_projection_diagnostic,0.19643725345063187,6.812237725200913e-05,6.799254427768917e-05,6.799254427768963e-05,0.00024889094635411853,0.01365872375879811,0.18646150000859052,0.09047111241045377,0.35069022389447174,0.31032971565163825,0.7101303935846504,1005,0.0003556548536463264,0.06617234514635359,ce79a571defd4042d2d7277a1ffcf90969152f836dd64d5c28c39640133309ef,False,D:\manifold\manifold_project\experiments\results\pair_estimation_20seeds_v1,993a058c136c24688c623203af1c038ee8cdc8ee4fa6d85ef73cd7be82fbc1b0,2d5f6f6b539f6c5aa4e32969abd8553e2e3a52988bbdb8e8d873f7bcd4ae4b82,cdcc83f5050bd2bc104f1a0e1479d6854a2b67e9a8ff2100cad6269d5b7fc115,0,2048,500
P-EA,SA,SA,mc_raw,1006,table,1,2048,2548,0.1,0.028595961339835274,0.012670909876946634,0.27365408244992906,0.27365408244992906,exact_population_Fisher_projection_diagnostic,0.1209597477922939,0.00013545124658810698,0.00013600526937857164,0.00013600526937857378,9.442160100380306e-05,0.027777173754203466,0.0016556000337004662,0.05342171223925166,0.3711228995466214,0.306337479717361,0.7062619518129661,1006,7.68943430134526e-05,0.06645110565698648,3b2432aae04dce19372892061f1d557061107d691a1b108a80b04b40635a7aa8,False,D:\manifold\manifold_project\experiments\results\pair_estimation_20seeds_v1,993a058c136c24688c623203af1c038ee8cdc8ee4fa6d85ef73cd7be82fbc1b0,2d5f6f6b539f6c5aa4e32969abd8553e2e3a52988bbdb8e8d873f7bcd4ae4b82,cdcc83f5050bd2bc104f1a0e1479d6854a2b67e9a8ff2100cad6269d5b7fc115,0,2048,500
P-EA,SA,SA,mc_raw,1006,table,10,2048,2548,0.1,0.028595961339835274,0.03172422046504697,0.27365408244992906,0.27365408244992906,exact_population_Fisher_projection_diagnostic,0.30119637525555537,4.243090173225781e-06,4.249152456752905e-06,4.2491524567529575e-06,0.00042189140184153393,0.000867793574045689,0.0028541000792756677,0.05342171223925166,0.3711228995466214,0.3034097509045515,0.7167711138565646,1006,7.68943430134526e-05,0.06645110565698648,3b2432aae04dce19372892061f1d557061107d691a1b108a80b04b40635a7aa8,False,D:\manifold\manifold_project\experiments\results\pair_estimation_20seeds_v1,993a058c136c24688c623203af1c038ee8cdc8ee4fa6d85ef73cd7be82fbc1b0,2d5f6f6b539f6c5aa4e32969abd8553e2e3a52988bbdb8e8d873f7bcd4ae4b82,cdcc83f5050bd2bc104f1a0e1479d6854a2b67e9a8ff2100cad6269d5b7fc115,0,2048,500
P-EA,SA,SA,mc_raw,1006,table,100,2048,2548,0.1,0.028595961339835274,0.0286608145375431,0.27365408244992906,0.27365408244992906,exact_population_Fisher_projection_diagnostic,0.27427617335648113,2.3678874408365525e-09,2.3763609823264116e-09,2.376360982326447e-09,0.0003500044846809429,4.87608854876554e-07,0.017275999998673797,0.05342171223925166,0.3711228995466214,0.3022290179773465,0.7153892074260045,1006,7.68943430134526e-05,0.06645110565698648,3b2432aae04dce19372892061f1d557061107d691a1b108a80b04b40635a7aa8,False,D:\manifold\manifold_project\experiments\results\pair_estimation_20seeds_v1,993a058c136c24688c623203af1c038ee8cdc8ee4fa6d85ef73cd7be82fbc1b0,2d5f6f6b539f6c5aa4e32969abd8553e2e3a52988bbdb8e8d873f7bcd4ae4b82,cdcc83f5050bd2bc104f1a0e1479d6854a2b67e9a8ff2100cad6269d5b7fc115,0,2048,500
P-EA,SA,SA,mc_raw,1006,table,1000,2048,2548,0.1,0.028595961339835274,0.028595961339835108,0.27365408244992906,0.27365408244992906,exact_population_Fisher_projection_diagnostic,0.273654082449928,-7.729073982119204e-18,-7.386406337469657e-18,-7.386406337469293e-18,0.0003484115360434619,1.69480371399319e-30,0.18424829992000014,0.05342171223925166,0.3711228995466214,0.30224849526298514,0.715352211820089,1006,7.68943430134526e-05,0.06645110565698648,3b2432aae04dce19372892061f1d557061107d691a1b108a80b04b40635a7aa8,False,D:\manifold\manifold_project\experiments\results\pair_estimation_20seeds_v1,993a058c136c24688c623203af1c038ee8cdc8ee4fa6d85ef73cd7be82fbc1b0,2d5f6f6b539f6c5aa4e32969abd8553e2e3a52988bbdb8e8d873f7bcd4ae4b82,cdcc83f5050bd2bc104f1a0e1479d6854a2b67e9a8ff2100cad6269d5b7fc115,0,2048,500
P-EA,SA,SA,mc_raw,1006,shared_offset,1,2048,2548,0.1,0.028595961339835274,0.012670928435460138,0.27365408244992906,0.19679581121653017,exact_population_Fisher_projection_diagnostic,0.12095987982865047,0.00013545172697246863,0.00013600574543506794,0.00013600574543507006,9.442237488401298e-05,0.02777726810700822,0.001138600055128336,0.05342171223925166,0.3711228995466214,0.3063375436575431,0.7062619524253957,1006,7.68943430134526e-05,0.06645110565698648,3b2432aae04dce19372892061f1d557061107d691a1b108a80b04b40635a7aa8,False,D:\manifold\manifold_project\experiments\results\pair_estimation_20seeds_v1,993a058c136c24688c623203af1c038ee8cdc8ee4fa6d85ef73cd7be82fbc1b0,2d5f6f6b539f6c5aa4e32969abd8553e2e3a52988bbdb8e8d873f7bcd4ae4b82,cdcc83f5050bd2bc104f1a0e1479d6854a2b67e9a8ff2100cad6269d5b7fc115,0,2048,500
P-EA,SA,SA,mc_raw,1006,shared_offset,10,2048,2548,0.1,0.028595961339835274,0.012201329894155843,0.27365408244992906,0.19679581121653017,exact_population_Fisher_projection_diagnostic,0.1166643073292053,0.00013959043760463532,0.0001401927802906872,0.00014019278029068946,8.783774478259426e-05,0.02864270066965453,0.0024845999432727695,0.05342171223925166,0.3711228995466214,0.30611120470140496,0.7060408864279965,1006,7.68943430134526e-05,0.06645110565698648,3b2432aae04dce19372892061f1d557061107d691a1b108a80b04b40635a7aa8,False,D:\manifold\manifold_project\experiments\results\pair_estimation_20seeds_v1,993a058c136c24688c623203af1c038ee8cdc8ee4fa6d85ef73cd7be82fbc1b0,2d5f6f6b539f6c5aa4e32969abd8553e2e3a52988bbdb8e8d873f7bcd4ae4b82,cdcc83f5050bd2bc104f1a0e1479d6854a2b67e9a8ff2100cad6269d5b7fc115,0,2048,500
P-EA,SA,SA,mc_raw,1006,shared_offset,100,2048,2548,0.1,0.028595961339835274,0.020877807546822724,0.27365408244992906,0.19679581121653017,exact_population_Fisher_projection_diagnostic,0.19401874766922053,0.00010145518203531889,0.00010118371883676181,0.00010118371883676252,0.00024280425105309075,0.020358265431121875,0.02074529998935759,0.05342171223925166,0.3711228995466214,0.31020135199967913,0.7100069063350101,1006,7.68943430134526e-05,0.06645110565698648,3b2432aae04dce19372892061f1d557061107d691a1b108a80b04b40635a7aa8,False,D:\manifold\manifold_project\experiments\results\pair_estimation_20seeds_v1,993a058c136c24688c623203af1c038ee8cdc8ee4fa6d85ef73cd7be82fbc1b0,2d5f6f6b539f6c5aa4e32969abd8553e2e3a52988bbdb8e8d873f7bcd4ae4b82,cdcc83f5050bd2bc104f1a0e1479d6854a2b67e9a8ff2100cad6269d5b7fc115,0,2048,500
P-EA,SA,SA,mc_raw,1006,shared_offset,1000,2048,2548,0.1,0.028595961339835274,0.02083399452086132,0.27365408244992906,0.19679581121653017,exact_population_Fisher_projection_diagnostic,0.1936382753804783,0.00010145425082213649,0.0001011871071969721,0.0001011871071969728,0.0002418535593644442,0.020361182137329126,0.17260299995541573,0.05342171223925166,0.3711228995466214,0.31018116086367303,0.7099874768476574,1006,7.68943430134526e-05,0.06645110565698648,3b2432aae04dce19372892061f1d557061107d691a1b108a80b04b40635a7aa8,False,D:\manifold\manifold_project\experiments\results\pair_estimation_20seeds_v1,993a058c136c24688c623203af1c038ee8cdc8ee4fa6d85ef73cd7be82fbc1b0,2d5f6f6b539f6c5aa4e32969abd8553e2e3a52988bbdb8e8d873f7bcd4ae4b82,cdcc83f5050bd2bc104f1a0e1479d6854a2b67e9a8ff2100cad6269d5b7fc115,0,2048,500
P-EA,SA,SA,mc_raw,1007,table,1,2048,2548,0.1,0.03001086262366448,0.012670920047230583,0.2839839476423052,0.2839839476423052,exact_population_Fisher_projection_diagnostic,0.1209598193860934,0.00013140125585500413,0.00013496931542404826,0.00013153343633601862,9.442203548155111e-05,0.0269539105798831,0.001029200037010014,0.11057386382067425,0.37900583011437144,0.3063375158786368,0.7062619519832908,1007,0.0010414481512702365,0.0654865518487297,e025769c31a31543037df75b93b84942a3877aa5311a99dba0fbcafc396085c4,False,D:\manifold\manifold_project\experiments\results\pair_estimation_20seeds_v1,993a058c136c24688c623203af1c038ee8cdc8ee4fa6d85ef73cd7be82fbc1b0,2d5f6f6b539f6c5aa4e32969abd8553e2e3a52988bbdb8e8d873f7bcd4ae4b82,cdcc83f5050bd2bc104f1a0e1479d6854a2b67e9a8ff2100cad6269d5b7fc115,0,2048,500
P-EA,SA,SA,mc_raw,1007,table,10,2048,2548,0.1,0.03001086262366448,0.034120217572967904,0.2839839476423052,0.2839839476423052,exact_population_Fisher_projection_diagnostic,0.31949771407035005,7.12828455155966e-06,7.174240894337058e-06,7.1299870263576415e-06,0.0004839718422289644,0.0014545729865391198,0.003436999977566302,0.11057386382067425,0.37900583011437144,0.3061953818385331,0.7174978682063083,1007,0.0010414481512702365,0.0654865518487297,e025769c31a31543037df75b93b84942a3877aa5311a99dba0fbcafc396085c4,False,D:\manifold\manifold_project\experiments\results\pair_estimation_20seeds_v1,993a058c136c24688c623203af1c038ee8cdc8ee4fa6d85ef73cd7be82fbc1b0,2d5f6f6b539f6c5aa4e32969abd8553e2e3a52988bbdb8e8d873f7bcd4ae4b82,cdcc83f5050bd2bc104f1a0e1479d6854a2b67e9a8ff2100cad6269d5b7fc115,0,2048,500
P-EA,SA,SA,mc_raw,1007,table,100,2048,2548,0.1,0.03001086262366448,0.0301279012062719,0.2839839476423052,0.2839839476423052,exact_population_Fisher_projection_diagnostic,0.28505299757278546,5.236887714940399e-09,5.385723873383614e-09,5.242401421938471e-09,0.0003816750663450684,1.0819945525121624e-06,0.01842209999449551,0.11057386382067425,0.37900583011437144,0.3046681483861697,0.7157326911491815,1007,0.0010414481512702365,0.0654865518487297,e025769c31a31543037df75b93b84942a3877aa5311a99dba0fbcafc396085c4,False,D:\manifold\manifold_project\experiments\results\pair_estimation_20seeds_v1,993a058c136c24688c623203af1c038ee8cdc8ee4fa6d85ef73cd7be82fbc1b0,2d5f6f6b539f6c5aa4e32969abd8553e2e3a52988bbdb8e8d873f7bcd4ae4b82,cdcc83f5050bd2bc104f1a0e1479d6854a2b67e9a8ff2100cad6269d5b7fc115,0,2048,500
P-EA,SA,SA,mc_raw,1007,table,1000,2048,2548,0.1,0.03001086262366448,0.030010862623664425,0.2839839476423052,0.2839839476423052,exact_population_Fisher_projection_diagnostic,0.2839839476423045,2.7102588590119716e-17,2.5943436806080147e-17,2.705964725536389e-17,0.0003788854562119047,1.161178600582041e-30,0.18601419997867197,0.11057386382067425,0.37900583011437144,0.3046645432400847,0.7156731326581871,1007,0.0010414481512702365,0.0654865518487297,e025769c31a31543037df75b93b84942a3877aa5311a99dba0fbcafc396085c4,False,D:\manifold\manifold_project\experiments\results\pair_estimation_20seeds_v1,993a058c136c24688c623203af1c038ee8cdc8ee4fa6d85ef73cd7be82fbc1b0,2d5f6f6b539f6c5aa4e32969abd8553e2e3a52988bbdb8e8d873f7bcd4ae4b82,cdcc83f5050bd2bc104f1a0e1479d6854a2b67e9a8ff2100cad6269d5b7fc115,0,2048,500
P-EA,SA,SA,mc_raw,1007,shared_offset,1,2048,2548,0.1,0.03001086262366448,0.012670929833939581,0.2839839476423052,0.21904488635653402,exact_population_Fisher_projection_diagnostic,0.12095989260142248,0.0001314013157094214,0.00013496937058569687,0.00013153349601659003,9.442239481673563e-05,0.026953922201053915,0.0005369000136852264,0.11057386382067425,0.37900583011437144,0.306337544330695,0.7062619530825852,1007,0.0010414481512702365,0.0654865518487297,e025769c31a31543037df75b93b84942a3877aa5311a99dba0fbcafc396085c4,False,D:\manifold\manifold_project\experiments\results\pair_estimation_20seeds_v1,993a058c136c24688c623203af1c038ee8cdc8ee4fa6d85ef73cd7be82fbc1b0,2d5f6f6b539f6c5aa4e32969abd8553e2e3a52988bbdb8e8d873f7bcd4ae4b82,cdcc83f5050bd2bc104f1a0e1479d6854a2b67e9a8ff2100cad6269d5b7fc115,0,2048,500
P-EA,SA,SA,mc_raw,1007,shared_offset,10,2048,2548,0.1,0.03001086262366448,0.0160148901984552,0.2839839476423052,0.21904488635653402,exact_population_Fisher_projection_diagnostic,0.15117639706169803,0.00010003277762580932,0.00010217487665882424,0.00010011213271366187,0.00014745808666538542,0.02047640101536095,0.0028386000776663423,0.11057386382067425,0.37900583011437144,0.3079323245702446,0.7078142574720658,1007,0.0010414481512702365,0.0654865518487297,e025769c31a31543037df75b93b84942a3877aa5311a99dba0fbcafc396085c4,False,D:\manifold\manifold_project\experiments\results\pair_estimation_20seeds_v1,993a058c136c24688c623203af1c038ee8cdc8ee4fa6d85ef73cd7be82fbc1b0,2d5f6f6b539f6c5aa4e32969abd8553e2e3a52988bbdb8e8d873f7bcd4ae4b82,cdcc83f5050bd2bc104f1a0e1479d6854a2b67e9a8ff2100cad6269d5b7fc115,0,2048,500
P-EA,SA,SA,mc_raw,1007,shared_offset,100,2048,2548,0.1,0.03001086262366448,0.023432406871903455,0.2839839476423052,0.21904488635653402,exact_population_Fisher_projection_diagnostic,0.21603711225688602,7.239254772738926e-05,7.145176071039472e-05,7.23576958203423e-05,0.00030099348121545686,0.014538119333750578,0.020409099990502,0.11057386382067425,0.37900583011437144,0.3113710664296987,0.7111299998251756,1007,0.0010414481512702365,0.0654865518487297,e025769c31a31543037df75b93b84942a3877aa5311a99dba0fbcafc396085c4,False,D:\manifold\manifold_project\experiments\results\pair_estimation_20seeds_v1,993a058c136c24688c623203af1c038ee8cdc8ee4fa6d85ef73cd7be82fbc1b0,2d5f6f6b539f6c5aa4e32969abd8553e2e3a52988bbdb8e8d873f7bcd4ae4b82,cdcc83f5050bd2bc104f1a0e1479d6854a2b67e9a8ff2100cad6269d5b7fc115,0,2048,500
P-EA,SA,SA,mc_raw,1007,shared_offset,1000,2048,2548,0.1,0.03001086262366448,0.02351387659164572,0.2839839476423052,0.21904488635653402,exact_population_Fisher_projection_diagnostic,0.2167340311218478,7.238942529651913e-05,7.141531796049739e-05,7.2353339022245e-05,0.0003029370570478168,0.01453333126703581,0.1783706999849528,0.11057386382067425,0.37900583011437144,0.3114081293278623,0.7111655054606134,1007,0.0010414481512702365,0.0654865518487297,e025769c31a31543037df75b93b84942a3877aa5311a99dba0fbcafc396085c4,False,D:\manifold\manifold_project\experiments\results\pair_estimation_20seeds_v1,993a058c136c24688c623203af1c038ee8cdc8ee4fa6d85ef73cd7be82fbc1b0,2d5f6f6b539f6c5aa4e32969abd8553e2e3a52988bbdb8e8d873f7bcd4ae4b82,cdcc83f5050bd2bc104f1a0e1479d6854a2b67e9a8ff2100cad6269d5b7fc115,0,2048,500
P-EA,SA,SA,mc_raw,1008,table,1,2048,2548,0.1,0.02950638280442508,0.012670917046148311,0.2806428225752334,0.2806428225752334,exact_population_Fisher_projection_diagnostic,0.1209597984032462,0.00013444387004567742,0.0001339180175343943,0.00013440138644961342,9.442190532599933e-05,0.02750850135313186,0.0008666999638080597,0.08410004626226812,0.37734374289661077,0.30633750499765966,0.7062619519640446,1008,0.0003467588397299333,0.06618124116027,860b4770a5bbbc606cbda9fc04fae0741e64ba8d19b6a91d9a9bb02d1eb80990,False,D:\manifold\manifold_project\experiments\results\pair_estimation_20seeds_v1,993a058c136c24688c623203af1c038ee8cdc8ee4fa6d85ef73cd7be82fbc1b0,2d5f6f6b539f6c5aa4e32969abd8553e2e3a52988bbdb8e8d873f7bcd4ae4b82,cdcc83f5050bd2bc104f1a0e1479d6854a2b67e9a8ff2100cad6269d5b7fc115,0,2048,500
P-EA,SA,SA,mc_raw,1008,table,10,2048,2548,0.1,0.02950638280442508,0.03354096146333385,0.2806428225752334,0.2806428225752334,exact_population_Fisher_projection_diagnostic,0.31527711702413536,7.776128568088201e-06,7.778339819823008e-06,7.776307214996765e-06,0.0004675500734423684,0.001579742209025255,0.0020402000518515706,0.08410004626226812,0.37734374289661077,0.3054154650546087,0.7173448334851794,1008,0.0003467588397299333,0.06618124116027,860b4770a5bbbc606cbda9fc04fae0741e64ba8d19b6a91d9a9bb02d1eb80990,False,D:\manifold\manifold_project\experiments\results\pair_estimation_20seeds_v1,993a058c136c24688c623203af1c038ee8cdc8ee4fa6d85ef73cd7be82fbc1b0,2d5f6f6b539f6c5aa4e32969abd8553e2e3a52988bbdb8e8d873f7bcd4ae4b82,cdcc83f5050bd2bc104f1a0e1479d6854a2b67e9a8ff2100cad6269d5b7fc115,0,2048,500
P-EA,SA,SA,mc_raw,1008,table,100,2048,2548,0.1,0.02950638280442508,0.029607513961487975,0.2806428225752334,0.2806428225752334,exact_population_Fisher_projection_diagnostic,0.28159757716603284,4.960887002764695e-09,4.942774662902295e-09,4.9594237078027486e-09,0.0003695065623352249,1.0205636633178667e-06,0.02786879998166114,0.08410004626226812,0.37734374289661077,0.3035238556025184,0.7156611872010373,1008,0.0003467588397299333,0.06618124116027,860b4770a5bbbc606cbda9fc04fae0741e64ba8d19b6a91d9a9bb02d1eb80990,False,D:\manifold\manifold_project\experiments\results\pair_estimation_20seeds_v1,993a058c136c24688c623203af1c038ee8cdc8ee4fa6d85ef73cd7be82fbc1b0,2d5f6f6b539f6c5aa4e32969abd8553e2e3a52988bbdb8e8d873f7bcd4ae4b82,cdcc83f5050bd2bc104f1a0e1479d6854a2b67e9a8ff2100cad6269d5b7fc115,0,2048,500
P-EA,SA,SA,mc_raw,1008,table,1000,2048,2548,0.1,0.02950638280442508,0.02950638280442497,0.2806428225752334,0.2806428225752334,exact_population_Fisher_projection_diagnostic,0.2806428225752323,-3.884496986280234e-17,-3.9109234268464425e-17,-3.886631976990251e-17,0.00036707409679102073,5.396982638605819e-30,0.23167869995813817,0.08410004626226812,0.37734374289661077,0.30354404054786027,0.7156054858122772,1008,0.0003467588397299333,0.06618124116027,860b4770a5bbbc606cbda9fc04fae0741e64ba8d19b6a91d9a9bb02d1eb80990,False,D:\manifold\manifold_project\experiments\results\pair_estimation_20seeds_v1,993a058c136c24688c623203af1c038ee8cdc8ee4fa6d85ef73cd7be82fbc1b0,2d5f6f6b539f6c5aa4e32969abd8553e2e3a52988bbdb8e8d873f7bcd4ae4b82,cdcc83f5050bd2bc104f1a0e1479d6854a2b67e9a8ff2100cad6269d5b7fc115,0,2048,500
P-EA,SA,SA,mc_raw,1008,shared_offset,1,2048,2548,0.1,0.02950638280442508,0.012670929311447976,0.2806428225752334,0.2097013074854532,exact_population_Fisher_projection_diagnostic,0.12095988782933514,0.00013444405184112571,0.00013391820083409538,0.0001344015683665902,9.442238736957226e-05,0.027508537254747417,0.0008045000722631812,0.08410004626226812,0.37734374289661077,0.3063375440791959,0.70626195283705,1008,0.0003467588397299333,0.06618124116027,860b4770a5bbbc606cbda9fc04fae0741e64ba8d19b6a91d9a9bb02d1eb80990,False,D:\manifold\manifold_project\experiments\results\pair_estimation_20seeds_v1,993a058c136c24688c623203af1c038ee8cdc8ee4fa6d85ef73cd7be82fbc1b0,2d5f6f6b539f6c5aa4e32969abd8553e2e3a52988bbdb8e8d873f7bcd4ae4b82,cdcc83f5050bd2bc104f1a0e1479d6854a2b67e9a8ff2100cad6269d5b7fc115,0,2048,500
P-EA,SA,SA,mc_raw,1008,shared_offset,10,2048,2548,0.1,0.02950638280442508,0.014337491814275627,0.2806428225752334,0.2097013074854532,exact_population_Fisher_projection_diagnostic,0.13609952769451936,0.00011905598419085394,0.00011865417993713842,0.00011902352244683758,0.00011952525913243168,0.02433365302882824,0.002354600001126528,0.08410004626226812,0.37734374289661077,0.30713601453228123,0.7070403196309509,1008,0.0003467588397299333,0.06618124116027,860b4770a5bbbc606cbda9fc04fae0741e64ba8d19b6a91d9a9bb02d1eb80990,False,D:\manifold\manifold_project\experiments\results\pair_estimation_20seeds_v1,993a058c136c24688c623203af1c038ee8cdc8ee4fa6d85ef73cd7be82fbc1b0,2d5f6f6b539f6c5aa4e32969abd8553e2e3a52988bbdb8e8d873f7bcd4ae4b82,cdcc83f5050bd2bc104f1a0e1479d6854a2b67e9a8ff2100cad6269d5b7fc115,0,2048,500
P-EA,SA,SA,mc_raw,1008,shared_offset,100,2048,2548,0.1,0.02950638280442508,0.022331991151075925,0.2806428225752334,0.2097013074854532,exact_population_Fisher_projection_diagnostic,0.2065921134618118,8.626716966643485e-05,8.644619725864001e-05,8.628163329596674e-05,0.0002752690002272601,0.017348447561994496,0.01753650000318885,0.08410004626226812,0.37734374289661077,0.3108690096362566,0.710648553949608,1008,0.0003467588397299333,0.06618124116027,860b4770a5bbbc606cbda9fc04fae0741e64ba8d19b6a91d9a9bb02d1eb80990,False,D:\manifold\manifold_project\experiments\results\pair_estimation_20seeds_v1,993a058c136c24688c623203af1c038ee8cdc8ee4fa6d85ef73cd7be82fbc1b0,2d5f6f6b539f6c5aa4e32969abd8553e2e3a52988bbdb8e8d873f7bcd4ae4b82,cdcc83f5050bd2bc104f1a0e1479d6854a2b67e9a8ff2100cad6269d5b7fc115,0,2048,500
P-EA,SA,SA,mc_raw,1008,shared_offset,1000,2048,2548,0.1,0.02950638280442508,0.022437008098982747,0.2806428225752334,0.2097013074854532,exact_population_Fisher_projection_diagnostic,0.20749604911067482,8.626191576722206e-05,8.644843267222797e-05,8.627698445793173e-05,0.00027768132728280166,0.01734224209766594,0.16723510005977005,0.08410004626226812,0.37734374289661077,0.3109170398604985,0.7106946514114454,1008,0.0003467588397299333,0.06618124116027,860b4770a5bbbc606cbda9fc04fae0741e64ba8d19b6a91d9a9bb02d1eb80990,False,D:\manifold\manifold_project\experiments\results\pair_estimation_20seeds_v1,993a058c136c24688c623203af1c038ee8cdc8ee4fa6d85ef73cd7be82fbc1b0,2d5f6f6b539f6c5aa4e32969abd8553e2e3a52988bbdb8e8d873f7bcd4ae4b82,cdcc83f5050bd2bc104f1a0e1479d6854a2b67e9a8ff2100cad6269d5b7fc115,0,2048,500
P-EA,SA,SA,mc_raw,1009,table,1,2048,2548,0.1,0.027303020986991833,0.01267091657233288,0.26013717027852895,0.26013717027852895,exact_population_Fisher_projection_diagnostic,0.12095979237801446,0.00010320184021425961,0.00010468237568179311,0.00010380931589558349,9.442192165458121e-05,0.021208361923372773,0.001429299940355122,0.087582396207805,0.3487027748130672,0.30633750726225045,0.7062619513739317,1009,0.00031994912071944966,0.06620805087928049,a33b745c50bed3f6f504facdd2f8284920a175e607ff1fdfce43976fe3479492,False,D:\manifold\manifold_project\experiments\results\pair_estimation_20seeds_v1,993a058c136c24688c623203af1c038ee8cdc8ee4fa6d85ef73cd7be82fbc1b0,2d5f6f6b539f6c5aa4e32969abd8553e2e3a52988bbdb8e8d873f7bcd4ae4b82,cdcc83f5050bd2bc104f1a0e1479d6854a2b67e9a8ff2100cad6269d5b7fc115,0,2048,500
P-EA,SA,SA,mc_raw,1009,table,10,2048,2548,0.1,0.027303020986991833,0.028445556420087448,0.26013717027852895,0.26013717027852895,exact_population_Fisher_projection_diagnostic,0.26848875578447823,3.7124085590582005e-06,3.6231610341016145e-06,3.6757895774678936e-06,0.00034478843597767866,0.0007299516140905047,0.0030829000752419233,0.087582396207805,0.3487027748130672,0.30563795032063756,0.7146994414835761,1009,0.00031994912071944966,0.06620805087928049,a33b745c50bed3f6f504facdd2f8284920a175e607ff1fdfce43976fe3479492,False,D:\manifold\manifold_project\experiments\results\pair_estimation_20seeds_v1,993a058c136c24688c623203af1c038ee8cdc8ee4fa6d85ef73cd7be82fbc1b0,2d5f6f6b539f6c5aa4e32969abd8553e2e3a52988bbdb8e8d873f7bcd4ae4b82,cdcc83f5050bd2bc104f1a0e1479d6854a2b67e9a8ff2100cad6269d5b7fc115,0,2048,500
P-EA,SA,SA,mc_raw,1009,table,100,2048,2548,0.1,0.027303020986991833,0.027210265671701317,0.26013717027852895,0.26013717027852895,exact_population_Fisher_projection_diagnostic,0.25929044480860247,3.2612171078564154e-09,3.312267276130345e-09,3.2821634049455127e-09,0.0003144080144070544,6.748765483521933e-07,0.018539100070483983,0.087582396207805,0.3487027748130672,0.30368057697564904,0.7143918212219139,1009,0.00031994912071944966,0.06620805087928049,a33b745c50bed3f6f504facdd2f8284920a175e607ff1fdfce43976fe3479492,False,D:\manifold\manifold_project\experiments\results\pair_estimation_20seeds_v1,993a058c136c24688c623203af1c038ee8cdc8ee4fa6d85ef73cd7be82fbc1b0,2d5f6f6b539f6c5aa4e32969abd8553e2e3a52988bbdb8e8d873f7bcd4ae4b82,cdcc83f5050bd2bc104f1a0e1479d6854a2b67e9a8ff2100cad6269d5b7fc115,0,2048,500
P-EA,SA,SA,mc_raw,1009,table,1000,2048,2548,0.1,0.027303020986991833,0.027303020986992,0.26013717027852895,0.26013717027852895,exact_population_Fisher_projection_diagnostic,0.2601371702785304,3.192263481423182e-17,3.111900586314883e-17,3.1592899353450564e-17,0.00031645216223572073,5.831156273399909e-29,0.19836379995103925,0.087582396207805,0.3487027748130672,0.3036912979675516,0.7144382782995438,1009,0.00031994912071944966,0.06620805087928049,a33b745c50bed3f6f504facdd2f8284920a175e607ff1fdfce43976fe3479492,False,D:\manifold\manifold_project\experiments\results\pair_estimation_20seeds_v1,993a058c136c24688c623203af1c038ee8cdc8ee4fa6d85ef73cd7be82fbc1b0,2d5f6f6b539f6c5aa4e32969abd8553e2e3a52988bbdb8e8d873f7bcd4ae4b82,cdcc83f5050bd2bc104f1a0e1479d6854a2b67e9a8ff2100cad6269d5b7fc115,0,2048,500
P-EA,SA,SA,mc_raw,1009,shared_offset,1,2048,2548,0.1,0.027303020986991833,0.012670928473262177,0.26013717027852895,0.19696692828634388,exact_population_Fisher_projection_diagnostic,0.12095988017390907,0.00010320199838360947,0.00010468252880847985,0.00010380947199588787,9.442237542277784e-05,0.021208392700026394,0.002466099918819964,0.087582396207805,0.3487027748130672,0.306337543675739,0.70626195244316,1009,0.00031994912071944966,0.06620805087928049,a33b745c50bed3f6f504facdd2f8284920a175e607ff1fdfce43976fe3479492,False,D:\manifold\manifold_project\experiments\results\pair_estimation_20seeds_v1,993a058c136c24688c623203af1c038ee8cdc8ee4fa6d85ef73cd7be82fbc1b0,2d5f6f6b539f6c5aa4e32969abd8553e2e3a52988bbdb8e8d873f7bcd4ae4b82,cdcc83f5050bd2bc104f1a0e1479d6854a2b67e9a8ff2100cad6269d5b7fc115,0,2048,500
P-EA,SA,SA,mc_raw,1009,shared_offset,10,2048,2548,0.1,0.027303020986991833,0.012277423582389313,0.26013717027852895,0.19696692828634388,exact_population_Fisher_projection_diagnostic,0.11736125650266505,0.00010667888752270452,0.00010825767938381206,0.00010732667859730311,8.88899305029129e-05,0.02193176150139264,0.005992899998091161,0.087582396207805,0.3487027748130672,0.3061479214520013,0.7060767606008458,1009,0.00031994912071944966,0.06620805087928049,a33b745c50bed3f6f504facdd2f8284920a175e607ff1fdfce43976fe3479492,False,D:\manifold\manifold_project\experiments\results\pair_estimation_20seeds_v1,993a058c136c24688c623203af1c038ee8cdc8ee4fa6d85ef73cd7be82fbc1b0,2d5f6f6b539f6c5aa4e32969abd8553e2e3a52988bbdb8e8d873f7bcd4ae4b82,cdcc83f5050bd2bc104f1a0e1479d6854a2b67e9a8ff2100cad6269d5b7fc115,0,2048,500
P-EA,SA,SA,mc_raw,1009,shared_offset,100,2048,2548,0.1,0.027303020986991833,0.020935239418003182,0.26013717027852895,0.19696692828634388,exact_population_Fisher_projection_diagnostic,0.1945173385728483,6.868213861903108e-05,6.814348857799105e-05,6.846112614898176e-05,0.0002440529065345278,0.01375361571667249,0.028939199983142316,0.087582396207805,0.3487027748130672,0.3102278126214596,0.7100323665916516,1009,0.00031994912071944966,0.06620805087928049,a33b745c50bed3f6f504facdd2f8284920a175e607ff1fdfce43976fe3479492,False,D:\manifold\manifold_project\experiments\results\pair_estimation_20seeds_v1,993a058c136c24688c623203af1c038ee8cdc8ee4fa6d85ef73cd7be82fbc1b0,2d5f6f6b539f6c5aa4e32969abd8553e2e3a52988bbdb8e8d873f7bcd4ae4b82,cdcc83f5050bd2bc104f1a0e1479d6854a2b67e9a8ff2100cad6269d5b7fc115,0,2048,500
P-EA,SA,SA,mc_raw,1009,shared_offset,1000,2048,2548,0.1,0.027303020986991833,0.020898063300628877,0.26013717027852895,0.19696692828634388,exact_population_Fisher_projection_diagnostic,0.19419461571049024,6.868146862696673e-05,6.815172978333356e-05,6.846411249331383e-05,0.00024324432442673593,0.013755792607862926,0.17253640003036708,0.087582396207805,0.3487027748130672,0.31021068531683144,0.7100158870859672,1009,0.00031994912071944966,0.06620805087928049,a33b745c50bed3f6f504facdd2f8284920a175e607ff1fdfce43976fe3479492,False,D:\manifold\manifold_project\experiments\results\pair_estimation_20seeds_v1,993a058c136c24688c623203af1c038ee8cdc8ee4fa6d85ef73cd7be82fbc1b0,2d5f6f6b539f6c5aa4e32969abd8553e2e3a52988bbdb8e8d873f7bcd4ae4b82,cdcc83f5050bd2bc104f1a0e1479d6854a2b67e9a8ff2100cad6269d5b7fc115,0,2048,500
P-EA,SA,SA,mc_raw,1010,table,1,2048,2548,0.1,0.031452998630754236,0.012670912707448634,0.2998052778748705,0.2998052778748705,exact_population_Fisher_projection_diagnostic,0.12095977019263521,0.00017479549271053909,0.00017794131071700953,0.00017560108722363896,9.44216882740493e-05,0.03596985726826512,0.0009972000261768699,0.05878978904684473,0.40655928858869755,0.30633748614755607,0.706261952396054,1010,0.0010930468555035437,0.06543495314449635,9c297138fd5805d584df21a4b765d8d8111cdaccad04a84f66230a58227ccf3c,False,D:\manifold\manifold_project\experiments\results\pair_estimation_20seeds_v1,993a058c136c24688c623203af1c038ee8cdc8ee4fa6d85ef73cd7be82fbc1b0,2d5f6f6b539f6c5aa4e32969abd8553e2e3a52988bbdb8e8d873f7bcd4ae4b82,cdcc83f5050bd2bc104f1a0e1479d6854a2b67e9a8ff2100cad6269d5b7fc115,0,2048,500
P-EA,SA,SA,mc_raw,1010,table,10,2048,2548,0.1,0.031452998630754236,0.03817772240726691,0.2998052778748705,0.2998052778748705,exact_population_Fisher_projection_diagnostic,0.3597400855860482,1.6584251816762594e-05,1.6884655318044884e-05,1.6661180428605753e-05,0.000600133902552085,0.0034440880648625776,0.0020735999569296837,0.05878978904684473,0.40655928858869755,0.303647367430167,0.7200096330825222,1010,0.0010930468555035437,0.06543495314449635,9c297138fd5805d584df21a4b765d8d8111cdaccad04a84f66230a58227ccf3c,False,D:\manifold\manifold_project\experiments\results\pair_estimation_20seeds_v1,993a058c136c24688c623203af1c038ee8cdc8ee4fa6d85ef73cd7be82fbc1b0,2d5f6f6b539f6c5aa4e32969abd8553e2e3a52988bbdb8e8d873f7bcd4ae4b82,cdcc83f5050bd2bc104f1a0e1479d6854a2b67e9a8ff2100cad6269d5b7fc115,0,2048,500
P-EA,SA,SA,mc_raw,1010,table,100,2048,2548,0.1,0.031452998630754236,0.03152916443389203,0.2998052778748705,0.2998052778748705,exact_population_Fisher_projection_diagnostic,0.3005086903763139,2.2967474203892274e-09,2.348370787150091e-09,2.3099673526690823e-09,0.00041973064187854033,4.779179473258687e-07,0.019952300004661083,0.05878978904684473,0.40655928858869755,0.3024734035373975,0.7168326573465508,1010,0.0010930468555035437,0.06543495314449635,9c297138fd5805d584df21a4b765d8d8111cdaccad04a84f66230a58227ccf3c,False,D:\manifold\manifold_project\experiments\results\pair_estimation_20seeds_v1,993a058c136c24688c623203af1c038ee8cdc8ee4fa6d85ef73cd7be82fbc1b0,2d5f6f6b539f6c5aa4e32969abd8553e2e3a52988bbdb8e8d873f7bcd4ae4b82,cdcc83f5050bd2bc104f1a0e1479d6854a2b67e9a8ff2100cad6269d5b7fc115,0,2048,500
P-EA,SA,SA,mc_raw,1010,table,1000,2048,2548,0.1,0.031452998630754236,0.03145299863075429,0.2998052778748705,0.2998052778748705,exact_population_Fisher_projection_diagnostic,0.29980527787487027,3.538945656618676e-17,3.421030771382113e-17,3.508749509109857e-17,0.0004177742484316177,5.399506377204944e-31,0.15791670000180602,0.05878978904684473,0.40655928858869755,0.30247496272795543,0.7167931423329957,1010,0.0010930468555035437,0.06543495314449635,9c297138fd5805d584df21a4b765d8d8111cdaccad04a84f66230a58227ccf3c,False,D:\manifold\manifold_project\experiments\results\pair_estimation_20seeds_v1,993a058c136c24688c623203af1c038ee8cdc8ee4fa6d85ef73cd7be82fbc1b0,2d5f6f6b539f6c5aa4e32969abd8553e2e3a52988bbdb8e8d873f7bcd4ae4b82,cdcc83f5050bd2bc104f1a0e1479d6854a2b67e9a8ff2100cad6269d5b7fc115,0,2048,500
P-EA,SA,SA,mc_raw,1010,shared_offset,1,2048,2548,0.1,0.031452998630754236,0.012670929571226508,0.2998052778748705,0.2156728805457055,exact_population_Fisher_projection_diagnostic,0.12095989020197799,0.00017479590141379248,0.00017794170485021136,0.00017560149219573128,9.44223910722344e-05,0.03596993748896538,0.0005465999711304903,0.05878978904684473,0.40655928858869755,0.3063375442042392,0.7062619529591281,1010,0.0010930468555035437,0.06543495314449635,9c297138fd5805d584df21a4b765d8d8111cdaccad04a84f66230a58227ccf3c,False,D:\manifold\manifold_project\experiments\results\pair_estimation_20seeds_v1,993a058c136c24688c623203af1c038ee8cdc8ee4fa6d85ef73cd7be82fbc1b0,2d5f6f6b539f6c5aa4e32969abd8553e2e3a52988bbdb8e8d873f7bcd4ae4b82,cdcc83f5050bd2bc104f1a0e1479d6854a2b67e9a8ff2100cad6269d5b7fc115,0,2048,500
P-EA,SA,SA,mc_raw,1010,shared_offset,10,2048,2548,0.1,0.031452998630754236,0.015126233938934808,0.2998052778748705,0.2156728805457055,exact_population_Fisher_projection_diagnostic,0.14320875381879253,0.0001519166765132787,0.00015399371279597242,0.0001524485728370349,0.00013233173445049377,0.031165274690368727,0.0016979000065475702,0.05878978904684473,0.40655928858869755,0.3075113573713399,0.7074054056601153,1010,0.0010930468555035437,0.06543495314449635,9c297138fd5805d584df21a4b765d8d8111cdaccad04a84f66230a58227ccf3c,False,D:\manifold\manifold_project\experiments\results\pair_estimation_20seeds_v1,993a058c136c24688c623203af1c038ee8cdc8ee4fa6d85ef73cd7be82fbc1b0,2d5f6f6b539f6c5aa4e32969abd8553e2e3a52988bbdb8e8d873f7bcd4ae4b82,cdcc83f5050bd2bc104f1a0e1479d6854a2b67e9a8ff2100cad6269d5b7fc115,0,2048,500
P-EA,SA,SA,mc_raw,1010,shared_offset,100,2048,2548,0.1,0.031452998630754236,0.02284925037941371,0.2998052778748705,0.2156728805457055,exact_population_Fisher_projection_diagnostic,0.2110391875647912,0.00012150040806543471,0.00012030241250916135,0.00012119362024590256,0.0002872381893940654,0.024409970054987223,0.016188499983400106,0.05878978904684473,0.40655928858869755,0.31110534222536734,0.7108752967170898,1010,0.0010930468555035437,0.06543495314449635,9c297138fd5805d584df21a4b765d8d8111cdaccad04a84f66230a58227ccf3c,False,D:\manifold\manifold_project\experiments\results\pair_estimation_20seeds_v1,993a058c136c24688c623203af1c038ee8cdc8ee4fa6d85ef73cd7be82fbc1b0,2d5f6f6b539f6c5aa4e32969abd8553e2e3a52988bbdb8e8d873f7bcd4ae4b82,cdcc83f5050bd2bc104f1a0e1479d6854a2b67e9a8ff2100cad6269d5b7fc115,0,2048,500
P-EA,SA,SA,mc_raw,1010,shared_offset,1000,2048,2548,0.1,0.031452998630754236,0.02295818041274833,0.2998052778748705,0.2156728805457055,exact_population_Fisher_projection_diagnostic,0.21197402760933956,0.00012149478849435592,0.00012025144750970204,0.00012117638842382185,0.00028978663685347154,0.02439990784744378,0.16781000001356006,0.05878978904684473,0.40655928858869755,0.31115503532519073,0.710922947953241,1010,0.0010930468555035437,0.06543495314449635,9c297138fd5805d584df21a4b765d8d8111cdaccad04a84f66230a58227ccf3c,False,D:\manifold\manifold_project\experiments\results\pair_estimation_20seeds_v1,993a058c136c24688c623203af1c038ee8cdc8ee4fa6d85ef73cd7be82fbc1b0,2d5f6f6b539f6c5aa4e32969abd8553e2e3a52988bbdb8e8d873f7bcd4ae4b82,cdcc83f5050bd2bc104f1a0e1479d6854a2b67e9a8ff2100cad6269d5b7fc115,0,2048,500
P-EA,SA,SA,mc_raw,1011,table,1,2048,2548,0.1,0.028706618385009375,0.012670920993270496,0.27085303152428974,0.27085303152428974,exact_population_Fisher_projection_diagnostic,0.12095982431684228,0.00010736119101187005,0.00010904991124261134,0.00010719278534295577,9.442209940273439e-05,0.02195226015909612,0.0009476999985054135,0.13411585159619765,0.35829741133649207,0.3063375217808022,0.7062619516249329,1011,0.0018471625771419341,0.06468083742285802,a9a92f3663a6e5ae921de6337975ada124f7a383ab9c0c88d61dbbcec7d89729,False,D:\manifold\manifold_project\experiments\results\pair_estimation_20seeds_v1,993a058c136c24688c623203af1c038ee8cdc8ee4fa6d85ef73cd7be82fbc1b0,2d5f6f6b539f6c5aa4e32969abd8553e2e3a52988bbdb8e8d873f7bcd4ae4b82,cdcc83f5050bd2bc104f1a0e1479d6854a2b67e9a8ff2100cad6269d5b7fc115,0,2048,500
P-EA,SA,SA,mc_raw,1011,table,10,2048,2548,0.1,0.028706618385009375,0.03016807307197722,0.27085303152428974,0.27085303152428974,exact_population_Fisher_projection_diagnostic,0.2842650251370665,8.443600405538106e-07,8.577405061208411e-07,8.430256891241419e-07,0.00038425630939746373,0.00017377857256370123,0.002077600103802979,0.13411585159619765,0.35829741133649207,0.3056324938339132,0.7155856715784832,1011,0.0018471625771419341,0.06468083742285802,a9a92f3663a6e5ae921de6337975ada124f7a383ab9c0c88d61dbbcec7d89729,False,D:\manifold\manifold_project\experiments\results\pair_estimation_20seeds_v1,993a058c136c24688c623203af1c038ee8cdc8ee4fa6d85ef73cd7be82fbc1b0,2d5f6f6b539f6c5aa4e32969abd8553e2e3a52988bbdb8e8d873f7bcd4ae4b82,cdcc83f5050bd2bc104f1a0e1479d6854a2b67e9a8ff2100cad6269d5b7fc115,0,2048,500
P-EA,SA,SA,mc_raw,1011,table,100,2048,2548,0.1,0.028706618385009375,0.02867733449269816,0.27085303152428974,0.27085303152428974,exact_population_Fisher_projection_diagnostic,0.27059653583805665,3.591080649027012e-10,3.6093113333535935e-10,3.5892626151497013e-10,0.00035002036913811264,7.315555804161167e-08,0.01729619991965592,0.13411585159619765,0.35829741133649207,0.3056527212499746,0.7148162874979638,1011,0.0018471625771419341,0.06468083742285802,a9a92f3663a6e5ae921de6337975ada124f7a383ab9c0c88d61dbbcec7d89729,False,D:\manifold\manifold_project\experiments\results\pair_estimation_20seeds_v1,993a058c136c24688c623203af1c038ee8cdc8ee4fa6d85ef73cd7be82fbc1b0,2d5f6f6b539f6c5aa4e32969abd8553e2e3a52988bbdb8e8d873f7bcd4ae4b82,cdcc83f5050bd2bc104f1a0e1479d6854a2b67e9a8ff2100cad6269d5b7fc115,0,2048,500
P-EA,SA,SA,mc_raw,1011,table,1000,2048,2548,0.1,0.028706618385009375,0.028706618385009097,0.27085303152428974,0.27085303152428974,exact_population_Fisher_projection_diagnostic,0.2708530315242873,4.6364023206255724e-17,4.6022326276453385e-17,4.639809853678216e-17,0.0003507101908475162,5.802269173126847e-30,0.17218840005807579,0.13411585159619765,0.35829741133649207,0.3056629056575921,0.7148296094543971,1011,0.0018471625771419341,0.06468083742285802,a9a92f3663a6e5ae921de6337975ada124f7a383ab9c0c88d61dbbcec7d89729,False,D:\manifold\manifold_project\experiments\results\pair_estimation_20seeds_v1,993a058c136c24688c623203af1c038ee8cdc8ee4fa6d85ef73cd7be82fbc1b0,2d5f6f6b539f6c5aa4e32969abd8553e2e3a52988bbdb8e8d873f7bcd4ae4b82,cdcc83f5050bd2bc104f1a0e1479d6854a2b67e9a8ff2100cad6269d5b7fc115,0,2048,500
P-EA,SA,SA,mc_raw,1011,shared_offset,1,2048,2548,0.1,0.028706618385009375,0.012670929738099912,0.27085303152428974,0.21661902859191767,exact_population_Fisher_projection_diagnostic,0.12095989172608723,0.0001073611844627199,0.0001090499034543034,0.00010719277891737922,9.44223934506605e-05,0.0219522586625982,0.0005074000218883157,0.13411585159619765,0.35829741133649207,0.30633754428456295,0.7062619530375471,1011,0.0018471625771419341,0.06468083742285802,a9a92f3663a6e5ae921de6337975ada124f7a383ab9c0c88d61dbbcec7d89729,False,D:\manifold\manifold_project\experiments\results\pair_estimation_20seeds_v1,993a058c136c24688c623203af1c038ee8cdc8ee4fa6d85ef73cd7be82fbc1b0,2d5f6f6b539f6c5aa4e32969abd8553e2e3a52988bbdb8e8d873f7bcd4ae4b82,cdcc83f5050bd2bc104f1a0e1479d6854a2b67e9a8ff2100cad6269d5b7fc115,0,2048,500
P-EA,SA,SA,mc_raw,1011,shared_offset,10,2048,2548,0.1,0.028706618385009375,0.01568340731649981,0.27085303152428974,0.21661902859191767,exact_population_Fisher_projection_diagnostic,0.14820951573934982,7.916635978253335e-05,8.025751428753387e-05,7.905754566343986e-05,0.00014173001464471614,0.01617709407152726,0.0017125000013038516,0.13411585159619765,0.35829741133649207,0.307775533219133,0.7076620540650199,1011,0.0018471625771419341,0.06468083742285802,a9a92f3663a6e5ae921de6337975ada124f7a383ab9c0c88d61dbbcec7d89729,False,D:\manifold\manifold_project\experiments\results\pair_estimation_20seeds_v1,993a058c136c24688c623203af1c038ee8cdc8ee4fa6d85ef73cd7be82fbc1b0,2d5f6f6b539f6c5aa4e32969abd8553e2e3a52988bbdb8e8d873f7bcd4ae4b82,cdcc83f5050bd2bc104f1a0e1479d6854a2b67e9a8ff2100cad6269d5b7fc115,0,2048,500
P-EA,SA,SA,mc_raw,1011,shared_offset,100,2048,2548,0.1,0.028706618385009375,0.023214563655774623,0.27085303152428974,0.21661902859191767,exact_population_Fisher_projection_diagnostic,0.21417202962015508,5.0491004577481957e-05,5.0123533479361484e-05,5.05276502070889e-05,0.0002958228346912568,0.01013962088209771,0.014523299993015826,0.13411585159619765,0.35829741133649207,0.31127189120896864,0.7110349674889124,1011,0.0018471625771419341,0.06468083742285802,a9a92f3663a6e5ae921de6337975ada124f7a383ab9c0c88d61dbbcec7d89729,False,D:\manifold\manifold_project\experiments\results\pair_estimation_20seeds_v1,993a058c136c24688c623203af1c038ee8cdc8ee4fa6d85ef73cd7be82fbc1b0,2d5f6f6b539f6c5aa4e32969abd8553e2e3a52988bbdb8e8d873f7bcd4ae4b82,cdcc83f5050bd2bc104f1a0e1479d6854a2b67e9a8ff2100cad6269d5b7fc115,0,2048,500
P-EA,SA,SA,mc_raw,1011,shared_offset,1000,2048,2548,0.1,0.028706618385009375,0.02330948587662962,0.27085303152428974,0.21661902859191767,exact_population_Fisher_projection_diagnostic,0.21498499709152985,5.048675580697322e-05,5.0101179843799914e-05,5.052520692327613e-05,0.0002980711595861548,0.01013533518715757,0.1620132999960333,0.13411585159619765,0.35829741133649207,0.31131511838681564,0.7110763932423656,1011,0.0018471625771419341,0.06468083742285802,a9a92f3663a6e5ae921de6337975ada124f7a383ab9c0c88d61dbbcec7d89729,False,D:\manifold\manifold_project\experiments\results\pair_estimation_20seeds_v1,993a058c136c24688c623203af1c038ee8cdc8ee4fa6d85ef73cd7be82fbc1b0,2d5f6f6b539f6c5aa4e32969abd8553e2e3a52988bbdb8e8d873f7bcd4ae4b82,cdcc83f5050bd2bc104f1a0e1479d6854a2b67e9a8ff2100cad6269d5b7fc115,0,2048,500
P-EA,SA,SA,mc_raw,1012,table,1,2048,2548,0.1,0.026318908692290754,0.012670200251129082,0.25460423910398644,0.25460423910398644,exact_population_Fisher_projection_diagnostic,0.12095480537237803,0.00013611418420670003,0.0001354253262933753,0.00013632736018499188,9.43905688133042e-05,0.027704415680944706,0.0009586999658495188,0.001409306041528012,0.3506539250782597,0.306334878510893,0.7062619514283117,1012,0.0011974680793150224,0.06533053192068489,5d0fa12116693411f46423ad84fc757241271cf2233527ffe75ac973fde074fa,False,D:\manifold\manifold_project\experiments\results\pair_estimation_20seeds_v1,993a058c136c24688c623203af1c038ee8cdc8ee4fa6d85ef73cd7be82fbc1b0,2d5f6f6b539f6c5aa4e32969abd8553e2e3a52988bbdb8e8d873f7bcd4ae4b82,cdcc83f5050bd2bc104f1a0e1479d6854a2b67e9a8ff2100cad6269d5b7fc115,0,2048,500
P-EA,SA,SA,mc_raw,1012,table,10,2048,2548,0.1,0.026318908692290754,0.028024483204240003,0.25460423910398644,0.25460423910398644,exact_population_Fisher_projection_diagnostic,0.2672354275540401,1.0205403738971015e-05,1.0439571936323401e-05,1.0132937365877315e-05,0.0003328719848428642,0.002023455004914859,0.003396600019186735,0.001409306041528012,0.3506539250782597,0.30329668992182723,0.7148794642606368,1012,0.0011974680793150224,0.06533053192068489,5d0fa12116693411f46423ad84fc757241271cf2233527ffe75ac973fde074fa,False,D:\manifold\manifold_project\experiments\results\pair_estimation_20seeds_v1,993a058c136c24688c623203af1c038ee8cdc8ee4fa6d85ef73cd7be82fbc1b0,2d5f6f6b539f6c5aa4e32969abd8553e2e3a52988bbdb8e8d873f7bcd4ae4b82,cdcc83f5050bd2bc104f1a0e1479d6854a2b67e9a8ff2100cad6269d5b7fc115,0,2048,500
P-EA,SA,SA,mc_raw,1012,table,100,2048,2548,0.1,0.026318908692290754,0.02625125759679392,0.25460423910398644,0.25460423910398644,exact_population_Fisher_projection_diagnostic,0.2539396065994281,3.419067355552425e-09,3.403342150639829e-09,3.423933723313089e-09,0.00030519284263881113,6.992008237592825e-07,0.019583399989642203,0.001409306041528012,0.3506539250782597,0.3000911798580207,0.7144770712068172,1012,0.0011974680793150224,0.06533053192068489,5d0fa12116693411f46423ad84fc757241271cf2233527ffe75ac973fde074fa,False,D:\manifold\manifold_project\experiments\results\pair_estimation_20seeds_v1,993a058c136c24688c623203af1c038ee8cdc8ee4fa6d85ef73cd7be82fbc1b0,2d5f6f6b539f6c5aa4e32969abd8553e2e3a52988bbdb8e8d873f7bcd4ae4b82,cdcc83f5050bd2bc104f1a0e1479d6854a2b67e9a8ff2100cad6269d5b7fc115,0,2048,500
P-EA,SA,SA,mc_raw,1012,table,1000,2048,2548,0.1,0.026318908692290754,0.026318908692290977,0.25460423910398644,0.25460423910398644,exact_population_Fisher_projection_diagnostic,0.2546042391039879,1.4836537589930296e-18,3.9467072959353496e-19,1.8206536223108883e-18,0.00030692862198783725,2.6770553556530658e-30,0.15691429993603379,0.001409306041528012,0.3506539250782597,0.30005919419026156,0.7145178848992569,1012,0.0011974680793150224,0.06533053192068489,5d0fa12116693411f46423ad84fc757241271cf2233527ffe75ac973fde074fa,False,D:\manifold\manifold_project\experiments\results\pair_estimation_20seeds_v1,993a058c136c24688c623203af1c038ee8cdc8ee4fa6d85ef73cd7be82fbc1b0,2d5f6f6b539f6c5aa4e32969abd8553e2e3a52988bbdb8e8d873f7bcd4ae4b82,cdcc83f5050bd2bc104f1a0e1479d6854a2b67e9a8ff2100cad6269d5b7fc115,0,2048,500
P-EA,SA,SA,mc_raw,1012,shared_offset,1,2048,2548,0.1,0.026318908692290754,0.01267092635562661,0.25460423910398644,0.17011498086662036,exact_population_Fisher_projection_diagnostic,0.12095986083284849,0.00013614589543157576,0.0001354577887691162,0.00013635883892558452,9.442234523983386e-05,0.027710673783605234,0.0005822000093758106,0.001409306041528012,0.3506539250782597,0.3063375426564245,0.7062619514480164,1012,0.0011974680793150224,0.06533053192068489,5d0fa12116693411f46423ad84fc757241271cf2233527ffe75ac973fde074fa,False,D:\manifold\manifold_project\experiments\results\pair_estimation_20seeds_v1,993a058c136c24688c623203af1c038ee8cdc8ee4fa6d85ef73cd7be82fbc1b0,2d5f6f6b539f6c5aa4e32969abd8553e2e3a52988bbdb8e8d873f7bcd4ae4b82,cdcc83f5050bd2bc104f1a0e1479d6854a2b67e9a8ff2100cad6269d5b7fc115,0,2048,500
P-EA,SA,SA,mc_raw,1012,shared_offset,10,2048,2548,0.1,0.026318908692290754,0.009609007571542705,0.25460423910398644,0.17011498086662036,exact_population_Fisher_projection_diagnostic,0.09270976899861341,0.00015809935002157537,0.00015644023483495182,0.00015861278464454514,5.547890863990667e-05,0.032329118154157156,0.002240199944935739,0.001409306041528012,0.3506539250782597,0.30485072712190764,0.7048063192303888,1012,0.0011974680793150224,0.06533053192068489,5d0fa12116693411f46423ad84fc757241271cf2233527ffe75ac973fde074fa,False,D:\manifold\manifold_project\experiments\results\pair_estimation_20seeds_v1,993a058c136c24688c623203af1c038ee8cdc8ee4fa6d85ef73cd7be82fbc1b0,2d5f6f6b539f6c5aa4e32969abd8553e2e3a52988bbdb8e8d873f7bcd4ae4b82,cdcc83f5050bd2bc104f1a0e1479d6854a2b67e9a8ff2100cad6269d5b7fc115,0,2048,500
P-EA,SA,SA,mc_raw,1012,shared_offset,100,2048,2548,0.1,0.026318908692290754,0.017735336990032602,0.25460423910398644,0.17011498086662036,exact_population_Fisher_projection_diagnostic,0.1664776894198333,0.00012240466149339866,0.00012328629134632961,0.0001221318297486295,0.00017879933263438422,0.024606605371959012,0.01568269997369498,0.001409306041528012,0.3506539250782597,0.30874165819095134,0.7085984867019833,1012,0.0011974680793150224,0.06533053192068489,5d0fa12116693411f46423ad84fc757241271cf2233527ffe75ac973fde074fa,False,D:\manifold\manifold_project\experiments\results\pair_estimation_20seeds_v1,993a058c136c24688c623203af1c038ee8cdc8ee4fa6d85ef73cd7be82fbc1b0,2d5f6f6b539f6c5aa4e32969abd8553e2e3a52988bbdb8e8d873f7bcd4ae4b82,cdcc83f5050bd2bc104f1a0e1479d6854a2b67e9a8ff2100cad6269d5b7fc115,0,2048,500
P-EA,SA,SA,mc_raw,1012,shared_offset,1000,2048,2548,0.1,0.026318908692290754,0.017812702664585234,0.25460423910398644,0.17011498086662036,exact_population_Fisher_projection_diagnostic,0.167161983129115,0.00012240164752536146,0.00012330693464696578,0.00012212149473325354,0.00018027136390625539,0.024600779978451996,0.14867140003480017,0.001409306041528012,0.3506539250782597,0.3087778801335373,0.7086335294916195,1012,0.0011974680793150224,0.06533053192068489,5d0fa12116693411f46423ad84fc757241271cf2233527ffe75ac973fde074fa,False,D:\manifold\manifold_project\experiments\results\pair_estimation_20seeds_v1,993a058c136c24688c623203af1c038ee8cdc8ee4fa6d85ef73cd7be82fbc1b0,2d5f6f6b539f6c5aa4e32969abd8553e2e3a52988bbdb8e8d873f7bcd4ae4b82,cdcc83f5050bd2bc104f1a0e1479d6854a2b67e9a8ff2100cad6269d5b7fc115,0,2048,500
P-EA,SA,SA,mc_raw,1013,table,1,2048,2548,0.1,0.03005787896873985,0.0126709198918879,0.284513120480112,0.284513120480112,exact_population_Fisher_projection_diagnostic,0.12095981861414162,0.00013370066175786362,0.00013673517141418157,0.00013286251236478122,9.442202447303323e-05,0.02722606543064771,0.000910600065253675,0.10861567168734815,0.37995253625887954,0.3063375148541408,0.7062619520502924,1013,0.000994774733687249,0.06553322526631268,335e119c903b22eb3ab79892e45f3096166e1b9fece7a7f7c44c3e2b725a92e7,False,D:\manifold\manifold_project\experiments\results\pair_estimation_20seeds_v1,993a058c136c24688c623203af1c038ee8cdc8ee4fa6d85ef73cd7be82fbc1b0,2d5f6f6b539f6c5aa4e32969abd8553e2e3a52988bbdb8e8d873f7bcd4ae4b82,cdcc83f5050bd2bc104f1a0e1479d6854a2b67e9a8ff2100cad6269d5b7fc115,0,2048,500
P-EA,SA,SA,mc_raw,1013,table,10,2048,2548,0.1,0.03005787896873985,0.0342968220459387,0.284513120480112,0.284513120480112,exact_population_Fisher_projection_diagnostic,0.3210802861074991,7.688786596194042e-06,7.72385410830329e-06,7.679100743347884e-06,0.0004886363452095327,0.0015657993221592451,0.0027743999380618334,0.10861567168734815,0.37995253625887954,0.3062074468092716,0.7175849790909564,1013,0.000994774733687249,0.06553322526631268,335e119c903b22eb3ab79892e45f3096166e1b9fece7a7f7c44c3e2b725a92e7,False,D:\manifold\manifold_project\experiments\results\pair_estimation_20seeds_v1,993a058c136c24688c623203af1c038ee8cdc8ee4fa6d85ef73cd7be82fbc1b0,2d5f6f6b539f6c5aa4e32969abd8553e2e3a52988bbdb8e8d873f7bcd4ae4b82,cdcc83f5050bd2bc104f1a0e1479d6854a2b67e9a8ff2100cad6269d5b7fc115,0,2048,500
P-EA,SA,SA,mc_raw,1013,table,100,2048,2548,0.1,0.03005787896873985,0.030174183730760085,0.284513120480112,0.284513120480112,exact_population_Fisher_projection_diagnostic,0.2855915330992328,5.706878758632626e-09,5.838371055248212e-09,5.670559813865421e-09,0.0003827147248230783,1.1698265220197501e-06,0.01571539998985827,0.10861567168734815,0.37995253625887954,0.3045717548375756,0.7157731713285614,1013,0.000994774733687249,0.06553322526631268,335e119c903b22eb3ab79892e45f3096166e1b9fece7a7f7c44c3e2b725a92e7,False,D:\manifold\manifold_project\experiments\results\pair_estimation_20seeds_v1,993a058c136c24688c623203af1c038ee8cdc8ee4fa6d85ef73cd7be82fbc1b0,2d5f6f6b539f6c5aa4e32969abd8553e2e3a52988bbdb8e8d873f7bcd4ae4b82,cdcc83f5050bd2bc104f1a0e1479d6854a2b67e9a8ff2100cad6269d5b7fc115,0,2048,500
P-EA,SA,SA,mc_raw,1013,table,1000,2048,2548,0.1,0.03005787896873985,0.03005787896873985,0.284513120480112,0.284513120480112,exact_population_Fisher_projection_diagnostic,0.2845131204801113,0.0,0.0,0.0,0.0003799439592341424,6.859392089929579e-31,0.17000939999707043,0.10861567168734815,0.37995253625887954,0.30458158331355645,0.7157116592036777,1013,0.000994774733687249,0.06553322526631268,335e119c903b22eb3ab79892e45f3096166e1b9fece7a7f7c44c3e2b725a92e7,False,D:\manifold\manifold_project\experiments\results\pair_estimation_20seeds_v1,993a058c136c24688c623203af1c038ee8cdc8ee4fa6d85ef73cd7be82fbc1b0,2d5f6f6b539f6c5aa4e32969abd8553e2e3a52988bbdb8e8d873f7bcd4ae4b82,cdcc83f5050bd2bc104f1a0e1479d6854a2b67e9a8ff2100cad6269d5b7fc115,0,2048,500
P-EA,SA,SA,mc_raw,1013,shared_offset,1,2048,2548,0.1,0.03005787896873985,0.012670929877092174,0.284513120480112,0.2188713062029671,exact_population_Fisher_projection_diagnostic,0.12095989299554968,0.00013370072932311833,0.0001367352347509931,0.0001328625810979568,9.442239543175913e-05,0.027226078852505626,0.00055570004042238,0.10861567168734815,0.37995253625887954,0.3063375443514663,0.706261953102864,1013,0.000994774733687249,0.06553322526631268,335e119c903b22eb3ab79892e45f3096166e1b9fece7a7f7c44c3e2b725a92e7,False,D:\manifold\manifold_project\experiments\results\pair_estimation_20seeds_v1,993a058c136c24688c623203af1c038ee8cdc8ee4fa6d85ef73cd7be82fbc1b0,2d5f6f6b539f6c5aa4e32969abd8553e2e3a52988bbdb8e8d873f7bcd4ae4b82,cdcc83f5050bd2bc104f1a0e1479d6854a2b67e9a8ff2100cad6269d5b7fc115,0,2048,500
P-EA,SA,SA,mc_raw,1013,shared_offset,10,2048,2548,0.1,0.03005787896873985,0.016174457386017305,0.284513120480112,0.2188713062029671,exact_population_Fisher_projection_diagnostic,0.1526023951984378,0.00010081330735229409,0.00010257057638280587,0.0001003279393231169,0.00015025155093238186,0.020515342515922914,0.001877299975603819,0.10861567168734815,0.37995253625887954,0.308007700343005,0.7078873957681516,1013,0.000994774733687249,0.06553322526631268,335e119c903b22eb3ab79892e45f3096166e1b9fece7a7f7c44c3e2b725a92e7,False,D:\manifold\manifold_project\experiments\results\pair_estimation_20seeds_v1,993a058c136c24688c623203af1c038ee8cdc8ee4fa6d85ef73cd7be82fbc1b0,2d5f6f6b539f6c5aa4e32969abd8553e2e3a52988bbdb8e8d873f7bcd4ae4b82,cdcc83f5050bd2bc104f1a0e1479d6854a2b67e9a8ff2100cad6269d5b7fc115,0,2048,500
P-EA,SA,SA,mc_raw,1013,shared_offset,100,2048,2548,0.1,0.03005787896873985,0.023536171586098054,0.284513120480112,0.2188713062029671,exact_population_Fisher_projection_diagnostic,0.2169246939132916,7.368501491995203e-05,7.282720164474279e-05,7.392194798572643e-05,0.0003034698676693294,0.014847431550624447,0.020667599979788065,0.10861567168734815,0.37995253625887954,0.3114182694020764,0.7111752186270093,1013,0.000994774733687249,0.06553322526631268,335e119c903b22eb3ab79892e45f3096166e1b9fece7a7f7c44c3e2b725a92e7,False,D:\manifold\manifold_project\experiments\results\pair_estimation_20seeds_v1,993a058c136c24688c623203af1c038ee8cdc8ee4fa6d85ef73cd7be82fbc1b0,2d5f6f6b539f6c5aa4e32969abd8553e2e3a52988bbdb8e8d873f7bcd4ae4b82,cdcc83f5050bd2bc104f1a0e1479d6854a2b67e9a8ff2100cad6269d5b7fc115,0,2048,500
P-EA,SA,SA,mc_raw,1013,shared_offset,1000,2048,2548,0.1,0.03005787896873985,0.02361002647599425,0.284513120480112,0.2188713062029671,exact_population_Fisher_projection_diagnostic,0.21755611612578063,7.368245236991219e-05,7.279881903583385e-05,7.392651708762432e-05,0.0003052377254018697,0.014844771096668732,0.15537010005209595,0.10861567168734815,0.37995253625887954,0.31145185180283935,0.7112073845514477,1013,0.000994774733687249,0.06553322526631268,335e119c903b22eb3ab79892e45f3096166e1b9fece7a7f7c44c3e2b725a92e7,False,D:\manifold\manifold_project\experiments\results\pair_estimation_20seeds_v1,993a058c136c24688c623203af1c038ee8cdc8ee4fa6d85ef73cd7be82fbc1b0,2d5f6f6b539f6c5aa4e32969abd8553e2e3a52988bbdb8e8d873f7bcd4ae4b82,cdcc83f5050bd2bc104f1a0e1479d6854a2b67e9a8ff2100cad6269d5b7fc115,0,2048,500
P-EA,SA,SA,mc_raw,1014,table,1,2048,2548,0.1,0.025494254175331577,0.012670914571442593,0.2436762175603001,0.2436762175603001,exact_population_Fisher_projection_diagnostic,0.12095977683674863,8.589113655743078e-05,8.508595266397039e-05,8.524791736543232e-05,9.442185597112254e-05,0.017379622886006744,0.0015852999640628695,0.08048539365033679,0.3268103442134274,0.3063375022856562,0.706261951025291,1014,0.0006961856932316178,0.06583181430676831,000f5e623f69a9cd86788d599504306e4676610bbf6bbec036fc988533454826,False,D:\manifold\manifold_project\experiments\results\pair_estimation_20seeds_v1,993a058c136c24688c623203af1c038ee8cdc8ee4fa6d85ef73cd7be82fbc1b0,2d5f6f6b539f6c5aa4e32969abd8553e2e3a52988bbdb8e8d873f7bcd4ae4b82,cdcc83f5050bd2bc104f1a0e1479d6854a2b67e9a8ff2100cad6269d5b7fc115,0,2048,500
P-EA,SA,SA,mc_raw,1014,table,10,2048,2548,0.1,0.025494254175331577,0.024429983033950275,0.2436762175603001,0.2436762175603001,exact_population_Fisher_projection_diagnostic,0.23201002926897876,3.968308283405695e-06,4.01019835586465e-06,4.001772065752437e-06,0.000259347225526315,0.0008016042516078096,0.004632500000298023,0.08048539365033679,0.3268103442134274,0.30515843172502893,0.7126966982820543,1014,0.0006961856932316178,0.06583181430676831,000f5e623f69a9cd86788d599504306e4676610bbf6bbec036fc988533454826,False,D:\manifold\manifold_project\experiments\results\pair_estimation_20seeds_v1,993a058c136c24688c623203af1c038ee8cdc8ee4fa6d85ef73cd7be82fbc1b0,2d5f6f6b539f6c5aa4e32969abd8553e2e3a52988bbdb8e8d873f7bcd4ae4b82,cdcc83f5050bd2bc104f1a0e1479d6854a2b67e9a8ff2100cad6269d5b7fc115,0,2048,500
P-EA,SA,SA,mc_raw,1014,table,100,2048,2548,0.1,0.025494254175331577,0.025404708655246022,0.2436762175603001,0.2436762175603001,exact_population_Fisher_projection_diagnostic,0.24285774862755122,3.1295261827389683e-09,3.096620467154085e-09,3.1032395319967634e-09,0.00027582540811670275,6.364063039023375e-07,0.018434700090438128,0.08048539365033679,0.3268103442134274,0.3033773537714518,0.7134995454226247,1014,0.0006961856932316178,0.06583181430676831,000f5e623f69a9cd86788d599504306e4676610bbf6bbec036fc988533454826,False,D:\manifold\manifold_project\experiments\results\pair_estimation_20seeds_v1,993a058c136c24688c623203af1c038ee8cdc8ee4fa6d85ef73cd7be82fbc1b0,2d5f6f6b539f6c5aa4e32969abd8553e2e3a52988bbdb8e8d873f7bcd4ae4b82,cdcc83f5050bd2bc104f1a0e1479d6854a2b67e9a8ff2100cad6269d5b7fc115,0,2048,500
P-EA,SA,SA,mc_raw,1014,table,1000,2048,2548,0.1,0.025494254175331577,0.02549425417533141,0.2436762175603001,0.2436762175603001,exact_population_Fisher_projection_diagnostic,0.2436762175602991,5.932525971375252e-17,5.925515594329944e-17,5.926925748748748e-17,0.0002776850015677802,5.504662152168487e-30,0.16854580002836883,0.08048539365033679,0.3268103442134274,0.3033912310895616,0.7135441580164907,1014,0.0006961856932316178,0.06583181430676831,000f5e623f69a9cd86788d599504306e4676610bbf6bbec036fc988533454826,False,D:\manifold\manifold_project\experiments\results\pair_estimation_20seeds_v1,993a058c136c24688c623203af1c038ee8cdc8ee4fa6d85ef73cd7be82fbc1b0,2d5f6f6b539f6c5aa4e32969abd8553e2e3a52988bbdb8e8d873f7bcd4ae4b82,cdcc83f5050bd2bc104f1a0e1479d6854a2b67e9a8ff2100cad6269d5b7fc115,0,2048,500
P-EA,SA,SA,mc_raw,1014,shared_offset,1,2048,2548,0.1,0.025494254175331577,0.012670927715581426,0.2436762175603001,0.18408528552007722,exact_population_Fisher_projection_diagnostic,0.12095987325376163,8.589133811431116e-05,8.508615874054635e-05,8.524812253286051e-05,9.442236462344697e-05,0.017379663418673523,0.0007780999876558781,0.08048539365033679,0.3268103442134274,0.30633754331103275,0.706261952087102,1014,0.0006961856932316178,0.06583181430676831,000f5e623f69a9cd86788d599504306e4676610bbf6bbec036fc988533454826,False,D:\manifold\manifold_project\experiments\results\pair_estimation_20seeds_v1,993a058c136c24688c623203af1c038ee8cdc8ee4fa6d85ef73cd7be82fbc1b0,2d5f6f6b539f6c5aa4e32969abd8553e2e3a52988bbdb8e8d873f7bcd4ae4b82,cdcc83f5050bd2bc104f1a0e1479d6854a2b67e9a8ff2100cad6269d5b7fc115,0,2048,500
P-EA,SA,SA,mc_raw,1014,shared_offset,10,2048,2548,0.1,0.025494254175331577,0.010975517479361041,0.2436762175603001,0.18408528552007722,exact_population_Fisher_projection_diagnostic,0.10538871003011244,0.0001000111974598531,9.891172257399085e-05,9.913288462541757e-05,7.168481961016132e-05,0.02023227652431711,0.0018849000334739685,0.08048539365033679,0.3268103442134274,0.3055175246795865,0.7054601409416822,1014,0.0006961856932316178,0.06583181430676831,000f5e623f69a9cd86788d599504306e4676610bbf6bbec036fc988533454826,False,D:\manifold\manifold_project\experiments\results\pair_estimation_20seeds_v1,993a058c136c24688c623203af1c038ee8cdc8ee4fa6d85ef73cd7be82fbc1b0,2d5f6f6b539f6c5aa4e32969abd8553e2e3a52988bbdb8e8d873f7bcd4ae4b82,cdcc83f5050bd2bc104f1a0e1479d6854a2b67e9a8ff2100cad6269d5b7fc115,0,2048,500
P-EA,SA,SA,mc_raw,1014,shared_offset,100,2048,2548,0.1,0.025494254175331577,0.019777112988594803,0.2436762175603001,0.18408528552007722,exact_population_Fisher_projection_diagnostic,0.1844306108858179,6.064073312579737e-05,6.104171533511275e-05,6.096105678698467e-05,0.00021941411719141567,0.012232431864616325,0.016040400019846857,0.08048539365033679,0.3268103442134274,0.30969274357859394,0.7095170365408443,1014,0.0006961856932316178,0.06583181430676831,000f5e623f69a9cd86788d599504306e4676610bbf6bbec036fc988533454826,False,D:\manifold\manifold_project\experiments\results\pair_estimation_20seeds_v1,993a058c136c24688c623203af1c038ee8cdc8ee4fa6d85ef73cd7be82fbc1b0,2d5f6f6b539f6c5aa4e32969abd8553e2e3a52988bbdb8e8d873f7bcd4ae4b82,cdcc83f5050bd2bc104f1a0e1479d6854a2b67e9a8ff2100cad6269d5b7fc115,0,2048,500
P-EA,SA,SA,mc_raw,1014,shared_offset,1000,2048,2548,0.1,0.025494254175331577,0.019682709014856248,0.2436762175603001,0.18408528552007722,exact_population_Fisher_projection_diagnostic,0.18360535747938936,6.063635262502885e-05,6.102157169734221e-05,6.094408394261841e-05,0.00021745620498003562,0.012232575353832875,0.1725045999046415,0.08048539365033679,0.3268103442134274,0.3096489890153733,0.7094748504853626,1014,0.0006961856932316178,0.06583181430676831,000f5e623f69a9cd86788d599504306e4676610bbf6bbec036fc988533454826,False,D:\manifold\manifold_project\experiments\results\pair_estimation_20seeds_v1,993a058c136c24688c623203af1c038ee8cdc8ee4fa6d85ef73cd7be82fbc1b0,2d5f6f6b539f6c5aa4e32969abd8553e2e3a52988bbdb8e8d873f7bcd4ae4b82,cdcc83f5050bd2bc104f1a0e1479d6854a2b67e9a8ff2100cad6269d5b7fc115,0,2048,500
P-EA,SA,SA,mc_raw,1015,table,1,2048,2548,0.1,0.029548800075842485,0.012670914801760469,0.28167383954255015,0.28167383954255015,exact_population_Fisher_projection_diagnostic,0.12095978299669234,0.00014095383739522172,0.00014067270319330556,0.00014095848885455184,9.442180410408236e-05,0.028836733109948998,0.0015698999632149935,0.07065590964337885,0.38025813903894984,0.3063374964407831,0.7062619520114813,1015,0.0002449899333201616,0.06628301006667978,dc974ca1fe6fc0dd06214fba4c5205a4d453216faf7c231ae59e608befd69bb1,False,D:\manifold\manifold_project\experiments\results\pair_estimation_20seeds_v1,993a058c136c24688c623203af1c038ee8cdc8ee4fa6d85ef73cd7be82fbc1b0,2d5f6f6b539f6c5aa4e32969abd8553e2e3a52988bbdb8e8d873f7bcd4ae4b82,cdcc83f5050bd2bc104f1a0e1479d6854a2b67e9a8ff2100cad6269d5b7fc115,0,2048,500
P-EA,SA,SA,mc_raw,1015,table,10,2048,2548,0.1,0.029548800075842485,0.03371547674845449,0.28167383954255015,0.28167383954255015,exact_population_Fisher_projection_diagnostic,0.3181674289177992,7.220764692699238e-06,7.2149670361792345e-06,7.220860616864027e-06,0.0004721101936266455,0.0014770102737970269,0.0025493999710306525,0.07065590964337885,0.38025813903894984,0.30441040814673476,0.7176130902390003,1015,0.0002449899333201616,0.06628301006667978,dc974ca1fe6fc0dd06214fba4c5205a4d453216faf7c231ae59e608befd69bb1,False,D:\manifold\manifold_project\experiments\results\pair_estimation_20seeds_v1,993a058c136c24688c623203af1c038ee8cdc8ee4fa6d85ef73cd7be82fbc1b0,2d5f6f6b539f6c5aa4e32969abd8553e2e3a52988bbdb8e8d873f7bcd4ae4b82,cdcc83f5050bd2bc104f1a0e1479d6854a2b67e9a8ff2100cad6269d5b7fc115,0,2048,500
P-EA,SA,SA,mc_raw,1015,table,100,2048,2548,0.1,0.029548800075842485,0.02967253893006494,0.28167383954255015,0.28167383954255015,exact_population_Fisher_projection_diagnostic,0.2828032374932029,5.809384622768068e-09,5.795848488146329e-09,5.809608582639373e-09,0.0003719961126793972,1.198381263862548e-06,0.018904199940152466,0.07065590964337885,0.38025813903894984,0.302987269920967,0.7157861991048132,1015,0.0002449899333201616,0.06628301006667978,dc974ca1fe6fc0dd06214fba4c5205a4d453216faf7c231ae59e608befd69bb1,False,D:\manifold\manifold_project\experiments\results\pair_estimation_20seeds_v1,993a058c136c24688c623203af1c038ee8cdc8ee4fa6d85ef73cd7be82fbc1b0,2d5f6f6b539f6c5aa4e32969abd8553e2e3a52988bbdb8e8d873f7bcd4ae4b82,cdcc83f5050bd2bc104f1a0e1479d6854a2b67e9a8ff2100cad6269d5b7fc115,0,2048,500
P-EA,SA,SA,mc_raw,1015,table,1000,2048,2548,0.1,0.029548800075842485,0.02954880007584232,0.28167383954255015,0.28167383954255015,exact_population_Fisher_projection_diagnostic,0.2816738395425481,1.9606489363177545e-17,1.9558268967770875e-17,1.9607287185735557e-17,0.0003690463562632175,4.0447764394438524e-30,0.18704799993429333,0.07065590964337885,0.38025813903894984,0.302975909306664,0.7157240951463472,1015,0.0002449899333201616,0.06628301006667978,dc974ca1fe6fc0dd06214fba4c5205a4d453216faf7c231ae59e608befd69bb1,False,D:\manifold\manifold_project\experiments\results\pair_estimation_20seeds_v1,993a058c136c24688c623203af1c038ee8cdc8ee4fa6d85ef73cd7be82fbc1b0,2d5f6f6b539f6c5aa4e32969abd8553e2e3a52988bbdb8e8d873f7bcd4ae4b82,cdcc83f5050bd2bc104f1a0e1479d6854a2b67e9a8ff2100cad6269d5b7fc115,0,2048,500
P-EA,SA,SA,mc_raw,1015,shared_offset,1,2048,2548,0.1,0.029548800075842485,0.01267092912759521,0.28167383954255015,0.20677486820717356,exact_population_Fisher_projection_diagnostic,0.12095988615014722,0.00014095411807688198,0.0001406729850346888,0.0001409587695170241,9.44223847490466e-05,0.028836788630678428,0.0005392000311985612,0.07065590964337885,0.38025813903894984,0.30633754399069923,0.7062619527506517,1015,0.0002449899333201616,0.06628301006667978,dc974ca1fe6fc0dd06214fba4c5205a4d453216faf7c231ae59e608befd69bb1,False,D:\manifold\manifold_project\experiments\results\pair_estimation_20seeds_v1,993a058c136c24688c623203af1c038ee8cdc8ee4fa6d85ef73cd7be82fbc1b0,2d5f6f6b539f6c5aa4e32969abd8553e2e3a52988bbdb8e8d873f7bcd4ae4b82,cdcc83f5050bd2bc104f1a0e1479d6854a2b67e9a8ff2100cad6269d5b7fc115,0,2048,500
P-EA,SA,SA,mc_raw,1015,shared_offset,10,2048,2548,0.1,0.029548800075842485,0.013823300663460603,0.28167383954255015,0.20677486820717356,exact_population_Fisher_projection_diagnostic,0.13144571320012774,0.00013039558232414602,0.00013016368620223773,0.00013039941912298627,0.00011149449106519042,0.02665408160023941,0.0018662000074982643,0.07065590964337885,0.38025813903894984,0.30689044721717773,0.7068011839805448,1015,0.0002449899333201616,0.06628301006667978,dc974ca1fe6fc0dd06214fba4c5205a4d453216faf7c231ae59e608befd69bb1,False,D:\manifold\manifold_project\experiments\results\pair_estimation_20seeds_v1,993a058c136c24688c623203af1c038ee8cdc8ee4fa6d85ef73cd7be82fbc1b0,2d5f6f6b539f6c5aa4e32969abd8553e2e3a52988bbdb8e8d873f7bcd4ae4b82,cdcc83f5050bd2bc104f1a0e1479d6854a2b67e9a8ff2100cad6269d5b7fc115,0,2048,500
P-EA,SA,SA,mc_raw,1015,shared_offset,100,2048,2548,0.1,0.029548800075842485,0.021995445991265405,0.28167383954255015,0.20677486820717356,exact_population_Fisher_projection_diagnostic,0.20369161900698146,9.612922235744924e-05,9.623827951496348e-05,9.612741797032954e-05,0.00026759942530163,0.019336353673077282,0.015986699960194528,0.07065590964337885,0.38025813903894984,0.3107149206408488,0.7105006097827484,1015,0.0002449899333201616,0.06628301006667978,dc974ca1fe6fc0dd06214fba4c5205a4d453216faf7c231ae59e608befd69bb1,False,D:\manifold\manifold_project\experiments\results\pair_estimation_20seeds_v1,993a058c136c24688c623203af1c038ee8cdc8ee4fa6d85ef73cd7be82fbc1b0,2d5f6f6b539f6c5aa4e32969abd8553e2e3a52988bbdb8e8d873f7bcd4ae4b82,cdcc83f5050bd2bc104f1a0e1479d6854a2b67e9a8ff2100cad6269d5b7fc115,0,2048,500
P-EA,SA,SA,mc_raw,1015,shared_offset,1000,2048,2548,0.1,0.029548800075842485,0.022080793173726132,0.28167383954255015,0.20677486820717356,exact_population_Fisher_projection_diagnostic,0.20442770990997053,9.612573814737535e-05,9.623828743216063e-05,9.612387598184284e-05,0.00026953557427162147,0.019331190197601836,0.14992130000609905,0.07065590964337885,0.38025813903894984,0.3107540215558185,0.7105381594717838,1015,0.0002449899333201616,0.06628301006667978,dc974ca1fe6fc0dd06214fba4c5205a4d453216faf7c231ae59e608befd69bb1,False,D:\manifold\manifold_project\experiments\results\pair_estimation_20seeds_v1,993a058c136c24688c623203af1c038ee8cdc8ee4fa6d85ef73cd7be82fbc1b0,2d5f6f6b539f6c5aa4e32969abd8553e2e3a52988bbdb8e8d873f7bcd4ae4b82,cdcc83f5050bd2bc104f1a0e1479d6854a2b67e9a8ff2100cad6269d5b7fc115,0,2048,500
P-EA,SA,SA,mc_raw,1016,table,1,2048,2548,0.1,0.027019525294887436,0.012670913311131848,0.258345715908164,0.258345715908164,exact_population_Fisher_projection_diagnostic,0.12095976987494513,0.00010799957319538002,0.00010698522324308517,0.00010798653527825543,9.442177615997665e-05,0.02203601129038048,0.0008873000042513013,0.06883058216512229,0.3483179257087311,0.30633749499993584,0.7062619514176179,1016,9.498231825434071e-05,0.0664330176817456,1635130558f0e110a8df0d2d121dfd0306679134b6baa6d98411c081ad53f6cc,False,D:\manifold\manifold_project\experiments\results\pair_estimation_20seeds_v1,993a058c136c24688c623203af1c038ee8cdc8ee4fa6d85ef73cd7be82fbc1b0,2d5f6f6b539f6c5aa4e32969abd8553e2e3a52988bbdb8e8d873f7bcd4ae4b82,cdcc83f5050bd2bc104f1a0e1479d6854a2b67e9a8ff2100cad6269d5b7fc115,0,2048,500
P-EA,SA,SA,mc_raw,1016,table,10,2048,2548,0.1,0.027019525294887436,0.027927385667105342,0.258345715908164,0.258345715908164,exact_population_Fisher_projection_diagnostic,0.26526718192093035,1.879784085073789e-06,1.9127840645398212e-06,1.880208249334278e-06,0.00033051884283252336,0.00037428513217429107,0.0020440000807866454,0.06883058216512229,0.3483179257087311,0.30427642732381294,0.7146639503055124,1016,9.498231825434071e-05,0.0664330176817456,1635130558f0e110a8df0d2d121dfd0306679134b6baa6d98411c081ad53f6cc,False,D:\manifold\manifold_project\experiments\results\pair_estimation_20seeds_v1,993a058c136c24688c623203af1c038ee8cdc8ee4fa6d85ef73cd7be82fbc1b0,2d5f6f6b539f6c5aa4e32969abd8553e2e3a52988bbdb8e8d873f7bcd4ae4b82,cdcc83f5050bd2bc104f1a0e1479d6854a2b67e9a8ff2100cad6269d5b7fc115,0,2048,500
P-EA,SA,SA,mc_raw,1016,table,100,2048,2548,0.1,0.027019525294887436,0.02693248160612871,0.258345715908164,0.258345715908164,exact_population_Fisher_projection_diagnostic,0.25752492817555356,3.4616633324951485e-09,3.4224605737271063e-09,3.4611594409942745e-09,0.0003089006058064458,7.114731982549081e-07,0.01530349999666214,0.06883058216512229,0.3483179257087311,0.3029112394443524,0.7143750918555712,1016,9.498231825434071e-05,0.0664330176817456,1635130558f0e110a8df0d2d121dfd0306679134b6baa6d98411c081ad53f6cc,False,D:\manifold\manifold_project\experiments\results\pair_estimation_20seeds_v1,993a058c136c24688c623203af1c038ee8cdc8ee4fa6d85ef73cd7be82fbc1b0,2d5f6f6b539f6c5aa4e32969abd8553e2e3a52988bbdb8e8d873f7bcd4ae4b82,cdcc83f5050bd2bc104f1a0e1479d6854a2b67e9a8ff2100cad6269d5b7fc115,0,2048,500
P-EA,SA,SA,mc_raw,1016,table,1000,2048,2548,0.1,0.027019525294887436,0.027019525294887325,0.258345715908164,0.258345715908164,exact_population_Fisher_projection_diagnostic,0.25834571590816274,-1.3146771695450371e-17,-1.4000930145031845e-17,-1.3157750595830594e-17,0.0003108428174985467,1.38845096812017e-29,0.1643795999698341,0.06883058216512229,0.3483179257087311,0.3028988197705402,0.7144225749480864,1016,9.498231825434071e-05,0.0664330176817456,1635130558f0e110a8df0d2d121dfd0306679134b6baa6d98411c081ad53f6cc,False,D:\manifold\manifold_project\experiments\results\pair_estimation_20seeds_v1,993a058c136c24688c623203af1c038ee8cdc8ee4fa6d85ef73cd7be82fbc1b0,2d5f6f6b539f6c5aa4e32969abd8553e2e3a52988bbdb8e8d873f7bcd4ae4b82,cdcc83f5050bd2bc104f1a0e1479d6854a2b67e9a8ff2100cad6269d5b7fc115,0,2048,500
P-EA,SA,SA,mc_raw,1016,shared_offset,1,2048,2548,0.1,0.027019525294887436,0.012670928098394374,0.258345715908164,0.19073213775809417,exact_population_Fisher_projection_diagnostic,0.12095987675011763,0.00010799986697908917,0.0001069855232431077,0.00010798682914186578,9.442237007971297e-05,0.02203606943951019,0.0005417000502347946,0.06883058216512229,0.3483179257087311,0.306337543495298,0.7062619522669978,1016,9.498231825434071e-05,0.0664330176817456,1635130558f0e110a8df0d2d121dfd0306679134b6baa6d98411c081ad53f6cc,False,D:\manifold\manifold_project\experiments\results\pair_estimation_20seeds_v1,993a058c136c24688c623203af1c038ee8cdc8ee4fa6d85ef73cd7be82fbc1b0,2d5f6f6b539f6c5aa4e32969abd8553e2e3a52988bbdb8e8d873f7bcd4ae4b82,cdcc83f5050bd2bc104f1a0e1479d6854a2b67e9a8ff2100cad6269d5b7fc115,0,2048,500
P-EA,SA,SA,mc_raw,1016,shared_offset,10,2048,2548,0.1,0.027019525294887436,0.011575398833788608,0.258345715908164,0.19073213775809417,exact_population_Fisher_projection_diagnostic,0.11091811128625854,0.00011742119860709752,0.00011618748639627646,0.00011740534112366796,7.940125500026149e-05,0.023976419575249337,0.0020581999560818076,0.06883058216512229,0.3483179257087311,0.30580857680762175,0.7057450142240385,1016,9.498231825434071e-05,0.0664330176817456,1635130558f0e110a8df0d2d121dfd0306679134b6baa6d98411c081ad53f6cc,False,D:\manifold\manifold_project\experiments\results\pair_estimation_20seeds_v1,993a058c136c24688c623203af1c038ee8cdc8ee4fa6d85ef73cd7be82fbc1b0,2d5f6f6b539f6c5aa4e32969abd8553e2e3a52988bbdb8e8d873f7bcd4ae4b82,cdcc83f5050bd2bc104f1a0e1479d6854a2b67e9a8ff2100cad6269d5b7fc115,0,2048,500
P-EA,SA,SA,mc_raw,1016,shared_offset,100,2048,2548,0.1,0.027019525294887436,0.02036613170565993,0.258345715908164,0.19073213775809417,exact_population_Fisher_projection_diagnostic,0.1895692640498388,7.837947461547239e-05,7.887132317905963e-05,7.838579657644396e-05,0.00023180271589312606,0.01574936292120871,0.01625469990540296,0.06883058216512229,0.3483179257087311,0.3099652693254025,0.7097796374752209,1016,9.498231825434071e-05,0.0664330176817456,1635130558f0e110a8df0d2d121dfd0306679134b6baa6d98411c081ad53f6cc,False,D:\manifold\manifold_project\experiments\results\pair_estimation_20seeds_v1,993a058c136c24688c623203af1c038ee8cdc8ee4fa6d85ef73cd7be82fbc1b0,2d5f6f6b539f6c5aa4e32969abd8553e2e3a52988bbdb8e8d873f7bcd4ae4b82,cdcc83f5050bd2bc104f1a0e1479d6854a2b67e9a8ff2100cad6269d5b7fc115,0,2048,500
P-EA,SA,SA,mc_raw,1016,shared_offset,1000,2048,2548,0.1,0.027019525294887436,0.020278333453062347,0.258345715908164,0.19073213775809417,exact_population_Fisher_projection_diagnostic,0.1888044352087477,7.837571174485725e-05,7.885068585168094e-05,7.838181681049765e-05,0.00022993729734839056,0.01575241630902468,0.1563299000263214,0.06883058216512229,0.3483179257087311,0.3099246986664133,0.7097405612656452,1016,9.498231825434071e-05,0.0664330176817456,1635130558f0e110a8df0d2d121dfd0306679134b6baa6d98411c081ad53f6cc,False,D:\manifold\manifold_project\experiments\results\pair_estimation_20seeds_v1,993a058c136c24688c623203af1c038ee8cdc8ee4fa6d85ef73cd7be82fbc1b0,2d5f6f6b539f6c5aa4e32969abd8553e2e3a52988bbdb8e8d873f7bcd4ae4b82,cdcc83f5050bd2bc104f1a0e1479d6854a2b67e9a8ff2100cad6269d5b7fc115,0,2048,500
P-EA,SA,SA,mc_raw,1017,table,1,2048,2548,0.1,0.02842052548762236,0.012670888943998482,0.27324372999873686,0.27324372999873686,exact_population_Fisher_projection_diagnostic,0.12095960257708963,0.0001493685907567483,0.00014717925902558765,0.00014899658047007325,9.442067761795316e-05,0.03038614927969445,0.0008996999822556973,0.025809843439478085,0.37362547429422605,0.3063374021425695,0.7062619519261448,1017,0.0004863422357629637,0.06604165776423696,ed70c2ed9948acf0fc6925ff1291643b7a785fcc5dbfe9ce0030cafe5d6acac9,False,D:\manifold\manifold_project\experiments\results\pair_estimation_20seeds_v1,993a058c136c24688c623203af1c038ee8cdc8ee4fa6d85ef73cd7be82fbc1b0,2d5f6f6b539f6c5aa4e32969abd8553e2e3a52988bbdb8e8d873f7bcd4ae4b82,cdcc83f5050bd2bc104f1a0e1479d6854a2b67e9a8ff2100cad6269d5b7fc115,0,2048,500
P-EA,SA,SA,mc_raw,1017,table,10,2048,2548,0.1,0.02842052548762236,0.032091577542552485,0.27324372999873686,0.27324372999873686,exact_population_Fisher_projection_diagnostic,0.3048607507052346,7.631953599122112e-06,7.700296801355278e-06,7.64356644604395e-06,0.00043190426499584573,0.001549077146271595,0.0020567000610753894,0.025809843439478085,0.37362547429422605,0.3031660342676146,0.7170020740881895,1017,0.0004863422357629637,0.06604165776423696,ed70c2ed9948acf0fc6925ff1291643b7a785fcc5dbfe9ce0030cafe5d6acac9,False,D:\manifold\manifold_project\experiments\results\pair_estimation_20seeds_v1,993a058c136c24688c623203af1c038ee8cdc8ee4fa6d85ef73cd7be82fbc1b0,2d5f6f6b539f6c5aa4e32969abd8553e2e3a52988bbdb8e8d873f7bcd4ae4b82,cdcc83f5050bd2bc104f1a0e1479d6854a2b67e9a8ff2100cad6269d5b7fc115,0,2048,500
P-EA,SA,SA,mc_raw,1017,table,100,2048,2548,0.1,0.02842052548762236,0.028511233752363196,0.27324372999873686,0.27324372999873686,exact_population_Fisher_projection_diagnostic,0.27407502678872575,3.1869417838495698e-09,3.1142720785065163e-09,3.1745937794185853e-09,0.0003514468256386835,6.539128711082271e-07,0.01597020006738603,0.025809843439478085,0.37362547429422605,0.3010979514845721,0.7154993738078315,1017,0.0004863422357629637,0.06604165776423696,ed70c2ed9948acf0fc6925ff1291643b7a785fcc5dbfe9ce0030cafe5d6acac9,False,D:\manifold\manifold_project\experiments\results\pair_estimation_20seeds_v1,993a058c136c24688c623203af1c038ee8cdc8ee4fa6d85ef73cd7be82fbc1b0,2d5f6f6b539f6c5aa4e32969abd8553e2e3a52988bbdb8e8d873f7bcd4ae4b82,cdcc83f5050bd2bc104f1a0e1479d6854a2b67e9a8ff2100cad6269d5b7fc115,0,2048,500
P-EA,SA,SA,mc_raw,1017,table,1000,2048,2548,0.1,0.02842052548762236,0.028420525487622306,0.27324372999873686,0.27324372999873686,exact_population_Fisher_projection_diagnostic,0.27324372999873736,-4.267740849276432e-18,-4.435954084299099e-18,-4.296323568328422e-18,0.0003493558078259327,1.1253447480367723e-30,0.16426819993648678,0.025809843439478085,0.37362547429422605,0.3010851312976884,0.7154541174020818,1017,0.0004863422357629637,0.06604165776423696,ed70c2ed9948acf0fc6925ff1291643b7a785fcc5dbfe9ce0030cafe5d6acac9,False,D:\manifold\manifold_project\experiments\results\pair_estimation_20seeds_v1,993a058c136c24688c623203af1c038ee8cdc8ee4fa6d85ef73cd7be82fbc1b0,2d5f6f6b539f6c5aa4e32969abd8553e2e3a52988bbdb8e8d873f7bcd4ae4b82,cdcc83f5050bd2bc104f1a0e1479d6854a2b67e9a8ff2100cad6269d5b7fc115,0,2048,500
P-EA,SA,SA,mc_raw,1017,shared_offset,1,2048,2548,0.1,0.02842052548762236,0.012670928002237625,0.27324372999873686,0.1891001725823562,exact_population_Fisher_projection_diagnostic,0.12095987587188714,0.00014936997066378378,0.00014718069383809848,0.00014899796970662302,9.442236870920474e-05,0.030386425154683705,0.0005247999215498567,0.025809843439478085,0.37362547429422605,0.3063375434490134,0.7062619522218108,1017,0.0004863422357629637,0.06604165776423696,ed70c2ed9948acf0fc6925ff1291643b7a785fcc5dbfe9ce0030cafe5d6acac9,False,D:\manifold\manifold_project\experiments\results\pair_estimation_20seeds_v1,993a058c136c24688c623203af1c038ee8cdc8ee4fa6d85ef73cd7be82fbc1b0,2d5f6f6b539f6c5aa4e32969abd8553e2e3a52988bbdb8e8d873f7bcd4ae4b82,cdcc83f5050bd2bc104f1a0e1479d6854a2b67e9a8ff2100cad6269d5b7fc115,0,2048,500
P-EA,SA,SA,mc_raw,1017,shared_offset,10,2048,2548,0.1,0.02842052548762236,0.011414725870240894,0.27324372999873686,0.1891001725823562,exact_population_Fisher_projection_diagnostic,0.10943926591785291,0.00016009065417178968,0.00015725531662227996,0.00015960887486004757,7.729888273271535e-05,0.032585964277663186,0.002001199987716973,0.025809843439478085,0.37362547429422605,0.30573071935127805,0.7056688402418057,1017,0.0004863422357629637,0.06604165776423696,ed70c2ed9948acf0fc6925ff1291643b7a785fcc5dbfe9ce0030cafe5d6acac9,False,D:\manifold\manifold_project\experiments\results\pair_estimation_20seeds_v1,993a058c136c24688c623203af1c038ee8cdc8ee4fa6d85ef73cd7be82fbc1b0,2d5f6f6b539f6c5aa4e32969abd8553e2e3a52988bbdb8e8d873f7bcd4ae4b82,cdcc83f5050bd2bc104f1a0e1479d6854a2b67e9a8ff2100cad6269d5b7fc115,0,2048,500
P-EA,SA,SA,mc_raw,1017,shared_offset,100,2048,2548,0.1,0.02842052548762236,0.02021984749398892,0.27324372999873686,0.1891001725823562,exact_population_Fisher_projection_diagnostic,0.18829473254122986,0.00012090172870454915,0.0001225033703974501,0.00012117387895791058,0.00022869831077072523,0.024389541755560174,0.014818800031207502,0.025809843439478085,0.37362547429422605,0.30989766290416615,0.7097145180939372,1017,0.0004863422357629637,0.06604165776423696,ed70c2ed9948acf0fc6925ff1291643b7a785fcc5dbfe9ce0030cafe5d6acac9,False,D:\manifold\manifold_project\experiments\results\pair_estimation_20seeds_v1,993a058c136c24688c623203af1c038ee8cdc8ee4fa6d85ef73cd7be82fbc1b0,2d5f6f6b539f6c5aa4e32969abd8553e2e3a52988bbdb8e8d873f7bcd4ae4b82,cdcc83f5050bd2bc104f1a0e1479d6854a2b67e9a8ff2100cad6269d5b7fc115,0,2048,500
P-EA,SA,SA,mc_raw,1017,shared_offset,1000,2048,2548,0.1,0.02842052548762236,0.02012580973435496,0.27324372999873686,0.1891001725823562,exact_population_Fisher_projection_diagnostic,0.18747482921841963,0.00012089740468652013,0.0001224527050883473,0.00012116168064804541,0.00022671230035074716,0.024392116221539632,0.15453919989522547,0.025809843439478085,0.37362547429422605,0.30985417613606353,0.7096726223749578,1017,0.0004863422357629637,0.06604165776423696,ed70c2ed9948acf0fc6925ff1291643b7a785fcc5dbfe9ce0030cafe5d6acac9,False,D:\manifold\manifold_project\experiments\results\pair_estimation_20seeds_v1,993a058c136c24688c623203af1c038ee8cdc8ee4fa6d85ef73cd7be82fbc1b0,2d5f6f6b539f6c5aa4e32969abd8553e2e3a52988bbdb8e8d873f7bcd4ae4b82,cdcc83f5050bd2bc104f1a0e1479d6854a2b67e9a8ff2100cad6269d5b7fc115,0,2048,500
P-EA,SA,SA,mc_raw,1018,table,1,2048,2548,0.1,0.02903408800206919,0.01267091018219696,0.277660557800912,0.277660557800912,exact_population_Fisher_projection_diagnostic,0.12095975089522659,0.00014272822537453477,0.00013851154830293397,0.00014151663293698047,9.442160107211752e-05,0.0289169685150171,0.0014062001137062907,0.054601207914419705,0.3765122304821061,0.30633747940182476,0.7062619520245869,1018,0.00014721086997947265,0.06638078913002048,e211766d2893cb4cf231493bb57afc890c22849e5a87694704c8b5be17b2e074,False,D:\manifold\manifold_project\experiments\results\pair_estimation_20seeds_v1,993a058c136c24688c623203af1c038ee8cdc8ee4fa6d85ef73cd7be82fbc1b0,2d5f6f6b539f6c5aa4e32969abd8553e2e3a52988bbdb8e8d873f7bcd4ae4b82,cdcc83f5050bd2bc104f1a0e1479d6854a2b67e9a8ff2100cad6269d5b7fc115,0,2048,500
P-EA,SA,SA,mc_raw,1018,table,10,2048,2548,0.1,0.02903408800206919,0.032709376765020115,0.277660557800912,0.277660557800912,exact_population_Fisher_projection_diagnostic,0.31017428321489215,5.548740917273771e-06,5.452531310914843e-06,5.521096677626015e-06,0.00044720779724519535,0.0011310382366978501,0.002218100009486079,0.054601207914419705,0.3765122304821061,0.30345550462765725,0.7172682285152172,1018,0.00014721086997947265,0.06638078913002048,e211766d2893cb4cf231493bb57afc890c22849e5a87694704c8b5be17b2e074,False,D:\manifold\manifold_project\experiments\results\pair_estimation_20seeds_v1,993a058c136c24688c623203af1c038ee8cdc8ee4fa6d85ef73cd7be82fbc1b0,2d5f6f6b539f6c5aa4e32969abd8553e2e3a52988bbdb8e8d873f7bcd4ae4b82,cdcc83f5050bd2bc104f1a0e1479d6854a2b67e9a8ff2100cad6269d5b7fc115,0,2048,500
P-EA,SA,SA,mc_raw,1018,table,100,2048,2548,0.1,0.02903408800206919,0.029131927035764504,0.277660557800912,0.277660557800912,exact_population_Fisher_projection_diagnostic,0.27858446128272835,4.5317817216867404e-09,4.374292180605713e-09,4.486529706005294e-09,0.0003610180707437627,9.240239451034247e-07,0.016300400020554662,0.054601207914419705,0.3765122304821061,0.30228183751316445,0.7156252151976515,1018,0.00014721086997947265,0.06638078913002048,e211766d2893cb4cf231493bb57afc890c22849e5a87694704c8b5be17b2e074,False,D:\manifold\manifold_project\experiments\results\pair_estimation_20seeds_v1,993a058c136c24688c623203af1c038ee8cdc8ee4fa6d85ef73cd7be82fbc1b0,2d5f6f6b539f6c5aa4e32969abd8553e2e3a52988bbdb8e8d873f7bcd4ae4b82,cdcc83f5050bd2bc104f1a0e1479d6854a2b67e9a8ff2100cad6269d5b7fc115,0,2048,500
P-EA,SA,SA,mc_raw,1018,table,1000,2048,2548,0.1,0.02903408800206919,0.029034088002069247,0.277660557800912,0.277660557800912,exact_population_Fisher_projection_diagnostic,0.27766055780091237,-4.0617713332838814e-18,-4.315597341796897e-18,-4.134704040044928e-18,0.00035862558819956935,5.327676893999078e-31,0.15779210010077804,0.054601207914419705,0.3765122304821061,0.3022982473766106,0.7155716396696241,1018,0.00014721086997947265,0.06638078913002048,e211766d2893cb4cf231493bb57afc890c22849e5a87694704c8b5be17b2e074,False,D:\manifold\manifold_project\experiments\results\pair_estimation_20seeds_v1,993a058c136c24688c623203af1c038ee8cdc8ee4fa6d85ef73cd7be82fbc1b0,2d5f6f6b539f6c5aa4e32969abd8553e2e3a52988bbdb8e8d873f7bcd4ae4b82,cdcc83f5050bd2bc104f1a0e1479d6854a2b67e9a8ff2100cad6269d5b7fc115,0,2048,500
P-EA,SA,SA,mc_raw,1018,shared_offset,1,2048,2548,0.1,0.02903408800206919,0.012670928804315862,0.277660557800912,0.19978384322133727,exact_population_Fisher_projection_diagnostic,0.12095988319753063,0.00014272869101066558,0.00013851204464744354,0.00014151710739665618,9.442238014137019e-05,0.028917062549591276,0.0005360000068321824,0.054601207914419705,0.3765122304821061,0.30633754383509015,0.7062619525987326,1018,0.00014721086997947265,0.06638078913002048,e211766d2893cb4cf231493bb57afc890c22849e5a87694704c8b5be17b2e074,False,D:\manifold\manifold_project\experiments\results\pair_estimation_20seeds_v1,993a058c136c24688c623203af1c038ee8cdc8ee4fa6d85ef73cd7be82fbc1b0,2d5f6f6b539f6c5aa4e32969abd8553e2e3a52988bbdb8e8d873f7bcd4ae4b82,cdcc83f5050bd2bc104f1a0e1479d6854a2b67e9a8ff2100cad6269d5b7fc115,0,2048,500
P-EA,SA,SA,mc_raw,1018,shared_offset,10,2048,2548,0.1,0.02903408800206919,0.013012938007619712,0.277660557800912,0.19978384322133727,exact_population_Fisher_projection_diagnostic,0.12408009726715095,0.00013964620721789838,0.00013568326509112556,0.00013850752132146086,9.935439104794501e-05,0.028294233305498937,0.0016870000399649143,0.054601207914419705,0.3765122304821061,0.3065020102981501,0.7064224694175925,1018,0.00014721086997947265,0.06638078913002048,e211766d2893cb4cf231493bb57afc890c22849e5a87694704c8b5be17b2e074,False,D:\manifold\manifold_project\experiments\results\pair_estimation_20seeds_v1,993a058c136c24688c623203af1c038ee8cdc8ee4fa6d85ef73cd7be82fbc1b0,2d5f6f6b539f6c5aa4e32969abd8553e2e3a52988bbdb8e8d873f7bcd4ae4b82,cdcc83f5050bd2bc104f1a0e1479d6854a2b67e9a8ff2100cad6269d5b7fc115,0,2048,500
P-EA,SA,SA,mc_raw,1018,shared_offset,100,2048,2548,0.1,0.02903408800206919,0.021455485103073546,0.277660557800912,0.19978384322133727,exact_population_Fisher_projection_diagnostic,0.19902622529472305,0.00010326949449391756,0.00010542765609351578,0.0001038896065462978,0.0002554900370410191,0.020891885465079932,0.015553600038401783,0.054601207914419705,0.3765122304821061,0.3104671592642645,0.7102625502211739,1018,0.00014721086997947265,0.06638078913002048,e211766d2893cb4cf231493bb57afc890c22849e5a87694704c8b5be17b2e074,False,D:\manifold\manifold_project\experiments\results\pair_estimation_20seeds_v1,993a058c136c24688c623203af1c038ee8cdc8ee4fa6d85ef73cd7be82fbc1b0,2d5f6f6b539f6c5aa4e32969abd8553e2e3a52988bbdb8e8d873f7bcd4ae4b82,cdcc83f5050bd2bc104f1a0e1479d6854a2b67e9a8ff2100cad6269d5b7fc115,0,2048,500
P-EA,SA,SA,mc_raw,1018,shared_offset,1000,2048,2548,0.1,0.02903408800206919,0.021484429144407013,0.277660557800912,0.19978384322133727,exact_population_Fisher_projection_diagnostic,0.19927667868729906,0.00010326909119830283,0.0001054478113190636,0.00010389511040182243,0.00025613299712947746,0.020891476278858505,0.15810420003253967,0.054601207914419705,0.3765122304821061,0.3104804571357554,0.7102753329705115,1018,0.00014721086997947265,0.06638078913002048,e211766d2893cb4cf231493bb57afc890c22849e5a87694704c8b5be17b2e074,False,D:\manifold\manifold_project\experiments\results\pair_estimation_20seeds_v1,993a058c136c24688c623203af1c038ee8cdc8ee4fa6d85ef73cd7be82fbc1b0,2d5f6f6b539f6c5aa4e32969abd8553e2e3a52988bbdb8e8d873f7bcd4ae4b82,cdcc83f5050bd2bc104f1a0e1479d6854a2b67e9a8ff2100cad6269d5b7fc115,0,2048,500
P-EA,SA,SA,mc_raw,1019,table,1,2048,2548,0.1,0.031631759562324946,0.012670918282551291,0.3000480857282388,0.3000480857282388,exact_population_Fisher_projection_diagnostic,0.12095980871198656,0.0001634664741968729,0.00016408717417367572,0.0001648268135564351,9.442193632326832e-05,0.03379957270544544,0.001274599926546216,0.08683750338411149,0.4037774325608249,0.30633750703715934,0.7062619523321507,1019,0.0012079021887470448,0.06532009781125286,ddc2cf2f28a6ec2116b522a4c402dfa81eaf272add88be706497236acbd46a84,False,D:\manifold\manifold_project\experiments\results\pair_estimation_20seeds_v1,993a058c136c24688c623203af1c038ee8cdc8ee4fa6d85ef73cd7be82fbc1b0,2d5f6f6b539f6c5aa4e32969abd8553e2e3a52988bbdb8e8d873f7bcd4ae4b82,cdcc83f5050bd2bc104f1a0e1479d6854a2b67e9a8ff2100cad6269d5b7fc115,0,2048,500
P-EA,SA,SA,mc_raw,1019,table,10,2048,2548,0.1,0.031631759562324946,0.03839444964488148,0.3000480857282388,0.3000480857282388,exact_population_Fisher_projection_diagnostic,0.35892822934805363,1.7509924605464574e-05,1.754674734538379e-05,1.759062611071862e-05,0.0006022607819053608,0.003615158011803586,0.002157400012947619,0.08683750338411149,0.4037774325608249,0.30559285131886144,0.7197587373205419,1019,0.0012079021887470448,0.06532009781125286,ddc2cf2f28a6ec2116b522a4c402dfa81eaf272add88be706497236acbd46a84,False,D:\manifold\manifold_project\experiments\results\pair_estimation_20seeds_v1,993a058c136c24688c623203af1c038ee8cdc8ee4fa6d85ef73cd7be82fbc1b0,2d5f6f6b539f6c5aa4e32969abd8553e2e3a52988bbdb8e8d873f7bcd4ae4b82,cdcc83f5050bd2bc104f1a0e1479d6854a2b67e9a8ff2100cad6269d5b7fc115,0,2048,500
P-EA,SA,SA,mc_raw,1019,table,100,2048,2548,0.1,0.031631759562324946,0.031720355725558036,0.3000480857282388,0.3000480857282388,exact_population_Fisher_projection_diagnostic,0.30087772455543216,3.554398758277708e-09,3.5674513601471906e-09,3.583005120016616e-09,0.0004213374975237603,7.396018696150399e-07,0.02024770004209131,0.08683750338411149,0.4037774325608249,0.3036456634698239,0.7167281128374409,1019,0.0012079021887470448,0.06532009781125286,ddc2cf2f28a6ec2116b522a4c402dfa81eaf272add88be706497236acbd46a84,False,D:\manifold\manifold_project\experiments\results\pair_estimation_20seeds_v1,993a058c136c24688c623203af1c038ee8cdc8ee4fa6d85ef73cd7be82fbc1b0,2d5f6f6b539f6c5aa4e32969abd8553e2e3a52988bbdb8e8d873f7bcd4ae4b82,cdcc83f5050bd2bc104f1a0e1479d6854a2b67e9a8ff2100cad6269d5b7fc115,0,2048,500
P-EA,SA,SA,mc_raw,1019,table,1000,2048,2548,0.1,0.031631759562324946,0.031631759562324946,0.3000480857282388,0.3000480857282388,exact_population_Fisher_projection_diagnostic,0.3000480857282394,0.0,0.0,0.0,0.00041906931735006983,3.2776246165559737e-31,0.19017650000751019,0.08683750338411149,0.4037774325608249,0.3036597954505552,0.7166801849484815,1019,0.0012079021887470448,0.06532009781125286,ddc2cf2f28a6ec2116b522a4c402dfa81eaf272add88be706497236acbd46a84,False,D:\manifold\manifold_project\experiments\results\pair_estimation_20seeds_v1,993a058c136c24688c623203af1c038ee8cdc8ee4fa6d85ef73cd7be82fbc1b0,2d5f6f6b539f6c5aa4e32969abd8553e2e3a52988bbdb8e8d873f7bcd4ae4b82,cdcc83f5050bd2bc104f1a0e1479d6854a2b67e9a8ff2100cad6269d5b7fc115,0,2048,500
P-EA,SA,SA,mc_raw,1019,shared_offset,1,2048,2548,0.1,0.031631759562324946,0.012670929975745426,0.3000480857282388,0.22337397806180836,exact_population_Fisher_projection_diagnostic,0.12095989389658125,0.00016346664072563585,0.00016408733941383313,0.00016482697726106257,9.442239683785293e-05,0.03379960498208501,0.0019995999755337834,0.08683750338411149,0.4037774325608249,0.30633754439895255,0.7062619531492242,1019,0.0012079021887470448,0.06532009781125286,ddc2cf2f28a6ec2116b522a4c402dfa81eaf272add88be706497236acbd46a84,False,D:\manifold\manifold_project\experiments\results\pair_estimation_20seeds_v1,993a058c136c24688c623203af1c038ee8cdc8ee4fa6d85ef73cd7be82fbc1b0,2d5f6f6b539f6c5aa4e32969abd8553e2e3a52988bbdb8e8d873f7bcd4ae4b82,cdcc83f5050bd2bc104f1a0e1479d6854a2b67e9a8ff2100cad6269d5b7fc115,0,2048,500
P-EA,SA,SA,mc_raw,1019,shared_offset,10,2048,2548,0.1,0.031631759562324946,0.016524140487401973,0.3000480857282388,0.22337397806180836,exact_population_Fisher_projection_diagnostic,0.1557224656337102,0.0001272152569041589,0.0001275511811879368,0.00012795147575728368,0.000156454940044733,0.026162889459400384,0.002390399924479425,0.08683750338411149,0.4037774325608249,0.3081726575203285,0.708047384159059,1019,0.0012079021887470448,0.06532009781125286,ddc2cf2f28a6ec2116b522a4c402dfa81eaf272add88be706497236acbd46a84,False,D:\manifold\manifold_project\experiments\results\pair_estimation_20seeds_v1,993a058c136c24688c623203af1c038ee8cdc8ee4fa6d85ef73cd7be82fbc1b0,2d5f6f6b539f6c5aa4e32969abd8553e2e3a52988bbdb8e8d873f7bcd4ae4b82,cdcc83f5050bd2bc104f1a0e1479d6854a2b67e9a8ff2100cad6269d5b7fc115,0,2048,500
P-EA,SA,SA,mc_raw,1019,shared_offset,100,2048,2548,0.1,0.031631759562324946,0.02376606937215625,0.3000480857282388,0.22337397806180836,exact_population_Fisher_projection_diagnostic,0.21888933915148565,0.00010116369316401635,0.00010097886017571711,0.00010075860922922706,0.0003089873250709359,0.02027688485605389,0.0188209000043571,0.08683750338411149,0.4037774325608249,0.31152276622809244,0.7112752946389915,1019,0.0012079021887470448,0.06532009781125286,ddc2cf2f28a6ec2116b522a4c402dfa81eaf272add88be706497236acbd46a84,False,D:\manifold\manifold_project\experiments\results\pair_estimation_20seeds_v1,993a058c136c24688c623203af1c038ee8cdc8ee4fa6d85ef73cd7be82fbc1b0,2d5f6f6b539f6c5aa4e32969abd8553e2e3a52988bbdb8e8d873f7bcd4ae4b82,cdcc83f5050bd2bc104f1a0e1479d6854a2b67e9a8ff2100cad6269d5b7fc115,0,2048,500
P-EA,SA,SA,mc_raw,1019,shared_offset,1000,2048,2548,0.1,0.031631759562324946,0.023821496117741314,0.3000480857282388,0.22337397806180836,exact_population_Fisher_projection_diagnostic,0.2193626203486434,0.00010116225293297733,0.00010097349891508418,0.00010074857558577311,0.00031032389254094517,0.020271690737836988,0.18295469996519387,0.08683750338411149,0.4037774325608249,0.31154794228488636,0.7112993997773013,1019,0.0012079021887470448,0.06532009781125286,ddc2cf2f28a6ec2116b522a4c402dfa81eaf272add88be706497236acbd46a84,False,D:\manifold\manifold_project\experiments\results\pair_estimation_20seeds_v1,993a058c136c24688c623203af1c038ee8cdc8ee4fa6d85ef73cd7be82fbc1b0,2d5f6f6b539f6c5aa4e32969abd8553e2e3a52988bbdb8e8d873f7bcd4ae4b82,cdcc83f5050bd2bc104f1a0e1479d6854a2b67e9a8ff2100cad6269d5b7fc115,0,2048,500
