experiment,method,label,oracle_label_group,seed,update,source_steps_total,source_steps_training,source_steps_critic,source_steps_direction_check,source_steps_return_check,source_steps_monitor,source_complete_episodes,agent_decisions,budget,training_return,monitor_return,exact_source_return_diagnostic,actual_return_gain_diagnostic,old_new_kl,baseline_kind,baseline_missing_states,entropy,seconds,accepted,reason,eta,attempts,forward_kl_training,direction_loss,direction_steps,q_bound,critic_validation_mse,label_mse_against_exact_joint_advantage,critic_explained_variance,direction_error,direction_norm,exact_direction_score_diagnostic
T-L,AN,mc_learned_baseline,False,48,1,712,256,256,0,0,200,356,1424,262144,0.283359375,0.3225,0.35432282167251244,0.035308821672512425,0.0004989174283171545,public_state_tabular_independent_mc,0,0.6146865656660676,0.036748899961821735,True,accepted_return_check_disabled,0.1,1,2.838351764763556e-09,-0.0998274153477681,100,5.0,0.4189035032519981,0.16827179838249007,0.033732098525737775,0.002659503527595891,0.10098887441997309,0.08608805721135149
T-L,AN,mc_learned_baseline,False,48,2,1424,512,512,0,0,400,712,2848,262144,0.230625,0.3885,0.3903837598555671,0.03606093818305467,0.0005071909825051624,public_state_tabular_independent_mc,0,0.603838029794465,0.07358079997356981,True,accepted_return_check_disabled,0.1,1,3.2957685024238274e-09,-0.10223090078831851,100,5.0,0.42806321651825957,0.1777967196158725,0.010659174394655468,0.0004811504514878824,0.10253803703772249,0.0889434292097036
T-L,AN,mc_learned_baseline,False,48,3,2136,768,768,0,0,600,1068,4272,262144,0.350625,0.32249999999999995,0.422504380881713,0.03212062102614588,0.0004095331067481379,public_state_tabular_independent_mc,0,0.5927317559274798,0.11568719998467714,True,accepted_return_check_disabled,0.1,1,3.3285049316268617e-09,-0.08217483656683552,100,5.0,0.4196190493808507,0.186603274501465,0.017081330158256747,0.0015372249420445524,0.08272079925840763,0.08796233238996028
T-L,AN,mc_learned_baseline,False,48,4,2848,1024,1024,0,0,800,1424,5696,262144,0.39328124999999997,0.47909999999999997,0.4543902496582919,0.031885868776578896,0.00041275911166412875,public_state_tabular_independent_mc,0,0.582613771303921,0.1632884000428021,True,accepted_return_check_disabled,0.1,1,6.645218643690164e-09,-0.08453988969311989,100,5.0,0.4121422729492188,0.17018607985680745,0.015341837939850334,0.0023538588941064693,0.08408378459541152,0.08669029563883027
T-L,AN,mc_learned_baseline,False,48,5,3560,1280,1280,0,0,1000,1780,7120,262144,0.34875,0.4733999999999999,0.4898669811385269,0.035476731480235,0.0005103933287715023,public_state_tabular_independent_mc,0,0.5691480430534144,0.21091150003485382,True,accepted_return_check_disabled,0.1,1,4.82889966933465e-09,-0.10350069222705441,100,5.0,0.41968469883240267,0.1760719941885961,0.014676864654541877,0.0015972827080384757,0.1038521740108732,0.0862751783191948
T-L,AN,mc_learned_baseline,False,48,6,4272,1536,1536,0,0,1200,2136,8544,262144,0.4921875,0.4139999999999999,0.521791407048927,0.03192442591040012,0.0004206352544518857,public_state_tabular_independent_mc,0,0.5565009065269911,0.25487589999102056,True,accepted_return_check_disabled,0.1,1,3.5374022269180665e-09,-0.0853438528752084,100,5.0,0.37457579023666027,0.15778330130742652,0.007774142253510807,0.00043277106510756326,0.08528928885377193,0.08575392941004364
T-L,AN,mc_learned_baseline,False,48,7,4984,1792,1792,0,0,1400,2492,9968,262144,0.5889843750000001,0.5244,0.550221600753511,0.028430193704583995,0.0003450526700770856,public_state_tabular_independent_mc,0,0.5446226123092052,0.2987779000541195,True,accepted_return_check_disabled,0.1,1,7.812710387011465e-10,-0.0711558848490165,100,5.0,0.3344970503641995,0.1374858941147229,0.01404060776388294,0.001562349302629852,0.07038105342931693,0.08251851677666584
T-L,AN,mc_learned_baseline,False,48,8,5696,2048,2048,0,0,1600,2848,11392,262144,0.549609375,0.54,0.5798795454876164,0.029657944734105435,0.00039413066033230513,public_state_tabular_independent_mc,0,0.5322022148557017,0.34003950003534555,True,accepted_return_check_disabled,0.1,1,4.275525607269505e-09,-0.08256182499536655,100,5.0,0.352875401554272,0.15722295334862615,-0.006316712806092584,0.0019752171821986546,0.08141567359979565,0.07981597086903397
T-L,AN,mc_learned_baseline,False,48,9,6408,2304,2304,0,0,1800,3204,12816,262144,0.535078125,0.5927999999999999,0.6109944568363951,0.03111491134877864,0.00044656239109406985,public_state_tabular_independent_mc,0,0.5177767303657475,0.37880950001999736,True,accepted_return_check_disabled,0.1,1,1.9528113445102327e-09,-0.09204643292603729,100,5.0,0.3680007919577567,0.15166783352529745,0.013769190679138399,0.0014366757409289203,0.09182184614978167,0.07721330507860824
T-L,AN,mc_learned_baseline,False,48,10,7120,2560,2560,0,0,2000,3560,14240,262144,0.457734375,0.5933999999999999,0.6469514841911709,0.035957027354775795,0.0006465605790039492,public_state_tabular_independent_mc,0,0.5012154761197406,0.41536360001191497,True,accepted_return_check_disabled,0.1,1,1.07031959583947e-08,-0.13402983130108265,100,5.0,0.40436867020394396,0.1766219470039701,-0.006106832711633148,0.011585736404815599,0.13552543680626794,0.06353097262109553
T-L,AN,mc_learned_baseline,False,48,11,7832,2816,2816,0,0,2200,3916,15664,262144,0.598125,0.6005999999999999,0.6777952698895392,0.03084378569836832,0.0005008888734885729,public_state_tabular_independent_mc,0,0.4862117768989075,0.4552736000623554,True,accepted_return_check_disabled,0.1,1,3.5112118641163716e-09,-0.10193553464355143,100,5.0,0.3719249581128995,0.16527254813976533,0.00483854029335562,0.003998875541908038,0.10362693908507226,0.06598174940568624
T-L,AN,mc_learned_baseline,False,48,12,8544,3072,3072,0,0,2400,4272,17088,262144,0.67359375,0.6713999999999999,0.7007871653304585,0.022991895440919285,0.0003104418567044162,public_state_tabular_independent_mc,0,0.47368070010324076,0.49382760003209114,True,accepted_return_check_disabled,0.1,1,5.050478088045612e-09,-0.06497450856565937,100,5.0,0.2842040201861361,0.10924371511519818,0.015337425219460243,0.0034167323140472357,0.06413458850612953,0.061629016005548196
T-L,AN,mc_learned_baseline,False,48,13,9256,3328,3328,0,0,2600,4628,18512,262144,0.7223437500000001,0.8043,0.7206057468892356,0.019818581558777137,0.00023219858169132342,public_state_tabular_independent_mc,0,0.462687620418036,0.5333576999837533,True,accepted_return_check_disabled,0.1,1,3.2072499025591674e-09,-0.047006162334686116,100,5.0,0.23849853922526043,0.09677088093644365,0.006872654194104877,0.0010437394900293618,0.04725960437632748,0.06026118355381149
T-L,AN,mc_learned_baseline,False,48,14,9968,3584,3584,0,0,2800,4984,19936,262144,0.7771875000000001,0.6677999999999998,0.7401332146414993,0.01952746775226366,0.00024081740891557232,public_state_tabular_independent_mc,0,0.4513851299022068,0.5716652000555769,True,accepted_return_check_disabled,0.1,1,2.3857116857879482e-09,-0.04855034395551325,100,5.0,0.21160337821136221,0.08597789289576271,0.007967957078513499,0.0004807057544552308,0.0494938626972451,0.05721025039346086
T-L,AN,mc_learned_baseline,False,48,15,10680,3840,3840,0,0,3000,5340,21360,262144,0.7258593750000001,0.7299,0.7584988048334482,0.018365590191948944,0.00023743907061127745,public_state_tabular_independent_mc,0,0.4403326162136707,0.6135076000355184,True,accepted_return_check_disabled,0.1,1,3.731411523331762e-09,-0.05259712102882606,100,5.0,0.23229844324365653,0.09523130205296276,0.02005865342869151,0.002145847620200008,0.049211644443051095,0.05174584416225858
T-L,AN,mc_learned_baseline,False,48,16,11392,4096,4096,0,0,3200,5696,22784,262144,0.7125,0.8163000000000001,0.775346447828755,0.016847642995306722,0.00024346717565495058,public_state_tabular_independent_mc,0,0.4293858079355703,0.6531318000052124,True,accepted_return_check_disabled,0.1,1,3.9875818352783165e-09,-0.05743383349490232,100,5.0,0.23163957157645537,0.08675002944024138,0.010128551996174018,0.007648748702775559,0.049809706035774774,0.042534330319743775
T-L,AN,mc_learned_baseline,False,48,17,12104,4352,4352,0,0,3400,6052,24208,262144,0.8228906250000001,0.7698,0.7911808823632435,0.015834434534488517,0.0001988506635011488,public_state_tabular_independent_mc,0,0.41933903872911826,0.6983555000042543,True,accepted_return_check_disabled,0.1,1,3.0251573300608505e-09,-0.038487909386603056,100,5.0,0.17235154240184086,0.06972268976126224,-0.01074129740805252,0.0007249444474847272,0.04109766629721867,0.0459861736678456
T-L,AN,mc_learned_baseline,False,48,18,12816,4608,4608,0,0,3600,6408,25632,262144,0.8428125000000002,0.7070999999999998,0.8025415987565837,0.011360716393340242,0.00011178204324766182,public_state_tabular_independent_mc,0,0.41170132971646056,0.736914400011301,True,accepted_return_check_disabled,0.1,1,1.2727359486497667e-09,-0.022664654862554406,100,5.0,0.11332932477996416,0.04775524331957302,0.0008426807864755359,0.004117813483492094,0.022836359620352915,0.03897510080184318
T-L,AN,mc_learned_baseline,False,48,19,13528,4864,4864,0,0,3800,6764,27056,262144,0.779296875,0.7940999999999999,0.8180251412511719,0.015483542494588165,0.00022226741637076128,public_state_tabular_independent_mc,0,0.40057813196079844,0.7769066999899223,True,accepted_return_check_disabled,0.1,1,1.911336435429878e-09,-0.04582583320746989,100,5.0,0.17567591951914904,0.07407246246122795,-0.0006620035927416001,0.0008206618418994723,0.045794508685345695,0.039621026286833824
T-L,AN,mc_learned_baseline,False,48,20,14240,5120,5120,0,0,4000,7120,28480,262144,0.8343750000000001,0.9006000000000001,0.8288703730769326,0.010845231825760693,0.00011764371270494061,public_state_tabular_independent_mc,0,0.3926611563706891,0.8217451999662444,True,accepted_return_check_disabled,0.1,1,2.306478572978997e-09,-0.024439037994127173,100,5.0,0.1268720186848286,0.0500125310025648,0.002890813552140492,0.0016329768585718171,0.024134376476665272,0.03518435825069488
T-L,AN,mc_learned_baseline,False,48,21,14952,5376,5376,0,0,4200,7476,29904,262144,0.8622656250000003,0.8543999999999998,0.8390629725119909,0.010192599435058347,0.00011262645171710521,public_state_tabular_independent_mc,0,0.3851671090690666,0.8662993999896571,True,accepted_return_check_disabled,0.1,1,8.384468216964961e-10,-0.022366044572083355,100,5.0,0.11738243644716277,0.045587184992078436,0.0018369061534706521,0.0014156055702166895,0.023215951246048038,0.03275600826056564
T-L,AN,mc_learned_baseline,False,48,22,15664,5632,5632,0,0,4400,7832,31328,262144,0.7889062500000001,0.8097000000000001,0.855181494838247,0.0161185223262561,0.00031425911802386293,public_state_tabular_independent_mc,0,0.3727896206262913,0.9035292000044137,True,accepted_return_check_disabled,0.1,1,2.75300332932835e-09,-0.06660781094663742,100,5.0,0.184049244749021,0.07611564549478639,-0.00110655614779831,0.006490106466205299,0.06647883027423962,0.025089576874345376
T-L,AN,mc_learned_baseline,False,48,23,16376,5888,5888,0,0,4600,8188,32752,262144,0.809296875,0.8460000000000002,0.8689463676004302,0.013764872762183189,0.0002636567501143012,public_state_tabular_independent_mc,0,0.3613854450979321,0.9489983000094071,True,accepted_return_check_disabled,0.1,1,3.257500571672777e-09,-0.056546433118864335,100,5.0,0.15607640167600004,0.06252651336432047,0.009444041836059514,0.0050241959686737805,0.05575611729766207,0.02235651558446812
T-L,AN,mc_learned_baseline,False,48,24,17088,6144,6144,0,0,4800,8544,34176,262144,0.8850000000000002,0.8421,0.8763365636255456,0.00739019602511537,9.046449177549526e-05,public_state_tabular_independent_mc,0,0.35500409137999256,1.0323034999892116,True,accepted_return_check_disabled,0.1,1,1.3633731024738912e-09,-0.018611001437605818,100,5.0,0.08624308435822618,0.035830221388729516,-0.04848768930788894,0.0017330225017728248,0.01861031764540015,0.022047383444632487
T-L,AN,mc_learned_baseline,False,48,25,17800,6400,6400,0,0,5000,8900,35600,262144,0.8634375000000001,0.9336,0.8855466794677721,0.00921011584222653,0.00016738209699887203,public_state_tabular_independent_mc,0,0.3468438422586496,1.0872961999848485,True,accepted_return_check_disabled,0.1,1,2.7909720086699767e-09,-0.03661674965489569,100,5.0,0.09959718553461558,0.03687567057267646,0.001444591356149716,0.004939379929205797,0.03510433865565308,0.016886219149286
T-L,AN,mc_learned_baseline,False,48,26,18512,6656,6656,0,0,5200,9256,37024,262144,0.8803125000000002,0.8364,0.892895198226528,0.007348518758755862,0.00011243060957834259,public_state_tabular_independent_mc,0,0.3397622335633697,1.1249372999882326,True,accepted_return_check_disabled,0.1,1,1.2882023349696809e-09,-0.023906005303756327,100,5.0,0.08317965460883248,0.030246378258714825,0.015597974590793817,0.0017906726032102397,0.023523235036604626,0.017527051865993744
T-L,AN,mc_learned_baseline,False,48,27,19224,6912,6912,0,0,5400,9612,38448,262144,0.9060937500000001,0.9273,0.9006651021627918,0.007769903936263867,0.0001346698451372832,public_state_tabular_independent_mc,0,0.3320866746216629,1.1611014000372961,True,accepted_return_check_disabled,0.1,1,1.6835655007541394e-10,-0.02616752699893718,100,5.0,0.08133724746468796,0.03135327523758295,0.0027048588819804653,0.0019131489075781363,0.028229522859575223,0.015483252690061927
T-L,AN,mc_learned_baseline,False,48,28,19936,7168,7168,0,0,5600,9968,39872,262144,0.9288281250000002,0.9429000000000001,0.9052545764876057,0.004589474324813825,6.131710142564314e-05,public_state_tabular_independent_mc,0,0.32709255173232654,1.1972174999536946,True,accepted_return_check_disabled,0.1,1,1.1144421346970753e-09,-0.011380108225423236,100,5.0,0.04754809713919721,0.01615190160042541,0.010788344074610157,0.0026716730484619452,0.012570892985244076,0.012662431929981078
T-L,AN,mc_learned_baseline,False,48,29,20648,7424,7424,0,0,5800,10324,41296,262144,0.8847656250000001,0.8985,0.9115485429317773,0.006293966444171684,0.00010693688471234588,public_state_tabular_independent_mc,0,0.3204611904100912,1.2358891000039876,True,accepted_return_check_disabled,0.1,1,1.004036320329473e-09,-0.022280531386758617,100,5.0,0.06897422688802085,0.026531454335412687,0.004783136439099334,0.0012696936767762393,0.022429297112277757,0.012927031955702342
T-L,AN,mc_learned_baseline,False,48,30,21360,7680,7680,0,0,6000,10680,42720,262144,0.8800781250000002,0.9183,0.9176493788590153,0.00610083592723798,0.00012003322637276371,public_state_tabular_independent_mc,0,0.31397973669080015,1.2790940999984741,True,accepted_return_check_disabled,0.1,1,1.1549452047981554e-09,-0.024711544059987267,100,5.0,0.06839647550835093,0.026093849635114515,0.014681235917123114,0.0031962722043901858,0.025345053690072616,0.00936643179178212
T-L,AN,mc_learned_baseline,False,48,31,22072,7936,7936,0,0,6200,11036,44144,262144,0.9213281250000003,0.954,0.9198115687815799,0.0021621899225645613,2.2991315761458783e-05,public_state_tabular_independent_mc,0,0.3110010304569356,1.3185508999740705,True,accepted_return_check_disabled,0.1,1,1.997599866396825e-10,-0.004580946801687266,100,5.0,0.021865334772206722,0.005370605939328788,0.03854144551907168,0.003953939741062055,0.004702074032877777,0.00696194426422243
T-L,AN,mc_learned_baseline,False,48,32,22784,8192,8192,0,0,6400,11392,45568,262144,0.9494531250000002,0.9249,0.9221592130858441,0.0023476443042642625,3.10396280689359e-05,public_state_tabular_independent_mc,0,0.30778338178992487,1.3630211000563577,True,accepted_return_check_disabled,0.1,1,4.542947622838541e-10,-0.005886121670249279,100,5.0,0.02329379562777973,0.005279107139331024,0.021207460375684106,0.004095847675410969,0.006341001376340492,0.006467775343774943
T-L,AN,mc_learned_baseline,False,48,33,23496,8448,8448,0,0,6600,11748,46992,262144,0.9379687500000002,0.9273,0.9253401196365383,0.0031809065506941403,3.752282816081725e-05,public_state_tabular_independent_mc,0,0.3038450116173197,1.4088080000365153,True,accepted_return_check_disabled,0.1,1,3.8270656446410185e-10,-0.0075378363385806835,100,5.0,0.03436433957455628,0.01069682931008321,0.008551595880460172,0.00040614950624762316,0.00775252175545527,0.009718174060799764
T-L,AN,mc_learned_baseline,False,48,34,24208,8704,8704,0,0,6800,12104,48416,262144,0.9030468750000002,0.9420000000000001,0.9294572450182804,0.004117125381742137,7.554381799032075e-05,public_state_tabular_independent_mc,0,0.2988936981872661,1.4516577000031248,True,accepted_return_check_disabled,0.1,1,6.811403193627502e-10,-0.015361421628524998,100,5.0,0.045563963056915915,0.015704929724348636,0.022231568422091064,0.0020526541912740475,0.015940267378312414,0.00732878921187154
T-L,AN,mc_learned_baseline,False,48,35,24920,8960,8960,0,0,7000,12460,49840,262144,0.9353906250000001,0.8952,0.9314149885972647,0.001957743578984261,2.4088728421398764e-05,public_state_tabular_independent_mc,0,0.2960654803184248,1.4930033000418916,True,accepted_return_check_disabled,0.1,1,1.3035104877073306e-10,-0.004929424316522119,100,5.0,0.021146765333127183,0.005461671409725411,0.03462891528920964,0.0026524598035446304,0.004953054415951224,0.005703534842445817
T-L,AN,mc_learned_baseline,False,48,36,25632,9216,9216,0,0,7200,12816,51264,262144,0.9421875000000002,0.9303,0.9323418030329463,0.0009268144356816554,1.0365987697006827e-05,public_state_tabular_independent_mc,0,0.29427615780971117,1.5402994999894872,True,accepted_return_check_disabled,0.1,1,7.776107290564817e-12,-0.002083106766189102,100,5.0,0.010526567888853037,0.00010390212516985393,0.06352391048621708,0.00523530076394382,0.0020823834611735518,0.00280057453742168
T-L,AN,mc_learned_baseline,False,48,37,26344,9472,9472,0,0,7400,13172,52688,262144,0.9168750000000002,0.9098999999999999,0.9356377263524701,0.0032959233195237747,4.986199462515142e-05,public_state_tabular_independent_mc,0,0.289796369348548,1.5854096000548452,True,accepted_return_check_disabled,0.1,1,1.871355392018632e-10,-0.010335495948155297,100,5.0,0.03501821118410964,0.010754716245642683,0.021858854244907078,0.00015368335688010479,0.010268683183271652,0.007891157474265026
T-L,AN,mc_learned_baseline,False,48,38,27056,9728,9728,0,0,7600,13528,54112,262144,0.9239062500000002,0.9216,0.9386451478448291,0.003007421492358997,8.678665932210541e-05,public_state_tabular_independent_mc,0,0.2855984687356437,1.6271984999766573,True,accepted_return_check_disabled,0.1,1,1.5272737908551635e-09,-0.018386412151353358,100,5.0,0.0318088557998069,0.010799220503320692,0.0271978101675433,0.008663755369671136,0.018995729307568904,-0.0013197120352769105
T-L,AN,mc_learned_baseline,False,48,39,27768,9984,9984,0,0,7800,13884,55536,262144,0.9257812500000002,0.9246000000000001,0.939803839327618,0.0011586914827889094,1.6076262062766805e-05,public_state_tabular_independent_mc,0,0.28332213780298254,1.6747966000111774,True,accepted_return_check_disabled,0.1,1,3.4493074760183626e-10,-0.0031644102260074483,100,5.0,0.010998348999023442,0.0003910802362396301,0.10642516483090303,0.0038490986971575444,0.0031978192521755332,0.0028791534213771907
T-L,AN,mc_learned_baseline,False,48,40,28480,10240,10240,0,0,8000,14240,56960,262144,0.9656250000000002,0.9098999999999999,0.9408112044902702,0.0010073651626522073,1.1998588822947699e-05,public_state_tabular_independent_mc,0,0.28133794541598106,1.7194067999953404,True,accepted_return_check_disabled,0.1,1,3.7807227439547187e-10,-0.0024616081890667008,100,5.0,0.009507062517317932,0.00015360880488824428,0.023297423485518554,0.003842814065052087,0.002434480041970564,0.0028994320815148382
T-L,AN,mc_learned_baseline,False,48,41,29192,10496,10496,0,0,8200,14596,58384,262144,0.9330468750000003,0.9123,0.9429907838759161,0.0021795793856458356,3.469227804876826e-05,public_state_tabular_independent_mc,0,0.2779572014105705,1.7586482999613509,True,accepted_return_check_disabled,0.1,1,7.08870168365411e-10,-0.007627662121236621,100,5.0,0.02390577945657651,0.005293503531884913,0.03563474003071798,0.001943659327611005,0.007199996843675964,0.004809132397121706
T-L,AN,mc_learned_baseline,False,48,42,29904,10752,10752,0,0,8400,14952,59808,262144,0.9189843750000002,0.963,0.9452940198097586,0.002303235933842518,4.774590901593179e-05,public_state_tabular_independent_mc,0,0.27430774106251493,1.8113977999892086,True,accepted_return_check_disabled,0.1,1,1.0140484750495307e-09,-0.009306013305729771,100,5.0,0.023087866210937513,0.005819506692174247,0.03421525764108979,0.0036434829946200946,0.010176978850709794,0.0027561953041737117
T-L,AN,mc_learned_baseline,False,48,43,30616,11008,11008,0,0,8600,15308,61232,262144,0.9517968750000002,0.9068999999999999,0.9474311662540158,0.0021371464442572208,4.05167515069925e-05,public_state_tabular_independent_mc,0,0.2710885849771627,1.8609407000476494,True,accepted_return_check_disabled,0.1,1,1.5555811863786564e-11,-0.008185785506196504,100,5.0,0.023395829846033795,0.00545571032248573,0.011938930203023279,0.0025906343950518095,0.008562309547849112,0.003458478276930384
T-L,AN,mc_learned_baseline,False,48,44,31328,11264,11264,0,0,8800,15664,62656,262144,0.9656250000000002,0.9543,0.9483614776307913,0.0009303113767754612,1.0219912934328606e-05,public_state_tabular_independent_mc,0,0.26921502137710474,1.906793100060895,True,accepted_return_check_disabled,0.1,1,1.5108938917988009e-10,-0.0020802546218082487,100,5.0,0.009267268917884357,6.399571827586916e-05,0.028891630723957507,0.002778468336238608,0.0020661288105101286,0.002854663292473821
T-L,AN,mc_learned_baseline,False,48,45,32040,11520,11520,0,0,9000,16020,64080,262144,0.9192187500000002,0.9423000000000001,0.951371948782026,0.0030104711512347615,0.00015514910289149216,public_state_tabular_independent_mc,0,0.26455912391513126,1.9481370999710634,True,accepted_return_check_disabled,0.1,1,3.577924424363543e-10,-0.03412567777519682,100,5.0,0.03299598388671876,0.010835893444186668,0.02500174698050417,0.02369375258265662,0.03745364332335249,-0.018050532361574508
T-L,AN,mc_learned_baseline,False,48,46,32752,11776,11776,0,0,9200,16376,65504,262144,0.9517968750000002,0.948,0.9534088370736494,0.0020368882916234066,4.511234284584933e-05,public_state_tabular_independent_mc,0,0.26140673371003537,1.9894799999892712,True,accepted_return_check_disabled,0.1,1,3.0176581833962546e-10,-0.009404438411575114,100,5.0,0.023195806353515157,0.005379960407714813,0.019477447023631633,0.0031149248680265532,0.009708404303294378,0.0019424306630885652
T-L,AN,mc_learned_baseline,False,48,47,33464,12032,12032,0,0,9400,16732,66928,262144,0.9400781250000001,0.987,0.955460477325756,0.002051640252106579,7.641738933526101e-05,public_state_tabular_independent_mc,0,0.2578172112094812,2.0307264999719337,True,accepted_return_check_disabled,0.1,1,1.4475081246327975e-09,-0.01713736556277986,100,5.0,0.02135092773437501,0.005483903052499026,0.025932368501670133,0.010014528860058863,0.017676688573376075,-0.005359534407052221
T-L,AN,mc_learned_baseline,False,48,48,34176,12288,12288,0,0,9600,17088,68352,262144,0.9820312500000001,0.972,0.9564472239138984,0.000986746588142351,1.1271673408522307e-05,public_state_tabular_independent_mc,0,0.2557977853202176,2.0714632000308484,True,accepted_return_check_disabled,0.1,1,2.691376755259204e-10,-0.0023073882005426394,100,5.0,0.00810791015625,2.2060368178328603e-05,-0.0038309039017752067,0.00143095583322262,0.0022845948591514076,0.002941154125940601
T-L,AN,mc_learned_baseline,False,48,49,34888,12544,12544,0,0,9800,17444,69776,262144,0.9330468750000002,0.93,0.958621068295853,0.0021738443819546704,5.054622402803078e-05,public_state_tabular_independent_mc,0,0.25205782343692984,2.113501299987547,True,accepted_return_check_disabled,0.1,1,1.0375813178380271e-09,-0.011877923885757383,100,5.0,0.02421633895916292,0.005906749566803774,0.022932827969930347,0.002855694372248133,0.01068003405470511,0.0015237028611900932
T-L,AN,mc_learned_baseline,False,48,50,35600,12800,12800,0,0,10000,17800,71200,262144,0.9705468750000001,0.9630000000000001,0.9602431116320942,0.0016220433362411635,7.54142821312428e-05,public_state_tabular_independent_mc,0,0.24905248817903222,2.1500325000379235,True,accepted_return_check_disabled,0.1,1,1.201192308207361e-09,-0.024458563326794917,100,5.0,0.0194777587890625,0.00532885557447166,-0.004459345671328663,0.012958606340972756,0.019156991509192624,-0.008892534431792075
T-L,AN,mc_learned_baseline,False,48,51,36312,13056,13056,0,0,10200,18156,72624,262144,0.9867187500000002,0.9570000000000001,0.9611585403094256,0.0009154286773314091,9.542256515056164e-06,public_state_tabular_independent_mc,0,0.24715727718627145,2.1896591000258923,True,accepted_return_check_disabled,0.1,1,1.7309004793613578e-10,-0.0019464317347641891,100,5.0,0.008781730941898557,0.00035476087100398907,-0.06443898776022539,0.0009480142121725671,0.0019313793742345216,0.0029154846915300844
T-L,AN,mc_learned_baseline,False,48,52,37024,13312,13312,0,0,10400,18512,74048,262144,0.9421875000000002,0.987,0.9624706987679663,0.0013121584585407131,1.9782603303068904e-05,public_state_tabular_independent_mc,0,0.24442271145513797,2.2318297000601888,True,accepted_return_check_disabled,0.1,1,5.16642632375339e-10,-0.0038995005833791863,100,5.0,0.010404052734375,0.0005051203864041625,0.07267077359210616,0.0009134751338574028,0.003935615456773081,0.0029529382309587977
T-L,AN,mc_learned_baseline,False,48,53,37736,13568,13568,0,0,10600,18868,75472,262144,0.9703125000000001,0.9689999999999999,0.963506142684351,0.0010354439163846596,1.2254806121947702e-05,public_state_tabular_independent_mc,0,0.24225616976906617,2.269990000058897,True,accepted_return_check_disabled,0.1,1,1.2696357010204514e-10,-0.0024345469006955803,100,5.0,0.008822021484375005,0.0001221706747835568,0.02204436003527077,0.0008744180957701845,0.002444912600339742,0.002998080185099807
T-L,AN,mc_learned_baseline,False,48,54,38448,13824,13824,0,0,10800,19224,76896,262144,0.9658593750000002,0.99,0.9656627791419335,0.0021566364575825725,9.078815344925786e-05,public_state_tabular_independent_mc,0,0.2385397675783556,2.3092926000244915,True,accepted_return_check_disabled,0.1,1,3.4980722607360656e-10,-0.019692802212040415,100,5.0,0.02242429199218751,0.005402425666209358,0.006268106024606257,0.012307280111734034,0.021814050797425048,-0.008431360016872374
T-L,AN,mc_learned_baseline,False,48,55,39160,14080,14080,0,0,11000,19580,78320,262144,0.9820312500000002,0.9810000000000001,0.9666430144981192,0.0009802353561856325,1.1160838801094744e-05,public_state_tabular_independent_mc,0,0.23646272353528455,2.3505416000261903,True,accepted_return_check_disabled,0.1,1,8.86892535617057e-12,-0.0022521264807344988,100,5.0,0.00791015625,3.457719095742088e-05,0.008581224739977467,0.0005593054648194175,0.002244946638763768,0.002930623804935123
T-L,AN,mc_learned_baseline,False,48,56,39872,14336,14336,0,0,11200,19936,79744,262144,0.9632812500000003,0.9630000000000001,0.9677994524010427,0.0011564379029235239,1.5499689568326876e-05,public_state_tabular_independent_mc,0,0.23400265514343027,2.3981117999646813,True,accepted_return_check_disabled,0.1,1,4.14626840939661e-10,-0.003179468277178502,100,5.0,0.009382324218750003,0.00022985648895631737,0.028146143437077442,0.0005058519261992473,0.0031469394259731943,0.0029886617572729914
T-L,AN,mc_learned_baseline,False,48,57,40584,14592,14592,0,0,11400,20292,81168,262144,0.9609375000000002,0.9660000000000001,0.9689773635501946,0.001177911149151889,1.6043847686602917e-05,public_state_tabular_independent_mc,0,0.2314859830488902,2.4454734000610188,True,accepted_return_check_disabled,0.1,1,1.4675136762985872e-10,-0.003265180956017782,100,5.0,0.009569091796875004,5.680179424937574e-05,0.030034342803621383,0.0005050515906430443,0.00324395787020904,0.0029935700899825076
T-L,AN,mc_learned_baseline,False,48,58,41296,14848,14848,0,0,11600,20648,82592,262144,0.9750000000000002,0.9660000000000001,0.9701068331586792,0.00112946960848459,1.4722842051439173e-05,public_state_tabular_independent_mc,0,0.22906228258284314,2.4858604000182822,True,accepted_return_check_disabled,0.1,1,4.232336703770597e-10,-0.003022468281439891,100,5.0,0.008440246582031253,5.441516537567401e-06,0.018022017045454142,0.0004965279648518446,0.002990420467869407,0.0030048308047703346
T-L,AN,mc_learned_baseline,False,48,59,42008,15104,15104,0,0,11800,21004,84016,262144,0.9843750000000002,0.972,0.9711769642921027,0.0010701311334234687,1.3197490663589819e-05,public_state_tabular_independent_mc,0,0.22675625098133315,2.531123699969612,True,accepted_return_check_disabled,0.1,1,1.2359525369132504e-11,-0.002634580589243221,100,5.0,0.008228759765624994,0.00019997415356982036,-0.02685039370078668,0.0005046369058562962,0.0026463090355158727,0.00299797474987404
T-L,AN,mc_learned_baseline,False,48,60,42720,15360,15360,0,0,12000,21360,85440,262144,0.9632812500000002,0.9840000000000001,0.9723716145435686,0.001194650251465923,1.643700426044812e-05,public_state_tabular_independent_mc,0,0.224170597721207,2.5718053999589756,True,accepted_return_check_disabled,0.1,1,4.044935539355582e-11,-0.003289636523177325,100,5.0,0.009316406250000003,5.876697657978364e-06,0.03158481254477441,0.0004958419084707196,0.0032938651559641426,0.00300671793667718
T-L,AN,mc_learned_baseline,False,48,61,43432,15616,15616,0,0,12200,21716,86864,262144,0.9632812500000003,0.963,0.9736560736153896,0.0012844590718210647,1.8996002977377953e-05,public_state_tabular_independent_mc,0,0.22137703602539335,2.618471199995838,True,accepted_return_check_disabled,0.1,1,7.071269080800836e-11,-0.003782571081547264,100,5.0,0.009470214843750005,5.816083336575374e-05,0.02356125129348019,0.0005317766841632714,0.003805700547873787,0.0029693013103924775
T-L,AN,mc_learned_baseline,False,48,62,44144,15872,15872,0,0,12400,22072,88288,262144,0.9703125000000001,0.9690000000000001,0.9748829288518344,0.0012268552364447238,1.7329358522664498e-05,public_state_tabular_independent_mc,0,0.21869541845446133,2.661567599978298,True,accepted_return_check_disabled,0.1,1,4.700477803668275e-10,-0.0034146588360406713,100,5.0,0.009242248535156256,0.00033246575613507415,-0.00130570440208988,0.0004962492522505915,0.0034483534592965486,0.0030015595373904694
T-L,AN,mc_learned_baseline,False,48,63,44856,16128,16128,0,0,12600,22428,89712,262144,0.9750000000000003,0.9756,0.9759874161220935,0.0011044872702591357,1.4048748702011948e-05,public_state_tabular_independent_mc,0,0.21626991296045112,2.69826400000602,True,accepted_return_check_disabled,0.1,1,3.4718974476576056e-10,-0.0028805440161128563,100,5.0,0.008506164550781254,5.719664157069422e-05,0.014186789772726915,0.00048018110650856357,0.0028520361158531366,0.003012883502480513
T-L,AN,mc_learned_baseline,False,48,64,45568,16384,16384,0,0,12800,22784,91136,262144,0.9820312500000001,0.972,0.9770318352258811,0.0010444191037876083,1.257216340599203e-05,public_state_tabular_independent_mc,0,0.21396624703157605,2.733241399982944,True,accepted_return_check_disabled,0.1,1,4.531191584856955e-11,-0.0025419225291639707,100,5.0,0.007896423339843753,4.6688487461792906e-05,0.00944317811787676,0.0004949658895710694,0.002536103323035244,0.0029924724982641274
T-L,AN,mc_learned_baseline,False,48,65,46280,16640,16640,0,0,13000,23140,92560,262144,0.9890625000000002,0.9690000000000001,0.9780392507301803,0.0010074155042991695,1.1710892343316043e-05,public_state_tabular_independent_mc,0,0.21173476678109865,2.7694419999606907,True,accepted_return_check_disabled,0.1,1,1.308289532629543e-10,-0.002316240167134407,100,5.0,0.007294921875000001,2.0804119554689858e-05,0.003338062254861218,0.0005135955717374342,0.002337358368179839,0.0029673413386614163
T-L,AN,mc_learned_baseline,False,48,66,46992,16896,16896,0,0,13200,23496,93984,262144,0.9750000000000002,0.9960000000000001,0.9792340522973978,0.0011948015672175183,1.6509297401029958e-05,public_state_tabular_independent_mc,0,0.20907599845251462,2.8202660999959335,True,accepted_return_check_disabled,0.1,1,4.410365793955118e-10,-0.0032523601500630437,100,5.0,0.008440246582031255,5.094792277725199e-06,0.018022017045454697,0.0004742264748472287,0.003286036573380399,0.0029993513833558344
T-L,AN,mc_learned_baseline,False,48,67,47704,17152,17152,0,0,13400,23852,95408,262144,0.9679687500000002,0.9810000000000001,0.9804767961386713,0.0012427438412735414,1.790704559418854e-05,public_state_tabular_independent_mc,0,0.20629621351601182,2.869381600059569,True,accepted_return_check_disabled,0.1,1,2.828945523959516e-11,-0.003615754242987221,100,5.0,0.009008789062500007,3.6128575697936753e-06,0.02415755504305528,0.0004926574302033501,0.0036118851122295794,0.0029708076939388376
T-L,AN,mc_learned_baseline,False,48,68,48416,17408,17408,0,0,13600,24208,96832,262144,0.9960937500000002,0.993,0.9814475469712077,0.0009707508325363934,1.0948599977875337e-05,public_state_tabular_independent_mc,0,0.20411446731322544,2.911320499959402,True,accepted_return_check_disabled,0.1,1,2.1924702211464043e-10,-0.002157439601768183,100,5.0,0.007522888183593745,0.0003882376915242302,-0.06646741004713186,0.0005242388868779772,0.0021803483497605065,0.0029271133832264344
T-L,AN,mc_learned_baseline,False,48,69,49128,17664,17664,0,0,13800,24564,98256,262144,0.9564843750000003,0.9870000000000002,0.9830629859280826,0.0016154389568748817,5.554227730564411e-05,public_state_tabular_independent_mc,0,0.2006477159952058,2.9506607999792323,True,accepted_return_check_disabled,0.1,1,4.977453824661953e-10,-0.03970671804665547,100,5.0,0.021320166015625017,0.005745622796390299,-0.002667045542264379,0.007516687025722879,0.013586840467134762,-0.004075927453045835
T-L,AN,mc_learned_baseline,False,48,70,49840,17920,17920,0,0,14000,24920,99680,262144,0.9820312500000001,0.987,0.9842355188474363,0.0011725329193537082,1.6050875121258215e-05,public_state_tabular_independent_mc,0,0.1979860293700719,2.9906693999655545,True,accepted_return_check_disabled,0.1,1,2.138464140664937e-10,-0.0031760065057558798,100,5.0,0.007885437011718751,4.7672244930124926e-06,0.010132740820196662,0.00034212197965156584,0.0032054915727628584,0.0029764776850596357
T-L,AN,mc_learned_baseline,False,48,71,50552,18176,18176,0,0,14200,25276,101104,262144,0.9796875000000003,1.0110000000000001,0.985410574556393,0.001175055708956707,1.6181828626696338e-05,public_state_tabular_independent_mc,0,0.19530467956234024,3.038175499998033,True,accepted_return_check_disabled,0.1,1,4.436539182066896e-11,-0.0032268221755013477,100,5.0,0.008184089567223378,0.0001753910680546869,0.010650806258767465,0.00033845186833411975,0.003245097026329097,0.0029638710310888046
T-L,AN,mc_learned_baseline,False,48,72,51264,18432,18432,0,0,14400,25632,102528,262144,0.9937500000000001,0.9990000000000002,0.9864339545571943,0.0010233800008012661,1.2331342174380999e-05,public_state_tabular_independent_mc,0,0.19295760258849856,3.081910499953665,True,accepted_return_check_disabled,0.1,1,2.2571146980052917e-10,-0.0025229082944414893,100,5.0,0.006880187988281253,2.3514972821116673e-06,-0.000377844950213424,0.0003483421273793954,0.0025008302003298993,0.00293612283957241
T-L,AN,mc_learned_baseline,False,48,73,51976,18688,18688,0,0,14600,25988,103952,262144,0.9820312500000002,0.9810000000000001,0.9875832748345558,0.0011493202773614764,1.5635287857803747e-05,public_state_tabular_independent_mc,0,0.19030842376341436,3.128809400019236,True,accepted_return_check_disabled,0.1,1,4.24216277554379e-11,-0.003118016667732076,100,5.0,0.007929382324218755,1.0517878726696502e-05,0.007374490010918389,0.0003287681977130071,0.003135740170660286,0.0029390417850462605
T-L,AN,mc_learned_baseline,False,48,74,52688,18944,18944,0,0,14800,26344,105376,262144,0.9843750000000002,0.987,0.9887052542663411,0.0011219794317853804,1.4894050024387571e-05,public_state_tabular_independent_mc,0,0.18771187839318884,3.1707562999799848,True,accepted_return_check_disabled,0.1,1,2.2786954281640883e-10,-0.0029448510394310626,100,5.0,0.007967975289481028,0.00028765959670098794,-0.01592190663667048,0.00030398366702004805,0.0029733144583824435,0.0029438074400425186
T-L,AN,mc_learned_baseline,False,48,75,53400,19200,19200,0,0,15000,26700,106800,262144,0.9937500000000001,0.9930000000000001,0.9898023231079947,0.0010970688416535035,1.4412170520779058e-05,public_state_tabular_independent_mc,0,0.1851561350601714,3.2093468999955803,True,accepted_return_check_disabled,0.1,1,3.0810056018118276e-10,-0.0028433256688808646,100,5.0,0.007130126953125001,0.00018801748493809647,-0.01858108108108114,0.0003164042528328863,0.002872952892985068,0.0029090876976997563
T-L,AN,mc_learned_baseline,False,48,76,54112,19456,19456,0,0,15200,27056,108224,262144,0.9937500000000002,1.014,0.9908398080652866,0.0010374849572919453,1.2967142634338974e-05,public_state_tabular_independent_mc,0,0.18272670338180733,3.2482504000654444,True,accepted_return_check_disabled,0.1,1,1.5920916923392096e-10,-0.0025776732054009575,100,5.0,0.006954345703125,6.271650825859679e-05,-0.005778805120910002,0.00032061812750631654,0.002590174250195323,0.0028832024842529893
T-L,AN,mc_learned_baseline,False,48,77,54824,19712,19712,0,0,15400,27412,109648,262144,1.0054687500000001,0.9870000000000002,0.9917382325866834,0.0008984245213967679,9.712302978193593e-06,public_state_tabular_independent_mc,0,0.18061613732436296,3.2900755000300705,True,accepted_return_check_disabled,0.1,1,2.6053981711155446e-11,-0.0019340303634232659,100,5.0,0.006367982005732802,0.000300084962064181,-0.05048451632926754,0.0003825647280262472,0.0019459857998703441,0.0027995914478011457
T-L,AN,mc_learned_baseline,False,48,78,55536,19968,19968,0,0,15600,27768,111072,262144,0.9960937500000002,1.011,0.9927939591942785,0.00105572660759512,1.359644450359816e-05,public_state_tabular_independent_mc,0,0.17812016100773245,3.3333217999897897,True,accepted_return_check_disabled,0.1,1,3.2306612060979293e-10,-0.0026809566464809868,100,5.0,0.006635742187500002,1.921411659296778e-05,0.00036785837452490977,0.0003062446234791626,0.002709204011865613,0.0028549353969004525
T-L,AN,mc_learned_baseline,False,48,79,56248,20224,20224,0,0,15800,28124,112496,262144,0.9960937500000002,0.9990000000000002,0.9937919408422511,0.0009979816479726011,1.223755687939933e-05,public_state_tabular_independent_mc,0,0.1757483688971875,3.375191800063476,True,accepted_return_check_disabled,0.1,1,1.2100247092620428e-10,-0.0024364666135550305,100,5.0,0.006632995605468752,5.124397867844958e-06,0.0005747787101967328,0.000314889761987778,0.002446393262102156,0.002822078830719906
T-L,AN,mc_learned_baseline,False,48,80,56960,20480,20480,0,0,16000,28480,113920,262144,0.9937500000000001,1.002,0.994873086703796,0.001081145861544952,1.4478062786885262e-05,public_state_tabular_independent_mc,0,0.17316518645812548,3.4225696000503376,True,accepted_return_check_disabled,0.1,1,9.396609581216244e-11,-0.0029413359304238246,100,5.0,0.006990051269531254,0.00012210289394114503,-0.008379267425320469,0.0002979957139654092,0.002929423902200205,0.0028150342263929145
T-L,AN,mc_learned_baseline,False,48,81,57672,20736,20736,0,0,16200,28836,115344,262144,0.9914062500000003,0.9780000000000001,0.995975615094534,0.001102528390737989,1.5188856965278068e-05,public_state_tabular_independent_mc,0,0.17051587138874158,3.463274599984288,True,accepted_return_check_disabled,0.1,1,4.02920807665097e-10,-0.0031220086067564375,100,5.0,0.007116394042968752,1.4818058921723216e-05,-0.0004949323233842673,0.00030050534424091123,0.003090140770203736,0.002785408004492357
T-L,AN,mc_learned_baseline,False,48,82,58384,20992,20992,0,0,16400,29192,116768,262144,1.0054687500000001,1.002,0.9968658111106103,0.0008901960160763167,9.914693653616232e-06,public_state_tabular_independent_mc,0,0.1683686633017727,3.503731800010428,True,accepted_return_check_disabled,0.1,1,2.843895388826676e-10,-0.002037019641926218,100,5.0,0.0063052169488400775,0.00036619028544907737,-0.046523525127895926,0.00033346412658653466,0.002015466664534883,0.002723529189597343
T-L,AN,mc_learned_baseline,False,48,83,59096,21248,21248,0,0,16600,29548,118192,262144,0.9726562500000002,0.9960000000000001,0.9982947947894637,0.0014289836788533572,2.602701908298977e-05,public_state_tabular_independent_mc,0,0.1648950355412592,3.5449575000675395,True,accepted_return_check_disabled,0.1,1,5.039687025011702e-13,-0.005259098908636324,100,5.0,0.00922851562500001,5.1385823100842906e-05,-0.013875639580262611,0.0006872721163412931,0.005251744125114185,0.0023442261049806644
T-L,AN,mc_learned_baseline,False,48,84,59808,21504,21504,0,0,16800,29904,119616,262144,1.01953125,0.987,0.998974671597748,0.0006798768082842965,5.936561390226717e-06,public_state_tabular_independent_mc,0,0.16323273931977558,3.583738900022581,True,accepted_return_check_disabled,0.1,1,1.9936241158998636e-10,-0.0012202834462133956,100,5.0,0.004240722656249997,1.0189822336581347e-05,0.006682404212820181,0.0005801691262635481,0.0012065028027452302,0.0024106258160656747
T-L,AN,mc_learned_baseline,False,48,85,60520,21760,21760,0,0,17000,30260,121040,262144,0.9890625000000003,0.9900000000000001,1.0001181531725707,0.0011434815748226912,1.6971703630072295e-05,public_state_tabular_independent_mc,0,0.16042266015365006,3.6259339000098407,True,accepted_return_check_disabled,0.1,1,2.586006977142531e-10,-0.003373088776517338,100,5.0,0.007327880859375005,3.4314341444097764e-06,0.0010848702328303261,0.00031768740389605406,0.003393310771419104,0.002653003135205667
T-L,AN,mc_learned_baseline,False,48,86,61232,22016,22016,0,0,17200,30616,122464,262144,0.9914062500000003,0.9963000000000001,1.0012780297150998,0.0011598765425291369,1.767343127813307e-05,public_state_tabular_independent_mc,0,0.15755360773477703,3.664279600023292,True,accepted_return_check_disabled,0.1,1,4.2070521855237054e-10,-0.003492809928192906,100,5.0,0.007141113281250005,4.4954445604230795e-06,-0.0022379548535651494,0.00033398175583586895,0.003527634359073668,0.0026017966581478847
T-L,AN,mc_learned_baseline,False,48,87,61944,22272,22272,0,0,17400,30972,123888,262144,1.0195312500000002,1.014,1.0019962468204422,0.0007182171053423669,6.835836567672058e-06,public_state_tabular_independent_mc,0,0.1557673898754975,3.7082004999974743,True,accepted_return_check_disabled,0.1,1,5.712096974340421e-11,-0.001361674344983807,100,5.0,0.004281921386718748,1.8620657247095113e-06,0.0017795532958058136,0.00047423164280592305,0.001366005687476902,0.002424719703077816
T-L,AN,mc_learned_baseline,False,48,88,62656,22528,22528,0,0,17600,31328,125312,262144,1.0148437500000003,1.0170000000000001,1.0027536063573346,0.0007573595368923769,7.666425348391002e-06,public_state_tabular_independent_mc,0,0.15387565093422828,3.751943100010976,True,accepted_return_check_disabled,0.1,1,1.0481775722222212e-10,-0.0015151563468950992,100,5.0,0.00468017578125,1.4762711420061525e-05,0.00907000097178623,0.00040961262736041975,0.0015300255286797243,0.0024658184772870673
T-L,AN,mc_learned_baseline,False,48,89,63368,22784,22784,0,0,17800,31684,126736,262144,0.9890625000000002,1.0170000000000001,1.0039488400196805,0.0011952336623459736,1.9227461394384346e-05,public_state_tabular_independent_mc,0,0.15087727106006632,3.8013585000298917,True,accepted_return_check_disabled,0.1,1,2.184487590751628e-10,-0.0039282658788420775,100,5.0,0.00785986060625242,0.0004882244903279971,-0.0737799562755066,0.00037927756276076433,0.0039048598019427345,0.00247076328060264
T-L,AN,mc_learned_baseline,False,48,90,64080,23040,23040,0,0,18000,32040,128160,262144,1.0031250000000003,0.996,1.0049348313075646,0.0009859912878840138,1.3335999878390076e-05,public_state_tabular_independent_mc,0,0.1483836369261316,3.8468368999892846,True,accepted_return_check_disabled,0.1,1,1.9495401781485135e-10,-0.0027291180336318725,100,5.0,0.00593536376953125,9.603344752644251e-06,0.00017996709173206948,0.0002606625844975829,0.002707279081692193,0.0025465140660098353
T-L,AN,mc_learned_baseline,False,48,91,64792,23296,23296,0,0,18200,32396,129584,262144,1.01015625,0.9933000000000001,1.0058132566441136,0.0008784253365490269,1.0711361700679281e-05,public_state_tabular_independent_mc,0,0.14614912291922993,3.890647500054911,True,accepted_return_check_disabled,0.1,1,1.6676535289891277e-10,-0.0021185896873958422,100,5.0,0.005185546875000002,2.515329212235256e-05,0.004687271129339976,0.0002701190594517087,0.0021393325200170323,0.0025018703464549804
T-L,AN,mc_learned_baseline,False,48,92,65504,23552,23552,0,0,18400,32752,131008,262144,1.0054687500000004,1.02,1.0067492071328545,0.0009359504887409553,1.2313062639218613e-05,public_state_tabular_independent_mc,0,0.1437546614184089,3.927426300011575,True,accepted_return_check_disabled,0.1,1,3.1131044681655744e-10,-0.0025308976587749303,100,5.0,0.005787048339843756,8.58536748236187e-05,-0.007367321241996683,0.00025167702834335296,0.002505499557823433,0.0024881260377441223
T-L,AN,mc_learned_baseline,False,48,93,66216,23808,23808,0,0,18600,33108,132432,262144,1.021875,1.026,1.0074606946020817,0.0007114874692271123,7.192256100887986e-06,public_state_tabular_independent_mc,0,0.14192481702733403,3.9681453000521287,True,accepted_return_check_disabled,0.1,1,2.336039519651925e-14,-0.0014420787378526482,100,5.0,0.004617004394531247,0.0003210464817998355,-0.07031733746129998,0.00038128010365158813,0.0014462955249923237,0.002323325996274697
T-L,AN,mc_learned_baseline,False,48,94,66928,24064,24064,0,0,18800,33464,133856,262144,1.0195312500000002,1.005,1.008164758377724,0.0007040637756423607,7.1158056969692285e-06,public_state_tabular_independent_mc,0,0.14010571248725884,4.0074083000654355,True,accepted_return_check_disabled,0.1,1,2.129050084294058e-12,-0.0014305498470026379,100,5.0,0.004281921386718748,2.7739684975374496e-05,0.0017795532958055915,0.00037709385652292106,0.0014327109241188737,0.0023001419932316574
T-L,AN,mc_learned_baseline,False,48,95,67640,24320,24320,0,0,19000,33820,135280,262144,1.0125000000000002,1.0053,1.0090098402114267,0.0008450818337026877,1.0378108411307854e-05,public_state_tabular_independent_mc,0,0.13791106131514935,4.0487973999697715,True,accepted_return_check_disabled,0.1,1,2.5866463969293586e-12,-0.002080608180480129,100,5.0,0.004932861328125002,2.026167393150416e-06,0.006766732283464361,0.0002546054922126001,0.002087747113168579,0.002395021143340614
T-L,AN,mc_learned_baseline,False,48,96,68352,24576,24576,0,0,19200,34176,136704,262144,1.0125000000000002,1.02,1.0098485390561385,0.0008386988447117716,1.0357048529974507e-05,public_state_tabular_independent_mc,0,0.13572064582329696,4.089544499991462,True,accepted_return_check_disabled,0.1,1,1.5010269729064796e-11,-0.0020920633162021,100,5.0,0.004946594238281255,4.997675294182649e-05,0.00538262795275557,0.00024937989044001945,0.0020908546219651977,0.0023664186084571513
T-L,AN,mc_learned_baseline,False,48,97,69064,24832,24832,0,0,19400,34532,138128,262144,1.0125000000000002,0.987,1.0106934325712467,0.0008448935151081916,1.0655388108922027e-05,public_state_tabular_independent_mc,0,0.13350132744722015,4.135348799987696,True,accepted_return_check_disabled,0.1,1,2.1818303522646183e-10,-0.002184882360391819,100,5.0,0.005020751953124996,7.45323454260564e-05,-0.0020915354330699465,0.0002408477184731527,0.002165913964468924,0.0023406348959070494
T-L,AN,mc_learned_baseline,False,48,98,69776,25088,25088,0,0,19600,34888,139552,262144,1.0031250000000003,1.0200000000000002,1.0117029754392899,0.0010095428680432228,1.546396891166404e-05,public_state_tabular_independent_mc,0,0.13083233931342816,4.175431399955414,True,accepted_return_check_disabled,0.1,1,2.578408381600645e-11,-0.003130510761184901,100,5.0,0.0059765625000000044,2.370687025067833e-06,-0.0032908268202385127,0.0002958967786252707,0.0031279749359151596,0.0022502678312553578
T-L,AN,mc_learned_baseline,False,48,99,70488,25344,25344,0,0,19800,35244,140976,262144,1.0125000000000002,1.0170000000000001,1.0125323376549011,0.0008293622156112512,1.059809921871215e-05,public_state_tabular_independent_mc,0,0.12862534447747556,4.226343999966048,True,accepted_return_check_disabled,0.1,1,2.755610121217681e-10,-0.002179336961201634,100,5.0,0.004921875000000003,1.506227984974399e-06,0.007874015748031704,0.0002322369385418318,0.0021572119747095978,0.0022707417070604707
T-L,AN,mc_learned_baseline,False,48,100,71200,25600,25600,0,0,20000,35600,142400,262144,1.021875,0.9960000000000001,1.013198420632586,0.0006660829776847788,6.924472619720755e-06,public_state_tabular_independent_mc,0,0.1268432344052608,4.276662699994631,True,accepted_return_check_disabled,0.1,1,1.8733842958090812e-10,-0.0014226690311680784,100,5.0,0.0038479614257812492,2.656363766528479e-06,0.027205882352941302,0.00032375133341340013,0.0014078643746472696,0.002142946375469602
T-L,AN,mc_learned_baseline,False,48,101,71912,25856,25856,0,0,20200,35956,143824,262144,1.0171875000000004,1.0170000000000001,1.01396887813732,0.0007704575047340345,9.395136685634474e-06,public_state_tabular_independent_mc,0,0.12477094147514899,4.319611500017345,True,accepted_return_check_disabled,0.1,1,4.4936151128840214e-11,-0.0019063621229450144,100,5.0,0.004518127441406249,8.638114055060617e-05,0.0014719978091197738,0.00023720231207138736,0.0019007402705381326,0.002199832947949565
T-L,AN,mc_learned_baseline,False,48,102,72624,26112,26112,0,0,20400,36312,145248,262144,1.0242187500000002,1.0230000000000001,1.0145902077291005,0.0006213295917805173,6.188799827278548e-06,public_state_tabular_independent_mc,0,0.12309103644457492,4.361150400014594,True,accepted_return_check_disabled,0.1,1,6.060593837550932e-11,-0.0012589880944123047,100,5.0,0.0035458374023437512,1.361678608797785e-05,0.038338790566585845,0.0003501405172199741,0.001252849492750108,0.0020520016954467084
T-L,AN,mc_learned_baseline,False,48,103,73336,26368,26368,0,0,20600,36668,146672,262144,1.0125000000000002,1.0110000000000001,1.0154610539573392,0.0008708462282387419,1.2355528375586646e-05,public_state_tabular_independent_mc,0,0.12072308963963105,4.402584300027229,True,accepted_return_check_disabled,0.1,1,3.047135078823092e-10,-0.0024434367134484624,100,5.0,0.004946594238281249,4.9481956457602554e-05,0.005382627952756236,0.00023117082420017778,0.002466912161390999,0.0021423770198944416
T-L,AN,mc_learned_baseline,False,48,104,74048,26624,26624,0,0,20800,37024,148096,262144,1.0171875000000004,1.0170000000000001,1.01622690219202,0.0007658482346808437,9.714415986974292e-06,public_state_tabular_independent_mc,0,0.11862738858205545,4.450000999961048,True,accepted_return_check_disabled,0.1,1,2.210790400572978e-10,-0.001995639289040046,100,5.0,0.004394531250000001,7.757539613040466e-06,0.015336163220593724,0.00021976763344272725,0.001976404983799746,0.00211301884888458
T-L,AN,mc_learned_baseline,False,48,105,74760,26880,26880,0,0,21000,37380,149520,262144,1.0171875000000004,1.0140000000000002,1.0169960932789808,0.0007691910869607188,9.962674703024408e-06,public_state_tabular_independent_mc,0,0.11650971991470725,4.487607900053263,True,accepted_return_check_disabled,0.1,1,7.285507302494062e-11,-0.002031599140874765,100,5.0,0.004386291503906252,4.914195043418634e-06,0.01626044091469281,0.00021516767598878415,0.002018943178058513,0.0020811123293860657
T-L,AN,mc_learned_baseline,False,48,106,75472,27136,27136,0,0,21200,37736,150944,262144,1.0080468750000002,1.0230000000000001,1.0181940555599789,0.0011979622809981105,4.122825293682885e-05,public_state_tabular_independent_mc,0,0.1134882764239145,4.540186900063418,True,accepted_return_check_disabled,0.1,1,5.589191087303729e-11,-0.0415936895668881,100,5.0,0.018863623046875007,0.005404957668009841,0.003932584954935092,0.0051304004692443944,0.009910434614964336,-0.0028714077293558425
T-L,AN,mc_learned_baseline,False,48,107,76184,27392,27392,0,0,21400,38092,152368,262144,1.0171875000000001,1.0050000000000001,1.0189739491397973,0.000779893579818447,1.0809669216459333e-05,public_state_tabular_independent_mc,0,0.11130255572151512,4.587372299982235,True,accepted_return_check_disabled,0.1,1,2.2502626504890225e-10,-0.002143673227731598,100,5.0,0.004452209472656256,5.342431302478644e-05,0.008866219361906125,0.00013812434586662464,0.0021599981167887165,0.0019704723593749057
T-L,AN,mc_learned_baseline,False,48,108,76896,27648,27648,0,0,21600,38448,153792,262144,1.0125000000000002,1.0320000000000003,1.0198352359832605,0.0008612868434632048,1.3445838193140849e-05,public_state_tabular_independent_mc,0,0.10887205274319277,4.635291100014001,True,accepted_return_check_disabled,0.1,1,3.199666920495969e-10,-0.0027682734430644206,100,5.0,0.0049800071038460705,9.354378220651538e-05,0.003413562931656511,0.0002009544755544569,0.0027414463173868545,0.0018704737115509459
T-L,AN,mc_learned_baseline,False,48,109,77608,27904,27904,0,0,21800,38804,155216,262144,1.0171875000000004,1.0020000000000002,1.020608161029645,0.0007729250463843762,1.105698237859458e-05,public_state_tabular_independent_mc,0,0.10667499910125809,4.679593899985775,True,accepted_return_check_disabled,0.1,1,1.6735585538878975e-10,-0.0021925380059369328,100,5.0,0.004386291503906252,4.6629544681132806e-07,0.01626044091469314,0.0001440112576544549,0.002213263861404361,0.0018855362636289504
T-L,AN,mc_learned_baseline,False,48,110,78320,28160,28160,0,0,22000,39160,156640,262144,1.0195312500000002,1.0200000000000002,1.0213320797455574,0.000723918715912486,9.888940347486233e-06,public_state_tabular_independent_mc,0,0.1046034367183582,4.72738749999553,True,accepted_return_check_disabled,0.1,1,1.8219904102944048e-10,-0.001963766455201343,100,5.0,0.0041088867187500005,7.462769901101705e-06,0.0223715271472672,0.00013272022638571287,0.0019771832992006395,0.0018586545820469683
T-L,AN,mc_learned_baseline,False,48,111,79032,28416,28416,0,0,22200,39516,158064,262144,1.0195312500000002,1.035,1.0220721320578372,0.0007400523122798042,1.0543480875186857e-05,public_state_tabular_independent_mc,0,0.10247149933033917,4.765169000020251,True,accepted_return_check_disabled,0.1,1,1.4411173629404728e-10,-0.002092155792662224,100,5.0,0.004108886718750002,2.210230150837644e-07,0.0223715271472672,0.0001405051064402356,0.002111451200968875,0.0018145469692789433
T-L,AN,mc_learned_baseline,False,48,112,79744,28672,28672,0,0,22400,39872,159488,262144,1.0125000000000002,1.0320000000000003,1.0229493890972154,0.0008772570393782431,1.5170717728772338e-05,public_state_tabular_independent_mc,0,0.09992511931054666,4.808996299980208,True,accepted_return_check_disabled,0.1,1,3.181152351695201e-10,-0.003014357709932993,100,5.0,0.004932861328125004,1.4278011677983126e-05,0.006766732283464361,0.0002939256795811542,0.003038488439464102,0.0016234239392526892
T-L,AN,mc_learned_baseline,False,48,113,80456,28928,28928,0,0,22600,40228,160912,262144,1.0195312500000002,1.008,1.0236823766262464,0.0007329875290309484,1.0835087587335226e-05,public_state_tabular_independent_mc,0,0.09778103344142805,4.859524999978021,True,accepted_return_check_disabled,0.1,1,6.246385244693392e-11,-0.0022051183434074074,100,5.0,0.004150085449218751,8.708292049767567e-05,0.01746867623025239,0.00015433475338581847,0.002197715953352904,0.0017175756878108723
T-L,AN,mc_learned_baseline,False,48,114,81168,29184,29184,0,0,22800,40584,162336,262144,1.0171875000000004,1.0230000000000001,1.0244767761810025,0.0007943995547561311,1.303281909801517e-05,public_state_tabular_independent_mc,0,0.09543980439092435,4.906940400018357,True,accepted_return_check_disabled,0.1,1,9.112459195437772e-12,-0.002630044173604272,100,5.0,0.004427490234375005,3.305033782478029e-06,0.011639052444200715,0.00022661711160461783,0.002629084615604101,0.0016067056576410717
T-L,AN,mc_learned_baseline,False,48,115,81880,29440,29440,0,0,23000,40940,163760,262144,1.0335937500000003,1.0230000000000001,1.0248710144776203,0.0003942382966177771,3.261956699101421e-06,public_state_tabular_independent_mc,0,0.09427097085339102,4.954439799999818,True,accepted_return_check_disabled,0.1,1,2.4329513525839334e-11,-0.0006639721469743556,100,5.0,0.002425231933593751,1.409518858202094e-05,0.08920737057619188,0.0003548849843165187,0.0006594234932536585,0.00143597850691143
T-L,AN,mc_learned_baseline,False,48,116,82592,29696,29696,0,0,23200,41296,165184,262144,1.0148437500000003,1.0200000000000002,1.0257202502545983,0.0008492357769780412,1.5495004607280096e-05,public_state_tabular_independent_mc,0,0.09173703922626147,5.002624899963848,True,accepted_return_check_disabled,0.1,1,1.8589571023347064e-13,-0.0031288671353525456,100,5.0,0.004699401855468752,7.915036483030618e-07,0.0070292507531338755,0.000364608221801414,0.003135689969685771,0.0014049372813939825
T-L,AN,mc_learned_baseline,False,48,117,83304,29952,29952,0,0,23400,41652,166608,262144,1.0148437500000003,1.0470000000000002,1.0265592613534862,0.000839011098887843,1.5563546372133355e-05,public_state_tabular_independent_mc,0,0.0892112989121687,5.055734100053087,True,accepted_return_check_disabled,0.1,1,1.1542202215916402e-10,-0.0031798760207557885,100,5.0,0.004655456542968751,6.38673974901855e-05,0.011693822681481003,0.00039038357654500196,0.00316709378407592,0.0013326846758676906
T-L,AN,mc_learned_baseline,False,48,118,84016,30208,30208,0,0,23600,42008,168032,262144,1.0312500000000002,1.035,1.0270381726790314,0.0004789113255452282,5.176759259207577e-06,public_state_tabular_independent_mc,0,0.08775931465586002,5.103503699996509,True,accepted_return_check_disabled,0.1,1,1.1653366968501469e-10,-0.0010248272017879326,100,5.0,0.002705383300781251,2.73405512926934e-05,0.07282838983050854,0.00017658334722150005,0.0010326337934548117,0.0014998217297638532
T-L,AN,mc_learned_baseline,False,48,119,84728,30464,30464,0,0,23800,42364,169456,262144,1.0174218750000001,1.026,1.0277636231495069,0.0007254504704754527,2.481214541017325e-05,public_state_tabular_independent_mc,0,0.08572762833762132,5.15062890003901,True,accepted_return_check_disabled,0.1,1,6.8685637336997e-11,-0.04212980154753015,100,5.0,0.015029394531250006,0.005390785318491583,0.012391404374348158,0.0034829991706001335,0.00612732401317217,-0.0018335618386245102
T-L,AN,mc_learned_baseline,False,48,120,85440,30720,30720,0,0,24000,42720,170880,262144,1.0406250000000004,1.0083000000000002,1.0280316335396122,0.00026801039010537764,1.6738928012967438e-06,public_state_tabular_independent_mc,0,0.08490669835216365,5.189667299971916,True,accepted_return_check_disabled,0.1,1,2.2976758717526817e-11,-0.00033090813615961796,100,5.0,0.0014309692382812461,5.602111352759801e-07,0.21311898211829527,0.0004852260323592319,0.0003336432649680451,0.0010795325790857195
T-L,AN,mc_learned_baseline,False,48,121,86152,30976,30976,0,0,24200,43076,172304,262144,1.0335937500000003,1.0110000000000001,1.028460009810553,0.0004283762709407224,4.338994143638286e-06,public_state_tabular_independent_mc,0,0.08358934503723703,5.227622700040229,True,accepted_return_check_disabled,0.1,1,2.6376941328207737e-11,-0.0008832361915016232,100,5.0,0.0023373413085937492,3.512849942506913e-07,0.10605440187189275,0.000146467157488475,0.0008778723813479596,0.0014028739843763628
T-L,AN,mc_learned_baseline,False,48,122,86864,31232,31232,0,0,24400,43432,173728,262144,1.0195312500000002,1.0320000000000003,1.0292100051433601,0.000749995332807174,1.3646830628849093e-05,public_state_tabular_independent_mc,0,0.08126711254841817,5.265487900003791,True,accepted_return_check_disabled,0.1,1,3.713309997775547e-11,-0.002774852781979315,100,5.0,0.004240722656250005,2.6418974682715194e-05,0.006682404212819959,0.0002767001546198646,0.0027710762433924194,0.0012478413593496759
T-L,AN,mc_learned_baseline,False,48,123,87576,31488,31488,0,0,24600,43788,175152,262144,1.0289062500000004,1.0200000000000002,1.029757249959633,0.0005472448162728849,7.448095649270365e-06,public_state_tabular_independent_mc,0,0.07955956485173478,5.306164199952036,True,accepted_return_check_disabled,0.1,1,1.6822009187924302e-10,-0.0014737872361835088,100,5.0,0.002944335937500002,1.8356618995854965e-06,0.06586913353029467,6.72700727914683e-05,0.0014885791268901421,0.0014133874470944891
T-L,AN,mc_learned_baseline,False,48,124,88288,31744,31744,0,0,24800,44144,176576,262144,1.0265625000000003,1.0230000000000001,1.0303515406475587,0.0005942906879257137,9.00186777194333e-06,public_state_tabular_independent_mc,0,0.07769228029786673,5.346269799978472,True,accepted_return_check_disabled,0.1,1,1.8462776218674127e-10,-0.0018522664547469718,100,5.0,0.0032849121093750013,1.7996882494922247e-05,0.04518664047151277,9.750687653794615e-05,0.0018350633163508917,0.0013507564239519723
T-L,AN,mc_learned_baseline,False,48,125,89000,32000,32000,0,0,25000,44500,178000,262144,1.0265625000000003,1.0230000000000001,1.0309455512725172,0.000594010624958452,9.230581748190932e-06,public_state_tabular_independent_mc,0,0.07581197836831258,5.391335800057277,True,accepted_return_check_disabled,0.1,1,5.040657346966953e-11,-0.0018849494869553568,100,5.0,0.003251953125000002,3.784021390681112e-05,0.050008930166101306,0.00010793776551781196,0.0018739702921287153,0.0013047893751360318
T-L,AN,mc_learned_baseline,False,48,126,89712,32256,32256,0,0,25200,44856,179424,262144,1.0476562500000002,1.044,1.0310187292052748,7.317793275762874e-05,1.4155129742555688e-07,public_state_tabular_independent_mc,0,0.075579354364179,5.429508100030944,True,accepted_return_check_disabled,0.1,1,1.330957738030128e-10,-2.5294180369194063e-05,100,5.0,0.00035156249999999934,0.00010152827323804892,0.617945729981689,0.001029476068024381,2.6632896524287593e-05,0.0003473601522560371
T-L,AN,mc_learned_baseline,False,48,127,90424,32512,32512,0,0,25400,45212,180848,262144,1.0312500000000002,1.0350000000000001,1.0315129110016075,0.0004941817963326489,6.564738862006344e-06,public_state_tabular_independent_mc,0,0.07400263171551597,5.464953199960291,True,accepted_return_check_disabled,0.1,1,1.5631444767226588e-10,-0.0013002255799229804,100,5.0,0.0026614379882812494,2.452634698042587e-05,0.08045550847457728,6.378374376972538e-05,0.001311571397219798,0.0013086052708864444
T-L,AN,mc_learned_baseline,False,48,128,91136,32768,32768,0,0,25600,45568,182272,262144,1.0382812500000003,1.0230000000000001,1.031843208916581,0.0003302979149735208,2.9854055897813177e-06,public_state_tabular_independent_mc,0,0.07294308268218117,5.50115360005293,True,accepted_return_check_disabled,0.1,1,2.960856641626719e-11,-0.0005914342612083264,100,5.0,0.0018649291992187474,7.375763043027404e-05,0.1354762081508435,0.00019153364287267526,0.0005968946261450905,0.0011506751427372446
T-L,AN,mc_learned_baseline,False,48,129,91848,33024,33024,0,0,25800,45924,183696,262144,1.0406250000000004,1.0410000000000001,1.0321002635904784,0.00025705467389736114,1.8325784389229592e-06,public_state_tabular_independent_mc,0,0.07211525402721128,5.541862900019623,True,accepted_return_check_disabled,0.1,1,6.338973771866606e-12,-0.0003702218527117967,100,5.0,0.0014968872070312447,3.026855334806773e-05,0.19454951856946534,0.0003270110555695286,0.0003696476912057728,0.000994882742559734
T-L,AN,mc_learned_baseline,False,48,130,92560,33280,33280,0,0,26000,46280,185120,262144,1.0289062500000004,1.038,1.0326404298568783,0.0005401662663999662,8.27462238597972e-06,public_state_tabular_independent_mc,0,0.07036624746234368,5.581904500024393,True,accepted_return_check_disabled,0.1,1,7.919861653259193e-11,-0.001694402400727118,100,5.0,0.003010253906249998,0.0001142737479442512,0.055407565263719594,9.533613221041418e-05,0.0016824370055162484,0.0012106680430664124
T-L,AN,mc_learned_baseline,False,48,131,93272,33536,33536,0,0,26200,46636,186544,262144,1.0289062500000004,1.026,1.033189460842088,0.000549030985209642,8.788996949065153e-06,public_state_tabular_independent_mc,0,0.06857506788734116,5.620836499962024,True,accepted_return_check_disabled,0.1,1,3.168026762542166e-11,-0.0017672755230386066,100,5.0,0.0029415893554687505,7.858958587474882e-06,0.06630503220806894,0.0001144083337190385,0.0017699789099579917,0.0011579792605536756
T-L,AN,mc_learned_baseline,False,48,132,93984,33792,33792,0,0,26400,46992,187968,262144,1.0242187500000002,1.044,1.0338492604697889,0.0006597996277009077,1.3120410699828504e-05,public_state_tabular_independent_mc,0,0.06640386923120706,5.660357799963094,True,accepted_return_check_disabled,0.1,1,3.0211691881414953e-13,-0.002666257500322385,100,5.0,0.0035458374023437525,1.0281776664894238e-05,0.03833879056658551,0.00035891035819295066,0.0026602526574959454,0.0008789942317977309
T-L,AN,mc_learned_baseline,False,48,133,94696,34048,34048,0,0,26600,47348,189392,262144,1.0359375000000004,1.0410000000000001,1.034224141298544,0.00037488082875514195,4.3445864317771005e-06,public_state_tabular_independent_mc,0,0.06516086613070025,5.700734799960628,True,accepted_return_check_disabled,0.1,1,1.0154104200565373e-10,-0.0008926467700653904,100,5.0,0.002021484374999999,3.919907891028182e-06,0.13601883337692966,7.557316788495271e-05,0.0008843333246437466,0.0011204715865301904
T-L,AN,mc_learned_baseline,False,48,134,95408,34304,34304,0,0,26800,47704,190816,262144,1.0312500000000002,1.044,1.0347189539549535,0.0004948126564094935,7.76868279834831e-06,public_state_tabular_independent_mc,0,0.06350942517947962,5.74227459996473,True,accepted_return_check_disabled,0.1,1,1.276058078115877e-12,-0.0015710369755768307,100,5.0,0.0026477050781250015,1.287549466922934e-06,0.08283898305084825,9.839227773479275e-05,0.0015691082318853263,0.0010736646685737042
T-L,AN,mc_learned_baseline,False,48,135,96120,34560,34560,0,0,27000,48060,192240,262144,1.0312500000000002,1.032,1.0352167231359037,0.000497769180950236,8.09529475386753e-06,public_state_tabular_independent_mc,0,0.061835344785450365,5.780268499976955,True,accepted_return_check_disabled,0.1,1,1.260847800246546e-10,-0.0016144463401192928,100,5.0,0.0026367187500000015,6.802464053853877e-06,0.08474576271186518,0.00011353112889058631,0.001624063933073972,0.001026637340468243
T-L,AN,mc_learned_baseline,False,48,136,96832,34816,34816,0,0,27200,48416,193664,262144,1.0382812500000003,1.0320000000000003,1.035543148432413,0.0003264252965091696,3.5627506603762293e-06,public_state_tabular_independent_mc,0,0.06073034561385788,5.829328199964948,True,accepted_return_check_disabled,0.1,1,3.660487923724858e-11,-0.0007069645934538237,100,5.0,0.0018237304687499963,9.119235860478775e-05,0.14549773587707093,9.033024801011305e-05,0.0007132723320319022,0.0010174991691888897
T-L,AN,mc_learned_baseline,False,48,137,97544,35072,35072,0,0,27400,48772,195088,262144,1.03359375,1.026,1.0359785274400637,0.0004353790076507824,6.499890525997558e-06,public_state_tabular_independent_mc,0,0.05924739642406566,5.870790499961004,True,accepted_return_check_disabled,0.1,1,1.1110551265793783e-10,-0.001336003989120516,100,5.0,0.002351074218750003,1.2137940441772462e-05,0.10342205323193887,7.603339049135451e-05,0.0013243553372815123,0.0010104472396198932
T-L,AN,mc_learned_baseline,False,48,138,98256,35328,35328,0,0,27600,49128,196512,262144,1.0265625000000003,1.038,1.0365932401224323,0.0006147126823685678,1.3438931379913485e-05,public_state_tabular_independent_mc,0,0.057135226092593444,5.909649900044315,True,accepted_return_check_disabled,0.1,1,7.77104535505656e-11,-0.002695703136393438,100,5.0,0.003251953125000002,1.2322785008146448e-05,0.05000893016610086,0.00047575417269118915,0.0027150978037974003,0.0005820773414164336
T-L,AN,mc_learned_baseline,False,48,139,98968,35584,35584,0,0,27800,49484,197936,262144,1.0382812500000003,1.0470000000000002,1.036909789632438,0.00031654951000570364,3.664252121452758e-06,public_state_tabular_independent_mc,0,0.05603884959423171,5.951932600000873,True,accepted_return_check_disabled,0.1,1,9.654607197163697e-11,-0.000754025739004223,100,5.0,0.0016918945312500008,7.584956611654689e-06,0.17756662460099493,6.950687180528338e-05,0.0007464113069035713,0.0009475351462644459
T-L,AN,mc_learned_baseline,False,48,140,99680,35840,35840,0,0,28000,49840,199360,262144,1.0406250000000004,1.0263,1.0371672248976351,0.0002574352651971701,2.4707245985541603e-06,public_state_tabular_independent_mc,0,0.05514271290696953,5.992723000003025,True,accepted_return_check_disabled,0.1,1,5.3831742703143924e-11,-0.0005070311943460452,100,5.0,0.0013650512695312508,8.140647041022215e-07,0.23168844566712554,0.00012369297931291733,0.0005021352013609182,0.000872189121548829
T-L,AN,mc_learned_baseline,False,48,141,100392,36096,36096,0,0,28200,50196,200784,262144,1.0406250000000004,1.032,1.0374250261373463,0.0002578012397111973,2.52390342550331e-06,public_state_tabular_independent_mc,0,0.05424115982668179,6.037135799997486,True,accepted_return_check_disabled,0.1,1,1.5175738330496503e-11,-0.0005138928314551375,100,5.0,0.0013623046874999998,5.5435555316957346e-06,0.2324621733149932,0.00011581501367871966,0.000510742632957966,0.0008627809220361127
T-L,AN,mc_learned_baseline,False,48,142,101104,36352,36352,0,0,28400,50552,202208,262144,1.0289062500000004,1.044,1.0379843157528743,0.0005592896155279803,1.2294279943067882e-05,public_state_tabular_independent_mc,0,0.05227058278923257,6.080898500047624,True,accepted_return_check_disabled,0.1,1,1.6399940615275917e-11,-0.0024784538533107235,100,5.0,0.0029525756835937517,8.245283293923705e-06,0.06456143749697296,0.000446852458854158,0.0024907506017267465,0.0005143628276019106
T-L,AN,mc_learned_baseline,False,48,143,101816,36608,36608,0,0,28600,50908,203632,262144,1.0382812500000003,1.0320000000000003,1.0383087646993165,0.0003244489464422351,4.265959963015929e-06,public_state_tabular_independent_mc,0,0.05111790269764592,6.122676400002092,True,accepted_return_check_disabled,0.1,1,9.958150366114625e-11,-0.0008442635828734869,100,5.0,0.0016891479492187511,8.926716938771327e-08,0.17823472644941007,5.408588313887783e-05,0.0008526882502178378,0.0008691822493917409
T-L,AN,mc_learned_baseline,False,48,144,102528,36864,36864,0,0,28800,51264,205056,262144,1.0429687500000004,1.0350000000000001,1.0385104086044776,0.00020164390516108632,1.6794556777202677e-06,public_state_tabular_independent_mc,0,0.0503978738293089,6.164602300035767,True,accepted_return_check_disabled,0.1,1,2.8951351011059384e-11,-0.00033321120333501504,100,5.0,0.0010546874999999994,3.1992308936384764e-06,0.30117647058823627,0.0001703756363756362,0.00033504401788659574,0.0007307281006749078
T-L,AN,mc_learned_baseline,False,48,145,103240,37120,37120,0,0,29000,51620,206480,262144,1.0406250000000004,1.0410000000000001,1.038770671386965,0.0002602627824874748,2.8532322433730852e-06,public_state_tabular_independent_mc,0,0.04946430064921577,6.213772400049493,True,accepted_return_check_disabled,0.1,1,6.231476916852697e-13,-0.0005723939705012885,100,5.0,0.0013650512695312516,9.356065304036667e-06,0.2316884456671252,7.73773033380874e-05,0.0005745129251839582,0.0008098955047178696
T-L,AN,mc_learned_baseline,False,48,146,103952,37376,37376,0,0,29200,51976,207904,262144,1.0382812500000003,1.038,1.0390918605693698,0.00032118918240464644,4.456114508945587e-06,public_state_tabular_independent_mc,0,0.04830544914870087,6.262731399969198,True,accepted_return_check_disabled,0.1,1,1.563459104977731e-11,-0.0009050694987825823,100,5.0,0.0017001342773437528,8.243170310167243e-06,0.1755623190557496,5.5099420713920064e-05,0.000903356239144348,0.0008142584669344927
T-L,AN,mc_learned_baseline,False,48,147,104664,37632,37632,0,0,29400,52332,209328,262144,1.0476562500000002,1.0350000000000004,1.03916420330763,7.234273826028925e-05,2.2899317511877005e-07,public_state_tabular_independent_mc,0,0.04804338826513813,6.312374199973419,True,accepted_return_check_disabled,0.1,1,4.30817226392307e-12,-4.68835536831102e-05,100,5.0,0.00037353515624999784,1.0222839911354003e-06,0.6059597136673895,0.0005098087221116112,4.630125004679974e-05,0.00033734214650698934
T-L,AN,mc_learned_baseline,False,48,148,105376,37888,37888,0,0,29600,52688,210752,262144,1.0453125000000003,1.038,1.0392997959053671,0.00013559259773709975,8.12521972287781e-07,public_state_tabular_independent_mc,0,0.047551149350315874,6.354293999960646,True,accepted_return_check_disabled,0.1,1,1.0965518283482179e-11,-0.00016066177452203756,100,5.0,0.0006948852539062497,6.793639362238645e-06,0.42468354430379773,0.0002887555027504738,0.00016199223016304885,0.0005533786054021863
T-L,AN,mc_learned_baseline,False,48,149,106088,38144,38144,0,0,29800,53044,212176,262144,1.0335937500000003,1.0440000000000003,1.039743791413701,0.00044399550833396084,8.9829795452354e-06,public_state_tabular_independent_mc,0,0.045929470927440534,6.390745599986985,True,accepted_return_check_disabled,0.1,1,1.1225124705695945e-10,-0.0018003141984540899,100,5.0,0.0023263549804687506,1.741117985340831e-05,0.10816028078385498,0.00026523732482838113,0.0018092782834868686,0.0005674789881313048
T-L,AN,mc_learned_baseline,False,48,150,106800,38400,38400,0,0,30000,53400,213600,262144,1.0453125000000003,1.0320000000000003,1.039879385286875,0.00013559387317396698,8.558219623227623e-07,public_state_tabular_independent_mc,0,0.04543113647657363,6.430298099992797,True,accepted_return_check_disabled,0.1,1,8.552503035776e-12,-0.00016949836137918528,100,5.0,0.0006948852539062494,4.8309311526222475e-06,0.42468354430379807,0.0002565765040638449,0.00017084253198954087,0.0005451659696915575
T-L,AN,mc_learned_baseline,False,48,151,107512,38656,38656,0,0,30200,53756,215024,262144,1.0429687500000004,1.0470000000000002,1.0400766021827637,0.0001972168958885856,1.8406872577591372e-06,public_state_tabular_independent_mc,0,0.04470368051397838,6.46696900005918,True,accepted_return_check_disabled,0.1,1,5.323016985707865e-11,-0.00037861884564368377,100,5.0,0.0010409545898437495,1.5580803583523804e-06,0.30578005115089557,0.00011319933366831368,0.0003746057313441823,0.0006790425313776014
T-L,AN,mc_learned_baseline,False,48,152,108224,38912,38912,0,0,30400,54112,216448,262144,1.0382812500000003,1.0440000000000003,1.0404014257362568,0.0003248235534931698,5.130835604806776e-06,public_state_tabular_independent_mc,0,0.043498538650115805,6.506314300000668,True,accepted_return_check_disabled,0.1,1,5.226933097947096e-11,-0.0010268011716406443,100,5.0,0.001691894531250001,1.5597811490828665e-07,0.17756662460099504,7.749594750581704e-05,0.0010310204797146416,0.0007008930447358337
T-L,AN,mc_learned_baseline,False,48,153,108936,39168,39168,0,0,30600,54468,217872,262144,1.0382812500000003,1.0410000000000001,1.040727340706107,0.0003259149698502384,5.334443652000678e-06,public_state_tabular_independent_mc,0,0.04228032316717952,6.546140699996613,True,accepted_return_check_disabled,0.1,1,1.1765953803654033e-10,-0.001059312090455516,100,5.0,0.0016891479492187511,2.6731482684797333e-06,0.1782347264494103,8.841145884686959e-05,0.001069117600943423,0.0006670720893845324
T-L,AN,mc_learned_baseline,False,48,154,109648,39424,39424,0,0,30800,54824,219296,262144,1.0429687500000004,1.035,1.0409291771392857,0.00020183643317861488,2.096984955069353e-06,public_state_tabular_independent_mc,0,0.04152121275403205,6.591284599970095,True,accepted_return_check_disabled,0.1,1,5.688031254304404e-11,-0.0004141170696810619,100,5.0,0.0010546874999999975,1.2192923137664817e-05,0.30117647058823616,8.233083193824695e-05,0.0004180937330179792,0.0006500586854325402
T-L,AN,mc_learned_baseline,False,48,155,110360,39680,39680,0,0,31000,55180,220720,262144,1.0500000000000003,1.038,1.040936339041468,7.161902182417634e-06,2.6595038633707176e-09,public_state_tabular_independent_mc,0,0.04149420959291957,6.638046100037172,True,accepted_return_check_disabled,0.1,1,3.0192827921318274e-12,-3.9365987496177315e-07,100,5.0,2.4719238281247193e-05,1.8708360014832928e-06,0.9802246093750023,0.0006820903617418836,4.967845853940381e-07,3.5941151304342075e-05
T-L,AN,mc_learned_baseline,False,48,156,111072,39936,39936,0,0,31200,55536,222144,262144,1.0429687500000004,1.0350000000000001,1.0411379723276117,0.00020163328614364318,2.139168504411499e-06,public_state_tabular_independent_mc,0,0.04073205513993242,6.685282099992037,True,accepted_return_check_disabled,0.1,1,3.7271687557065064e-11,-0.00042316507735890035,100,5.0,0.0010546874999999999,1.3244681562622248e-05,0.30117647058823593,7.652756141746824e-05,0.0004274686383108057,0.0006409936887974911
T-L,AN,mc_learned_baseline,False,48,157,111784,40192,40192,0,0,31400,55892,223568,262144,1.0453125000000003,1.0353,1.0412724420089112,0.00013446968129948722,9.674783079377316e-07,public_state_tabular_independent_mc,0,0.04022168486126814,6.728557700058445,True,accepted_return_check_disabled,0.1,1,2.5174235230127767e-11,-0.00019829590124419247,100,5.0,0.0007031249999999982,2.4215355292166444e-07,0.42126582278481106,0.00018291369552030507,0.00019649508604441954,0.0005202196641953752
T-L,AN,mc_learned_baseline,False,48,158,112496,40448,40448,0,0,31600,56248,224992,262144,1.0476562500000002,1.044,1.0413417285991327,6.928659022142902e-05,2.5939516799771037e-07,public_state_tabular_independent_mc,0,0.0399580495932208,6.773461600067094,True,accepted_return_check_disabled,0.1,1,4.5578707533325536e-11,-4.9286721750484765e-05,100,5.0,0.0003598022460937483,1.2663881891649886e-06,0.613450973863827,0.00038292984698417085,5.064514509519288e-05,0.0003105844097739975
T-L,AN,mc_learned_baseline,False,48,159,113208,40704,40704,0,0,31800,56604,226416,262144,1.0382812500000003,1.0470000000000002,1.0416637581434007,0.0003220295442680765,5.755814671312321e-06,public_state_tabular_independent_mc,0,0.038726682123686296,6.849885200033896,True,accepted_return_check_disabled,0.1,1,1.0956507468226368e-10,-0.0011859001090625764,100,5.0,0.0017001342773437522,1.159458602232445e-06,0.17556231905574937,0.00013053251542070074,0.0011762674025275284,0.000558017990482607
T-L,AN,mc_learned_baseline,False,48,160,113920,40960,40960,0,0,32000,56960,227840,262144,1.0429687500000004,1.044,1.0418604847850628,0.00019672664166203724,2.2071830329708536e-06,public_state_tabular_independent_mc,0,0.03796942571792982,6.919333199970424,True,accepted_return_check_disabled,0.1,1,4.565919381344753e-11,-0.0004529674386234996,100,5.0,0.0010327148437500008,6.213456659221874e-06,0.3085421994884914,6.208450421730849e-05,0.000449094728810227,0.0006033292045733284
T-L,AN,mc_learned_baseline,False,48,161,114632,41216,41216,0,0,32200,57316,229264,262144,1.0429687500000002,1.038,1.0420581028161005,0.00019761803103768294,2.2797192385490485e-06,public_state_tabular_independent_mc,0,0.03720478641113347,6.958903499995358,True,accepted_return_check_disabled,0.1,1,5.3323948056280956e-11,-0.0004688371993404832,100,5.0,0.0010546874999999996,1.8418926526063885e-05,0.30117647058823627,5.758443816135188e-05,0.0004642330320261599,0.0005936413757966743
T-L,AN,mc_learned_baseline,False,48,162,115344,41472,41472,0,0,32400,57672,230688,262144,1.0429687500000004,1.0410000000000001,1.0422560660706184,0.00019796325451792995,2.3432219092800363e-06,public_state_tabular_independent_mc,0,0.03643473530535785,6.997057400061749,True,accepted_return_check_disabled,0.1,1,1.577575274934094e-11,-0.0004781109460678182,100,5.0,0.0010327148437499997,1.2851733863907092e-06,0.3085421994884917,5.436271730149684e-05,0.0004751281471023715,0.0005825698993723013
T-L,AN,mc_learned_baseline,False,48,163,116056,41728,41728,0,0,32600,58028,232112,262144,1.0406250000000004,1.05,1.0425209455541107,0.0002648794834922974,4.324661333214348e-06,public_state_tabular_independent_mc,0,0.03539781389540572,7.033562400029041,True,accepted_return_check_disabled,0.1,1,9.200705726301194e-11,-0.0008588696251694936,100,5.0,0.0013650512695312516,2.2487752496520612e-07,0.2316884456671252,7.798290319913037e-05,0.0008669904775771186,0.0005445903309920925
T-L,AN,mc_learned_baseline,False,48,164,116768,41984,41984,0,0,32800,58384,233536,262144,1.0429687500000004,1.0440000000000003,1.0427220152882777,0.00020106973416700313,2.564335354955883e-06,public_state_tabular_independent_mc,0,0.034605505782298845,7.072808800032362,True,accepted_return_check_disabled,0.1,1,6.152719241045631e-11,-0.000508048226107039,100,5.0,0.00104095458984375,9.633204858902222e-06,0.30578005115089546,4.8511257064608156e-05,0.0005125010140517681,0.0005547842611268552
T-L,AN,mc_learned_baseline,False,48,165,117480,42240,42240,0,0,33000,58740,234960,262144,1.0335937500000003,1.038,1.0431682935186803,0.00044627823040266357,1.327525011019545e-05,public_state_tabular_independent_mc,0,0.032830261408697534,7.116110300063156,True,accepted_return_check_disabled,0.1,1,2.456924018755066e-10,-0.0027584646356748677,100,5.0,0.0023950195312500036,3.020896449377506e-06,0.09499853758408838,0.0008908500855027559,0.0027361115737378713,-0.00030223757064486026
T-L,AN,mc_learned_baseline,False,48,166,118192,42496,42496,0,0,33200,59096,236384,262144,1.0429687500000002,1.0440000000000003,1.0433665137435335,0.00019822022485316282,2.7239860610953973e-06,public_state_tabular_independent_mc,0,0.032034058494693186,7.154752800008282,True,accepted_return_check_disabled,0.1,1,1.9347849817038657e-11,-0.0005553073765953819,100,5.0,0.0010409545898437495,1.267665092057827e-05,0.30578005115089557,4.7645102394419856e-05,0.0005532112563963231,0.0005082261465096873
T-L,AN,mc_learned_baseline,False,48,167,118904,42752,42752,0,0,33400,59452,237808,262144,1.0382812500000003,1.038,1.0436873361764956,0.0003208224329620535,7.439552433720964e-06,public_state_tabular_independent_mc,0,0.030734829233927882,7.19153599999845,True,accepted_return_check_disabled,0.1,1,1.486469056654574e-10,-0.001540725366567601,100,5.0,0.0016891479492187513,1.382216108492382e-05,0.17823472644941007,0.00032970265244010603,0.0015268045341102752,0.00021155890320200682
T-L,AN,mc_learned_baseline,False,48,168,119616,43008,43008,0,0,33600,59808,239232,262144,1.0429687500000004,1.044,1.043885809784936,0.00019847360844038597,2.9538787919628393e-06,public_state_tabular_independent_mc,0,0.029924274894416403,7.22952539997641,True,accepted_return_check_disabled,0.1,1,9.843527111536123e-12,-0.0006024788448417528,100,5.0,0.0010299682617187507,4.178347376662654e-07,0.30946291560102346,5.366413875294379e-05,0.0005994014131705642,0.00046386376491922075
T-L,AN,mc_learned_baseline,False,48,169,120328,43264,43264,0,0,33800,60164,240656,262144,1.0429687500000004,1.038,1.0440865499259577,0.0002007401410217824,3.120360307816049e-06,public_state_tabular_independent_mc,0,0.0290989580596967,7.278191499994136,True,accepted_return_check_disabled,0.1,1,2.7093414351495124e-11,-0.0006252004497485084,100,5.0,0.0010409545898437504,6.648108901922432e-06,0.3057800511508957,5.918485616577759e-05,0.0006274071449276746,0.00044360621412471387
T-L,AN,mc_learned_baseline,False,48,170,121040,43520,43520,0,0,34000,60520,242080,262144,1.0406250000000004,1.0470000000000002,1.0443522494304498,0.00026569950449206736,5.694830976125664e-06,public_state_tabular_independent_mc,0,0.027997713602838176,7.329090800019912,True,accepted_return_check_disabled,0.1,1,1.1346847537286933e-11,-0.001147157857001816,100,5.0,0.0013870239257812518,5.9202984935680155e-06,0.2254986244841819,0.00021262535585415493,0.0011535056206403503,0.0002752184110796389
T-L,AN,mc_learned_baseline,False,48,171,121752,43776,43776,0,0,34200,60876,243504,262144,1.0500000000000003,1.044,1.0443566877901331,4.43835968333417e-06,1.6136507258696825e-09,public_state_tabular_independent_mc,0,0.027979229793051598,7.376143499976024,True,accepted_return_check_disabled,0.1,1,1.3562459564436213e-12,-2.4034705058116984e-07,100,5.0,2.4719238281248755e-05,1.1211599074487395e-06,0.980224609375001,0.00044560736551690417,3.043652152467041e-07,2.238693379715766e-05
T-L,AN,mc_learned_baseline,False,48,172,122464,44032,44032,0,0,34400,61232,244928,262144,1.0453125000000003,1.044,1.0444902851535613,0.00013359736342821726,1.4856962072438736e-06,public_state_tabular_independent_mc,0,0.02742146557424474,7.417778100003488,True,accepted_return_check_disabled,0.1,1,3.128632605376286e-11,-0.00030497195773939963,100,5.0,0.000692138671875,3.7882667871843866e-07,0.42582278481012703,5.510668847955133e-05,0.00030234257872630444,0.00041255540568785245
T-L,AN,mc_learned_baseline,False,48,173,123176,44288,44288,0,0,34600,61588,246352,262144,1.0406250000000004,1.0470000000000002,1.0447497202350542,0.00025943508149284256,5.828405102488281e-06,public_state_tabular_independent_mc,0,0.026330447871547022,7.460044899955392,True,accepted_return_check_disabled,0.1,1,8.83665407635552e-11,-0.0012024949815493413,100,5.0,0.0013650512695312506,2.0269358291579984e-05,0.23168844566712554,0.00024769475766002545,0.0011942830462313256,0.00020995805083602126
T-L,AN,mc_learned_baseline,False,48,174,123888,44544,44544,0,0,34800,61944,247776,262144,1.0429687500000004,1.044,1.0449473086115484,0.00019758837649419547,3.522315637384063e-06,public_state_tabular_independent_mc,0,0.02549225707341255,7.502492400002666,True,accepted_return_check_disabled,0.1,1,7.593283434909808e-11,-0.0007269645529365543,100,5.0,0.0010299682617187507,1.8922276685813431e-06,0.30946291560102346,9.351251529551434e-05,0.0007204250503671385,0.00034464941790373867
T-L,AN,mc_learned_baseline,False,48,175,124600,44800,44800,0,0,35000,62300,249200,262144,1.0476562500000002,1.035,1.0450166855450944,6.937693354602814e-05,4.4374752490109197e-07,public_state_tabular_independent_mc,0,0.0251964095675015,7.5437494000652805,True,accepted_return_check_disabled,0.1,1,1.8782218814312197e-12,-8.824633131288798e-05,100,5.0,0.0003515624999999995,5.234237725146985e-08,0.6179457299816887,0.00014514558310177268,8.879981908559917e-05,0.00027812437511001535
T-L,AN,mc_learned_baseline,False,48,176,125312,45056,45056,0,0,35200,62656,250624,262144,1.0406250000000004,1.0470000000000002,1.0452820132509384,0.00026532770584397625,6.760072825061568e-06,public_state_tabular_independent_mc,0,0.02405727625428198,7.59556970000267,True,accepted_return_check_disabled,0.1,1,7.254289225652372e-11,-0.001362225201135864,100,5.0,0.0013732910156250013,7.624565724040209e-08,0.22936726272352148,0.0003557455300470728,0.0013681724499222095,6.228583228911656e-05
T-L,AN,mc_learned_baseline,False,48,177,126024,45312,45312,0,0,35400,63012,252048,262144,1.0500000000000003,1.044,1.0452857040084396,3.690757501173536e-06,1.3323828366073352e-09,public_state_tabular_independent_mc,0,0.02404134266678082,7.64640289999079,True,accepted_return_check_disabled,0.1,1,9.258512823757577e-13,-1.9934697704216476e-07,100,5.0,2.4719238281248755e-05,2.9410900789049186e-06,0.980224609375001,0.0003792823090771048,2.5267675001249064e-07,1.866763358115389e-05
T-L,AN,mc_learned_baseline,False,48,178,126736,45568,45568,0,0,35600,63368,253472,262144,1.0453125000000003,1.05,1.045420573729018,0.0001348697205785232,1.8143492555400004e-06,public_state_tabular_independent_mc,0,0.02345738133134643,7.68893309996929,True,accepted_return_check_disabled,0.1,1,8.345826142814449e-13,-0.00036658179998708037,100,5.0,0.0006948852539062503,2.550175669557902e-06,0.4246835443037975,4.3877281970014666e-05,0.0003669757805395724,0.0003537928018539716
T-L,AN,mc_learned_baseline,False,48,179,127448,45824,45824,0,0,35800,63724,254896,262144,1.0406250000000004,1.038,1.045686903683336,0.0002663299543179676,7.435357234525892e-06,public_state_tabular_independent_mc,1,0.022294018926899677,7.734023800003342,True,accepted_return_check_disabled,0.1,1,3.3412830293569503e-13,-0.0015122985349195054,100,5.0,0.0014160156250000026,2.08199604204032e-05,0.21672971114167805,0.00046019717880116135,0.0015170179242346691,-7.276368828620645e-05
T-L,AN,mc_learned_baseline,False,48,180,128160,46080,46080,0,0,36000,64080,256320,262144,1.0382812500000003,1.05,1.0460154338844998,0.00032853020116374587,1.2160633238240116e-05,public_state_tabular_independent_mc,0,0.02083958427112962,7.774745000060648,True,accepted_return_check_disabled,0.1,1,8.67357418435546e-15,-0.002491786352341884,100,5.0,0.0017330932617187524,1.7212792013558408e-06,0.1675450968747676,0.0010662275510973866,0.002498381450880077,-0.0006990459162783192
T-L,AN,mc_learned_baseline,False,48,181,128872,46336,46336,0,0,36200,64436,257744,262144,1.0429687500000004,1.044,1.0462139033863997,0.00019846950189994494,4.715283382581444e-06,public_state_tabular_independent_mc,0,0.019949755141456926,7.821442599990405,True,accepted_return_check_disabled,0.1,1,3.3836574055934815e-11,-0.0009713212522398069,100,5.0,0.0010327148437500005,4.0482891685367415e-07,0.30854219948849115,0.00023213367481759645,0.0009648909574208927,0.00010993886492478345
T-L,AN,mc_learned_baseline,False,48,182,129584,46592,46592,0,0,36400,64792,259168,262144,1.0476562500000002,1.0470000000000002,1.046283325506202,6.942211980232038e-05,5.941658438940548e-07,public_state_tabular_independent_mc,0,0.01963640683369589,7.867880700039677,True,accepted_return_check_disabled,0.1,1,6.778400990196133e-12,-0.00011763389044479525,100,5.0,0.00035156249999999934,5.423658199457687e-07,0.617945729981689,7.8051084893701e-05,0.00011877771183289313,0.0002487976646641339
T-L,AN,mc_learned_baseline,False,48,183,130296,46848,46848,0,0,36600,65148,260592,262144,1.0406250000000004,1.0470000000000002,1.0465498208744735,0.0002664953682713911,9.260560550696261e-06,public_state_tabular_independent_mc,0,0.01842291486316978,7.906609100056812,True,accepted_return_check_disabled,0.1,1,1.7266002456135657e-10,-0.001866729807253482,100,5.0,0.0013870239257812507,8.16022154677223e-07,0.22549862448418134,0.0007545060939713607,0.0018829861295884458,-0.00043299222175041717
T-L,AN,mc_learned_baseline,False,48,184,131008,47104,47104,0,0,36800,65504,262016,262144,1.0500000000000003,1.05,1.0465492565445167,-5.643299567648086e-07,4.2573287218685964e-11,public_state_tabular_independent_mc,1,0.018425502950833797,7.944263500045054,True,accepted_return_check_disabled,0.1,1,9.263875526487965e-12,2.4236833206078966e-09,100,5.0,2.465190328815662e-32,5.588976986148131e-06,1.0,0.00030257439121932864,2.4236833206090886e-09,-1.586988072353991e-06
T-L,AN,mc_learned_baseline,False,48,185,131720,47360,47360,0,0,37000,65860,263440,262144,1.0406250000000004,1.044,1.0468130356590932,0.00026377911457653447,9.812504272457711e-06,public_state_tabular_independent_mc,0,0.0172067908595333,7.998222499969415,True,accepted_return_check_disabled,0.1,1,5.929273682455615e-12,-0.002018067407177319,100,5.0,0.0013870239257812514,5.255849541759492e-07,0.2254986244841818,0.0008742295394914619,0.002019867960445088,-0.0005731985905567945
T-L,AN,mc_learned_baseline,False,48,186,132432,47616,47616,0,0,37200,66216,264864,262144,1.0500000000000003,1.0470000000000002,1.0468149851016735,1.949442580251315e-06,5.507841111561713e-10,public_state_tabular_independent_mc,0,0.01719771506066723,8.048435400007293,True,accepted_return_check_disabled,0.1,1,3.0073856041895636e-12,-5.57126798960181e-08,100,5.0,1.0986328124998754e-05,1.3026886531026522e-06,0.991210937500001,0.00027122983265086525,9.449568082549101e-08,9.410401315718986e-06
T-L,AN,mc_learned_baseline,False,48,187,133144,47872,47872,0,0,37400,66572,266288,262144,1.0476562500000002,1.05,1.0468842394690758,6.925436740234936e-05,7.057033644984434e-07,public_state_tabular_independent_mc,0,0.016874614253462872,8.095153099973686,True,accepted_return_check_disabled,0.1,1,1.9180467212982438e-11,-0.00013936248387970413,100,5.0,0.0003488159179687499,2.8306837279071164e-07,0.619443982020976,5.4530283805817356e-05,0.00014072383107516739,0.0002259589812498456
T-L,AN,mc_learned_baseline,False,48,188,133856,48128,48128,0,0,37600,66928,267712,262144,1.0500000000000003,1.044,1.0468861422275628,1.9027584869935055e-06,5.368871911354335e-10,public_state_tabular_independent_mc,0,0.01686571822808073,8.137120199971832,True,accepted_return_check_disabled,0.1,1,2.859338839888726e-12,-5.4409531336040014e-08,100,5.0,1.0986328124998754e-05,1.4198308459865155e-06,0.991210937500001,0.0002659293136074765,9.229359574075355e-08,9.194153027308495e-06
T-L,AN,mc_learned_baseline,False,48,189,134568,48384,48384,0,0,37800,67284,269136,262144,1.0453125000000003,1.0470000000000002,1.0470221119700394,0.00013596974247653826,2.8264650582815674e-06,public_state_tabular_independent_mc,0,0.01622734132233437,8.175049099954776,True,accepted_return_check_disabled,0.1,1,3.6008107524388144e-11,-0.0005649019643470631,100,5.0,0.0006948852539062503,2.425222882572427e-07,0.4246835443037973,0.00011536963396700888,0.0005698971124097256,0.0001596063365030512
T-L,AN,mc_learned_baseline,False,48,190,135280,48640,48640,0,0,38000,67640,270560,262144,1.0476562500000002,1.0440000000000003,1.0470903676089898,6.825563895040965e-05,7.352441945875821e-07,public_state_tabular_independent_mc,1,0.015904750084841473,8.215306399972178,True,accepted_return_check_disabled,0.1,1,2.0553713842837557e-12,-0.00014890036041700873,100,5.0,0.00035400390625000064,6.843795091791564e-06,0.6155422840019977,4.900637397183122e-05,0.00014873196346544597,0.00021541976089163323
T-L,AN,mc_learned_baseline,False,48,191,135992,48896,48896,0,0,38200,67996,271984,262144,1.0476562500000002,1.0470000000000002,1.0471583587839846,6.799117499478591e-05,7.465755960569937e-07,public_state_tabular_independent_mc,0,0.015582106947097081,8.253726599970832,True,accepted_return_check_disabled,0.1,1,1.4025125797012469e-11,-0.00015306877904641344,100,5.0,0.0003488159179687501,1.2207179614866072e-07,0.6194439820209758,4.718980057659799e-05,0.0001518594228577421,0.00021194541624094205
T-L,AN,mc_learned_baseline,False,48,192,136704,49152,49152,0,0,38400,68352,273408,262144,1.0476562500000002,1.0410000000000001,1.0472264878320607,6.812904807618203e-05,7.68246423190613e-07,public_state_tabular_independent_mc,0,0.015257374101186614,8.29771830001846,True,accepted_return_check_disabled,0.1,1,1.9291632472594738e-11,-0.0001581115650188632,100,5.0,0.0003735351562499978,2.2147375656880595e-05,0.6059597136673894,4.544990176964698e-05,0.00015651509193823966,0.00020839742469309626
T-L,AN,mc_learned_baseline,False,48,193,137416,49408,49408,0,0,38600,68708,274832,262144,1.0453125000000003,1.05,1.0473596143152388,0.00013312648317809206,3.0585500050365965e-06,public_state_tabular_independent_mc,0,0.014618543032663243,8.340966499992646,True,accepted_return_check_disabled,0.1,1,5.865999665458169e-11,-0.0006334566041803077,100,5.0,0.000692138671875,2.122595271357044e-06,0.42582278481012703,0.0001544907865799305,0.0006277609375969283,9.405304578267363e-05
T-L,AN,mc_learned_baseline,False,48,194,138128,49664,49664,0,0,38800,69064,276256,262144,1.0500000000000003,1.05,1.047361204940148,1.5906249091202085e-06,4.44212514543969e-10,public_state_tabular_independent_mc,0,0.01461087489033689,8.38801490003243,True,accepted_return_check_disabled,0.1,1,1.9021801841732193e-12,-4.5726676631565605e-08,100,5.0,1.0986328124998754e-05,2.3318169576527916e-06,0.991210937500001,0.00023041792257617793,7.760965271214601e-08,7.748600177986544e-06
T-L,AN,mc_learned_baseline,False,48,195,138840,49920,49920,0,0,39000,69420,277680,262144,1.0453125000000003,1.0410000000000001,1.047495878933147,0.00013467399299904592,3.301258514710462e-06,public_state_tabular_independent_mc,0,0.013958503472231149,8.443629399989732,True,accepted_return_check_disabled,0.1,1,1.5123843666957405e-12,-0.0006720867938967384,100,5.0,0.0006948852539062502,5.065675456479213e-08,0.4246835443037972,0.00018175448782522545,0.0006714181229653595,5.6287931738262524e-05
T-L,AN,mc_learned_baseline,False,48,196,139552,50176,50176,0,0,39200,69776,279104,262144,1.0500000000000003,1.044,1.0474956201352004,-2.587979466284196e-07,1.2410702893313465e-11,public_state_tabular_independent_mc,1,0.013959763156035799,8.49330440000631,True,accepted_return_check_disabled,0.1,1,3.207934699595705e-13,1.7480903280591145e-09,100,5.0,2.465190328815662e-32,2.875568779655718e-06,1.0,0.00022867005646266678,1.7480903280599626e-09,-1.1447835324536546e-06
T-L,AN,mc_learned_baseline,False,48,197,140264,50432,50432,0,0,39400,70132,280528,262144,1.0429687500000004,1.0470000000000002,1.0476928749089047,0.0001972547737043584,7.626554734977595e-06,public_state_tabular_independent_mc,0,0.012992553736030909,8.550821000011638,True,accepted_return_check_disabled,0.1,1,1.1994439837848594e-10,-0.0015934599181049683,100,5.0,0.0010409545898437502,5.1615316131467346e-08,0.3057800511508958,0.0007222046645169126,0.0015821464377851638,-0.0004946591628729713
T-L,AN,mc_learned_baseline,False,48,198,140976,50688,50688,0,0,39600,70488,281952,262144,1.0476562500000002,1.05,1.0477606428044026,6.776789549789441e-05,9.421814875457191e-07,public_state_tabular_independent_mc,0,0.012657191589795053,8.602448099991307,True,accepted_return_check_disabled,0.1,1,2.202291252830901e-11,-0.00019408594242323102,100,5.0,0.00046757052597695166,0.00011933301953157452,0.6185693888749857,4.0385678573830305e-05,0.00019226993391061913,0.00017172112551864092
T-L,AN,mc_learned_baseline,False,48,199,141688,50944,50944,0,0,39800,70844,283376,262144,1.0500000000000003,1.0470000000000002,1.047760458002384,-1.848020185768462e-07,7.101930809077601e-12,public_state_tabular_independent_mc,1,0.012658109486118467,8.650972799980082,True,accepted_return_check_disabled,0.1,1,3.287802963707568e-14,1.6202433038044158e-09,100,5.0,2.465190328815662e-32,2.2767128951038336e-06,1.0,0.00020780397912877822,1.6202433038051952e-09,-1.0404134314667443e-06
T-L,AN,mc_learned_baseline,False,48,200,142400,51200,51200,0,0,40000,71200,284800,262144,1.0500000000000003,1.05,1.0477617848733505,1.3268709664338019e-06,3.662549815067629e-10,public_state_tabular_independent_mc,0,0.012651518725370877,8.690444399951957,True,accepted_return_check_disabled,0.1,1,1.1579143401448603e-12,-3.843164577886922e-08,100,5.0,1.0986328124998754e-05,3.2761244441047073e-06,0.991210937500001,0.0002002504896552246,6.525722938909636e-08,6.527572447706787e-06
T-L,AN,mc_learned_baseline,False,48,201,143112,51456,51456,0,0,40200,71556,286224,262144,1.0500000000000003,1.0410000000000001,1.0477627112074133,9.263340627896355e-07,1.7859702903149332e-10,public_state_tabular_independent_mc,0,0.012646917072744708,8.726338100037538,True,accepted_return_check_disabled,0.1,1,2.7324600515089894e-12,-6.170984170406608e-09,100,5.0,2.7465820312496886e-06,3.0317169905969576e-08,0.9978027343750002,0.00020242817402272016,2.7432499358818708e-08,4.245803680762753e-06
T-L,AN,mc_learned_baseline,False,48,202,143824,51712,51712,0,0,40400,71912,287648,262144,1.0500000000000003,1.05,1.0477647241142867,2.0129068734053845e-06,8.439544601054927e-10,public_state_tabular_independent_mc,0,0.012636916583897885,8.766075400053523,True,accepted_return_check_disabled,0.1,1,6.734157389535317e-13,-1.6429502247722406e-07,100,5.0,4.39453124999971e-05,2.626412411410962e-05,0.9648437500000024,0.00019588111630754518,1.785206795656886e-07,1.0720195413574122e-05
T-L,AN,mc_learned_baseline,False,48,203,144536,51968,51968,0,0,40600,72268,289072,262144,1.0500000000000003,1.05,1.0477645403746352,-1.837396514936529e-07,7.033714437084284e-12,public_state_tabular_independent_mc,1,0.012637829503228257,8.80960519996006,True,accepted_return_check_disabled,0.1,1,3.7134224980683067e-14,1.618552381602437e-09,100,5.0,2.465190328815662e-32,2.2680262321223615e-06,1.0,0.00020748229559306493,1.6185523816032034e-09,-1.0388888284417186e-06
T-L,AN,mc_learned_baseline,False,48,204,145248,52224,52224,0,0,40800,72624,290496,262144,1.0453125000000003,1.05,1.0478977921693635,0.0001332517947283396,3.85969893308779e-06,public_state_tabular_independent_mc,0,0.011972137337929527,8.852170799975283,True,accepted_return_check_disabled,0.1,1,6.00087499835701e-11,-0.0008006063278132038,100,5.0,0.0006948852539062503,6.477046042750784e-08,0.4246835443037972,0.00027448972885998457,0.0007950470709202833,-6.803190823541339e-05
T-L,AN,mc_learned_baseline,False,48,205,145960,52480,52480,0,0,41000,72980,291920,262144,1.0476562500000002,1.05,1.0479668033821887,6.901121282520961e-05,1.0830608004602014e-06,public_state_tabular_independent_mc,1,0.011624352005952335,8.890998700051568,True,accepted_return_check_disabled,0.1,1,2.1827600722094022e-11,-0.0002155746399792507,100,5.0,0.00035400390625000064,4.724410645576093e-06,0.6155422840019977,4.52433769383994e-05,0.0002171779678387012,0.00015075188200535668
T-L,AN,mc_learned_baseline,False,48,206,146672,52736,52736,0,0,41200,73336,293344,262144,1.0476562500000002,1.05,1.0480355724491675,6.876906697872442e-05,1.1137016958851693e-06,public_state_tabular_independent_mc,0,0.011275762100408674,8.928397699957713,True,accepted_return_check_disabled,0.1,1,1.8178197961956373e-11,-0.00022151823409150185,100,5.0,0.0003598022460937483,1.3112545871327272e-05,0.613450973863827,4.716968540020027e-05,0.00022361024114305776,0.0001434081606983798
T-L,AN,mc_learned_baseline,False,48,207,147384,52992,52992,0,0,41400,73692,294768,262144,1.0500000000000003,1.044,1.0480363638677188,7.914185513602234e-07,1.4931985163616298e-10,public_state_tabular_independent_mc,0,0.011271737909155437,8.967687800060958,True,accepted_return_check_disabled,0.1,1,1.6675229004299334e-12,-5.370443548566293e-09,100,5.0,2.7465820312496886e-06,1.2651091813615452e-07,0.9978027343750002,0.0001814636482697917,2.38883727933885e-08,3.702029766286358e-06
T-L,AN,mc_learned_baseline,False,48,208,148096,53248,53248,0,0,41600,74048,296192,262144,1.0500000000000003,1.05,1.04803715489566,7.910279411493804e-07,1.4923535995501004e-10,public_state_tabular_independent_mc,0,0.011267715416292453,9.010695700068027,True,accepted_return_check_disabled,0.1,1,1.66463718213773e-12,-5.368133422644616e-09,100,5.0,2.7465820312496886e-06,1.268976321154175e-07,0.9978027343750002,0.00018140290708812694,2.387813414035662e-08,3.7004568444949575e-06
T-L,AN,mc_learned_baseline,False,48,209,148808,53504,53504,0,0,41800,74404,297616,262144,1.0453125000000003,1.05,1.0481725700823192,0.00013541518665927121,4.598624676345754e-06,public_state_tabular_independent_mc,1,0.010574691127891193,9.052971199969761,True,accepted_return_check_disabled,0.1,1,8.353789283043041e-11,-0.000927995024389423,100,5.0,0.0007080078125000013,7.190953257168946e-06,0.4180063291139243,0.0003832608105327495,0.0009348976524023478,-0.0001982197306068281
T-L,AN,mc_learned_baseline,False,48,210,149520,53760,53760,0,0,42000,74760,299040,262144,1.0476562500000002,1.05,1.0482403504753515,6.778039303223515e-05,1.21349564137615e-06,public_state_tabular_independent_mc,1,0.010224399035547824,9.09827790001873,True,accepted_return_check_disabled,0.1,1,2.4318099919811762e-11,-0.0002505090079929577,100,5.0,0.00035400390625000064,4.218575024599198e-06,0.6155422840019975,5.7006402254847124e-05,0.0002482032442373646,0.00011737040576557869
T-L,AN,mc_learned_baseline,False,48,211,150232,54016,54016,0,0,42200,75116,300464,262144,1.0476562500000002,1.05,1.0483085583994827,6.82079241312028e-05,1.2803407538548883e-06,public_state_tabular_independent_mc,1,0.009869500038245192,9.1356827999698,True,accepted_return_check_disabled,0.1,1,5.794847420042511e-13,-0.00026092137887774044,100,5.0,0.00035400390625000064,4.1057775822450745e-06,0.6155422840019977,6.224899214576189e-05,0.00026003755918565814,0.00010678583537529224
T-L,AN,mc_learned_baseline,False,48,212,150944,54272,54272,0,0,42400,75472,301888,262144,1.0476562500000002,1.05,1.048377375370395,6.88169709124331e-05,1.3608437342744588e-06,public_state_tabular_independent_mc,1,0.009508887797032097,9.174795900005847,True,accepted_return_check_disabled,0.1,1,2.2060301747182097e-11,-0.0002722929735692759,100,5.0,0.00035400390625000064,3.996907218295883e-06,0.6155422840019975,6.887033988663e-05,0.0002739651354781835,9.478329559701695e-05
T-L,AN,mc_learned_baseline,False,48,213,151656,54528,54528,0,0,42600,75828,303312,262144,1.0500000000000003,1.0470000000000002,1.0483773094235669,-6.59468282204756e-08,1.2675822378790216e-12,public_state_tabular_independent_mc,1,0.009509234571542057,9.221397000015713,True,accepted_return_check_disabled,0.1,1,2.6229221676272975e-12,1.5073607722900257e-09,100,5.0,2.465190328815662e-32,1.1529798352650762e-06,1.0,0.00015906662035018268,1.5073607722906717e-09,-8.478488650513284e-07
T-L,AN,mc_learned_baseline,False,48,214,152368,54784,54784,0,0,42800,76184,304736,262144,1.0500000000000003,1.0470000000000002,1.0483772434693315,-6.595423540645129e-08,1.2677450844490624e-12,public_state_tabular_independent_mc,1,0.009509581382543283,9.266576200025156,True,accepted_return_check_disabled,0.1,1,2.6225752997501887e-12,1.5073529704544493e-09,100,5.0,2.465190328815662e-32,1.1530796617357532e-06,1.0,0.00015907185374734254,1.5073529704550949e-09,-8.478649156109501e-07
T-L,AN,mc_learned_baseline,False,48,215,153080,55040,55040,0,0,43000,76540,306160,262144,1.0500000000000003,1.05,1.0483771775076867,-6.596164481287303e-08,1.2679596036649973e-12,public_state_tabular_independent_mc,1,0.00950992823004588,9.30344339995645,True,accepted_return_check_disabled,0.1,1,2.6222255330978588e-12,1.507345172785225e-09,100,5.0,2.465190328815662e-32,1.1531795037687136e-06,1.0,0.00015907708772865654,1.5073451727858415e-09,-8.478809688841851e-07
T-L,AN,mc_learned_baseline,False,48,216,153792,55296,55296,0,0,43200,76896,307584,262144,1.0453125000000003,1.0470000000000002,1.04850916186555,0.00013198435786332396,5.390053071509545e-06,public_state_tabular_independent_mc,0,0.00881083922754446,9.348201200016774,True,accepted_return_check_disabled,0.1,1,5.6732393273306535e-11,-0.0011269765200465534,100,5.0,0.0006948852539062501,3.9835278416054695e-07,0.42468354430379696,0.0005476263700071849,0.0011184781492550987,-0.0003893919447377698
T-L,AN,mc_learned_baseline,False,48,217,154504,55552,55552,0,0,43400,77252,309008,262144,1.0500000000000003,1.044,1.0485091086166514,-5.324889862379223e-08,9.043795865751956e-13,public_state_tabular_independent_mc,1,0.008811123384954617,9.389040800044313,True,accepted_return_check_disabled,0.1,1,3.302404861285967e-12,1.5325677468087952e-09,100,5.0,2.465190328815662e-32,9.62177294033489e-07,1.0,0.00014860069765907036,1.5325677468093825e-09,-8.172868220984426e-07
T-L,AN,mc_learned_baseline,False,48,218,155216,55808,55808,0,0,43600,77608,310432,262144,1.0500000000000003,1.05,1.048509055363364,-5.325328733540857e-08,9.045202221372348e-13,public_state_tabular_independent_mc,1,0.008811407564027878,9.42982119997032,True,accepted_return_check_disabled,0.1,1,3.3021685903196724e-12,1.532554055310224e-09,100,5.0,2.465190328815662e-32,9.62250881293523e-07,1.0,0.00014860492971643355,1.532554055310861e-09,-8.172987353192529e-07
T-L,AN,mc_learned_baseline,False,48,219,155928,56064,56064,0,0,43800,77964,311856,262144,1.0500000000000003,1.05,1.0485090021056862,-5.3257677823381755e-08,9.045990805702692e-13,public_state_tabular_independent_mc,1,0.008811691764769905,9.474389599985443,True,accepted_return_check_disabled,0.1,1,3.301872561485441e-12,1.5325403650145725e-09,100,5.0,2.465190328815662e-32,9.623244774543284e-07,1.0,0.000148609162119796,1.5325403650151904e-09,-8.173106496809827e-07
T-L,AN,mc_learned_baseline,False,48,220,156640,56320,56320,0,0,44000,78320,313280,262144,1.0476562500000002,1.05,1.0485766690964415,6.766699075533289e-05,1.5101721021525347e-06,public_state_tabular_independent_mc,1,0.00844910127712962,9.514238000032492,True,accepted_return_check_disabled,0.1,1,2.7339844520952155e-11,-0.0003122043151468999,100,5.0,0.00035400390625000064,3.702492601533521e-06,0.6155422840019975,9.087626109197737e-05,0.00030977379102105416,5.6919811212085246e-05
T-L,AN,mc_learned_baseline,False,48,221,157352,56576,56576,0,0,44200,78676,314704,262144,1.0476562500000002,1.0470000000000002,1.048644410915394,6.774181895252696e-05,1.5935141798682324e-06,public_state_tabular_independent_mc,1,0.008083120409620538,9.555127699975856,True,accepted_return_check_disabled,0.1,1,1.225724984566308e-11,-0.0003284302597718554,100,5.0,0.00035400390625000064,3.612666117090348e-06,0.6155422840019975,0.00010157748811973854,0.0003261833935643698,4.085924041003549e-05
T-L,AN,mc_learned_baseline,False,48,222,158064,56832,56832,0,0,44400,79032,316128,262144,1.0476562500000002,1.05,1.0487128365570724,6.842564167830467e-05,1.7173597838596446e-06,public_state_tabular_independent_mc,1,0.007710240843380158,9.596397400018759,True,accepted_return_check_disabled,0.1,1,1.6430809340435096e-11,-0.00034644011022307583,100,5.0,0.00035400390625000064,3.527331357542507e-06,0.6155422840019975,0.0001156451384972161,0.00034776358620647053,2.1420893250455558e-05
T-L,AN,mc_learned_baseline,False,48,223,158776,57088,57088,0,0,44600,79388,317552,262144,1.0500000000000003,1.05,1.0487132924418077,4.558847352953421e-07,7.766511446776111e-11,public_state_tabular_independent_mc,0,0.007707745660626339,9.63520839996636,True,accepted_return_check_disabled,0.1,1,1.2940878308626504e-14,-3.4011554674211476e-09,100,5.0,2.7465820312496886e-06,6.8652049609765e-07,0.9978027343750002,0.00012928182563660948,1.513645833442201e-08,2.3537337933481404e-06
T-L,AN,mc_learned_baseline,False,48,224,159488,57344,57344,0,0,44800,79744,318976,262144,1.0500000000000003,1.05,1.0487137481001447,4.5565833706184833e-07,7.761778345574677e-11,public_state_tabular_independent_mc,0,0.007705251565574898,9.68090400006622,True,accepted_return_check_disabled,0.1,1,1.2736256810253317e-14,-3.399835460112302e-09,100,5.0,2.7465820312496886e-06,6.870519347464786e-07,0.9978027343750002,0.00012924650042467285,1.5130575814675956e-08,2.3528246985492384e-06
T-L,AN,mc_learned_baseline,False,48,225,160200,57600,57600,0,0,45000,80100,320400,262144,1.0500000000000003,1.05,1.0487142035321966,4.5543205184905844e-07,7.75704863644485e-11,public_state_tabular_independent_mc,0,0.007702758557775953,9.723117799963802,True,accepted_return_check_disabled,0.1,1,1.2476626221665742e-14,-3.398516115447845e-09,100,5.0,2.7465820312496886e-06,6.87583317152127e-07,0.9978027343750002,0.0001292111925391093,1.512469622619674e-08,2.3519160531784533e-06
T-L,AN,mc_learned_baseline,False,48,226,160912,57856,57856,0,0,45200,80456,321824,262144,1.0476562500000002,1.05,1.0487827401388619,6.85366066652815e-05,1.8284775718319378e-06,public_state_tabular_independent_mc,1,0.0073257852674762656,9.767352399998344,True,accepted_return_check_disabled,0.1,1,2.293534021752367e-11,-0.0003671548284958343,100,5.0,0.00035400390625000064,3.4441957326141736e-06,0.6155422840019975,0.0001316205737167174,0.0003703559531190274,-9.366388818439052e-08
T-L,AN,mc_learned_baseline,False,48,227,161624,58112,58112,0,0,45400,80812,323248,262144,1.0453125000000003,1.0470000000000002,1.048912754828356,0.0001300146894942511,7.282870144771051e-06,public_state_tabular_independent_mc,0,0.006600542698969163,9.80442870000843,True,accepted_return_check_disabled,0.1,1,9.500582146842512e-11,-0.0015415246320006435,100,5.0,0.0006948852539062503,8.259799289930841e-07,0.4246835443037974,0.0009248645501123614,0.001529228862655619,-0.0007987825767137968
T-L,AN,mc_learned_baseline,False,48,228,162336,58368,58368,0,0,45600,81168,324672,262144,1.0500000000000003,1.0470000000000002,1.0489127535684886,-1.2598675436237272e-09,7.39235141404628e-16,public_state_tabular_independent_mc,1,0.0066005497957406555,9.854317800025456,True,accepted_return_check_disabled,0.1,1,6.944214610270421e-12,1.417016142020914e-09,100,5.0,2.465190328815662e-32,4.85886804378641e-07,1.0,0.00011639153322115774,1.4170161420213723e-09,-6.623134600320599e-07
T-L,AN,mc_learned_baseline,False,48,229,163048,58624,58624,0,0,45800,81524,326096,262144,1.0476562500000002,1.05,1.0489804384057928,6.768483730423824e-05,2.158823121963589e-06,public_state_tabular_independent_mc,1,0.006217179110613871,9.894618400023319,True,accepted_return_check_disabled,0.1,1,5.932023614095966e-13,-0.0004422674786136886,100,5.0,0.00035400390625000064,3.232960780648039e-06,0.6155422840019975,0.00018848248528117347,0.00044167081697896676,-7.275316511366525e-05
T-L,AN,mc_learned_baseline,False,48,230,163760,58880,58880,0,0,46000,81880,327520,262144,1.0500000000000003,1.0470000000000002,1.048980462129594,2.3723801145791867e-08,2.7155677076366726e-13,public_state_tabular_independent_mc,1,0.006217044011494112,9.932739099953324,True,accepted_return_check_disabled,0.1,1,8.615110620694408e-12,1.1654037841796936e-09,100,5.0,2.465190328815662e-32,4.2196050589830415e-07,1.0,0.00011091636392183737,1.1654037841800944e-09,-5.795503289335118e-07
T-L,AN,mc_learned_baseline,False,48,231,164472,59136,59136,0,0,46200,82236,328944,262144,1.0500000000000003,1.05,1.0489807854072897,3.2327769572404463e-07,5.0439441518378157e-11,public_state_tabular_independent_mc,0,0.006215202999976267,9.975100300041959,True,accepted_return_check_disabled,0.1,1,2.9262090700715414e-13,-2.627416993007481e-09,100,5.0,2.7465820312496886e-06,1.0342504551256467e-06,0.9978027343750002,0.00010851521917405645,1.168459782425264e-08,1.8197019291228702e-06
T-L,AN,mc_learned_baseline,False,48,232,165184,59392,59392,0,0,46400,82592,330368,262144,1.0500000000000003,1.05,1.0489808092590722,2.3851782549044742e-08,2.7459360022126203e-13,public_state_tabular_independent_mc,1,0.006215067164212584,10.019510600017384,True,accepted_return_check_disabled,0.1,1,8.621732876351892e-12,1.163677701102573e-09,100,5.0,2.465190328815662e-32,4.2164457064949546e-07,1.0,0.00011088814327282913,1.1636777011029965e-09,-5.790106642797637e-07
T-L,AN,mc_learned_baseline,False,48,233,165896,59648,59648,0,0,46600,82948,331792,262144,1.0500000000000003,1.05,1.0489808331196406,2.3860568409972416e-08,2.748216105091872e-13,public_state_tabular_independent_mc,1,0.006214931277874641,10.068129700026475,True,accepted_return_check_disabled,0.1,1,8.622164761218476e-12,1.1635588777003813e-09,100,5.0,2.465190328815662e-32,4.2162285868508255e-07,1.0,0.00011088620341941374,1.1635588777007982e-09,-5.789735186017388e-07
T-L,AN,mc_learned_baseline,False,48,234,166608,59904,59904,0,0,46800,83304,333216,262144,1.0500000000000003,1.05,1.0489811562144584,3.2309481778902693e-07,5.0402828322799466e-11,public_state_tabular_independent_mc,0,0.006213091194402362,10.10889060003683,True,accepted_return_check_disabled,0.1,1,2.936303433019212e-13,-2.626346218476174e-09,100,5.0,2.7465820312496886e-06,1.0347822001398289e-06,0.9978027343750002,0.0001084863653413442,1.1679815576939629e-08,1.818961150262598e-06
T-L,AN,mc_learned_baseline,False,48,235,167320,60160,60160,0,0,47000,83660,334640,262144,1.0453125000000003,1.05,1.0491117173730806,0.00013056115862219997,9.111818212867024e-06,public_state_tabular_independent_mc,1,0.005460974279088868,10.148724699974991,True,accepted_return_check_disabled,0.1,1,2.0006586106336883e-11,-0.0019029351901496574,100,5.0,0.0007080078125000013,5.918328830076018e-06,0.4180063291139242,0.0012815151174847242,0.0019116654102172997,-0.0011712355650253488
T-L,AN,mc_learned_baseline,False,48,236,168032,60416,60416,0,0,47200,84016,336064,262144,1.0500000000000003,1.0470000000000002,1.0491121512141777,4.338410970472495e-07,1.0605942706591211e-10,public_state_tabular_independent_mc,0,0.0054584453858019764,10.18715000001248,True,accepted_return_check_disabled,0.1,1,3.624458037864532e-13,-1.3991116702525005e-08,100,5.0,1.0986328124998754e-05,7.644075072245183e-06,0.991210937500001,9.746520845369395e-05,2.376920539778016e-08,2.3937782823620126e-06
T-L,AN,mc_learned_baseline,False,48,237,168744,60672,60672,0,0,47400,84372,337488,262144,1.0500000000000003,1.05,1.0491124099932763,2.5877909859417514e-07,3.7750467461286836e-11,public_state_tabular_independent_mc,0,0.0054569368431679425,10.235515200067312,True,accepted_return_check_disabled,0.1,1,8.500071217405126e-13,-2.2475990971894207e-09,100,5.0,2.7465820312496886e-06,1.2316487677189683e-06,0.9978027343750002,9.826765117349205e-05,9.987357736290053e-09,1.556665239721031e-06
T-L,AN,mc_learned_baseline,False,48,238,169456,60928,60928,0,0,47600,84728,338912,262144,1.0500000000000003,1.05,1.0491126686467553,2.5865347907938485e-07,3.772628129613591e-11,public_state_tabular_independent_mc,0,0.005455428958672396,10.284602500032634,True,accepted_return_check_disabled,0.1,1,8.51415175230089e-13,-2.24685336779964e-09,100,5.0,2.7465820312496886e-06,1.2320537431385837e-06,0.9978027343750002,9.824748785570406e-05,9.984023588899294e-09,1.5561481842725313e-06
T-L,AN,mc_learned_baseline,False,48,239,170168,61184,61184,0,0,47800,85084,340336,262144,1.0500000000000003,1.0470000000000002,1.0491125185186831,-1.5012807219605406e-07,1.270931244119799e-11,public_state_tabular_independent_mc,1,0.00545630417646864,10.331704100011848,True,accepted_return_check_disabled,0.1,1,6.1672233638165565e-12,2.3399078744701e-10,100,5.0,2.465190328815662e-32,3.1028801136555575e-07,1.0,0.00010002291905462614,2.339907874471865e-10,-2.3995341943990946e-07
T-L,AN,mc_learned_baseline,False,48,240,170880,61440,61440,0,0,48000,85440,341760,262144,1.0500000000000003,1.05,1.0491123679124634,-1.5060621971763055e-07,1.2787955335107848e-11,public_state_tabular_independent_mc,1,0.005457182156672208,10.374058600049466,True,accepted_return_check_disabled,0.1,1,6.209734918489259e-12,2.350620014115772e-10,100,5.0,2.465190328815662e-32,3.104048846612028e-07,1.0,0.00010003548882560414,2.350620014117519e-10,-2.4052563192823146e-07
T-L,AN,mc_learned_baseline,False,48,241,171592,61696,61696,0,0,48200,85796,343184,262144,1.0500000000000003,1.05,1.0491122168486664,-1.5106379702700679e-07,1.2863266073205969e-11,public_state_tabular_independent_mc,1,0.0054580627791409346,10.420944000012241,True,accepted_return_check_disabled,0.1,1,6.249819280747556e-12,2.3613795434408006e-10,100,5.0,2.465190328815662e-32,3.105221528364367e-07,1.0,0.00010004809813451431,2.3613795434425806e-10,-2.41099194822153e-07
T-L,AN,mc_learned_baseline,False,48,242,172304,61952,61952,0,0,48400,86152,344608,262144,1.0500000000000003,1.05,1.0491124755959031,2.5874723674768063e-07,3.774432632978892e-11,public_state_tabular_independent_mc,0,0.005456554403429888,10.465999400010332,True,accepted_return_check_disabled,0.1,1,8.503196530752477e-13,-2.247409956630917e-09,100,5.0,2.7465820312496886e-06,1.231751475837575e-06,0.9978027343750002,9.826253713087437e-05,9.986512091735286e-09,1.5565340983192968e-06
T-L,AN,mc_learned_baseline,False,48,243,173016,62208,62208,0,0,48600,86508,346032,262144,1.0500000000000003,1.05,1.04911232485703,-1.5073887316141565e-07,1.2809809570742205e-11,public_state_tabular_independent_mc,1,0.005457433149775643,10.506479599978775,True,accepted_return_check_disabled,0.1,1,6.221418791033301e-12,2.353685129360994e-10,100,5.0,2.465190328815662e-32,3.104383037858525e-07,1.0,0.00010003908252985832,2.353685129362826e-10,-2.406891455574466e-07
T-L,AN,mc_learned_baseline,False,48,244,173728,62464,62464,0,0,48800,86864,347456,262144,1.0500000000000003,1.05,1.0491121736664537,-1.511905762807686e-07,1.2884155325691415e-11,public_state_tabular_independent_mc,1,0.005458314504077045,10.542846100055613,True,accepted_return_check_disabled,0.1,1,6.260852811495007e-12,2.3644579195887904e-10,100,5.0,2.465190328815662e-32,3.1055568173062383e-07,1.0,0.00010005170280310806,2.364457919590518e-10,-2.4126307855154357e-07
T-L,AN,mc_learned_baseline,False,48,245,174440,62720,62720,0,0,49000,87220,348880,262144,1.0500000000000003,1.0470000000000002,1.0491120220447763,-1.5162167743554278e-07,1.2955242886324832e-11,public_state_tabular_independent_mc,1,0.005459198346019727,10.585367299965583,True,accepted_return_check_disabled,0.1,1,6.297980311366703e-12,2.375276270569406e-10,100,5.0,2.465190328815662e-32,3.106734342338191e-07,1.0,0.00010006436039428279,2.3752762705712407e-10,-2.418382555127193e-07
T-L,AN,mc_learned_baseline,False,48,246,175152,62976,62976,0,0,49200,87576,350304,262144,1.0500000000000003,1.05,1.049111870012605,-1.5203217129666768e-07,1.3023008880980892e-11,public_state_tabular_independent_mc,1,0.005460084555270552,10.627729700063355,True,accepted_return_check_disabled,0.1,1,6.332611152314568e-12,2.386138748047593e-10,100,5.0,2.465190328815662e-32,3.107915454501065e-07,1.0,0.00010007705357412597,2.386138748049347e-10,-2.4241459380240315e-07
T-L,AN,mc_learned_baseline,False,48,247,175864,63232,63232,0,0,49400,87932,351728,262144,1.0476562500000002,1.05,1.049178149814332,6.627980172702053e-05,2.624368942619772e-06,public_state_tabular_independent_mc,0,0.005071234095297383,10.66435650002677,True,accepted_return_check_disabled,0.1,1,4.889530893780244e-11,-0.0005502130649716943,100,5.0,0.0003488159179687499,1.2624875616854913e-06,0.6194439820209761,0.0002790495125742424,0.0005453591653865094,-0.00017920272397207022
T-L,AN,mc_learned_baseline,False,48,248,176576,63488,63488,0,0,49600,88288,353152,262144,1.0500000000000003,1.05,1.0491781407714704,-9.042861570662808e-09,5.0323463223368895e-14,public_state_tabular_independent_mc,1,0.005071287500083601,10.69896010006778,True,accepted_return_check_disabled,0.1,1,2.0739561138135706e-13,1.0674188015544392e-11,100,5.0,2.465190328815662e-32,2.614603437102323e-07,1.0,9.449874475245895e-05,1.0674188015508463e-11,4.8999378304884357e-08
T-L,AN,mc_learned_baseline,False,48,249,177288,63744,63744,0,0,49800,88644,354576,262144,1.0500000000000003,1.05,1.049178130691816,-1.0079654444439257e-08,6.252017032589944e-14,public_state_tabular_independent_mc,1,0.005071347027779932,10.734981899964623,True,accepted_return_check_disabled,0.1,1,2.3119731138076024e-13,1.0654968215450985e-11,100,5.0,2.465190328815662e-32,2.614667907180807e-07,1.0,9.449951185617822e-05,1.0654968215414527e-11,4.895556328662656e-08
T-L,AN,mc_learned_baseline,False,48,250,178000,64000,64000,0,0,50000,89000,356000,262144,1.0500000000000003,1.05,1.0491781194643892,-1.122742676606947e-08,7.756022633503551e-14,public_state_tabular_independent_mc,1,0.005071413333764013,10.774429799988866,True,accepted_return_check_disabled,0.1,1,2.5916581622142363e-13,1.06335657125477e-11,100,5.0,2.465190328815662e-32,2.614739769922819e-07,1.0,9.450036691019032e-05,1.063356571251179e-11,4.8906725200306435e-08
T-L,AN,mc_learned_baseline,False,48,251,178712,64256,64256,0,0,50200,89356,357424,262144,1.0500000000000003,1.05,1.049178106968842,-1.2495547263569051e-08,9.607483775809922e-14,public_state_tabular_independent_mc,1,0.005071487128725479,10.819513399968855,True,accepted_return_check_disabled,0.1,1,2.919578979373227e-13,1.0609752049719017e-11,100,5.0,2.465190328815662e-32,2.61481981688614e-07,1.0,9.450131932870086e-05,1.0609752049683293e-11,4.885232648484135e-08
T-L,AN,mc_learned_baseline,False,48,252,179424,64512,64512,0,0,50400,89712,358848,262144,1.0500000000000003,1.044,1.049178093075514,-1.3893328043579345e-08,1.187405081553449e-13,public_state_tabular_independent_mc,1,0.0050715691783403205,10.860271199955605,True,accepted_return_check_disabled,0.1,1,3.3034036896354497e-13,1.0583280820737755e-11,100,5.0,2.465190328815662e-32,2.614908906512389e-07,1.0,9.450237932052196e-05,1.0583280820701816e-11,4.879178423023414e-08
T-L,AN,mc_learned_baseline,False,48,253,180136,64768,64768,0,0,50600,90068,360272,262144,1.0500000000000003,1.0470000000000002,1.0491780776458905,-1.5429623356766342e-08,1.4652889803283953e-13,public_state_tabular_independent_mc,1,0.005071660300558345,10.899676400003955,True,accepted_return_check_disabled,0.1,1,3.7520059534066084e-13,1.0553888220299651e-11,100,5.0,2.465190328815662e-32,2.61500796374316e-07,1.0,9.45035578844084e-05,1.0553888220263741e-11,4.8724470462202e-08
T-L,AN,mc_learned_baseline,False,48,254,180848,65024,65024,0,0,50800,90424,361696,262144,1.0476562500000002,1.05,1.0492452875440381,6.720989814756884e-05,2.9680682662412925e-06,public_state_tabular_independent_mc,1,0.004671883558453877,10.934170600026846,True,accepted_return_check_disabled,0.1,1,2.2097017684540195e-11,-0.0006079314383984059,100,5.0,0.00035400390625000064,3.0127657935941755e-06,0.6155422840019975,0.0003340187267084416,0.0006099109475751019,-0.00023946521022394444
T-L,AN,mc_learned_baseline,False,48,255,181560,65280,65280,0,0,51000,90780,363120,262144,1.0500000000000003,1.05,1.0492453913886999,1.0384466175850093e-07,7.324788602452854e-12,public_state_tabular_independent_mc,1,0.0046712614015634694,10.973041499964893,True,accepted_return_check_disabled,0.1,1,1.0220967617422739e-12,5.749178775487253e-10,100,5.0,2.465190328815662e-32,2.158492849788882e-07,1.0,8.883649494564746e-05,5.749178775484798e-10,3.4183264393763423e-07
T-L,AN,mc_learned_baseline,False,48,256,182272,65536,65536,0,0,51200,91136,364544,262144,1.0500000000000003,1.0470000000000002,1.0492455865687396,1.9518003968599373e-07,2.5882697360325098e-11,public_state_tabular_independent_mc,0,0.0046700919946722035,11.012889000005089,True,accepted_return_check_disabled,0.1,1,1.8030808258491056e-12,-1.863921854531538e-09,100,5.0,2.7465820312496886e-06,1.4490217317906262e-06,0.9978027343750002,8.787965734268852e-05,8.270996283940858e-09,1.2903564676839977e-06
T-L,AN,mc_learned_baseline,False,48,257,182984,65792,65792,0,0,51400,91492,365968,262144,1.0500000000000003,1.05,1.0492456896585636,1.0308982401063815e-07,7.2220506220446604e-12,public_state_tabular_independent_mc,1,0.00466947431896728,11.049146300065331,True,accepted_return_check_disabled,0.1,1,9.744202161784788e-13,5.781934297179819e-10,100,5.0,2.465190328815662e-32,2.1565622053442793e-07,1.0,8.881166347308362e-05,5.781934297177123e-10,3.4272423849447e-07
T-L,AN,mc_learned_baseline,False,48,258,183696,66048,66048,0,0,51600,91848,367392,262144,1.0500000000000003,1.05,1.0492457924895167,1.028309530859417e-07,7.186962187874716e-12,public_state_tabular_independent_mc,1,0.00466885818014078,11.086434400058351,True,accepted_return_check_disabled,0.1,1,9.58272227118491e-13,5.793199524113495e-10,100,5.0,2.465190328815662e-32,2.1558968161094233e-07,1.0,8.880310426979568e-05,5.793199524111018e-10,3.430300623025086e-07
T-L,AN,mc_learned_baseline,False,48,259,184408,66304,66304,0,0,51800,92204,368816,262144,1.0500000000000003,1.05,1.0492464748351702,6.823456535354211e-07,2.3243426425657165e-10,public_state_tabular_independent_mc,1,0.0046652178185131584,11.125765400007367,True,accepted_return_check_disabled,0.1,1,1.5500365191440376e-12,-4.935856090395458e-08,100,5.0,9.335021972656141e-05,8.643828895791737e-05,0.99958740234375,8.535301065450455e-05,5.416735900849535e-08,3.78489101219355e-06
T-L,AN,mc_learned_baseline,False,48,260,185120,66560,66560,0,0,52000,92560,370240,262144,1.0476562500000002,1.05,1.0493133965150094,6.692167983923802e-05,3.2753800315181746e-06,public_state_tabular_independent_mc,1,0.00426104191289365,11.168253000010736,True,accepted_return_check_disabled,0.1,1,1.0705757108422068e-11,-0.0006726282478991617,100,5.0,0.00035400390625000064,2.967847165408467e-06,0.6155422840019977,0.00039460076902974873,0.0006766789322202525,-0.00030554702595894976
T-L,AN,mc_learned_baseline,False,48,261,185832,66816,66816,0,0,52200,92916,371664,262144,1.0500000000000003,1.05,1.049313528302186,1.3178717650497163e-07,1.3179809145558709e-11,public_state_tabular_independent_mc,1,0.004260239668977275,11.209387499955483,True,accepted_return_check_disabled,0.1,1,4.836871835930468e-12,4.0961024171414403e-10,100,5.0,2.465190328815662e-32,1.742343024976315e-07,1.0,8.342316658635601e-05,4.0961024171392906e-10,2.7303406415586664e-07
T-L,AN,mc_learned_baseline,False,48,262,186544,67072,67072,0,0,52400,93272,373088,262144,1.0500000000000003,1.05,1.049313659964137,1.3166195111935508e-07,1.3157777260687326e-11,public_state_tabular_independent_mc,1,0.004259438161386644,11.247035900014453,True,accepted_return_check_disabled,0.1,1,4.84176705358462e-12,4.072356353905362e-10,100,5.0,2.465190328815662e-32,1.7415816444617884e-07,1.0,8.341342804208337e-05,4.072356353903305e-10,2.7221170261316186e-07
T-L,AN,mc_learned_baseline,False,48,263,187256,67328,67328,0,0,52600,93628,374512,262144,1.0500000000000003,1.05,1.049313791481153,1.3151701594438236e-07,1.3131813326640136e-11,public_state_tabular_independent_mc,1,0.004258637510184248,11.285428200033493,True,accepted_return_check_disabled,0.1,1,4.8443539284830636e-12,4.0486093969968865e-10,100,5.0,2.465190328815662e-32,1.740821160849152e-07,1.0,8.340370165546308e-05,4.0486093969947865e-10,2.7138720021805704e-07
T-L,AN,mc_learned_baseline,False,48,264,187968,67584,67584,0,0,52800,93984,375936,262144,1.0500000000000003,1.05,1.049313922833086,1.3135193310809257e-07,1.3101839190222618e-11,public_state_tabular_independent_mc,1,0.00425783783810724,11.321411399985664,True,accepted_return_check_disabled,0.1,1,4.84454891183141e-12,4.0248660253688324e-10,100,5.0,2.465190328815662e-32,1.7400616874492543e-07,1.0,8.339398887122775e-05,4.024866025366927e-10,2.7056069179986414e-07
T-L,AN,mc_learned_baseline,False,48,265,188680,67840,67840,0,0,53000,94340,377360,262144,1.0500000000000003,1.0470000000000002,1.0493140539993613,1.311662751746212e-07,1.306778756588194e-11,public_state_tabular_independent_mc,1,0.004257039270516604,11.357286100042984,True,accepted_return_check_disabled,0.1,1,4.842278191242161e-12,4.001130808842356e-10,100,5.0,2.465190328815662e-32,1.7393033399975538e-07,1.0,8.338429116459546e-05,4.0011308088403454e-10,2.6973231671546523e-07
T-L,AN,mc_learned_baseline,False,48,266,189392,68096,68096,0,0,53200,94696,378784,262144,1.0500000000000003,1.05,1.049314184958985,1.309596238119326e-07,1.3029604882684999e-11,public_state_tabular_independent_mc,1,0.004256241935334518,11.394791100057773,True,accepted_return_check_disabled,0.1,1,4.837479003733302e-12,3.977408405523711e-10,100,5.0,2.465190328815662e-32,1.738546236591328e-07,1.0,8.337461004061114e-05,3.9774084055216486e-10,2.689022188340417e-07
T-L,AN,mc_learned_baseline,False,48,267,190104,68352,68352,0,0,53400,95052,380208,262144,1.0476562500000002,1.0353,1.0493798546985187,6.566973953359145e-05,3.5483720218795156e-06,public_state_tabular_independent_mc,1,0.0038530213781200226,11.43058160005603,True,accepted_return_check_disabled,0.1,1,6.824678155194786e-11,-0.0007518980301067172,100,5.0,0.00035400390625000064,2.927936744439628e-06,0.6155422840019975,0.00046037233455029276,0.0007453048119933057,-0.0003767393169704382
T-L,AN,mc_learned_baseline,False,48,268,190816,68608,68608,0,0,53600,95408,381632,262144,1.0476562500000002,1.05,1.0494459395032318,6.608480471315126e-05,4.0996260719167056e-06,public_state_tabular_independent_mc,1,0.0034398632106870533,11.467983999988064,True,accepted_return_check_disabled,0.1,1,3.7937859405225796e-11,-0.000848853833176851,100,5.0,0.00035400390625000064,2.893637342265315e-06,0.6155422840019977,0.0005598838580121102,0.0008527207141843095,-0.00048151334013127653
T-L,AN,mc_learned_baseline,False,48,269,191528,68864,68864,0,0,53800,95764,383056,262144,1.0476562500000002,1.05,1.0495110897366324,6.515023340059045e-05,4.63302137500606e-06,public_state_tabular_independent_mc,1,0.0030242074272747426,11.505941499955952,True,accepted_return_check_disabled,0.1,1,7.467479328124713e-14,-0.0009752843582087102,100,5.0,0.00035400390625000064,2.86347533291538e-06,0.6155422840019974,0.0006786932484921944,0.000976365436813861,-0.0006056236874620031
T-L,AN,mc_learned_baseline,False,48,270,192240,69120,69120,0,0,54000,96120,384480,262144,1.0500000000000003,1.05,1.0495111782473732,8.85107407366803e-08,9.024927286623014e-12,public_state_tabular_independent_mc,0,0.0030236365238481638,11.540679899975657,True,accepted_return_check_disabled,0.1,1,3.690171523465596e-12,-1.1009785459883914e-09,100,5.0,2.7465820312496886e-06,1.935253212440508e-06,0.9978027343750002,6.707950615723719e-05,4.852220457461867e-09,7.590010574374818e-07
T-L,AN,mc_learned_baseline,False,48,271,192952,69376,69376,0,0,54200,96476,385904,262144,1.0476562500000002,1.05,1.0495752019118914,6.402366451818686e-05,5.329835321418808e-06,public_state_tabular_independent_mc,1,0.0026056855690031805,11.578135499963537,True,accepted_return_check_disabled,0.1,1,2.6383786214924472e-11,-0.0011432164216537834,100,5.0,0.00035400390625000064,2.837998749548345e-06,0.6155422840019977,0.0008358786495137607,0.0011378861989480577,-0.0007680472548339424
T-L,AN,mc_learned_baseline,False,48,272,193664,69632,69632,0,0,54400,96832,387328,262144,1.0500000000000003,1.05,1.0495752160216627,1.4109771351300537e-08,2.7572390547410715e-13,public_state_tabular_independent_mc,1,0.002605592299170332,11.617034199996851,True,accepted_return_check_disabled,0.1,1,1.2865192736987805e-12,7.420773076904559e-11,100,5.0,2.465190328815662e-32,5.7233968908350415e-08,1.0,6.277210517162492e-05,7.420773076911219e-11,-8.62224447264066e-08
T-L,AN,mc_learned_baseline,False,48,273,194376,69888,69888,0,0,54600,97188,388752,262144,1.0476562500000002,1.05,1.0496387168873471,6.350086568440716e-05,6.466682256393495e-06,public_state_tabular_independent_mc,1,0.0021798604427859286,11.65230940002948,True,accepted_return_check_disabled,0.1,1,5.459652989515819e-11,-0.0013755020753225306,100,5.0,0.00035400390625000064,2.817150444001609e-06,0.6155422840019975,0.001073917886902248,0.001383129577666242,-0.001011233139023139
T-L,AN,mc_learned_baseline,False,48,274,195088,70144,70144,0,0,54800,97544,390176,262144,1.0500000000000003,1.05,1.049638710460225,-6.427122167806942e-09,7.158071895350767e-14,public_state_tabular_independent_mc,1,0.0021799041804052787,11.689589299960062,True,accepted_return_check_disabled,0.1,1,9.2265080940575e-13,9.606055372267744e-11,100,5.0,2.465190328815662e-32,3.918060499325244e-08,1.0,5.748888439750991e-05,9.606055372261003e-11,8.753578447950936e-08
T-L,AN,mc_learned_baseline,False,48,275,195800,70400,70400,0,0,55000,97900,391600,262144,1.0500000000000003,1.05,1.0496390287324888,3.182722638772617e-07,8.494404360599884e-11,public_state_tabular_independent_mc,1,0.0021782789345464342,11.726407399983145,True,accepted_return_check_disabled,0.1,1,2.279070086398932e-12,-2.0670303390455626e-08,100,5.0,9.335021972656141e-05,8.985370620985398e-05,0.99958740234375,5.573844492886098e-05,2.2566820257261755e-08,1.8384926453327096e-06
T-L,AN,mc_learned_baseline,False,48,276,196512,70656,70656,0,0,55200,98256,393024,262144,1.0500000000000003,1.05,1.0496390200746148,-8.657873973305641e-09,1.299468707191679e-13,public_state_tabular_independent_mc,1,0.0021783378586790816,11.763021299964748,True,accepted_return_check_disabled,0.1,1,1.1307515568942898e-12,9.881279876160357e-11,100,5.0,2.465190328815662e-32,3.911525955903775e-08,1.0,5.743303635868142e-05,9.881279876154473e-11,8.874462793835546e-08
T-L,AN,mc_learned_baseline,False,48,277,197224,70912,70912,0,0,55400,98612,394448,262144,1.0500000000000003,1.05,1.0496390114913345,-8.583280308727126e-09,1.2775612743182975e-13,public_state_tabular_independent_mc,1,0.0021783962748830065,11.809456799994223,True,accepted_return_check_disabled,0.1,1,1.1233384512570242e-12,9.869492235775178e-11,100,5.0,2.465190328815662e-32,3.911744381936086e-08,1.0,5.743378470145271e-05,9.869492235769413e-11,8.869325915405987e-08
T-L,AN,mc_learned_baseline,False,48,278,197936,71168,71168,0,0,55600,98968,395872,262144,1.0500000000000003,1.05,1.049639002983956,-8.507378579380998e-09,1.2550221562194395e-13,public_state_tabular_independent_mc,1,0.002178454174264831,11.869244400062598,True,accepted_return_check_disabled,0.1,1,1.1156597222974494e-12,9.857787956705129e-11,100,5.0,2.465190328815662e-32,3.911960933474014e-08,1.0,5.74345267114371e-05,9.857787956697934e-11,8.864221814635426e-08
T-L,AN,mc_learned_baseline,False,48,279,198648,71424,71424,0,0,55800,99324,397296,262144,1.0476562500000002,1.05,1.0497002962387447,6.129325478876346e-05,7.806321895198372e-06,public_state_tabular_independent_mc,1,0.001754222603654184,11.911462299991399,True,accepted_return_check_disabled,0.1,1,6.02878634342395e-11,-0.0017233926668145196,100,5.0,0.00035400390625000064,2.8004824614812887e-06,0.6155422840019975,0.0014067158704552645,0.0017198457084127991,-0.0013491920166669863
T-L,AN,mc_learned_baseline,False,48,280,199360,71680,71680,0,0,56000,99680,398720,262144,1.0476562500000002,1.05,1.0497591307195013,5.88344807566088e-05,1.0050153814981887e-05,public_state_tabular_independent_mc,1,0.0013307148158628295,11.948814600007609,True,accepted_return_check_disabled,0.1,1,7.666449174057105e-12,-0.0022773207900051466,100,5.0,0.00035400390625000064,2.7883162259546793e-06,0.6155422840019977,0.0019424568350616888,0.00225961433852768,-0.0018898682878250874
T-L,AN,mc_learned_baseline,False,48,281,200072,71936,71936,0,0,56200,100036,400144,262144,1.0500000000000003,1.0470000000000002,1.0497591348319062,4.112404861089658e-09,5.590739986273436e-14,public_state_tabular_independent_mc,1,0.0013306845148572113,11.991651299991645,True,accepted_return_check_disabled,0.1,1,5.0637036775200835e-14,4.259142868085561e-11,100,5.0,2.465190328815662e-32,1.6027974192419573e-08,1.0,4.780479826875683e-05,4.2591428680825235e-11,4.219484123153659e-08
T-L,AN,mc_learned_baseline,False,48,282,200784,72192,72192,0,0,56400,100392,401568,262144,1.0500000000000003,1.05,1.04975913904539,4.213483784099026e-09,5.870512339057292e-14,public_state_tabular_independent_mc,1,0.0013306534689646674,12.030605099978857,True,accepted_return_check_disabled,0.1,1,4.792383265548395e-14,4.2538164724315704e-11,100,5.0,2.465190328815662e-32,1.602743062453359e-08,1.0,4.780449367666037e-05,4.2538164724291e-11,4.216781953702001e-08
T-L,AN,mc_learned_baseline,False,48,283,201496,72448,72448,0,0,56600,100748,402992,262144,1.0500000000000003,1.05,1.0497591433628015,4.317411539389582e-09,6.167022098491196e-14,public_state_tabular_independent_mc,1,0.0013306216571899675,12.068516500061378,True,accepted_return_check_disabled,0.1,1,4.5197677482980166e-14,4.248361843305299e-11,100,5.0,2.465190328815662e-32,1.6026873713816655e-08,1.0,4.7804181600965146e-05,4.2483618433020604e-11,4.214013065541887e-08
T-L,AN,mc_learned_baseline,False,48,284,202208,72704,72704,0,0,56800,101104,404416,262144,1.0500000000000003,1.05,1.0497591477870694,4.424267840974494e-09,6.470944561623986e-14,public_state_tabular_independent_mc,1,0.0013305890579435784,12.10408279998228,True,accepted_return_check_disabled,0.1,1,4.24790698150543e-14,4.2427754941345475e-11,100,5.0,2.465190328815662e-32,1.6026303085024735e-08,1.0,4.78038618309287e-05,4.2427754941307295e-11,4.2111755650474695e-08
T-L,AN,mc_learned_baseline,False,48,285,202920,72960,72960,0,0,57000,101460,405840,262144,1.0500000000000003,1.05,1.0497591523212089,4.534139508294288e-09,6.796494626146891e-14,public_state_tabular_independent_mc,1,0.0013305556489972825,12.139841499971226,True,accepted_return_check_disabled,0.1,1,3.984839320552538e-14,4.237053847707327e-11,100,5.0,2.465190328815662e-32,1.6025718352459614e-08,1.0,4.7803534149849734e-05,4.237053847703601e-11,4.2082675046852025e-08
T-L,AN,mc_learned_baseline,False,48,286,203632,73216,73216,0,0,57200,101816,407264,262144,1.0500000000000003,1.05,1.0497591569683158,4.647106921495947e-09,7.140260510567677e-14,public_state_tabular_independent_mc,1,0.001330521407531448,12.182758899987675,True,accepted_return_check_disabled,0.1,1,3.7151723580352407e-14,4.231193227402309e-11,100,5.0,2.465190328815662e-32,1.6025119119034633e-08,1.0,4.780319833463148e-05,4.231193227400068e-11,4.205286878104255e-08
T-L,AN,mc_learned_baseline,False,48,287,204344,73472,73472,0,0,57400,102172,408688,262144,1.0500000000000003,1.05,1.0497591617315745,4.763258676376836e-09,7.504899843667619e-14,public_state_tabular_independent_mc,1,0.0013304863100729069,12.219694199971855,True,accepted_return_check_disabled,0.1,1,3.452915293071906e-14,4.2251898683490176e-11,100,5.0,2.465190328815662e-32,1.6024504977130885e-08,1.0,4.7802854156248e-05,4.225189868346556e-11,4.202231625282129e-08
T-L,AN,mc_learned_baseline,False,48,288,205056,73728,73728,0,0,57600,102528,410112,262144,1.0500000000000003,1.05,1.049759166614255,4.882680482154456e-09,7.88722095488698e-14,public_state_tabular_independent_mc,1,0.0013304503325141355,12.25935159996152,True,accepted_return_check_disabled,0.1,1,3.1887191628536177e-14,4.2190399056601465e-11,100,5.0,2.465190328815662e-32,1.602387550751678e-08,1.0,4.780250137912958e-05,4.219039905656665e-11,4.1990996260399634e-08
T-L,AN,mc_learned_baseline,False,48,289,205768,73984,73984,0,0,57800,102884,411536,262144,1.0500000000000003,1.05,1.0497591716197137,5.005458714180122e-09,8.28991825620512e-14,public_state_tabular_independent_mc,1,0.0013304134501132127,12.298422800027765,True,accepted_return_check_disabled,0.1,1,2.930813365087831e-14,4.212739379772787e-11,100,5.0,2.465190328815662e-32,1.6023230279735203e-08,1.0,4.780213976135169e-05,4.2127393797694385e-11,4.195888702189361e-08
T-L,AN,mc_learned_baseline,False,48,290,206480,74240,74240,0,0,58000,103240,412960,262144,1.0500000000000003,1.05,1.0497591767513945,5.131680858028176e-09,8.70993796510998e-14,public_state_tabular_independent_mc,1,0.00133037563748097,12.335363600053824,True,accepted_return_check_disabled,0.1,1,2.66998499916448e-14,4.206284237051103e-11,100,5.0,2.465190328815662e-32,1.6022568852021384e-08,1.0,4.7801769054637205e-05,4.2062842370476076e-11,4.192596617261768e-08
T-L,AN,mc_learned_baseline,False,48,291,207192,74496,74496,0,0,58200,103596,414384,262144,1.0500000000000003,1.05,1.0497591820128305,5.261435953585192e-09,9.155983523283179e-14,public_state_tabular_independent_mc,1,0.0013303368685710932,12.37211350002326,True,accepted_return_check_disabled,0.1,1,2.420478226988182e-14,4.199670328637742e-11,100,5.0,2.465190328815662e-32,1.60218907711624e-08,1.0,4.7801389004228866e-05,4.199670328635345e-11,4.189221075316004e-08
T-L,AN,mc_learned_baseline,False,48,292,207904,74752,74752,0,0,58400,103952,415808,262144,1.0500000000000003,1.05,1.0497591874076413,5.3948108202916956e-09,9.625070012565944e-14,public_state_tabular_independent_mc,1,0.0013302971167012626,12.412073499988765,True,accepted_return_check_disabled,0.1,1,2.1790129006711635e-14,4.192893409712585e-11,100,5.0,2.465190328815662e-32,1.6021195572298225e-08,1.0,4.780099934879105e-05,4.1928934097087206e-11,4.185759719915586e-08
T-L,AN,mc_learned_baseline,False,48,293,208616,75008,75008,0,0,58600,104308,417232,262144,1.0500000000000003,1.05,1.049759192939535,5.5318936098558424e-09,1.0126020039497943e-13,public_state_tabular_independent_mc,1,0.0013302563545304438,12.446892700041644,True,accepted_return_check_disabled,0.1,1,1.9424345333813344e-14,4.1859491446585625e-11,100,5.0,2.465190328815662e-32,1.6020482779221976e-08,1.0,4.780059982062213e-05,4.185949144654705e-11,4.182210136098265e-08
T-L,AN,mc_learned_baseline,False,48,294,209328,75264,75264,0,0,58800,104664,418656,262144,1.0500000000000003,1.0470000000000002,1.049759198612306,5.672771141718158e-09,1.0644269349703743e-13,public_state_tabular_independent_mc,1,0.0013302145540839663,12.483649200061336,True,accepted_return_check_disabled,0.1,1,1.7134301490255735e-14,4.178833103444349e-11,100,5.0,2.465190328815662e-32,1.6019751904210914e-08,1.0,4.7800190145431874e-05,4.1788331034406705e-11,4.1785698478309127e-08
T-L,AN,mc_learned_baseline,False,48,295,210040,75520,75520,0,0,59000,105020,420080,262144,1.0500000000000003,1.05,1.0497592044298327,5.8175266826054894e-09,1.1194474630551575e-13,public_state_tabular_independent_mc,1,0.0013301716867687517,12.521968299988657,True,accepted_return_check_disabled,0.1,1,1.494720742490675e-14,4.171540768224005e-11,100,5.0,2.465190328815662e-32,1.601900244820983e-08,1.0,4.77997700425903e-05,4.1715407682204806e-11,4.174836320641192e-08
T-L,AN,mc_learned_baseline,False,48,296,210752,75776,75776,0,0,59200,105376,421504,262144,1.0500000000000003,1.05,1.0497592103960791,5.966246385824547e-09,1.1779710999544143e-13,public_state_tabular_independent_mc,1,0.001330127723360939,12.557969199959189,True,accepted_return_check_disabled,0.1,1,1.2832823879787347e-14,4.16406753674e-11,100,5.0,2.465190328815662e-32,1.60182339013081e-08,1.0,4.779933922528462e-05,4.164067536737007e-11,4.171006962606153e-08
T-L,AN,mc_learned_baseline,False,48,297,211464,76032,76032,0,0,59400,105732,422928,262144,1.0500000000000003,1.05,1.0497592165150904,6.1190112976561295e-09,1.239134977227487e-13,public_state_tabular_independent_mc,1,0.0013300826340304696,12.596503800014034,True,accepted_return_check_disabled,0.1,1,1.0819475277918544e-14,4.156408721608153e-11,100,5.0,2.465190328815662e-32,1.6017445742366218e-08,1.0,4.779889740039617e-05,4.1564087216051424e-11,4.167079123190996e-08
T-L,AN,mc_learned_baseline,False,48,298,212176,76288,76288,0,0,59600,106088,424352,262144,1.0500000000000003,1.05,1.0497592227909887,6.27589824553354e-09,1.303236921149439e-13,public_state_tabular_independent_mc,1,0.0013300363883878463,12.668446599971503,True,accepted_return_check_disabled,0.1,1,8.935008066670665e-15,4.148559555813245e-11,100,5.0,2.465190328815662e-32,1.601663743969878e-08,1.0,4.7798444268750246e-05,4.148559555810363e-11,4.163050095242532e-08
T-L,AN,mc_learned_baseline,False,48,299,212888,76544,76544,0,0,59800,106444,425776,262144,1.0500000000000003,1.05,1.0497592292279732,6.4369845009792925e-09,1.371170709061884e-13,public_state_tabular_independent_mc,1,0.0013299889554658421,12.745379599975422,True,accepted_return_check_disabled,0.1,1,7.15012744547376e-15,4.1405152028156286e-11,100,5.0,2.465190328815662e-32,1.601580845164022e-08,1.0,4.7797979525584934e-05,4.140515202811927e-11,4.1589171193157255e-08
T-L,AN,mc_learned_baseline,False,48,300,213600,76800,76800,0,0,60000,106800,427200,262144,1.0500000000000003,1.05,1.0497592358303125,6.602339341910124e-09,1.4426448151416336e-13,public_state_tabular_independent_mc,1,0.0013299403037938492,12.78024250001181,True,accepted_return_check_disabled,0.1,1,5.551190135564274e-15,4.1322707539973505e-11,100,5.0,2.465190328815662e-32,1.6014958226494894e-08,1.0,4.7797502860373394e-05,4.132270753995107e-11,4.154677381496074e-08
T-L,AN,mc_learned_baseline,False,48,301,214312,77056,77056,0,0,60200,107156,428624,262144,1.0500000000000003,1.05,1.0497592426023403,6.772027827395277e-09,1.517954015744347e-13,public_state_tabular_independent_mc,1,0.0013298904014111261,12.82178080000449,True,accepted_return_check_disabled,0.1,1,4.166580544053733e-15,4.1238212443687415e-11,100,5.0,2.465190328815662e-32,1.6014086203601956e-08,1.0,4.779701395756678e-05,4.123821244365946e-11,4.150328020542067e-08
T-L,AN,mc_learned_baseline,False,48,302,215024,77312,77312,0,0,60400,107512,430048,262144,1.0500000000000003,1.05,1.0497592495484511,6.946110797656502e-09,1.5968007864636413e-13,public_state_tabular_independent_mc,1,0.0013298392159145351,12.860842299996875,True,accepted_return_check_disabled,0.1,1,2.9074080147922326e-15,4.1151616548078265e-11,100,5.0,2.465190328815662e-32,1.601319181390172e-08,1.0,4.7796512496737195e-05,4.1151616548046205e-11,4.145866128137721e-08
T-L,AN,mc_learned_baseline,False,48,303,215736,77568,77568,0,0,60600,107868,431472,262144,1.0500000000000003,1.05,1.049759256673094,7.124642875666609e-09,1.6800485628464951e-13,public_state_tabular_independent_mc,1,0.0013297867144983952,12.899768100003712,True,accepted_return_check_disabled,0.1,1,1.8597559644059278e-15,4.106286924022881e-11,100,5.0,2.465190328815662e-32,1.6012274480502186e-08,1.0,4.779599815304912e-05,4.1062869240199795e-11,4.141288754070559e-08
T-L,AN,mc_learned_baseline,False,48,304,216448,77824,77824,0,0,60800,108224,432896,262144,1.0500000000000003,1.05,1.049759263980758,7.307664029454486e-09,1.767368655856153e-13,public_state_tabular_independent_mc,1,0.0013297328640495302,12.9356271000579,True,accepted_return_check_disabled,0.1,1,1.0495737445762964e-15,4.097191954829947e-11,100,5.0,2.465190328815662e-32,1.601133361950971e-08,1.0,4.7795470597673154e-05,4.0971919548275264e-11,4.13659290852511e-08
T-L,AN,mc_learned_baseline,False,48,305,217160,78080,78080,0,0,61000,108580,434320,262144,1.0500000000000003,1.05,1.0497592714759727,7.495214671138228e-09,1.859598670957942e-13,public_state_tabular_independent_mc,1,0.0013296776311688874,12.977639200049452,True,accepted_return_check_disabled,0.1,1,4.445603367500289e-16,4.0878716344283396e-11,100,5.0,2.465190328815662e-32,1.6010368641973848e-08,1.0,4.779492949873222e-05,4.087871634425999e-11,4.131775571538827e-08
T-L,AN,mc_learned_baseline,False,48,306,217872,78336,78336,0,0,61200,108936,435744,262144,1.0500000000000003,1.05,1.0497592791632893,7.68731656108912e-09,1.956376972302337e-13,public_state_tabular_independent_mc,1,0.0013296209822872807,13.025144499959424,True,accepted_return_check_disabled,0.1,1,1.2690099136843974e-16,4.0783208382923255e-11,100,5.0,2.465190328815662e-32,1.6009378953838276e-08,1.0,4.77943745215285e-05,4.078320838288991e-11,4.126833694046077e-08
T-L,AN,mc_learned_baseline,False,48,307,218584,78592,78592,0,0,61400,109292,437168,262144,1.0500000000000003,1.05,1.049759287047274,7.883984798340293e-09,2.0579096228396121e-13,public_state_tabular_independent_mc,1,0.0013295628837274285,13.068043100065552,True,accepted_return_check_disabled,0.1,1,2.5084688862406845e-18,4.06853445261256e-11,100,5.0,2.465190328815662e-32,1.600836395841327e-08,1.0,4.7793805329704454e-05,4.068534452609103e-11,4.121764208482991e-08
T-L,AN,mc_learned_baseline,False,48,308,219296,78848,78848,0,0,61600,109648,438592,262144,1.0500000000000003,1.05,1.0497592951324934,8.08521938289175e-09,2.1643747492014568e-13,public_state_tabular_independent_mc,1,0.0013295033018039261,13.10613570001442,True,accepted_return_check_disabled,0.1,1,2.0896916288353283e-16,4.0585073868162234e-11,100,5.0,2.465190328815662e-32,1.6007323057264595e-08,1.0,4.779322158586749e-05,4.058507386813325e-11,4.1165640342875004e-08
T-L,AN,mc_learned_baseline,False,48,309,220008,79104,79104,0,0,61800,110004,440016,262144,1.0500000000000003,1.05,1.0497593034234993,8.291005881844171e-09,2.275914487504302e-13,public_state_tabular_independent_mc,1,0.001329442202943931,13.146055900026113,True,accepted_return_check_disabled,0.1,1,7.642745205646609e-16,4.0482345921303583e-11,100,5.0,2.465190328815662e-32,1.6006255652216292e-08,1.0,4.7792622952597844e-05,4.048234592127928e-11,4.111230086557259e-08
T-L,AN,mc_learned_baseline,False,48,310,220720,79360,79360,0,0,62000,110360,441440,262144,1.0500000000000003,1.05,1.0497593119248145,8.50131520735431e-09,2.393226235028666e-13,public_state_tabular_independent_mc,1,0.0013293795537817254,13.184740900062025,True,accepted_return_check_disabled,0.1,1,1.5675210009109992e-15,4.037711084159337e-11,100,5.0,2.465190328815662e-32,1.6005161147264994e-08,1.0,4.779200909366239e-05,4.037711084156003e-11,4.105759286824225e-08
T-L,AN,mc_learned_baseline,False,48,311,221432,79616,79616,0,0,62200,110716,442864,262144,1.0500000000000003,1.05,1.049759320640912,8.716097399386058e-09,2.515787224789999e-13,public_state_tabular_independent_mc,1,0.0013293153213198184,13.22385209996719,True,accepted_return_check_disabled,0.1,1,2.8058218179195927e-15,4.026931960942648e-11,100,5.0,2.465190328815662e-32,1.6004038950523027e-08,1.0,4.779137967496469e-05,4.0269319609399526e-11,4.1001485715339616e-08
T-L,AN,mc_learned_baseline,False,48,312,222144,79872,79872,0,0,62400,111072,444288,262144,1.0500000000000003,1.05,1.0497593295761978,8.935285844557939e-09,2.644203150640614e-13,public_state_tabular_independent_mc,1,0.0013292494730491463,13.261254000011832,True,accepted_return_check_disabled,0.1,1,4.3711509413854676e-15,4.015892432316613e-11,100,5.0,2.465190328815662e-32,1.6002888476981552e-08,1.0,4.7790734366164736e-05,4.015892432313427e-11,4.094394906460065e-08
T-L,AN,mc_learned_baseline,False,48,313,222856,80128,80128,0,0,62600,111428,445712,262144,1.0500000000000003,1.05,1.0497593387349864,9.158788616403513e-09,2.7778482353924277e-13,public_state_tabular_independent_mc,1,0.0013291819771343374,13.299754600040615,True,accepted_return_check_disabled,0.1,1,6.325757467259022e-15,4.004587841266598e-11,100,5.0,2.465190328815662e-32,1.600170915071584e-08,1.0,4.779007284189083e-05,4.0045878412632565e-11,4.088495297056286e-08
T-L,AN,mc_learned_baseline,False,48,314,223568,80384,80384,0,0,62800,111784,447136,262144,1.0500000000000003,1.05,1.049759348121482,9.386495580798737e-09,2.918383633661116e-13,public_state_tabular_independent_mc,1,0.0013291128025536396,13.335348200052977,True,accepted_return_check_disabled,0.1,1,8.727953532330939e-15,3.993013697820702e-11,100,5.0,2.465190328815662e-32,1.600050040823257e-08,1.0,4.778939478359796e-05,3.993013697817786e-11,4.082446805418378e-08
T-L,AN,mc_learned_baseline,False,48,315,224280,80640,80640,0,0,63000,112140,448560,262144,1.0500000000000003,1.05,1.0497593577397495,9.618267515776324e-09,3.064473828563914e-13,public_state_tabular_independent_mc,1,0.0013290419193078616,13.3755379000213,True,accepted_return_check_disabled,0.1,1,1.1513033087518748e-14,3.9811657040621576e-11,100,5.0,2.465190328815662e-32,1.599926170087796e-08,1.0,4.778869988097407e-05,3.9811657040596295e-11,4.076246562750964e-08
T-L,AN,mc_learned_baseline,False,48,316,224992,80896,80896,0,0,63200,112496,449984,262144,1.0500000000000003,1.05,1.049759367593688,9.853938554016395e-09,3.216463874366153e-13,public_state_tabular_independent_mc,1,0.0013289692986140388,13.414953000028618,True,accepted_return_check_disabled,0.1,1,1.478577435611663e-14,3.9690397906602e-11,100,5.0,2.465190328815662e-32,1.5997992498680453e-08,1.0,4.778798783404116e-05,3.969039790658025e-11,4.069891787993534e-08
T-L,AN,mc_learned_baseline,False,48,317,225704,81152,81152,0,0,63400,112852,451408,262144,1.0500000000000003,1.05,1.0497593776870038,1.009331573875727e-08,3.374617321782019e-13,public_state_tabular_independent_mc,1,0.0013288949131168642,13.452762600034475,True,accepted_return_check_disabled,0.1,1,1.8527383015098494e-14,3.956632150483069e-11,100,5.0,2.465190328815662e-32,1.5996692293869166e-08,1.0,4.778725835510075e-05,3.956632150479705e-11,4.0633798050949184e-08
T-L,AN,mc_learned_baseline,False,48,318,226416,81408,81408,0,0,63600,113208,452832,262144,1.0500000000000003,1.05,1.0497594445118121,6.682480835351612e-08,1.4798708879898407e-11,public_state_tabular_independent_mc,0,0.001328402412135786,13.492190800025128,True,accepted_return_check_disabled,0.1,1,9.331422722987215e-13,-3.905155948337709e-10,100,5.0,2.7465820312496886e-06,2.4533601064272477e-06,0.9978027343750002,4.756529128207688e-05,1.6600658152898121e-09,2.6178696940155765e-07
T-L,AN,mc_learned_baseline,False,48,319,227128,81664,81664,0,0,63800,113564,454256,262144,1.0500000000000003,1.05,1.049759511284873,6.677306085833834e-08,1.4783267930840226e-11,public_state_tabular_independent_mc,0,0.0013279102630743508,13.53918620001059,True,accepted_return_check_disabled,0.1,1,9.307489174835342e-13,-3.903247371764394e-10,100,5.0,2.7465820312496886e-06,2.453507912926647e-06,0.9978027343750002,4.7560036688331876e-05,1.6592062334297883e-09,2.616529621563099e-07
T-L,AN,mc_learned_baseline,False,48,320,227840,81920,81920,0,0,64000,113920,455680,262144,1.0500000000000003,1.0470000000000002,1.0497595245392781,1.3254405129003999e-08,5.826485764774209e-13,public_state_tabular_independent_mc,1,0.0013278125683322138,13.586436799960211,True,accepted_return_check_disabled,0.1,1,1.0805790934002816e-13,3.7774910746884646e-11,100,5.0,2.465190328815662e-32,1.5977743599916197e-08,1.0,4.7776622687087424e-05,3.777491074684719e-11,3.968253049257132e-08
T-L,AN,mc_learned_baseline,False,48,321,228552,82176,82176,0,0,64200,114276,457104,262144,1.0500000000000003,1.05,1.0497595380463896,1.3507111429333918e-08,6.050921285002073e-13,public_state_tabular_independent_mc,1,0.0013277130097641505,13.623218700056896,True,accepted_return_check_disabled,0.1,1,1.1848062426751013e-13,3.761137128341803e-11,100,5.0,2.465190328815662e-32,1.5975996768948562e-08,1.0,4.7775641782217176e-05,3.761137128338238e-11,3.9594628708724026e-08
T-L,AN,mc_learned_baseline,False,48,322,229264,82432,82432,0,0,64400,114632,458528,262144,1.0500000000000003,1.05,1.0497595518030862,1.375669667069701e-08,6.277700823972005e-13,public_state_tabular_independent_mc,1,0.0013276116103057853,13.660740799969062,True,accepted_return_check_disabled,0.1,1,1.293083785547736e-13,3.744501314702084e-11,100,5.0,2.465190328815662e-32,1.597421681392543e-08,1.0,4.777464220155415e-05,3.744501314699534e-11,3.950502483956234e-08
T-L,AN,mc_learned_baseline,False,48,323,229976,82688,82688,0,0,64600,114988,459952,262144,1.0500000000000003,1.05,1.0497595658055026,1.4002416337532964e-08,6.504554855641081e-13,public_state_tabular_independent_mc,1,0.001327508398384445,13.697995100053959,True,accepted_return_check_disabled,0.1,1,1.4046787462193034e-13,3.727589240326821e-11,100,5.0,2.465190328815662e-32,1.5972404156313133e-08,1.0,4.777362417733851e-05,3.7275892403231536e-11,3.941373829030493e-08
T-L,AN,mc_learned_baseline,False,48,324,230688,82944,82944,0,0,64800,115344,461376,262144,1.0500000000000003,1.05,1.049759580049011,1.4243508372757674e-08,6.730874531873513e-13,public_state_tabular_independent_mc,1,0.0013274034080408283,13.734364200034179,True,accepted_return_check_disabled,0.1,1,1.5187675123863912e-13,3.7104074364521053e-11,100,5.0,2.465190328815662e-32,1.59705593156806e-08,1.0,4.7772587996924916e-05,3.7104074364488515e-11,3.9320793430990145e-08
T-L,AN,mc_learned_baseline,False,48,325,231400,83200,83200,0,0,65000,115700,462800,262144,1.0500000000000003,1.05,1.0497595945282023,1.447919140140641e-08,6.956531141258854e-13,public_state_tabular_independent_mc,1,0.00132729667908077,13.774812099989504,True,accepted_return_check_disabled,0.1,1,1.6350111771984237e-13,3.6929633680818076e-11,100,5.0,2.465190328815662e-32,1.5968682911949344e-08,1.0,4.7771534003996804e-05,3.692963368079394e-11,3.922621970923957e-08
T-L,AN,mc_learned_baseline,False,48,326,232112,83456,83456,0,0,65200,116056,464224,262144,1.0500000000000003,1.05,1.0497596092368762,1.4708673834462616e-08,7.179575887667789e-13,public_state_tabular_independent_mc,1,0.0013271882571402713,13.816453400067985,True,accepted_return_check_disabled,0.1,1,1.7524150763696922e-13,3.6752654495612705e-11,100,5.0,2.465190328815662e-32,1.596677566787333e-08,1.0,4.777046260006954e-05,3.6752654495587166e-11,3.913005180250184e-08
T-L,AN,mc_learned_baseline,False,48,327,232824,83712,83712,0,0,65400,116412,465648,262144,1.0500000000000003,1.0470000000000002,1.0497596241680385,1.4931162306552892e-08,7.399177910282854e-13,public_state_tabular_independent_mc,1,0.0013270781937091472,13.856777000008151,True,accepted_return_check_disabled,0.1,1,1.8710978951589247e-13,3.657323043070976e-11,100,5.0,2.465190328815662e-32,1.596483841031566e-08,1.0,4.776937424513262e-05,3.657323043068466e-11,3.903232968232529e-08
T-L,AN,mc_learned_baseline,False,48,328,233536,83968,83968,0,0,65600,116768,467072,262144,1.0500000000000003,1.05,1.0497596393139026,1.5145864118437657e-08,7.614473143201907e-13,public_state_tabular_independent_mc,1,0.0013269665461206732,13.894306299975142,True,accepted_return_check_disabled,0.1,1,1.9893844115338324e-13,3.639146450530597e-11,100,5.0,2.465190328815662e-32,1.59628720704108e-08,1.0,4.77682694578718e-05,3.639146450527631e-11,3.8933098646136776e-08
T-L,AN,mc_learned_baseline,False,48,329,234248,84224,84224,0,0,65800,117124,468496,262144,1.0500000000000003,1.05,1.0497596546659014,1.53519987833306e-08,7.824015893107303e-13,public_state_tabular_independent_mc,1,0.001326853377463352,13.930376300006174,True,accepted_return_check_disabled,0.1,1,2.1073402186705427e-13,3.62074689923449e-11,100,5.0,2.465190328815662e-32,1.596087768340271e-08,1.0,4.776714881554961e-05,3.620746899232317e-11,3.883240931782549e-08
T-L,AN,mc_learned_baseline,False,48,330,234960,84480,84480,0,0,66000,117480,469920,262144,1.0500000000000003,1.05,1.0497596702147072,1.5548805798459853e-08,8.026972743297971e-13,public_state_tabular_independent_mc,1,0.0013267387564379716,13.969250199967064,True,accepted_return_check_disabled,0.1,1,2.223289899670429e-13,3.602136514150097e-11,100,5.0,2.465190328815662e-32,1.5958856386960882e-08,1.0,4.776601295310497e-05,3.602136514146513e-11,3.8730317577484473e-08
T-L,AN,mc_learned_baseline,False,48,331,235672,84736,84736,0,0,66200,117836,471344,262144,1.0500000000000003,1.05,1.0497596859502554,1.5735548197781668e-08,8.221976809436091e-13,public_state_tabular_independent_mc,1,0.0013266227571752155,14.006542899995111,True,accepted_return_check_disabled,0.1,1,2.3373409980263614e-13,3.583328280882412e-11,100,5.0,2.465190328815662e-32,1.5956809418472515e-08,1.0,4.776486256170477e-05,3.583328280879432e-11,3.862688444106753e-08
T-L,AN,mc_learned_baseline,False,48,332,236384,84992,84992,0,0,66400,118192,472768,262144,1.0500000000000003,1.05,1.0497597018617824,1.5911526984879742e-08,8.407752521532404e-13,public_state_tabular_independent_mc,1,0.0013265054589665013,14.045304500032216,True,accepted_return_check_disabled,0.1,1,2.4479148310497984e-13,3.5643360023751826e-11,100,5.0,2.465190328815662e-32,1.5954738111867366e-08,1.0,4.776369838689809e-05,3.5643360023716684e-11,3.852217590541987e-08
T-L,AN,mc_learned_baseline,False,48,333,237096,85248,85248,0,0,66600,118548,474192,262144,1.0500000000000003,1.05,1.0497597179378675,1.6076085129768103e-08,8.583725414493235e-13,public_state_tabular_independent_mc,1,0.0013263869459499396,14.09041609999258,True,accepted_return_check_disabled,0.1,1,2.5546896307328764e-13,3.545174241544747e-11,100,5.0,2.465190328815662e-32,1.5952643892544083e-08,1.0,4.776252122589965e-05,3.5451742415426494e-11,3.841626271485753e-08
T-L,AN,mc_learned_baseline,False,48,334,237808,85504,85504,0,0,66800,118904,475616,262144,1.0500000000000003,1.05,1.0497597341664826,1.6228615118407674e-08,8.748296371038556e-13,public_state_tabular_independent_mc,1,0.0013262673067469667,14.131811100058258,True,accepted_return_check_disabled,0.1,1,2.656872259664531e-13,3.5258582566168396e-11,100,5.0,2.465190328815662e-32,1.595052827177325e-08,1.0,4.776133192442613e-05,3.525858256613592e-11,3.830922008478728e-08
T-L,AN,mc_learned_baseline,False,48,335,238520,85760,85760,0,0,67000,119260,477040,262144,1.0500000000000003,1.05,1.0497597505350518,1.6368569166758107e-08,8.900634635933979e-13,public_state_tabular_independent_mc,1,0.0013261466340200635,14.171085900045,True,accepted_return_check_disabled,0.1,1,2.7532334424987083e-13,3.5064039290430117e-11,100,5.0,2.465190328815662e-32,1.5948392840110585e-08,1.0,4.776013137303745e-05,3.506403929039713e-11,3.820112738071573e-08
T-L,AN,mc_learned_baseline,False,48,336,239232,86016,86016,0,0,67200,119616,478464,262144,1.0500000000000003,1.05,1.049759767030515,1.6495463217580664e-08,9.04069251309208e-13,public_state_tabular_independent_mc,1,0.0013260250240087436,14.214241400011815,True,accepted_return_check_disabled,0.1,1,2.843875105762681e-13,3.4868276795094747e-11,100,5.0,2.465190328815662e-32,1.5946239259471013e-08,1.0,4.775892050268615e-05,3.4868276795061246e-11,3.8092067725999615e-08
T-L,AN,mc_learned_baseline,False,48,337,239944,86272,86272,0,0,67400,119972,479888,262144,1.0500000000000003,1.05,1.0497597836393988,1.6608883823820975e-08,9.16631875340619e-13,public_state_tabular_independent_mc,1,0.0013259025760018906,14.257804200053215,True,accepted_return_check_disabled,0.1,1,2.927339438935446e-13,3.467146381217934e-11,100,5.0,2.465190328815662e-32,1.594406925468301e-08,1.0,4.7757700280051764e-05,3.467146381214723e-11,3.798212758817916e-08
T-L,AN,mc_learned_baseline,False,48,338,240656,86528,86528,0,0,67600,120328,481312,262144,1.0500000000000003,1.05,1.049759800347892,1.670849325563495e-08,9.277947693290298e-13,public_state_tabular_independent_mc,1,0.0013257793917863805,14.300206099986099,True,accepted_return_check_disabled,0.1,1,3.003544912414024e-13,3.447377263690775e-11,100,5.0,2.465190328815662e-32,1.5941884604144477e-08,1.0,4.775647170223879e-05,3.447377263687968e-11,3.78713963050382e-08
T-L,AN,mc_learned_baseline,False,48,339,241368,86784,86784,0,0,67800,120684,482736,262144,1.0500000000000003,1.05,1.0497598171419251,1.6794033053102453e-08,9.374529315160336e-13,public_state_tabular_independent_mc,1,0.0013256555750631024,14.339469700003974,True,accepted_return_check_disabled,0.1,1,3.071467808778393e-13,3.427537814764073e-11,100,5.0,2.465190328815662e-32,1.593968712981489e-08,1.0,4.775523579123536e-05,3.427537814761841e-11,3.775996559181139e-08
T-L,AN,mc_learned_baseline,False,48,340,242080,87040,87040,0,0,68000,121040,484160,262144,1.0500000000000003,1.05,1.0497598340072516,1.6865326468717967e-08,9.45529674782876e-13,public_state_tabular_independent_mc,1,0.0013255312308387576,14.381130900001153,True,accepted_return_check_disabled,0.1,1,3.1314930587208114e-13,3.407645678466325e-11,100,5.0,2.465190328815662e-32,1.593747868674911e-08,1.0,4.775399358804837e-05,3.4076456784639886e-11,3.764792901587699e-08
T-L,AN,mc_learned_baseline,False,48,341,242792,87296,87296,0,0,68200,121396,485584,262144,1.0500000000000003,1.05,1.0497598509295316,1.6922280021702818e-08,9.520356287992159e-13,public_state_tabular_independent_mc,1,0.001325406464812662,14.4197237000335,True,accepted_return_check_disabled,0.1,1,3.1830839366274276e-13,3.387718549890275e-11,100,5.0,2.465190328815662e-32,1.593526115231955e-08,1.0,4.7752746146601515e-05,3.38771854988717e-11,3.753538144424319e-08
T-L,AN,mc_learned_baseline,False,48,342,243504,87552,87552,0,0,68400,121752,487008,262144,1.0500000000000003,1.05,1.049759917385406,6.645587435905043e-08,1.4688356462497677e-11,public_state_tabular_independent_mc,0,0.0013249164749338726,14.459396100020967,True,accepted_return_check_disabled,0.1,1,9.157013522730715e-13,-3.891639797903633e-10,100,5.0,2.7465820312496886e-06,2.45440694441265e-06,0.9978027343750002,4.752807899679379e-05,1.6539783831630927e-09,2.6083794927627946e-07
T-L,AN,mc_learned_baseline,False,48,343,244216,87808,87808,0,0,68600,122108,488432,262144,1.0500000000000003,1.05,1.0497599343816224,1.6996216434250755e-08,9.609851133479095e-13,public_state_tabular_independent_mc,1,0.0013247911543882557,14.49678629997652,True,accepted_return_check_disabled,0.1,1,3.303042713693203e-13,3.289936247849264e-11,100,5.0,2.465190328815662e-32,1.5924302369685e-08,1.0,4.774657959878901e-05,3.28993624784589e-11,3.6978463199142205e-08
T-L,AN,mc_learned_baseline,False,48,344,244928,88064,88064,0,0,68800,122464,489856,262144,1.0500000000000003,1.05,1.0497599513525324,1.697091001062745e-08,9.58267332016872e-13,public_state_tabular_independent_mc,1,0.0013246660185281338,14.538143899990246,True,accepted_return_check_disabled,0.1,1,3.3009090614870423e-13,3.2701542879725263e-11,100,5.0,2.465190328815662e-32,1.592206933008398e-08,1.0,4.7745322680008e-05,3.2701542879697003e-11,3.686483641556762e-08
T-L,AN,mc_learned_baseline,False,48,345,245640,88320,88320,0,0,69000,122820,491280,262144,1.0500000000000003,1.05,1.0497600177293789,6.637684646371156e-08,1.4664676730300494e-11,public_state_tabular_independent_mc,0,0.0013241765671635176,14.580108999973163,True,accepted_return_check_disabled,0.1,1,9.119027899014905e-13,-3.888771668490079e-10,100,5.0,2.7465820312496886e-06,2.4546291143091214e-06,0.9978027343750002,4.752018244662486e-05,1.6526866144460894e-09,2.6063656460670054e-07
T-L,AN,mc_learned_baseline,False,48,346,246352,88576,88576,0,0,69200,123176,492704,262144,1.0476562500000002,1.05,1.0498147324731604,5.47147437814921e-05,1.4043381645100753e-05,public_state_tabular_independent_mc,1,0.0009090011697924197,14.617385999998078,True,accepted_return_check_disabled,0.1,1,2.2409061050056514e-10,-0.0033146045649834,100,5.0,0.00035400390625000064,2.7801013857009593e-06,0.6155422840019975,0.002980374036067056,0.003303314726697834,-0.0029325985695742448
T-L,AN,mc_learned_baseline,False,48,347,247064,88832,88832,0,0,69400,123532,494128,262144,1.0500000000000003,1.05,1.0498147220835767,-1.03895836378598e-08,6.15813629513505e-13,public_state_tabular_independent_mc,1,0.0009090826628173689,14.656824799953029,True,accepted_return_check_disabled,0.1,1,1.0761976771498888e-13,4.1707824369524173e-11,100,5.0,2.465190328815662e-32,1.0224329916414382e-08,1.0,4.339400059997509e-05,4.170782436954809e-11,-3.186149225168449e-08
T-L,AN,mc_learned_baseline,False,48,348,247776,89088,89088,0,0,69600,123888,495552,262144,1.0476562500000002,1.05,1.0498582142772324,4.34921936556254e-05,1.8144640401601395e-05,public_state_tabular_independent_mc,1,0.0005542290719283758,14.696834000060335,True,accepted_return_check_disabled,0.1,1,2.4167154514187725e-10,-0.005642969570418741,100,5.0,0.00035400390625000064,2.77577883866845e-06,0.6155422840019975,0.004460206650921369,0.00475667538249815,-0.004416843673367919
T-L,AN,mc_learned_baseline,False,48,349,248488,89344,89344,0,0,69800,124244,496976,262144,1.0408593750000001,1.05,1.0499247186959841,6.650441875177826e-05,7.371654269687076e-06,public_state_tabular_independent_mc,1,0.00041470259665969027,14.740056099952199,True,accepted_return_check_disabled,0.1,1,1.3095051481817058e-11,-0.0435180856292386,100,5.0,0.011948828125000005,0.005347575984122961,0.05200576133645418,0.001466092626617709,0.0019668853988367243,-0.0014262403366247063
T-L,AN,mc_learned_baseline,False,48,350,249200,89600,89600,0,0,70000,124600,498400,262144,1.0500000000000003,1.05,1.049924724206556,5.510571776667916e-09,4.003060433997104e-13,public_state_tabular_independent_mc,1,0.00041465535248002454,14.777395399985835,True,accepted_return_check_disabled,0.1,1,3.716910764032233e-14,3.869175796310818e-11,100,5.0,2.465190328815662e-32,1.6455287627330187e-09,1.0,1.707811796940003e-05,3.869175796309841e-11,2.0125272481074113e-08
T-L,AN,mc_learned_baseline,False,48,351,249912,89856,89856,0,0,70200,124956,499824,262144,1.0500000000000003,1.05,1.049924729724238,5.517682089006826e-09,4.01411494301835e-13,public_state_tabular_independent_mc,1,0.0004146080465393752,14.824628800037317,True,accepted_return_check_disabled,0.1,1,3.7455449783173733e-14,3.87264971099107e-11,100,5.0,2.465190328815662e-32,1.6453462073977588e-09,1.0,1.707766513640672e-05,3.872649710989944e-11,2.01326103949585e-08
T-L,AN,mc_learned_baseline,False,48,352,250624,90112,90112,0,0,70400,125312,501248,262144,1.0500000000000003,1.05,1.0499247417199375,1.1995699544797844e-08,1.8977078482317075e-12,public_state_tabular_independent_mc,0,0.00041450519844062484,14.876038199989125,True,accepted_return_check_disabled,0.1,1,1.2686959964651424e-16,-1.0924312962250254e-10,100,5.0,2.7465820312496886e-06,2.6706023608977935e-06,0.9978027343750002,1.7034051064009957e-05,3.861081411327121e-10,6.330061285309176e-08
T-L,AN,mc_learned_baseline,False,48,353,251336,90368,90368,0,0,70600,125668,502672,262144,1.0500000000000003,1.05,1.0499247472588433,5.538905778479375e-09,4.0472061556890764e-13,public_state_tabular_independent_mc,1,0.00041445770798233245,14.912111700046808,True,accepted_return_check_disabled,0.1,1,3.824805517060522e-14,3.883240416092765e-11,100,5.0,2.465190328815662e-32,1.644766222165957e-09,1.0,1.707622717152615e-05,3.8832404160912015e-11,2.0154728277893957e-08
T-L,AN,mc_learned_baseline,False,48,354,252048,90624,90624,0,0,70800,126024,504096,262144,1.0500000000000003,1.05,1.0499247528040319,5.545188530575729e-09,4.0567179148172465e-13,public_state_tabular_independent_mc,1,0.00041441016284403175,14.946590499952435,True,accepted_return_check_disabled,0.1,1,3.8473676058082617e-14,3.88644644307217e-11,100,5.0,2.465190328815662e-32,1.6445828557821383e-09,1.0,1.707577277308401e-05,3.886446443069997e-11,2.016134088908844e-08
T-L,AN,mc_learned_baseline,False,48,355,252760,90880,90880,0,0,71000,126380,505520,262144,1.0500000000000003,1.05,1.0499247583553069,5.551274995241329e-09,4.0664447249096196e-13,public_state_tabular_independent_mc,1,0.0004143625647084651,14.985306199989282,True,accepted_return_check_disabled,0.1,1,3.868479140598821e-14,3.889586568658009e-11,100,5.0,2.465190328815662e-32,1.6443993121384776e-09,1.0,1.7075318044081433e-05,3.8895865686538434e-11,2.016777608944191e-08
T-L,AN,mc_learned_baseline,False,48,356,253472,91136,91136,0,0,71200,126736,506944,262144,1.0500000000000003,1.05,1.0499247639124722,5.55716539452078e-09,4.075801923381222e-13,public_state_tabular_independent_mc,1,0.0004143149152550421,15.020098399952985,True,accepted_return_check_disabled,0.1,1,3.8881405207862936e-14,3.8926601723854365e-11,100,5.0,2.465190328815662e-32,1.6442155978348984e-09,1.0,1.7074863001703834e-05,3.892660172384596e-11,2.0174032586555105e-08
T-L,AN,mc_learned_baseline,False,48,357,254184,91392,91392,0,0,71400,127092,508368,262144,1.0500000000000003,1.05,1.0499247694753322,5.562859950458687e-09,4.0847897535450546e-13,public_state_tabular_independent_mc,1,0.00041426721615812234,15.057633299962617,True,accepted_return_check_disabled,0.1,1,3.912195697880187e-14,3.895666643705585e-11,100,5.0,2.465190328815662e-32,1.6440317194597317e-09,1.0,1.707440766308018e-05,3.895666643702571e-11,2.018010911182078e-08
T-L,AN,mc_learned_baseline,False,48,358,254896,91648,91648,0,0,71600,127448,509792,262144,1.0500000000000003,1.05,1.049924775043692,5.568359773278075e-09,4.093409023661062e-13,public_state_tabular_independent_mc,1,0.00041421946908414133,15.097306899959221,True,accepted_return_check_disabled,0.1,1,3.9348074612399483e-14,3.898605382327652e-11,100,5.0,2.465190328815662e-32,1.643847683589712e-09,1.0,1.7073952045266638e-05,3.898605382327397e-11,2.018600442116638e-08
T-L,AN,mc_learned_baseline,False,48,359,255608,91904,91904,0,0,71800,127804,511216,262144,1.0500000000000003,1.05,1.049924780617357,5.573665085023549e-09,4.1022435510052877e-13,public_state_tabular_independent_mc,1,0.00041417167569792715,15.133583500050008,True,accepted_return_check_disabled,0.1,1,3.950131647031866e-14,3.901475798367133e-11,100,5.0,2.465190328815662e-32,1.6436634967605953e-09,1.0,1.70734961652186e-05,3.901475798366383e-11,2.019171729505175e-08
T-L,AN,mc_learned_baseline,False,48,360,256320,92160,92160,0,0,72000,128160,512640,262144,1.0500000000000003,1.05,1.049924786196134,5.578776995918133e-09,4.110124778788918e-13,public_state_tabular_independent_mc,1,0.00041412383765982726,15.16977819998283,True,accepted_return_check_disabled,0.1,1,3.9698561259713783e-14,3.904277312238123e-11,100,5.0,2.465190328815662e-32,1.64347916549655e-09,1.0,1.7073040039851362e-05,3.9042773122388435e-11,2.019724653832083e-08
T-L,AN,mc_learned_baseline,False,48,361,257032,92416,92416,0,0,72200,128516,514064,262144,1.0500000000000003,1.05,1.04992479177983,5.5836959500510375e-09,4.1182226779400353e-13,public_state_tabular_independent_mc,1,0.00041407595662054647,15.20653389999643,True,accepted_return_check_disabled,0.1,1,3.988145703692442e-14,3.907009354826507e-11,100,5.0,2.465190328815662e-32,1.6432946962807872e-09,1.0,1.7072583686012153e-05,3.9070093548272e-11,2.0202590980314757e-08
T-L,AN,mc_learned_baseline,False,48,362,257744,92672,92672,0,0,72400,128872,515488,262144,1.0500000000000003,1.05,1.0499247973682517,5.588421725377657e-09,4.125952228279134e-13,public_state_tabular_independent_mc,1,0.0004140280342303259,15.241198600037023,True,accepted_return_check_disabled,0.1,1,4.0108401378770916e-14,3.9096713678790713e-11,100,5.0,2.465190328815662e-32,1.6431100955776016e-09,1.0,1.7072127120431164e-05,3.909671367878936e-11,2.0207749475551495e-08
T-L,AN,mc_learned_baseline,False,48,363,258456,92928,92928,0,0,72600,129228,516912,262144,1.0500000000000003,1.05,1.0499248029612074,5.592955654165621e-09,4.133313567396825e-13,public_state_tabular_independent_mc,1,0.0004139800721355029,15.277194899972528,True,accepted_return_check_disabled,0.1,1,4.026257273932674e-14,3.912262803787248e-11,100,5.0,2.465190328815662e-32,1.6429253698543923e-09,1.0,1.7071670359808225e-05,3.912262803782568e-11,2.021272090330352e-08
T-L,AN,mc_learned_baseline,False,48,364,259168,93184,93184,0,0,72800,129584,518336,262144,1.0500000000000003,1.05,1.049924808558506,5.59729862459335e-09,4.1403081837567313e-13,public_state_tabular_independent_mc,1,0.0004139320719721956,15.320101300021634,True,accepted_return_check_disabled,0.1,1,4.040247021245899e-14,3.914783125614529e-11,100,5.0,2.465190328815662e-32,1.642740525530281e-09,1.0,1.7071213420781132e-05,3.91478312561106e-11,2.0217504167418997e-08
T-L,AN,mc_learned_baseline,False,48,365,259880,93440,93440,0,0,73000,129940,519760,262144,1.0500000000000003,1.05,1.049924814159956,5.601449970527028e-09,4.147519260074174e-13,public_state_tabular_independent_mc,1,0.00041388403537835514,15.356423399993218,True,accepted_return_check_disabled,0.1,1,4.0586488832278353e-14,3.917231807904019e-11,100,5.0,2.465190328815662e-32,1.6425555689908157e-09,1.0,1.707075631986373e-05,3.9172318078999225e-11,2.0222098197935277e-08
T-L,AN,mc_learned_baseline,False,48,366,260592,93696,93696,0,0,73200,130296,521184,262144,1.0500000000000003,1.05,1.0499248197653677,5.605411690368101e-09,4.153779318317051e-13,public_state_tabular_independent_mc,1,0.0004138359639840102,15.395329599967226,True,accepted_return_check_disabled,0.1,1,4.0697841083068685e-14,3.919608335737074e-11,100,5.0,2.465190328815662e-32,1.6423705066393325e-09,1.0,1.707029907356218e-05,3.919608335736532e-11,2.022650194899784e-08
T-L,AN,mc_learned_baseline,False,48,367,261304,93952,93952,0,0,73400,130652,522608,262144,1.0500000000000003,1.05,1.04992482537455,5.6091822298043326e-09,4.1602562939135147e-13,public_state_tabular_independent_mc,1,0.00041378785941930014,15.432920500054024,True,accepted_return_check_disabled,0.1,1,4.085337208344487e-14,3.9219122057991525e-11,100,5.0,2.465190328815662e-32,1.6421853448089206e-09,1.0,1.7069841698280663e-05,3.921912205796429e-11,2.0230714401020707e-08
T-L,AN,mc_learned_baseline,False,48,368,262016,94208,94208,0,0,73600,131008,524032,262144,1.0500000000000003,1.05,1.049924830987314,5.612764031326378e-09,4.166367097758968e-13,public_state_tabular_independent_mc,1,0.0004137397233058674,15.470520599978045,True,accepted_return_check_disabled,0.1,1,4.0994708735255354e-14,3.924142925689519e-11,100,5.0,2.465190328815662e-32,1.6420000898797963e-09,1.0,1.706938421039864e-05,3.9241429256877556e-11,2.0234734559125926e-08
T-L,SA,mc_learned_baseline,False,48,1,712,256,256,0,0,200,356,1424,262144,0.283359375,0.3225,0.3533972310713971,0.03438323107139707,0.00047801331346830075,public_state_tabular_independent_mc,0,0.6148160951030567,0.036799399997107685,True,accepted_return_check_disabled,0.1,1,2.568330318846931e-09,-0.09741946947451388,100,5.0,0.4189035032519981,0.16827179838249007,0.033732098525737775,0.003339166416504876,0.096590842711205,0.08540839432244249
T-L,SA,mc_learned_baseline,False,48,2,1424,512,512,0,0,400,712,2848,262144,0.230625,0.3768,0.3851441704368154,0.031746939365418336,0.0003927691668508413,public_state_tabular_independent_mc,0,0.605237218763535,0.07356779999099672,True,accepted_return_check_disabled,0.1,1,2.8857282001320966e-09,-0.0907038118110272,100,5.0,0.42806321651825957,0.17781451335479842,0.010659174394655468,0.00030679435247759327,0.08000557932024299,0.08909793334349181
T-L,SA,mc_learned_baseline,False,48,3,2136,768,768,0,0,600,1068,4272,262144,0.350625,0.2991,0.4173900696821743,0.03224589924535887,0.0004114328824284015,public_state_tabular_independent_mc,0,0.5942340690642005,0.1118736999342218,True,accepted_return_check_disabled,0.1,1,4.3514856490914386e-09,-0.08210170132075037,100,5.0,0.4196190493808507,0.1857019017583229,0.017081330158256747,0.00130756870528791,0.08300123305386253,0.08822864896176941
T-L,SA,mc_learned_baseline,False,48,4,2848,1024,1024,0,0,800,1424,5696,262144,0.39328124999999997,0.47909999999999997,0.44755572326137605,0.030165653579201757,0.00036927085007739475,public_state_tabular_independent_mc,0,0.5847346325125609,0.14701799990143627,True,accepted_return_check_disabled,0.1,1,5.970264370435298e-09,-0.07930205754486923,100,5.0,0.41389085388183594,0.171508285186596,0.013406873989441959,0.002968652250685095,0.07466447203597251,0.08618962351020479
T-L,SA,mc_learned_baseline,False,48,5,3560,1280,1280,0,0,1000,1780,7120,262144,0.339609375,0.4733999999999999,0.47820842148942055,0.030652698228044506,0.0003812118543969491,public_state_tabular_independent_mc,0,0.5730707406746023,0.18422349996399134,True,accepted_return_check_disabled,0.1,1,3.4667977132883465e-09,-0.08924499099672303,100,5.0,0.4196693034186618,0.1764319679489073,0.012325832725031849,0.0017511182903657927,0.07763898251687816,0.0863814764395295
T-L,SA,mc_learned_baseline,False,48,6,4272,1536,1536,0,0,1200,2136,8544,262144,0.462421875,0.4139999999999999,0.5114816150826385,0.0332731935932179,0.00045567356814494556,public_state_tabular_independent_mc,0,0.5600333961414203,0.22729159996379167,True,accepted_return_check_disabled,0.1,1,8.622009569256811e-09,-0.09206946394182276,100,5.0,0.38296998585708075,0.16513590495612554,-0.0006247662686118538,0.0010915329601263806,0.09216290511768005,0.08575480993751222
T-L,SA,mc_learned_baseline,False,48,7,4984,1792,1792,0,0,1400,2492,9968,262144,0.5707031250000001,0.5117999999999999,0.5449699731207385,0.03348835803810002,0.0004705962842892723,public_state_tabular_independent_mc,0,0.5463847526261097,0.2717137999134138,True,accepted_return_check_disabled,0.1,1,6.464156295816886e-09,-0.08340349863392213,100,5.0,0.34370989481209535,0.14147848039322353,0.01447553915569888,0.0005249447510052101,0.09617633603905026,0.08438274884498273
T-L,SA,mc_learned_baseline,False,48,8,5696,2048,2048,0,0,1600,2848,11392,262144,0.539765625,0.54,0.5753701942027245,0.030400221081986034,0.0004016435899736274,public_state_tabular_independent_mc,0,0.5338445440089102,0.32264279993250966,True,accepted_return_check_disabled,0.1,1,3.952529663932769e-09,-0.08433284197155158,100,5.0,0.3588150340254051,0.1602748851919498,-0.010650023721602286,0.00019612291729126125,0.08167188348160577,0.08207336199964836
T-L,SA,mc_learned_baseline,False,48,9,6408,2304,2304,0,0,1800,3204,12816,262144,0.535078125,0.5771999999999998,0.6048877234449493,0.029517529242224838,0.0004011807664963047,public_state_tabular_independent_mc,0,0.5199868247393965,0.3703993000090122,True,accepted_return_check_disabled,0.1,1,4.677049994669964e-09,-0.08558508520609084,100,5.0,0.3680007919577567,0.1519251512301215,0.013769190679138399,0.0016322382624243503,0.08149847104345606,0.07764528219052005
T-L,SA,mc_learned_baseline,False,48,10,7120,2560,2560,0,0,2000,3560,14240,262144,0.44859375,0.5933999999999999,0.6319358941560246,0.027048170711075237,0.00034856404814260713,public_state_tabular_independent_mc,0,0.507919187508496,0.4082036999752745,True,accepted_return_check_disabled,0.1,1,2.5738912324604673e-09,-0.0974239478596501,100,5.0,0.4097638846777839,0.17992336799504022,-0.007830680452584504,0.0007396066962816171,0.07113663871871187,0.07529992584386744
T-L,SA,mc_learned_baseline,False,48,11,7832,2816,2816,0,0,2200,3916,15664,262144,0.5700000000000001,0.5987999999999999,0.6578406851654276,0.025904791009403016,0.00033646543581611034,public_state_tabular_independent_mc,0,0.4958157139921255,0.44556309992913157,True,accepted_return_check_disabled,0.1,1,2.6715508922853995e-09,-0.08732884958121967,100,5.0,0.3984019019467179,0.18102757954372556,-0.003799152673289008,0.0005323096662944295,0.06909012432633826,0.07191546837749616
T-L,SA,mc_learned_baseline,False,48,12,8544,3072,3072,0,0,2400,4272,17088,262144,0.67359375,0.6129,0.6848246270073154,0.026983941841887793,0.0003951848517181414,public_state_tabular_independent_mc,0,0.4811658692537166,0.48320949997287244,True,accepted_return_check_disabled,0.1,1,2.3443425157055043e-09,-0.06911856063250092,100,5.0,0.2900099407093204,0.11218677041409733,0.002389635546183766,0.0025160138597167137,0.08107115415701924,0.06604844506122326
T-L,SA,mc_learned_baseline,False,48,13,9256,3328,3328,0,0,2600,4628,18512,262144,0.7223437500000001,0.7691999999999999,0.7086767367603436,0.023852109753028206,0.0003214938741234994,public_state_tabular_independent_mc,0,0.4683627624313168,0.5202928999206051,True,accepted_return_check_disabled,0.1,1,3.136031875881678e-09,-0.054581622903750154,100,5.0,0.24189854124944693,0.09890706114811229,0.0009062438011538942,6.851876943536725e-05,0.0663452240218352,0.06428207072942112
T-L,SA,mc_learned_baseline,False,48,14,9968,3584,3584,0,0,2800,4984,19936,262144,0.7764843750000001,0.6677999999999998,0.7312723462552082,0.02259560949486461,0.00030974846625366175,public_state_tabular_independent_mc,0,0.45564754330933666,0.5542332999175414,True,accepted_return_check_disabled,0.1,1,4.042744570536541e-09,-0.056400301000083274,100,5.0,0.21455908624960773,0.08680269547384578,0.008409701075437925,9.917069042310786e-05,0.0642623635683326,0.06005396028178252
T-L,SA,mc_learned_baseline,False,48,15,10680,3840,3840,0,0,3000,5340,21360,262144,0.709921875,0.7181999999999998,0.7516926065436771,0.020420260288468883,0.0002729752723592732,public_state_tabular_independent_mc,0,0.4435417006112711,0.5908319998998195,True,accepted_return_check_disabled,0.1,1,3.0510933259037836e-09,-0.05731625690972957,100,5.0,0.24968178389785267,0.10172315796767606,0.015014388745003937,0.00011450184533694386,0.05660307862607547,0.05577613471445425
T-L,SA,mc_learned_baseline,False,48,16,11392,4096,4096,0,0,3200,5696,22784,262144,0.7239843750000001,0.8046000000000001,0.7717610427916511,0.020068436247974053,0.0002895489894469005,public_state_tabular_independent_mc,0,0.4307437043119397,0.6309032998979092,True,accepted_return_check_disabled,0.1,1,1.6091377006958491e-09,-0.0516028161853178,100,5.0,0.22018616666714863,0.08284145650095373,0.016262537808144684,0.0011156415179051542,0.059716818577899324,0.05069244274542419
T-L,SA,mc_learned_baseline,False,48,17,12104,4352,4352,0,0,3400,6052,24208,262144,0.8137500000000002,0.7814999999999999,0.7890928438928854,0.017331801101234223,0.0002319747644243209,public_state_tabular_independent_mc,0,0.4197650556039518,0.6664650999009609,True,accepted_return_check_disabled,0.1,1,1.4142767509980728e-09,-0.04389656400865226,100,5.0,0.1824968361019451,0.07263787906309432,-0.00492784589578843,6.434449986433393e-05,0.048180897041796775,0.04757251630265945
T-L,SA,mc_learned_baseline,False,48,18,12816,4608,4608,0,0,3600,6408,25632,262144,0.8519531250000001,0.7070999999999998,0.8059215224446199,0.016828678551734533,0.00024285095318997516,public_state_tabular_independent_mc,0,0.40903504301414967,0.7025143000064418,True,accepted_return_check_disabled,0.1,1,3.1182556376653985e-09,-0.03068915784618504,100,5.0,0.10624737843463425,0.04416445837396274,-0.001133299283448519,0.0008207314290661495,0.0503315657361425,0.04291268398194989
T-L,SA,mc_learned_baseline,False,48,19,13528,4864,4864,0,0,3800,6764,27056,262144,0.7701562500000001,0.7940999999999999,0.8204787286316112,0.0145572061869913,0.00019924095285229527,public_state_tabular_independent_mc,0,0.3984475556937984,0.7398099999409169,True,accepted_return_check_disabled,0.1,1,2.6059132980798855e-09,-0.046549832808574644,100,5.0,0.18464853465954478,0.07692965350594634,0.002032706590380351,0.0005693025119141455,0.04135882959030367,0.03912737854305902
T-L,SA,mc_learned_baseline,False,48,20,14240,5120,5120,0,0,4000,7120,28480,262144,0.8343750000000001,0.9006000000000001,0.8335499947353129,0.013071266103701684,0.00017378756164973644,public_state_tabular_independent_mc,0,0.3889880694069766,0.7741444999119267,True,accepted_return_check_disabled,0.1,1,2.618018694606359e-09,-0.03006558578632641,100,5.0,0.1268720186848286,0.05015385386076558,0.002890813552140492,5.325429747095927e-06,0.0362314620501682,0.03629458761123339
T-L,SA,mc_learned_baseline,False,48,21,14952,5376,5376,0,0,4200,7476,29904,262144,0.8828906250000002,0.8661,0.8459359432476504,0.012385948512337541,0.00017285016605482194,public_state_tabular_independent_mc,0,0.37967193034839825,0.8113265999127179,True,accepted_return_check_disabled,0.1,1,2.9339752226107942e-09,-0.02318127695064208,100,5.0,0.10067959971640565,0.03680719537439608,0.001276931795689995,0.00017760414454153043,0.03589991709461196,0.032868784566138884
T-L,SA,mc_learned_baseline,False,48,22,15664,5632,5632,0,0,4400,7832,31328,262144,0.798046875,0.8301000000000001,0.8569276288332067,0.010991685585556299,0.00015237378261351666,public_state_tabular_independent_mc,0,0.3705240861647633,0.8499517999589443,True,accepted_return_check_disabled,0.1,1,2.651937399188949e-09,-0.04467041244290683,100,5.0,0.17676540208617636,0.07192275353560157,-0.003074230875149242,0.0006563922355396119,0.031673284580753254,0.0292241757438785
T-L,SA,mc_learned_baseline,False,48,23,16376,5888,5888,0,0,4600,8188,32752,262144,0.8116406250000001,0.8577000000000001,0.8672437436198288,0.010316114786622088,0.00015067090578588292,public_state_tabular_independent_mc,0,0.3613580139198419,0.8876185999251902,True,accepted_return_check_disabled,0.1,1,2.7637963238718116e-09,-0.04172475592300455,100,5.0,0.1562698675066496,0.06258528330245187,0.00956127543522467,0.0012661622016471635,0.03113424716951417,0.025908640485562323
T-L,SA,mc_learned_baseline,False,48,24,17088,6144,6144,0,0,4800,8544,34176,262144,0.8850000000000002,0.8421,0.8764974111127266,0.009253667492897799,0.0001316544466340997,public_state_tabular_independent_mc,0,0.35379375042430533,0.9251050999155268,True,accepted_return_check_disabled,0.1,1,2.087376083258749e-09,-0.020980594989616044,100,5.0,0.08669033307976567,0.03577392760471875,-0.055428089567340466,0.000470834586705025,0.027313833926584,0.02420131942487317
T-L,SA,mc_learned_baseline,False,48,25,17800,6400,6400,0,0,5000,8900,35600,262144,0.8519531250000001,0.9306,0.8850711151184193,0.008573704005692684,0.0001253455204316482,public_state_tabular_independent_mc,0,0.34573667191617635,0.9668088000034913,True,accepted_return_check_disabled,0.1,1,3.9987747329479187e-10,-0.032362198313315334,100,5.0,0.11261893500734851,0.04170425679594531,2.5810726345554258e-05,0.0005442692004918368,0.025970894451267823,0.021567333536782612
T-L,SA,mc_learned_baseline,False,48,26,18512,6656,6656,0,0,5200,9256,37024,262144,0.8941406250000001,0.8598,0.8924345749902318,0.007363459871812528,0.00010105950458270496,public_state_tabular_independent_mc,0,0.33869217988239003,1.0025624999543652,True,accepted_return_check_disabled,0.1,1,1.0465608706960767e-09,-0.018636407359843954,100,5.0,0.07089837968734608,0.025502428410249682,0.014518274117107821,9.555094454007551e-05,0.02102010781305462,0.01985296634978056
T-L,SA,mc_learned_baseline,False,48,27,19224,6912,6912,0,0,5400,9612,38448,262144,0.9152343750000002,0.9303,0.898879148051642,0.006444573061410219,8.521227441500679e-05,public_state_tabular_independent_mc,0,0.33236395588389134,1.040317399892956,True,accepted_return_check_disabled,0.1,1,8.241932307665262e-10,-0.017197662184399387,100,5.0,0.07209679991103658,0.026982987985190464,0.0036259727216543247,1.5644829773364715e-05,0.017713038015790744,0.018027926821705065
T-L,SA,mc_learned_baseline,False,48,28,19936,7168,7168,0,0,5600,9968,39872,262144,0.9311718750000002,0.9546000000000001,0.9051288880737052,0.006249740022063133,8.981118184746344e-05,public_state_tabular_independent_mc,0,0.32571100154866733,1.0790245999814942,True,accepted_return_check_disabled,0.1,1,1.2683487939226797e-09,-0.013003381010418674,100,5.0,0.04745063776801783,0.015875095110308178,0.010704642123176789,0.0003549698225110858,0.018541894523372793,0.016002178799869662
T-L,SA,mc_learned_baseline,False,48,29,20648,7424,7424,0,0,5800,10324,41296,262144,0.8756250000000001,0.9072,0.9102702356969046,0.005141347623199399,6.596522942647273e-05,public_state_tabular_independent_mc,0,0.32034854428020065,1.1234554999973625,True,accepted_return_check_disabled,0.1,1,8.699572924631227e-10,-0.019285980759000836,100,5.0,0.08323797821095852,0.031582598915354705,0.0158902985746745,3.549992210852136e-05,0.013737612326586868,0.014786557359436455
T-L,SA,mc_learned_baseline,False,48,30,21360,7680,7680,0,0,6000,10680,42720,262144,0.8709375000000001,0.9066000000000001,0.9150035120189473,0.004733276322042679,6.148080438519814e-05,public_state_tabular_independent_mc,0,0.31521135407784756,1.1657016999088228,True,accepted_return_check_disabled,0.1,1,9.258785223276349e-10,-0.020080676625880756,100,5.0,0.08135688414650277,0.031097878191399225,0.009469659710707012,1.4808121817479396e-05,0.012807406277602885,0.013454943017836642
T-L,SA,mc_learned_baseline,False,48,31,22072,7936,7936,0,0,6200,11036,44144,262144,0.9121875000000003,0.96,0.9193787880707514,0.0043752760518041,5.778585790586989e-05,public_state_tabular_independent_mc,0,0.3102740265341869,1.2125009999144822,True,accepted_return_check_disabled,0.1,1,6.706996240563545e-10,-0.008813829818354636,100,5.0,0.035144159749077614,0.010609130868696722,0.024724920131907524,6.671592468169051e-06,0.01202015283364987,0.012237514990642524
T-L,SA,mc_learned_baseline,False,48,32,22784,8192,8192,0,0,6400,11392,45568,262144,0.9311718750000002,0.9249,0.9242958276828731,0.004917039612121754,8.265363012729162e-05,public_state_tabular_independent_mc,0,0.3042193487483227,1.256914799916558,True,accepted_return_check_disabled,0.1,1,8.985090086790425e-10,-0.01350069136654229,100,5.0,0.05002250145496396,0.015850791504721216,0.015242403232335722,0.0009985695098821009,0.01723927157594706,0.010134562279888862
T-L,SA,mc_learned_baseline,False,48,33,23496,8448,8448,0,0,6600,11748,46992,262144,0.9288281250000001,0.9243000000000001,0.9279686522956946,0.003672824612821479,4.9556074810918797e-05,public_state_tabular_independent_mc,0,0.2996367203101253,1.298108599963598,True,accepted_return_check_disabled,0.1,1,4.128933724573699e-10,-0.011986473614364373,100,5.0,0.04814128417968751,0.016137422438549532,0.00710393278080057,4.359287946916316e-06,0.010222489996633667,0.010010946598234404
T-L,SA,mc_learned_baseline,False,48,34,24208,8704,8704,0,0,6800,12104,48416,262144,0.9030468750000002,0.9303,0.9310611689499009,0.00309251665420629,3.880012173338538e-05,public_state_tabular_independent_mc,0,0.2958025831422174,1.3495622999034822,True,accepted_return_check_disabled,0.1,1,2.922299502706086e-10,-0.011079888580733686,100,5.0,0.0456785848286026,0.01575641361047508,0.021313444377495716,0.00012840890939952787,0.008038601247076142,0.009032686971818854
T-L,SA,mc_learned_baseline,False,48,35,24920,8960,8960,0,0,7000,12460,49840,262144,0.9468750000000002,0.8952,0.9319395397214184,0.0008783707715175337,9.490433112430756e-06,public_state_tabular_independent_mc,0,0.2940929961307806,1.407421899959445,True,accepted_return_check_disabled,0.1,1,3.524281371673297e-11,-0.002037904503013229,100,5.0,0.010162353515625002,0.0002257112859268528,0.064481673038003,0.005686812598067966,0.0018959538701200588,0.0027170827959463392
T-L,SA,mc_learned_baseline,False,48,36,25632,9216,9216,0,0,7200,12816,51264,262144,0.9421875000000002,0.9303,0.9348900761853317,0.0029505364639133003,7.441074071801111e-05,public_state_tabular_independent_mc,0,0.2904696405923047,1.4452269999310374,True,accepted_return_check_disabled,0.1,1,1.8770860789478577e-10,-0.002044546485805892,100,5.0,0.010544080325097717,8.914318969113213e-05,0.05993668789034734,0.007330830231267811,0.016180134394909854,0.001086561980508785
T-L,SA,mc_learned_baseline,False,48,37,26344,9472,9472,0,0,7400,13172,52688,262144,0.9192187500000002,0.9216,0.9377939616414964,0.002903885456164712,4.050512616320584e-05,public_state_tabular_independent_mc,0,0.2863442435052961,1.482756899902597,True,accepted_return_check_disabled,0.1,1,1.6510546608433532e-10,-0.009600631106360894,100,5.0,0.03496610807456268,0.010735109361061704,0.019943550241260488,4.7498006489972274e-05,0.008345378709518913,0.0075736687048340405
T-L,SA,mc_learned_baseline,False,48,38,27056,9728,9728,0,0,7600,13528,54112,262144,0.9215625000000002,0.9216,0.9396563705708154,0.0018624089293189927,2.4013331928250123e-05,public_state_tabular_independent_mc,0,0.28338832985233914,1.521490199957043,True,accepted_return_check_disabled,0.1,1,2.2827501275770416e-10,-0.008598438589130168,100,5.0,0.031872130018999786,0.010762726648068183,0.029082629244270297,0.0018921819776303666,0.004936399271020752,0.005162705333818232
T-L,SA,mc_learned_baseline,False,48,39,27768,9984,9984,0,0,7800,13884,55536,262144,0.9304687500000002,0.9276000000000001,0.9428176665358643,0.0031612959650488826,0.00010436853697624892,public_state_tabular_independent_mc,0,0.27883326686019066,1.5593397999182343,True,accepted_return_check_disabled,0.1,1,1.2234248802726438e-09,-0.0031364879230271923,100,5.0,0.010867477416992193,0.0003684593419233721,0.09690384006831443,0.011388921210837392,0.02350785900336814,-0.004575764451831433
T-L,SA,mc_learned_baseline,False,48,40,28480,10240,10240,0,0,8000,14240,56960,262144,0.9656250000000002,0.9333,0.9457754675773945,0.002957801041530206,0.00012863567415478003,public_state_tabular_independent_mc,0,0.27430251785232906,1.596384899923578,True,accepted_return_check_disabled,0.1,1,3.0954707670925277e-09,-0.002784952260255822,100,5.0,0.009447990060149174,0.0001319931793186786,0.02494185018479289,0.017667375726698974,0.029821356263703067,-0.01148135542135157
T-L,SA,mc_learned_baseline,False,48,41,29192,10496,10496,0,0,8200,14596,58384,262144,0.9330468750000002,0.9123,0.9477014247699815,0.0019259571925870356,2.7865499126381246e-05,public_state_tabular_independent_mc,0,0.2710974844231613,1.636049999971874,True,accepted_return_check_disabled,0.1,1,2.3112612221180474e-10,-0.006992892775097719,100,5.0,0.024119482421875005,0.005318362707523831,0.03241083279989587,0.0008912541431424312,0.005696205377909882,0.004738931139617409
T-L,SA,mc_learned_baseline,False,48,42,29904,10752,10752,0,0,8400,14952,59808,262144,0.9281250000000002,0.9660000000000001,0.9486793963641578,0.0009779715941762301,1.1179208106662737e-05,public_state_tabular_independent_mc,0,0.26913813244705503,1.674236899940297,True,accepted_return_check_disabled,0.1,1,3.7834504715380936e-10,-0.0028233881176766957,100,5.0,0.01195312500000001,0.00025850146338812286,0.06110552763819033,0.002476212918235019,0.0022693816807647883,0.002913340021617833
T-L,SA,mc_learned_baseline,False,48,43,30616,11008,11008,0,0,8600,15308,61232,262144,0.9564843750000002,0.9098999999999999,0.9502311070460828,0.001551710681925056,1.8995135579300272e-05,public_state_tabular_independent_mc,0,0.2665534613852492,1.7110921998973936,True,accepted_return_check_disabled,0.1,1,3.574477344973458e-10,-0.005469934390534514,100,5.0,0.023268382593017473,0.005469801637937196,0.0054215142006365236,0.0008768264512693417,0.0039022645018917824,0.004521916055576348
T-L,SA,mc_learned_baseline,False,48,44,31328,11264,11264,0,0,8800,15664,62656,262144,0.9679687500000003,0.9543,0.9525529499456196,0.0023218428995367413,0.00014633091010747163,public_state_tabular_independent_mc,0,0.26275892580539695,1.7513562999665737,True,accepted_return_check_disabled,0.1,1,1.8834033425386966e-09,-0.0020620604145313694,100,5.0,0.009109872062838809,7.939907025469132e-05,0.025363059162375245,0.027171450278985737,0.037775855393416644,-0.02198129447420337
T-L,SA,mc_learned_baseline,False,48,45,32040,11520,11520,0,0,9000,16020,64080,262144,0.9215625000000003,0.9453,0.9536752242094677,0.0011222742638481442,1.299482955602741e-05,public_state_tabular_independent_mc,0,0.2605573516315144,1.7887839999748394,True,accepted_return_check_disabled,0.1,1,3.467275118872439e-10,-0.008784808541919051,100,5.0,0.033143750000000013,0.010987310339080273,0.0214442182458896,0.0014183605720876058,0.0026480735573175926,0.0033382768205040153
T-L,SA,mc_learned_baseline,False,48,46,32752,11776,11776,0,0,9200,16376,65504,262144,0.9494531250000002,0.948,0.9550853817088218,0.0014101574993541366,1.630095262606266e-05,public_state_tabular_independent_mc,0,0.25814896645306507,1.8272418999113142,True,accepted_return_check_disabled,0.1,1,2.494316722033523e-10,-0.005342839669723157,100,5.0,0.023177845255533853,0.0052994337344333215,0.022171796029698876,0.0004257818002522467,0.003345600805610956,0.0042958619977135895
T-L,SA,mc_learned_baseline,False,48,47,33464,12032,12032,0,0,9400,16732,66928,262144,0.9562500000000003,0.987,0.9562265872927991,0.001141205583977234,1.485922971974861e-05,public_state_tabular_independent_mc,0,0.25582025232672206,1.864157099975273,True,accepted_return_check_disabled,0.1,1,1.5333663279374406e-10,-0.0029698377508919124,100,5.0,0.009711914062500007,5.586113053066567e-05,0.04499518768046196,0.001507919288780989,0.002964775871595811,0.003031001031625249
T-L,SA,mc_learned_baseline,False,48,48,34176,12288,12288,0,0,9600,17088,68352,262144,0.9820312500000001,0.975,0.9574695448805437,0.0012429575877446197,1.752547447453473e-05,public_state_tabular_independent_mc,0,0.25327387429454495,1.9006561998976395,True,accepted_return_check_disabled,0.1,1,2.580284778719611e-10,-0.0028832792755315337,100,5.0,0.00810791015625,2.9407579599737113e-05,-0.0038309039017752067,0.00151365585369399,0.0035480903834682657,0.0030310568358951537
T-L,SA,mc_learned_baseline,False,48,49,34888,12544,12544,0,0,9800,17444,69776,262144,0.9492187500000002,0.9329999999999999,0.9606396976643667,0.0031701527838230437,0.0002306568080364029,public_state_tabular_independent_mc,0,0.24856058394345623,1.9369529999094084,True,accepted_return_check_disabled,0.1,1,1.571966081241759e-10,-0.003960747705619307,100,5.0,0.01087707096877283,0.0007146844845061207,-6.5335055254855945e-06,0.042283693427080826,0.06010827860444805,-0.03773420599370787
T-L,SA,mc_learned_baseline,False,48,50,35600,12800,12800,0,0,10000,17800,71200,262144,0.9705468750000001,0.9660000000000001,0.9618914379263022,0.001251740261935419,1.6662613677353086e-05,public_state_tabular_independent_mc,0,0.24601649189659042,1.9743053999263793,True,accepted_return_check_disabled,0.1,1,5.7736982905836967e-11,-0.005690787720250892,100,5.0,0.0194107421875,0.005329935882244237,-0.0015021948341973346,0.0004640776791264449,0.0033718132257470083,0.0032784484126640416
T-L,SA,mc_learned_baseline,False,48,51,36312,13056,13056,0,0,10200,18156,72624,262144,0.9890625000000002,0.9600000000000002,0.9637001907991704,0.0018087528728681912,9.741157984193482e-05,public_state_tabular_independent_mc,0,0.24283034232666884,2.013744299998507,True,accepted_return_check_disabled,0.1,1,3.785728004253084e-11,-0.002205761651478638,100,5.0,0.008689881102506769,0.0004014974588044491,-0.07579724513308395,0.01698714225862969,0.025053479289760535,-0.0132720401612563
T-L,SA,mc_learned_baseline,False,48,52,37024,13312,13312,0,0,10400,18512,74048,262144,0.9421875000000002,0.987,0.9648521540521525,0.0011519632529821688,1.5728973382731706e-05,public_state_tabular_independent_mc,0,0.24040140498932616,2.0530787999741733,True,accepted_return_check_disabled,0.1,1,4.526625738254658e-10,-0.003599509898411517,100,5.0,0.010360107421875004,0.00026494218120774244,0.07463337512947743,0.00048172159355107933,0.003194221415441318,0.002916199716687884
T-L,SA,mc_learned_baseline,False,48,53,37736,13568,13568,0,0,10600,18868,75472,262144,0.9703125000000001,0.972,0.9658135605037216,0.0009614064515690579,1.0914861653071699e-05,public_state_tabular_independent_mc,0,0.23836643113747835,2.0970638999715447,True,accepted_return_check_disabled,0.1,1,8.860471958217932e-11,-0.002344542396978234,100,5.0,0.008822021484375005,9.179622560587919e-05,0.02204436003527077,0.0005268598080860521,0.002203899757551766,0.0028815088249136687
T-L,SA,mc_learned_baseline,False,48,54,38448,13824,13824,0,0,10800,19224,76896,262144,0.9567187500000003,0.99,0.9672936862215925,0.0014801257178709282,2.253692260973749e-05,public_state_tabular_independent_mc,0,0.2353231912545146,2.137485299957916,True,accepted_return_check_disabled,0.1,1,2.3324755942157264e-10,-0.009779703830176678,100,5.0,0.03366614990234376,0.010807667037046532,0.003798198131159225,8.839945218220995e-05,0.004522611106115295,0.0033276144962803636
T-L,SA,mc_learned_baseline,False,48,55,39160,14080,14080,0,0,11000,19580,78320,262144,0.9705468750000003,0.9810000000000001,0.968470668276161,0.0011769820545685095,1.5038869672888373e-05,public_state_tabular_independent_mc,0,0.23286245097552694,2.179450999945402,True,accepted_return_check_disabled,0.1,1,5.358703853647021e-12,-0.00558934961628421,100,5.0,0.019362402343750005,0.005469680975731892,0.004657748762637803,0.00015668384341609872,0.0030295015876990274,0.003209227967526602
T-L,SA,mc_learned_baseline,False,48,56,39872,14336,14336,0,0,11200,19936,79744,262144,0.9656250000000002,0.9630000000000001,0.9695879286884682,0.0011172604123071972,1.462383952952377e-05,public_state_tabular_independent_mc,0,0.2304670301405517,2.2204503999091685,True,accepted_return_check_disabled,0.1,1,3.71560788104354e-10,-0.00306853949058022,100,5.0,0.009195556640624998,0.00016361049126755936,0.026189238367559486,0.0003830216931986454,0.0029682012531872647,0.002959544078708587
T-L,SA,mc_learned_baseline,False,48,57,40584,14592,14592,0,0,11400,20292,81168,262144,0.9656250000000002,0.9690000000000001,0.9706570234924635,0.0010690948039953074,1.3366773331862626e-05,public_state_tabular_independent_mc,0,0.22816526751327476,2.2595569998957217,True,accepted_return_check_disabled,0.1,1,8.123552669977151e-12,-0.0028807746556520335,100,5.0,0.009231262207031254,6.489869998347541e-05,0.02428840655055875,0.0003892353752090647,0.0026812080173261857,0.0029581197606473536
T-L,SA,mc_learned_baseline,False,48,58,41296,14848,14848,0,0,11600,20648,82592,262144,0.9750000000000002,0.9690000000000001,0.9719483225841257,0.0012912990916621458,1.9484776269941907e-05,public_state_tabular_independent_mc,0,0.22537235316813606,2.2972789999330416,True,accepted_return_check_disabled,0.1,1,7.922654601231905e-11,-0.0034395318899898913,100,5.0,0.008440246582031255,1.643267848923151e-05,0.018022017045454475,0.0004448413442358001,0.0039026304713364528,0.002905866462315725
T-L,SA,mc_learned_baseline,False,48,59,42008,15104,15104,0,0,11800,21004,84016,262144,0.9843750000000002,0.972,0.9731985994907594,0.0012502769066337072,1.8249571958628728e-05,public_state_tabular_independent_mc,0,0.22265463650321002,2.335467599914409,True,accepted_return_check_disabled,0.1,1,4.392597071196225e-10,-0.0030860351388426795,100,5.0,0.008154602050781242,0.0001837483165910745,-0.022066929133857327,0.0004132343875479713,0.0036336679093245195,0.0029399187230377153
T-L,SA,mc_learned_baseline,False,48,60,42720,15360,15360,0,0,12000,21360,85440,262144,0.9679687500000003,0.9840000000000001,0.9742394943004427,0.0010408948096832793,1.2639682069923072e-05,public_state_tabular_independent_mc,0,0.22038171452850977,2.379902399959974,True,accepted_return_check_disabled,0.1,1,3.416697900624453e-11,-0.002795431680070566,100,5.0,0.008942871093750004,8.944801449438698e-06,0.02774136815383854,0.0003969781851808881,0.0025311867649626843,0.0029568700867675228
T-L,SA,mc_learned_baseline,False,48,61,43432,15616,15616,0,0,12200,21716,86864,262144,0.9679687500000003,0.963,0.9754931677995984,0.0012536734991557275,1.8347985297276442e-05,public_state_tabular_independent_mc,0,0.2176314672396683,2.4212651998968795,True,accepted_return_check_disabled,0.1,1,1.7023834620616615e-10,-0.0036148706846666073,100,5.0,0.009074707031250004,4.14957395823493e-05,0.02057374193227257,0.0004144328825723437,0.0036676749067902042,0.0029387389389754904
T-L,SA,mc_learned_baseline,False,48,62,44144,15872,15872,0,0,12400,22072,88288,262144,0.9703125000000001,0.975,0.9767386902281601,0.001245522428561685,1.812351966879822e-05,public_state_tabular_independent_mc,0,0.2148851075925899,2.461202099919319,True,accepted_return_check_disabled,0.1,1,1.3091085894516346e-10,-0.0035545591813634894,100,5.0,0.00931640625000001,0.00035235008036107237,-0.005426304008682603,0.0004094552133773816,0.003625638794468538,0.002941387857667383
T-L,SA,mc_learned_baseline,False,48,63,44856,16128,16128,0,0,12600,22428,89712,262144,0.9750000000000003,0.9843000000000001,0.9777610595520367,0.0010223693238766707,1.2218929042924569e-05,public_state_tabular_independent_mc,0,0.21262017910146908,2.503662999952212,True,accepted_return_check_disabled,0.1,1,7.928383262373847e-13,-0.0026877882619055077,100,5.0,0.008506164550781256,4.022913537652333e-05,0.014186789772727249,0.00040079175236613777,0.0024541190729340844,0.0029460993909264307
T-L,SA,mc_learned_baseline,False,48,64,45568,16384,16384,0,0,12800,22784,91136,262144,0.9843750000000002,0.972,0.9787705067351147,0.0010094471830779383,1.1928648461956237e-05,public_state_tabular_independent_mc,0,0.21037431942423213,2.547035999945365,True,accepted_return_check_disabled,0.1,1,1.7305651654821647e-11,-0.0024251708500237657,100,5.0,0.007701416015625003,5.301877439332258e-05,0.00716535433070864,0.0004063193263096445,0.0023912636547616015,0.002936107605571075
T-L,SA,mc_learned_baseline,False,48,65,46280,16640,16640,0,0,13000,23140,92560,262144,0.9890625000000002,0.972,0.979826479054986,0.0010559723198713122,1.3078944784360232e-05,public_state_tabular_independent_mc,0,0.2080146128202507,2.5881831999868155,True,accepted_return_check_disabled,0.1,1,3.762519606894157e-10,-0.0025156065036784792,100,5.0,0.007286682128906253,2.4440447140537212e-05,0.0039013602603690245,0.00038273156806709025,0.0026574008493718037,0.0029542080976713023
T-L,SA,mc_learned_baseline,False,48,66,46992,16896,16896,0,0,13200,23496,93984,262144,0.9796875000000003,0.9960000000000001,0.9809699098824569,0.001143430827470926,1.5374872814885395e-05,public_state_tabular_independent_mc,0,0.20544733891972028,2.6289262999780476,True,accepted_return_check_disabled,0.1,1,2.832438934382993e-10,-0.0030459737464951083,100,5.0,0.008077697753906253,7.254423303436475e-06,0.012444958578998744,0.00037455015838730444,0.003065401350731149,0.002955501426326938
T-L,SA,mc_learned_baseline,False,48,67,47704,17152,17152,0,0,13400,23852,95408,262144,0.9703125000000001,0.9810000000000001,0.982004585153986,0.0010346752715291174,1.2620937539349208e-05,public_state_tabular_independent_mc,0,0.20311317940033313,2.6705133999930695,True,accepted_return_check_disabled,0.1,1,3.6471076324867906e-10,-0.0030335310129647676,100,5.0,0.008822021484375005,3.7743692394899765e-06,0.02204436003527055,0.00038600980005235703,0.0025645556084270844,0.0029352596006329617
T-L,SA,mc_learned_baseline,False,48,68,48416,17408,17408,0,0,13600,24208,96832,262144,0.9960937500000002,0.9960000000000001,0.9830532879918013,0.0010487028378152186,1.3005761159090851e-05,public_state_tabular_independent_mc,0,0.20073644708858993,2.7091792999999598,True,accepted_return_check_disabled,0.1,1,2.2465953176388253e-10,-0.0024005896215632825,100,5.0,0.00742675781249999,0.0003601856163072618,-0.05922519829865491,0.0003800262808715883,0.002636708782685269,0.002932110116498853
T-L,SA,mc_learned_baseline,False,48,69,49128,17664,17664,0,0,13800,24564,98256,262144,0.9496875000000002,0.9870000000000002,0.984159881984631,0.001106593992829752,1.348496329878315e-05,public_state_tabular_independent_mc,0,0.19827643728296274,2.749285399913788,True,accepted_return_check_disabled,0.1,1,3.5386907638885905e-10,-0.009240294693233248,100,5.0,0.03259882812500002,0.011224959153973507,-0.0015811737005408943,0.00014127157649453096,0.002747408932638148,0.003160458079077809
T-L,SA,mc_learned_baseline,False,48,70,49840,17920,17920,0,0,14000,24920,99680,262144,0.9796875000000003,0.987,0.9854141067667558,0.0012542247821247798,1.8742513449374666e-05,public_state_tabular_independent_mc,0,0.195406245270954,2.7915772999404,True,accepted_return_check_disabled,0.1,1,3.987350298285602e-10,-0.0036805182881125245,100,5.0,0.008077697753906252,5.700231671941049e-06,0.0124449585789983,0.0003984699397180424,0.0038079458644513604,0.0028641853111093267
T-L,SA,mc_learned_baseline,False,48,71,50552,18176,18176,0,0,14200,25276,101104,262144,0.9820312500000002,1.0110000000000001,0.9868912516965722,0.0014771449298164319,5.6984212190591265e-05,public_state_tabular_independent_mc,0,0.19224569235865557,2.828137499978766,True,accepted_return_check_disabled,0.1,1,2.8053835620866877e-10,-0.002989387717455024,100,5.0,0.007993894973909014,0.0001497726091218913,0.008203878770852713,0.008608706315569441,0.014243579570038283,-0.005361526720857298
T-L,SA,mc_learned_baseline,False,48,72,51264,18432,18432,0,0,14400,25632,102528,262144,0.9914062500000003,0.9990000000000002,0.9881612941869016,0.0012700424903293595,1.9354713205273236e-05,public_state_tabular_independent_mc,0,0.18930871245458178,2.8678579999832436,True,accepted_return_check_disabled,0.1,1,2.4662789498790536e-11,-0.0033307154744462017,100,5.0,0.007083435058593754,8.049510501895897e-07,0.0018290977168555766,0.000277943258648974,0.0039061698508682297,0.002830131882697961
T-L,SA,mc_learned_baseline,False,48,73,51976,18688,18688,0,0,14600,25988,103952,262144,0.9843750000000002,0.9810000000000001,0.9891399873268847,0.0009786931399831111,1.1549574286052053e-05,public_state_tabular_independent_mc,0,0.18703337218875188,2.904476900002919,True,accepted_return_check_disabled,0.1,1,3.1298691265146025e-10,-0.0026823812667752965,100,5.0,0.007734375000000003,1.296493591538186e-05,0.005039370078739558,0.00022984282365885722,0.002346633792396257,0.002858684793742094
T-L,SA,mc_learned_baseline,False,48,74,52688,18944,18944,0,0,14800,26344,105376,262144,0.9843750000000002,0.9900000000000001,0.9902961108127109,0.001156123485826166,3.358301761367822e-05,public_state_tabular_independent_mc,0,0.18449052807089814,2.9443652000045404,True,accepted_return_check_disabled,0.1,1,3.4707948733026486e-10,-0.0026776732510431223,100,5.0,0.007967086398487068,0.00030881190918595773,-0.018131482291566137,0.004588955613824492,0.008253468051362402,-0.0015166496211426583
T-L,SA,mc_learned_baseline,False,48,75,53400,19200,19200,0,0,15000,26700,106800,262144,0.9960937500000002,0.9930000000000001,0.9915634472401624,0.001267336427451582,1.9746237532378932e-05,public_state_tabular_independent_mc,0,0.18151078949349544,2.9815025998977944,True,accepted_return_check_disabled,0.1,1,1.989520352513103e-10,-0.003272478455491306,100,5.0,0.006907653808593749,0.00016238988654235695,-0.020117254856879985,0.00022274964592734547,0.003952254249059122,0.0027451771406006705
T-L,SA,mc_learned_baseline,False,48,76,54112,19456,19456,0,0,15200,27056,108224,262144,0.9937500000000002,1.014,0.9925920741597032,0.0010286269195407538,1.309472263920318e-05,public_state_tabular_independent_mc,0,0.17907839095079997,3.020692899939604,True,accepted_return_check_disabled,0.1,1,3.0324956011044435e-10,-0.002605703099496353,100,5.0,0.006954345703125,7.519263802223779e-05,-0.005778805120910002,0.00013404142163640076,0.00260908933291111,0.002811627672941018
T-L,SA,mc_learned_baseline,False,48,77,54824,19712,19712,0,0,15400,27412,109648,262144,1.0054687500000001,0.99,0.9936129323939282,0.0010208582342250416,1.2987885610506561e-05,public_state_tabular_independent_mc,0,0.1766517716295286,3.0601459000026807,True,accepted_return_check_disabled,0.1,1,3.3126156024992903e-10,-0.0022131950918342423,100,5.0,0.005863952636718748,1.9560588787384922e-05,-0.01411846652557025,0.0001338218660913665,0.0025867159151900243,0.002792540758683788
T-L,SA,mc_learned_baseline,False,48,78,55536,19968,19968,0,0,15600,27768,111072,262144,1.0007812500000002,1.0170000000000001,0.9948145539622395,0.001201621568311273,1.8150850905519237e-05,public_state_tabular_independent_mc,0,0.17377904472668187,3.0992984999902546,True,accepted_return_check_disabled,0.1,1,5.5036040335786266e-11,-0.00295360483724113,100,5.0,0.00617431640625,1.0019148011126328e-05,-0.00019778970010153607,0.00018813189868723348,0.003643575115860643,0.002717968892351296
T-L,SA,mc_learned_baseline,False,48,79,56248,20224,20224,0,0,15800,28124,112496,262144,1.0007812500000002,1.002,0.9956996901485271,0.000885136186287605,9.91911179044596e-06,public_state_tabular_independent_mc,0,0.17165133788271017,3.138197499909438,True,accepted_return_check_disabled,0.1,1,2.4522057242958467e-10,-0.00210125429919902,100,5.0,0.00617431640625,5.389404158628379e-06,-0.00019778970010198016,0.00018628020857377504,0.002014572030762128,0.0026945654182470623
T-L,SA,mc_learned_baseline,False,48,80,56960,20480,20480,0,0,16000,28480,113920,262144,1.0007812500000002,1.002,0.9968534047282239,0.0011537145796968185,1.700800346380491e-05,public_state_tabular_independent_mc,0,0.1688629027693732,3.179078699904494,True,accepted_return_check_disabled,0.1,1,1.4799817446479052e-13,-0.002886052281394497,100,5.0,0.006240234375000004,0.00013506500213870395,-0.005538111602838569,0.00016765947159624818,0.003425459596365795,0.0026936106049907016
T-L,SA,mc_learned_baseline,False,48,81,57672,20736,20736,0,0,16200,28836,115344,262144,0.9914062500000003,0.981,0.9978865354243776,0.001033130696153628,1.3763670242149121e-05,public_state_tabular_independent_mc,0,0.1663510726930897,3.227888899971731,True,accepted_return_check_disabled,0.1,1,7.421451226196483e-11,-0.002998578689638002,100,5.0,0.007116394042968752,6.398254391160972e-06,-0.0004949323233842673,0.000128686109639176,0.0027838304529674966,0.002705830546589506
T-L,SA,mc_learned_baseline,False,48,82,58384,20992,20992,0,0,16400,29192,116768,262144,1.0078125000000002,0.9990000000000001,0.9988310294032828,0.0009444939789052809,1.1604970569816986e-05,public_state_tabular_independent_mc,0,0.16404219747856766,3.2757697999477386,True,accepted_return_check_disabled,0.1,1,2.514778474743006e-10,-0.0020939170489657796,100,5.0,0.005712890624999998,9.634960937690019e-05,-0.02238388360380461,0.00014134408617964755,0.0023134130572195857,0.002668026258685527
T-L,SA,mc_learned_baseline,False,48,83,59096,21248,21248,0,0,16600,29548,118192,262144,0.9820312500000002,0.9960000000000001,0.999839094086116,0.0010080646828332096,1.3347913572159984e-05,public_state_tabular_independent_mc,0,0.16156440600965816,3.333239399944432,True,accepted_return_check_disabled,0.1,1,1.1304246543196079e-10,-0.0034395982305708917,100,5.0,0.008217773437500008,3.701096356011096e-05,-0.010726530924971778,0.00012759327289639768,0.002703176923983238,0.002657805089232971
T-L,SA,mc_learned_baseline,False,48,84,59808,21504,21504,0,0,16800,29904,119616,262144,1.01953125,0.993,1.000833416921905,0.000994322835789041,1.3118661026267998e-05,public_state_tabular_independent_mc,0,0.15910641715617949,3.3934466999489814,True,accepted_return_check_disabled,0.1,1,1.2690000088217364e-10,-0.0018108200583165073,100,5.0,0.004205017089843745,1.4022088143199158e-05,0.010931541674232936,0.00012709207402905744,0.002657930415623115,0.002631684881839118
T-L,SA,mc_learned_baseline,False,48,85,60520,21760,21760,0,0,17000,30260,121040,262144,0.9890625000000003,0.9900000000000001,1.0016599776540231,0.0008265607321180646,9.148310315739648e-06,public_state_tabular_independent_mc,0,0.15705234633086704,3.4315884999232367,True,accepted_return_check_disabled,0.1,1,2.556444199238522e-10,-0.0025570884549030383,100,5.0,0.007327880859375005,3.9731847886187785e-06,0.0010848702328303261,0.00018927599149717102,0.0018596920741961525,0.002542194553652891
T-L,SA,mc_learned_baseline,False,48,86,61232,22016,22016,0,0,17200,30616,122464,262144,0.9914062500000003,1.008,1.0026275531822273,0.0009675755282041454,1.2668008748625854e-05,public_state_tabular_independent_mc,0,0.15463512032630128,3.4697130999993533,True,accepted_return_check_disabled,0.1,1,1.3611175513201753e-10,-0.0030577638142815543,100,5.0,0.007248229980468752,3.303667796173081e-05,-0.00979105248434542,0.00012636776765320983,0.0025676647157543923,0.0025816113605990005
T-L,SA,mc_learned_baseline,False,48,87,61944,22272,22272,0,0,17400,30972,123888,262144,1.0195312500000002,1.014,1.0037580146456624,0.0011304614634350951,1.751522417304879e-05,public_state_tabular_independent_mc,0,0.1517931794383133,3.507332699955441,True,accepted_return_check_disabled,0.1,1,2.5422967868185143e-10,-0.0021903801224109746,100,5.0,0.004281921386718748,2.4994189603177673e-06,0.0017795532958058136,0.00020106867515000024,0.003504383332600239,0.002478497635619829
T-L,SA,mc_learned_baseline,False,48,88,62656,22528,22528,0,0,17600,31328,125312,262144,1.0148437500000003,1.0170000000000001,1.0045880743157836,0.0008300596701211749,9.546492893302253e-06,public_state_tabular_independent_mc,0,0.1496939413994338,3.542164699989371,True,accepted_return_check_disabled,0.1,1,1.3271245328725952e-12,-0.0017290697456980378,100,5.0,0.00468017578125,6.931663724347359e-06,0.00907000097178623,0.0001663147622243541,0.0019194720440433943,0.0024788073024990627
T-L,SA,mc_learned_baseline,False,48,89,63368,22784,22784,0,0,17800,31684,126736,262144,0.9890625000000002,1.0230000000000001,1.0055584932078876,0.0009704188921040302,1.824751770107983e-05,public_state_tabular_independent_mc,0,0.14727303652770796,3.5814566999906674,True,accepted_return_check_disabled,0.1,1,5.4538135858553656e-11,-0.003122753721857143,100,5.0,0.007785788995209165,0.0005029715996507586,-0.0630241925137256,0.0014016834786602637,0.004114035349360551,0.0012172908398303175
T-L,SA,mc_learned_baseline,False,48,90,64080,23040,23040,0,0,18000,32040,128160,262144,1.0031250000000003,0.996,1.0065723824125048,0.0010138892046172021,1.463665990383199e-05,public_state_tabular_independent_mc,0,0.1446781816853864,3.638649999978952,True,accepted_return_check_disabled,0.1,1,1.3826545310917376e-10,-0.002858908930192851,100,5.0,0.00593536376953125,1.298131892425134e-05,0.00017996709173206948,0.0001259243676286774,0.002931785148128795,0.0024371397098702898
T-L,SA,mc_learned_baseline,False,48,91,64792,23296,23296,0,0,18200,32396,129584,262144,1.0125000000000002,1.008,1.0075834324016477,0.0010110499891429203,1.4761376659332874e-05,public_state_tabular_independent_mc,0,0.14207365367571034,3.6937109999125823,True,accepted_return_check_disabled,0.1,1,2.8318876335646627e-10,-0.0023973210325009247,100,5.0,0.004924621582031252,3.1761500401926326e-05,0.007597194881889813,0.0001308350572375621,0.0029494330000907993,0.00239883194708765
T-L,SA,mc_learned_baseline,False,48,92,65504,23552,23552,0,0,18400,32752,131008,262144,1.0054687500000004,1.0230000000000001,1.0084568485719112,0.0008734161702634857,1.116189638240489e-05,public_state_tabular_independent_mc,0,0.13980971042271217,3.7284746000077575,True,accepted_return_check_disabled,0.1,1,1.4139106738350538e-10,-0.0024461464090484507,100,5.0,0.0058227539062500056,9.784142867624561e-05,-0.01050178155222814,0.00010692037394911859,0.0022641344526693886,0.0023883655456567354
T-L,SA,mc_learned_baseline,False,48,93,66216,23808,23808,0,0,18600,33108,132432,262144,1.021875,1.026,1.0095125043075344,0.0010556557356231622,1.6558788041923698e-05,public_state_tabular_independent_mc,0,0.1370556480388949,3.7634002999402583,True,accepted_return_check_disabled,0.1,1,3.643364919576105e-11,-0.0022174515820596284,100,5.0,0.004617004394531247,0.00035747752686804825,-0.07031733746129998,0.0001919377391933928,0.0033504239982476316,0.0022727811032280496
T-L,SA,mc_learned_baseline,False,48,94,66928,24064,24064,0,0,18800,33464,133856,262144,1.021875,1.005,1.0103499627552974,0.000837458447763062,1.0568801383159357e-05,public_state_tabular_independent_mc,0,0.13485666431187648,3.7996383999707177,True,accepted_return_check_disabled,0.1,1,9.883292286733859e-11,-0.0016717851516637786,100,5.0,0.003999023437499995,2.249369056818713e-05,0.008049535603715352,0.00010897942142415348,0.0021417473541792864,0.002317722669984528
T-L,SA,mc_learned_baseline,False,48,95,67640,24320,24320,0,0,19000,33820,135280,262144,1.0148437500000003,1.0170000000000001,1.0112971124053804,0.0009471496500830234,1.372579795574403e-05,public_state_tabular_independent_mc,0,0.13235414276907936,3.836876899935305,True,accepted_return_check_disabled,0.1,1,3.2072284452335145e-10,-0.0022917578435599313,100,5.0,0.004655456542968752,8.814863988383154e-06,0.011693822681481003,0.0001256221624776701,0.0027405780882479506,0.0022700865737686686
T-L,SA,mc_learned_baseline,False,48,96,68352,24576,24576,0,0,19200,34176,136704,262144,1.0148437500000003,1.02,1.0122229170565753,0.0009258046511948503,1.3325733770964676e-05,public_state_tabular_independent_mc,0,0.1298916860632103,3.877105199964717,True,accepted_return_check_disabled,0.1,1,2.998384921410223e-10,-0.002279442449511496,100,5.0,0.004666442871093754,3.146173468545355e-05,0.010527679699394388,0.00012237710992459624,0.0026612209253915066,0.002237389101575458
T-L,SA,mc_learned_baseline,False,48,97,69064,24832,24832,0,0,19400,34532,138128,262144,1.0171875000000004,0.9930000000000001,1.0131510108454806,0.0009280937889053487,1.3616170494023518e-05,public_state_tabular_independent_mc,0,0.12740648415863462,3.9157771999016404,True,accepted_return_check_disabled,0.1,1,2.9852323911702893e-10,-0.0022359352908510907,100,5.0,0.004559326171874996,9.939650053300963e-05,-0.0031493906613715428,0.00013115613375588736,0.0027201616308839063,0.002192564928827561
T-L,SA,mc_learned_baseline,False,48,98,69776,25088,25088,0,0,19600,34888,139552,262144,1.0078125000000002,1.0230000000000001,1.0139253936854158,0.0007743828399351393,9.624146956212014e-06,public_state_tabular_independent_mc,0,0.12531977844198774,3.950890599982813,True,accepted_return_check_disabled,0.1,1,9.69675734422408e-11,-0.0023252300671825175,100,5.0,0.0054492187500000035,5.185348494867901e-07,0.0017907106883047197,0.00011205263440277989,0.0019510041509391192,0.0021746285797555375
T-L,SA,mc_learned_baseline,False,48,99,70488,25344,25344,0,0,19800,35244,140976,262144,1.0125000000000002,1.02,1.0146840036112794,0.0007586099258636292,9.37309968461252e-06,public_state_tabular_independent_mc,0,0.12326372229971794,3.9875908999238163,True,accepted_return_check_disabled,0.1,1,7.458244248993582e-11,-0.002093093781778196,100,5.0,0.004924621582031252,2.452241569842979e-07,0.007597194881889702,0.0001134684831645164,0.0018987758797143009,0.002141613546229681
T-L,SA,mc_learned_baseline,False,48,100,71200,25600,25600,0,0,20000,35600,142400,262144,1.021875,0.9960000000000001,1.0155600054333376,0.0008760018220581589,1.2711825345976083e-05,public_state_tabular_independent_mc,0,0.12087453190990091,4.027841700008139,True,accepted_return_check_disabled,0.1,1,2.801306494321202e-10,-0.0019355504201940918,100,5.0,0.0038479614257812492,7.146791747155415e-08,0.027205882352941302,0.0001249114599529418,0.002539653520421299,0.002098602932935765
T-L,SA,mc_learned_baseline,False,48,101,71912,25856,25856,0,0,20200,35956,143824,262144,1.0218750000000003,1.0170000000000001,1.0164288321747978,0.0008688267414602713,1.2732973076980671e-05,public_state_tabular_independent_mc,0,0.11848863406170422,4.066790099954233,True,accepted_return_check_disabled,0.1,1,1.7266180737966824e-10,-0.001992484104671779,100,5.0,0.004045715332031248,0.00011390738025810734,0.002128482972136525,0.00012964463056968153,0.002549470224735238,0.002056663514863114
T-L,SA,mc_learned_baseline,False,48,102,72624,26112,26112,0,0,20400,36312,145248,262144,1.0242187500000002,1.0290000000000001,1.0172684484892263,0.0008396163144284152,1.2111124235690062e-05,public_state_tabular_independent_mc,0,0.11616710755608554,4.108629299909808,True,accepted_return_check_disabled,0.1,1,2.5863531734338196e-10,-0.0017884299028463001,100,5.0,0.0035458374023437512,3.955326315746114e-06,0.038338790566585845,0.00012188853096564082,0.002420180106013223,0.0020267202423756288
T-L,SA,mc_learned_baseline,False,48,103,73336,26368,26368,0,0,20600,36668,146672,262144,1.0125000000000002,1.0170000000000001,1.0180680992499103,0.0007996507606840009,1.1187422918557184e-05,public_state_tabular_independent_mc,0,0.11394119304699396,4.146315199905075,True,accepted_return_check_disabled,0.1,1,2.3973107598157314e-10,-0.002405906838063882,100,5.0,0.004946594238281249,7.336590391607097e-05,0.005382627952756236,0.00011218520822022708,0.0022351247026380612,0.0019992366997349372
T-L,SA,mc_learned_baseline,False,48,104,74048,26624,26624,0,0,20800,37024,148096,262144,1.0218750000000003,1.0200000000000002,1.0188706118405804,0.0008025125906701014,1.1480291114050657e-05,public_state_tabular_independent_mc,0,0.11169228901350407,4.185864200000651,True,accepted_return_check_disabled,0.1,1,2.5260835036882806e-10,-0.0019286978387740004,100,5.0,0.0038479614257812484,6.308694752235821e-06,0.027205882352941413,0.0001183992716528298,0.0022939020498788805,0.001956915941209473
T-L,SA,mc_learned_baseline,False,48,105,74760,26880,26880,0,0,21000,37380,149520,262144,1.0195312500000004,1.0170000000000001,1.0196483408906156,0.0007777290500352585,1.0988793755540488e-05,public_state_tabular_independent_mc,0,0.10949806792735811,4.222247299971059,True,accepted_return_check_disabled,0.1,1,2.6952144129632217e-10,-0.0020399853552110895,100,5.0,0.004117126464843752,1.2749940739768324e-05,0.02139095696386395,0.00011441698452012382,0.002194425405739463,0.0019239855989878654
T-L,SA,mc_learned_baseline,False,48,106,75472,27136,27136,0,0,21200,37736,150944,262144,1.0171875000000004,1.026,1.0203001036581705,0.0006517627675548532,7.851293729847097e-06,public_state_tabular_independent_mc,0,0.10764773633899005,4.261529799900018,True,accepted_return_check_disabled,0.1,1,5.5307970466986713e-11,-0.0018714985424046204,100,5.0,0.004427490234375004,2.1868868845729535e-05,0.011639052444201159,0.00011956659695304354,0.0015902249405161154,0.001882416466956509
T-L,SA,mc_learned_baseline,False,48,107,76184,27392,27392,0,0,21400,38092,152368,262144,1.0195312500000002,1.008,1.0210464896779852,0.0007463860198146932,1.0490416271050024e-05,public_state_tabular_independent_mc,0,0.10551553921278649,4.298475799965672,True,accepted_return_check_disabled,0.1,1,2.5650570172717266e-10,-0.0020417803161992395,100,5.0,0.0042050170898437515,8.434390343971178e-05,0.010931541674232936,0.00011289576513342798,0.002095048044470268,0.0018580761691656374
T-L,SA,mc_learned_baseline,False,48,108,76896,27648,27648,0,0,21600,38448,153792,262144,1.0195312500000002,1.0320000000000003,1.0219524604138157,0.0009059707358305413,2.9653025616789484e-05,public_state_tabular_independent_mc,0,0.1030845745687691,4.345497599919327,True,accepted_return_check_disabled,0.1,1,2.7889203421607424e-10,-0.0020556595221303776,100,5.0,0.0042053205407184095,0.00011401416231125822,0.02124936641902353,0.003866909949556916,0.007224604426341647,-0.0019320005979666967
T-L,SA,mc_learned_baseline,False,48,109,77608,27904,27904,0,0,21800,38804,155216,262144,1.0171875000000001,1.0110000000000001,1.0226642058409716,0.0007117454271559076,9.912012016014925e-06,public_state_tabular_independent_mc,0,0.10102436297100356,4.388982299948111,True,accepted_return_check_disabled,0.1,1,2.4446570972550715e-10,-0.0021802629256109777,100,5.0,0.004394531250000003,3.631026377962461e-08,0.015336163220594501,5.0650681815253756e-05,0.0019795068465042003,0.0017905734817039534
T-L,SA,mc_learned_baseline,False,48,110,78320,28160,28160,0,0,22000,39160,156640,262144,1.0195312500000002,1.026,1.023256484576844,0.0005922787358723092,6.98832215598703e-06,public_state_tabular_independent_mc,0,0.09929933873324544,4.4306967000011355,True,accepted_return_check_disabled,0.1,1,1.0960269569018802e-11,-0.0017220822500833687,100,5.0,0.004106140136718752,5.356001782735857e-06,0.022698383875068506,6.519752707724745e-05,0.0014114836325979127,0.0017403644323793948
T-L,SA,mc_learned_baseline,False,48,111,79032,28416,28416,0,0,22200,39516,158064,262144,1.0195312500000002,1.035,1.023941102944577,0.0006846183677331474,9.521291128186145e-06,public_state_tabular_independent_mc,0,0.09729302434666526,4.468797999899834,True,accepted_return_check_disabled,0.1,1,2.3072006366182384e-10,-0.0020476790003477676,100,5.0,0.004108886718750002,1.1643876691172864e-06,0.0223715271472672,5.004301618943667e-05,0.0019017927103611534,0.0017254361534661815
T-L,SA,mc_learned_baseline,False,48,112,79744,28672,28672,0,0,22400,39872,159488,262144,1.0148437500000003,1.0350000000000001,1.0245124978696531,0.0005713949250760741,6.7561671869261805e-06,public_state_tabular_independent_mc,0,0.09560811609755292,4.5061872999649495,True,accepted_return_check_disabled,0.1,1,4.0987597586997633e-11,-0.0019840736121226636,100,5.0,0.004666442871093753,1.035486370140353e-05,0.010527679699394277,6.329389103512924e-05,0.0013680446542344558,0.0016769523118373274
T-L,SA,mc_learned_baseline,False,48,113,80456,28928,28928,0,0,22600,40228,160912,262144,1.021875,1.0110000000000001,1.0251690650032348,0.0006565671335816425,9.100413635457968e-06,public_state_tabular_independent_mc,0,0.0936600477658564,4.543677299981937,True,accepted_return_check_disabled,0.1,1,2.1729253979057232e-10,-0.0019035584223647585,100,5.0,0.003891906738281251,0.00010501071925301416,0.021633126934984537,4.9147993149971234e-05,0.0018179627390171131,0.0016613144095593325
T-L,SA,mc_learned_baseline,False,48,114,81168,29184,29184,0,0,22800,40584,162336,262144,1.0171875000000004,1.0230000000000001,1.0258103586584992,0.000641293655264441,8.867047662713244e-06,public_state_tabular_independent_mc,0,0.09174455878533509,4.579762299894355,True,accepted_return_check_disabled,0.1,1,2.1136521208582562e-10,-0.002208677661210073,100,5.0,0.004452209472656256,6.494116537736102e-06,0.008866219361906014,4.861348564978959e-05,0.0017714005420267854,0.0016272012028290918
T-L,SA,mc_learned_baseline,False,48,115,81880,29440,29440,0,0,23000,40940,163760,262144,1.0335937500000003,1.0230000000000001,1.0261401128453334,0.00032975418683411917,2.3778589300146596e-06,public_state_tabular_independent_mc,0,0.09075459093687237,4.617273999960162,True,accepted_return_check_disabled,0.1,1,8.029505042263768e-13,-0.0005753889690394876,100,5.0,0.002395019531250001,8.275122243237669e-06,0.09499853758408883,0.00037243041294314505,0.0004783186501862184,0.0012691045004263079
T-L,SA,mc_learned_baseline,False,48,116,82592,29696,29696,0,0,23200,41296,165184,262144,1.0148437500000003,1.0200000000000002,1.0267545633481654,0.0006144505028320424,8.408812485361113e-06,public_state_tabular_independent_mc,0,0.08890060692958404,4.654432499897666,True,accepted_return_check_disabled,0.1,1,2.0752420929956516e-10,-0.0023333673647727184,100,5.0,0.004699401855468752,2.1339866653777484e-06,0.0070292507531338755,4.711510524078388e-05,0.001679527495616243,0.0015766245648372325
T-L,SA,mc_learned_baseline,False,48,117,83304,29952,29952,0,0,23400,41652,166608,262144,1.0148437500000003,1.0470000000000002,1.0273473756851692,0.0005928123370038119,7.99552537770788e-06,public_state_tabular_independent_mc,0,0.0871001387377969,4.6912025999045,True,accepted_return_check_disabled,0.1,1,1.77236702769486e-10,-0.00228358773083427,100,5.0,0.004655456542968751,7.259997485101202e-05,0.011693822681481003,4.589500191612996e-05,0.0015976875493630297,0.00154438038650865
T-L,SA,mc_learned_baseline,False,48,118,84016,30208,30208,0,0,23600,42008,168032,262144,1.0312500000000002,1.035,1.027825790028063,0.0004784143428937515,5.306113708091352e-06,public_state_tabular_independent_mc,0,0.0856384568721619,4.729804800008424,True,accepted_return_check_disabled,0.1,1,1.2957737881323513e-10,-0.0010472774135990453,100,5.0,0.002705383300781251,3.159032386489593e-05,0.07282838983050854,8.57821099000084e-05,0.0010582126188762935,0.0014718307835736627
T-L,SA,mc_learned_baseline,False,48,119,84728,30464,30464,0,0,23800,42364,169456,262144,1.0265625000000003,1.026,1.0283081719594125,0.0004823819313495292,5.493268866726365e-06,public_state_tabular_independent_mc,0,0.08415662203726645,4.767089299974032,True,accepted_return_check_disabled,0.1,1,1.200995723386404e-11,-0.0013365951207434165,100,5.0,0.0032519531250000027,5.428203806895571e-06,0.05000893016610097,7.366325395067664e-05,0.0011034703182483503,0.001457320459685564
T-L,SA,mc_learned_baseline,False,48,120,85440,30720,30720,0,0,24000,42720,170880,262144,1.0406250000000004,1.02,1.0288992209810175,0.0005910490216050057,8.427939856223454e-06,public_state_tabular_independent_mc,0,0.08232969031773582,4.802203499944881,True,accepted_return_check_disabled,0.1,1,1.516050238268703e-12,-0.0007473788583911092,100,5.0,0.0014062499999999997,3.971909445074253e-06,0.22008253094910646,5.444263186765953e-05,0.0016997705010660035,0.0014494471286904537
T-L,SA,mc_learned_baseline,False,48,121,86152,30976,30976,0,0,24200,43076,172304,262144,1.0335937500000003,1.014,1.0294636185912298,0.0005643976102123194,7.863584093177275e-06,public_state_tabular_independent_mc,0,0.08057321454706225,4.839434299967252,True,accepted_return_check_disabled,0.1,1,8.711055153635913e-11,-0.0011928104173515902,100,5.0,0.0023291015625,2.477190843889663e-06,0.10763381105586423,4.895078862450034e-05,0.0015763963650923282,0.001421407591570517
T-L,SA,mc_learned_baseline,False,48,122,86864,31232,31232,0,0,24400,43432,173728,262144,1.0242187500000002,1.0320000000000003,1.0298528831420626,0.00038926455083276856,3.8095579869153247e-06,public_state_tabular_independent_mc,0,0.07935480222513061,4.8749406998977065,True,accepted_return_check_disabled,0.1,1,1.0732916524254378e-10,-0.00128308017855451,100,5.0,0.0036035156250000034,2.010954078245956e-05,0.030505243088655654,0.0001349840292678225,0.0007750222592786186,0.0013030117308518527
T-L,SA,mc_learned_baseline,False,48,123,87576,31488,31488,0,0,24600,43788,175152,262144,1.0289062500000004,1.0200000000000002,1.0303898121499504,0.0005369290078878208,7.401496041271085e-06,public_state_tabular_independent_mc,0,0.0776646024550266,4.911744299926795,True,accepted_return_check_disabled,0.1,1,1.201035733046945e-10,-0.0014921724242244246,100,5.0,0.002944335937500002,8.121594942533514e-07,0.06586913353029467,4.717000740719287e-05,0.0014816153782784007,0.0013683098986585242
T-L,SA,mc_learned_baseline,False,48,124,88288,31744,31744,0,0,24800,44144,176576,262144,1.0265625000000003,1.0230000000000001,1.0309131266098486,0.000523314459898172,7.195553787554002e-06,public_state_tabular_independent_mc,0,0.07600627008269852,4.949274999904446,True,accepted_return_check_disabled,0.1,1,1.1923105321310211e-10,-0.0016506484771793943,100,5.0,0.0032849121093750013,1.4671571087661213e-05,0.04518664047151277,4.676389075319371e-05,0.0014402863915681755,0.0013373972115175812
T-L,SA,mc_learned_baseline,False,48,125,89000,32000,32000,0,0,25000,44500,178000,262144,1.0265625000000003,1.0230000000000001,1.0314198001595274,0.0005066735496788155,6.903526271648114e-06,public_state_tabular_independent_mc,0,0.07439002644345027,4.987355999997817,True,accepted_return_check_disabled,0.1,1,1.4444392170724245e-10,-0.001625535610678186,100,5.0,0.003251953125000002,4.206709145776759e-05,0.050008930166101306,4.5811532693461857e-05,0.001380360137325151,0.001307532874200312
T-L,SA,mc_learned_baseline,False,48,126,89712,32256,32256,0,0,25200,44856,179424,262144,1.0476562500000002,1.044,1.031866397166565,0.00044659700703753025,5.48136589257911e-06,public_state_tabular_independent_mc,0,0.07295648807780233,5.021604199893773,True,accepted_return_check_disabled,0.1,1,5.796112943805874e-11,-0.00017006966676233782,100,5.0,0.00035156249999999934,9.479658976494717e-05,0.617945729981689,5.054448768447671e-05,0.001112497435148045,0.0012726884987131536
T-L,SA,mc_learned_baseline,False,48,127,90424,32512,32512,0,0,25400,45212,180848,262144,1.0312500000000002,1.0350000000000001,1.0323546143980102,0.00048821723144532037,6.7026244513210525e-06,public_state_tabular_independent_mc,0,0.0713794992339293,5.057120299898088,True,accepted_return_check_disabled,0.1,1,9.168977952129971e-11,-0.0013423330446208303,100,5.0,0.0026614379882812494,3.0265590595483447e-05,0.08045550847457728,4.630965717647343e-05,0.0013427469924546462,0.0012501581680450394
T-L,SA,mc_learned_baseline,False,48,128,91136,32768,32768,0,0,25600,45568,182272,262144,1.0382812500000003,1.0230000000000001,1.0328460328987061,0.0004914185006958949,6.958725776011697e-06,public_state_tabular_independent_mc,0,0.06978147241148629,5.095110099995509,True,accepted_return_check_disabled,0.1,1,5.338344280357273e-12,-0.000928298247737933,100,5.0,0.0018649291992187474,8.388061821438721e-05,0.1354762081508435,5.116745607361865e-05,0.0014074525585998875,0.00121580064523287
T-L,SA,mc_learned_baseline,False,48,129,91848,33024,33024,0,0,25800,45924,183696,262144,1.0406250000000004,1.0410000000000001,1.0331617080971636,0.0003156751984574324,2.9264203613260748e-06,public_state_tabular_independent_mc,0,0.0687491237652088,5.132501499960199,True,accepted_return_check_disabled,0.1,1,9.138211925142349e-12,-0.00047802885422210925,100,5.0,0.0014968872070312447,3.832995754684205e-05,0.19454951856946534,0.00014903390773658517,0.0005910351353697823,0.001087987663946004
T-L,SA,mc_learned_baseline,False,48,130,92560,33280,33280,0,0,26000,46280,185120,262144,1.0289062500000004,1.038,1.0336123399419872,0.0004506318448236346,6.093444670865103e-06,public_state_tabular_independent_mc,0,0.06726733275073321,5.172888799919747,True,accepted_return_check_disabled,0.1,1,1.248479492838966e-10,-0.0014714810660716394,100,5.0,0.0029855346679687512,9.471486775000708e-05,0.05933065336368515,4.4959268894091544e-05,0.001218602221760088,0.0011726912917979328
T-L,SA,mc_learned_baseline,False,48,131,93272,33536,33536,0,0,26200,46636,186544,262144,1.0289062500000004,1.0290000000000001,1.034053883394317,0.0004415434523297179,5.992980405565002e-06,public_state_tabular_independent_mc,0,0.06580594560247119,5.216369899921119,True,accepted_return_check_disabled,0.1,1,1.0293835392573226e-10,-0.0014894282333700296,100,5.0,0.0029415893554687505,1.171559526411775e-05,0.06630503220806894,4.5087475088792366e-05,0.0011995156311618313,0.0011447288813646905
T-L,SA,mc_learned_baseline,False,48,132,93984,33792,33792,0,0,26400,46992,187968,262144,1.0242187500000002,1.044,1.034482614955767,0.00042873156145017965,5.788909058355744e-06,public_state_tabular_independent_mc,0,0.06437771394290832,5.255082199932076,True,accepted_return_check_disabled,0.1,1,1.1253161979125226e-10,-0.0017996689733496165,100,5.0,0.0035595703125000026,4.328065618410126e-06,0.036473660214697334,4.4751371542890616e-05,0.001158028647735522,0.0011175848101884983
T-L,SA,mc_learned_baseline,False,48,133,94696,34048,34048,0,0,26600,47348,189392,262144,1.0359375000000004,1.0440000000000003,1.0349075204075247,0.00042490545175755123,5.827921227416451e-06,public_state_tabular_independent_mc,0,0.06295296704541171,5.2913647999521345,True,accepted_return_check_disabled,0.1,1,4.218692405433458e-11,-0.0010365616245303847,100,5.0,0.002021484374999999,5.661502634651035e-06,0.13601883337692966,4.5716121712489026e-05,0.001170098796457736,0.0010897408781764602
T-L,SA,mc_learned_baseline,False,48,134,95408,34304,34304,0,0,26800,47704,190816,262144,1.0312500000000002,1.044,1.0353185681905432,0.00041104778301859213,5.590924003830801e-06,public_state_tabular_independent_mc,0,0.06156564787480487,5.33544209995307,True,accepted_return_check_disabled,0.1,1,6.825061466425406e-11,-0.001349642336666891,100,5.0,0.0026477050781250015,4.156975044552699e-07,0.08283898305084825,4.500029117085839e-05,0.0011206371931895987,0.0010636265009005847
T-L,SA,mc_learned_baseline,False,48,135,96120,34560,34560,0,0,27000,48060,192240,262144,1.0312500000000002,1.032,1.035717803938751,0.0003992357482076603,5.4068069245588585e-06,public_state_tabular_independent_mc,0,0.06020942862926684,5.37585059995763,True,accepted_return_check_disabled,0.1,1,7.73169469860374e-11,-0.0013411494271177717,100,5.0,0.0026367187500000015,8.829977741550305e-06,0.08474576271186518,4.468936001970164e-05,0.0010830886130320419,0.0010378014012433626
T-L,SA,mc_learned_baseline,False,48,136,96832,34816,34816,0,0,27200,48416,193664,262144,1.0382812500000003,1.0350000000000001,1.036114870683044,0.0003970667442931841,5.48525186048713e-06,public_state_tabular_independent_mc,0,0.058851748450678996,5.412528599961661,True,accepted_return_check_disabled,0.1,1,5.804238941564217e-12,-0.0008940328445311399,100,5.0,0.0018237304687499963,9.760345072535589e-05,0.14549773587707093,4.617479868665625e-05,0.001105173703206816,0.0010107607272064202
T-L,SA,mc_learned_baseline,False,48,137,97544,35072,35072,0,0,27400,48772,195088,262144,1.03359375,1.026,1.036496046536817,0.0003811758537728416,5.184789375610012e-06,public_state_tabular_independent_mc,0,0.05753986765304263,5.449324799934402,True,accepted_return_check_disabled,0.1,1,4.620256075924839e-11,-0.0011976396095327733,100,5.0,0.002351074218750003,9.603927706232328e-06,0.10342205323193887,4.4797547550179024e-05,0.0010403877812837476,0.0009865551684730268
T-L,SA,mc_learned_baseline,False,48,138,98256,35328,35328,0,0,27600,49128,196512,262144,1.0265625000000003,1.038,1.0368621702535257,0.0003661237167087439,4.905101793773458e-06,public_state_tabular_independent_mc,0,0.05627167895353148,5.488687000004575,True,accepted_return_check_disabled,0.1,1,9.198976529844446e-11,-0.0016479560723284066,100,5.0,0.003251953125000002,1.4479338781232693e-05,0.05000893016610086,4.413795225939373e-05,0.0009814744141412267,0.000962499665796483
T-L,SA,mc_learned_baseline,False,48,139,98968,35584,35584,0,0,27800,49484,197936,262144,1.0382812500000003,1.0470000000000002,1.0372247636635328,0.000362593410007106,4.934849212791253e-06,public_state_tabular_independent_mc,0,0.05500764675535202,5.524967000004835,True,accepted_return_check_disabled,0.1,1,3.2584717876628127e-11,-0.0008690704279495683,100,5.0,0.0016918945312500008,6.616536019522754e-06,0.17756662460099493,4.470393901615625e-05,0.0009911226044796724,0.0009380505458841482
T-L,SA,mc_learned_baseline,False,48,140,99680,35840,35840,0,0,28000,49840,199360,262144,1.0406250000000004,1.0293,1.0375794664666251,0.0003547028030923549,4.84565979938152e-06,public_state_tabular_independent_mc,0,0.05376311308813515,5.563568599987775,True,accepted_return_check_disabled,0.1,1,1.6973814363811167e-11,-0.000708318434835075,100,5.0,0.0013650512695312508,4.4240693493097545e-07,0.23168844566712554,4.48820213447496e-05,0.0009746431605709322,0.0009140805534383706
T-L,SA,mc_learned_baseline,False,48,141,100392,36096,36096,0,0,28200,50196,200784,262144,1.0406250000000004,1.032,1.0379239616145781,0.0003444951479529834,4.690626825524513e-06,public_state_tabular_independent_mc,0,0.05254658037958268,5.6006715999683365,True,accepted_return_check_disabled,0.1,1,2.187015124539311e-11,-0.0007043268744522283,100,5.0,0.0013623046874999998,4.269191544526893e-06,0.2324621733149932,4.460579772662197e-05,0.0009429045135079872,0.0008909487076520613
T-L,SA,mc_learned_baseline,False,48,142,101104,36352,36352,0,0,28400,50552,202208,262144,1.0289062500000004,1.044,1.0382541153351172,0.00033015372053912806,4.42038259823744e-06,public_state_tabular_independent_mc,0,0.05137324575074589,5.642327799927443,True,accepted_return_check_disabled,0.1,1,6.955794975220986e-11,-0.001503238941600506,100,5.0,0.0029525756835937517,9.967695809330493e-06,0.06456143749697296,4.391675280983242e-05,0.0008852160415340285,0.0008687765479222205
T-L,SA,mc_learned_baseline,False,48,143,101816,36608,36608,0,0,28600,50908,203632,262144,1.0382812500000003,1.0320000000000003,1.0385798962571462,0.0003257809220289509,4.417082087040964e-06,public_state_tabular_independent_mc,0,0.05020808984419189,5.677204099949449,True,accepted_return_check_disabled,0.1,1,2.5580035898129908e-11,-0.0008713016553615182,100,5.0,0.0016891479492187511,1.58896388155265e-08,0.17823472644941007,4.426820877585285e-05,0.0008874777585872516,0.0008463983750848841
T-L,SA,mc_learned_baseline,False,48,144,102528,36864,36864,0,0,28800,51264,205056,262144,1.0429687500000004,1.0350000000000001,1.0389014172361533,0.00032152097900706167,4.417379230066612e-06,public_state_tabular_independent_mc,0,0.04905078025714559,5.7126881999429315,True,accepted_return_check_disabled,0.1,1,3.4403973864631705e-13,-0.0005495263491365983,100,5.0,0.0010546874999999994,3.842490521613164e-06,0.30117647058823627,4.5031413534797304e-05,0.0008914942316328566,0.0008237877225371619
T-L,SA,mc_learned_baseline,False,48,145,103240,37120,37120,0,0,29000,51620,206480,262144,1.0406250000000004,1.0410000000000001,1.039209854980524,0.00030843774437072646,4.173794291763754e-06,public_state_tabular_independent_mc,0,0.04793345256066797,5.750285199959762,True,accepted_return_check_disabled,0.1,1,2.3186676914734827e-11,-0.0007008268278929866,100,5.0,0.0013732910156250015,1.9754846603209846e-05,0.22936726272352148,4.407798575764454e-05,0.0008387014515311465,0.0008030698444351221
T-L,SA,mc_learned_baseline,False,48,146,103952,37376,37376,0,0,29200,51976,207904,262144,1.0382812500000003,1.038,1.0395101025165054,0.00030024753598145715,4.060687220683623e-06,public_state_tabular_independent_mc,0,0.04683889990849257,5.786349599948153,True,accepted_return_check_disabled,0.1,1,2.117519260289268e-11,-0.0008732908487363406,100,5.0,0.0017001342773437528,6.602241972049205e-06,0.1755623190557496,4.400623099153734e-05,0.0008161068864953478,0.0007822498707981031
T-L,SA,mc_learned_baseline,False,48,147,104664,37632,37632,0,0,29400,52332,209328,262144,1.0476562500000002,1.038,1.0398128659623118,0.0003027634458063755,4.2425160094709024e-06,public_state_tabular_independent_mc,0,0.045728074567009024,5.821850599953905,True,accepted_return_check_disabled,0.1,1,3.863349612817509e-11,-0.00020453013979937254,100,5.0,0.00037353515624999784,5.004711650893802e-07,0.6059597136673895,4.668825914474485e-05,0.000862136062903666,0.0007591346824791684
T-L,SA,mc_learned_baseline,False,48,148,105376,37888,37888,0,0,29600,52688,210752,262144,1.0453125000000003,1.038,1.0400988160763989,0.0002859501140870524,3.887958928517299e-06,public_state_tabular_independent_mc,0,0.044672185254625234,5.855797399999574,True,accepted_return_check_disabled,0.1,1,5.643517482724046e-12,-0.0003642173448764945,100,5.0,0.0006948852539062497,4.602747370757507e-06,0.42468354430379773,4.4136205811233696e-05,0.0007831702122084804,0.0007409862676548362
T-L,SA,mc_learned_baseline,False,48,149,106088,38144,38144,0,0,29800,53044,212176,262144,1.0335937500000003,1.0470000000000002,1.0403718041891332,0.0002729881127343514,3.638606927060231e-06,public_state_tabular_independent_mc,0,0.043657849908039836,5.8918374999193475,True,accepted_return_check_disabled,0.1,1,4.862014176099277e-11,-0.00118477508223997,100,5.0,0.0023263549804687506,2.202372145109881e-05,0.10816028078385498,4.354499692100785e-05,0.0007291930728781162,0.0007219379639591577
T-L,SA,mc_learned_baseline,False,48,150,106800,38400,38400,0,0,30000,53400,213600,262144,1.0453125000000003,1.0350000000000001,1.0406409114130286,0.0002691072238953929,3.6314065283548497e-06,public_state_tabular_independent_mc,0,0.0426517178948463,5.935726600000635,True,accepted_return_check_disabled,0.1,1,1.4832480743553834e-11,-0.00035824140068475027,100,5.0,0.000692138671875,1.1604894212171055e-05,0.42582278481012714,4.374369019675638e-05,0.0007302600367886589,0.0007029097020444933
T-L,SA,mc_learned_baseline,False,48,151,107512,38656,38656,0,0,30200,53756,215024,262144,1.0453125000000003,1.0470000000000002,1.0409074945120635,0.0002665830990349338,3.661846477628395e-06,public_state_tabular_independent_mc,0,0.04164875000527852,5.971893999958411,True,accepted_return_check_disabled,0.1,1,2.479587342370346e-12,-0.00037587969436795465,100,5.0,0.0007168579101562488,3.096968028080162e-06,0.4155696202531656,4.45571594464513e-05,0.0007407645503918408,0.0006834575716201031
T-L,SA,mc_learned_baseline,False,48,152,108224,38912,38912,0,0,30400,54112,216448,262144,1.0382812500000003,1.0440000000000003,1.041161391743299,0.0002538972312353671,3.412750641301151e-06,public_state_tabular_independent_mc,0,0.04068752602930334,6.007956299930811,True,accepted_return_check_disabled,0.1,1,1.8095774838765388e-11,-0.0008736021657123878,100,5.0,0.001691894531250001,9.507718231265648e-08,0.17756662460099504,4.3555853905416515e-05,0.0006858971747477762,0.0006659198785943411
T-L,SA,mc_learned_baseline,False,48,153,108936,39168,39168,0,0,30600,54468,217872,262144,1.0382812500000003,1.0410000000000001,1.0414079242566183,0.0002465325133194085,3.305469789157489e-06,public_state_tabular_independent_mc,0,0.03974842472683865,6.044961399980821,True,accepted_return_check_disabled,0.1,1,2.0973915002645887e-11,-0.0008702585842489459,100,5.0,0.0016891479492187511,4.535463723557354e-06,0.1782347264494103,4.346728491862552e-05,0.0006640404807154007,0.000648282110949986
T-L,SA,mc_learned_baseline,False,48,154,109648,39424,39424,0,0,30800,54824,219296,262144,1.0429687500000004,1.038,1.0416503002890332,0.00024237603241483718,3.283030116475575e-06,public_state_tabular_independent_mc,0,0.03881945459154847,6.0807597999228165,True,accepted_return_check_disabled,0.1,1,2.8089710853997134e-12,-0.0005410521890078663,100,5.0,0.0010546874999999975,1.567072728238237e-05,0.30117647058823616,4.37005148240274e-05,0.000661737431392392,0.0006307717940013929
T-L,SA,mc_learned_baseline,False,48,155,110360,39680,39680,0,0,31000,55180,220720,262144,1.0500000000000003,1.038,1.0420424655226164,0.0003921652335832082,8.944770303645298e-06,public_state_tabular_independent_mc,0,0.037303950598748,6.11866099992767,True,accepted_return_check_disabled,0.1,1,1.4252821610174986e-10,-2.601991757415966e-05,100,5.0,2.4719238281247193e-05,7.237549666103003e-07,0.9802246093750023,0.000368448590719697,0.0018329740361505223,0.00028897555046630764
T-L,SA,mc_learned_baseline,False,48,156,111072,39936,39936,0,0,31200,55536,222144,262144,1.0453125000000003,1.0350000000000001,1.0422691618478266,0.00022669632521021832,3.0916155229128203e-06,public_state_tabular_independent_mc,0,0.03642061951864852,6.156503799953498,True,accepted_return_check_disabled,0.1,1,6.944651457643173e-13,-0.0003720335767952595,100,5.0,0.0007168579101562492,7.561679409462023e-06,0.41556962025316535,4.385948553118621e-05,0.0006249864145817012,0.0005858496921549748
T-L,SA,mc_learned_baseline,False,48,157,111784,40192,40192,0,0,31400,55892,223568,262144,1.0453125000000003,1.0353,1.042488543799982,0.00021938195215542855,2.9767411971933883e-06,public_state_tabular_independent_mc,0,0.0355605206132177,6.1927559999749064,True,accepted_return_check_disabled,0.1,1,1.0709128081923397e-13,-0.0003676356882198454,100,5.0,0.0007031249999999982,1.5750886340906194e-06,0.42126582278481106,4.361225870550147e-05,0.0006009377770092575,0.0005700020772348431
T-L,SA,mc_learned_baseline,False,48,158,112496,40448,40448,0,0,31600,56248,224992,262144,1.0476562500000002,1.0470000000000002,1.042558272014391,6.972821440909271e-05,3.0529295805032714e-07,public_state_tabular_independent_mc,0,0.03528603584983336,6.231207499979064,True,accepted_return_check_disabled,0.1,1,2.3771076850430026e-11,-5.969227579758579e-05,100,5.0,0.0003515624999999994,3.6542146856160635e-06,0.6179457299816888,0.00028837631605931546,6.23409522777374e-05,0.00030961097328385286
T-L,SA,mc_learned_baseline,False,48,159,113208,40704,40704,0,0,31800,56604,226416,262144,1.0406250000000004,1.0470000000000002,1.0427673071854116,0.0002090351710204441,2.8032281787796117e-06,public_state_tabular_independent_mc,0,0.0344598803097361,6.267499399953522,True,accepted_return_check_disabled,0.1,1,9.236563625023632e-12,-0.0007075107199467797,100,5.0,0.0013650512695312512,5.0666995520665086e-08,0.23168844566712554,4.3262496892702325e-05,0.0005640000398571931,0.0005497472922360613
T-L,SA,mc_learned_baseline,False,48,160,113920,40960,40960,0,0,32000,56960,227840,262144,1.0429687500000004,1.044,1.04297096566997,0.00020365848455838886,2.735316788413487e-06,public_state_tabular_independent_mc,0,0.03365011718506952,6.304314799956046,True,accepted_return_check_disabled,0.1,1,6.027298343482027e-12,-0.0005354560796918606,100,5.0,0.0010327148437500008,2.936245283057544e-06,0.3085421994884914,4.325738379195814e-05,0.0005507205346243132,0.0005347999055308259
T-L,SA,mc_learned_baseline,False,48,161,114632,41216,41216,0,0,32200,57316,229264,262144,1.0429687500000002,1.038,1.0431689391362986,0.0001979734663286603,2.6572726703935816e-06,public_state_tabular_independent_mc,0,0.03285822123763485,6.348072099965066,True,accepted_return_check_disabled,0.1,1,5.767891718318777e-12,-0.0005355416078408763,100,5.0,0.0010409545898437495,1.1606231031312588e-05,0.3057800511508958,4.321522753953988e-05,0.0005350233498768626,0.0005202299257783015
T-L,SA,mc_learned_baseline,False,48,162,115344,41472,41472,0,0,32400,57672,230688,262144,1.0453125000000003,1.0470000000000002,1.0433622531245899,0.0001933139882912549,2.605151086835944e-06,public_state_tabular_independent_mc,0,0.0320803177796384,6.388868199894205,True,accepted_return_check_disabled,0.1,1,1.5145954150503374e-12,-0.00036340992375274647,100,5.0,0.0006948852539062493,6.284434421009177e-08,0.4246835443037983,4.326307571872e-05,0.0005253105188244335,0.0005059359829274572
T-L,SA,mc_learned_baseline,False,48,163,116056,41728,41728,0,0,32600,58028,232112,262144,1.0453125000000003,1.05,1.043549659587718,0.00018740646312820353,2.5175838919084847e-06,public_state_tabular_independent_mc,0,0.03132166914285285,6.423751799971797,True,accepted_return_check_disabled,0.1,1,3.279375808935869e-12,-0.0003609475924395197,100,5.0,0.000692138671875,1.6755078805617197e-06,0.42582278481012703,4.3170097146319867e-05,0.000507255687430656,0.0004920783498491374
T-L,SA,mc_learned_baseline,False,48,164,116768,41984,41984,0,0,32800,58384,233536,262144,1.0453125000000003,1.0440000000000003,1.0437326104732227,0.00018295088550468463,2.467429853821529e-06,public_state_tabular_independent_mc,0,0.03057663460295828,6.459104499896057,True,accepted_return_check_disabled,0.1,1,4.70105205756942e-13,-0.00036521918616566797,100,5.0,0.0007031249999999982,4.660467921294907e-06,0.42126582278481106,4.321885784096946e-05,0.0004978842431035876,0.00047846774499359817
T-L,SA,mc_learned_baseline,False,48,165,117480,42240,42240,0,0,33000,58740,234960,262144,1.0406250000000004,1.038,1.0438504222436809,0.00011781177045810942,1.0455972008402889e-06,public_state_tabular_independent_mc,0,0.03009449101292079,6.499768099980429,True,accepted_return_check_disabled,0.1,1,9.835359278747955e-13,-0.00047456257528691895,100,5.0,0.0013870239257812512,7.217436900122599e-06,0.22549862448418168,9.272745244022815e-05,0.00021088213160489172,0.00041568407659285027
T-L,SA,mc_learned_baseline,False,48,166,118192,42496,42496,0,0,33200,59096,236384,262144,1.0429687500000002,1.0440000000000003,1.0440233981735647,0.00017297592988385624,2.310696575543094e-06,public_state_tabular_independent_mc,0,0.029383122893741016,6.536480299895629,True,accepted_return_check_disabled,0.1,1,6.868608677075274e-12,-0.0005332384346645112,100,5.0,0.0010409545898437495,1.622824769395772e-05,0.30578005115089557,4.3022270111330915e-05,0.0004650124341156949,0.00045682208625511
T-L,SA,mc_learned_baseline,False,48,167,118904,42752,42752,0,0,33400,59452,237808,262144,1.0382812500000003,1.0410000000000001,1.044190634867423,0.00016723669385831919,2.220910584345044e-06,public_state_tabular_independent_mc,0,0.02869133071113337,6.575481200008653,True,accepted_return_check_disabled,0.1,1,1.3467157444827887e-11,-0.0008740618928810902,100,5.0,0.0016918945312500006,6.228783508122045e-06,0.17756662460099493,4.2963470645291e-05,0.0004462562023662333,0.000444275748566903
T-L,SA,mc_learned_baseline,False,48,168,119616,43008,43008,0,0,33600,59808,239232,262144,1.0429687500000004,1.044,1.0443542782203625,0.00016364335293950205,2.186842637801547e-06,public_state_tabular_independent_mc,0,0.028010452814425588,6.614826399949379,True,accepted_return_check_disabled,0.1,1,4.894984258659708e-12,-0.00053544170368965,100,5.0,0.0010299682617187507,9.187460814485288e-07,0.30946291560102346,4.29758659522531e-05,0.00044030207500628135,0.0004320465015997243
T-L,SA,mc_learned_baseline,False,48,169,120328,43264,43264,0,0,33800,60164,240656,262144,1.0429687500000004,1.038,1.044513685905896,0.00015940768553357465,2.134328718547843e-06,public_state_tabular_independent_mc,0,0.027343326223500646,6.657436699955724,True,accepted_return_check_disabled,0.1,1,2.695444997733747e-12,-0.0005389453425445145,100,5.0,0.0010409545898437504,5.053326219669607e-06,0.3057800511508957,4.297168034870077e-05,0.00043006510829316657,0.0004200678355712754
T-L,SA,mc_learned_baseline,False,48,170,121040,43520,43520,0,0,34000,60520,242080,262144,1.0406250000000004,1.0470000000000002,1.0446686296995944,0.00015494379369829225,2.0741839551184515e-06,public_state_tabular_independent_mc,0,0.026691105739975657,6.692983999964781,True,accepted_return_check_disabled,0.1,1,2.363476879134177e-12,-0.0007180932314990422,100,5.0,0.0013870239257812518,4.557078053914952e-06,0.2254986244841819,4.294576285091456e-05,0.00041799727324919153,0.0004083939563313717
T-L,SA,mc_learned_baseline,False,48,171,121752,43776,43776,0,0,34200,60876,243504,262144,1.0500000000000003,1.044,1.0450662253801342,0.000397595680539764,1.4509589164010358e-05,public_state_tabular_independent_mc,0,0.024999612219529115,6.73193209990859,True,accepted_return_check_disabled,0.1,1,6.581096738300639e-11,-2.601996349340295e-05,100,5.0,2.4719238281248755e-05,1.6710375648689218e-06,0.980224609375001,0.0012356088997846526,0.002966194843485767,-0.0007956669832117121
T-L,SA,mc_learned_baseline,False,48,172,122464,44032,44032,0,0,34400,61232,244928,262144,1.0453125000000003,1.044,1.045205540204819,0.00013931482468487744,1.8625273890015777e-06,public_state_tabular_independent_mc,0,0.02440054836036011,6.768588299979456,True,accepted_return_check_disabled,0.1,1,1.7691035912388827e-12,-0.0003614098174243457,100,5.0,0.000692138671875,1.7277295124993113e-08,0.42582278481012703,4.2850388632543455e-05,0.00037542285989373563,0.00036772841285818964
T-L,SA,mc_learned_baseline,False,48,173,123176,44288,44288,0,0,34600,61588,246352,262144,1.0406250000000004,1.0470000000000002,1.0453396422553325,0.0001341020505134516,1.7752454686418019e-06,public_state_tabular_independent_mc,0,0.023820620714977134,6.805084299994633,True,accepted_return_check_disabled,0.1,1,9.693028811864678e-12,-0.0007028453488264562,100,5.0,0.0013623046874999998,1.1091360895292545e-05,0.2324621733149932,4.279117456834271e-05,0.000356814526578195,0.0003574596227215415
T-L,SA,mc_learned_baseline,False,48,174,123888,44544,44544,0,0,34800,61944,247776,262144,1.0429687500000004,1.0470000000000002,1.045470894033599,0.0001312517782665612,1.7495135826701808e-06,public_state_tabular_independent_mc,0,0.02324980858001175,6.842502199928276,True,accepted_return_check_disabled,0.1,1,2.8737542411867747e-12,-0.0005378795156415392,100,5.0,0.0010327148437500005,2.1964250747464473e-08,0.30854219948849093,4.278871977499831e-05,0.0003524204049140546,0.00034750122080296457
T-L,SA,mc_learned_baseline,False,48,175,124600,44800,44800,0,0,35000,62300,249200,262144,1.0500000000000003,1.038,1.0457372699675775,0.000266375933978491,7.57416701727042e-06,public_state_tabular_independent_mc,0,0.022081166752911476,6.879110799985938,True,accepted_return_check_disabled,0.1,1,1.6736293881326286e-11,-1.1564554422724811e-05,100,5.0,1.0986328124998754e-05,4.898581573634413e-08,0.991210937500001,0.0004840243167044143,0.0015511768907765405,-0.0001035018504050079
T-L,SA,mc_learned_baseline,False,48,176,125312,45056,45056,0,0,35200,62656,250624,262144,1.0429687500000004,1.0470000000000002,1.0458571721579564,0.00011990219037882888,1.596014115648801e-06,public_state_tabular_independent_mc,0,0.02155049362507606,6.915314499987289,True,accepted_return_check_disabled,0.1,1,2.6252183005074267e-12,-0.0005380950822719119,100,5.0,0.0010327148437500005,1.6194879573908687e-07,0.30854219948849093,4.272422797454773e-05,0.0003215031203675887,0.0003179193692351621
T-L,SA,mc_learned_baseline,False,48,177,126024,45312,45312,0,0,35400,63012,252048,262144,1.0500000000000003,1.044,1.0461220589239473,0.00026488676599090155,8.219203435763993e-06,public_state_tabular_independent_mc,0,0.020367349061382305,6.95195519994013,True,accepted_return_check_disabled,0.1,1,7.228475645695868e-11,-1.1564409868819689e-05,100,5.0,1.0986328124998754e-05,2.323371489474043e-07,0.991210937500001,0.000597373876562164,0.0016916147889067619,-0.0002457026112649421
T-L,SA,mc_learned_baseline,False,48,178,126736,45568,45568,0,0,35600,63368,253472,262144,1.0500000000000003,1.05,1.0462582966400478,0.00013623771610049573,2.276974688544776e-06,public_state_tabular_independent_mc,0,0.019752772461412178,6.988439399981871,True,accepted_return_check_disabled,0.1,1,7.809825880390764e-12,-2.891109667942265e-06,100,5.0,2.7465820312496886e-06,1.0049073969166284e-06,0.9978027343750002,6.225818374473298e-05,0.0004592945277254864,0.00026953784716923486
T-L,SA,mc_learned_baseline,False,48,179,127448,45824,45824,0,0,35800,63724,254896,262144,1.0453125000000003,1.0410000000000001,1.0463591922215965,0.00010089558154868783,1.7858296109218884e-06,public_state_tabular_independent_mc,1,0.019282036263238482,7.02444809989538,True,accepted_return_check_disabled,0.1,1,9.590256273471824e-12,-0.0003642061114620626,100,5.0,0.0007080078125000013,1.1540985933741107e-05,0.4180063291139243,0.00011185014651579305,0.0003382079026623086,0.00020969480496154443
T-L,SA,mc_learned_baseline,False,48,180,128160,46080,46080,0,0,36000,64080,256320,262144,1.0406250000000004,1.05,1.0464615580715113,0.00010236584991485387,1.3615646090323267e-06,public_state_tabular_independent_mc,0,0.018815208407938377,7.061324399895966,True,accepted_return_check_disabled,0.1,1,1.0269202810714398e-12,-0.0007226015679960159,100,5.0,0.0013870239257812518,6.912320281533625e-07,0.2254986244841818,4.419023565349122e-05,0.0002745177644746824,0.00027166926994701785
T-L,SA,mc_learned_baseline,False,48,181,128872,46336,46336,0,0,36200,64436,257744,262144,1.0453125000000003,1.044,1.046560882090163,9.932401865175855e-05,1.3193456439807018e-06,public_state_tabular_independent_mc,0,0.018359780802395097,7.097927599912509,True,accepted_return_check_disabled,0.1,1,1.3655499828370813e-12,-0.00036120803365653856,100,5.0,0.0006921386718749998,8.347239250298222e-07,0.42582278481012714,4.4126404857248655e-05,0.00026592387659242093,0.00026395110922118056
T-L,SA,mc_learned_baseline,False,48,182,129584,46592,46592,0,0,36400,64792,259168,262144,1.0476562500000002,1.0470000000000002,1.0466578654856225,9.69833954593824e-05,1.294855074338637e-06,public_state_tabular_independent_mc,0,0.01791266405880195,7.1356037999503314,True,accepted_return_check_disabled,0.1,1,3.982880686924541e-14,-0.0001839518323549856,100,5.0,0.00035156249999999934,9.583475368811619e-07,0.617945729981689,4.408852061541826e-05,0.0002614468564488922,0.00025642770260309196
T-L,SA,mc_learned_baseline,False,48,183,130296,46848,46848,0,0,36600,65148,260592,262144,1.0406250000000004,1.0470000000000002,1.046751640000049,9.377451442649232e-05,1.2461529686065204e-06,public_state_tabular_independent_mc,0,0.017477995589684284,7.172300999984145,True,accepted_return_check_disabled,0.1,1,8.966610432686141e-13,-0.0007232407682786772,100,5.0,0.0013870239257812507,3.9003096305753287e-07,0.22549862448418134,4.401209283573978e-05,0.0002512614878090663,0.0002491110050587974
T-L,SA,mc_learned_baseline,False,48,184,131008,47104,47104,0,0,36800,65504,262016,262144,1.0500000000000003,1.05,1.0467509264881287,-7.135119202139606e-07,7.282862706501991e-11,public_state_tabular_independent_mc,1,0.017481311781658414,7.209895999985747,True,accepted_return_check_disabled,0.1,1,1.5296943978069153e-11,2.2458458947464032e-11,100,5.0,2.465190328815662e-32,4.892894820390418e-06,1.0,0.00028800354056997106,4.2740877121988616e-09,-2.0383671733936387e-06
T-L,SA,mc_learned_baseline,False,48,185,131720,47360,47360,0,0,37000,65860,263440,262144,1.0429687500000004,1.044,1.0468420400643865,9.111357625779526e-05,1.2107161791984884e-06,public_state_tabular_independent_mc,0,0.01705671832323884,7.248225299990736,True,accepted_return_check_disabled,0.1,1,7.900428380007817e-13,-0.000543217811626009,100,5.0,0.0010409545898437504,3.14625708722643e-07,0.3057800511508957,4.395726439280146e-05,0.0002441376935447082,0.00024206240719726994
T-L,SA,mc_learned_baseline,False,48,186,132432,47616,47616,0,0,37200,66216,264864,262144,1.0500000000000003,1.0470000000000002,1.0471055201569877,0.0002634800926011316,1.0845402751287833e-05,public_state_tabular_independent_mc,0,0.01581560622712724,7.284686699975282,True,accepted_return_check_disabled,0.1,1,1.1296887851348907e-10,-1.1564393016093829e-05,100,5.0,1.0986328124998754e-05,1.375014834279207e-06,0.991210937500001,0.0010743517921938273,0.0022501248426733574,-0.0007952957301912951
T-L,SA,mc_learned_baseline,False,48,187,133144,47872,47872,0,0,37400,66572,266288,262144,1.0476562500000002,1.05,1.0471775539495862,7.203379259856924e-05,1.8138696746767294e-06,public_state_tabular_independent_mc,1,0.015443975854148657,7.329031499917619,True,accepted_return_check_disabled,0.1,1,1.0596546998212296e-11,-0.0001827587511840467,100,5.0,0.00035400390625000064,6.421452486584014e-06,0.6155422840019975,0.00017891174218836922,0.0003228414785091312,7.995794488854671e-05
T-L,SA,mc_learned_baseline,False,48,188,133856,48128,48128,0,0,37600,66928,267712,262144,1.0500000000000003,1.044,1.0474448345378145,0.00026728058822822476,1.2587548058460563e-05,public_state_tabular_independent_mc,0,0.014159068624505316,7.372650199919008,True,accepted_return_check_disabled,0.1,1,2.254427148799716e-10,-1.1564330881060864e-05,100,5.0,1.0986328124998754e-05,1.9857928187186716e-06,0.991210937500001,0.0013658534631458621,0.002582959156969319,-0.0011087720987901068
T-L,SA,mc_learned_baseline,False,48,189,134568,48384,48384,0,0,37800,67284,269136,262144,1.0476562500000002,1.0470000000000002,1.047516033644314,7.119910649944217e-05,9.427610240742256e-07,public_state_tabular_independent_mc,0,0.013812701004979177,7.408258099923842,True,accepted_return_check_disabled,0.1,1,1.973501933569061e-13,-0.00018286577919715444,100,5.0,0.0003488159179687499,3.39498044067929e-08,0.619443982020976,4.6281201508607e-05,0.00019024822401170357,0.00018985703835082955
T-L,SA,mc_learned_baseline,False,48,190,135280,48640,48640,0,0,38000,67640,270560,262144,1.0476562500000002,1.0440000000000003,1.0475659766699046,4.994302559069297e-05,2.501184289665218e-06,public_state_tabular_independent_mc,1,0.013500816965718454,7.443970499909483,True,accepted_return_check_disabled,0.1,1,1.7074048547429396e-11,-0.00018390235719174464,100,5.0,0.00035400390625000064,5.58613504639082e-06,0.6155422840019977,0.00033696358575044415,0.000412369795079854,-0.00010641693010403455
T-L,SA,mc_learned_baseline,False,48,191,135992,48896,48896,0,0,38200,67996,271984,262144,1.0500000000000003,1.05,1.047703235088984,0.0001372584190795223,3.7294994078193995e-06,public_state_tabular_independent_mc,0,0.012828420303126703,7.481057900004089,True,accepted_return_check_disabled,0.1,1,7.126093840086965e-12,-2.891117773640695e-06,100,5.0,2.7465820312496886e-06,9.898115520260447e-09,0.9978027343750002,0.00025016839214285095,0.0007590537708797705,-1.5520328340760383e-05
T-L,SA,mc_learned_baseline,False,48,192,136704,49152,49152,0,0,38400,68352,273408,262144,1.0476562500000002,1.0410000000000001,1.04776683360463,6.359851564585739e-05,8.331201996809384e-07,public_state_tabular_independent_mc,0,0.012514417754722952,7.517042399966158,True,accepted_return_check_disabled,0.1,1,3.798155526330545e-13,-0.00018215754383257832,100,5.0,0.0003735351562499978,2.6313175234806124e-05,0.6059597136673894,5.196167916619052e-05,0.00016804793358425285,0.00017140782805369437
T-L,SA,mc_learned_baseline,False,48,193,137416,49408,49408,0,0,38600,68708,274832,262144,1.0453125000000003,1.05,1.047828377859039,6.154425440896283e-05,8.033100787817848e-07,public_state_tabular_independent_mc,0,0.01220901770554434,7.555295999976806,True,accepted_return_check_disabled,0.1,1,1.14112670287869e-12,-0.0003605404451627472,100,5.0,0.000692138671875,3.7874438626984405e-06,0.42582278481012703,5.168983128155504e-05,0.0001618610272423952,0.00016644704768312715
T-L,SA,mc_learned_baseline,False,48,194,138128,49664,49664,0,0,38800,69064,276256,262144,1.0500000000000003,1.05,1.0480935971773064,0.00026521931826750667,1.6489992638376838e-05,public_state_tabular_independent_mc,0,0.010874439779869655,7.590957899927162,True,accepted_return_check_disabled,0.1,1,1.8457528732419002e-10,-1.1564472425190532e-05,100,5.0,1.0986328124998754e-05,3.4915352765874203e-06,0.991210937500001,0.0021520644149660133,0.0034279826374021645,-0.0019389950179996907
T-L,SA,mc_learned_baseline,False,48,195,138840,49920,49920,0,0,39000,69420,277680,262144,1.0476562500000002,1.0410000000000001,1.0481111577799116,1.7560602605160014e-05,3.5040739120547504e-06,public_state_tabular_independent_mc,1,0.010648109029111234,7.628065999946557,True,accepted_return_check_disabled,0.1,1,4.3224863882318905e-12,-0.00018555945168871883,100,5.0,0.00035400390625000064,5.034052860621138e-06,0.6155422840019977,0.0005743208449787712,0.0005464726251969363,-0.00038313572419306353
T-L,SA,mc_learned_baseline,False,48,196,139552,50176,50176,0,0,39200,69776,279104,262144,1.0500000000000003,1.044,1.0481112721230739,1.1434316227187935e-07,3.177646457337372e-12,public_state_tabular_independent_mc,1,0.01064753279715255,7.667046599905007,True,accepted_return_check_disabled,0.1,1,1.3506553599445811e-11,2.0506379212253534e-12,100,5.0,2.465190328815662e-32,1.568231123787975e-06,1.0,0.00020479626943130646,7.162933920253689e-10,-6.396339335520022e-07
T-L,SA,mc_learned_baseline,False,48,197,140264,50432,50432,0,0,39400,70132,280528,262144,1.0453125000000003,1.0470000000000002,1.048162998329168,5.1726206094171445e-05,6.631736310260374e-07,public_state_tabular_independent_mc,0,0.01038622254284197,7.70486419997178,True,accepted_return_check_disabled,0.1,1,2.9681484481092966e-13,-0.00036390930001116266,100,5.0,0.0006948852539062501,2.0917463379946272e-06,0.42468354430379696,6.18171756307556e-05,0.00013377156243729867,0.0001423290728820921
T-L,SA,mc_learned_baseline,False,48,198,140976,50688,50688,0,0,39600,70488,281952,262144,1.0476562500000002,1.05,1.0482878773622162,0.00012487903304814196,8.954891618128929e-06,public_state_tabular_independent_mc,0,0.009977414419606992,7.741792099899612,True,accepted_return_check_disabled,0.1,1,1.7353394385902967e-11,-0.00018344039491696075,100,5.0,0.00046757052597695166,0.00012666821936681166,0.6185693888749857,0.0016718012625278598,0.0023480889870874755,-0.0014723552574459823
T-L,SA,mc_learned_baseline,False,48,199,141688,50944,50944,0,0,39800,70844,283376,262144,1.0500000000000003,1.05,1.0482876996292714,-1.7773294480605273e-07,8.136441917312372e-12,public_state_tabular_independent_mc,1,0.009978318711306371,7.77865229989402,True,accepted_return_check_disabled,0.1,1,1.1429614982485603e-11,1.5057891783031428e-13,100,5.0,2.465190328815662e-32,1.3865500109891506e-06,1.0,0.00016914463124425078,5.583069006194044e-11,1.7320638784996958e-07
T-L,SA,mc_learned_baseline,False,48,200,142400,51200,51200,0,0,40000,71200,284800,262144,1.0500000000000003,1.05,1.0485504507746004,0.0002627511453290321,1.9889285279480285e-05,public_state_tabular_independent_mc,0,0.008623256922186205,7.815224399906583,True,accepted_return_check_disabled,0.1,1,3.901398372845417e-10,-1.1564316150271992e-05,100,5.0,1.0986328124998754e-05,4.570376808703205e-06,0.991210937500001,0.002906265717735454,0.0042484167835110664,-0.0027369316980087478
T-L,SA,mc_learned_baseline,False,48,201,143112,51456,51456,0,0,40200,71556,286224,262144,1.0500000000000003,1.0410000000000001,1.0485506920320886,2.4125748820935655e-07,1.777291663467404e-11,public_state_tabular_independent_mc,1,0.008621994963366247,7.855684799957089,True,accepted_return_check_disabled,0.1,1,1.0538381949690046e-11,4.2665636032428123e-13,100,5.0,2.465190328815662e-32,9.839902341163823e-07,1.0,0.00014508310589557368,1.8798355735829895e-10,2.9183518806368397e-07
T-L,SA,mc_learned_baseline,False,48,202,143824,51712,51712,0,0,40400,71912,287648,262144,1.0500000000000003,1.05,1.0489263271859326,0.0003756351538439784,5.2695778793426595e-05,public_state_tabular_independent_mc,0,0.006610807058068436,7.894629999995232,True,accepted_return_check_disabled,0.1,1,5.863173501991189e-10,-2.601965507914514e-05,100,5.0,2.4719238281247193e-05,1.5847859923277736e-05,0.9802246093750023,0.009430341589679984,0.011576423753083575,-0.009284988681160573
T-L,SA,mc_learned_baseline,False,48,203,144536,51968,51968,0,0,40600,72268,289072,262144,1.0500000000000003,1.05,1.048926303651256,-2.3534676651948416e-08,2.304589076226987e-13,public_state_tabular_independent_mc,1,0.0066109362881461116,7.932965499931015,True,accepted_return_check_disabled,0.1,1,5.929109763984884e-12,1.2681385493198809e-12,100,5.0,2.465190328815662e-32,5.277110853440384e-07,1.0,0.00011047053174263486,7.643697940937391e-10,5.036141170700237e-07
T-L,SA,mc_learned_baseline,False,48,204,145248,52224,52224,0,0,40800,72624,290496,262144,1.0453125000000003,1.05,1.0489564182861453,3.0114634889333303e-05,3.849106721639887e-07,public_state_tabular_independent_mc,0,0.00644520252930627,7.971595299895853,True,accepted_return_check_disabled,0.1,1,1.5860795122110245e-13,-0.0003641675377849512,100,5.0,0.0006948852539062503,2.9159191033455105e-06,0.4246835443037972,2.7865469176245745e-05,7.764768340510372e-05,8.311083526931547e-05
T-L,SA,mc_learned_baseline,False,48,205,145960,52480,52480,0,0,41000,72980,291920,262144,1.0476562500000002,1.05,1.0489618511452292,5.432859083942532e-06,1.659470432590351e-06,public_state_tabular_independent_mc,1,0.006307791803811518,8.01038160000462,True,accepted_return_check_disabled,0.1,1,7.109936268819589e-11,-0.00018662807758419443,100,5.0,0.00035400390625000064,6.006928083790217e-06,0.6155422840019977,0.0003378438382624673,0.00028898675740020253,-0.00022963010629010403
T-L,SA,mc_learned_baseline,False,48,206,146672,52736,52736,0,0,41200,73336,293344,262144,1.0500000000000003,1.05,1.049219522701876,0.00025767155664668806,3.392936337935511e-05,public_state_tabular_independent_mc,0,0.004877928943940018,8.049358799937181,True,accepted_return_check_disabled,0.1,1,9.314247053592513e-11,-1.1564391603140853e-05,100,5.0,1.0986328124998754e-05,6.8355117649660656e-06,0.991210937500001,0.006006849516041559,0.007456626754983516,-0.005889448352967863
T-L,SA,mc_learned_baseline,False,48,207,147384,52992,52992,0,0,41400,73692,294768,262144,1.0500000000000003,1.0470000000000002,1.0492195453959767,2.2694100820785934e-08,2.9225181532947814e-13,public_state_tabular_independent_mc,1,0.004877800073870498,8.084227499901317,True,accepted_return_check_disabled,0.1,1,1.9300972266982503e-12,1.6639025631814578e-13,100,5.0,2.465190328815662e-32,2.698833299290737e-07,1.0,9.139089321437245e-05,1.4404143526317029e-10,-1.8764978444483304e-07
T-L,SA,mc_learned_baseline,False,48,208,148096,53248,53248,0,0,41600,74048,296192,262144,1.0500000000000003,1.05,1.0493549474590997,0.0001354020631230135,1.1888775415868243e-05,public_state_tabular_independent_mc,0,0.004097964260299531,8.122847299906425,True,accepted_return_check_disabled,0.1,1,1.6439217387963415e-10,-2.8910962276620246e-06,100,5.0,2.7465820312496886e-06,1.2990636649282728e-06,0.9978027343750002,0.001828772076536629,0.0025221778449543843,-0.0017375711435337535
T-L,SA,mc_learned_baseline,False,48,209,148808,53504,53504,0,0,41800,74404,297616,262144,1.0476562500000002,1.05,1.0493601942246078,5.246765508060136e-06,6.220956272020465e-07,public_state_tabular_independent_mc,1,0.00400649648181735,8.161744799930602,True,accepted_return_check_disabled,0.1,1,1.0973711239694635e-11,-0.00018695552822421777,100,5.0,0.00035400390625000064,9.242093817611944e-06,0.6155422840019975,0.00015728853559409325,0.00011689147503535798,-7.988218344807141e-05
T-L,SA,mc_learned_baseline,False,48,210,149520,53760,53760,0,0,42000,74760,299040,262144,1.0500000000000003,1.05,1.0493601380886814,-5.613592635178577e-08,2.1644429523866658e-12,public_state_tabular_independent_mc,1,0.004006820256459758,8.201531799975783,True,accepted_return_check_disabled,0.1,1,1.5743011325335997e-13,2.1089202532104433e-13,100,5.0,2.465190328815662e-32,1.7669718258051129e-07,1.0,8.196685906355729e-05,2.3088070803312228e-10,-2.1599564119966593e-07
T-L,SA,mc_learned_baseline,False,48,211,150232,54016,54016,0,0,42200,75116,300464,262144,1.0500000000000003,1.05,1.0493600762391115,-6.184956991006629e-08,2.627134059492496e-12,public_state_tabular_independent_mc,1,0.0040071769806825416,8.242346299928613,True,accepted_return_check_disabled,0.1,1,2.8682936485236114e-13,2.151751211871925e-13,100,5.0,2.465190328815662e-32,1.7673042235787636e-07,1.0,8.197522965997818e-05,2.355473899811002e-10,-2.1818026724932545e-07
T-L,SA,mc_learned_baseline,False,48,212,150944,54272,54272,0,0,42400,75472,301888,262144,1.0500000000000003,1.05,1.0493600085163424,-6.772276917033082e-08,3.1495067239157045e-12,public_state_tabular_independent_mc,1,0.004007567573281046,8.278597199940123,True,accepted_return_check_disabled,0.1,1,4.596906432524613e-13,2.1976492020302812e-13,100,5.0,2.465190328815662e-32,1.7676704900482716e-07,1.0,8.198436235794537e-05,2.4054656976549113e-10,-2.2049737638540656e-07
T-L,SA,mc_learned_baseline,False,48,213,151656,54528,54528,0,0,42600,75828,303312,262144,1.0500000000000003,1.05,1.0493599348663487,-7.364999365933045e-08,3.724412614796825e-12,public_state_tabular_independent_mc,1,0.004007992344222238,8.318219699896872,True,accepted_return_check_disabled,0.1,1,6.743387017870624e-13,2.2462594628331644e-13,100,5.0,2.465190328815662e-32,1.768071580844127e-07,1.0,8.19942529991241e-05,2.458391053644268e-10,-2.2292522899488988e-07
T-L,SA,mc_learned_baseline,False,48,214,152368,54784,54784,0,0,42800,76184,304736,262144,1.0500000000000003,1.05,1.0493598553534036,-7.951294511698848e-08,4.340497231425242e-12,public_state_tabular_independent_mc,1,0.0040084509210504046,8.361804699990898,True,accepted_return_check_disabled,0.1,1,9.25992166053669e-13,2.29705521385945e-13,100,5.0,2.465190328815662e-32,1.7685078279234424e-07,1.0,8.200487809374322e-05,2.5136706963523657e-10,-2.2543438319293382e-07
T-L,SA,mc_learned_baseline,False,48,215,153080,55040,55040,0,0,43000,76540,306160,262144,1.0500000000000003,1.05,1.0493597701644142,-8.518898941822783e-08,4.981534569837118e-12,public_state_tabular_independent_mc,1,0.00400894222395157,8.399209599941969,True,accepted_return_check_disabled,0.1,1,1.2061650778780052e-12,2.349333278307485e-13,100,5.0,2.465190328815662e-32,1.76897886360261e-07,1.0,8.201619372837391e-05,2.5705329794767724e-10,-2.2798800958024078e-07
T-L,SA,mc_learned_baseline,False,48,216,153792,55296,55296,0,0,43200,76896,307584,262144,1.0476562500000002,1.05,1.0493658272147404,6.0570503261914155e-06,4.881415908292808e-07,public_state_tabular_independent_mc,1,0.003918157755318174,8.437720199930482,True,accepted_return_check_disabled,0.1,1,2.7253357675975275e-11,-0.0001869679922986072,100,5.0,0.00035400390625000064,1.321365644336861e-05,0.6155422840019975,0.00013678942981566478,9.350090844326744e-05,-5.4991836618621266e-05
T-L,SA,mc_learned_baseline,False,48,217,154504,55552,55552,0,0,43400,77252,309008,262144,1.0500000000000003,1.05,1.0493657828614444,-4.435329592489268e-08,1.3374312047538782e-12,public_state_tabular_independent_mc,1,0.003918410384940675,8.47821699990891,True,accepted_return_check_disabled,0.1,1,7.97805377201528e-15,2.0202455828875743e-13,100,5.0,2.465190328815662e-32,1.7337774239545535e-07,1.0,8.574349801250554e-05,2.2775122386241481e-10,-2.156257156936786e-07
T-L,SA,mc_learned_baseline,False,48,218,155216,55808,55808,0,0,43600,77608,310432,262144,1.0500000000000003,1.05,1.0493657394431402,-4.341830428522542e-08,1.2815347044859454e-12,public_state_tabular_independent_mc,1,0.003918657686435808,8.516014999942854,True,accepted_return_check_disabled,0.1,1,4.482329516245989e-15,2.0137752051694428e-13,100,5.0,2.465190328815662e-32,1.734037552185176e-07,1.0,8.574837243501099e-05,2.2700459123679742e-10,-2.1527971424309097e-07
T-L,SA,mc_learned_baseline,False,48,219,155928,56064,56064,0,0,43800,77964,311856,262144,1.0500000000000003,1.05,1.04936569704011,-4.2403030198201463e-08,1.2222030092305209e-12,public_state_tabular_independent_mc,1,0.003918899202699657,8.555169499944896,True,accepted_return_check_disabled,0.1,1,1.7514845683777288e-15,2.0067809112539125e-13,100,5.0,2.465190328815662e-32,1.73429221582546e-07,1.0,8.575310817199201e-05,2.261993784883254e-10,-2.1490507863021406e-07
T-L,SA,mc_learned_baseline,False,48,220,156640,56320,56320,0,0,44000,78320,313280,262144,1.0500000000000003,1.05,1.0493656557249764,-4.1315133536556914e-08,1.160176253924978e-12,public_state_tabular_independent_mc,1,0.003919134520275654,8.590378199936822,True,accepted_return_check_disabled,0.1,1,2.2055644762018757e-16,1.9993214189788734e-13,100,5.0,2.465190328815662e-32,1.7345409427212157e-07,1.0,8.575769877800928e-05,2.2534224373569868e-10,-2.1450481265212747e-07
T-L,SA,mc_learned_baseline,False,48,221,157352,56576,56576,0,0,44200,78676,314704,262144,1.0476562500000002,1.0470000000000002,1.049372324347738,6.668622761552001e-06,4.1036754842890343e-07,public_state_tabular_independent_mc,1,0.003829451845144361,8.628709199954756,True,accepted_return_check_disabled,0.1,1,1.849307575251022e-11,-0.00018698015640491512,100,5.0,0.00035400390625000064,1.7736386110681518e-05,0.6155422840019975,0.0001264642776749922,8.045164486395449e-05,-4.091622088578387e-05
T-L,SA,mc_learned_baseline,False,48,222,158064,56832,56832,0,0,44400,79032,316128,262144,1.0500000000000003,1.05,1.0493722872221198,-3.7125618135291916e-08,9.300816939337062e-13,public_state_tabular_independent_mc,1,0.003829660862552627,8.668024999904446,True,accepted_return_check_disabled,0.1,1,3.6179088457296522e-12,1.5142607230841333e-13,100,5.0,2.465190328815662e-32,1.6958848074233262e-07,1.0,8.857846049862256e-05,1.758614104619225e-10,1.8981221501820027e-07
T-L,SA,mc_learned_baseline,False,48,223,158776,57088,57088,0,0,44600,79388,317552,262144,1.0500000000000003,1.05,1.0493722500899112,-3.7132208641210696e-08,9.303315963697917e-13,public_state_tabular_independent_mc,1,0.003829869915227734,8.703303399961442,True,accepted_return_check_disabled,0.1,1,3.618244262961214e-12,1.514213335284811e-13,100,5.0,2.465190328815662e-32,1.696100132508646e-07,1.0,8.858308983995415e-05,1.758446312886467e-10,1.898092275376195e-07
T-L,SA,mc_learned_baseline,False,48,224,159488,57344,57344,0,0,44800,79744,318976,262144,1.0500000000000003,1.05,1.049509535505905,0.00013728541599378197,1.515721219197983e-05,public_state_tabular_independent_mc,0,0.0030432640987737305,8.741737499949522,True,accepted_return_check_disabled,0.1,1,2.3486962235659864e-10,-2.8911174996914192e-06,100,5.0,2.7465820312496886e-06,1.5567301417503476e-06,0.9978027343750002,0.0025998519251336145,0.0033389688211974467,-0.0025110743988924506
T-L,SA,mc_learned_baseline,False,48,225,160200,57600,57600,0,0,45000,80100,320400,262144,1.0500000000000003,1.05,1.0495095606833516,2.517744657204446e-08,5.599012910581718e-13,public_state_tabular_independent_mc,1,0.003043117088370546,8.779992599971592,True,accepted_return_check_disabled,0.1,1,1.5066025064618896e-13,1.7043659966751977e-14,100,5.0,2.465190328815662e-32,9.942330049442501e-08,1.0,7.15962437101712e-05,2.5938664601368074e-11,6.375239076954842e-08
T-L,SA,mc_learned_baseline,False,48,226,160912,57856,57856,0,0,45200,80456,321824,262144,1.0476562500000002,1.05,1.0495148048453726,5.24416202107858e-06,2.805993740769434e-07,public_state_tabular_independent_mc,1,0.0029730979903794356,8.81863859994337,True,accepted_return_check_disabled,0.1,1,1.5804401254495522e-11,-0.0001870820429348707,100,5.0,0.00035400390625000064,2.2730765299094737e-05,0.6155422840019975,9.598736531538275e-05,5.4989263539659196e-05,-2.4330510301884156e-05
T-L,SA,mc_learned_baseline,False,48,227,161624,58112,58112,0,0,45400,80812,323248,262144,1.0500000000000003,1.05,1.0496490536334189,0.00013424878804624285,2.0039366872209928e-05,public_state_tabular_independent_mc,0,0.002180612530435924,8.855938599910587,True,accepted_return_check_disabled,0.1,1,2.5494117110301106e-11,-2.8910985843325664e-06,100,5.0,2.7465820312496886e-06,1.8183154251343877e-06,0.9978027343750002,0.0037317329596942106,0.004500547537892963,-0.00365784729326055
T-L,SA,mc_learned_baseline,False,48,228,162336,58368,58368,0,0,45600,81168,324672,262144,1.0500000000000003,1.05,1.0496490683813824,1.4747963517081075e-08,2.7521068970725663e-13,public_state_tabular_independent_mc,1,0.0021805232869724473,8.891926599899307,True,accepted_return_check_disabled,0.1,1,7.589131781467215e-13,1.0610602848016593e-14,100,5.0,2.465190328815662e-32,4.7382789448356155e-08,1.0,5.629342515099488e-05,2.4018092943188353e-11,-5.1297189065837916e-08
T-L,SA,mc_learned_baseline,False,48,229,163048,58624,58624,0,0,45800,81524,326096,262144,1.0476562500000002,1.05,1.0496529022052505,3.833823868149011e-06,1.7431819774043222e-07,public_state_tabular_independent_mc,1,0.002130314842008964,8.927209799992852,True,accepted_return_check_disabled,0.1,1,9.335094494547843e-12,-0.00018717282201345477,100,5.0,0.00035400390625000064,2.8385382147968953e-05,0.6155422840019975,6.914225619108379e-05,3.460558022385621e-05,-1.290206751051664e-05
T-L,SA,mc_learned_baseline,False,48,230,163760,58880,58880,0,0,46000,81880,327520,262144,1.0500000000000003,1.05,1.0496528843001294,-1.7905121163508397e-08,4.0380081897117764e-13,public_state_tabular_independent_mc,1,0.0021304219832941323,8.962368999957107,True,accepted_return_check_disabled,0.1,1,3.951593803590284e-14,1.634983262356872e-14,100,5.0,2.465190328815662e-32,4.622314379355949e-08,1.0,5.7648261485587334e-05,3.813906797966256e-11,-6.479618204232742e-08
T-L,SA,mc_learned_baseline,False,48,231,164472,59136,59136,0,0,46200,82236,328944,262144,1.0500000000000003,1.05,1.0496528626427386,-2.1657390769647122e-08,5.90712062633779e-13,public_state_tabular_independent_mc,1,0.002130551576470021,8.998085799976252,True,accepted_return_check_disabled,0.1,1,1.1236596937561735e-13,1.610904577066334e-14,100,5.0,2.465190328815662e-32,4.6228504642433956e-08,1.0,5.7650247283619246e-05,3.7575138146019155e-11,-6.431699291945269e-08
T-L,SA,mc_learned_baseline,False,48,232,165184,59392,59392,0,0,46400,82592,330368,262144,1.0500000000000003,1.05,1.0496528365240025,-2.6118736062841208e-08,8.591054523206225e-13,public_state_tabular_independent_mc,1,0.002130707863814922,9.035832299967296,True,accepted_return_check_disabled,0.1,1,2.4758071586371295e-13,1.5805935675645747e-14,100,5.0,2.465190328815662e-32,4.623498936089025e-08,1.0,5.765262051027044e-05,3.686545012804618e-11,-6.370866014756302e-08
T-L,SA,mc_learned_baseline,False,48,233,165896,59648,59648,0,0,46600,82948,331792,262144,1.0500000000000003,1.05,1.0496528054749936,-3.104900891948148e-08,1.2139831621678317e-12,public_state_tabular_independent_mc,1,0.002130893650340684,9.073041899944656,True,accepted_return_check_disabled,0.1,1,4.593027716736532e-13,1.5423866875757017e-14,100,5.0,2.465190328815662e-32,4.6242810532157493e-08,1.0,5.7655441097830885e-05,3.5971180102541796e-11,-6.293349837818088e-08
T-L,SA,mc_learned_baseline,False,48,234,166608,59904,59904,0,0,46800,83304,333216,262144,1.0500000000000003,1.05,1.0496527698952205,-3.55797731277363e-08,1.593989917300096e-12,public_state_tabular_independent_mc,1,0.0021311065444255145,9.110510299913585,True,accepted_return_check_disabled,0.1,1,7.14155596932241e-13,1.494754194690123e-14,100,5.0,2.465190328815662e-32,4.625210894522986e-08,1.0,5.7658735643526194e-05,3.4856689130797693e-11,-6.195354818339437e-08
T-L,SA,mc_learned_baseline,False,48,235,167320,60160,60160,0,0,47000,83660,334640,262144,1.0476562500000002,1.05,1.0496566958812272,3.925986006736437e-06,1.6070811125955794e-07,public_state_tabular_independent_mc,1,0.002081883530397764,9.145848699961789,True,accepted_return_check_disabled,0.1,1,6.293005830283182e-13,-0.00018717809889781832,100,5.0,0.00035400390625000064,3.453065829558103e-05,0.6155422840019975,6.744281442907687e-05,3.190556676756961e-05,-9.841134091887184e-06
T-L,SA,mc_learned_baseline,False,48,236,168032,60416,60416,0,0,47200,84016,336064,262144,1.0500000000000003,1.05,1.049784040738189,0.00012734485696186404,2.908654332924958e-05,public_state_tabular_independent_mc,0,0.001304156467236391,9.183056899928488,True,accepted_return_check_disabled,0.1,1,6.43246681790033e-10,-2.8910727280300696e-06,100,5.0,2.7465820312496886e-06,2.098862949564846e-06,0.9978027343750002,0.006067461151574014,0.0068802250688671535,-0.006008660289668438
T-L,SA,mc_learned_baseline,False,48,237,168744,60672,60672,0,0,47400,84372,337488,262144,1.0500000000000003,1.05,1.0497840568112897,1.6073100628233306e-08,5.690333944457484e-13,public_state_tabular_independent_mc,1,0.0013040546508130747,9.218268199940212,True,accepted_return_check_disabled,0.1,1,5.690335177966628e-13,3.0823420747042254e-29,100,5.0,2.465190328815662e-32,1.5559691263111306e-08,1.0,4.051087382477983e-05,1.3793432759014115e-25,-2.945252708585168e-15
T-L,SA,mc_learned_baseline,False,48,238,169456,60928,60928,0,0,47600,84728,338912,262144,1.0500000000000003,1.05,1.0497840728837788,1.6072489117391342e-08,5.690181475688443e-13,public_state_tabular_independent_mc,1,0.0013039528371296832,9.259760299930349,True,accepted_return_check_disabled,0.1,1,5.690182871533959e-13,3.147033254782424e-29,100,5.0,2.465190328815662e-32,1.5556987002777663e-08,1.0,4.0508564237839074e-05,1.407583286183095e-25,-2.9751078148030825e-15
T-L,SA,mc_learned_baseline,False,48,239,170168,61184,61184,0,0,47800,85084,340336,262144,1.0500000000000003,1.05,1.049784088955633,1.6071854069821256e-08,5.690555581041902e-13,public_state_tabular_independent_mc,1,0.0013038510263361353,9.29727159999311,True,accepted_return_check_disabled,0.1,1,5.690556862544935e-13,3.209665875514646e-29,100,5.0,2.465190328815662e-32,1.555428310365906e-08,1.0,4.0506254738492224e-05,1.434926488302051e-25,-3.0037221576390523e-15
T-L,SA,mc_learned_baseline,False,48,240,170880,61440,61440,0,0,48000,85440,341760,262144,1.0500000000000003,1.05,1.0497841050287633,1.6073130382210365e-08,5.691545329236502e-13,public_state_tabular_independent_mc,1,0.001303749206323262,9.338850199943408,True,accepted_return_check_disabled,0.1,1,5.691546772936593e-13,3.2701506415381473e-29,100,5.0,2.465190328815662e-32,1.555157956968506e-08,1.0,4.0503945330136316e-05,1.4613347987571795e-25,-3.031091647140625e-15
T-L,SA,mc_learned_baseline,False,48,241,171592,61696,61696,0,0,48200,85796,343184,262144,1.0500000000000003,1.05,1.049784121101105,1.6072341679773672e-08,5.691541778472297e-13,public_state_tabular_independent_mc,1,0.001303647390172437,9.385208299965598,True,accepted_return_check_disabled,0.1,1,5.69154310772542e-13,3.3284094040221703e-29,100,5.0,2.465190328815662e-32,1.5548876079350883e-08,1.0,4.050163573809724e-05,1.4867749394879353e-25,-3.057215760509345e-15
T-L,SA,mc_learned_baseline,False,48,242,172304,61952,61952,0,0,48400,86152,344608,262144,1.0500000000000003,1.05,1.0497841371726147,1.6071509678639018e-08,5.691430849041843e-13,public_state_tabular_independent_mc,1,0.0013035455781605614,9.420737599954009,True,accepted_return_check_disabled,0.1,1,5.691432340300465e-13,3.384353684345111e-29,100,5.0,2.465190328815662e-32,1.5546172980002453e-08,1.0,4.0499326259105974e-05,1.5112090597364605e-25,-3.0820878686828973e-15
T-L,SA,mc_learned_baseline,False,48,243,173016,62208,62208,0,0,48600,86508,346032,262144,1.0500000000000003,1.05,1.0497841532432657,1.6070651032151773e-08,5.69184059038095e-13,public_state_tabular_independent_mc,1,0.0013034437704526108,9.459482499980368,True,accepted_return_check_disabled,0.1,1,5.69184196705329e-13,3.437907189939195e-29,100,5.0,2.465190328815662e-32,1.554347027888282e-08,1.0,4.0497016899443e-05,1.5346045665301673e-25,-3.105705363619183e-15
T-L,SA,mc_learned_baseline,False,48,244,173728,62464,62464,0,0,48800,86864,347456,262144,1.0500000000000003,1.05,1.0497841573566993,4.113433593744276e-09,3.726894609206765e-14,public_state_tabular_independent_mc,1,0.0013034177116340786,9.498448099941015,True,accepted_return_check_disabled,0.1,1,3.7269050828370735e-14,3.4889981925127973e-29,100,5.0,2.465190328815662e-32,1.5540767980432118e-08,1.0,4.049470766284943e-05,1.5569307970624113e-25,-3.128066159827163e-15
T-L,SA,mc_learned_baseline,False,48,245,174440,62720,62720,0,0,49000,87220,348880,262144,1.0500000000000003,1.0470000000000002,1.049784161477182,4.120482621772226e-09,3.7447085275134636e-14,public_state_tabular_independent_mc,1,0.0013033916080856542,9.535266699967906,True,accepted_return_check_disabled,0.1,1,3.7447206219388786e-14,3.501671806680392e-29,100,5.0,2.465190328815662e-32,1.554007634335623e-08,1.0,4.0494116592073976e-05,1.5624702041001004e-25,-3.1335876009697938e-15
T-L,SA,mc_learned_baseline,False,48,246,175152,62976,62976,0,0,49200,87576,350304,262144,1.0500000000000003,1.05,1.049784165604439,4.127257202668488e-09,3.7572318558718786e-14,public_state_tabular_independent_mc,1,0.0013033654615439967,9.573924399912357,True,accepted_return_check_disabled,0.1,1,3.7572428041297155e-14,3.5142000407914304e-29,100,5.0,2.465190328815662e-32,1.5539383538013167e-08,1.0,4.0493524508395985e-05,1.5679465816506228e-25,-3.1390359015098397e-15
T-L,SA,mc_learned_baseline,False,48,247,175864,63232,63232,0,0,49400,87932,351728,262144,1.0500000000000003,1.05,1.0497841697384767,4.134037556724479e-09,3.764027329282957e-14,public_state_tabular_independent_mc,1,0.0013033392719752285,9.612058899947442,True,accepted_return_check_disabled,0.1,1,3.764039894330605e-14,3.5265801473457796e-29,100,5.0,2.465190328815662e-32,1.553868961063308e-08,1.0,4.04929314512211e-05,1.573358740977064e-25,-3.1444102602731282e-15
T-L,SA,mc_learned_baseline,False,48,248,176576,63488,63488,0,0,49600,88288,353152,262144,1.0500000000000003,1.05,1.0497841738795743,4.1410976869826754e-09,3.7821017925907113e-14,public_state_tabular_independent_mc,1,0.00130331303760348,9.650835099979304,True,accepted_return_check_disabled,0.1,1,3.7821132076831646e-14,3.5388102527874207e-29,100,5.0,2.465190328815662e-32,1.5537994560329213e-08,1.0,4.0492337419781736e-05,1.5787058751316966e-25,-3.1497102547932337e-15
T-L,SA,mc_learned_baseline,False,48,249,177288,63744,63744,0,0,49800,88644,354576,262144,1.0500000000000003,1.05,1.0497841780274562,4.14788181579695e-09,3.794844843716236e-14,public_state_tabular_independent_mc,1,0.0013032867601779033,9.68793569994159,True,accepted_return_check_disabled,0.1,1,3.7948578715496685e-14,3.550889287453021e-29,100,5.0,2.465190328815662e-32,1.5537298340148977e-08,1.0,4.0491742373811e-05,1.583987528510678e-25,-3.154935807617968e-15
T-L,SA,mc_learned_baseline,False,48,250,178000,64000,64000,0,0,50000,89000,356000,262144,1.0500000000000003,1.05,1.0497841822361051,4.208648984871388e-09,3.9066821935319365e-14,public_state_tabular_independent_mc,1,0.0013032600977056967,9.727593699935824,True,accepted_return_check_disabled,0.1,1,3.90669406749195e-14,3.562814555307351e-29,100,5.0,2.465190328815662e-32,1.5536600996581015e-08,1.0,4.0491146352993996e-05,1.589202534216895e-25,-3.1600861346069595e-15
T-L,SA,mc_learned_baseline,False,48,251,178712,64256,64256,0,0,50200,89356,357424,262144,1.0500000000000003,1.05,1.0497841864515762,4.215471083313105e-09,3.914459568162745e-14,public_state_tabular_independent_mc,1,0.001303233391937036,9.76714789995458,True,accepted_return_check_disabled,0.1,1,3.9144730357515124e-14,3.5747359615011995e-29,100,5.0,2.465190328815662e-32,1.553589345439687e-08,1.0,4.049054160033382e-05,1.5944164705923983e-25,-3.1652261930843166e-15
T-L,SA,mc_learned_baseline,False,48,252,179424,64512,64512,0,0,50400,89712,358848,262144,1.0500000000000003,1.05,1.0497841906741487,4.222572513867817e-09,3.927670786405396e-14,public_state_tabular_independent_mc,1,0.0013032066411000187,9.808311700006016,True,accepted_return_check_disabled,0.1,1,3.927683081269735e-14,3.5864953555693237e-29,100,5.0,2.465190328815662e-32,1.5535184783063092e-08,1.0,4.0489935867381046e-05,1.5995601932501828e-25,-3.170288015190916e-15
T-L,SA,mc_learned_baseline,False,48,253,180136,64768,64768,0,0,50600,90068,360272,262144,1.0500000000000003,1.05,1.0497841949035496,4.229400829558472e-09,3.9414311029856996e-14,public_state_tabular_independent_mc,1,0.0013031798469277799,9.848254699958488,True,accepted_return_check_disabled,0.1,1,3.941442223079425e-14,3.5980915999314953e-29,100,5.0,2.465190328815662e-32,1.5534474935708645e-08,1.0,4.04893291139595e-05,1.6046332166496773e-25,-3.175271496651933e-15
T-L,SA,mc_learned_baseline,False,48,254,180848,65024,65024,0,0,50800,90424,361696,262144,1.0500000000000003,1.05,1.0497841991400583,4.236508699406727e-09,3.9547869736978626e-14,public_state_tabular_independent_mc,1,0.001303153007647417,9.884728899924085,True,accepted_return_check_disabled,0.1,1,3.9547996814994694e-14,3.609522035793053e-29,100,5.0,2.465190328815662e-32,1.5533763958334502e-08,1.0,4.048872137937956e-05,1.609634389588372e-25,-3.180175875744028e-15
T-L,SA,mc_learned_baseline,False,48,255,181560,65280,65280,0,0,51000,90780,363120,262144,1.0500000000000003,1.05,1.0497842033836793,4.243621010147081e-09,3.968250113540147e-14,public_state_tabular_independent_mc,1,0.0013031261232280343,9.921386600006372,True,accepted_return_check_disabled,0.1,1,3.9682616427399894e-14,3.620785522567054e-29,100,5.0,2.465190328815662e-32,1.5533051804035014e-08,1.0,4.048811262344637e-05,1.614563224858906e-25,-3.185001039426937e-15
T-L,SA,mc_learned_baseline,False,48,256,182272,65536,65536,0,0,51200,91136,364544,262144,1.0500000000000003,1.05,1.0497842076341375,4.250458207621932e-09,3.982225185667982e-14,public_state_tabular_independent_mc,1,0.001303099195414797,9.959872799925506,True,accepted_return_check_disabled,0.1,1,3.9822382983091954e-14,3.631880168815244e-29,100,5.0,2.465190328815662e-32,1.5532338472154043e-08,1.0,4.048750284546429e-05,1.6194189065765255e-25,-3.1897465483929697e-15
T-L,SA,mc_learned_baseline,False,48,257,182984,65792,65792,0,0,51400,91492,365968,262144,1.0500000000000003,1.05,1.0497842118917142,4.257576735611224e-09,3.995830546286457e-14,public_state_tabular_independent_mc,1,0.0013030722224242662,9.999656799947843,True,accepted_return_check_disabled,0.1,1,3.995842476277073e-14,3.642803379559095e-29,100,5.0,2.465190328815662e-32,1.5531624009025572e-08,1.0,4.0486892085023756e-05,1.6242003106405433e-25,-3.1944116596746452e-15
T-L,SA,mc_learned_baseline,False,48,258,183696,66048,66048,0,0,51600,91848,367392,262144,1.0500000000000003,1.05,1.0497842161564146,4.264700370626429e-09,4.009546001771098e-14,public_state_tabular_independent_mc,1,0.001303045204223556,10.045302499900572,True,accepted_return_check_disabled,0.1,1,4.0095595112413265e-14,3.653554015134468e-29,100,5.0,2.465190328815662e-32,1.5530908367449492e-08,1.0,4.048628030168385e-05,1.6289069496953717e-25,-3.1989962487280087e-15
T-L,SA,mc_learned_baseline,False,48,259,184408,66304,66304,0,0,51800,92204,368816,262144,1.0500000000000003,1.05,1.0499159094799233,0.0001316933235087081,4.4464997232110033e-05,public_state_tabular_independent_mc,1,0.0005575232607489043,10.088864099932835,True,accepted_return_check_disabled,0.1,1,4.646969003329936e-11,-2.0623464269078466e-05,100,5.0,9.335021972656141e-05,9.129106947619204e-05,0.99958740234375,0.010825822314187165,0.01185382041994001,-0.010785336646695658
T-L,SA,mc_learned_baseline,False,48,260,185120,66560,66560,0,0,52000,92560,370240,262144,1.0500000000000003,1.05,1.0499159094799233,0.0,0.0,public_state_tabular_independent_mc,1,0.0005575232607489043,10.129249099991284,True,accepted_return_check_disabled,0.1,1,0.0,-2.594877292995478e-32,100,5.0,2.465190328815662e-32,2.3635841759128855e-09,1.0,1.5759294749823862e-05,2.837771564900477e-28,-8.345487913894235e-17
T-L,SA,mc_learned_baseline,False,48,261,185832,66816,66816,0,0,52200,92916,371664,262144,1.0500000000000003,1.05,1.0499159094799233,0.0,0.0,public_state_tabular_independent_mc,1,0.0005575232607489043,10.167284099967219,True,accepted_return_check_disabled,0.1,1,0.0,-2.594877292995478e-32,100,5.0,2.465190328815662e-32,2.3635841759128855e-09,1.0,1.5759294749823862e-05,2.837771564900477e-28,-8.345487913894235e-17
T-L,SA,mc_learned_baseline,False,48,262,186544,67072,67072,0,0,52400,93272,373088,262144,1.0500000000000003,1.05,1.0499159094799233,0.0,0.0,public_state_tabular_independent_mc,1,0.0005575232607489043,10.20391689997632,True,accepted_return_check_disabled,0.1,1,0.0,-2.594877292995478e-32,100,5.0,2.465190328815662e-32,2.3635841759128855e-09,1.0,1.5759294749823862e-05,2.837771564900477e-28,-8.345487913894235e-17
T-L,SA,mc_learned_baseline,False,48,263,187256,67328,67328,0,0,52600,93628,374512,262144,1.0500000000000003,1.05,1.0499159094799233,0.0,0.0,public_state_tabular_independent_mc,1,0.0005575232607489043,10.243957199971192,True,accepted_return_check_disabled,0.1,1,0.0,-2.594877292995478e-32,100,5.0,2.465190328815662e-32,2.3635841759128855e-09,1.0,1.5759294749823862e-05,2.837771564900477e-28,-8.345487913894235e-17
T-L,SA,mc_learned_baseline,False,48,264,187968,67584,67584,0,0,52800,93984,375936,262144,1.0500000000000003,1.05,1.0499159094799233,0.0,0.0,public_state_tabular_independent_mc,1,0.0005575232607489043,10.279753299895674,True,accepted_return_check_disabled,0.1,1,0.0,-2.594877292995478e-32,100,5.0,2.465190328815662e-32,2.3635841759128855e-09,1.0,1.5759294749823862e-05,2.837771564900477e-28,-8.345487913894235e-17
T-L,SA,mc_learned_baseline,False,48,265,188680,67840,67840,0,0,53000,94340,377360,262144,1.0500000000000003,1.05,1.0499159094799233,0.0,0.0,public_state_tabular_independent_mc,1,0.0005575232607489043,10.318468799930997,True,accepted_return_check_disabled,0.1,1,0.0,-2.594877292995478e-32,100,5.0,2.465190328815662e-32,2.3635841759128855e-09,1.0,1.5759294749823862e-05,2.837771564900477e-28,-8.345487913894235e-17
T-L,SA,mc_learned_baseline,False,48,266,189392,68096,68096,0,0,53200,94696,378784,262144,1.0500000000000003,1.05,1.0499159094799233,0.0,0.0,public_state_tabular_independent_mc,1,0.0005575232607489043,10.358859399915673,True,accepted_return_check_disabled,0.1,1,0.0,-2.594877292995478e-32,100,5.0,2.465190328815662e-32,2.3635841759128855e-09,1.0,1.5759294749823862e-05,2.837771564900477e-28,-8.345487913894235e-17
T-L,SA,mc_learned_baseline,False,48,267,190104,68352,68352,0,0,53400,95052,380208,262144,1.0500000000000003,1.05,1.0499159094799233,0.0,0.0,public_state_tabular_independent_mc,1,0.0005575232607489043,10.395648999954574,True,accepted_return_check_disabled,0.1,1,0.0,-2.594877292995478e-32,100,5.0,2.465190328815662e-32,2.3635841759128855e-09,1.0,1.5759294749823862e-05,2.837771564900477e-28,-8.345487913894235e-17
T-L,SA,mc_learned_baseline,False,48,268,190816,68608,68608,0,0,53600,95408,381632,262144,1.0500000000000003,1.05,1.0499159094799233,0.0,0.0,public_state_tabular_independent_mc,1,0.0005575232607489043,10.432255099993199,True,accepted_return_check_disabled,0.1,1,0.0,-2.594877292995478e-32,100,5.0,2.465190328815662e-32,2.3635841759128855e-09,1.0,1.5759294749823862e-05,2.837771564900477e-28,-8.345487913894235e-17
T-L,SA,mc_learned_baseline,False,48,269,191528,68864,68864,0,0,53800,95764,383056,262144,1.0500000000000003,1.05,1.0499159094799233,0.0,0.0,public_state_tabular_independent_mc,1,0.0005575232607489043,10.469681699993089,True,accepted_return_check_disabled,0.1,1,0.0,-2.594877292995478e-32,100,5.0,2.465190328815662e-32,2.3635841759128855e-09,1.0,1.5759294749823862e-05,2.837771564900477e-28,-8.345487913894235e-17
T-L,SA,mc_learned_baseline,False,48,270,192240,69120,69120,0,0,54000,96120,384480,262144,1.0500000000000003,1.05,1.04995572936447,3.981988454659913e-05,1.5874652205931054e-05,public_state_tabular_independent_mc,0,0.0002659537321061555,10.511125599965453,True,accepted_return_check_disabled,0.1,1,6.7021384173558635e-12,-1.734153414491672e-06,100,5.0,2.7465820312496886e-06,2.5951487779638224e-06,0.9978027343750002,0.003920682738449687,0.004227015440118468,-0.0039049234436999464
T-L,SA,mc_learned_baseline,False,48,271,192952,69376,69376,0,0,54200,96476,385904,262144,1.0500000000000003,1.05,1.04995572936447,0.0,0.0,public_state_tabular_independent_mc,1,0.0002659537321061555,10.546928599942476,True,accepted_return_check_disabled,0.1,1,0.0,-2.594921498117438e-32,100,5.0,2.465190328815662e-32,5.434155923761031e-10,1.0,1.0031070657600025e-05,7.184739649237224e-28,-8.327407731447397e-17
T-L,SA,mc_learned_baseline,False,48,272,193664,69632,69632,0,0,54400,96832,387328,262144,1.0500000000000003,1.05,1.04995572936447,0.0,0.0,public_state_tabular_independent_mc,1,0.0002659537321061555,10.582795599941164,True,accepted_return_check_disabled,0.1,1,0.0,-2.594921498117438e-32,100,5.0,2.465190328815662e-32,5.434155923761031e-10,1.0,1.0031070657600025e-05,7.184739649237224e-28,-8.327407731447397e-17
T-L,SA,mc_learned_baseline,False,48,273,194376,69888,69888,0,0,54600,97188,388752,262144,1.0500000000000003,1.05,1.04995572936447,0.0,0.0,public_state_tabular_independent_mc,1,0.0002659537321061555,10.624363699927926,True,accepted_return_check_disabled,0.1,1,0.0,-2.594921498117438e-32,100,5.0,2.465190328815662e-32,5.434155923761031e-10,1.0,1.0031070657600025e-05,7.184739649237224e-28,-8.327407731447397e-17
T-L,SA,mc_learned_baseline,False,48,274,195088,70144,70144,0,0,54800,97544,390176,262144,1.0500000000000003,1.05,1.04995572936447,0.0,0.0,public_state_tabular_independent_mc,1,0.0002659537321061555,10.659213999984786,True,accepted_return_check_disabled,0.1,1,0.0,-2.594921498117438e-32,100,5.0,2.465190328815662e-32,5.434155923761031e-10,1.0,1.0031070657600025e-05,7.184739649237224e-28,-8.327407731447397e-17
T-L,SA,mc_learned_baseline,False,48,275,195800,70400,70400,0,0,55000,97900,391600,262144,1.0500000000000003,1.05,1.04995572936447,0.0,0.0,public_state_tabular_independent_mc,1,0.0002659537321061555,10.696896999957971,True,accepted_return_check_disabled,0.1,1,0.0,-2.594921498117438e-32,100,5.0,2.465190328815662e-32,5.434155923761031e-10,1.0,1.0031070657600025e-05,7.184739649237224e-28,-8.327407731447397e-17
T-L,SA,mc_learned_baseline,False,48,276,196512,70656,70656,0,0,55200,98256,393024,262144,1.0500000000000003,1.05,1.04995572936447,0.0,0.0,public_state_tabular_independent_mc,1,0.0002659537321061555,10.734092999948189,True,accepted_return_check_disabled,0.1,1,0.0,-2.594921498117438e-32,100,5.0,2.465190328815662e-32,5.434155923761031e-10,1.0,1.0031070657600025e-05,7.184739649237224e-28,-8.327407731447397e-17
T-L,SA,mc_learned_baseline,False,48,277,197224,70912,70912,0,0,55400,98612,394448,262144,1.0500000000000003,1.05,1.04995572936447,0.0,0.0,public_state_tabular_independent_mc,1,0.0002659537321061555,10.770001699915156,True,accepted_return_check_disabled,0.1,1,0.0,-2.594921498117438e-32,100,5.0,2.465190328815662e-32,5.434155923761031e-10,1.0,1.0031070657600025e-05,7.184739649237224e-28,-8.327407731447397e-17
T-L,SA,mc_learned_baseline,False,48,278,197936,71168,71168,0,0,55600,98968,395872,262144,1.0500000000000003,1.05,1.04995572936447,0.0,0.0,public_state_tabular_independent_mc,1,0.0002659537321061555,10.805388599983416,True,accepted_return_check_disabled,0.1,1,0.0,-2.594921498117438e-32,100,5.0,2.465190328815662e-32,5.434155923761031e-10,1.0,1.0031070657600025e-05,7.184739649237224e-28,-8.327407731447397e-17
T-L,SA,mc_learned_baseline,False,48,279,198648,71424,71424,0,0,55800,99324,397296,262144,1.0500000000000003,1.05,1.04995572936447,0.0,0.0,public_state_tabular_independent_mc,1,0.0002659537321061555,10.840990499942563,True,accepted_return_check_disabled,0.1,1,0.0,-2.594921498117438e-32,100,5.0,2.465190328815662e-32,5.434155923761031e-10,1.0,1.0031070657600025e-05,7.184739649237224e-28,-8.327407731447397e-17
T-L,SA,mc_learned_baseline,False,48,280,199360,71680,71680,0,0,56000,99680,398720,262144,1.0500000000000003,1.05,1.04995572936447,0.0,0.0,public_state_tabular_independent_mc,1,0.0002659537321061555,10.878003599937074,True,accepted_return_check_disabled,0.1,1,0.0,-2.594921498117438e-32,100,5.0,2.465190328815662e-32,5.434155923761031e-10,1.0,1.0031070657600025e-05,7.184739649237224e-28,-8.327407731447397e-17
T-L,SA,mc_learned_baseline,False,48,281,200072,71936,71936,0,0,56200,100036,400144,262144,1.0500000000000003,1.05,1.04995572936447,0.0,0.0,public_state_tabular_independent_mc,1,0.0002659537321061555,10.918231799965724,True,accepted_return_check_disabled,0.1,1,0.0,-2.594921498117438e-32,100,5.0,2.465190328815662e-32,5.434155923761031e-10,1.0,1.0031070657600025e-05,7.184739649237224e-28,-8.327407731447397e-17
T-L,SA,mc_learned_baseline,False,48,282,200784,72192,72192,0,0,56400,100392,401568,262144,1.0500000000000003,1.05,1.04995572936447,0.0,0.0,public_state_tabular_independent_mc,1,0.0002659537321061555,10.960154099971987,True,accepted_return_check_disabled,0.1,1,0.0,-2.594921498117438e-32,100,5.0,2.465190328815662e-32,5.434155923761031e-10,1.0,1.0031070657600025e-05,7.184739649237224e-28,-8.327407731447397e-17
T-L,SA,mc_learned_baseline,False,48,283,201496,72448,72448,0,0,56600,100748,402992,262144,1.0500000000000003,1.05,1.04995572936447,0.0,0.0,public_state_tabular_independent_mc,1,0.0002659537321061555,10.997683999943547,True,accepted_return_check_disabled,0.1,1,0.0,-2.594921498117438e-32,100,5.0,2.465190328815662e-32,5.434155923761031e-10,1.0,1.0031070657600025e-05,7.184739649237224e-28,-8.327407731447397e-17
T-L,SA,mc_learned_baseline,False,48,284,202208,72704,72704,0,0,56800,101104,404416,262144,1.0500000000000003,1.05,1.04995572936447,0.0,0.0,public_state_tabular_independent_mc,1,0.0002659537321061555,11.035022699972615,True,accepted_return_check_disabled,0.1,1,0.0,-2.594921498117438e-32,100,5.0,2.465190328815662e-32,5.434155923761031e-10,1.0,1.0031070657600025e-05,7.184739649237224e-28,-8.327407731447397e-17
T-L,SA,mc_learned_baseline,False,48,285,202920,72960,72960,0,0,57000,101460,405840,262144,1.0500000000000003,1.05,1.04995572936447,0.0,0.0,public_state_tabular_independent_mc,1,0.0002659537321061555,11.075735099962912,True,accepted_return_check_disabled,0.1,1,0.0,-2.594921498117438e-32,100,5.0,2.465190328815662e-32,5.434155923761031e-10,1.0,1.0031070657600025e-05,7.184739649237224e-28,-8.327407731447397e-17
T-L,SA,mc_learned_baseline,False,48,286,203632,73216,73216,0,0,57200,101816,407264,262144,1.0500000000000003,1.05,1.04995572936447,0.0,0.0,public_state_tabular_independent_mc,1,0.0002659537321061555,11.11105339997448,True,accepted_return_check_disabled,0.1,1,0.0,-2.594921498117438e-32,100,5.0,2.465190328815662e-32,5.434155923761031e-10,1.0,1.0031070657600025e-05,7.184739649237224e-28,-8.327407731447397e-17
T-L,SA,mc_learned_baseline,False,48,287,204344,73472,73472,0,0,57400,102172,408688,262144,1.0500000000000003,1.05,1.04995572936447,0.0,0.0,public_state_tabular_independent_mc,1,0.0002659537321061555,11.150249199941754,True,accepted_return_check_disabled,0.1,1,0.0,-2.594921498117438e-32,100,5.0,2.465190328815662e-32,5.434155923761031e-10,1.0,1.0031070657600025e-05,7.184739649237224e-28,-8.327407731447397e-17
T-L,SA,mc_learned_baseline,False,48,288,205056,73728,73728,0,0,57600,102528,410112,262144,1.0500000000000003,1.05,1.04995572936447,0.0,0.0,public_state_tabular_independent_mc,1,0.0002659537321061555,11.186760199954733,True,accepted_return_check_disabled,0.1,1,0.0,-2.594921498117438e-32,100,5.0,2.465190328815662e-32,5.434155923761031e-10,1.0,1.0031070657600025e-05,7.184739649237224e-28,-8.327407731447397e-17
T-L,SA,mc_learned_baseline,False,48,289,205768,73984,73984,0,0,57800,102884,411536,262144,1.0500000000000003,1.05,1.04995572936447,0.0,0.0,public_state_tabular_independent_mc,1,0.0002659537321061555,11.222526700003073,True,accepted_return_check_disabled,0.1,1,0.0,-2.594921498117438e-32,100,5.0,2.465190328815662e-32,5.434155923761031e-10,1.0,1.0031070657600025e-05,7.184739649237224e-28,-8.327407731447397e-17
T-L,SA,mc_learned_baseline,False,48,290,206480,74240,74240,0,0,58000,103240,412960,262144,1.0500000000000003,1.05,1.04995572936447,0.0,0.0,public_state_tabular_independent_mc,1,0.0002659537321061555,11.259360799915157,True,accepted_return_check_disabled,0.1,1,0.0,-2.594921498117438e-32,100,5.0,2.465190328815662e-32,5.434155923761031e-10,1.0,1.0031070657600025e-05,7.184739649237224e-28,-8.327407731447397e-17
T-L,SA,mc_learned_baseline,False,48,291,207192,74496,74496,0,0,58200,103596,414384,262144,1.0500000000000003,1.05,1.04995572936447,0.0,0.0,public_state_tabular_independent_mc,1,0.0002659537321061555,11.295031699934043,True,accepted_return_check_disabled,0.1,1,0.0,-2.594921498117438e-32,100,5.0,2.465190328815662e-32,5.434155923761031e-10,1.0,1.0031070657600025e-05,7.184739649237224e-28,-8.327407731447397e-17
T-L,SA,mc_learned_baseline,False,48,292,207904,74752,74752,0,0,58400,103952,415808,262144,1.0500000000000003,1.05,1.04995572936447,0.0,0.0,public_state_tabular_independent_mc,1,0.0002659537321061555,11.339257199899293,True,accepted_return_check_disabled,0.1,1,0.0,-2.594921498117438e-32,100,5.0,2.465190328815662e-32,5.434155923761031e-10,1.0,1.0031070657600025e-05,7.184739649237224e-28,-8.327407731447397e-17
T-L,SA,mc_learned_baseline,False,48,293,208616,75008,75008,0,0,58600,104308,417232,262144,1.0500000000000003,1.05,1.04995572936447,0.0,0.0,public_state_tabular_independent_mc,1,0.0002659537321061555,11.380565400002524,True,accepted_return_check_disabled,0.1,1,0.0,-2.594921498117438e-32,100,5.0,2.465190328815662e-32,5.434155923761031e-10,1.0,1.0031070657600025e-05,7.184739649237224e-28,-8.327407731447397e-17
T-L,SA,mc_learned_baseline,False,48,294,209328,75264,75264,0,0,58800,104664,418656,262144,1.0500000000000003,1.05,1.04995572936447,0.0,0.0,public_state_tabular_independent_mc,1,0.0002659537321061555,11.41639349993784,True,accepted_return_check_disabled,0.1,1,0.0,-2.594921498117438e-32,100,5.0,2.465190328815662e-32,5.434155923761031e-10,1.0,1.0031070657600025e-05,7.184739649237224e-28,-8.327407731447397e-17
T-L,SA,mc_learned_baseline,False,48,295,210040,75520,75520,0,0,59000,105020,420080,262144,1.0500000000000003,1.05,1.04995572936447,0.0,0.0,public_state_tabular_independent_mc,1,0.0002659537321061555,11.454088200000115,True,accepted_return_check_disabled,0.1,1,0.0,-2.594921498117438e-32,100,5.0,2.465190328815662e-32,5.434155923761031e-10,1.0,1.0031070657600025e-05,7.184739649237224e-28,-8.327407731447397e-17
T-L,SA,mc_learned_baseline,False,48,296,210752,75776,75776,0,0,59200,105376,421504,262144,1.0500000000000003,1.05,1.04995572936447,0.0,0.0,public_state_tabular_independent_mc,1,0.0002659537321061555,11.492720199981704,True,accepted_return_check_disabled,0.1,1,0.0,-2.594921498117438e-32,100,5.0,2.465190328815662e-32,5.434155923761031e-10,1.0,1.0031070657600025e-05,7.184739649237224e-28,-8.327407731447397e-17
T-L,SA,mc_learned_baseline,False,48,297,211464,76032,76032,0,0,59400,105732,422928,262144,1.0500000000000003,1.05,1.04995572936447,0.0,0.0,public_state_tabular_independent_mc,1,0.0002659537321061555,11.531028399942443,True,accepted_return_check_disabled,0.1,1,0.0,-2.594921498117438e-32,100,5.0,2.465190328815662e-32,5.434155923761031e-10,1.0,1.0031070657600025e-05,7.184739649237224e-28,-8.327407731447397e-17
T-L,SA,mc_learned_baseline,False,48,298,212176,76288,76288,0,0,59600,106088,424352,262144,1.0500000000000003,1.05,1.04995572936447,0.0,0.0,public_state_tabular_independent_mc,1,0.0002659537321061555,11.571186499902979,True,accepted_return_check_disabled,0.1,1,0.0,-2.594921498117438e-32,100,5.0,2.465190328815662e-32,5.434155923761031e-10,1.0,1.0031070657600025e-05,7.184739649237224e-28,-8.327407731447397e-17
T-L,SA,mc_learned_baseline,False,48,299,212888,76544,76544,0,0,59800,106444,425776,262144,1.0500000000000003,1.05,1.04995572936447,0.0,0.0,public_state_tabular_independent_mc,1,0.0002659537321061555,11.606441799900495,True,accepted_return_check_disabled,0.1,1,0.0,-2.594921498117438e-32,100,5.0,2.465190328815662e-32,5.434155923761031e-10,1.0,1.0031070657600025e-05,7.184739649237224e-28,-8.327407731447397e-17
T-L,SA,mc_learned_baseline,False,48,300,213600,76800,76800,0,0,60000,106800,427200,262144,1.0500000000000003,1.05,1.04995572936447,0.0,0.0,public_state_tabular_independent_mc,1,0.0002659537321061555,11.643072000006214,True,accepted_return_check_disabled,0.1,1,0.0,-2.594921498117438e-32,100,5.0,2.465190328815662e-32,5.434155923761031e-10,1.0,1.0031070657600025e-05,7.184739649237224e-28,-8.327407731447397e-17
T-L,SA,mc_learned_baseline,False,48,301,214312,77056,77056,0,0,60200,107156,428624,262144,1.0500000000000003,1.05,1.04995572936447,0.0,0.0,public_state_tabular_independent_mc,1,0.0002659537321061555,11.679496599943377,True,accepted_return_check_disabled,0.1,1,0.0,-2.594921498117438e-32,100,5.0,2.465190328815662e-32,5.434155923761031e-10,1.0,1.0031070657600025e-05,7.184739649237224e-28,-8.327407731447397e-17
T-L,SA,mc_learned_baseline,False,48,302,215024,77312,77312,0,0,60400,107512,430048,262144,1.0500000000000003,1.05,1.04995572936447,0.0,0.0,public_state_tabular_independent_mc,1,0.0002659537321061555,11.71386239991989,True,accepted_return_check_disabled,0.1,1,0.0,-2.594921498117438e-32,100,5.0,2.465190328815662e-32,5.434155923761031e-10,1.0,1.0031070657600025e-05,7.184739649237224e-28,-8.327407731447397e-17
T-L,SA,mc_learned_baseline,False,48,303,215736,77568,77568,0,0,60600,107868,431472,262144,1.0500000000000003,1.05,1.04995572936447,0.0,0.0,public_state_tabular_independent_mc,1,0.0002659537321061555,11.750604399945587,True,accepted_return_check_disabled,0.1,1,0.0,-2.594921498117438e-32,100,5.0,2.465190328815662e-32,5.434155923761031e-10,1.0,1.0031070657600025e-05,7.184739649237224e-28,-8.327407731447397e-17
T-L,SA,mc_learned_baseline,False,48,304,216448,77824,77824,0,0,60800,108224,432896,262144,1.0500000000000003,1.05,1.04995572936447,0.0,0.0,public_state_tabular_independent_mc,1,0.0002659537321061555,11.799320799997076,True,accepted_return_check_disabled,0.1,1,0.0,-2.594921498117438e-32,100,5.0,2.465190328815662e-32,5.434155923761031e-10,1.0,1.0031070657600025e-05,7.184739649237224e-28,-8.327407731447397e-17
T-L,SA,mc_learned_baseline,False,48,305,217160,78080,78080,0,0,61000,108580,434320,262144,1.0500000000000003,1.05,1.04995572936447,0.0,0.0,public_state_tabular_independent_mc,1,0.0002659537321061555,11.854348999913782,True,accepted_return_check_disabled,0.1,1,0.0,-2.594921498117438e-32,100,5.0,2.465190328815662e-32,5.434155923761031e-10,1.0,1.0031070657600025e-05,7.184739649237224e-28,-8.327407731447397e-17
T-L,SA,mc_learned_baseline,False,48,306,217872,78336,78336,0,0,61200,108936,435744,262144,1.0500000000000003,1.05,1.04995572936447,0.0,0.0,public_state_tabular_independent_mc,1,0.0002659537321061555,11.896622499916703,True,accepted_return_check_disabled,0.1,1,0.0,-2.594921498117438e-32,100,5.0,2.465190328815662e-32,5.434155923761031e-10,1.0,1.0031070657600025e-05,7.184739649237224e-28,-8.327407731447397e-17
T-L,SA,mc_learned_baseline,False,48,307,218584,78592,78592,0,0,61400,109292,437168,262144,1.0500000000000003,1.05,1.04995572936447,0.0,0.0,public_state_tabular_independent_mc,1,0.0002659537321061555,11.93171239993535,True,accepted_return_check_disabled,0.1,1,0.0,-2.594921498117438e-32,100,5.0,2.465190328815662e-32,5.434155923761031e-10,1.0,1.0031070657600025e-05,7.184739649237224e-28,-8.327407731447397e-17
T-L,SA,mc_learned_baseline,False,48,308,219296,78848,78848,0,0,61600,109648,438592,262144,1.0500000000000003,1.05,1.04995572936447,0.0,0.0,public_state_tabular_independent_mc,1,0.0002659537321061555,11.967029199935496,True,accepted_return_check_disabled,0.1,1,0.0,-2.594921498117438e-32,100,5.0,2.465190328815662e-32,5.434155923761031e-10,1.0,1.0031070657600025e-05,7.184739649237224e-28,-8.327407731447397e-17
T-L,SA,mc_learned_baseline,False,48,309,220008,79104,79104,0,0,61800,110004,440016,262144,1.0500000000000003,1.05,1.04995572936447,0.0,0.0,public_state_tabular_independent_mc,1,0.0002659537321061555,12.001876099966466,True,accepted_return_check_disabled,0.1,1,0.0,-2.594921498117438e-32,100,5.0,2.465190328815662e-32,5.434155923761031e-10,1.0,1.0031070657600025e-05,7.184739649237224e-28,-8.327407731447397e-17
T-L,SA,mc_learned_baseline,False,48,310,220720,79360,79360,0,0,62000,110360,441440,262144,1.0500000000000003,1.05,1.04995572936447,0.0,0.0,public_state_tabular_independent_mc,1,0.0002659537321061555,12.037325299927033,True,accepted_return_check_disabled,0.1,1,0.0,-2.594921498117438e-32,100,5.0,2.465190328815662e-32,5.434155923761031e-10,1.0,1.0031070657600025e-05,7.184739649237224e-28,-8.327407731447397e-17
T-L,SA,mc_learned_baseline,False,48,311,221432,79616,79616,0,0,62200,110716,442864,262144,1.0500000000000003,1.05,1.04995572936447,0.0,0.0,public_state_tabular_independent_mc,1,0.0002659537321061555,12.073881099931896,True,accepted_return_check_disabled,0.1,1,0.0,-2.594921498117438e-32,100,5.0,2.465190328815662e-32,5.434155923761031e-10,1.0,1.0031070657600025e-05,7.184739649237224e-28,-8.327407731447397e-17
T-L,SA,mc_learned_baseline,False,48,312,222144,79872,79872,0,0,62400,111072,444288,262144,1.0500000000000003,1.05,1.04995572936447,0.0,0.0,public_state_tabular_independent_mc,1,0.0002659537321061555,12.108334899996407,True,accepted_return_check_disabled,0.1,1,0.0,-2.594921498117438e-32,100,5.0,2.465190328815662e-32,5.434155923761031e-10,1.0,1.0031070657600025e-05,7.184739649237224e-28,-8.327407731447397e-17
T-L,SA,mc_learned_baseline,False,48,313,222856,80128,80128,0,0,62600,111428,445712,262144,1.0500000000000003,1.05,1.04995572936447,0.0,0.0,public_state_tabular_independent_mc,1,0.0002659537321061555,12.143998299958184,True,accepted_return_check_disabled,0.1,1,0.0,-2.594921498117438e-32,100,5.0,2.465190328815662e-32,5.434155923761031e-10,1.0,1.0031070657600025e-05,7.184739649237224e-28,-8.327407731447397e-17
T-L,SA,mc_learned_baseline,False,48,314,223568,80384,80384,0,0,62800,111784,447136,262144,1.0500000000000003,1.05,1.04995572936447,0.0,0.0,public_state_tabular_independent_mc,1,0.0002659537321061555,12.180962599930353,True,accepted_return_check_disabled,0.1,1,0.0,-2.594921498117438e-32,100,5.0,2.465190328815662e-32,5.434155923761031e-10,1.0,1.0031070657600025e-05,7.184739649237224e-28,-8.327407731447397e-17
T-L,SA,mc_learned_baseline,False,48,315,224280,80640,80640,0,0,63000,112140,448560,262144,1.0500000000000003,1.05,1.04995572936447,0.0,0.0,public_state_tabular_independent_mc,1,0.0002659537321061555,12.218994099996053,True,accepted_return_check_disabled,0.1,1,0.0,-2.594921498117438e-32,100,5.0,2.465190328815662e-32,5.434155923761031e-10,1.0,1.0031070657600025e-05,7.184739649237224e-28,-8.327407731447397e-17
T-L,SA,mc_learned_baseline,False,48,316,224992,80896,80896,0,0,63200,112496,449984,262144,1.0500000000000003,1.05,1.04995572936447,0.0,0.0,public_state_tabular_independent_mc,1,0.0002659537321061555,12.256885599927045,True,accepted_return_check_disabled,0.1,1,0.0,-2.594921498117438e-32,100,5.0,2.465190328815662e-32,5.434155923761031e-10,1.0,1.0031070657600025e-05,7.184739649237224e-28,-8.327407731447397e-17
T-L,SA,mc_learned_baseline,False,48,317,225704,81152,81152,0,0,63400,112852,451408,262144,1.0500000000000003,1.05,1.04995572936447,0.0,0.0,public_state_tabular_independent_mc,1,0.0002659537321061555,12.291563299950212,True,accepted_return_check_disabled,0.1,1,0.0,-2.594921498117438e-32,100,5.0,2.465190328815662e-32,5.434155923761031e-10,1.0,1.0031070657600025e-05,7.184739649237224e-28,-8.327407731447397e-17
T-L,SA,mc_learned_baseline,False,48,318,226416,81408,81408,0,0,63600,113208,452832,262144,1.0500000000000003,1.05,1.04995572936447,0.0,0.0,public_state_tabular_independent_mc,1,0.0002659537321061555,12.331071899970993,True,accepted_return_check_disabled,0.1,1,0.0,-2.594921498117438e-32,100,5.0,2.465190328815662e-32,5.434155923761031e-10,1.0,1.0031070657600025e-05,7.184739649237224e-28,-8.327407731447397e-17
T-L,SA,mc_learned_baseline,False,48,319,227128,81664,81664,0,0,63800,113564,454256,262144,1.0500000000000003,1.05,1.04995572936447,0.0,0.0,public_state_tabular_independent_mc,1,0.0002659537321061555,12.372437199926935,True,accepted_return_check_disabled,0.1,1,0.0,-2.594921498117438e-32,100,5.0,2.465190328815662e-32,5.434155923761031e-10,1.0,1.0031070657600025e-05,7.184739649237224e-28,-8.327407731447397e-17
T-L,SA,mc_learned_baseline,False,48,320,227840,81920,81920,0,0,64000,113920,455680,262144,1.0500000000000003,1.05,1.04995572936447,0.0,0.0,public_state_tabular_independent_mc,1,0.0002659537321061555,12.408075699931942,True,accepted_return_check_disabled,0.1,1,0.0,-2.594921498117438e-32,100,5.0,2.465190328815662e-32,5.434155923761031e-10,1.0,1.0031070657600025e-05,7.184739649237224e-28,-8.327407731447397e-17
T-L,SA,mc_learned_baseline,False,48,321,228552,82176,82176,0,0,64200,114276,457104,262144,1.0500000000000003,1.05,1.04995572936447,0.0,0.0,public_state_tabular_independent_mc,1,0.0002659537321061555,12.445243499940261,True,accepted_return_check_disabled,0.1,1,0.0,-2.594921498117438e-32,100,5.0,2.465190328815662e-32,5.434155923761031e-10,1.0,1.0031070657600025e-05,7.184739649237224e-28,-8.327407731447397e-17
T-L,SA,mc_learned_baseline,False,48,322,229264,82432,82432,0,0,64400,114632,458528,262144,1.0500000000000003,1.05,1.04995572936447,0.0,0.0,public_state_tabular_independent_mc,1,0.0002659537321061555,12.542128199944273,True,accepted_return_check_disabled,0.1,1,0.0,-2.594921498117438e-32,100,5.0,2.465190328815662e-32,5.434155923761031e-10,1.0,1.0031070657600025e-05,7.184739649237224e-28,-8.327407731447397e-17
T-L,SA,mc_learned_baseline,False,48,323,229976,82688,82688,0,0,64600,114988,459952,262144,1.0500000000000003,1.05,1.04995572936447,0.0,0.0,public_state_tabular_independent_mc,1,0.0002659537321061555,12.584211799898185,True,accepted_return_check_disabled,0.1,1,0.0,-2.594921498117438e-32,100,5.0,2.465190328815662e-32,5.434155923761031e-10,1.0,1.0031070657600025e-05,7.184739649237224e-28,-8.327407731447397e-17
T-L,SA,mc_learned_baseline,False,48,324,230688,82944,82944,0,0,64800,115344,461376,262144,1.0500000000000003,1.05,1.04995572936447,0.0,0.0,public_state_tabular_independent_mc,1,0.0002659537321061555,12.61938889999874,True,accepted_return_check_disabled,0.1,1,0.0,-2.594921498117438e-32,100,5.0,2.465190328815662e-32,5.434155923761031e-10,1.0,1.0031070657600025e-05,7.184739649237224e-28,-8.327407731447397e-17
T-L,SA,mc_learned_baseline,False,48,325,231400,83200,83200,0,0,65000,115700,462800,262144,1.0500000000000003,1.05,1.04995572936447,0.0,0.0,public_state_tabular_independent_mc,1,0.0002659537321061555,12.6563619999215,True,accepted_return_check_disabled,0.1,1,0.0,-2.594921498117438e-32,100,5.0,2.465190328815662e-32,5.434155923761031e-10,1.0,1.0031070657600025e-05,7.184739649237224e-28,-8.327407731447397e-17
T-L,SA,mc_learned_baseline,False,48,326,232112,83456,83456,0,0,65200,116056,464224,262144,1.0500000000000003,1.05,1.04995572936447,0.0,0.0,public_state_tabular_independent_mc,1,0.0002659537321061555,12.696067199925892,True,accepted_return_check_disabled,0.1,1,0.0,-2.594921498117438e-32,100,5.0,2.465190328815662e-32,5.434155923761031e-10,1.0,1.0031070657600025e-05,7.184739649237224e-28,-8.327407731447397e-17
T-L,SA,mc_learned_baseline,False,48,327,232824,83712,83712,0,0,65400,116412,465648,262144,1.0500000000000003,1.05,1.04995572936447,0.0,0.0,public_state_tabular_independent_mc,1,0.0002659537321061555,12.73114229994826,True,accepted_return_check_disabled,0.1,1,0.0,-2.594921498117438e-32,100,5.0,2.465190328815662e-32,5.434155923761031e-10,1.0,1.0031070657600025e-05,7.184739649237224e-28,-8.327407731447397e-17
T-L,SA,mc_learned_baseline,False,48,328,233536,83968,83968,0,0,65600,116768,467072,262144,1.0500000000000003,1.05,1.04995572936447,0.0,0.0,public_state_tabular_independent_mc,1,0.0002659537321061555,12.77490889991168,True,accepted_return_check_disabled,0.1,1,0.0,-2.594921498117438e-32,100,5.0,2.465190328815662e-32,5.434155923761031e-10,1.0,1.0031070657600025e-05,7.184739649237224e-28,-8.327407731447397e-17
T-L,SA,mc_learned_baseline,False,48,329,234248,84224,84224,0,0,65800,117124,468496,262144,1.0500000000000003,1.05,1.04995572936447,0.0,0.0,public_state_tabular_independent_mc,1,0.0002659537321061555,12.814791499986313,True,accepted_return_check_disabled,0.1,1,0.0,-2.594921498117438e-32,100,5.0,2.465190328815662e-32,5.434155923761031e-10,1.0,1.0031070657600025e-05,7.184739649237224e-28,-8.327407731447397e-17
T-L,SA,mc_learned_baseline,False,48,330,234960,84480,84480,0,0,66000,117480,469920,262144,1.0500000000000003,1.05,1.04995572936447,0.0,0.0,public_state_tabular_independent_mc,1,0.0002659537321061555,12.852642599958926,True,accepted_return_check_disabled,0.1,1,0.0,-2.594921498117438e-32,100,5.0,2.465190328815662e-32,5.434155923761031e-10,1.0,1.0031070657600025e-05,7.184739649237224e-28,-8.327407731447397e-17
T-L,SA,mc_learned_baseline,False,48,331,235672,84736,84736,0,0,66200,117836,471344,262144,1.0500000000000003,1.05,1.04995572936447,0.0,0.0,public_state_tabular_independent_mc,1,0.0002659537321061555,12.890735699911602,True,accepted_return_check_disabled,0.1,1,0.0,-2.594921498117438e-32,100,5.0,2.465190328815662e-32,5.434155923761031e-10,1.0,1.0031070657600025e-05,7.184739649237224e-28,-8.327407731447397e-17
T-L,SA,mc_learned_baseline,False,48,332,236384,84992,84992,0,0,66400,118192,472768,262144,1.0500000000000003,1.05,1.04995572936447,0.0,0.0,public_state_tabular_independent_mc,1,0.0002659537321061555,12.930994599941187,True,accepted_return_check_disabled,0.1,1,0.0,-2.594921498117438e-32,100,5.0,2.465190328815662e-32,5.434155923761031e-10,1.0,1.0031070657600025e-05,7.184739649237224e-28,-8.327407731447397e-17
T-L,SA,mc_learned_baseline,False,48,333,237096,85248,85248,0,0,66600,118548,474192,262144,1.0500000000000003,1.05,1.04995572936447,0.0,0.0,public_state_tabular_independent_mc,1,0.0002659537321061555,12.966637099976651,True,accepted_return_check_disabled,0.1,1,0.0,-2.594921498117438e-32,100,5.0,2.465190328815662e-32,5.434155923761031e-10,1.0,1.0031070657600025e-05,7.184739649237224e-28,-8.327407731447397e-17
T-L,SA,mc_learned_baseline,False,48,334,237808,85504,85504,0,0,66800,118904,475616,262144,1.0500000000000003,1.05,1.04995572936447,0.0,0.0,public_state_tabular_independent_mc,1,0.0002659537321061555,13.00274519994855,True,accepted_return_check_disabled,0.1,1,0.0,-2.594921498117438e-32,100,5.0,2.465190328815662e-32,5.434155923761031e-10,1.0,1.0031070657600025e-05,7.184739649237224e-28,-8.327407731447397e-17
T-L,SA,mc_learned_baseline,False,48,335,238520,85760,85760,0,0,67000,119260,477040,262144,1.0500000000000003,1.05,1.04995572936447,0.0,0.0,public_state_tabular_independent_mc,1,0.0002659537321061555,13.03887459996622,True,accepted_return_check_disabled,0.1,1,0.0,-2.594921498117438e-32,100,5.0,2.465190328815662e-32,5.434155923761031e-10,1.0,1.0031070657600025e-05,7.184739649237224e-28,-8.327407731447397e-17
T-L,SA,mc_learned_baseline,False,48,336,239232,86016,86016,0,0,67200,119616,478464,262144,1.0500000000000003,1.05,1.04995572936447,0.0,0.0,public_state_tabular_independent_mc,1,0.0002659537321061555,13.075075799948536,True,accepted_return_check_disabled,0.1,1,0.0,-2.594921498117438e-32,100,5.0,2.465190328815662e-32,5.434155923761031e-10,1.0,1.0031070657600025e-05,7.184739649237224e-28,-8.327407731447397e-17
T-L,SA,mc_learned_baseline,False,48,337,239944,86272,86272,0,0,67400,119972,479888,262144,1.0500000000000003,1.05,1.04995572936447,0.0,0.0,public_state_tabular_independent_mc,1,0.0002659537321061555,13.110013099969365,True,accepted_return_check_disabled,0.1,1,0.0,-2.594921498117438e-32,100,5.0,2.465190328815662e-32,5.434155923761031e-10,1.0,1.0031070657600025e-05,7.184739649237224e-28,-8.327407731447397e-17
T-L,SA,mc_learned_baseline,False,48,338,240656,86528,86528,0,0,67600,120328,481312,262144,1.0500000000000003,1.05,1.04995572936447,0.0,0.0,public_state_tabular_independent_mc,1,0.0002659537321061555,13.144174099899828,True,accepted_return_check_disabled,0.1,1,0.0,-2.594921498117438e-32,100,5.0,2.465190328815662e-32,5.434155923761031e-10,1.0,1.0031070657600025e-05,7.184739649237224e-28,-8.327407731447397e-17
T-L,SA,mc_learned_baseline,False,48,339,241368,86784,86784,0,0,67800,120684,482736,262144,1.0500000000000003,1.05,1.04995572936447,0.0,0.0,public_state_tabular_independent_mc,1,0.0002659537321061555,13.180144399986602,True,accepted_return_check_disabled,0.1,1,0.0,-2.594921498117438e-32,100,5.0,2.465190328815662e-32,5.434155923761031e-10,1.0,1.0031070657600025e-05,7.184739649237224e-28,-8.327407731447397e-17
T-L,SA,mc_learned_baseline,False,48,340,242080,87040,87040,0,0,68000,121040,484160,262144,1.0500000000000003,1.05,1.04995572936447,0.0,0.0,public_state_tabular_independent_mc,1,0.0002659537321061555,13.216118699987419,True,accepted_return_check_disabled,0.1,1,0.0,-2.594921498117438e-32,100,5.0,2.465190328815662e-32,5.434155923761031e-10,1.0,1.0031070657600025e-05,7.184739649237224e-28,-8.327407731447397e-17
T-L,SA,mc_learned_baseline,False,48,341,242792,87296,87296,0,0,68200,121396,485584,262144,1.0500000000000003,1.05,1.04995572936447,0.0,0.0,public_state_tabular_independent_mc,1,0.0002659537321061555,13.252136999974027,True,accepted_return_check_disabled,0.1,1,0.0,-2.594921498117438e-32,100,5.0,2.465190328815662e-32,5.434155923761031e-10,1.0,1.0031070657600025e-05,7.184739649237224e-28,-8.327407731447397e-17
T-L,SA,mc_learned_baseline,False,48,342,243504,87552,87552,0,0,68400,121752,487008,262144,1.0500000000000003,1.05,1.04995572936447,0.0,0.0,public_state_tabular_independent_mc,1,0.0002659537321061555,13.288441699929535,True,accepted_return_check_disabled,0.1,1,0.0,-2.594921498117438e-32,100,5.0,2.465190328815662e-32,5.434155923761031e-10,1.0,1.0031070657600025e-05,7.184739649237224e-28,-8.327407731447397e-17
T-L,SA,mc_learned_baseline,False,48,343,244216,87808,87808,0,0,68600,122108,488432,262144,1.0500000000000003,1.05,1.04995572936447,0.0,0.0,public_state_tabular_independent_mc,1,0.0002659537321061555,13.328031099983491,True,accepted_return_check_disabled,0.1,1,0.0,-2.594921498117438e-32,100,5.0,2.465190328815662e-32,5.434155923761031e-10,1.0,1.0031070657600025e-05,7.184739649237224e-28,-8.327407731447397e-17
T-L,SA,mc_learned_baseline,False,48,344,244928,88064,88064,0,0,68800,122464,489856,262144,1.0500000000000003,1.05,1.04995572936447,0.0,0.0,public_state_tabular_independent_mc,1,0.0002659537321061555,13.368876799941063,True,accepted_return_check_disabled,0.1,1,0.0,-2.594921498117438e-32,100,5.0,2.465190328815662e-32,5.434155923761031e-10,1.0,1.0031070657600025e-05,7.184739649237224e-28,-8.327407731447397e-17
T-L,SA,mc_learned_baseline,False,48,345,245640,88320,88320,0,0,69000,122820,491280,262144,1.0500000000000003,1.05,1.04995572936447,0.0,0.0,public_state_tabular_independent_mc,1,0.0002659537321061555,13.406201499979943,True,accepted_return_check_disabled,0.1,1,0.0,-2.594921498117438e-32,100,5.0,2.465190328815662e-32,5.434155923761031e-10,1.0,1.0031070657600025e-05,7.184739649237224e-28,-8.327407731447397e-17
T-L,SA,mc_learned_baseline,False,48,346,246352,88576,88576,0,0,69200,123176,492704,262144,1.0500000000000003,1.05,1.04995572936447,0.0,0.0,public_state_tabular_independent_mc,1,0.0002659537321061555,13.440372499986552,True,accepted_return_check_disabled,0.1,1,0.0,-2.594921498117438e-32,100,5.0,2.465190328815662e-32,5.434155923761031e-10,1.0,1.0031070657600025e-05,7.184739649237224e-28,-8.327407731447397e-17
T-L,SA,mc_learned_baseline,False,48,347,247064,88832,88832,0,0,69400,123532,494128,262144,1.0500000000000003,1.05,1.04995572936447,0.0,0.0,public_state_tabular_independent_mc,1,0.0002659537321061555,13.478042699978687,True,accepted_return_check_disabled,0.1,1,0.0,-2.594921498117438e-32,100,5.0,2.465190328815662e-32,5.434155923761031e-10,1.0,1.0031070657600025e-05,7.184739649237224e-28,-8.327407731447397e-17
T-L,SA,mc_learned_baseline,False,48,348,247776,89088,89088,0,0,69600,123888,495552,262144,1.0500000000000003,1.05,1.04995572936447,0.0,0.0,public_state_tabular_independent_mc,1,0.0002659537321061555,13.51363429997582,True,accepted_return_check_disabled,0.1,1,0.0,-2.594921498117438e-32,100,5.0,2.465190328815662e-32,5.434155923761031e-10,1.0,1.0031070657600025e-05,7.184739649237224e-28,-8.327407731447397e-17
T-L,SA,mc_learned_baseline,False,48,349,248488,89344,89344,0,0,69800,124244,496976,262144,1.0500000000000003,1.05,1.04995572936447,0.0,0.0,public_state_tabular_independent_mc,1,0.0002659537321061555,13.549947299994528,True,accepted_return_check_disabled,0.1,1,0.0,-2.594921498117438e-32,100,5.0,2.465190328815662e-32,5.434155923761031e-10,1.0,1.0031070657600025e-05,7.184739649237224e-28,-8.327407731447397e-17
T-L,SA,mc_learned_baseline,False,48,350,249200,89600,89600,0,0,70000,124600,498400,262144,1.0500000000000003,1.05,1.04995572936447,0.0,0.0,public_state_tabular_independent_mc,1,0.0002659537321061555,13.586256899987347,True,accepted_return_check_disabled,0.1,1,0.0,-2.594921498117438e-32,100,5.0,2.465190328815662e-32,5.434155923761031e-10,1.0,1.0031070657600025e-05,7.184739649237224e-28,-8.327407731447397e-17
T-L,SA,mc_learned_baseline,False,48,351,249912,89856,89856,0,0,70200,124956,499824,262144,1.0500000000000003,1.05,1.04995572936447,0.0,0.0,public_state_tabular_independent_mc,1,0.0002659537321061555,13.622536599985324,True,accepted_return_check_disabled,0.1,1,0.0,-2.594921498117438e-32,100,5.0,2.465190328815662e-32,5.434155923761031e-10,1.0,1.0031070657600025e-05,7.184739649237224e-28,-8.327407731447397e-17
T-L,SA,mc_learned_baseline,False,48,352,250624,90112,90112,0,0,70400,125312,501248,262144,1.0500000000000003,1.05,1.0499714854204116,1.575605594172913e-05,6.3556557728704255e-06,public_state_tabular_independent_mc,0,0.00013966229305059332,13.65959539997857,True,accepted_return_check_disabled,0.1,1,8.438703711840761e-12,-7.819063991708791e-07,100,5.0,2.7465820312496886e-06,2.686656463786381e-06,0.9978027343750002,0.0015768928091003463,0.001694758094220647,-0.0015668617384428294
T-L,SA,mc_learned_baseline,False,48,353,251336,90368,90368,0,0,70600,125668,502672,262144,1.0500000000000003,1.05,1.0499714854204116,0.0,0.0,public_state_tabular_independent_mc,1,0.00013966229305059332,13.696165099972859,True,accepted_return_check_disabled,0.1,1,0.0,-2.5948998444572083e-32,100,5.0,2.465190328815662e-32,2.6103443175909006e-10,1.0,7.76404823504361e-06,1.822672278469619e-27,-8.276018664807986e-17
T-L,SA,mc_learned_baseline,False,48,354,252048,90624,90624,0,0,70800,126024,504096,262144,1.0500000000000003,1.05,1.0499714854204116,0.0,0.0,public_state_tabular_independent_mc,1,0.00013966229305059332,13.732625799952075,True,accepted_return_check_disabled,0.1,1,0.0,-2.5948998444572083e-32,100,5.0,2.465190328815662e-32,2.6103443175909006e-10,1.0,7.76404823504361e-06,1.822672278469619e-27,-8.276018664807986e-17
T-L,SA,mc_learned_baseline,False,48,355,252760,90880,90880,0,0,71000,126380,505520,262144,1.0500000000000003,1.05,1.0499714854204116,0.0,0.0,public_state_tabular_independent_mc,1,0.00013966229305059332,13.768426999915391,True,accepted_return_check_disabled,0.1,1,0.0,-2.5948998444572083e-32,100,5.0,2.465190328815662e-32,2.6103443175909006e-10,1.0,7.76404823504361e-06,1.822672278469619e-27,-8.276018664807986e-17
T-L,SA,mc_learned_baseline,False,48,356,253472,91136,91136,0,0,71200,126736,506944,262144,1.0500000000000003,1.05,1.0499714854204116,0.0,0.0,public_state_tabular_independent_mc,1,0.00013966229305059332,13.804280999931507,True,accepted_return_check_disabled,0.1,1,0.0,-2.5948998444572083e-32,100,5.0,2.465190328815662e-32,2.6103443175909006e-10,1.0,7.76404823504361e-06,1.822672278469619e-27,-8.276018664807986e-17
T-L,SA,mc_learned_baseline,False,48,357,254184,91392,91392,0,0,71400,127092,508368,262144,1.0500000000000003,1.05,1.0499714854204116,0.0,0.0,public_state_tabular_independent_mc,1,0.00013966229305059332,13.839866099995561,True,accepted_return_check_disabled,0.1,1,0.0,-2.5948998444572083e-32,100,5.0,2.465190328815662e-32,2.6103443175909006e-10,1.0,7.76404823504361e-06,1.822672278469619e-27,-8.276018664807986e-17
T-L,SA,mc_learned_baseline,False,48,358,254896,91648,91648,0,0,71600,127448,509792,262144,1.0500000000000003,1.05,1.0499714854204116,0.0,0.0,public_state_tabular_independent_mc,1,0.00013966229305059332,13.876603699987754,True,accepted_return_check_disabled,0.1,1,0.0,-2.5948998444572083e-32,100,5.0,2.465190328815662e-32,2.6103443175909006e-10,1.0,7.76404823504361e-06,1.822672278469619e-27,-8.276018664807986e-17
T-L,SA,mc_learned_baseline,False,48,359,255608,91904,91904,0,0,71800,127804,511216,262144,1.0500000000000003,1.05,1.0499714854204116,0.0,0.0,public_state_tabular_independent_mc,1,0.00013966229305059332,13.911379399942234,True,accepted_return_check_disabled,0.1,1,0.0,-2.5948998444572083e-32,100,5.0,2.465190328815662e-32,2.6103443175909006e-10,1.0,7.76404823504361e-06,1.822672278469619e-27,-8.276018664807986e-17
T-L,SA,mc_learned_baseline,False,48,360,256320,92160,92160,0,0,72000,128160,512640,262144,1.0500000000000003,1.05,1.0499714854204116,0.0,0.0,public_state_tabular_independent_mc,1,0.00013966229305059332,13.948530099936761,True,accepted_return_check_disabled,0.1,1,0.0,-2.5948998444572083e-32,100,5.0,2.465190328815662e-32,2.6103443175909006e-10,1.0,7.76404823504361e-06,1.822672278469619e-27,-8.276018664807986e-17
T-L,SA,mc_learned_baseline,False,48,361,257032,92416,92416,0,0,72200,128516,514064,262144,1.0500000000000003,1.05,1.0499714854204116,0.0,0.0,public_state_tabular_independent_mc,1,0.00013966229305059332,13.986471699899994,True,accepted_return_check_disabled,0.1,1,0.0,-2.5948998444572083e-32,100,5.0,2.465190328815662e-32,2.6103443175909006e-10,1.0,7.76404823504361e-06,1.822672278469619e-27,-8.276018664807986e-17
T-L,SA,mc_learned_baseline,False,48,362,257744,92672,92672,0,0,72400,128872,515488,262144,1.0500000000000003,1.05,1.0499714854204116,0.0,0.0,public_state_tabular_independent_mc,1,0.00013966229305059332,14.020709099946544,True,accepted_return_check_disabled,0.1,1,0.0,-2.5948998444572083e-32,100,5.0,2.465190328815662e-32,2.6103443175909006e-10,1.0,7.76404823504361e-06,1.822672278469619e-27,-8.276018664807986e-17
T-L,SA,mc_learned_baseline,False,48,363,258456,92928,92928,0,0,72600,129228,516912,262144,1.0500000000000003,1.05,1.0499714854204116,0.0,0.0,public_state_tabular_independent_mc,1,0.00013966229305059332,14.05647059995681,True,accepted_return_check_disabled,0.1,1,0.0,-2.5948998444572083e-32,100,5.0,2.465190328815662e-32,2.6103443175909006e-10,1.0,7.76404823504361e-06,1.822672278469619e-27,-8.276018664807986e-17
T-L,SA,mc_learned_baseline,False,48,364,259168,93184,93184,0,0,72800,129584,518336,262144,1.0500000000000003,1.05,1.0499714854204116,0.0,0.0,public_state_tabular_independent_mc,1,0.00013966229305059332,14.093168399995193,True,accepted_return_check_disabled,0.1,1,0.0,-2.5948998444572083e-32,100,5.0,2.465190328815662e-32,2.6103443175909006e-10,1.0,7.76404823504361e-06,1.822672278469619e-27,-8.276018664807986e-17
T-L,SA,mc_learned_baseline,False,48,365,259880,93440,93440,0,0,73000,129940,519760,262144,1.0500000000000003,1.05,1.0499714854204116,0.0,0.0,public_state_tabular_independent_mc,1,0.00013966229305059332,14.127172999898903,True,accepted_return_check_disabled,0.1,1,0.0,-2.5948998444572083e-32,100,5.0,2.465190328815662e-32,2.6103443175909006e-10,1.0,7.76404823504361e-06,1.822672278469619e-27,-8.276018664807986e-17
T-L,SA,mc_learned_baseline,False,48,366,260592,93696,93696,0,0,73200,130296,521184,262144,1.0500000000000003,1.05,1.0499714854204116,0.0,0.0,public_state_tabular_independent_mc,1,0.00013966229305059332,14.16420349990949,True,accepted_return_check_disabled,0.1,1,0.0,-2.5948998444572083e-32,100,5.0,2.465190328815662e-32,2.6103443175909006e-10,1.0,7.76404823504361e-06,1.822672278469619e-27,-8.276018664807986e-17
T-L,SA,mc_learned_baseline,False,48,367,261304,93952,93952,0,0,73400,130652,522608,262144,1.0500000000000003,1.05,1.0499714854204116,0.0,0.0,public_state_tabular_independent_mc,1,0.00013966229305059332,14.201672800001688,True,accepted_return_check_disabled,0.1,1,0.0,-2.5948998444572083e-32,100,5.0,2.465190328815662e-32,2.6103443175909006e-10,1.0,7.76404823504361e-06,1.822672278469619e-27,-8.276018664807986e-17
T-L,SA,mc_learned_baseline,False,48,368,262016,94208,94208,0,0,73600,131008,524032,262144,1.0500000000000003,1.05,1.0499714854204116,0.0,0.0,public_state_tabular_independent_mc,1,0.00013966229305059332,14.23660689999815,True,accepted_return_check_disabled,0.1,1,0.0,-2.5948998444572083e-32,100,5.0,2.465190328815662e-32,2.6103443175909006e-10,1.0,7.76404823504361e-06,1.822672278469619e-27,-8.276018664807986e-17
